time,mode,fused_x,fused_y,fused_z,fused_qx,fused_qy,fused_qz,fused_qw,gt_x,gt_y,gt_z,feat_count,aft_x,aft_y,aft_z
1789322044.474086,LIDAR_ONLY,0.453005779275635,0.866998722143598,-1.065407307359718,0.03453660959129331,-0.0667628269682399,0.789860389552739,0.608662889084543,0.7413498583436059,1.1537179824658406,-0.05343561564260059,87,,,
1789322044.5804834,LIDAR_ONLY,0.4549927836593996,0.8671689293389191,-1.0655265727223215,0.03451956853271788,-0.06681606942077103,0.7898437081465811,0.6086796603770593,0.741351039888681,1.1537145797281272,-0.05343551986317378,83,,,
1789322044.6894531,LIDAR_ONLY,0.45317008020194066,0.8681204696135729,-1.066254978570926,0.034523902603569516,-0.06682467703984109,0.7898603490328275,0.6086568751877202,0.7413522590475699,1.1537110686587404,-0.053435421036007166,83,,,
1789322044.798242,LIDAR_ONLY,0.4552166046027633,0.8680147777164268,-1.0664157002776713,0.03461816571352561,-0.06690368151278338,0.7898224871422032,0.6086919736674464,0.7413534433926647,1.1537076578427774,-0.053435325032208006,83,0.21198928111005036,0.9607383552632036,-0.8142567287661803
1789322044.9245977,LIDAR_ONLY,0.45109386759984077,0.8689796764236136,-1.0667558265702766,0.03460769064109793,-0.0668671843820585,0.7898552775078989,0.6086540298020099,0.7413547986140316,1.1537037549086089,-0.05343521517862855,85,0.21363928681577857,0.9606412580697868,-0.8142122386991069
1789322045.0355601,LIDAR_ONLY,0.44916552532850396,0.8690573871633956,-1.0670431349501495,0.03462388612571671,-0.06686326527417834,0.7898571015266782,0.6086511722113932,0.7413558525682415,1.1537007195945141,-0.05343512974676483,82,0.21338687217496688,0.9600811431512961,-0.8143125194301003
1789322045.151128,LIDAR_ONLY,0.4502119208816,0.8679427519693289,-1.0680398604070838,0.034640226168063074,-0.06688958635208024,0.7898477900143365,0.6086594339843439,0.7413571017497004,1.1536971220324914,-0.053435028491382645,78,0.21376323975852893,0.9603036990533856,-0.8142196386844606
1789322045.264342,LIDAR_ONLY,0.45111328288200075,0.8692736887499454,-1.06878864558487,0.03465238215376688,-0.06698433011041391,0.7898321640362713,0.6086685999659496,0.741358291694741,1.153693695060346,-0.05343493203884873,82,0.21337403637005048,0.9605399486852086,-0.8142657188223785
1789322045.376112,LIDAR_ONLY,0.448886388710245,0.8688708953282553,-1.06971781993148,0.03467202450461204,-0.06695968980372798,0.7898336937895949,0.6086682074930682,0.7413595194962799,1.1536901590563902,-0.05343483251912923,84,0.21330217592706863,0.9604340914526741,-0.8142911649656575
1789322045.4876282,LIDAR_ONLY,0.449843528776702,0.8699311556738475,-1.0700088491471735,0.0347362753605345,-0.06697423208408876,0.7898192375545453,0.60868170286249,0.7413607365686558,1.1536866539445767,-0.053434733870382764,84,0.2143707090587831,0.9601013336093609,-0.8144049190362747
1789322045.5924375,LIDAR_ONLY,0.4531444758557761,0.871025771771492,-1.0702727510260825,0.034791062716067564,-0.06709623250728086,0.7897713582296362,0.6087272618000047,0.7413619550588251,1.1536831447423583,-0.053434635108026506,86,0.21231475926953042,0.960444576858742,-0.8143422399808317
1789322045.7011359,LIDAR_ONLY,0.4480946559192644,0.870548974672963,-1.0704338366214,0.03478946657840962,-0.06695758626219891,0.7898077025544427,0.6086954637935155,0.7413631627583536,1.153679666609657,-0.05343453722157,84,0.21399237526529982,0.9603049956835967,-0.8141823331547927
1789322045.812139,LIDAR_ONLY,0.4506892952137221,0.8704351328426512,-1.0715293043241763,0.034834135105575266,-0.06706372681895696,0.7897848321826823,0.6087108988927104,0.7413644085033404,1.1536760789000013,-0.0534344362527872,78,0.21361481570439947,0.9597836330230048,-0.8143664914784806
1789322045.9179592,LIDAR_ONLY,0.44747755280367746,0.8714047718177158,-1.0712705878473467,0.03477768545999614,-0.06701306601646267,0.7898121146004008,0.6086843066874339,0.7413656067780399,1.153672627896398,-0.05343433913278682,86,0.2140548563447209,0.960205467969749,-0.8141859324811894
1789322046.0334425,LIDAR_ONLY,0.4511020330515805,0.8699795975662056,-1.0721414904454891,0.03482641844554208,-0.06709550494336534,0.7897774112235338,0.6087174669053813,0.7413668676469811,1.1536689966154383,-0.05343423694087153,88,0.21363611344508754,0.9607265454945454,-0.8142204734036109
1789322046.1384215,LIDAR_ONLY,0.4473426203916203,0.8705808337356457,-1.0740608838196772,0.03479527345756679,-0.0671294132411585,0.789799726189056,0.6086865559009852,0.7413680564309956,1.1536655729309457,-0.05343414059260531,84,0.21448691658392552,0.9598728456271509,-0.8142776738962938
1789322046.252909,LIDAR_ONLY,0.44932689593635766,0.8721592968525775,-1.0738015801905998,0.03481185931411317,-0.06720047047387338,0.7897853681618929,0.6086963967829675,0.7413692710877664,1.1536620747263393,-0.05343404214865942,83,0.21339460741726732,0.9602818222613204,-0.81423639974576
1789322046.3649364,LIDAR_ONLY,0.4499664469895129,0.873118520805942,-1.0742507523271003,0.0348835237813998,-0.06724028022802891,0.7897685788942268,0.6087096814367604,0.7413705239887186,1.153658466371475,-0.053433940606464336,81,0.2128665868892047,0.9598163637739308,-0.8143558112524292
1789322046.4747033,LIDAR_ONLY,0.44838678479988026,0.8739272389656761,-1.0743965728576932,0.0348642315254952,-0.06732200766107191,0.7897949331470784,0.6086675580477585,0.7413717414314531,1.1536549601292843,-0.05343384193927838,78,0.21429959680208485,0.9600505447858031,-0.8143935536456607
1789322046.5823116,LIDAR_ONLY,0.4487828417543065,0.8731135077675648,-1.0746156658125943,0.034857815312872006,-0.06727490179328272,0.7897894655031988,0.6086802284290903,0.7413729848794639,1.1536513789846692,-0.053433741165794524,83,0.21444711707974567,0.9599738647729196,-0.8143698911268653
1789322046.6942143,LIDAR_ONLY,0.4487554740028266,0.8723476354642439,-1.0744691587883854,0.03481508287153751,-0.06728196339645015,0.7897832117157694,0.6086900080485067,0.7413742174172399,1.1536478292546377,-0.05343364127779543,83,0.2130312182937891,0.960186593144917,-0.8142589644946782
1789322046.8037758,LIDAR_ONLY,0.4481455019884711,0.8727472669656666,-1.0761355400624424,0.03489670398411667,-0.06737476725981915,0.789784635300025,0.6086732215497381,0.7413754636931417,1.1536442399515012,-0.053433540277713076,77,0.21508071298411102,0.9592309544187568,-0.8144185125092664
1789322046.9311638,LIDAR_ONLY,0.44891297225933696,0.8713604545568558,-1.0764367004769602,0.03481997264009771,-0.06737606199517843,0.7897754055049006,0.6086894484340389,0.7413768844457154,1.1536401481429401,-0.053433425139351134,81,0.21287748931184614,0.9599828313820972,-0.814460098268
1789322047.02728,LIDAR_ONLY,0.4456648810898248,0.8723351017110441,-1.077021474583346,0.03488379436239966,-0.06735847708233665,0.7897821994981826,0.6086789250597092,0.7413779481203245,1.1536370847232842,-0.05343333893982347,86,0.21329292218818013,0.9603511694170381,-0.8144046936399304
1789322047.133304,LIDAR_ONLY,0.4455558646255955,0.8715953112142191,-1.0774349824497331,0.03482321464689092,-0.0673410077264888,0.7897962432924163,0.6086661042650757,0.7413791614630572,1.1536335902480463,-0.05343324061242045,78,0.2118204641593369,0.9609560376713081,-0.814362310884018
1789322047.2424717,LIDAR_ONLY,0.444697812297502,0.871142639817255,-1.07857226940944,0.03486018800486464,-0.06734829653601045,0.7897970055137505,0.608662192293456,0.7413804009365184,1.1536300205084753,-0.053433140168668375,85,0.2127189384863683,0.9603635259565633,-0.8143655648448062
1789322047.3521254,LIDAR_ONLY,0.44344831576974303,0.8704516517371441,-1.0786989254868846,0.03486243986221803,-0.0673604624377085,0.7898065816706906,0.6086482908352657,0.7413816417901261,1.153626446787173,-0.05343303961432634,84,0.21383664684091164,0.9599538782282641,-0.8144129437873181
1789322047.4606297,LIDAR_ONLY,0.4432152647365849,0.8713289413789087,-1.078756492894473,0.03485197557650669,-0.06742865270373745,0.7898157824328813,0.6086293998920107,0.7413828715924323,1.153622904887461,-0.05343293995677407,86,0.2127876751352185,0.9599028227599967,-0.8144477435296449
1789322047.5736582,LIDAR_ONLY,0.44273190287831043,0.8719908454637754,-1.0795654901084109,0.034876013344317884,-0.06747301358374552,0.7898040260751534,0.6086383626806752,0.7413841276285,1.1536192874261753,-0.05343283817461726,84,0.21296172259943483,0.9598267818700034,-0.814398598790406
1789322047.6830864,LIDAR_ONLY,0.4411539152110553,0.8742052467229205,-1.0801834362972609,0.0349714320157731,-0.06754403064755761,0.7897984833978124,0.6086322029675751,0.7413853601520433,1.153615737675701,-0.05343273829901583,83,0.21236586215318543,0.9603569934179972,-0.8143661940486207
1789322047.7942688,LIDAR_ONLY,0.4417994555719809,0.8741383604884283,-1.0813316234456773,0.034966149960074265,-0.06763254323168902,0.7897991590907338,0.6086218002606815,0.7413866314300769,1.1536120763027717,-0.05343263528427701,81,0.2130253044895155,0.9603717774408048,-0.8144308997523443
1789322047.902571,LIDAR_ONLY,0.44092603391237256,0.8748051867409732,-1.0822087018365885,0.03497220075544535,-0.06771552769432015,0.7897968428393033,0.6086152310979981,0.7413878791633446,1.1536084827336777,-0.0534325341786773,87,0.21301551255863627,0.9607297759119149,-0.8143154429258077
1789322048.0231586,LIDAR_ONLY,0.43953234704936606,0.8756215818666969,-1.0824220000760858,0.03493667110910942,-0.06769015281878163,0.7898178745001081,0.6085928009295835,0.7413891407607495,1.1536048492279787,-0.05343243195089941,80,0.2132281572409557,0.9604783413024567,-0.8143217167132293
1789322048.131398,LIDAR_ONLY,0.43611443562388236,0.875940809354007,-1.0830611082557828,0.034945901577507425,-0.06772223964730387,0.789832485695939,0.6085697386162598,0.7413903787263307,1.1536012837772827,-0.05343233163923683,82,0.2133847633358933,0.9604608877487928,-0.8143495155746409
1789322048.243774,LIDAR_ONLY,0.43743988850426574,0.8752163278033008,-1.084423592702547,0.03497823911710635,-0.06775495481756787,0.7898119706737808,0.6085908641002875,0.7413916180264697,1.153597714476411,-0.05343223122063891,82,0.21363212244758775,0.9599073732721912,-0.8143860207374053
1789322048.352614,LIDAR_ONLY,0.43572628274499337,0.8756008800419739,-1.0852010300242243,0.035001803989900125,-0.06780918068554137,0.7898105708144963,0.6085852865144603,0.7413928586589424,1.1535941413317836,-0.05343213069528408,79,0.21265696768183115,0.9604034014145095,-0.8143615758653687
1789322048.4675658,LIDAR_ONLY,0.43629231837570254,0.8741052371786112,-1.0861750271049864,0.034973538256273244,-0.06784059393234841,0.7898084267317227,0.608586193156158,0.7413941508297599,1.1535904197447233,-0.053432025995176165,86,0.21474503127350641,0.9595381023179395,-0.8144574943207565
1789322048.5751448,LIDAR_ONLY,0.4356805105399233,0.8751874866664442,-1.0857077437208893,0.035013696265694214,-0.06783994554877458,0.7898244960942029,0.6085631012732301,0.7413953941738469,1.153586838777154,-0.053431925252546315,83,0.2136954134775764,0.9598039261793739,-0.8143345614961172
1789322048.6804018,LIDAR_ONLY,0.43719357383733454,0.876285777894725,-1.0863340258571779,0.03504319400085133,-0.06792360591280672,0.7898077036164398,0.6085738653788433,0.7413966262644864,1.1535832902144048,-0.05343182542290593,78,0.2152177005019763,0.9594067310360478,-0.8143767739831055
1789322048.7995257,LIDAR_ONLY,0.4359437013819396,0.8770098734713777,-1.0864964146803817,0.03505798159058311,-0.06797359321056465,0.7898089302352629,0.6085658405410781,0.7413978847168472,1.1535796658193742,-0.05343172345596134,82,0.21461033713927108,0.9596076443473203,-0.814273114196502
1789322048.914,LIDAR_ONLY,0.4356951328018326,0.8762510717093445,-1.0885051650906226,0.03506268284052229,-0.06803967961193433,0.7897925480088024,0.608579445413739,0.7413991820826461,1.1535759293580665,-0.053431618344788254,88,0.2133232746506624,0.9602364298605703,-0.8142896307592047
1789322049.0210023,LIDAR_ONLY,0.43700331198662584,0.8763817398355802,-1.0883118900808642,0.03505106691101903,-0.06804030417804859,0.7897783669901745,0.6085984478702616,0.7414004049641125,1.1535724074081009,-0.0534315192702065,84,0.21305250236979154,0.9603958520755678,-0.8142349698094957
1789322049.1410959,LIDAR_ONLY,0.43806078770922735,0.8758121395547868,-1.0890438542989196,0.03507790357282425,-0.06806407404869708,0.7897716657792977,0.6086029398852936,0.7414017551422771,1.1535685188316078,-0.053431409883712554,85,0.21224049892280436,0.9602928229238723,-0.8144427430156291
1789322049.2464213,LIDAR_ONLY,0.43852771504480387,0.8760751850425054,-1.0897641414480217,0.035034665377514186,-0.06810659721790172,0.7897737014182594,0.6085980316969373,0.7414029297050999,1.1535651360299004,-0.05343131472598309,82,0.21346062689552014,0.9601241774800114,-0.8144673999701977
1789322049.3663788,LIDAR_ONLY,0.440020995228216,0.877679496055137,-1.090159294959466,0.03510192430511635,-0.06815259141521751,0.789752237530316,0.6086168601914737,0.7414042316956719,1.1535613862235856,-0.05343120924576755,86,0.2125537709651235,0.9603890119208891,-0.8145036632684794
1789322049.478792,LIDAR_ONLY,0.4372763413511492,0.8770154442320034,-1.0910013823303049,0.0351222496642272,-0.06818569963061277,0.7897637847252296,0.6085969949653784,0.7414054842416873,1.1535577788143638,-0.053431107772397346,81,0.21292156721428027,0.960350442712467,-0.8144486173429487
1789322049.5955336,LIDAR_ONLY,0.43565476296205996,0.8788531097810147,-1.0913465897433072,0.03517201820371353,-0.06821674846060197,0.7897655033431482,0.6085884110744176,0.7414067505505073,1.153554131761451,-0.053431005185158816,86,0.21291040150804108,0.9599842027413049,-0.8144260610158817
1789322049.7106738,LIDAR_ONLY,0.43724069695043427,0.8790157051782026,-1.0917324986429844,0.03519531735156529,-0.06824575796758506,0.7897498327138645,0.6086041471140132,0.7414079926144884,1.153550554529467,-0.0534309045631398,84,0.21224557082500395,0.9604950023377682,-0.8143321110605535
1789322049.8190606,LIDAR_ONLY,0.43625778972749574,0.8805151869661875,-1.0930737290578798,0.03520695867744326,-0.06833103146849688,0.7897511639164622,0.6085921781388005,0.7414092865098926,1.1535468280132402,-0.05343079974328587,81,0.21256878059119794,0.9596908290982965,-0.8144511693166583
1789322049.9336069,LIDAR_ONLY,0.4357021682338402,0.8805418856449515,-1.0935528233125502,0.03521222701234364,-0.0683567093213093,0.7897458554954971,0.6085958783029003,0.7414105180511699,1.153543281075856,-0.053430699975872936,86,0.2136914146354506,0.9599661490482656,-0.8143170089068825
1789322050.0403202,LIDAR_ONLY,0.43472726978810833,0.8801602683281327,-1.0940641668504543,0.035239015115437436,-0.06833158139210373,0.7897601956386374,0.6085785406855632,0.741411826912481,1.1535395114444855,-0.05343059394588327,86,0.2124485910832602,0.9602845910102404,-0.8144072841241793
1789322050.1521113,LIDAR_ONLY,0.4341451288321383,0.8803379330415695,-1.0946576497723508,0.035269574385375695,-0.06836387501787185,0.789752657404698,0.6085829260153728,0.7414130987753157,1.1535358483658598,-0.053430490914231694,85,0.2112865686621748,0.9601681366265779,-0.814424572813896
1789322050.2642279,LIDAR_ONLY,0.4343156866140306,0.8814789236161438,-1.0942722625396812,0.0352658103488155,-0.06838273719737527,0.7897631666061982,0.6085673870213443,0.7414143717433643,1.153532182098229,-0.05343038779414524,81,0.21274208868290073,0.9600920067526026,-0.8142897115899986
1789322050.3741517,LIDAR_ONLY,0.4376920210484933,0.8831779238138673,-1.0948380557374457,0.03536054535043631,-0.0684787329572588,0.7897242713092002,0.6086015693951511,0.7414156330686013,1.1535285493572067,-0.05343028561829288,83,0.21172905540690753,0.9603018593325748,-0.8143833701525198
1789322050.48476,LIDAR_ONLY,0.4362520708321826,0.8833097334404737,-1.0959826801668704,0.03530543965937008,-0.06854789404858223,0.7897457336264284,0.6085691319569352,0.741416933744967,1.1535248032750538,-0.05343018025585279,84,0.21294804008396698,0.9606441897413432,-0.8143951066159901
1789322050.5919304,LIDAR_ONLY,0.4344759940642752,0.882396553112648,-1.0971819980587083,0.03539819095854663,-0.06856571642354642,0.7897409348564608,0.6085679636821443,0.7414181844920835,1.1535212009885718,-0.05343007893904289,80,0.21225268780152706,0.9607160500323888,-0.8143875448534842
1789322050.708745,LIDAR_ONLY,0.4352618887581776,0.8828070877538892,-1.0974991307316766,0.03536473782043622,-0.06860878605552621,0.7897351463003848,0.6085725663327164,0.7414195257482402,1.1535173380200998,-0.05342997029170318,76,0.21366545064023248,0.959748073218812,-0.8145061689919314
1789322050.815678,LIDAR_ONLY,0.43469745964732814,0.8834414081299898,-1.0982814361719513,0.035431091755018955,-0.06868936635221419,0.7897272586631504,0.608569852696931,0.74142075309695,1.1535138031122827,-0.05342987087238708,84,0.2132346633120473,0.9598999590787005,-0.814422576572311
1789322050.9299183,LIDAR_ONLY,0.4356498820910927,0.8817008015648844,-1.0985528384355971,0.03536060922503407,-0.06864027034065107,0.7897326102530008,0.6085725469537537,0.7414220710611011,1.1535100072154711,-0.053429764114027854,84,0.21337664988732882,0.9597746176249283,-0.8144300514273531
1789322051.0350213,LIDAR_ONLY,0.4343917220773365,0.8819631974687808,-1.0991077685022004,0.03537796887643114,-0.06857606656085671,0.78974268723997,0.6085656992997636,0.7414233004386471,1.1535064665233516,-0.0534296645637969,80,0.21346238421316735,0.960015136080365,-0.8143534771240766
1789322051.1494317,LIDAR_ONLY,0.4355055693274017,0.8812831029096254,-1.0994704605489973,0.03537965017296113,-0.06864035071178466,0.789734247049617,0.6085693071826547,0.7414245947824859,1.1535027387426469,-0.05342955976761021,84,0.21229608125596822,0.9602113837315034,-0.8143960975461966
1789322051.2576067,LIDAR_ONLY,0.4361600116716545,0.8826039166688198,-1.0998425475090705,0.035440353573236036,-0.06864813903090715,0.7897323546435069,0.6085673523739337,0.7414258516991467,1.1534991191566395,-0.053429458028459886,82,0.21410113865090769,0.9600490908964562,-0.8143908407930861
1789322051.3754041,LIDAR_ONLY,0.4367532091356522,0.8828663183432861,-1.1002688509655167,0.03547867823235775,-0.0687209621385758,0.7897172100055577,0.6085765530930938,0.7414271608610674,1.153495349175012,-0.0534293520675046,85,0.21355222528979753,0.9598128916385993,-0.8145131824515901
1789322051.4828148,LIDAR_ONLY,0.43520048229433417,0.8820917198063329,-1.09990415725124,0.03537590667967674,-0.06860720265889882,0.7897329484001324,0.6085749478750712,0.7414284324226893,1.1534916874644785,-0.05342924915113733,85,0.21218967849054987,0.9601386118127277,-0.8145012103831238
1789322051.5965278,LIDAR_ONLY,0.43847493307125673,0.8845930467137934,-1.1006368886138636,0.03544997793526496,-0.06880105810154107,0.7897106903384299,0.6085776359953579,0.7414297305897548,1.1534879491324472,-0.05342914408232281,83,0.2148599142766883,0.9593383117340031,-0.8145745522159726
1789322051.7046568,LIDAR_ONLY,0.43592526795644354,0.8838926620419383,-1.1005904756665335,0.035488086759864604,-0.06871308238787398,0.7897300268144488,0.6085602622210322,0.741431003948293,1.1534842822357878,-0.053429041022267566,84,0.2150657450893246,0.9590611765945015,-0.8146394510134829
1789322051.820853,LIDAR_ONLY,0.43732084873416743,0.8844957486709322,-1.101341625803765,0.03552975309713927,-0.06880190473841478,0.7897103184172312,0.6085733707077378,0.7414322781941292,1.1534806127782968,-0.0534289378912314,83,0.2140861144879184,0.959046756359793,-0.8146918892546193
1789322051.9341016,LIDAR_ONLY,0.43626755640562803,0.8857152961781902,-1.1013707723543806,0.035534874282628394,-0.06885664978356354,0.7897050639397475,0.6085736984772024,0.7414335790951458,1.1534768665558088,-0.053428832603715316,81,0.2136094196561439,0.9593998598661376,-0.8146834263239825
1789322052.0422356,LIDAR_ONLY,0.43341425310220616,0.8876487742857891,-1.1020428924576178,0.035614175185079595,-0.06882885868801457,0.7897088369964247,0.6085673105806342,0.7414348551290133,1.1534731919378927,-0.05342872932964169,83,0.2128371012065788,0.9599075325122534,-0.8144812350045466
1789322052.1556144,LIDAR_ONLY,0.43637690589670425,0.8894197004480715,-1.1027695572249758,0.03563488300922131,-0.06892048097463702,0.7896867843766359,0.6085843450139286,0.7414361578511213,1.153469440459569,-0.05342862389644357,83,0.21385125967806465,0.9594046653119093,-0.8145659723906915
1789322052.269035,LIDAR_ONLY,0.4370595064493854,0.889314103831043,-1.1033101351872303,0.03563808741575813,-0.06899348965470616,0.7896894725363152,0.6085723967416934,0.7414374614905582,1.1534656863337545,-0.053428518389862026,82,0.2134923727365944,0.9595936375053826,-0.8145794836909028
1789322052.3834698,LIDAR_ONLY,0.43746879774752945,0.891675818321723,-1.104686826616527,0.03567795562783793,-0.06911804276451876,0.7896720728992762,0.6085785051491552,0.7414387402041143,1.153462003982024,-0.0534284149014217,82,0.2140629157527641,0.9589259557650966,-0.8146363821081245
1789322052.4969063,LIDAR_ONLY,0.4355451648428815,0.8926423595357104,-1.1046073543518504,0.035742841016726576,-0.06915224794882566,0.789670328686822,0.6085730752434944,0.7414400715151992,1.1534581701576132,-0.05342830715704673,84,0.21201550894808158,0.959466780044199,-0.8147486670826467
1789322052.6093895,TRANSITION,0.16487927028308969,0.8420382357079523,-1.0010998003031149,0.05142491865988198,-0.06465712257189196,0.7969595872680584,0.5983563741643219,2.7387682481626684e-08,2.1034584241075294e-08,0.1796160225834155,84,0.21242679021514083,0.9589858525891847,-0.8147103791945982
1789322052.727927,LIDAR_ONLY_SAFE,0.1707514550589691,0.8006661766699926,-1.1094987086350308,0.04979807383171457,-0.06414285789976014,0.7985724209437636,0.5963957864800178,2.7387678624352145e-08,2.1034597147417955e-08,0.0625256225834292,17,0.017098733391039934,0.5159683063045459,-0.6652521071224976
1789322052.8353772,LIDAR_ONLY_SAFE,0.1405629965047204,0.8361099811690105,-1.1974073266363858,0.03533214677404966,-0.07309122123099505,0.7969566804010422,0.5985560644980971,-0.001141974266779196,-0.0009113562055538538,-0.0023243643292745753,102,0.0030166016018024103,0.5270962373534732,-0.7578301936941629
1789322052.9505816,LIDAR_ONLY_SAFE,0.14149375214755427,0.8324692884253088,-1.1998045627885205,0.035316270684711715,-0.07322697673287355,0.7969552526166062,0.5985423094738491,-0.00122706238265648,-0.000913775749418283,-0.0023174886038425796,114,-0.01856337509797224,0.5370165143762706,-0.8375471800207908
1789322053.0977378,LIDAR_ONLY_SAFE,0.14135076077674485,0.8338817338398181,-1.2000057631397931,0.035388089714248325,-0.07330217551379735,0.7969590067077725,0.5985238640177027,-0.0012381142848655266,-0.0009144197082651545,-0.002316552400671537,144,-0.013450460123828938,0.5318726151398988,-0.8392971699439253
1789322053.2262297,LIDAR_ONLY_SAFE,0.14177019960164655,0.8311446463087918,-1.2010079132812852,0.0354214166106095,-0.07330038759219601,0.7969598698308612,0.5985209622923062,-0.001245830271520551,-0.0009128684146824939,-0.0023163296729460797,144,-0.014297673511335488,0.5316595654422881,-0.8391674217012013
1789322053.3303459,LIDAR_ONLY_SAFE,0.14205135731666446,0.8343354794460945,-1.202282141965396,0.03560601338654292,-0.07339644852621997,0.7969517918517461,0.5985089929305545,-0.0012511497851597356,-0.0009113257152930931,-0.002316143365759235,144,-0.0137151736965927,0.5358045479132105,-0.8377440670633204
1789322053.4239411,LIDAR_ONLY_SAFE,0.1434941338539296,0.8325807302020255,-1.2045156479523111,0.0356853473690372,-0.07345573973309126,0.7969766979596858,0.5984638278064025,-0.0012554122468243808,-0.0009100729989476586,-0.002315969123252229,144,-0.012454518379222276,0.5351235184207731,-0.8375830512176725
1789322053.532847,LIDAR_ONLY_SAFE,0.1427253468833377,0.832009566471226,-1.2055510798679479,0.03569680742766079,-0.07341787298511245,0.7969753724016182,0.5984695561606425,-0.001260521850009029,-0.0009096263559107837,-0.002315714382348538,144,-0.012279178793487458,0.5352663098879924,-0.8372292883273226
1789322053.6500442,LIDAR_ONLY_SAFE,0.14319798668732456,0.8341780135266681,-1.2060143757600514,0.035767056671876574,-0.07349965226270291,0.7969698726457066,0.5984626478481165,-0.0012659406210114106,-0.0009094129177404237,-0.0023155066300684923,144,-0.012639242544419988,0.5375363253708583,-0.8369008532545965
1789322053.7629225,LIDAR_ONLY_SAFE,0.14310577685030837,0.83145759645065,-1.207684071082922,0.03584842922332722,-0.07350627333274044,0.7969879023506645,0.5984329548158592,-0.0012706271638130613,-0.0009096734622475455,-0.002315333906880074,144,-0.012212660913333546,0.5381156016394562,-0.8366736056643532
1789322053.8787785,LIDAR_ONLY_SAFE,0.14354781734522185,0.832257452534062,-1.2084879395874804,0.03590206360509368,-0.07353654263214406,0.7969916603538045,0.5984210157181085,-0.0012743110921726519,-0.0009102080804277296,-0.0023153059391617936,144,-0.011285293503714586,0.5352558065849755,-0.8368329906493218
1789322053.9877949,LIDAR_ONLY_SAFE,0.14253543399863378,0.83312565622024,-1.2086640999114187,0.03592185869083706,-0.0735296532398163,0.7969783330616534,0.5984384235599318,-0.001278074590443636,-0.0009103097330337567,-0.0023152096140219014,144,-0.0111997621217455,0.5348989557389976,-0.8370546494512531
1789322054.1142714,LIDAR_ONLY_SAFE,0.14449708557000315,0.8339582584946722,-1.2095871297593832,0.03598457821483545,-0.07358994328074701,0.7969832338344756,0.5984207176939804,-0.0013066889850297712,-0.0009103290528994779,-0.0023298579518640783,144,-0.010751930731665938,0.5367521426082298,-0.8370799622974948
1789322054.225829,TRANSITION,-0.7763510163461333,0.032897639816847346,-0.9686685239400251,0.03590542706131579,-0.07360551630451714,0.7966573828472953,0.5988572806871333,-0.013323074591698196,0.001626136183598817,-0.00220353843211038,136,-0.010046037961044385,0.536680578416614,-0.8371176141970825
1789322054.3432837,LIDAR_ONLY_SAFE,-0.7823513083766629,0.03569050594520473,-0.9639177912815063,0.03656616229489423,-0.07292519191008094,0.7923472250188465,0.6045913555161329,-0.027889623332818164,0.0049561870199580915,-0.00205014838225423,132,-0.04115081892527456,0.32241622251738455,-0.8743384645912602
1789322054.4567235,LIDAR_ONLY_SAFE,-0.7876373628819615,0.034145293509367014,-0.9641862521035368,0.03743233450950364,-0.07166684382560028,0.783603978850056,0.6159768568376631,-0.01970067832926048,0.013756444721657005,-0.0024559720395233575,127,-0.012399302911525691,0.4193614850355539,-0.8567917402854263
1789322054.5650127,LIDAR_ONLY_SAFE,-0.8226402906413409,-0.010677784575751484,-0.9786606931259514,0.03748735299952296,-0.07046248983872513,0.7735878029192041,0.6286427022287423,-0.002455384551909627,0.0224802454956817,-0.0030809050544129135,119,-0.012552612572839371,0.4174809655269425,-0.8551775634886074
1789322054.6793811,LIDAR_ONLY_SAFE,-0.8117933045049591,0.008602816252514987,-0.9744603469041837,0.0377767564387628,-0.07042133259048115,0.7692099046538078,0.633979396488267,0.021764022475986987,0.022041401705922954,-0.0034643961889222336,122,-0.04120184333077145,0.4653881735162383,-0.8482279357386442
1789322054.8010817,LIDAR_ONLY_SAFE,-0.8191988103985548,0.022123674227081454,-0.9733539939919724,0.037795435509170486,-0.0703190019416305,0.7691037077991308,0.6341184665898276,0.04884724125818665,0.019340084447299545,-0.0038186751724151313,139,-0.05071159524512115,0.47778797772833376,-0.8468669670848189
1789322054.9059138,LIDAR_ONLY_SAFE,-0.8301143445491186,0.04425565075583186,-0.9699995654557259,0.03783702535785548,-0.07008997422274141,0.7689347249785594,0.6343462333360795,0.0743161758427568,0.016797800132755572,-0.004152017071312131,138,-0.05751981158060748,0.49615691389931843,-0.8448707236679108
1789322055.024644,LIDAR_ONLY_SAFE,-0.8269614462905068,0.06707905944113916,-0.9664488782374481,0.03770478698574482,-0.0702012301408945,0.7688320409939843,0.6344662552619245,0.10135518905957391,0.014103033307123244,-0.004506444821132438,134,-0.06497614580816384,0.5153467245000387,-0.8417998932589084
1789322055.130492,LIDAR_ONLY_SAFE,-0.8366145453607723,0.08447868460581104,-0.9648665005089074,0.03769606527277365,-0.06995712667385387,0.7686733354729682,0.6346859935616594,0.12757097807729004,0.011484486720732323,-0.004850153308233018,139,-0.07102140236446282,0.5380755077113383,-0.8399018616437997
1789322055.2490005,LIDAR_ONLY_SAFE,-0.8461499513902051,0.10069943783936804,-0.9623245185228695,0.037949586813029595,-0.0698819294209327,0.7685728513460696,0.6348008482783403,0.15401441339723554,0.008843153856996827,-0.0051976361581146935,139,-0.07655786795526756,0.5561428520944595,-0.8389119705619652
1789322055.3610265,TRANSITION,-1.871061968183766,-0.8289210059353715,-0.6464094519358925,0.03793238466274354,-0.06988190898150097,0.7685342321342001,0.6348486331628935,0.1798892953679029,0.006104160807777009,-0.005538120018724488,141,-0.08384770771044872,0.5746656843017612,-0.8376180267803558
1789322055.4794595,LIDAR_ONLY_SAFE,-1.8653345758304725,-0.8275109780934228,-0.6475556922830144,0.037757296049061535,-0.07002617249021027,0.7684521899774834,0.6349424804501936,0.205720114663609,0.0026049491164768096,-0.005864136304801662,140,-0.2935305395752433,0.09525439915431677,-0.903304551728478
1789322055.5869212,LIDAR_ONLY_SAFE,-1.869151223610051,-0.7933582461149223,-0.6425062019494594,0.03615976470473951,-0.06911105387392545,0.7673163339562151,0.6365074840824164,0.22720155331763342,-0.001834026770383801,-0.006139096417792922,138,-0.18780080309337294,0.377556929613466,-0.866615701784105
1789322055.702136,LIDAR_ONLY_SAFE,-1.866658468046452,-0.7890386185530618,-0.6450643427701006,0.037462995157215746,-0.06963072445296861,0.7588593710756026,0.6464368036681899,0.23201003337296694,0.0001560257017208383,-0.006735828411052164,125,-0.16870566469437048,0.4913042808738725,-0.8496621286415971
1789322055.8126316,LIDAR_ONLY_SAFE,-1.8679199885206563,-0.7935828860379704,-0.6474534974277442,0.038076408988798154,-0.06943886584058545,0.7542661702448333,0.6517752491568571,0.2115202417136181,0.0039039854693144332,-0.006306018913660061,123,-0.15779432969287602,0.5704861306777594,-0.8406035396506379
1789322055.9320333,LIDAR_ONLY_SAFE,-1.8658007206934553,-0.815064598515002,-0.6496969370705292,0.03733526002087256,-0.06794634023344798,0.754298085652382,0.6519384719352022,0.18348937432194468,0.008289223399428211,-0.00566007532223152,135,-0.15509726123622986,0.5870649441534708,-0.838066193133138
1789322056.033403,LIDAR_ONLY_SAFE,-1.8572570918352929,-0.8265502289733001,-0.6525571079932826,0.03725660738146211,-0.06798099861016688,0.7543522295136789,0.6518767083292131,0.15944348531480487,0.011952322030586604,-0.005388589063798799,139,-0.13337722539770044,0.5364392846168137,-0.8433661512761415
1789322056.1506658,LIDAR_ONLY_SAFE,-1.8489682647365375,-0.8448439570936451,-0.6563489335366313,0.037287284324638,-0.06800102649349261,0.7545237153596771,0.6516743679042118,0.13224740095420195,0.016095002258792457,-0.00508190378723708,132,-0.12844170360005241,0.5181442955702892,-0.8450255411192642
1789322056.26285,LIDAR_ONLY_SAFE,-1.849476426160132,-0.8642892269852336,-0.6595676729163136,0.03733460117833108,-0.06781290498894632,0.7546186210998066,0.6515813641911821,0.10640696241947493,0.02003045346283225,-0.0047921981110516515,136,-0.12354885470679242,0.5011162391257131,-0.8467144970777694
1789322056.3751712,LIDAR_ONLY_SAFE,-1.8370922793477389,-0.8916406618906365,-0.6655312517061001,0.03741635127647262,-0.06797365948172349,0.754826861538753,0.6513186680676171,0.07966352110553135,0.0241066777348658,-0.00450120282681768,141,-0.11794121831635791,0.4713693914968237,-0.8513477119760228
1789322056.488137,LIDAR_ONLY_SAFE,-1.834745972689752,-0.9108115519960794,-0.669081951761904,0.037327265407784534,-0.06778438639250742,0.7548159575275047,0.651356141047587,0.05575960082282395,0.02864846521534569,-0.004288415887762714,138,-0.11554310017329988,0.4429522436420908,-0.8546614336455971
1789322056.6039536,LIDAR_ONLY_SAFE,-1.841068202544374,-0.9398738251943423,-0.6743719653150633,0.03662911856133635,-0.06563218802156169,0.7487695904423943,0.6585551032355993,0.04277108591244903,0.038670346933493215,-0.004482794592244085,139,-0.10662876805516597,0.4229633901956049,-0.8572686887404856
1789322056.7260587,LIDAR_ONLY_SAFE,-1.8532128249444042,-0.9378346013399409,-0.6752794271384901,0.03844084503096195,-0.06451288319272479,0.729597041701487,0.6797415288739583,0.05433435057445531,0.0509643526033183,-0.004974295952301935,111,-0.1033887551713102,0.39884149812121916,-0.8589167898217405
1789322056.8295975,LIDAR_ONLY_SAFE,-1.8605799135387824,-0.9294938134640927,-0.6756837035055978,0.039445799075807086,-0.06340612833115682,0.719394287680784,0.690576245375977,0.0722286625236066,0.05160515790112247,-0.005290180343220291,121,-0.12253571620150937,0.4099909883447809,-0.8572309282089279
1789322056.9536731,LIDAR_ONLY_SAFE,-1.8603010623072764,-0.9172841673995646,-0.6793660550865896,0.039639198737770866,-0.06259871833677579,0.7185316891565375,0.691536221801775,0.10042615211720549,0.04414225676531363,-0.005502371447220641,124,-0.13043881880729116,0.4300970282490493,-0.8552735210585153
1789322057.0547366,LIDAR_ONLY_SAFE,-1.8685357224066361,-0.8953931316898838,-0.6766319130977121,0.039979608533402995,-0.06257397879363175,0.7184119184866403,0.6916432920630365,0.12282479314256438,0.03808121892990632,-0.0056664964949183355,134,-0.13479208190182915,0.4541581417583834,-0.8533647125087716
1789322057.1781452,LIDAR_ONLY_SAFE,-1.8545071098215844,-0.876551597758535,-0.6746829124809577,0.03990618204160335,-0.06295747470241653,0.7184415137307978,0.6915819867247535,0.15087125709296728,0.030493051983257483,-0.0058723813028003224,135,-0.13753568687031198,0.47332776903494866,-0.8512706932257761
1789322057.3011923,LIDAR_ONLY_SAFE,-1.862180916853065,-0.8550497769100819,-0.6722938453510967,0.04005452946150553,-0.06269939382229564,0.718263709142937,0.691781515228735,0.17760212684239848,0.02325962596791014,-0.00606881471298093,135,-0.14044182822176604,0.49300307620014333,-0.848506663174415
1789322057.3988092,LIDAR_ONLY_SAFE,-1.868380898370953,-0.8361609538388463,-0.670305593456263,0.04016862504270377,-0.062405287497112515,0.7181009818035117,0.6919704051384092,0.19967695035677013,0.017285710754017573,-0.006231470078473272,137,-0.14299091520349133,0.5163003996744251,-0.845835983434301
1789322057.5218468,LIDAR_ONLY_SAFE,-1.8571698533818237,-0.8152857798737608,-0.6680555982917673,0.04019999387862961,-0.06269295215411114,0.7181171939625712,0.69192575467147,0.22780969524890743,0.009648425878786948,-0.006441476962677717,138,-0.14558601894827858,0.5420162528012954,-0.8421277188231011
1789322057.6234708,LIDAR_ONLY_SAFE,-1.8561590334395062,-0.8045267231601779,-0.6666519051784858,0.040122332167663734,-0.0625193557253058,0.7180001916120624,0.6920673763920405,0.2504790019510641,0.002958852484887267,-0.006600298635717899,137,-0.14790142884177804,0.5634133465105413,-0.8402521305605704
1789322057.748886,LIDAR_ONLY_SAFE,-1.8469696902319894,-0.8047432832009512,-0.6711208073169108,0.03994185444427732,-0.06233083908607419,0.7178817384995596,0.6922176856244198,0.2753534817568072,-0.005316632942848384,-0.006771560586862194,135,-0.15297543426472443,0.5782882316840741,-0.8378169527905094
1789322057.8575113,LIDAR_ONLY_SAFE,-1.8634378175561206,-0.7767415935899243,-0.6675781261804377,0.04109673264896916,-0.06154121438569689,0.7128768179874401,0.6973739168291392,0.29057948716851933,-0.010823112111711775,-0.0070017524966142775,131,-0.16150281688355766,0.5960714499647333,-0.8363177224617437
1789322057.973685,LIDAR_ONLY_SAFE,-1.8613176685135848,-0.7911499647358455,-0.6744320046951031,0.04171478097341011,-0.06214165923249776,0.7028069609019231,0.7074324469120534,0.2805967245435409,-0.003577465847498962,-0.007418803565648571,122,-0.16111952008512567,0.6240999367712328,-0.831994299490949
1789322058.084881,LIDAR_ONLY_SAFE,-1.8695710764146793,-0.8045048133682515,-0.6824256752914761,0.04264751276333013,-0.05938972343454281,0.7023320990113736,0.7080845098600507,0.2551150057270988,0.005110507712083018,-0.00673029923651175,130,-0.18965902284308772,0.6528387444226263,-0.8313253323816541
1789322058.1960158,LIDAR_ONLY_SAFE,-1.8777177251516255,-0.8252840325538482,-0.6858338912859225,0.04284549846243684,-0.059194486710715845,0.7024563575983551,0.7079656359416127,0.2301967204048768,0.013220601638393545,-0.006594184105409906,137,-0.16479130851691007,0.5833190571253052,-0.838177562346292
1789322058.3081582,LIDAR_ONLY_SAFE,-1.8718436004226116,-0.8422911585742774,-0.6897119274351453,0.042803511441720135,-0.05929532456905943,0.7025522711612323,0.7078645563797518,0.20503926727464844,0.021408130218221168,-0.006457099423825441,139,-0.1662430930523139,0.5638213267749075,-0.84021205358443
1789322058.4246743,LIDAR_ONLY_SAFE,-1.8700580766693558,-0.8612822126031443,-0.694096941727415,0.04290540919238382,-0.05934514889457734,0.7026939422375883,0.7077135739176631,0.17838313933903918,0.03008311432137565,-0.0063126460251825695,136,-0.16309619014828028,0.5461195973813928,-0.8428613586869576
1789322058.532765,LIDAR_ONLY_SAFE,-1.874316873713978,-0.8847248340423218,-0.6989435209256594,0.042957646420506715,-0.059106768133635586,0.7028170681982243,0.7076080830686292,0.1543338562536717,0.03790815052689123,-0.006186518319032344,139,-0.16118208942540993,0.5252091076784547,-0.8453137094587231
1789322058.6377137,LIDAR_ONLY_SAFE,-1.8674840411534304,-0.905472029613747,-0.7018021167599704,0.04285379822055145,-0.05923679804861199,0.7029495681974183,0.7074718781026448,0.13142704351507564,0.04540333221951459,-0.006085983531909381,138,-0.15954782392818442,0.4989564891042644,-0.8483884147467841
1789322058.758609,LIDAR_ONLY_SAFE,-1.8697412883344826,-0.9500876577214852,-0.7120363409192463,0.04200647553242266,-0.05792501429161082,0.7026289751306131,0.7079496253544916,0.11010609501114255,0.055307518006096346,-0.006132421073274524,134,-0.15657510008946263,0.47344020439338325,-0.8515647426850345
1789322058.8749073,LIDAR_ONLY_SAFE,-1.8983599915420357,-0.9581028170620516,-0.7192594590129875,0.04144717593823264,-0.0541379301681123,0.6945907315959672,0.716166832312721,0.10800926532818592,0.05345117303422057,-0.0059793002476433155,128,-0.15309213878808797,0.44242112648465376,-0.856170692293399
1789322058.9779556,LIDAR_ONLY_SAFE,-1.8861509632068396,-0.9559263250451194,-0.7237175007330712,0.04160433207344359,-0.05246921855711733,0.6833438138313903,0.7270194583056897,0.1200711703621162,0.04008324240024294,-0.005688124709983561,122,-0.15358727911999626,0.41735344934391494,-0.8594295726712062
1789322059.0889173,LIDAR_ONLY_SAFE,-1.8907062699135964,-0.9379347725237044,-0.7219355366460338,0.042109357754510766,-0.05188782799823295,0.6780588360334033,0.7319635716155244,0.13960998080754428,0.029559393312058556,-0.005654783093877805,124,-0.1539575328493355,0.44536154581320436,-0.8552740809581555
1789322059.196055,LIDAR_ONLY_SAFE,-1.879290231596537,-0.910971664724758,-0.7184627722591563,0.04203002900460556,-0.052128123171206006,0.6780063924301107,0.7319996361067581,0.16399358411697157,0.019384901652794516,-0.005712959480348598,131,-0.14183651483140944,0.49660047284472,-0.8479115476596506
1789322059.316666,LIDAR_ONLY_SAFE,-1.880557953303007,-0.8969012065762049,-0.7165330743869986,0.042180254541690936,-0.05194511351538133,0.6779001251629254,0.7321024187999672,0.19105651998149578,0.008095105390178284,-0.005777857666798045,133,-0.145724136652792,0.5130749280969938,-0.8463291058739772
1789322059.41829,LIDAR_ONLY_SAFE,-1.885679596653594,-0.8760434229704716,-0.7136420488259294,0.042409237728191704,-0.05178876236695983,0.6777175377132012,0.7322692945384014,0.2129300015161745,-0.0010283047653005806,-0.005830597565490883,138,-0.14561162432207733,0.5325845020345152,-0.8436777929939799
1789322059.5411222,LIDAR_ONLY_SAFE,-1.8685135182130186,-0.8560690878416083,-0.7124530287692536,0.04250323138344695,-0.05208146436628539,0.6777784620929028,0.7321866925275331,0.24010721447487693,-0.01226296620386881,-0.005900157045523213,136,-0.14478801173398861,0.5519832617365182,-0.841110174735216
1789322059.639447,LIDAR_ONLY_SAFE,-1.8691576162426662,-0.8375396087397684,-0.7114034966135603,0.04258471541815148,-0.05203993990806136,0.6776447828451428,0.7323086336715414,0.26207695087321625,-0.021294684787798765,-0.005958707172123559,134,-0.14409208590571984,0.5766283818807348,-0.8377698977460867
1789322059.7609365,LIDAR_ONLY_SAFE,-1.8636686997986287,-0.8305853989791973,-0.7124313074747397,0.0424478938172468,-0.052013460231960046,0.6775786219201021,0.7323796743370433,0.28847444834302927,-0.032532684210653987,-0.006021957714299614,138,-0.144092557201396,0.598419975909195,-0.8352677144518594
1789322059.868225,TRANSITION,-2.866563720005964,-1.6551904537130322,-0.42168098150262084,0.04253060500245076,-0.05191907194406163,0.6773431151702529,0.7325993870718501,0.3109372847270514,-0.0428568894987522,-0.0060650252566071955,138,-0.1449533258805924,0.6124737858916152,-0.8338443759661887
1789322059.983407,LIDAR_ONLY_SAFE,-2.8596789592788796,-1.6522211164246565,-0.42627682191043476,0.04252572366077909,-0.051737863145195295,0.6766747883619453,0.7332298324124659,0.330091857591617,-0.05267148265567492,-0.0061168768808248924,133,-0.3137411145214866,0.24003013449690958,-0.8840024716946591
1789322060.0966067,LIDAR_ONLY_SAFE,-2.8602626345587856,-1.6631154150289729,-0.43066797000670626,0.043050057940690535,-0.050880018219867554,0.6659015137875137,0.743056586131061,0.33443145820985265,-0.04777347130214209,-0.006773382577712941,120,-0.2022811082393864,0.5023593177780792,-0.8504555434258219
1789322060.2168157,LIDAR_ONLY_SAFE,-2.8629013021070597,-1.674743640471616,-0.43364646286876735,0.04364217009947185,-0.05038932536346818,0.6606367682003493,0.7477401536497965,0.3150733092589443,-0.03630708497135329,-0.00649973278640692,122,-0.18434469865217037,0.6181303637449476,-0.8343880401898102
1789322060.3378959,LIDAR_ONLY_SAFE,-2.8786712218146815,-1.6945434882971966,-0.4381359081887371,0.043857833505656134,-0.04867617094781924,0.6606478355451398,0.7478312364508256,0.28975215227235296,-0.023835164061690867,-0.0063241481041431125,133,-0.18371391278211494,0.6320325876218224,-0.832391044196522
1789322060.446513,LIDAR_ONLY_SAFE,-2.875343164629953,-1.7129048309608574,-0.4420601650798493,0.04384129809212595,-0.04873797113619733,0.6607832314245181,0.7477085473761127,0.2664793696902882,-0.01239651153475732,-0.006327397924471789,141,-0.17318739662256602,0.5897236129415986,-0.8367744422349132
1789322060.5587847,LIDAR_ONLY_SAFE,-2.875737322110958,-1.7314247534091578,-0.44482287202741216,0.04402400297895122,-0.048749684483266,0.6609252650238248,0.7475715012476589,0.2427442008642063,-0.0007310081966569321,-0.006331108278981021,140,-0.17371925793899368,0.5633147083057769,-0.840814799339299
1789322060.6736062,LIDAR_ONLY_SAFE,-2.886055268739732,-1.748898868784386,-0.44748357484877316,0.044097073310443755,-0.04842510669933546,0.6609885246824043,0.7475323587676924,0.21856393378606864,0.011152423118602053,-0.006336845281112155,141,-0.17619732392983167,0.5421097805926082,-0.8431469449684533
1789322060.782596,LIDAR_ONLY_SAFE,-2.8845305238493446,-1.7670333582228892,-0.4516085406116646,0.043975074578354326,-0.048415824430405846,0.6610809742060884,0.7474583910180429,0.1966630011872067,0.02191958713838721,-0.006350081072390587,145,-0.1786965633641654,0.5212633739708692,-0.8458839267971513
1789322060.892797,LIDAR_ONLY_SAFE,-2.8811624469683137,-1.785374610513069,-0.4562043381877286,0.04396213070994111,-0.048366479607247284,0.6611906105137706,0.7473653666596219,0.17438831286519374,0.033314152979135626,-0.0064141985541355945,137,-0.17949694287933018,0.49647551545923285,-0.8491994306021359
1789322061.010252,LIDAR_ONLY_SAFE,-2.9015611846624734,-1.830344288417423,-0.46788538999681323,0.04369307873160973,-0.046169298069413445,0.6592486468451552,0.7492332963900917,0.1603321458286606,0.03817446127403182,-0.0064961216912700764,136,-0.17799577336320177,0.4658739792054961,-0.8530614173720699
1789322061.1204622,LIDAR_ONLY_SAFE,-2.8813652531594833,-1.8440093263566346,-0.47288759757988147,0.04433345644686802,-0.044957703590826854,0.643039481526884,0.7632257691698764,0.16467333863960265,0.021127522587909744,-0.00578413256523766,124,-0.1718258607365922,0.45658746406621736,-0.8532953342178846
1789322061.236522,LIDAR_ONLY_SAFE,-2.8904200067593875,-1.8108863091673193,-0.4683720055068972,0.04600118024104512,-0.04297296526476081,0.6265552162117801,0.7768305971771414,0.17475438603081636,0.005078501081844697,-0.005407365474351777,120,-0.1650686794123282,0.45437599018541625,-0.8542058115032314
1789322061.3446724,LIDAR_ONLY_SAFE,-2.8892907144017115,-1.795836145130992,-0.46673402817851933,0.04623223296608785,-0.04212906494750339,0.6208612939575439,0.7814211260178361,0.19266350474488897,-0.00871734759280364,-0.0052370708355369555,121,-0.15305682058546607,0.4926175024698666,-0.8482286633338407
1789322061.4615774,LIDAR_ONLY_SAFE,-2.872182443660086,-1.7690403902986995,-0.46507695247286024,0.04642302300385565,-0.042306547901627196,0.6208796984976033,0.7813856019490993,0.21564925373479313,-0.023284049681612323,-0.005124320907253441,134,-0.14265382087601652,0.5158361086453725,-0.8453587029630371
1789322061.5711136,LIDAR_ONLY_SAFE,-2.873998309299387,-1.750532408418634,-0.4632549284585264,0.046685576782697524,-0.041971854392537235,0.6207600161133284,0.7814830917904103,0.23748910877069568,-0.03712117844676609,-0.005017549302421431,140,-0.13715360077416622,0.538592841414966,-0.8426743047297643
1789322061.6838317,TRANSITION,-3.8518348347970877,-2.7381918483148158,-0.15293986612465665,0.046747367865376206,-0.04196064221586308,0.6209046059450694,0.7813651249055654,0.2599753464323572,-0.051369390736777015,-0.004907906594031647,144,-0.13423414127720498,0.556872049279649,-0.8404196013554917
1789322061.793505,LIDAR_ONLY_SAFE,-3.8350247473602725,-2.7168576241773748,-0.1521669832173383,0.046982062275588474,-0.042133529639342256,0.6209931603739333,0.7812713653227399,0.28243660236305357,-0.06560570640282454,-0.004798706159122687,139,-0.3376811218893648,0.09596663127712061,-0.8986958444705849
1789322061.9139404,LIDAR_ONLY_SAFE,-3.836133168305481,-2.69760197755732,-0.1500311281220244,0.04720812629187141,-0.04198092576262869,0.6208954236278007,0.7813436296548255,0.30567546539792645,-0.08030243410653164,-0.004690617134462088,143,-0.24687962507547737,0.3161165995568623,-0.8722874619151437
1789322062.0337584,LIDAR_ONLY,-3.8239731316273518,-2.6901684578767773,-0.15206405624437164,0.047209453738120515,-0.042179062602509705,0.6208521601001245,0.7813672564516199,0.3266404750549012,-0.0942725540508907,-0.004576277479356586,143,-0.2088925629972389,0.41404662733947645,-0.8594062397707419
1789322062.1399715,LIDAR_ONLY_SAFE,-3.8156253051474875,-2.676694358380747,-0.15261832130180114,0.04721611145233466,-0.041899603086262636,0.6206338683732011,0.781555284998221,0.34648395060921344,-0.10830136256953227,-0.004471443875175743,143,-0.19472210491528458,0.4615604310157897,-0.8533263831906428
1789322062.2523472,LIDAR_ONLY_SAFE,-3.8092049116191435,-2.6787531108435676,-0.15644844231876426,0.04769782847393718,-0.04153865474775345,0.6150112625266604,0.785977483319962,0.3586735901199096,-0.1123920405124853,-0.0046584854965541905,136,-0.17956389257039135,0.5177924635341198,-0.8462756792928244
1789322062.3654459,LIDAR_ONLY_SAFE,-3.816569246181557,-2.675573626992671,-0.1543077231146715,0.048689801607657304,-0.04107703329245048,0.5980119303901812,0.7989516328704179,0.3539019737296973,-0.10072947945171926,-0.005320315317566271,126,-0.17347506096014795,0.5562629894114149,-0.8414475848882973
1789322062.4805753,LIDAR_ONLY_SAFE,-3.8205419555843445,-2.6728495494094124,-0.15752900802612674,0.04904269463087863,-0.03880583276053391,0.59596350608244,0.8005725581513705,0.3319003078618898,-0.08424027667040376,-0.004981157897947605,128,-0.18175322796997923,0.5880139344864888,-0.8383520082732611
1789322062.5862384,LIDAR_ONLY_SAFE,-3.822636867659482,-2.690556930008923,-0.15970689511503827,0.049103623197401,-0.039066243733905916,0.5961048239332754,0.8004509364557516,0.3113969336848548,-0.06923485314095386,-0.005149966541111703,128,-0.16441055300329988,0.5710450980519047,-0.8388583326642637
1789322062.694645,LIDAR_ONLY_SAFE,-3.833031792635028,-2.71463313737642,-0.16347927609906449,0.049048004867882446,-0.03888662792179583,0.5962030994554224,0.8003898972295315,0.2900411382105457,-0.05360615188605079,-0.005326047803373327,134,-0.17029199634136075,0.5454219438213777,-0.8423891030667043
1789322062.8176334,LIDAR_ONLY_SAFE,-3.8332222758456083,-2.730170921427898,-0.1664553226469359,0.049166729143225875,-0.03910607738350486,0.5963330010478775,0.8002751397602353,0.26676393309682317,-0.03657170677328797,-0.005518677447904172,128,-0.1782972232277526,0.5195173990356052,-0.8454923893041694
1789322062.9214704,LIDAR_ONLY_SAFE,-3.8333223807364982,-2.7483125791814103,-0.16947111628222383,0.04905195008862342,-0.039273170917624806,0.5964461155340302,0.8001896996981058,0.24698339116586543,-0.02209723611555303,-0.0056858819780349346,130,-0.18204090464032477,0.5024694884038093,-0.8476590843625443
1789322063.0369399,LIDAR_ONLY_SAFE,-3.84224129396851,-2.7671904712718978,-0.1717127110299806,0.049029346805635435,-0.039155784818193526,0.5965110520990549,0.8001484314742876,0.22559131085454454,-0.006409897747543997,-0.005888549741306051,135,-0.19317312655904303,0.46651852311340697,-0.8523068418202706
1789322063.1494143,LIDAR_ONLY_SAFE,-3.83907570595677,-2.78865707653731,-0.17568549238777514,0.04890593952055181,-0.0390612752567984,0.5966507264301463,0.8000564583236007,0.2073234811462124,0.0068607845719946894,-0.006147423139964137,132,-0.1975898682655728,0.44375904824095297,-0.8558843886470239
1789322063.260795,LIDAR_ONLY_SAFE,-3.818736234560562,-2.819754607661605,-0.18332377470873246,0.04963815303951794,-0.038493482053533604,0.585397023610236,0.8083097366421467,0.2000063153728211,-0.0014800900841207276,-0.005603793688784733,130,-0.20104464848823614,0.42019189111540967,-0.8587430240300837
1789322063.3787172,LIDAR_ONLY_SAFE,-3.811809840978871,-2.814476705815758,-0.18452525112416246,0.05032708512603949,-0.03594611289928342,0.5617425486815462,0.8249971942200223,0.20000948241350056,-0.021271075297416897,-0.004934388703814047,110,-0.18462877147792547,0.42668907499470715,-0.8569448437493892
1789322063.487321,LIDAR_ONLY_SAFE,-3.7934475501209923,-2.775809429762984,-0.18391765056230464,0.0517380662902415,-0.03439233243868193,0.5444364904731043,0.8364982055015441,0.20527240575708267,-0.03729473289259571,-0.004480912537564732,105,-0.17304009870291728,0.44501935234780887,-0.8549394544915344
1789322063.6060727,LIDAR_ONLY_SAFE,-3.788649898808921,-2.720183134352458,-0.18107744735800596,0.05263245931678528,-0.032342904185062145,0.5350757095162845,0.8425424297094998,0.2193708939898989,-0.05610666010594149,-0.004078933723410935,106,-0.15795904975940514,0.45887533880642545,-0.853138741898505
1789322063.7152162,LIDAR_ONLY_SAFE,-3.779552920211449,-2.6974202595019237,-0.18108805224045305,0.05229095754069697,-0.03183228206915273,0.5346353108472532,0.8428626495301639,0.23717336591500998,-0.07390186931029125,-0.003772485163189565,107,-0.1432669544069188,0.49259071850786784,-0.8480886775251257
1789322063.8270721,LIDAR_ONLY_SAFE,-3.774495545800011,-2.6840518076152167,-0.18021391204030507,0.05244913601733476,-0.03164498957081144,0.5345700004783582,0.8429012975163025,0.2560871224644141,-0.09263855797006557,-0.0034526861594039865,112,-0.1372811428515036,0.49994842609010626,-0.8467143224218258
1789322063.9358902,LIDAR_ONLY_SAFE,-3.7513529630005067,-2.662951131059258,-0.18129659901189982,0.052611248126648885,-0.031695796409826615,0.5346323572294625,0.842849734925373,0.27458191511935975,-0.110801491191275,-0.003145915275528724,121,-0.13082067486411378,0.5140825567218519,-0.8447480241984466
1789322064.0489056,LIDAR_ONLY_SAFE,-3.7433407592781185,-2.647765979463234,-0.18156277886967104,0.052760142984920856,-0.03167804572924281,0.534578243655065,0.8428754179246495,0.2934204250876866,-0.12927042459380397,-0.002835313774971815,123,-0.11829380966496299,0.5405823651676039,-0.841599885287999
1789322064.161155,LIDAR_ONLY_SAFE,-3.728682820733109,-2.644688294883225,-0.18430204984545023,0.05285636576653776,-0.0317562553245556,0.534601865255333,0.842851464085597,0.31235180294280096,-0.14830225412220369,-0.0025129911794895127,118,-0.10762147881639883,0.5639286747206391,-0.8383035766773651
1789322064.2750914,LIDAR_ONLY,-3.7125719218136375,-2.6447821026526364,-0.186994799975081,0.05258476650197924,-0.03167725769593887,0.5345420479774167,0.8429093620436937,0.32916141914853997,-0.1660579420395753,-0.002210310615535213,118,-0.09777264638529504,0.5848367662648527,-0.8353655954840489
1789322064.3858573,LIDAR_ONLY_SAFE,-3.701895334786119,-2.6425731023286954,-0.19395179121496847,0.05126546774860934,-0.03047057514146844,0.5331922814712557,0.8438894399425445,0.34389116103651457,-0.18025432482039327,-0.0020533145501544503,116,-0.08683917092308255,0.604929983236714,-0.8326995250578028
1789322064.4961388,LIDAR_ONLY_SAFE,-3.6939315793819634,-2.665606896144712,-0.20182237511021378,0.05250568527026357,-0.029905874412161488,0.5152362274806457,0.8549154470364052,0.35044957221752154,-0.17187847124822064,-0.0026977880112699776,116,-0.08867923126655566,0.6064995731082281,-0.8329772172132369
1789322064.6093185,LIDAR_ONLY_SAFE,-3.7383362156069038,-2.6514496642173744,-0.20846506372354084,0.05359052916167975,-0.026434558732706788,0.5042389002376322,0.8614942836582966,0.3385930839777621,-0.15411689873664447,-0.002787996118826644,101,-0.09316082416135546,0.63948108359329,-0.8293887234369319
1789322064.7243717,LIDAR_ONLY_SAFE,-3.7424387335300944,-2.67048784268962,-0.21502789004811268,0.05385094506774677,-0.025714950590655372,0.5033244937553106,0.8620343792549058,0.32051176636801365,-0.13306030298882676,-0.0031486596779734394,113,-0.0979302585271483,0.6417000578270804,-0.8285313309305887
1789322064.8366454,LIDAR_ONLY_SAFE,-3.7506495473282118,-2.6816749333487477,-0.21658841407365986,0.05390588368502003,-0.025813606892638636,0.5033897101434048,0.8619899147467263,0.30257636905987867,-0.1121605424034987,-0.003558372376759489,109,-0.10434859397651838,0.6176419477249875,-0.8311266436715166
1789322064.9471068,LIDAR_ONLY_SAFE,-3.765894057834892,-2.702335561036081,-0.21893024222001772,0.053782387598954894,-0.025735384165976018,0.5034184173261913,0.8619832027845892,0.2870879187974451,-0.09411287215425847,-0.00391254085515283,111,-0.11678699042569674,0.5985098864700664,-0.833609101415819
1789322065.0565789,LIDAR_ONLY_SAFE,-3.771441831030561,-2.7186936795610324,-0.22074381156599793,0.053711082382407106,-0.026015751546438214,0.5035082423792483,0.8619267661216611,0.2697030578960229,-0.07385570604716704,-0.004311358257990908,107,-0.12947983723401893,0.5720663989154586,-0.8372073976025449
1789322065.1767628,LIDAR_ONLY_SAFE,-3.7776608551364026,-2.737682456181476,-0.22239430642626573,0.05365617187347443,-0.026237258517670586,0.5036468583892879,0.8618424818491845,0.25119275084439474,-0.05228171330211888,-0.004744073848072947,107,-0.14253026916923803,0.5461066915761412,-0.8408611647849549
1789322065.2847552,LIDAR_ONLY_SAFE,-3.7913261321237015,-2.755110290296084,-0.22458997847438394,0.053240428030630796,-0.026189892952984628,0.5036215367069993,0.861884501598159,0.23497801283193692,-0.03336897730596649,-0.005162288131911885,108,-0.15284000585742344,0.5249625640495562,-0.8438125411363891
1789322065.398687,LIDAR_ONLY_SAFE,-3.7960281304184615,-2.7750772939810515,-0.23156683034283626,0.051716478589183115,-0.024954377252844967,0.5021209726857461,0.8628888767896928,0.2208117966629219,-0.023878059108216942,-0.005314125453328003,107,-0.16269294181269223,0.5044762922626871,-0.846737066701807
1789322065.5080843,LIDAR_ONLY_SAFE,-3.777425642833104,-2.8135003408359713,-0.23920268155673946,0.05150420368435469,-0.023237955628161833,0.4769809104801136,0.8770955053234659,0.2113112144717906,-0.0408346885807048,-0.004438186247373577,99,-0.16841862790485826,0.4856014602233348,-0.8499900630890493
1789322065.6259615,LIDAR_ONLY_SAFE,-3.783480605813423,-2.80605831871928,-0.2450484092943795,0.05094711795219011,-0.018990656484282015,0.4498326629238276,0.8914562925379571,0.20404052058022243,-0.05771888308693439,-0.0037723739929629574,85,-0.1596212045042231,0.4671677157836892,-0.8524507308842271
1789322065.7329817,LIDAR_ONLY_SAFE,-3.7604276923502686,-2.792235226823229,-0.24790498250336662,0.05199937127543379,-0.017111594795071676,0.43142924892760587,0.9004843484926826,0.2040961406833575,-0.0730230967860561,-0.0032577063119929445,73,-0.13445966643059454,0.4778565618921551,-0.8507217658126306
1789322065.8530252,LIDAR_ONLY_SAFE,-3.751198468562264,-2.7815882245487935,-0.25105962601104254,0.05188844808530812,-0.0156282216016928,0.4241514297213378,0.9039684243988901,0.21132243450974755,-0.09149996359029158,-0.0027539613542706814,80,-0.1164766200296791,0.4925715386726028,-0.8477109368943363
1789322065.9677331,LIDAR_ONLY_SAFE,-3.741102594543602,-2.775153106012623,-0.25169947563270584,0.05190403342722818,-0.015476462446121199,0.42410736106684127,0.9039908167194283,0.22188467473178106,-0.1100793595567644,-0.0023019783277500733,83,-0.10418100419335881,0.4986969545863266,-0.8470021183811367
1789322066.07503,LIDAR_ONLY_SAFE,-3.732425787635429,-2.765801544503585,-0.2534065301072384,0.051803311295336975,-0.015131456740977194,0.42405882717209376,0.9040252026648166,0.23323434216733394,-0.12999647708516832,-0.0018179717707109827,86,-0.0919818438444949,0.506618201899687,-0.8456361664636823
1789322066.1870215,LIDAR_ONLY_SAFE,-3.703906368491902,-2.7571399136225274,-0.25560193125034397,0.051869323712128414,-0.015347884469170393,0.4242336176985231,0.9039357572938416,0.24394752458972335,-0.14859857950440264,-0.0013683779466408669,89,-0.07777084538671168,0.5266984330777494,-0.8424174340264916
1789322066.2986147,LIDAR_ONLY_SAFE,-3.6918401920897566,-2.745794142888821,-0.2575742634345464,0.05182071992083367,-0.015183296034787526,0.4241738319745375,0.9039693804418617,0.2550937273453358,-0.16790075104375857,-0.000902473171315199,90,-0.06292115177257236,0.5446437217415728,-0.8399614245425048
1789322066.4164004,LIDAR_ONLY_SAFE,-3.680775653363517,-2.7403768557898442,-0.25863462433357537,0.05186584328516903,-0.015093686064217456,0.42418204544706056,0.9039644391576811,0.266043084361648,-0.1869204441472195,-0.00044562965461787674,89,-0.04960430936662176,0.5609104403883998,-0.8378791793659075
1789322066.5226247,LIDAR_ONLY_SAFE,-3.6669820246678975,-2.736210183767737,-0.2604268320964503,0.05187135030800214,-0.014926937300442082,0.424110057818918,0.904000668371925,0.27630931877351594,-0.20615675573387604,2.5413277187386063e-05,89,-0.03663693941860051,0.5744069000411837,-0.8360833299332651
1789322066.6382086,LIDAR_ONLY_SAFE,-3.6525175436087767,-2.7332745659247233,-0.26402953408611635,0.05193603791704999,-0.014788768124229305,0.4240297170413118,0.9040369126140324,0.28549980700666633,-0.22410738256305124,0.00045332604770860485,90,-0.026742956910910914,0.5856666266324965,-0.8342050867676103
1789322066.7503016,LIDAR_ONLY_SAFE,-3.6480118190948208,-2.7230470511666556,-0.2626918895361921,0.05199786619918093,-0.014146483697231784,0.4175202229297751,0.9070683338946448,0.29391230187933187,-0.23332384254942765,0.000581788591124302,90,-0.01568988517386992,0.5967824677801066,-0.8322232578073533
1789322066.869627,LIDAR_ONLY_SAFE,-3.6577532678254463,-2.728539489366387,-0.26478249576898044,0.05315015607932444,-0.012919392380449396,0.39806317011351067,0.9157258666262769,0.3012193292400137,-0.2282561900904269,3.057198624871471e-05,64,-0.00851401811953281,0.6083335249655475,-0.830618533547757
1789322066.9792871,LIDAR_ONLY_SAFE,-3.6575132249615128,-2.705110050831756,-0.26682776953047577,0.0537141926121441,-0.011008144880219709,0.38534798412958926,0.9211408889988456,0.29847749828428916,-0.21766289649386394,-0.0002537316772549536,82,-0.020995487141257183,0.6218103901713642,-0.8295593236652822
1789322067.1209643,LIDAR_ONLY_SAFE,-3.6697196543753323,-2.7124464007705487,-0.2661024432938269,0.05431092104449179,-0.010362586984219893,0.38540741704414994,0.921088521008513,0.2888870820702721,-0.1963313636762144,-0.0005037885147101545,86,-0.017937024097336638,0.6382544944820239,-0.8276241895633192
1789322067.2133906,LIDAR_ONLY_SAFE,-3.684579213090992,-2.7235985413927395,-0.26733254679756585,0.05424575914546907,-0.01027749520643369,0.38537871097307186,0.9211053250501525,0.2825779642904147,-0.18265437833197132,-0.0008536738280837258,86,-0.02724647711158491,0.6157097169611934,-0.8292606932929154
1789322067.3188112,LIDAR_ONLY_SAFE,-3.6919757678456953,-2.730904086767233,-0.2672857331036343,0.054320546474532896,-0.01039486707329213,0.38543118999772535,0.9210776420835401,0.27556901743492623,-0.1674613433280771,-0.001250562995812346,84,-0.04140947884148659,0.5959705356343681,-0.8324374356953529
1789322067.4416163,LIDAR_ONLY_SAFE,-3.6991850312724393,-2.737562731006525,-0.2675717483443168,0.05440890721329276,-0.010509301263627802,0.38546082877548965,0.9210587249912561,0.26754376582140327,-0.15006590364346317,-0.0017051058660572105,86,-0.054927468177099335,0.5800131164263651,-0.8349781679373096
1789322067.547031,LIDAR_ONLY_SAFE,-3.707315946508111,-2.7461117369423453,-0.2678610297061344,0.0543920662508268,-0.010620107560018053,0.38550074991595173,0.9210417407797642,0.25976332353562115,-0.13320167514145576,-0.0021460013835548075,85,-0.0653632178262949,0.5708445308038964,-0.8364510469149484
1789322067.661648,LIDAR_ONLY_SAFE,-3.715603704276391,-2.753207974275444,-0.2680010216007512,0.05439962131845117,-0.010825880827643694,0.38551143337620086,0.921034427283227,0.25191472116881025,-0.11618973582219883,-0.0025911529044949366,85,-0.07732724924501028,0.5597059916858139,-0.8381808104361164
1789322067.7744985,LIDAR_ONLY_SAFE,-3.730172934164675,-2.762475521650228,-0.2686303856752646,0.05430310446935604,-0.01072908884100849,0.3855064966121308,0.9210433217647654,0.2440836699997127,-0.09921728620094333,-0.0030369065959496566,82,-0.09107437553248629,0.5470638993412901,-0.8400077444181784
1789322067.8888164,LIDAR_ONLY_SAFE,-3.7371162346356344,-2.769827980015873,-0.26931965902001936,0.054394649645199224,-0.010970038563521493,0.38553514797470545,0.9210230887551152,0.23630163158499498,-0.08234579392922202,-0.00348528012186837,85,-0.10475876486685598,0.5317577676688837,-0.8422522969492787
1789322067.9990976,LIDAR_ONLY_SAFE,-3.741919342443063,-2.7800662981546225,-0.2711295143183132,0.05432747747820405,-0.011107413911326885,0.38559809426652697,0.9209990555071598,0.22876353164648608,-0.06598988024153948,-0.003936492530041899,88,-0.11685620666512053,0.5194611452875214,-0.8439536938575662
1789322068.1170683,LIDAR_ONLY_SAFE,-3.7448974369239036,-2.796240379023114,-0.27394188798789004,0.05450658479738394,-0.011290149359690964,0.38576126616370493,0.9209179172265771,0.22122491444513326,-0.05066638797507898,-0.004383408542152634,89,-0.12874259464980023,0.5097281316304803,-0.8453578177650595
1789322068.2292655,LIDAR_ONLY_SAFE,-3.7501858382112445,-2.8399973169282213,-0.2873790528375694,0.05509944191003998,-0.009945991142213076,0.37233925256091943,0.9264062876318236,0.2104720496380233,-0.05531646725240258,-0.004035904158270903,88,-0.1369728076774785,0.49761168292780295,-0.8470952090057777
1789322068.3462005,LIDAR_ONLY_SAFE,-3.731833817881174,-2.852122805742277,-0.2903804683986712,0.05531042632340504,-0.008052251998761101,0.34572484427143174,0.9366697657291849,0.19883224371428462,-0.06811371876097136,-0.0033547298591761754,76,-0.13794576826489477,0.4750135418667515,-0.850676184467104
1789322068.4613392,LIDAR_ONLY_SAFE,-3.7156352712245235,-2.7985695402446,-0.2873250345540021,0.055204549805268344,-0.005055231973614931,0.3209226767352179,0.9454816433266136,0.1913726225056274,-0.08169492393835204,-0.0027663173596731705,62,-0.12239116788758611,0.469871876063593,-0.8503109957658354
1789322068.5705783,LIDAR_ONLY_SAFE,-3.727183383332764,-2.7528467173714573,-0.28399862194762066,0.05536479087576125,-0.0021542564704468557,0.3004260935030304,0.9521944451911338,0.1865895419611191,-0.09913920788570527,-0.002102263746697808,61,-0.10074751896186054,0.4899628606972265,-0.8474265708525761
1789322068.6856618,LIDAR_ONLY_SAFE,-3.6985209595855144,-2.7116704695779,-0.2825335802047437,0.05530329364444361,-9.815709654430746e-06,0.2834995969289728,0.9573763753910153,0.18344105384100304,-0.1212713260149931,-0.0013034662171011735,66,-0.08517399713123748,0.4940449317530652,-0.8463540243035688
1789322068.7965739,LIDAR_ONLY_SAFE,-3.681945956807548,-2.70429090730064,-0.2848689993856481,0.055173893214211504,0.001448488727504822,0.2697784986012093,0.9613393287910729,0.1815972708094502,-0.1468043319558239,-0.00040907008291227176,60,-0.06077958354446987,0.49355541120576685,-0.8458823962516788
1789322068.912136,LIDAR_ONLY_SAFE,-3.6540703557524163,-2.6871465633307663,-0.28528632480818533,0.05495645103778336,0.0028457438670966904,0.25637877389860325,0.9650086085239984,0.18029971118194063,-0.17255687816261558,0.0004531192078849333,59,-0.03756424120562066,0.4952693492397128,-0.8451053489517396
1789322069.0256698,LIDAR_ONLY_SAFE,-3.6320488038137406,-2.6970794660730073,-0.2936352857754562,0.05431182510106806,0.003976440381753534,0.2492365746251664,0.9669103078596253,0.18125126307629505,-0.19838540300896274,0.0012285226774444713,56,-0.017443368911526556,0.5069452446151039,-0.8429551451678843
1789322069.1450667,LIDAR_ONLY_SAFE,-3.6088927160489406,-2.6663323137596326,-0.29145773648063583,0.054440793682996494,0.004807251786008356,0.2425188985195182,0.9686060469428792,0.18804751400213712,-0.2218515816684422,0.001931013796405659,56,0.004922342560596058,0.5051655131740385,-0.8419095264326748
1789322069.2841437,LIDAR_ONLY_SAFE,-3.6134615870305913,-2.6310796026194594,-0.29230070863236407,0.05469025466737096,0.006814057725327331,0.23592893376440793,0.9702062063677617,0.19471411170869934,-0.2516289124840518,0.0028025522622538296,57,0.026903749197916375,0.5277841782831927,-0.8388028661740228
1789322069.3719895,LIDAR_ONLY_SAFE,-3.5694937683024146,-2.6047887842969866,-0.29227765659107535,0.05613759047799048,0.006781985027582269,0.23180422238747153,0.9711175923119459,0.1960522069167871,-0.268448744077045,0.003301759061779125,59,0.044677611559852726,0.5290864217011458,-0.8388675495278695
1789322069.4861038,LIDAR_ONLY_SAFE,-3.5561738411307813,-2.5984739717155954,-0.29410708516520606,0.05598357311117783,0.007094918310688144,0.23176078963629,0.9711346137704255,0.19814766341279838,-0.28823437947780634,0.004085569179012344,76,0.06341657240371974,0.5463122792554824,-0.8354219518772245
1789322069.595007,LIDAR_ONLY_SAFE,-3.544238507883345,-2.5968930720138665,-0.29458239278331727,0.0561479061034266,0.007225885500842492,0.2318238105586415,0.9711091185222187,0.2004278672867129,-0.3068053011176038,0.0046808462459954625,70,0.08568798220879015,0.5614805454168212,-0.8330209718247281
1789322069.7053592,LIDAR_ONLY_SAFE,-3.516900969459766,-2.5897539231928772,-0.2956144661566195,0.056123065581902894,0.006931626254010762,0.2319568195874003,0.9710809378800834,0.2028265759634527,-0.3261656070433459,0.005293802283786592,69,0.0966372049854486,0.5566318555241446,-0.8330270945993156
1789322069.8206258,LIDAR_ONLY_SAFE,-3.504865365127836,-2.586698748422313,-0.2959879601164072,0.05603093629764967,0.007045339625474333,0.23195652008324485,0.9710855112491596,0.20525112327210426,-0.3457388885450212,0.005913477201379427,97,0.11366979078540634,0.5645427234365757,-0.831654109117779
1789322069.934255,LIDAR_ONLY_SAFE,-3.492011211208558,-2.577623218429786,-0.2965795841895679,0.05598582124792527,0.007172180406552458,0.2318678777013399,0.9711083538605194,0.207580119637339,-0.3645464149818619,0.00650928213787455,94,0.12939813787012858,0.576037502978559,-0.8298462338347526
1789322070.0456095,LIDAR_ONLY_SAFE,-3.480214303928385,-2.5704456811282035,-0.2996014000468396,0.05593379806241732,0.007565222248603985,0.2318390631966883,0.9711152487849853,0.20997780463142376,-0.3845021379511022,0.007142402080850416,87,0.14633464181439024,0.5860932686245546,-0.8280229002575877
1789322070.1594963,LIDAR_ONLY_SAFE,-3.471884729509199,-2.560394567777714,-0.30077214556370707,0.055744220526635496,0.008495321512126086,0.23176317960914314,0.9711365712235038,0.2123125981567828,-0.4039962509730997,0.007794014485297901,69,0.16387838504016516,0.5846729507897563,-0.8272722121681841
1789322070.2724757,LIDAR_ONLY_SAFE,-3.460573778434144,-2.556757235222065,-0.3025547298134356,0.055638932607761774,0.009149851105954265,0.23178176786762533,0.971132226572245,0.21471363324005002,-0.42396394045540603,0.008463676468691839,66,0.1881539303188359,0.5905675196609278,-0.8259724523063277
1789322070.3875942,LIDAR_ONLY_SAFE,-3.4516296800093387,-2.5561811227324873,-0.30680845573284093,0.05555528008247608,0.009990442639195,0.23182549857926577,0.9711182935766917,0.21713963001368963,-0.4443341116976307,0.008949324852714047,62,0.21180095858171769,0.5816920343159899,-0.8270697266522342
1789322070.5015473,LIDAR_ONLY_SAFE,-3.4375863644551448,-2.558793061790401,-0.31312087312404663,0.05636182533129739,0.011107261055357281,0.23172624824924912,0.971083374005291,0.22138504502799106,-0.46637490706981377,0.009436442040142184,66,0.23352144025609659,0.5859003978482042,-0.825913705080149
1789322070.6176956,LIDAR_ONLY_SAFE,-3.426937556430569,-2.5439161228486507,-0.316251096168026,0.05622464583869856,0.012566007122569245,0.2246490591202773,0.9727351566082532,0.22804213378841057,-0.4916794238736822,0.009946806477163936,62,0.2636847340662763,0.602953468276693,-0.8227397210520053
1789322070.733996,LIDAR_ONLY_SAFE,-3.395354219345818,-2.52910643742759,-0.31883048886222703,0.05604388331361023,0.013352985858001898,0.2179761933897893,0.9742521029113069,0.2336852677036581,-0.5165373037407777,0.01046965881409756,61,0.2893263767590792,0.6192069275766373,-0.8206345557168178
1789322070.8433077,LIDAR_ONLY_SAFE,-3.391154733013921,-2.503215659936311,-0.31746802634321253,0.05579623405339665,0.014960783648929065,0.21096813515045684,0.9757845054976058,0.23869366528587405,-0.5417044732518526,0.011011111115185032,66,0.3211528309941092,0.6385907880922754,-0.8173719341062157
1789322070.959881,LIDAR_ONLY_SAFE,-3.356677056927484,-2.45893695008863,-0.3167595214032212,0.05661459489979716,0.01573939895827975,0.20456627968298002,0.9770873534036908,0.2429839725117079,-0.5659350547505348,0.011541675763219766,63,0.34637566248865714,0.6523993936990538,-0.8133425772364535
1789322071.0662916,LIDAR_ONLY_SAFE,-3.3612849928248183,-2.4101626284862783,-0.31270006987434046,0.057014660931047796,0.017636514302270395,0.1976740843132404,0.9784494050246572,0.24702719624202144,-0.5916927231216034,0.012118301999022543,62,0.38718007312302877,0.6773267961575614,-0.8082441001984617
1789322071.1813614,LIDAR_ONLY_SAFE,-3.3374581532211183,-2.363742565251131,-0.3135285682135433,0.05775538784563337,0.01946739696776682,0.19141977156315934,0.9796141111094755,0.2505454772096225,-0.6166923536737458,0.012683646617321437,66,0.416951840534919,0.6804945265760677,-0.8060991229957705
1789322071.2944143,LIDAR_ONLY_SAFE,-3.305032217558519,-2.3105819949657613,-0.31277212237059276,0.05817790825475097,0.020774546535076956,0.18554037919828456,0.9806928759271786,0.2536251935907762,-0.6413725470447825,0.013249754007999659,64,0.4411722384320047,0.6929731464954136,-0.8041063426616046
1789322071.4255385,LIDAR_ONLY_SAFE,-3.3108924648771008,-2.260021944845869,-0.3128987635887274,0.05814454690962765,0.0236770810480025,0.17884015832556888,0.9818731105737676,0.2568436211776207,-0.6681715574908748,0.013860556001666607,64,0.47201950456164954,0.7003525096506251,-0.8025000778122725
1789322071.526904,LIDAR_ONLY_SAFE,-3.27941333043303,-2.2128212213922627,-0.31349493813419144,0.058538254743282725,0.024998450841675044,0.17263123472305061,0.9829276712887485,0.2595972546062322,-0.6894624822410675,0.014362588840869911,62,0.49699939572091867,0.7151801833003186,-0.7994205269860364
1789322071.6454623,LIDAR_ONLY_SAFE,-3.260394018985318,-2.1731813893597276,-0.31428837778420543,0.05824961409498118,0.026734271791159402,0.1690980691876521,0.9835131438707824,0.26103235858357204,-0.7139575920885904,0.015004638409001014,61,0.529070980129285,0.725793379332899,-0.796093320451315
1789322071.758349,LIDAR_ONLY_SAFE,-3.247080679277543,-2.1686286047350185,-0.31751337148331943,0.05822626059667389,0.02736845924064045,0.1691271005670927,0.9834920914117664,0.2615439053820193,-0.7383347413189832,0.01563957550040529,78,0.5561663264957933,0.724668269205877,-0.796404586379369
1789322071.8658228,LIDAR_ONLY_SAFE,-3.2332714582941677,-2.1634520722902435,-0.3193454235178222,0.05793415448752462,0.027843398221941464,0.1691274387928546,0.9834959523895558,0.26204352633690514,-0.761035632730849,0.016229910850618423,81,0.5843935950998685,0.7319612268522031,-0.7950715238241183
1789322071.9806767,LIDAR_ONLY_SAFE,-3.216841020471181,-2.1562003398427296,-0.32081194416683806,0.05781580016348958,0.028263842866059544,0.16910558304669263,0.9834946823548851,0.26262290457205595,-0.7853533802862743,0.016856756630139885,73,0.609582931865195,0.7338766228617107,-0.794554791290046
1789322072.091747,LIDAR_ONLY_SAFE,-3.1955500171258575,-2.149526052848178,-0.3228167608326083,0.057359165018014045,0.028546906572812756,0.16909955439898144,0.9835142810430488,0.2631700580634452,-0.8084876621784877,0.01745242388110009,80,0.6345372534217424,0.7386150323688568,-0.7930189192064243
1789322072.2048361,LIDAR_ONLY_SAFE,-3.1649476533797345,-2.1367245746922765,-0.3264813745808853,0.05736342844847485,0.028793266722286385,0.16924842084424854,0.9834812438017434,0.26372242476204744,-0.8318850579355187,0.018054503455992382,71,0.6577698522353144,0.7399278147595413,-0.7919266987809391
1789322072.318843,LIDAR_ONLY_SAFE,-3.1532482209093673,-2.123797851762965,-0.3274614619103811,0.05718337117050098,0.029534775296252775,0.1691938423494138,0.9834791318685,0.26430127168352363,-0.8565141674309915,0.018688172583659984,69,0.687371630170292,0.7470217223673026,-0.7901559287714616
1789322072.42825,LIDAR_ONLY_SAFE,-3.139584716360506,-2.117056875946845,-0.3310287312253362,0.057612156403601025,0.030347743693611068,0.1692672650955598,0.9834167208535268,0.26483182972732483,-0.879853677890288,0.01928648977423937,72,0.7108252275669082,0.7503578191351025,-0.7885465334987889
1789322072.5417836,LIDAR_ONLY_SAFE,-3.1251487741621284,-2.110846683288822,-0.33264902436204974,0.05759554826354923,0.0309855992116737,0.16926292914361363,0.9833985490529457,0.26537617457543916,-0.9039308876689077,0.01985612423469396,75,0.7376762492560721,0.7555327856796076,-0.7866211863477329
1789322072.65579,LIDAR_ONLY_SAFE,-3.1054258384870272,-2.110484342094263,-0.335858401027521,0.05739396987500194,0.03112574108877818,0.1693114865120931,0.9833975498234309,0.2659296973662981,-0.9286510509891193,0.020315887861589818,74,0.7632802937362279,0.7614248312093103,-0.7845875478194108
1789322072.7684646,LIDAR_ONLY_SAFE,-3.082773840254152,-2.105301703620483,-0.33992335259404355,0.05773553037424681,0.03133001030619135,0.16945419954447366,0.9833464868719266,0.26647226752373493,-0.9521974081684709,0.02074412747008543,103,0.7832068721957006,0.7671380152489126,-0.7831716137891176
1789322072.886859,LIDAR_ONLY_SAFE,-3.056216017942089,-2.1098030940407146,-0.3425320846969205,0.057860668904328914,0.031127746390656585,0.16961172701056643,0.9833183962781719,0.2673486591652813,-0.9770711894715691,0.02119263928642634,89,0.8040654847564127,0.7744836833447003,-0.7817320642041408
1789322072.992619,LIDAR_ONLY_SAFE,-3.0371140411576123,-2.1151677261380355,-0.34945907389021197,0.057835998104014956,0.03133214542400727,0.16956322791862283,0.9833217203561907,0.26858568600231075,-1.0019728012889506,0.02163494192347494,72,0.8236539756499104,0.7755969879345831,-0.7814705292060493
1789322073.1090455,LIDAR_ONLY_SAFE,-3.0183182436572826,-2.1185687364911616,-0.3543303683752133,0.057867630638454216,0.03152184057806953,0.16948507410208327,0.9833272703161821,0.26960520554533773,-1.0279917449689209,0.022101547632702653,68,0.8519203861140106,0.7845081159433824,-0.778215293259963
1789322073.2182877,LIDAR_ONLY_SAFE,-3.002601564002255,-2.1149814455185454,-0.35710496394309416,0.05801980707246253,0.031930704697344485,0.1695200639317751,0.9832990796341529,0.27018940241008826,-1.0527860064133063,0.02255046207754921,65,0.8778772412687305,0.7913022491429899,-0.7771051151947039
1789322073.3329625,LIDAR_ONLY_SAFE,-2.981952743283215,-2.1128164595091308,-0.36125236597777627,0.05801228057477075,0.03217649372436711,0.16950403499311478,0.9832942747088345,0.2707422817307378,-1.0790899200366637,0.02302642165521218,66,0.8977255467558534,0.7932005321746222,-0.7759736278101845
1789322073.4425545,LIDAR_ONLY_SAFE,-2.9622669746567456,-2.1157777983539665,-0.3660168024926698,0.058079368728756575,0.032431734647949656,0.16963963216898464,0.9832585441852848,0.27113370967571104,-1.1035855487461315,0.023466690647252472,76,0.9203865204960404,0.8030973773016234,-0.7741162846267605
1789322076.06707,LIDAR_ONLY_SAFE,-2.47576280138335,-2.077624578125258,-0.44303599346235895,0.05827687907702863,0.0340162462774767,0.17128281243055166,0.9829083876537589,0.2754783019745774,-1.6856524946477618,0.03421753254393342,88,1.4220635693871968,0.9800508640921094,-0.7321873122317414
1789322076.1349115,LIDAR_ONLY,-2.455524789131084,-2.076552538986021,-0.44630907704756334,0.05829028315898789,0.03416979886634476,0.17135833703233666,0.9828891026276518,0.27549710515508696,-1.6992224301363426,0.03447174468823257,81,1.4475525053712643,0.9917116148332132,-0.7292820257868685
1789322076.246806,LIDAR_ONLY,-2.419120467356839,-2.071152865751883,-0.45121646086773476,0.05832146103714526,0.03396393721890298,0.17151751014370764,0.9828666246572758,0.2755316415586961,-1.7241716859661762,0.03494626360849565,79,1.4741093963210385,1.0044008669000213,-0.7282294701518358
1789322076.3592203,LIDAR_ONLY,-2.402928316747196,-2.068004047555487,-0.4540340485660371,0.05833258656124727,0.03414670723581978,0.17155873087068788,0.9828524373435031,0.2756054091603919,-1.749824231105912,0.03541672901082511,79,1.4924253824800289,1.0061629930221532,-0.7255387459534398
1789322076.4742036,LIDAR_ONLY,-2.3882682252697434,-2.0690427622860543,-0.45647611022172746,0.05845495368762947,0.03447818308982023,0.17160374382152854,0.982825736530458,0.27535622783557256,-1.7743175861234621,0.03587726789034419,67,1.51478654920411,1.0154020311413194,-0.7230410646165112
1789322076.583919,LIDAR_ONLY,-2.365122243155221,-2.072458949322913,-0.46068061224150975,0.058412791201498775,0.03446971038246719,0.17164301149331515,0.9828216834684228,0.2751746535677047,-1.7990951706588534,0.036337830206128116,85,1.5367039961296052,1.0245180739639388,-0.7209816588006513
1789322076.6991239,LIDAR_ONLY,-2.331862493264996,-2.062030266639914,-0.4638989429456993,0.058646685330354116,0.034203153605687535,0.17182546036674848,0.9827851859653477,0.2751121213292109,-1.8245379924362983,0.036808748305957234,80,1.5596264726000773,1.0312857881667827,-0.7190634508414747
1789322076.8123677,LIDAR_ONLY,-2.316006200277459,-2.0542545770062404,-0.46752447080190357,0.05871353190176294,0.03439662096005802,0.17183792897597502,0.982772262430823,0.27508058821529796,-1.8493890973122298,0.03727407871860959,95,1.585376953271954,1.0431884433797427,-0.7165586601638665
1789322076.9230466,LIDAR_ONLY,-2.3018918323904884,-2.0452643739812544,-0.4694063820549044,0.05903107218698468,0.034679167338358415,0.17187999147972197,0.9827359545666903,0.27504544482885357,-1.8737709133845613,0.03772886000931937,105,1.605056958069612,1.0490711121116083,-0.7146412872840792
1789322077.0392528,LIDAR_ONLY,-2.2830494064632916,-2.036957906668114,-0.4718843556157282,0.0589136096660037,0.03495774585920719,0.17182462849213953,0.982742814598053,0.2750069419499587,-1.898686592449404,0.038193126420035264,105,1.625681245344126,1.0559661451033475,-0.71297254350072
1789322077.1495285,LIDAR_ONLY,-2.253368092397806,-2.0283803933966267,-0.47598498133348516,0.059102238711563546,0.034918680870155455,0.17200458646274677,0.9827013958173404,0.2749671503929414,-1.9236229580116886,0.038657692515457365,105,1.646485787954208,1.0638894327391135,-0.710311114258085
1789322077.2678318,LIDAR_ONLY,-2.2357267929128377,-2.025449506297046,-0.4785286203362778,0.059062558898857566,0.035188030629115394,0.17204482045602731,0.9826871304698239,0.27492546590817746,-1.9493325602218121,0.03913647494199296,101,1.6696814765471746,1.0710410611502577,-0.708364811365962
1789322077.3724496,LIDAR_ONLY,-2.2178116410468927,-2.020525169506719,-0.4813428400811744,0.05897310701111955,0.03528866307605651,0.17204312788822454,0.9826891904636967,0.2748873671797635,-1.9733221397780594,0.03958302396268994,99,1.690857632754005,1.0763379455764508,-0.7064415381278868
1789322077.4854429,LIDAR_ONLY,-2.1994285591111074,-2.0084024464168238,-0.48394938378396307,0.05901416484073036,0.03553788301446691,0.17195321125558713,0.9826934824032837,0.2748487513648148,-1.9993314573301002,0.04006683441090837,98,1.709882230868604,1.0862357717094555,-0.7043351667512695
1789322077.5968091,LIDAR_ONLY,-2.170092101284972,-1.9996221473185591,-0.4879617013537117,0.05927587401838085,0.035397745907091084,0.17216887602747122,0.9826450266863876,0.2748126625293258,-2.023856434802701,0.040522916253353095,104,1.7326222317350166,1.0935528908698111,-0.7018100472265231
1789322077.711306,LIDAR_ONLY,-2.1519360358541006,-1.9965191889414537,-0.4900995092678651,0.0592465789386411,0.03552844221356227,0.17220157251761495,0.9826363473332369,0.27477556366605216,-2.049402857285134,0.0409975673479587,102,1.7549653296218541,1.1031218479216558,-0.6999003861945902
1789322077.8210256,LIDAR_ONLY,-2.1315588269595476,-1.9898314708570102,-0.4915310081576059,0.0591839821473433,0.03562045835762841,0.17215086691277132,0.9826456727756738,0.2747401566261637,-2.0739686882833004,0.04145361491745676,110,1.777469621377935,1.1153398902031595,-0.6974247580311012
1789322077.9370477,LIDAR_ONLY,-2.0998514506549397,-1.980847371079319,-0.4958281600272419,0.059435692981727725,0.035671776327449174,0.17233894818815151,0.9825956491410024,0.2747047788051863,-2.0992935827319794,0.04192241144644478,111,1.7984787256010522,1.1226583896939646,-0.6962800112954218
1789322078.0448456,LIDAR_ONLY,-2.0842610528841954,-1.9797931634336516,-0.4972130103353854,0.05953382393267639,0.0358978265098921,0.17241465338291892,0.9825681946606387,0.2746697442518003,-2.1241119312535304,0.04238021701448799,110,1.8232087317862988,1.1291063061941868,-0.6948190855769053
1789322078.163911,LIDAR_ONLY,-2.0668098047067733,-1.971219660340116,-0.5008146277334877,0.05940754326658346,0.03615115735771951,0.1723570368264199,0.9825766583229741,0.2746424071648287,-2.1503862829777796,0.04286138857035436,113,1.8440577201377963,1.135686532399983,-0.6935417051597135
1789322078.2772467,LIDAR_ONLY,-2.04873580188565,-1.965586870652679,-0.5035730582046263,0.05908254727815882,0.03636284894349502,0.17230915774494326,0.982596840001567,0.27461630681000415,-2.1749964578464303,0.04331106391913689,104,1.8672897048827972,1.1448689774676555,-0.690272610887361
1789322078.4027777,LIDAR_ONLY,-2.0166108052114886,-1.96479077870372,-0.5090947710504523,0.05918241081604321,0.03637515792832684,0.17258472308423586,0.9825420110578621,0.274562220621352,-2.2025019713184224,0.04383743487259613,104,1.8894448363360645,1.1524395972030135,-0.6886447459990465
1789322078.4986742,LIDAR_ONLY,-1.9993603805291116,-1.9620868833314449,-0.5119381400928544,0.05913623437058953,0.036595331330022456,0.17262983745917237,0.9825286900279974,0.2745306453805647,-2.2238056305039486,0.0442378430462019,102,1.9132544783079093,1.1597051710762283,-0.6875375458190986
1789322078.620629,LIDAR_ONLY,-1.980441521418608,-1.9581254417051883,-0.5141880110979682,0.059060534614505694,0.03675649844492561,0.17261814154526844,0.9825292821501935,0.2745186679690918,-2.2511642976518105,0.04475616108546267,100,1.9346137575545723,1.168089662882803,-0.6857890596000098
1789322078.7202241,LIDAR_ONLY,-1.9471372497328021,-1.9513538268923187,-0.518897254469066,0.05925473362253775,0.036645937071108,0.17279744929003438,0.9824902001334977,0.2744509649535559,-2.2735331364163356,0.04516933921007771,91,1.957281283823392,1.175181750267019,-0.6831717245469359
1789322078.8329988,LIDAR_ONLY,-1.929224810294754,-1.9555277913884928,-0.5232783414070028,0.05946542623025746,0.03674846497085212,0.17295716677611764,0.9824455363358918,0.27423072272302274,-2.2985375464734896,0.04563834747730522,91,1.9838692537098772,1.1861852789885885,-0.6813308175118616
1789322078.9465883,LIDAR_ONLY,-1.910082255654193,-1.950151077843153,-0.5260234101016534,0.05941367310363048,0.03675984197760675,0.17292665867712434,0.9824536122305632,0.27407166427449975,-2.3233121360950575,0.04609797281530216,84,2.0036916356866077,1.1907883502122374,-0.679956590901963
1789322079.0629697,LIDAR_ONLY,-1.8779115020073098,-1.9459014775603014,-0.5301975023869105,0.059388901664384104,0.03673330984708102,0.1731094622710465,0.9824239086967529,0.2739941671547528,-2.349020839030447,0.0465753189403028,88,2.029703926771025,1.2020958884713648,-0.677924826131742
1789322079.1681402,LIDAR_ONLY,-1.8624456706602937,-1.9453283265019736,-0.5322964907128143,0.05935787286773962,0.03701624532875722,0.1731930144123534,0.9824004378404667,0.27391715488528534,-2.373451058938178,0.047033115612721624,82,2.0556853281120184,1.2129356940736666,-0.6760959304620873
1789322079.279121,LIDAR_ONLY,-1.8413419367962518,-1.9465217761324725,-0.5356964457068691,0.05926569260507362,0.03712585613072171,0.1732719932951785,0.982387940085849,0.27383449035354146,-2.3986448915178973,0.04750414535249564,80,2.074990454250172,1.2190139194469938,-0.6743003077024069
1789322079.3910363,LIDAR_ONLY,-1.8078513869481754,-1.9384154848595194,-0.5406700380827043,0.059461737968718884,0.03695655182346111,0.173449824049848,0.9823510948393839,0.27375408474819907,-2.4231027393852176,0.04796069028470841,77,2.0946242960627215,1.22744124350522,-0.6713951203352816
1789322079.5077376,LIDAR_ONLY,-1.79209985650944,-1.9291740996526914,-0.5433270859882662,0.05939456595491654,0.03728255620470522,0.17339913588206624,0.9823517884206364,0.27366985158349694,-2.44882264563782,0.048440486751259115,80,2.1192197603150946,1.24069820187633,-0.6692939130120321
1789322079.6132677,LIDAR_ONLY,-1.7728870551587785,-1.930841705647063,-0.5460660605545409,0.059491482885296404,0.03742566798797148,0.17353223897018683,0.9823169778018481,0.2735897669929903,-2.4733034560416303,0.04889703089158122,80,2.1400927576089868,1.2476098066930035,-0.6671671815617574
1789322079.7308207,LIDAR_ONLY,-1.737347212950058,-1.921402750936688,-0.5503623951739391,0.0597429167911916,0.03725371763356271,0.1736680407696361,0.9822842541907081,0.2735045148441686,-2.499291605520925,0.04938150677120305,79,2.160769225689935,1.2575469431400015,-0.6652792982265735
1789322079.8369813,LIDAR_ONLY,-1.7190022956259081,-1.9195397527528142,-0.5536545827597117,0.059695720525301574,0.03748981737087483,0.17369495513108935,0.9822733820614669,0.2734252996836428,-2.5232887255433654,0.0498286995947516,89,2.1863678822295767,1.267220859118809,-0.6630985863461041
1789322079.9506748,LIDAR_ONLY,-1.7002459511716335,-1.9176837163401415,-0.5560545385099778,0.059735457889072995,0.03761405608467092,0.17378504915066348,0.982250281011588,0.27334532903797226,-2.5477947474169107,0.05028498778202191,109,2.2081486026602035,1.2769087531371024,-0.6616345968999694
1789322080.0656993,LIDAR_ONLY,-1.662324097575307,-1.9091416002622323,-0.5605774706699866,0.06007487160850332,0.037238669662066015,0.17399497484646184,0.9822067195917571,0.2732605136445455,-2.5735674963850252,0.050764780992986605,108,2.2294672978697405,1.2869574883021366,-0.6591198572092092
1789322080.1778333,LIDAR_ONLY,-1.641385735520968,-1.899189266948149,-0.5642513194152641,0.06012165787842721,0.03747807863912373,0.17393639741668415,0.9822051259941451,0.273179433026497,-2.598098684563132,0.05122105630994847,105,2.2532155447317126,1.2958398024360598,-0.6572371019701955
1789322080.2849832,LIDAR_ONLY,-1.6260190004929795,-1.898598442504136,-0.5670142963755493,0.06015296164682993,0.03778735590458418,0.17405157332254176,0.9821709559759967,0.27309777228377524,-2.62338510212616,0.05169019098355808,101,2.2767431178232194,1.304178580891855,-0.6560597002753272
1789322080.4015005,LIDAR_ONLY,-1.5905019558968074,-1.8984910108517343,-0.5721859965330476,0.060177616635377816,0.0373791250797321,0.17429138091047117,0.9821425405737604,0.27302009402717853,-2.6486573852522577,0.052156839781809,101,2.296062127369897,1.3093505572660702,-0.6546208050917027
1789322080.5107732,LIDAR_ONLY,-1.5644903330691162,-1.899444977121141,-0.5759123594334667,0.05998539114159941,0.03733600867942513,0.1743200822524051,0.9821508459646076,0.27294856723385896,-2.6736306810770354,0.05261442706493581,102,2.3202940171158084,1.3211333913397791,-0.6521951656837595
1789322080.6264164,LIDAR_ONLY,-1.5340228373353606,-1.8967552414681657,-0.5807153216708818,0.06026966001669466,0.037278001045633606,0.1745585017509581,0.9820932991248716,0.27287059681350057,-2.6989994277728937,0.05308453958701953,103,2.3399702417514523,1.3272344680351889,-0.6496446326626832
1789322080.734787,LIDAR_ONLY,-1.5179635849853426,-1.8881099561927976,-0.5818230626092442,0.06036986419836646,0.03757660731907837,0.1745877887910445,0.9820705586077368,0.27278277790291044,-2.7230951135681964,0.05354311397136796,103,2.3621738991012924,1.3354809735973638,-0.6475046410221366
1789322080.856246,LIDAR_ONLY,-1.501559090314282,-1.885598513141968,-0.5854113280507509,0.06034990662333817,0.03785037118964779,0.1745923558578234,0.9820604601791967,0.27270154854203527,-2.7496602504702876,0.05404324311168651,103,2.386571075364261,1.345194383884062,-0.6461324534239354
1789322080.9629889,LIDAR_ONLY,-1.4709245948717709,-1.8827691810841405,-0.5906532064306007,0.0606224071306281,0.037663851127765165,0.17479356765501827,0.9820150542524002,0.2726416143895999,-2.772595780368615,0.054477721882459376,99,2.4069378497436116,1.348550821246525,-0.6436425390393813
1789322081.0785758,LIDAR_ONLY,-1.4528235232028777,-1.8821534881827884,-0.5937623928335494,0.06053733533607622,0.037786790919206455,0.17481312079093558,0.9820120988367554,0.272524016815047,-2.798178168042416,0.05495192719894382,99,2.428864754886977,1.355726720941163,-0.6407001994645842
1789322081.1920493,LIDAR_ONLY,-1.4309528380101366,-1.8883035268109154,-0.598704904583111,0.06044179068335488,0.03768020504786924,0.17490101487208548,0.9820064292474132,0.2723280970095632,-2.822936336016414,0.0554154436030202,89,2.448069122812286,1.3644089976666105,-0.6378240538075814
1789322081.3008926,LIDAR_ONLY,-1.3955795675563476,-1.8860530897414054,-0.6049710698910591,0.06046649561550551,0.03737513058360526,0.1750722715602368,0.9819860499276848,0.27219196616126257,-2.8477011921106956,0.05587414025142426,80,2.466672890142652,1.3692583707892072,-0.6344969217859208
1789322081.4139483,LIDAR_ONLY,-1.3804687401354718,-1.8770548113248493,-0.6083081805804613,0.060472204486113526,0.03750069762460737,0.17505898754226584,0.9819832794110775,0.27208900754215987,-2.8729129697554896,0.05634462401220265,81,2.489735548511072,1.3758631231185492,-0.6316697557479938
1789322081.531494,LIDAR_ONLY,-1.3460892809156182,-1.8684379845480947,-0.611016883235493,0.06063433844952412,0.037178664085989424,0.17517073303582978,0.9819655993084788,0.27198533383336476,-2.897864136876646,0.05681222549335109,82,2.5124999639384447,1.3833020577473576,-0.6303176380663913
1789322081.647409,LIDAR_ONLY,-1.3275470400065281,-1.861289213699376,-0.6143644141044342,0.06050248118189254,0.037324828669467014,0.17507765515265508,0.9819847868484917,0.2718774814993747,-2.9233312949521486,0.05728851868557336,81,2.5354561276196845,1.3938684189964627,-0.6275649350177815
1789322081.761243,LIDAR_ONLY,-1.3039865531574757,-1.8563361836339132,-0.6171155675870172,0.06063715778760431,0.037252732430114795,0.17519471568034414,0.9819583395539828,0.271771994484912,-2.948309532775756,0.057755012145712575,78,2.5561651013510867,1.4028058342804421,-0.6256359689101908
1789322081.8783386,LIDAR_ONLY,-1.279098602772118,-1.851701316008521,-0.6204280828461171,0.06068580207748917,0.03728793844472017,0.1752594888523232,0.9819424395757509,0.27166325688730486,-2.9742963794803736,0.058240057202965906,84,2.5742580696189004,1.4099406364682923,-0.6244338986479046
1789322081.9847577,LIDAR_ONLY,-1.2588216449575682,-1.8450738193954686,-0.6234475951471834,0.06050818437913096,0.03739927994407014,0.1752310619146284,0.9819542394750775,0.2715646508040608,-2.9977914403450394,0.05867846914142985,79,2.5964149523066347,1.4154313781025585,-0.6243922108613298
1789322082.1040916,LIDAR_ONLY,-1.2326571684924843,-1.8426959229945457,-0.6276524015368985,0.06073433402347402,0.037324092094227684,0.17547339743467819,0.9818998623142781,0.27145681369049246,-3.02353875672808,0.05915879559347739,93,2.6180023176545837,1.4215207442427038,-0.6231382939827673
1789322082.2218368,LIDAR_ONLY,-1.2149559013476006,-1.8389732747056529,-0.6302123352924114,0.060773011445759376,0.03746806691370467,0.17550727554541773,0.9818859308861639,0.27135300246818883,-3.048289158109107,0.059620402019086555,100,2.643181581123837,1.4286586897814026,-0.6226883267006155
1789322082.330817,LIDAR_ONLY,-1.1862862283728803,-1.8314788216230913,-0.633229619390709,0.06081093437846979,0.03733485503691483,0.17559193638142026,0.9818735207434883,0.27124893402962,-3.0730429016166734,0.060081945108743554,103,2.666880437093385,1.437152085420043,-0.6220696810747227
1789322082.4450593,LIDAR_ONLY,-1.1699438716651434,-1.831012857566665,-0.635519202907515,0.06079446658318863,0.03754464996492035,0.17570278979711426,0.9818467099040401,0.27114596953113035,-3.0973004665891914,0.06053403706284134,97,2.693190626382242,1.4460145654336258,-0.6193455333841809
1789322082.5600617,LIDAR_ONLY,-1.1401321634066182,-1.8268768115074503,-0.6387824264594737,0.06092775680814355,0.03730677548980343,0.17588010131207676,0.9818157683167117,0.27103553151259563,-3.1230659587683616,0.0610134429386113,94,2.7151328655926883,1.45407433345518,-0.6164802182659067
1789322082.679529,LIDAR_ONLY,-1.1186725821415748,-1.822347179088071,-0.6417587095639361,0.06086529915832037,0.03738705581220569,0.17589370621829703,0.9818141512164381,0.2709259649380431,-3.148836817270802,0.06149207932444056,94,2.7367188460283955,1.4649868972322893,-0.6140855850204143
1789322082.7872984,LIDAR_ONLY,-1.0910340727009078,-1.8210828948926072,-0.6457864276274723,0.061036488737315035,0.037205314830440386,0.17615513558051338,0.9817635559540793,0.27082344431710426,-3.1733425433090905,0.061944575569883975,89,2.759115247819018,1.4707405746666076,-0.6120344933666594
1789322082.9086049,LIDAR_ONLY,-1.0698961927730692,-1.8195249369640172,-0.6498002749893184,0.06116899278768733,0.037336480937970935,0.17624996380787397,0.9817333099015393,0.27071899916289494,-3.2005426196836626,0.06244510070677735,91,2.7813327444609506,1.4788483603851814,-0.6089034363164
1789322083.0202904,LIDAR_ONLY,-1.0422203662562086,-1.81036241323494,-0.6537787435868161,0.061405762953248864,0.037296970486268545,0.17631893803484625,0.9817076450547485,0.27062142293894065,-3.2236892481826063,0.06287759401008522,93,2.800963792126366,1.4914689748670813,-0.605348974648344
1789322083.1341934,LIDAR_ONLY,-1.0226894368356445,-1.8086688761193275,-0.6594850091635698,0.06129998839891567,0.03752069711212902,0.17644383706066394,0.9816832895969162,0.2705101778199842,-3.2488119079439866,0.06335270836185077,93,2.823349497487474,1.4995380416708035,-0.6041207202605308
1789322083.2515163,LIDAR_ONLY,-0.9974546354879552,-1.7978793022923938,-0.6608396857720213,0.06143606626874561,0.037376403700872245,0.17651399953882274,0.9816676739990069,0.27040977574983405,-3.2739186623115826,0.0638276002912942,86,2.8442182349318754,1.5038482870482666,-0.6022899593885361
1789322083.3583932,LIDAR_ONLY,-0.9732264209489669,-1.7863735663574987,-0.6631752681153515,0.06159778944474081,0.037475663599492635,0.17652536054833823,0.981651712195613,0.27031993344738314,-3.297420565129116,0.06426902644466229,90,2.864328684341212,1.5138903363925316,-0.5999056082914132
1789322083.4752164,LIDAR_ONLY,-0.9478642492071441,-1.7827505144011124,-0.6663776258133884,0.06188055558403526,0.037494747528420885,0.17671029497645035,0.9815999248154652,0.27017640498866624,-3.322712582112652,0.06473938376190883,85,2.88335534891206,1.519677830410687,-0.5981458731708176
1789322083.583628,LIDAR_ONLY,-0.9269341428263929,-1.7772651317102406,-0.669880513919265,0.06200041988530364,0.03762869445798904,0.17676338354446702,0.9815776767660036,0.2699950341612104,-3.3474724065417614,0.06520176273149575,81,2.907168081262609,1.5306347464112797,-0.5957000425933467
1789322083.6985507,LIDAR_ONLY,-0.9015111040927211,-1.7686579019426185,-0.6732897515309988,0.06208511540732619,0.03760331669746416,0.1767480559359474,0.9815760560145467,0.26987266089363215,-3.3724726718392057,0.06566560788993936,79,2.928799817431057,1.5400676213821496,-0.5932260941609883
1789322083.8125193,LIDAR_ONLY,-0.8765198582069964,-1.7641287301370816,-0.6772163712971389,0.062198067538161074,0.03759419855530653,0.176929436183784,0.9815365766191247,0.2697530008475706,-3.397685955366879,0.06613727180410395,83,2.954572870634257,1.550018459199968,-0.5915723459289927
1789322083.9297416,LIDAR_ONLY,-0.8472341020180776,-1.7543808574431763,-0.680070625291499,0.06230083186758274,0.03742484283414741,0.17700718234271837,0.9815225136931593,0.2696323877256299,-3.422900893076472,0.0666095487037835,81,2.9754311930914805,1.5538912962062603,-0.5902655833107826
1789322084.0474358,LIDAR_ONLY,-0.8270653783897781,-1.7467227445944686,-0.6818386045289155,0.06224773290539193,0.037536226229429544,0.17695814611883706,0.9815304712492509,0.26951097224560444,-3.4483761623895384,0.06708583677379479,82,2.9964965759140196,1.5605063600354914,-0.5890287471399648
1789322084.1581051,LIDAR_ONLY,-0.8035182663332623,-1.737550365297871,-0.6839930756837618,0.06252535064918069,0.03760858912353066,0.17710235083162837,0.9814840456575162,0.26939312487741096,-3.4731106607016224,0.06754778820811794,77,3.015976656040259,1.5660376106604756,-0.5889174375228062
1789322084.269991,LIDAR_ONLY,-0.7881059584701686,-1.7300278568935563,-0.6848899770006724,0.06260048061085045,0.03783076244829913,0.17703934629538853,0.9814820849629261,0.26927404430694646,-3.498102406456827,0.06801440807335114,79,3.040499120578408,1.5736756686683058,-0.5878054774467318
1789322084.3783,LIDAR_ONLY,-0.7604330243698232,-1.7200091815287297,-0.6870851831833444,0.06280574825288705,0.037727745932298426,0.17710097532148938,0.9814618177562692,0.2691536814389968,-3.5233471576572333,0.06848566626296929,78,3.062777454915622,1.5815989931817882,-0.5861334992877443
1789322084.486357,LIDAR_ONLY,-0.7452745161954384,-1.714334776410603,-0.6887837998487658,0.06295946775466625,0.03780970398296554,0.17713149010930063,0.9814433080501535,0.2690381171570103,-3.547594855687581,0.06893822494662435,84,3.084799529709482,1.5889175203081314,-0.5845743331956632
1789322084.6036155,LIDAR_ONLY,-0.7182147964455312,-1.7020391699667141,-0.6907611130257945,0.06318309606957392,0.03764387698190177,0.17714929700793242,0.9814320972265121,0.2689178488723426,-3.5728452421438908,0.06940937738326568,89,3.101349912047781,1.5926608130352595,-0.5813825975635633
1789322084.7190819,LIDAR_ONLY,-0.6983641723555365,-1.6920830122721153,-0.693310890080582,0.06314123996724655,0.03769832849372821,0.177073046328524,0.981446461152168,0.2688010187204641,-3.5973488475817135,0.06986647019947496,104,3.123097840059013,1.5991605987909472,-0.5795979741546938
1789322084.8320591,LIDAR_ONLY,-0.6751211913972404,-1.6861494070101766,-0.6956086460777704,0.0633437855233138,0.037646240317175464,0.17721389921022848,0.9814099853538606,0.26867867545160623,-3.6228564669346315,0.07034210400856836,93,3.1445877209575217,1.608344405127986,-0.5764840134187079
1789322084.945434,LIDAR_ONLY,-0.6529728156331125,-1.6795013433338595,-0.6980168259085291,0.0636020545310665,0.03769704414375529,0.17731836033303466,0.9813724627332149,0.2685535765270951,-3.6488682876537686,0.07082659518970845,93,3.1615032730365256,1.6124521435042418,-0.574305797597609
1789322085.0579445,LIDAR_ONLY,-0.6375676133456867,-1.6732665536863698,-0.7016458825405905,0.06349372788928459,0.037921728950622145,0.177293828493516,0.9813752530863151,0.2684391738311009,-3.672628563777431,0.07126783176982743,92,3.1836173054518087,1.6193751283291,-0.573294803263758
1789322085.1750827,LIDAR_ONLY,-0.6137176119905596,-1.6617194289170623,-0.7028299235006785,0.0638016188781342,0.03783582130442198,0.17737686404604772,0.9813435953609414,0.2683168651998239,-3.6983733155130047,0.07174332831636616,91,3.2039517738038454,1.6277139650964965,-0.5710558018284561
1789322085.286525,LIDAR_ONLY,-0.5969256331342054,-1.6525021029779656,-0.7053121721560147,0.06381344821944725,0.03796364997810183,0.17727204550580333,0.9813568295930245,0.26821046958476613,-3.72232584532133,0.07218561246554611,91,3.2229764390181845,1.633688071081235,-0.5690939835678098
1789322085.402634,LIDAR_ONLY,-0.5729080793398016,-1.6450983671657924,-0.7083983469259709,0.063886035305899,0.03799683273146231,0.17734850094949645,0.9813370085787233,0.2680877229291543,-3.7479784915325727,0.07266668374330348,86,3.2400256116541115,1.6387206997142973,-0.568401713741936
1789322085.5161915,LIDAR_ONLY,-0.5508052898901428,-1.6407751289727444,-0.7109146905527126,0.06403529879640547,0.03801043803634082,0.1774621899618971,0.9813062000427126,0.2679695900464624,-3.7726157385318673,0.07313075214883369,89,3.2608796437388987,1.6437238405875936,-0.5671868400770339
1789322085.6328328,LIDAR_ONLY,-0.522486181150206,-1.6318886597511908,-0.7135040626271447,0.06410282024002642,0.037832327478158345,0.17741947319727516,0.981316398500128,0.267841465405264,-3.799752935040888,0.07364546765849583,91,3.2841283591336223,1.6532357873747483,-0.5652775956534933
1789322085.74695,LIDAR_ONLY,-0.49726233224157235,-1.624355005930442,-0.7176397852901517,0.06403153252750765,0.037669914793793384,0.17751098954588954,0.9813107504516836,0.26773103581494717,-3.82454373362305,0.07410708920783046,97,3.3041836818131625,1.658754581268285,-0.5638439165064062
1789322085.850715,LIDAR_ONLY,-0.4773039648422286,-1.6149099978396284,-0.7190518080044612,0.06431179360057272,0.03768329392054633,0.1774760490766299,0.9812982291675272,0.26758137864978787,-3.847559831088416,0.07453651738335218,93,3.3261512689637507,1.66618787059863,-0.5633352119316571
1789322085.9641566,LIDAR_ONLY,-0.44893909460243075,-1.60564964881003,-0.7218641988769485,0.06442481463951973,0.03761157534269921,0.17748185760560872,0.9812925164698681,0.2674131860150624,-3.8733217676620213,0.07501634003085955,104,3.35030582440447,1.6736832552244576,-0.5620783528673851
1789322086.072439,LIDAR_ONLY,-0.42672323486995034,-1.6022508957420052,-0.7245551384555242,0.06464449952826055,0.037600863433545476,0.17768427351291652,0.9812418471997512,0.26728875220075027,-3.897543440554561,0.07546934064163278,98,3.3725694227075036,1.6816104025220389,-0.5616076679654937
1789322086.1817787,LIDAR_ONLY,-0.410140674992707,-1.595839358688594,-0.7264215748466842,0.06474181364366792,0.03769049049952925,0.17762384080025817,0.9812429340746348,0.26716077159602547,-3.9222357409532456,0.07593141456667919,103,3.397362193575758,1.6908968795024817,-0.5594581931270896
1789322086.2991216,LIDAR_ONLY,-0.3805727529799514,-1.5868879506518188,-0.7295511484957877,0.06495578248617627,0.03734833058979125,0.17770292977176846,0.9812275563162167,0.26702623107054985,-3.9481854732592954,0.07641686985704756,103,3.4171878879248228,1.696086516855914,-0.5566977467549655
1789322086.409025,LIDAR_ONLY,-0.35298815205851386,-1.5794764290560679,-0.7311557209218458,0.06476256017864486,0.03703431467864835,0.17774536459270657,0.9812445442911752,0.2669006004405425,-3.9724044822697415,0.07686897265724382,102,3.438877201412143,1.7036636358360095,-0.5539957565135335
1789322086.5239286,LIDAR_ONLY,-0.33328400151129034,-1.5731620821287315,-0.7336168516189199,0.06469930435778694,0.03708014123489573,0.17772362862542562,0.9812509235510714,0.266766918978945,-3.997389748978629,0.07732666148153093,104,3.4611163860329284,1.711534679990866,-0.5511615051954457
1789322086.6362393,LIDAR_ONLY,-0.3089311996346973,-1.5646983452766687,-0.7355457019842471,0.06501151714300665,0.037214624212159556,0.1778589301584959,0.9812006804657178,0.2665935824637773,-4.02166613735952,0.07777344567808203,103,3.481535643026598,1.7173289547923498,-0.5503466753815228
1789322086.7511725,LIDAR_ONLY,-0.28533993862548956,-1.5577183990894345,-0.7389498447687493,0.06512617265592781,0.037452821711308516,0.1779860231619452,0.9811609670895224,0.26640502109512937,-4.047462635987352,0.07827439489294719,88,3.5123384725319577,1.7288755929592872,-0.5450785289002833
1789322086.8639164,LIDAR_ONLY,-0.26604799891702524,-1.5514388569828446,-0.7430899351826274,0.06494551680604976,0.03783614023256546,0.17789540253400307,0.9811746695142317,0.26622380255489825,-4.071992676854199,0.07875936060562264,88,3.539372207692711,1.7396362523403741,-0.5382304744266884
1789322086.9764261,LIDAR_ONLY,-0.24559406106270942,-1.5484874158117259,-0.7471066073751427,0.06503778791987422,0.03814935474438249,0.17807027779648324,0.9811247061615358,0.2660363484216125,-4.097500294070586,0.07925980500644525,90,3.5673331671012716,1.7471172765489549,-0.5345532390786017
1789322087.0972931,LIDAR_ONLY,-0.21983196073113764,-1.5385280492830387,-0.7501302586856231,0.06544654710140374,0.03834223528614084,0.17814970692930132,0.9810755854605546,0.26584333357289186,-4.123484501637561,0.07976736301356178,87,3.592435155955025,1.7512472056590442,-0.531259472748968
1789322087.20799,LIDAR_ONLY,-0.20053136273220606,-1.5280409267976525,-0.7514605526092912,0.06543226766667896,0.03867844815079473,0.17802862363996963,0.9810853200214039,0.2656684979608042,-4.147440900420201,0.08023648157287581,85,3.6212891673683454,1.7601291721660084,-0.5284411059755774
1789322087.3245852,LIDAR_ONLY,-0.1828681278806068,-1.5247919798546576,-0.7537086051877488,0.0656849606750849,0.03901470234585382,0.17819633821148295,0.9810246704288307,0.2654800278249271,-4.172608889571089,0.08073268819194067,89,3.6531374065740745,1.7698170957418988,-0.5291935762773308
1789322087.4415388,LIDAR_ONLY,-0.15565795637291013,-1.5191003617082244,-0.7570338890040675,0.06593396796524777,0.03910213830752186,0.17836189629886334,0.9809743975236106,0.26530957934305255,-4.197197508278896,0.08120426585951852,90,3.682020152468261,1.7743989711869985,-0.5312637501380203
1789322087.548339,LIDAR_ONLY,-0.13406939054797706,-1.5110382800461444,-0.7599435315371559,0.06613523912894269,0.03949262571893048,0.17847619665803277,0.9809244159901748,0.26514881663132345,-4.221675536880101,0.0816702777838182,85,3.709202905923054,1.7788562368431329,-0.530728039512768
1789322087.6687207,LIDAR_ONLY,-0.11599540314878598,-1.508020575438519,-0.7626851926463809,0.06652301349354185,0.03983172523370913,0.17867817488172397,0.9808477109936998,0.2649863147984984,-4.248097387262827,0.08215072807215931,86,3.7352062968822484,1.7907047144228452,-0.5288882644997075
1789322087.7773132,LIDAR_ONLY,-0.0903275867087554,-1.4964092678701306,-0.7641408542745305,0.06665978739064102,0.03998062050231746,0.17866970300064275,0.9808339104858408,0.26489852320145724,-4.270438332157865,0.0825579549603995,87,3.7610024248216973,1.7942898082945353,-0.5280388377888751
1789322087.8960898,LIDAR_ONLY,-0.07808457710107075,-1.4841803480554814,-0.7660973219791016,0.06682111461562787,0.040516054322105026,0.17876272263119,0.9807840113812917,0.26514196432848025,-4.294405683976619,0.08304885375730736,87,3.7913692969426664,1.8085491291298843,-0.5261759772297351
1789322088.0029929,LIDAR_ONLY,-0.06511754332180941,-1.4857398941212427,-0.7699744113008791,0.0669729456051581,0.04108588115868152,0.17890713222656984,0.9807236170118715,0.2651535897742604,-4.316770595555335,0.08349164155811553,84,3.81854464786259,1.8220806674324204,-0.5233846839555232
1789322088.119967,LIDAR_ONLY,-0.027081711769435524,-1.4956614160498856,-0.780908985591888,0.06667087252388926,0.04193313092619713,0.17887026558485833,0.9807150632967927,0.26639479478416583,-4.340769076318058,0.08395635853951686,87,3.8416030059636292,1.8271044205685747,-0.5212634658705003
1789322088.234513,LIDAR_ONLY,-0.012513869559100277,-1.4923261761453894,-0.7833442313701493,0.06667420031485329,0.04224636779386686,0.17892477954243474,0.9806914492776468,0.266104984690347,-4.366051167584823,0.08449030503461699,88,3.8910316223032577,1.8482445904468168,-0.5164739983586627
1789322088.3521461,LIDAR_ONLY,0.007356570590182132,-1.4934503929639333,-0.7876297436832791,0.06696297599684464,0.043180219880198926,0.17921675620723154,0.9805777800619905,0.2657514849528979,-4.39385493168681,0.0850741397939195,91,3.9186409468410504,1.8569196261398944,-0.5160141885098382
1789322088.455311,LIDAR_ONLY,0.03050389698920397,-1.4880763143603934,-0.7919726334630155,0.06745981066814638,0.043503242141601735,0.17944607963930903,0.980487504443514,0.2654598453929561,-4.416427045092507,0.08547608004896148,93,3.9519051445131366,1.859513203902509,-0.5147649090194447
1789322088.574281,LIDAR_ONLY,0.05349528491051392,-1.4821358835701914,-0.7964872017738214,0.06799873441585533,0.04354247531601743,0.17959078830705313,0.9804220385713732,0.2651354702202908,-4.441742473545486,0.08588278634293045,89,3.979358470017881,1.8674838102846016,-0.5122152391499398
1789322088.6922572,LIDAR_ONLY,0.07400492466362274,-1.4763835854231824,-0.7974257995803131,0.06844482500887884,0.04361598872303822,0.1797398553378579,0.9803604112061756,0.2648544062429387,-4.466975705870924,0.08617127056376794,90,4.002832471611787,1.8775997108328755,-0.5109031524117136
1789322088.8026903,LIDAR_ONLY,0.09213427839253874,-1.4695268170104094,-0.7984644503277447,0.0687815678133795,0.04357588435313357,0.17986574517261528,0.980315536929552,0.2646035055992446,-4.491215223718713,0.08642499607205223,92,4.023504634688279,1.8851149827474976,-0.5097449107524736
1789322088.917793,LIDAR_ONLY,0.11628562532653652,-1.4621731579615151,-0.8020854292958832,0.06892328308953263,0.043454392399808923,0.18001776214761925,0.9802830724544247,0.26433561011751905,-4.516960679286679,0.08669072990691871,96,4.044602475580957,1.8972194977899501,-0.5070537457249443
1789322089.0274184,LIDAR_ONLY,0.14233510029545848,-1.4563224195069646,-0.8037308661471132,0.06894810986311203,0.04320369361186253,0.18014571432787285,0.9802689021966865,0.2640831603019669,-4.54144410390619,0.086946478640445,116,4.06197039138705,1.9042007045813865,-0.5041262804510233
1789322089.1405082,LIDAR_ONLY,0.1604975808582736,-1.4481403136882915,-0.8052760156424157,0.06893208912807107,0.043267579425828005,0.18014377172337281,0.9802675681508324,0.26382884351510577,-4.566688533601479,0.08720445035893087,113,4.081047976427766,1.9124951968891888,-0.5018281461208908
1789322089.2552164,LIDAR_ONLY,0.17741808327582098,-1.441737324868191,-0.8071043058294691,0.06888980727091297,0.04340496626645108,0.18016576867041925,0.9802604241511446,0.2635746602835664,-4.591443642479653,0.08746220837853108,107,4.099620064844275,1.9181720851161177,-0.5005815241824844
1789322089.3708026,LIDAR_ONLY,0.2024918822748918,-1.431246999152614,-0.8105808398821928,0.06893244369223081,0.04338926519203607,0.18023271800520135,0.9802458146981144,0.26331518256718467,-4.616698811189047,0.08772514241072249,112,4.116432301106912,1.9255732465863231,-0.49845389492478387
1789322089.499355,LIDAR_ONLY,0.22495503685799734,-1.4244075066038995,-0.8124583653604809,0.06883677885373007,0.04330354434817214,0.18033693605133178,0.9802371602931336,0.2630325463723573,-4.644205331401447,0.0880115227098657,104,4.138138743020366,1.9335655528254718,-0.4966295473572019
1789322089.6062343,LIDAR_ONLY,0.2440685166064107,-1.4179339798627677,-0.8144365636700124,0.06916031624729015,0.043311054913586486,0.18053084544446127,0.9801783598008861,0.26278835972478576,-4.667963467553993,0.08825902288782163,109,4.158652252744531,1.9406245105145503,-0.492910082774892
1789322089.713843,LIDAR_ONLY,0.26200219756408516,-1.4103045241419363,-0.8150090827895333,0.06930173426895928,0.043224086705639,0.1805716912923464,0.9801646862949102,0.2625480255212202,-4.691481579141471,0.08850412297212812,109,4.176828511287887,1.9502469569286924,-0.4906571963947119
1789322089.8398628,LIDAR_ONLY,0.2789975604003063,-1.4043477728484295,-0.818197392834153,0.06937622651200871,0.043319485549050345,0.1806472962158463,0.9801412733563588,0.2622577864738341,-4.720016809202159,0.08880086497163406,113,4.192095272866846,1.9552233419007006,-0.4882974211424577
1789322089.949984,LIDAR_ONLY,0.30297956923724656,-1.3968799702868278,-0.8201462007668321,0.0693781724167372,0.04332680324175475,0.18072074753021233,0.9801272716974491,0.2620211036365826,-4.743308300071145,0.0890434572695061,110,4.211552256624891,1.9628151043078839,-0.4857435079090842
1789322090.0706024,LIDAR_ONLY,0.3308353333717833,-1.3856856440579837,-0.8225772065667836,0.06937260850868188,0.043291905216611956,0.18068455677586442,0.9801358799034584,0.2617566766938727,-4.7693747416244685,0.08931515739556364,111,4.234172535373835,1.9713443354032176,-0.4842786450493692
1789322090.1698468,LIDAR_ONLY,0.352484679816228,-1.379471992679172,-0.8251763519089161,0.06929679232554109,0.043382222584063754,0.18080591926437875,0.9801148692352446,0.2615248790096851,-4.792201448891065,0.08955260469388088,107,4.25792947415973,1.9817157070591735,-0.4806791728215033
1789322090.2782571,LIDAR_ONLY,0.37120031277842647,-1.3731209201753847,-0.825545087146937,0.0690671152168654,0.043385606313520605,0.18081034368468632,0.9801301150240482,0.2612745706850643,-4.816794672801054,0.08980429719562091,110,4.277538649082494,1.9864355460207517,-0.4787943863060527
1789322090.3911667,LIDAR_ONLY,0.3943400703651483,-1.3621064121802327,-0.8257029246444538,0.0690899860977347,0.04316281680687968,0.18080803783052524,0.9801387649318773,0.26096124540797844,-4.842827214984336,0.09007354997229447,111,4.297051257337419,1.993735341695707,-0.4775714516637224
1789322090.500399,LIDAR_ONLY,0.4144703949538153,-1.3539279446664507,-0.8273135385872716,0.06947408424812947,0.04313679033699428,0.18098483847861807,0.980080127937596,0.2607033489634426,-4.8665523592891775,0.09032425558910853,112,4.319308160978085,2.00388607095487,-0.4756639629579063
1789322090.6226082,LIDAR_ONLY,0.4369328466152764,-1.3444477002330049,-0.829410651157658,0.06971615008635428,0.04323759561073627,0.18103731035645163,0.9800488054183023,0.26042356363924857,-4.894229468373345,0.09061806287242478,110,4.340851212894165,2.0115187663991687,-0.4739595410632995
1789322090.7265904,LIDAR_ONLY,0.46092641675792945,-1.3359288357590275,-0.8294203298767544,0.07011258765597217,0.04303385117296266,0.18120621587152805,0.9799982755265074,0.26019894793187076,-4.916680677340403,0.0908543514397816,113,4.359162691921997,2.0163399628290812,-0.4731305494740623
1789322090.8452682,LIDAR_ONLY,0.4757817186401543,-1.329495184614293,-0.8303828602161101,0.07004342015011976,0.04315897983649445,0.18124173619537048,0.9799911503753667,0.2599494101658252,-4.941928404580098,0.09111719872533067,114,4.38151181402887,2.026618666019052,-0.4713896622410575
1789322090.9574916,LIDAR_ONLY,0.5012282718830285,-1.3172415060917213,-0.8322606950983373,0.06999165071582854,0.04319041466181037,0.18116420773665812,0.980007799329456,0.2596883867023472,-4.967903008303301,0.09139828299410835,125,4.399052021991069,2.0344663007299326,-0.46996579597856675
1789322091.069174,LIDAR_ONLY,0.51796917431519,-1.3104817401062963,-0.8339142924136811,0.07003925134885311,0.04335122694544452,0.1812320420943861,0.9799847556524109,0.2594546149689466,-4.99162541261431,0.09164537438494055,129,4.419937064285328,2.0411456428860606,-0.4684749388364941
1789322091.184397,LIDAR_ONLY,0.5421765310467876,-1.3072772487030442,-0.836928864698109,0.07013036181178284,0.04332159899175836,0.1814339337372429,0.9799421917141723,0.25921273806672757,-5.016358963259281,0.0919029623505813,127,4.44113422366951,2.0481219128575794,-0.46620897184565624
1789322091.2938817,LIDAR_ONLY,0.5629035617920934,-1.2925785298659764,-0.8371906228885062,0.07040530952116245,0.043302487221106065,0.1813727759068937,0.9799346422856594,0.2589627035357826,-5.041848062172263,0.09216835007234712,123,4.461236607217085,2.0537512243113527,-0.46460834816124763
1789322091.4068172,LIDAR_ONLY,0.5770420426361087,-1.2904249234640426,-0.8382256030610433,0.07056367243076045,0.04357009392984618,0.18149123322246333,0.9798894566793839,0.25871828026185156,-5.066588723107338,0.0924258711450831,127,4.478933115176294,2.0601945794930367,-0.4634680573068188
1789322091.5191982,LIDAR_ONLY,0.6023957147853924,-1.2832637654860652,-0.8408059621091617,0.07068549167386308,0.043561802761304814,0.1815498239156004,0.9798701914249784,0.2584716437355641,-5.091582408789148,0.09268592407992401,122,4.49896257594548,2.068328440731985,-0.4612118233931235
1789322091.6417465,LIDAR_ONLY,0.6198630732991861,-1.2782934087357904,-0.8417189816699215,0.07084800015520136,0.043477733892173825,0.1816351675648786,0.9798463723631825,0.25821108220068467,-5.118080993105312,0.0929619712633606,124,4.521972508881567,2.074346835915374,-0.4601779927393973
1789322091.7641976,LIDAR_ONLY,0.6372848531338697,-1.2698081004214974,-0.8422520667127715,0.07105051367063878,0.04359040470119708,0.18164979721135194,0.979823990468798,0.25794543294799577,-5.145084300122083,0.0932431478723314,125,4.538785552174967,2.079684962630392,-0.4582536356371137
1789322091.8782592,LIDAR_ONLY,0.6631093993817541,-1.2610813553485671,-0.8418622045862145,0.07115813105082974,0.04333765894368192,0.18160127989749794,0.9798363857513277,0.257694563850833,-5.170594494144963,0.09350889443143512,121,4.559284341679506,2.0858417248426564,-0.45549832273606916
1789322091.9805508,LIDAR_ONLY,0.687096893892827,-1.2553537733003595,-0.8438636518662286,0.07141843041089643,0.043195586575012025,0.18177051863965651,0.9797923390451443,0.25749031626360275,-5.191362787810782,0.09372566387643863,119,4.585421198797241,2.09615523963746,-0.45359259267512686
1789322092.0949948,LIDAR_ONLY,0.7080700155205373,-1.2469770635020188,-0.8455043651576659,0.07164175901751331,0.04324439643014969,0.18187438608610887,0.9797546061275086,0.2572363676426327,-5.217156561452646,0.09399491681611366,124,4.605233450950732,2.1062028614206696,-0.4505317579943752
1789322092.219981,LIDAR_ONLY,0.7297454245880541,-1.240143841030987,-0.8457932297162198,0.07171562565157202,0.043060340139765695,0.18184410180511665,0.9797629298882162,0.2569673824390346,-5.244478050286052,0.09428020280276801,121,4.629536425430432,2.1157783940299106,-0.4513704090775711
1789322092.3453991,LIDAR_ONLY,0.7463707546458542,-1.231128605313503,-0.8483263079877195,0.07203062240843192,0.04306981888685044,0.18189673613584542,0.9797296349093635,0.2567009467550204,-5.271832284010623,0.0945652668865374,123,4.647010621814775,2.122739935459339,-0.4512157119866336
1789322092.4411385,LIDAR_ONLY,0.767172104029749,-1.2212588807229265,-0.8509905974426835,0.07196605509103063,0.04316903595877445,0.1818734105561122,0.9797343434736341,0.2565001364597584,-5.292164030336889,0.09477482221649866,129,4.667117005980599,2.1280691683786976,-0.45013055532841595
1789322092.5573225,LIDAR_ONLY,0.7893027040511946,-1.2132058428366645,-0.8529793138426198,0.07206734574143289,0.04312614654297455,0.18197920596568098,0.9797091414079175,0.25625909274034686,-5.316961960682335,0.09502799832806078,129,4.688259226431839,2.1357046244885676,-0.44884692255530134
1789322092.6662183,LIDAR_ONLY,0.813598602395069,-1.2082187341959896,-0.8540949213061106,0.07220957821568806,0.042869189243097246,0.1821003588970078,0.9796874341937499,0.2560035724726541,-5.34267034946061,0.09529154047169841,133,4.709176895422007,2.1428445151556756,-0.4470577140934278
1789322092.773493,LIDAR_ONLY,0.8332189687087557,-1.1970593672782244,-0.8561445670583656,0.0722015723689856,0.04297686364927636,0.1820307172905442,0.9796962488960586,0.25576312947154617,-5.366837622012779,0.09554118265676102,131,4.733744397391881,2.150239371148836,-0.4451133274573138
1789322092.8867564,LIDAR_ONLY,0.8576312664040995,-1.1867482035364192,-0.8577163694137324,0.0719422192067413,0.04280458139501678,0.18210375222979341,0.9797092978690346,0.25551561589928706,-5.391988989762034,0.09580458995238564,127,4.757254624811169,2.1592441756566187,-0.4436629399202658
1789322092.9956827,LIDAR_ONLY,0.8743516977302594,-1.1797774756975195,-0.8595379064699478,0.07204018346665807,0.042894312139256124,0.18219268981980585,0.9796816389666668,0.2552720352192208,-5.4166378263129715,0.09606347445655686,129,4.783016808937189,2.1707749667761447,-0.44045911611844096
1789322093.114519,LIDAR_ONLY,0.8957594389921077,-1.1720599212339258,-0.8630990128078737,0.07186578359188767,0.042872916726291996,0.18229442305482083,0.9796764595942962,0.2550181832888744,-5.442513361405337,0.09634368479565189,122,4.803776547922556,2.177879906528398,-0.44014855913839834
1789322093.2204556,LIDAR_ONLY,0.9140299405693464,-1.1686650432959607,-0.8670257119117171,0.07175433280466335,0.04299900936828589,0.1824078398865269,0.9796579917833748,0.25479147573546446,-5.465983443364925,0.0965881525861105,122,4.826779747965633,2.182506869283061,-0.43858098514404303
1789322093.3332212,LIDAR_ONLY,0.9318297017636967,-1.1642586678880404,-0.8692801955635472,0.07183519060283583,0.04306372180034807,0.18248390255783786,0.9796350578470628,0.2545403757530632,-5.491718649770333,0.09685612303018871,130,4.849087817101364,2.1908412858151114,-0.4356327627826459
1789322093.4463894,LIDAR_ONLY,0.9494974971117884,-1.1578266536737487,-0.8738437070448195,0.07175696205300885,0.043160659866123774,0.18253078813108273,0.9796277901433227,0.25429930149994595,-5.516465723629565,0.09711426747880528,131,4.874321403471782,2.20104504086931,-0.43359369267105063
1789322093.557688,LIDAR_ONLY,0.9706856162759057,-1.147163990140572,-0.8742312226041087,0.07175668832341488,0.0431202213044891,0.18247715879079357,0.9796395820479834,0.25405655880120864,-5.541463622086235,0.09737461522941927,131,4.895761911552362,2.2086856240394965,-0.4319022801686068
1789322093.6702178,LIDAR_ONLY,0.998108721020601,-1.1439698924098798,-0.8767648471813763,0.07158809150285952,0.04294315336187127,0.18262370580053774,0.9796323865685513,0.25381431347808314,-5.566459899246788,0.09763503582743507,129,4.916401853447626,2.2178073569161647,-0.42926454508766165
1789322093.7936883,LIDAR_ONLY,1.015981840602865,-1.1420831363905817,-0.8800859329031987,0.071540594593228,0.043070524321349855,0.1827520862559975,0.9796063230854586,0.2535456071756276,-5.594204017027499,0.09792411320194117,133,4.941444922042896,2.2293587716658623,-0.42525070584097074
1789322093.8942807,LIDAR_ONLY,1.0329020934676703,-1.1388002196016982,-0.8811477878904468,0.07138839919373641,0.04311037797814031,0.1827930732920383,0.9796080257570317,0.2533300778291846,-5.616450906058208,0.0981558165460933,133,4.962791160047445,2.2380464194650505,-0.42441604450881576
1789322094.0103862,LIDAR_ONLY,1.047810325536137,-1.1341351706018077,-0.8833163523791578,0.07124919533909486,0.043244577259860195,0.1828326966069833,0.9796048508212719,0.25307319812679,-5.642950885676237,0.0984318470724074,133,4.986046667166264,2.246337497766073,-0.42278852303736375
1789322094.1162593,LIDAR_ONLY,1.0627458319149217,-1.1340378803128954,-0.8868504787861546,0.07123084430068655,0.04345545702257337,0.18295956229116797,0.9795731665584736,0.2528477099192943,-5.6662040237801845,0.09867403216875154,133,5.0084440898006015,2.257857351059728,-0.41999911879447444
1789322094.239875,LIDAR_ONLY,1.08945727164459,-1.1270747335090794,-0.8900032258048196,0.07113587680449049,0.04329097878726117,0.18310744485564276,0.9795597183558209,0.2525736934525564,-5.6944640331477165,0.09896826701960362,136,5.031668556876211,2.265901662615283,-0.41722313688030715
1789322094.3526888,LIDAR_ONLY,1.1090584268369288,-1.113782503787957,-0.891916464551985,0.07106263663115243,0.04340556869875331,0.1829867792516219,0.9795825115323799,0.2523358422645966,-5.718987345770975,0.09922431774085616,135,5.055816895601031,2.274852560562615,-0.41595944709507165
1789322094.4706051,LIDAR_ONLY,1.1292049484047235,-1.1138128838930446,-0.8953907551349767,0.07101651103582662,0.043580376704655345,0.183140432027469,0.9795493801148417,0.2520707075329954,-5.746288007248882,0.09950918450552523,140,5.078035089786828,2.2853801984725766,-0.4126819274337657
1789322094.5812323,LIDAR_ONLY,1.1486900806612932,-1.1126993646927572,-0.8987220905487621,0.0708957688789936,0.04355256492606292,0.18324915826418411,0.9795390293596705,0.25184267016836587,-5.769853998364443,0.09975519213443601,141,5.099434988760902,2.292065999055959,-0.41048245314113885
1789322094.6920898,LIDAR_ONLY,1.1638649820176818,-1.1080841870698486,-0.9008669555760034,0.07079068946644342,0.043697297200726216,0.18330813100837243,0.9795291489325034,0.25160878480079907,-5.794198009272734,0.1000088389518986,145,5.121147482222579,2.3008496128471765,-0.4091925048207741
1789322094.806901,LIDAR_ONLY,1.1788649273835896,-1.1074620928989252,-0.9040323453056867,0.07093580831107325,0.043811411421684585,0.18348294424551537,0.9794808219151061,0.25136342371307197,-5.81953560294222,0.1002688757860514,145,5.144009395641342,2.3123652780283526,-0.40562130108001015
1789322094.921141,LIDAR_ONLY,1.2021293629429268,-1.1055471694717267,-0.9083674531550305,0.07119285629767094,0.043799022521399424,0.18371306664555132,0.9794195893395418,0.2511251895475731,-5.8443084696201515,0.10052236587804393,147,5.168400153113783,2.3203925351074277,-0.4027497839563348
1789322095.0358005,LIDAR_ONLY,1.2184214235883524,-1.0945882139086585,-0.9114291812843809,0.07121607835099669,0.04392673176749397,0.18370016334954614,0.9794146018953778,0.25087625247580037,-5.869490971850982,0.10078090677575623,144,5.190014264721525,2.328757066875221,-0.40108831626009267
1789322095.1524055,LIDAR_ONLY,1.2319883183265026,-1.0876165742627466,-0.9130672917985878,0.07156963763377876,0.044102612436288886,0.18378926999866177,0.9793642074216431,0.25063018469893905,-5.894903969517434,0.10104493670883818,148,5.210863903225481,2.33687273490643,-0.40023155363388346
1789322095.2611413,LIDAR_ONLY,1.2507745169479085,-1.0802732553445502,-0.9148005734998303,0.07179323909446753,0.04426084119129315,0.18389007135305738,0.9793217808336192,0.2503981870898725,-5.919069554891286,0.10129748376903347,148,5.238753831375601,2.3480896566005844,-0.39820179187994853
1789322095.3764768,LIDAR_ONLY,1.2711810253490523,-1.0752656115318675,-0.917568542704891,0.07193548858013887,0.04426077646476183,0.18397112969176696,0.9792961209917093,0.2501550426702137,-5.943695596078647,0.10155977788303945,146,5.260799438375308,2.359524966681425,-0.39572671410406896
1789322095.4885995,LIDAR_ONLY,1.2885044633033937,-1.0690476546911871,-0.918342380192029,0.07208015632835826,0.04433987633104391,0.1840839987939729,0.9792606945132883,0.24991386611558536,-5.9688664753746865,0.10182861858068129,147,5.284072782635767,2.3666957133488555,-0.3939012069399316
1789322095.6054997,LIDAR_ONLY,1.310895872299284,-1.0695561214848992,-0.9220802772317294,0.07226851434103818,0.04431553962671374,0.18429907763282538,0.9792074574706946,0.24966250028322665,-5.9950914475114505,0.10210188677554526,145,5.302529797576279,2.3734697675265335,-0.3917996049927722
1789322095.7142708,LIDAR_ONLY,1.3255471403330958,-1.0688023300468343,-0.9240222228037633,0.07215910419238235,0.0444609683754163,0.18443880175708335,0.9791826256524799,0.24943445816314347,-6.018837849469316,0.10234932558739357,145,5.327257764563047,2.3808630836074944,-0.3901437010095378
1789322095.82918,LIDAR_ONLY,1.34446997918867,-1.0555331698835435,-0.9245684538185186,0.072234597129507,0.044545946925892636,0.1843431402318201,0.9791912112756553,0.24919261205163878,-6.044087191470315,0.10261227070866599,143,5.350730247538632,2.389972429624977,-0.388491960794755
1789322095.9395986,LIDAR_ONLY,1.3638734849666465,-1.0485156214185187,-0.92918367518442,0.07234851269965281,0.04461985708144406,0.18448968815845507,0.9791518350222175,0.24895587717312442,-6.068834252982103,0.10287003823759841,142,5.37183587780733,2.3971213815435237,-0.38685146683979127
1789322096.0558722,LIDAR_ONLY,1.3793256376180996,-1.0450867708359295,-0.9308067332727261,0.07230242595265948,0.04478363651960633,0.1845606841142195,0.9791343824933997,0.24870969154706896,-6.094579654159035,0.10313823591343782,146,5.3948527620207,2.4032288038667846,-0.38515637330476976
1789322096.1713731,LIDAR_ONLY,1.3958550034577837,-1.0363030014176624,-0.9318651423925264,0.07222126554214546,0.04488429287987468,0.1844966790651942,0.9791478256474245,0.24847551593189826,-6.11907424553497,0.10339342763812504,147,5.415551980680299,2.4136840872865757,-0.384461850193367
1789322096.2809403,LIDAR_ONLY,1.4084747364694945,-1.0306745677579905,-0.9342166894416342,0.07212419575465243,0.0451010651650811,0.18449059423456177,0.9791461662830009,0.24823896167105192,-6.143818434208429,0.1036511334880962,145,5.439027007917471,2.42413273111406,-0.38207153810456324
1789322096.3979087,LIDAR_ONLY,1.4304050795584804,-1.0226607152354676,-0.936891425678295,0.07221308390830376,0.045167132848421256,0.18453835792471987,0.9791275683368094,0.24799971473941038,-6.168817191916754,0.10391149683130443,143,5.4667275143147,2.4344634655367976,-0.3807702726041366
1789322096.5311334,LIDAR_ONLY,1.4466206142132132,-1.0166409818356839,-0.9394356814472755,0.07214410148865512,0.04523136071320212,0.1845537921752059,0.9791267795450076,0.24771005336552168,-6.199071440146471,0.10422644681523917,142,5.485488071752974,2.4383517992594808,-0.3777483271737756
1789322096.6262555,LIDAR_ONLY,1.4696915813285998,-1.0070904846645805,-0.9434763551037246,0.07218176654729765,0.04528204806706108,0.1846228453094113,0.9791086424349553,0.24751384677681437,-6.219580399548962,0.10444008494888955,146,5.5094489558367545,2.449120024519885,-0.37608001741601255
1789322096.7368512,LIDAR_ONLY,1.4889885531544371,-1.0032064556332732,-0.9461916029892063,0.07231042539664881,0.045438452797255544,0.1847928632075762,0.9790598281483585,0.2472839443970265,-6.243604106578065,0.10469084536487128,144,5.533980276445031,2.4572223143469687,-0.37395002661630566
1789322096.8579943,LIDAR_ONLY,1.5033170363280572,-0.9972157588568089,-0.9480636003688203,0.07230716503267758,0.045747260904250346,0.18480519889463104,0.9790433598499156,0.24703192794814638,-6.269903295545446,0.10496534708665935,142,5.554336528613814,2.4636134399672245,-0.3727070764403526
1789322096.9741762,LIDAR_ONLY,1.5188125239624013,-0.9900794500522225,-0.9516179871607084,0.07241123630212754,0.045898895188868104,0.18487086453932577,0.979016173371064,0.2467997324449103,-6.294221753480148,0.10521898427684115,141,5.576653363410175,2.474733283811611,-0.3694299825117327
1789322097.087806,LIDAR_ONLY,1.5321408475223237,-0.9834425953646775,-0.9550816769942045,0.072434529199077,0.04618664783460651,0.1849226172124361,0.978991143057389,0.2465515094158574,-6.320321381185031,0.10549046459698727,145,5.599596134052005,2.482724711121033,-0.3684621433393146
1789322097.2001116,LIDAR_ONLY,1.5558573284153392,-0.9784353350726473,-0.9555800584378473,0.07221565271448191,0.04618504974325344,0.185019318226365,0.9789891176955369,0.24631759423465016,-6.344889601092345,0.10574181553871136,143,5.62307354514339,2.4896396836037464,-0.36678351029110007
1789322097.3086421,LIDAR_ONLY,1.5691075716643186,-0.9693256023919854,-0.9568123521130323,0.07214193412900731,0.0463350771216089,0.1850246089855053,0.9789864636643458,0.24608573703412265,-6.369140963845882,0.10599035855584717,141,5.647078978036857,2.4983817092029623,-0.36487086449615175
1789322097.4229534,LIDAR_ONLY,1.5854064254106304,-0.9629893273499881,-0.9604377125742753,0.07229321946958503,0.046505195651021194,0.18513276942869816,0.978946788584468,0.24584412882601178,-6.393818420973215,0.10624429698694711,139,5.668977240505764,2.507849406837448,-0.36400925687389823
1789322097.5338204,LIDAR_ONLY,1.597960506658611,-0.9560091776283335,-0.961377771329214,0.07220735422315548,0.046587118718942805,0.18511501398895414,0.9789525882091678,0.245607928725669,-6.418730084943774,0.1065040111857966,142,5.691151817144596,2.517266420190265,-0.3632600748791842
1789322097.658242,LIDAR_ONLY,1.6123869315215729,-0.9499422176816188,-0.9629221152682792,0.07223664611933742,0.046865962651736565,0.1852252817077155,0.978916259706852,0.24534569511126458,-6.44612920111252,0.10679028243405178,141,5.716171524629227,2.526587133977402,-0.36191276494586616
1789322097.7666404,LIDAR_ONLY,1.6262257825723003,-0.9469218787745428,-0.9671994127352734,0.07232835338157384,0.04711536094242954,0.18534749533918612,0.9788743831727671,0.2451280615746521,-6.468762737716542,0.10703428919076793,144,5.738768437939561,2.5343221840496013,-0.36068428557367616
1789322097.8840215,LIDAR_ONLY,1.6448872047741505,-0.9407503186002313,-0.9688222559165571,0.07236361728480145,0.047312010617418764,0.18546896713981628,0.978839283423426,0.24489062439864323,-6.493963372684986,0.1072998739985934,144,5.760349251977719,2.5416364358613635,-0.36054684167521334
1789322097.9992764,LIDAR_ONLY,1.6534868151706272,-0.9394103485566505,-0.9708524453856824,0.07197269094652885,0.047669546540613825,0.18546569257900067,0.9788513794068634,0.24464642339295953,-6.519698632000716,0.10756790646451855,146,5.782585369481773,2.550323430299268,-0.3592359335604603
1789322098.1148686,LIDAR_ONLY,1.6733909214481477,-0.9309735381979161,-0.9723050059296332,0.0718250724484893,0.0477709709914497,0.1855499281509235,0.9788413137283747,0.24441627744734692,-6.5439464003209835,0.10782062298486544,144,5.803876971544348,2.557961230637074,-0.3579574037829163
1789322098.232049,LIDAR_ONLY,1.6849709935304233,-0.919672519743685,-0.9736063688471619,0.07185341661956404,0.04808690613206724,0.185489870881292,0.9788351463751099,0.24418213739172917,-6.568694641772681,0.10807835866890458,147,5.824243311085614,2.564763432915988,-0.35531805654389853
1789322098.3490558,LIDAR_ONLY,1.6977039932799143,-0.9090702454237769,-0.9745585928530542,0.07200012467794818,0.0482445291192063,0.18548482386214074,0.9788175660322288,0.24394582314338994,-6.593691211326381,0.10833871811194781,148,5.849113562629546,2.5752161598509113,-0.3541129239608457
1789322098.4611232,LIDAR_ONLY,1.7083524277023818,-0.8975984073443304,-0.9775364626835521,0.07220736976726942,0.048669195466458585,0.18551849381781216,0.9787748942507215,0.24370703670656124,-6.618936578015346,0.10860169802573592,146,5.868658529259491,2.582357089841497,-0.35313936439504406
1789322098.58406,LIDAR_ONLY,1.7254107242254604,-0.8869606792582385,-0.9801448877546366,0.07265240745909654,0.04882943355245937,0.18558990664670794,0.9787204405039315,0.24346638239301244,-6.644430861630346,0.10886729297633604,144,5.892156826832034,2.590440722795358,-0.35023413639592405
1789322098.693537,LIDAR_ONLY,1.7390351998344518,-0.8805216864699827,-0.9810114025210601,0.07246762419188273,0.04897841419033248,0.1855713997067401,0.9787302049074942,0.2432351174168547,-6.66892720440396,0.10912236789073115,142,5.915015648164769,2.599827894309459,-0.34899901223026697
1789322098.8128488,LIDAR_ONLY,1.7525106757622197,-0.87451221332123,-0.9835041638245432,0.07245831353336141,0.049164672723881295,0.18563328810168536,0.9787098191519341,0.24299418383370242,-6.694427462550843,0.10938793252484255,143,5.9386979567787055,2.6091954808127715,-0.3490182625583595
1789322098.928427,LIDAR_ONLY,1.7703131953256757,-0.8677868514244345,-0.9865153478177473,0.0721633528725099,0.049308133862608766,0.18568276815405582,0.9787150085943466,0.2427555346425865,-6.719681206977694,0.10965089138793324,146,5.960726610087902,2.617850872822129,-0.34745766732052663
1789322099.037216,LIDAR_ONLY,1.7842884554361904,-0.8641602051023567,-0.9905259647949238,0.07241007677826099,0.049580221953404426,0.18580093973531683,0.9786606118392068,0.2425240300903837,-6.74419135725931,0.10990605371253034,144,5.9816939318536235,2.623630312978255,-0.34610982227616877
1789322099.1875362,LIDAR_ONLY,1.8007992027132265,-0.8547482681832814,-0.9932126114188273,0.07244100297626523,0.049809266469622394,0.18587407417648003,0.9786328047897165,0.24221393694615287,-6.7769809889303145,0.11024836304692301,146,6.0079737721435835,2.6324233740718403,-0.344410638670276
1789322099.2707937,LIDAR_ONLY,1.8145057207531388,-0.8454082298965748,-0.9946101028517238,0.07252158999735558,0.050057175866590205,0.18591818919910658,0.9786058067748433,0.24205511580966907,-6.793765579021418,0.11042357337670466,143,6.0303209651287455,2.642278789519907,-0.343312092991578
1789322099.3908048,LIDAR_ONLY,1.8299464054897465,-0.8373192363275563,-0.9970281413738387,0.0726665091857849,0.05023026620103502,0.185916983031674,0.9785864163274115,0.24181491637409602,-6.819340718716037,0.1106902702399156,146,6.052857069599924,2.6503060811232575,-0.3428604855858524
1789322099.502398,LIDAR_ONLY,1.842314870737557,-0.8282052102558721,-0.9982525054642264,0.07263447003286935,0.05043993333493928,0.18588552627402127,0.9785839861810743,0.2415831786955719,-6.843933435287365,0.11094549366631667,145,6.074509972836602,2.660307825503104,-0.3412242856229356
1789322099.6168675,LIDAR_ONLY,1.8631348469002245,-0.8184031378377339,-1.000428643838442,0.07276839915905739,0.05048794767439992,0.18599382286511806,0.9785509823608958,0.24134428335227245,-6.869488200599833,0.11120669940386566,147,6.100415226070962,2.670240395010174,-0.34040124107178915
1789322099.7293854,LIDAR_ONLY,1.8810707868514556,-0.8062912705484975,-1.0043380826178572,0.0728385426291626,0.05059741285613893,0.18596248284988218,0.9785460661063599,0.24109945671816063,-6.89521224233018,0.11147060575370075,144,6.121792561350582,2.680907344681146,-0.3396391670018305
1789322099.841581,LIDAR_ONLY,1.894878621121886,-0.7981148103710918,-1.004638076217434,0.07276173235932455,0.050702073768767585,0.18599843368316496,0.9785395304672294,0.24087078666768919,-6.919138698611211,0.11171767232876245,145,6.145596760577452,2.69184370786064,-0.33931660131812325
1789322099.9660242,LIDAR_ONLY,1.9129061295130365,-0.7902927669833784,-1.0062623100691317,0.07282780169938312,0.05069342344573422,0.18610420307670125,0.9785149532409675,0.24062157519320798,-6.945545725951633,0.11199392157888355,141,6.16802857567703,2.6981098205646497,-0.3370497247962307
1789322100.0809178,LIDAR_ONLY,1.9246560762292841,-0.7823452947398095,-1.0088935152478191,0.07294923827478864,0.0510240706456576,0.18614443316139379,0.9784810692358328,0.24039778871744374,-6.969203390240698,0.11224145184287618,142,6.19056842276566,2.7043891771325907,-0.3372451088824546
1789322100.1931133,LIDAR_ONLY,1.940440033016982,-0.7737838371009989,-1.0105273834409831,0.07306891606363296,0.05106206954362974,0.18617450921485088,0.9784644350602717,0.2401653434127808,-6.993844868159998,0.1125072952656332,146,6.213481115907189,2.7128716059478912,-0.33379492678398365
1789322100.3130326,LIDAR_ONLY,1.958139641267396,-0.7679145440735582,-1.0144654245347926,0.07330444540841749,0.051194561321176196,0.18633946198677503,0.9784084934632241,0.23992382307396526,-7.01981523213088,0.11277860923305866,145,6.2368527926236785,2.723354096909862,-0.333004570935846
1789322100.4290109,LIDAR_ONLY,1.972332588512857,-0.7575312824453684,-1.0163014384866185,0.07344290543570722,0.05132916677565062,0.18633474334664976,0.9783919560693544,0.23969454833254447,-7.044309460204629,0.11303376242653462,147,6.257733881404903,2.7305251208476795,-0.33097553296370597
1789322100.5421083,LIDAR_ONLY,1.9935714545065537,-0.7465832341753693,-1.017864300912664,0.07348429994033812,0.0512395009528439,0.18629108984837148,0.9784018607134228,0.23946288607023902,-7.069059237201821,0.11329145751887276,146,6.282487899636768,2.742091275546971,-0.32839559619764325
1789322100.6589818,LIDAR_ONLY,2.006424218270471,-0.7380317576202404,-1.0200309941982293,0.07355296027844485,0.05153021442709023,0.1863352569329275,0.9783730224505965,0.23922935590652772,-7.0940567512323405,0.11355179363780954,145,6.304276374251088,2.7505748926764158,-0.32743251788250416
1789322100.7735758,LIDAR_ONLY,2.019303682996674,-0.7277207817251521,-1.0208197273118897,0.07364559709659424,0.05178522529239308,0.18635608877263599,0.9783486212220406,0.2390006690987294,-7.118552852840075,0.11380692778335535,147,6.32609062601495,2.7578749116401875,-0.3247761970883195
1789322100.9013784,LIDAR_ONLY,2.0347349000885506,-0.7151166972474143,-1.023140797085734,0.07387653714704466,0.051942995660769826,0.18630765224125206,0.9783320710154091,0.2387416792529204,-7.146297308038944,0.1140959113339801,145,6.349460674731803,2.768564274031467,-0.3219944835014952
1789322101.0115201,LIDAR_ONLY,2.0543567039072004,-0.7006672677589931,-1.0225299493699906,0.07375854352830603,0.051878385170940566,0.18630102875215665,0.9783456634004808,0.23852474773522434,-7.16954198162583,0.11433804326537156,148,6.3732417054118535,2.7786008720612783,-0.3203676725692002
1789322101.1235952,LIDAR_ONLY,2.071442401871227,-0.6958654507739694,-1.025187601553918,0.07372530747419018,0.05194954444914257,0.18641878943254742,0.978321960714297,0.23829618061722757,-7.1940362930688355,0.11459309234049611,146,6.394614181486247,2.788106332498994,-0.3186296689052793
1789322101.2414591,LIDAR_ONLY,2.0871147502029155,-0.6880119634322954,-1.0283645034344269,0.07380922258841567,0.05213402477620139,0.18646395570114715,0.9782972121731763,0.23805798964922303,-7.21953526980632,0.11485861304407588,146,6.417392335107284,2.79617965825366,-0.3171252750797556
1789322101.3522608,LIDAR_ONLY,2.106896284611521,-0.6828261647478382,-1.029711150997496,0.0734926069888367,0.05207988820219022,0.18649376476611235,0.97831824968473,0.23782901662803105,-7.244038602858692,0.11511361755777849,143,6.440557792470925,2.8061109304476184,-0.3171405747830099
1789322101.4982393,LIDAR_ONLY,2.1261216925303126,-0.6743999023965583,-1.032938522638434,0.073771612923837,0.052093158172253934,0.18662011678143892,0.9782724487640129,0.23752786828070982,-7.27630556156818,0.11544988293654584,145,6.462674658200496,2.8145026699652336,-0.3140133045378808
1789322101.584352,LIDAR_ONLY,2.1383645828841056,-0.6617680292657695,-1.0351564213463034,0.07436819475191186,0.05237668081179316,0.18654798955374788,0.9782258954402793,0.23735703780816925,-7.294579120191064,0.1156406346321939,148,6.486373567592687,2.8227213424486064,-0.31183119760672245
1789322101.6964252,LIDAR_ONLY,2.160760043669791,-0.6488192351083224,-1.03781512705481,0.07463352449203545,0.05236458697282481,0.18654634462451503,0.9782066491086094,0.23712986530003125,-7.318877924730568,0.11589428357242099,148,6.50916642021649,2.8321662083799946,-0.30930938178524386
1789322101.815504,LIDAR_ONLY,2.1777686594660697,-0.6408421161231839,-1.0401619881040558,0.07482076640334129,0.05258652526735133,0.18662335827005283,0.978165748952155,0.23688802231626174,-7.344957469173444,0.11616606721180991,148,6.530293482974624,2.842820769807507,-0.30722750343760724
1789322101.9214706,LIDAR_ONLY,2.1939205909427963,-0.635589655275959,-1.042578353245816,0.075067364711808,0.05267981110944694,0.18668472450334017,0.9781301252358039,0.23666535254804405,-7.368791464591784,0.11641256869797412,146,6.549667307884693,2.848123088880621,-0.3055572762665761
1789322102.0389602,LIDAR_ONLY,2.215892998693917,-0.624676748991053,-1.0446634159101782,0.07483012132533418,0.052644566278306146,0.18664749049935023,0.9781573068142464,0.236420169611807,-7.395330427778876,0.11668402107798223,147,6.573280712715837,2.858222086858155,-0.3043331821843406
1789322102.1572757,LIDAR_ONLY,2.231189739327908,-0.6153083180547136,-1.0477891176854408,0.07508080963668669,0.052756016172880796,0.18666917412266537,0.9781279539069664,0.23619375566704776,-7.419282462178432,0.11692996474363428,145,6.59804722256465,2.8689252533519976,-0.3021243518406194
1789322102.2713554,LIDAR_ONLY,2.2491892633213277,-0.6023615642893547,-1.0487848402696383,0.07512038970254505,0.05283511415037184,0.18662877365539432,0.9781283548734996,0.23595481009596742,-7.444707889023976,0.11719352397296212,142,6.620005217726905,2.8765565649705436,-0.29850342339256475
1789322102.394527,LIDAR_ONLY,2.263840105098385,-0.5933684779486887,-1.0502271726278365,0.07515328272075222,0.05300616206106399,0.18667403941065366,0.9781079357054419,0.23572411015022043,-7.469623694409022,0.1174539812798424,144,6.643015008713516,2.8861636436097515,-0.2974107225074571
1789322102.5133421,LIDAR_ONLY,2.2822700840717136,-0.5851845909036324,-1.0526043371785492,0.07536655749842583,0.052950357845549884,0.18673917724099232,0.9780821137809556,0.2354921029017769,-7.494262044176058,0.1177140439670785,145,6.666501195194943,2.895465761402295,-0.2954623611607546
1789322102.6249838,LIDAR_ONLY,2.297022070499347,-0.5756206470015852,-1.0547998402652987,0.0758007029574591,0.05313451193684389,0.1868059443489383,0.9780258259515902,0.2352632882602822,-7.518930774475849,0.11797825621676361,146,6.688361055439561,2.9055709362031372,-0.29404319647242505
1789322102.7401958,LIDAR_ONLY,2.3105170880629613,-0.5667360236617098,-1.0572042300295865,0.07590710666603093,0.05341247516350185,0.18686748072724063,0.977990676489891,0.23504045034874124,-7.543163886609315,0.11823050265507462,149,6.708017380709056,2.9127231981133757,-0.2920424340956344
1789322102.8529887,LIDAR_ONLY,2.327439728554884,-0.5574934638733844,-1.059959063046906,0.07584970399741624,0.053461252018438925,0.18687880876650864,0.9779903004478808,0.23480160762467214,-7.568910674307727,0.1184987678224052,147,6.72966098952521,2.9224001087734224,-0.29126016464729904
1789322102.9768605,LIDAR_ONLY,2.3509191302513353,-0.5460533495630757,-1.0628116444783435,0.07585260216233466,0.05333560186410972,0.18686656136087526,0.9779992763617763,0.23454518055421106,-7.596659048321423,0.11878772161309889,145,6.753183170415489,2.9314186462951044,-0.288806159187895
1789322103.085454,LIDAR_ONLY,2.3696482435016444,-0.5359424809659334,-1.065100550987009,0.07583363115498261,0.05351154303210306,0.18691313671509516,0.9779822362760469,0.2343259295432221,-7.6204060068543775,0.11903502874987446,145,6.775071333579735,2.9402286332515706,-0.2869852098438914
1789322103.1973007,LIDAR_ONLY,2.385356340269749,-0.5276700487978123,-1.0680032310190009,0.07594123777796352,0.053678214176805614,0.18695886878703982,0.9779560108253388,0.2341111350696807,-7.643652072104741,0.11927713277388222,146,6.798804442858423,2.952067557157122,-0.28547558752506835
1789322103.314802,LIDAR_ONLY,2.406206966183496,-0.5186863424862265,-1.0696213992763597,0.0760099482302273,0.05368711597786855,0.18703320342620536,0.9779359703805505,0.23387777525848658,-7.668897095073611,0.11954007374099881,144,6.819858647540231,2.960791584579403,-0.2833715287017185
1789322103.4291606,LIDAR_ONLY,2.4208733804198035,-0.5090112252607149,-1.072125425260027,0.07633915368443714,0.053792254289324874,0.18707680389422032,0.9778962094404191,0.23364469839358307,-7.694141386306289,0.11980302199604101,146,6.845285672388023,2.9694088680202975,-0.28227654387403006
1789322103.5501194,LIDAR_ONLY,2.4352490977856975,-0.49929626762807966,-1.0746569414929361,0.07659158228102428,0.05396582574933127,0.18709260444139583,0.9778638844635881,0.23339568770066385,-7.721137702378898,0.12008407244145466,147,6.867999123690324,2.9800909719705793,-0.2812844226134633
1789322103.666192,LIDAR_ONLY,2.4526262278451636,-0.4918535304126801,-1.077600878031661,0.07655212188795062,0.054063672833969616,0.18718030229294053,0.9778447864296651,0.23318335212769006,-7.744138403104301,0.12032356262092131,146,6.890564104844108,2.989362773215604,-0.28028386215125095
1789322103.7999027,LIDAR_ONLY,2.4742515892017654,-0.4840945010470208,-1.0810763981953135,0.07657002353765541,0.05398163134842707,0.18718099554943385,0.9778477846155446,0.23290865034201558,-7.773893968059375,0.12063318605108869,148,6.913376476874409,2.9977399169969168,-0.2782671531795109
1789322103.897116,LIDAR_ONLY,2.4879237140601775,-0.4789950142483004,-1.0823600286499695,0.076459129355365,0.05413296915806036,0.18722547557791583,0.9778395801372409,0.23271954896131478,-7.794404753215817,0.12084687198726508,147,6.93620592552044,3.0111835179277744,-0.27512735706238384
1789322104.0124493,LIDAR_ONLY,2.5013515068511305,-0.47059781944680457,-1.0837212518926926,0.07668456817941448,0.05427090410429839,0.18725701346498166,0.977808241363824,0.23249979505338658,-7.8181840469439505,0.12109517489607882,145,6.958387361237434,3.018078317466525,-0.27280195788587247
1789322104.1227787,LIDAR_ONLY,2.520370001661389,-0.4600947377201796,-1.0861207335088081,0.07690091032029425,0.05432992298703979,0.1873530413490331,0.9777695778440849,0.23225923397019865,-7.8442384745000036,0.12136707045344863,148,6.978164608045339,3.024970137713215,-0.2705823078871525
1789322104.2389936,LIDAR_ONLY,2.53616623690979,-0.44768732149394297,-1.0879948629848033,0.07702056484867786,0.054558100784005505,0.18729477862440194,0.9777586164945157,0.2320369881385371,-7.868566418632834,0.12162056575312558,150,6.99993405060307,3.032959460659474,-0.2680643426089571
1789322104.3509223,LIDAR_ONLY,2.5529966652457734,-0.43892570317254775,-1.0903001152530059,0.07717837009042486,0.05476025408740482,0.1873585209221674,0.9777226592445969,0.2318033006600856,-7.893896685065884,0.121881601769681,148,7.025800532418133,3.043165968980381,-0.2657558332699618
1789322104.4716554,LIDAR_ONLY,2.568941740829689,-0.4318140696591948,-1.0928288246805922,0.0770950646632953,0.054840828763240486,0.18737974239645333,0.9777206485722607,0.23156751602032738,-7.919664576137184,0.1221453792956754,143,7.048058284507749,3.052907963437805,-0.2623184685024586
1789322104.5967388,LIDAR_ONLY,2.5888059719657353,-0.42499950423100485,-1.0959579414302145,0.0770556820570765,0.05506570488856358,0.18744230217814542,0.9776991221035239,0.23131602641604956,-7.946349354488591,0.12242001930746148,148,7.072288360165095,3.064202353077246,-0.2601967479141326
1789322104.711374,LIDAR_ONLY,2.6062379296512166,-0.41493236063247596,-1.0995607660613236,0.07709277527176238,0.05525815957977376,0.18740902035051957,0.9776917197624272,0.23108786488040217,-7.971274887090035,0.12267935689851142,147,7.096278319011406,3.0716629729956315,-0.2582306122343344
1789322104.82031,LIDAR_ONLY,2.6208828305872727,-0.40487629462770625,-1.101512500705967,0.07722838180037069,0.05561744902744251,0.187452488086724,0.9776523109563403,0.23087636455929433,-7.994444949309896,0.12292116590624366,147,7.122704641936098,3.081348688605124,-0.2551905806883164
1789322104.9331095,LIDAR_ONLY,2.633413404688813,-0.39440343327878025,-1.1032578049219994,0.07750165989928408,0.055877932247879354,0.18746466712528823,0.9776134962142053,0.23065111490282347,-8.018584340938348,0.12317862157996251,144,7.144507336333048,3.0912301809908165,-0.25548327982191565
1789322105.0530891,LIDAR_ONLY,2.651377711653036,-0.38727402296141,-1.1044244349060661,0.07723601930606704,0.055843757008346186,0.1875155570547405,0.9776267119854061,0.23042130849666204,-8.043780188211077,0.12344537408528107,146,7.168714208940769,3.103577412729792,-0.253363455837032
1789322105.1727839,LIDAR_ONLY,2.6691684465951298,-0.3783669985380793,-1.1074017525280375,0.07730133799857851,0.05590036164515819,0.18750805064264478,0.977619754125174,0.23019071444024092,-8.069019102324594,0.12370841923205181,143,7.190425661780541,3.1140250474630973,-0.2516527710614575
1789322105.2855964,LIDAR_ONLY,2.6857647540444622,-0.370848723325351,-1.1094630909908472,0.0773378926877008,0.056039531757554044,0.18753166383336847,0.9776043659348644,0.22996420236591095,-8.093768791874874,0.12396603213503517,143,7.213086748873615,3.122765445688729,-0.25053616806949475
1789322105.4077985,LIDAR_ONLY,2.7058349695761867,-0.3628284190559039,-1.113043700201238,0.07739096730533518,0.05614859863681614,0.18764764263199138,0.9775716522410635,0.22971540693467185,-8.121016412316266,0.12424976593874587,144,7.236669137950253,3.130990326101852,-0.24831453710039011
1789322105.5115647,LIDAR_ONLY,2.727178552717297,-0.34920639207149917,-1.1157107660084873,0.0778564739708947,0.05614637183356648,0.18761773987188313,0.9775405557193588,0.2295075656713279,-8.143763074762274,0.1244866384344868,146,7.260262315787802,3.140796754129378,-0.24783047097831204
1789322105.6341672,LIDAR_ONLY,2.7465461959232114,-0.3356788380663185,-1.1183010455878768,0.07790130033033678,0.056240150692182696,0.1875992745796618,0.9775351374933527,0.229260701884761,-8.17075815171285,0.12476776915127409,149,7.28433956012604,3.1506627105740668,-0.24527592410787882
1789322105.7359257,LIDAR_ONLY,2.763188184507368,-0.3269303705080182,-1.120236560097792,0.07786261314861273,0.05641008291569997,0.18762603451452167,0.9775232924035462,0.22905527190513275,-8.19325347811304,0.12500204719673974,147,7.307730738708534,3.1627028532282986,-0.24352524744811205
1789322105.8524175,LIDAR_ONLY,2.7780781202678897,-0.3202468642896308,-1.1222510524514733,0.07780888252157682,0.056515323757158,0.18766042370109726,0.97751489060663,0.22882938048003476,-8.217997864661998,0.12525976198865774,145,7.330099342554836,3.1724473603959535,-0.24122960163986265
1789322105.9711146,LIDAR_ONLY,2.8001424211811434,-0.3139291278763594,-1.1245422517418993,0.07797613806689511,0.05646124556168121,0.18782765372237972,0.9774725684841197,0.22859668399397837,-8.24349226061532,0.12552517466235522,148,7.350506261672925,3.1775363435974886,-0.23855688995940397
1789322106.0862985,LIDAR_ONLY,2.820586344425342,-0.30373924293238663,-1.127867093633641,0.07839183966694581,0.05663865004017785,0.18783055862186973,0.9774284956164592,0.22836827932480996,-8.268491661711794,0.12578544864259728,146,7.373216423458794,3.186068104969835,-0.23688894794869989
1789322106.2072132,LIDAR_ONLY,2.8384483347131297,-0.29490135455357414,-1.1300386767924189,0.07865822428192544,0.056688878536094604,0.18791587095973528,0.9773877839652889,0.22812151173919368,-8.295496355957837,0.1260664245905615,147,7.399176715489313,3.1959043031293883,-0.235508260720409
1789322106.330246,LIDAR_ONLY,2.8559619803919114,-0.2846955813577232,-1.1323872650158315,0.07898476848322765,0.05681495572585558,0.18794748084150875,0.977348050388832,0.22787044377745175,-8.323013179905448,0.12635324551197719,149,7.421467397646193,3.2048786592277594,-0.2331469822635309
1789322106.4257157,LIDAR_ONLY,2.871231930474786,-0.276049258210292,-1.1350648636676919,0.07917709302999813,0.05698185781976641,0.18800268260424316,0.9773121544073496,0.22768506104889796,-8.343291396368869,0.12656489262672796,144,7.443978407015871,3.215096083709515,-0.2320506420580233
1789322106.541337,LIDAR_ONLY,2.892919862113536,-0.2677045115372747,-1.1361686977364447,0.07929914625211143,0.05689334220903143,0.1880830701309232,0.9772919480616314,0.22745386545833599,-8.368596841498752,0.12682903351610975,148,7.466209948619132,3.224023815155807,-0.22940423299099058
1789322106.6516032,LIDAR_ONLY,2.9106970767874145,-0.260135739252666,-1.1382757685182505,0.07960929741607906,0.05689388710116441,0.18815765009388566,0.9772523441192583,0.2272268345318543,-8.393678427837054,0.12709011674310483,146,7.489338272020054,3.2339537593127208,-0.22866974758754957
1789322106.7638357,LIDAR_ONLY,2.9286129903906133,-0.2496926866584286,-1.1422537753680113,0.07996739077028477,0.05699099069739446,0.18815950984550814,0.9772170906443565,0.22700305543998628,-8.418244447833644,0.12734234704698016,146,7.510248759308843,3.2408946345354757,-0.2258490744393329
1789322106.8868732,LIDAR_ONLY,2.9460247442113285,-0.23981021153711501,-1.1445758207451155,0.08017439168980736,0.057017029887393766,0.1882170684787262,0.9771875256844328,0.22674751517716335,-8.446237363249509,0.12762932020680348,149,7.5351172383066345,3.253800075700408,-0.2240735982852537
1789322107.0006988,LIDAR_ONLY,2.964987477021486,-0.22930299614463112,-1.147220862123938,0.0802037350462572,0.057112865473459215,0.18820486141236922,0.9771818723363586,0.22651919824016514,-8.470920804055652,0.1278840406764083,149,7.555694117514414,3.264026054475751,-0.2229570786648723
1789322107.1090806,LIDAR_ONLY,2.9855833689642566,-0.22124403327073394,-1.1495018336091847,0.08010486036616027,0.05707554335606536,0.18822491581772155,0.9771883005653208,0.22629488308712112,-8.495594898431914,0.1281416367493724,148,7.579092710585391,3.273880810035699,-0.22053259618811
1789322107.208453,LIDAR_ONLY,3.000993341682385,-0.2137909501531745,-1.1519621924912702,0.08026350654785509,0.05718982706821271,0.18829434557327954,0.9771552244253116,0.2260913957718378,-8.518015918545357,0.12837531627229712,148,7.606247633813828,3.2838746210427923,-0.21741455277308414
1789322107.3342972,LIDAR_ONLY,3.015891367539349,-0.2059557000658241,-1.1546832250463281,0.08033176133320002,0.05739626732199293,0.18835226445788303,0.9771263485814902,0.22583665590601623,-8.545897780056215,0.12867451310577233,143,7.628858962240661,3.2916012695629098,-0.2164356747671083
1789322107.4442618,LIDAR_ONLY,3.0316519524618597,-0.19869839580898563,-1.157591821930957,0.0806004797013138,0.057553550236373145,0.1884720884293111,0.977071861947831,0.22563219083224775,-8.568623855255776,0.12891204595847527,148,7.649204737943854,3.3016469132827964,-0.21299342735603735
1789322107.5734026,LIDAR_ONLY,3.0518258255880513,-0.18400859320175944,-1.1600993398704351,0.08107753650232603,0.05767020968543949,0.1884959065610004,0.9770209174829871,0.22537598729228772,-8.59686842219316,0.1292063404969523,148,7.671294285325144,3.311170338201381,-0.2116196674235953
1789322107.6746628,LIDAR_ONLY,3.0718211263114013,-0.17444696739993337,-1.1623442272184938,0.08120480114337605,0.05768828704051618,0.18854535832036287,0.9769997388256774,0.22517244481585624,-8.619367471490701,0.12944056408769067,147,7.696643515545947,3.3232906692524153,-0.20958609849743745
1789322107.8000383,LIDAR_ONLY,3.089842295187732,-0.1670570756538361,-1.1641819422035993,0.08128823261475016,0.05784485760756223,0.18859276971608577,0.9769743921401147,0.2249285498137649,-8.646364372253409,0.12972167221120373,148,7.717413248242525,3.3314242157667824,-0.20679171086083337
1789322107.9079812,LIDAR_ONLY,3.107991538830694,-0.15867270606978345,-1.1662740589939995,0.08146957000845156,0.058015435051550886,0.18858904470266094,0.9769498915894075,0.22470932268051558,-8.67061049848897,0.12997417010097156,146,7.7430014727871,3.3391420426736933,-0.20396265397335336
1789322108.0578618,LIDAR_ONLY,3.125071750505505,-0.1499869140338046,-1.169112830112676,0.08154175047794378,0.05816800337324366,0.1886298518105804,0.9769269191287963,0.22439715618051287,-8.705103988333342,0.13033337632907716,144,7.762479729886109,3.348174790568423,-0.203398122754441
1789322108.1353502,LIDAR_ONLY,3.148059796277944,-0.13875108509189293,-1.1711644156463556,0.08187352021454804,0.05811525237544411,0.18865695884274766,0.9768970754430696,0.2242568759918537,-8.720600819620644,0.1304947666266159,143,7.784936320722959,3.35668120934609,-0.20057673723749284
1789322108.244938,LIDAR_ONLY,3.1672809095562364,-0.1271670912131324,-1.172851081527717,0.08206902641495774,0.05817190079251806,0.1887124473103035,0.9768665810087079,0.22404427452720543,-8.744095536831924,0.13073945539682458,146,7.806889168358937,3.367155664601659,-0.19792666249550123
1789322108.3679295,LIDAR_ONLY,3.1823790011666597,-0.11753308398929962,-1.1745082282952932,0.08215629392800287,0.058409420315055444,0.18869524163262213,0.9768483960020006,0.22380721558026193,-8.770342561875358,0.13101264453546582,145,7.829531207894382,3.3756651140929588,-0.19598833385783432
1789322108.4795005,LIDAR_ONLY,3.199776495881556,-0.11274017820169502,-1.1771613974629798,0.08213060503924123,0.058466905820888065,0.18881522521326155,0.9768239326343745,0.22358124422264725,-8.795344065835149,0.13127292240763958,148,7.852843870072949,3.3851238739264096,-0.19409305751551945
1789322108.596058,LIDAR_ONLY,3.216882817302661,-0.1051431962528302,-1.1800921061028844,0.0823516783270587,0.05859189944317105,0.18881398305326158,0.9767980703297486,0.22334621802113355,-8.821349754784766,0.13154347370905026,148,7.875699576094584,3.394585461712014,-0.19182950399990567
1789322108.7017305,LIDAR_ONLY,3.233628465526902,-0.09731308531583216,-1.1810727619398502,0.08268607240052099,0.05875460573552076,0.1888068943753818,0.9767614173236793,0.22312944121155534,-8.845365512766966,0.13179390963825094,147,7.897967621757784,3.4033481181708423,-0.18932943903674185
1789322108.8180795,LIDAR_ONLY,3.253429956371506,-0.09231096395992133,-1.1832999314750712,0.08272899220629285,0.05878529639955102,0.18894489790448504,0.9767292502692912,0.22289168441904145,-8.871655239522573,0.13206820662726865,145,7.920701281823965,3.41407123589811,-0.18678541383175815
1789322108.9311116,LIDAR_ONLY,3.2716129800171636,-0.08297817747417269,-1.1855175160036842,0.08289419998791639,0.05876938051726987,0.18899165470850007,0.976707154664346,0.22267522451803282,-8.89571475557527,0.13231919737271725,148,7.9450032883119155,3.4248056618450313,-0.18386843427868352
1789322109.0454206,LIDAR_ONLY,3.2894562820832425,-0.07374615933586326,-1.1875561502693115,0.08299554601422306,0.058971779208902626,0.18905003288855546,0.9766750501899665,0.2224471670119481,-8.921048453312238,0.13258216070158843,147,7.969395503566227,3.434161324064136,-0.1816130156527475
1789322109.157617,LIDAR_ONLY,3.3076456192038624,-0.0644831252640945,-1.1901660590858913,0.08285855823035752,0.059068312222760794,0.18898793434222097,0.9766928659984169,0.22222539195962104,-8.945843089612803,0.13283605020938807,147,7.991576999726601,3.444484471805086,-0.17982319026628402
1789322109.2649815,LIDAR_ONLY,3.324723596982878,-0.056019370440271166,-1.1913744738213965,0.08265957769371508,0.05928973300125106,0.18897092861787534,0.9766996006518254,0.22201157430538943,-8.969313532396583,0.1330770214093872,146,8.015317221472591,3.454813491356107,-0.17850007013178368
1789322109.3807726,LIDAR_ONLY,3.3455825707800537,-0.048602648657566805,-1.1958563908821147,0.08279581740081289,0.059427587547900916,0.18908995340328452,0.9766566459002425,0.22177355296053722,-8.995493888587628,0.1333479152182417,149,8.04025885810657,3.466909925375539,-0.17425298239179568
1789322109.4986231,LIDAR_ONLY,3.3683062589693185,-0.042986675385688455,-1.1980576738080857,0.0827404026831817,0.05931396469844638,0.18920248929984326,0.9766464546591664,0.22154074100336024,-9.021415163723338,0.13361867409016565,148,8.062676952218318,3.47429866291721,-0.17204603975861532
1789322109.6175656,LIDAR_ONLY,3.388926048546687,-0.03463803737458471,-1.2009072422980256,0.08302944698011094,0.05937578878276985,0.18931819301179548,0.9765957446330337,0.22132722210686034,-9.045073048770801,0.13386695729043938,148,8.089269121182499,3.4810554953050374,-0.17039070241985807
1789322109.7776394,LIDAR_ONLY,3.405567825475295,-0.02421958129160129,-1.202016180485964,0.08316514885879192,0.0594410629157931,0.1893219091085603,0.976579506638464,0.22099407695404566,-9.082231413751632,0.134261372835696,148,8.111589350657164,3.4901103105389075,-0.16722977358208463
1789322109.8489525,LIDAR_ONLY,3.4231776208720266,-0.013934793663511025,-1.2039109343294543,0.08330176998766292,0.05958346982537287,0.18938484435059805,0.9765469809337344,0.22086884679785068,-9.096225873717724,0.13440741828405045,147,8.134308498060973,3.5002584818488445,-0.1664135383676133
1789322109.960354,LIDAR_ONLY,3.4394610977862463,-0.004809246149872104,-1.2056901839833536,0.0835098775407912,0.05968954461255989,0.18937641130526817,0.976524363985971,0.22064928219733493,-9.120725002953542,0.13466233466937358,146,8.156842711882902,3.508866243263304,-0.16437741355279847
1789322110.078215,LIDAR_ONLY,3.4547248380610167,0.0017771548124974057,-1.2082238286404525,0.08373799553475242,0.05988081857885898,0.18946145003668474,0.976476622669557,0.22042557442858401,-9.145723174887305,0.13492257887282846,149,8.178806711998503,3.5187096835350054,-0.1621267162877621
1789322110.1842592,LIDAR_ONLY,3.4780467174713747,0.008123680385712317,-1.2114864853361484,0.0837745193511602,0.05981059438612503,0.18947384658417965,0.9764753884083589,0.22022424512765085,-9.16822011509903,0.1351568305627584,144,8.200435025425199,3.528107083571203,-0.1610988698005536
1789322110.30997,LIDAR_ONLY,3.5075972301853326,0.01692354926101758,-1.2152763399699427,0.083917574359086,0.0596343327828228,0.1895511218884826,0.9764588876435365,0.2199801373258509,-9.195465476548506,0.1354405362199167,148,8.222654689756169,3.5354273092284623,-0.15921414819142207
1789322110.4260943,LIDAR_ONLY,3.524184185397269,0.025738237578866174,-1.21770537723902,0.0841689082383541,0.0598399912407627,0.18958423207017766,0.9764182450592728,0.21975375287140836,-9.220710600500585,0.13570341336544228,148,8.247643089850948,3.5452720635704873,-0.15723911338185614
1789322110.5351994,LIDAR_ONLY,3.5405436201560123,0.03205642130309827,-1.219358159598126,0.08411082766070599,0.059954628605881306,0.18966395240709275,0.9764007355262909,0.21953196063332805,-9.24545539155161,0.13596108243401028,147,8.272466388093516,3.5555123951382277,-0.15518915975072042
1789322110.660928,LIDAR_ONLY,3.5526552728829905,0.040047123379286065,-1.221698958503442,0.08438361020882443,0.06041224326670307,0.18974160060302991,0.9763339040472835,0.21927698180612454,-9.27394895471394,0.1362578168470351,149,8.294784186216566,3.565162649371774,-0.1539612188768
1789322110.7579865,LIDAR_ONLY,3.5681025517509974,0.04803728168847354,-1.222940770106653,0.08432125717444906,0.06045679203402733,0.18977568854760496,0.9763299083413133,0.21910247492631096,-9.293445523012181,0.1364607042982517,146,8.316308694511898,3.575667778104887,-0.15149212421839853
1789322110.8729446,LIDAR_ONLY,3.586271555098641,0.05590817881760057,-1.2252863418577893,0.08458376438791056,0.060577464547928415,0.18984720620616288,0.9762858166984859,0.2188785472659982,-9.318445772447408,0.13672094784537953,145,8.337313210824194,3.5852980036502,-0.15062565733713285
1789322110.993949,LIDAR_ONLY,3.611418562171697,0.06351192049678533,-1.2290336288350008,0.08504393092248187,0.06068095164954793,0.18998252258308684,0.9762130879234945,0.2186344622735405,-9.345702354812818,0.1370045516136407,148,8.358843003936585,3.5932117465937887,-0.14733656069553938
1789322111.105504,LIDAR_ONLY,3.6323603019785358,0.07283454388419686,-1.2310713771077069,0.08533612813927538,0.06078827036843132,0.19005164054870133,0.9761674576344772,0.21841293459757594,-9.370470800821343,0.1372627846720545,143,8.385892303821551,3.602924098054191,-0.14619729420984248
1789322111.2180295,LIDAR_ONLY,3.650460164783091,0.0814035664545425,-1.234055540881429,0.08527255596234241,0.06097417401621605,0.19006054008867637,0.9761596859140875,0.21818853566670876,-9.395511261038003,0.1375241164594026,146,8.407409817926814,3.611899641279624,-0.1443223666967698
1789322111.3291347,LIDAR_ONLY,3.6708460692446128,0.08937726075525343,-1.237063783937384,0.0852885997445105,0.06111661677099327,0.19009404721625794,0.976142851800407,0.21796757442737397,-9.420325553142082,0.13778280643628638,147,8.429852844160747,3.6226161474707514,-0.1425014202620457
1789322111.451935,LIDAR_ONLY,3.6918666933098603,0.09956722429807541,-1.2396125750172984,0.08530950756879908,0.06121769535490252,0.1900981022474191,0.9761339012736588,0.21773217884582935,-9.446656919757375,0.13805530444019562,143,8.452036760482882,3.6315437771077193,-0.14120695684750512
1789322111.5692213,LIDAR_ONLY,3.714505366476992,0.11163687777617803,-1.2420278466722317,0.08564482270942514,0.06132117082193107,0.19007202165565262,0.9761031220807727,0.2175172498257082,-9.47093317867041,0.13830384039716692,146,8.474501367445395,3.640008755690029,-0.14030967316407575
1789322111.6778283,LIDAR_ONLY,3.733946104099773,0.1179951502989931,-1.244248559566874,0.0858923703414784,0.0614005617951088,0.19022642993521272,0.9760462986367353,0.21728809254765863,-9.496132111092813,0.13856309960465943,146,8.497461916434792,3.650136749565461,-0.1397445207125253
1789322111.7977886,LIDAR_ONLY,3.7557301112080372,0.12777604120600317,-1.2475325545673672,0.08617378415667522,0.061481260476092356,0.1903499908210471,0.9759923229866191,0.2170631098366893,-9.521316741264405,0.1388245609195749,149,8.520343543204017,3.6598236501497166,-0.1376880528880612
1789322111.9062462,LIDAR_ONLY,3.7752608441500533,0.13717256570320058,-1.2507831989006597,0.08624193250743893,0.061606608854196436,0.1904231767196446,0.9759641225940979,0.21685031297896581,-9.545492408834725,0.13907689274730978,149,8.544280452496547,3.6681338095674545,-0.13501416029115093
1789322112.028019,LIDAR_ONLY,3.795619425660756,0.14521132617397936,-1.2533424298952132,0.08641516278309035,0.061647904611017317,0.19051109345384207,0.9759290336747157,0.21661194289656321,-9.571881792311936,0.1393568999469114,147,8.568383405561805,3.6782136804130254,-0.13237911517062476
1789322112.1375332,LIDAR_ONLY,3.814465558869224,0.15291333983248667,-1.2564307420310774,0.0866438369843868,0.061746913598774635,0.19061310812968443,0.9758825785835045,0.2164040519598013,-9.595333568660665,0.13960529458838197,148,8.59088066919755,3.6866876920355796,-0.12905369078481338
1789322112.2565143,LIDAR_ONLY,3.8357898882834327,0.16123539447171686,-1.258204491389483,0.08686093047936518,0.06179571449642526,0.19066490923309487,0.9758500708680976,0.21617367665969178,-9.62132504559471,0.13987590315401308,149,8.613118538285823,3.695855846855669,-0.1272526046396633
1789322112.4027917,LIDAR_ONLY,3.8596275843027747,0.1696788364588031,-1.261554096123838,0.08716766472989208,0.06179326176405313,0.1907407007844006,0.9758080631406836,0.2158919657024415,-9.653073515166591,0.1402063418880909,148,8.634534973453633,3.7055965502424075,-0.12548187525789836
1789322112.5004733,LIDAR_ONLY,3.8809533286615316,0.17761064361523737,-1.2660334315401451,0.08713062347541567,0.06192766164933831,0.19081171531976246,0.975788967180999,0.21571697253378885,-9.672821239442735,0.14041193385414388,146,8.65775657090497,3.715473762137491,-0.12261528162349467
1789322112.6024292,LIDAR_ONLY,3.901172404993024,0.18585591452624128,-1.269389198567358,0.08693947772561642,0.062070723654609555,0.190880720942468,0.9757834303011471,0.2155152766938304,-9.695567733489133,0.14064878259064087,149,8.681340790862334,3.7243272869280832,-0.12122439011540385
1789322112.7177799,LIDAR_ONLY,3.924290801204296,0.19724964976659032,-1.2725990405571972,0.08728197482255838,0.06201967374438951,0.19102577365321224,0.9757277134220927,0.21528681428232085,-9.721313199578843,0.14091687624414773,144,8.705281289766765,3.7341726977226006,-0.11947615951995594
1789322112.8304787,LIDAR_ONLY,3.942537683790589,0.20431273897315827,-1.2745728267190861,0.08751160476101372,0.06213186384201146,0.1910717239189897,0.9756910099238874,0.21507149763823852,-9.745558595056604,0.14116933091813808,146,8.726884149628559,3.741672882773283,-0.11688823903595147
1789322112.9446146,LIDAR_ONLY,3.9609490380534345,0.21075819476327529,-1.2783242032447926,0.08757385701881178,0.06221235125029285,0.19120014206647962,0.975655138146936,0.21485167932117488,-9.770303648420946,0.14142700010534587,144,8.750406703218806,3.750821098938298,-0.11572622540512768
1789322113.052982,LIDAR_ONLY,3.979660874236033,0.21727618503626656,-1.28115192826409,0.08767175633832548,0.06226498756532495,0.19127536327396005,0.9756282436811975,0.2146296883000296,-9.795298279507938,0.14168721954875757,147,8.773316876819464,3.7603264561438183,-0.11455494434010115
1789322113.166957,LIDAR_ONLY,3.9982034310011993,0.22278189638900314,-1.2823774026842227,0.08788322092935384,0.06232868454871672,0.19138165564548593,0.9755843051443077,0.21440363581620359,-9.82079672645958,0.14195261073812146,145,8.793640060471414,3.7708071909256833,-0.11228030796022105
1789322113.278669,LIDAR_ONLY,4.019718893502201,0.23175065478274726,-1.2850857693767437,0.08829680526390724,0.06231441446429885,0.1915168437642979,0.9755213408658576,0.21418414929330154,-9.84554921564602,0.14221024943823954,146,8.81372452431517,3.7775622279455323,-0.11013958605757868
1789322113.3964217,LIDAR_ONLY,4.035893690132796,0.24173853552733582,-1.286512788742216,0.08837615909171107,0.06245533927175117,0.19148640890484173,0.9755111174688759,0.21395139361481275,-9.871807172952813,0.1424834650099272,147,8.836094680174961,3.7869058328401928,-0.10807695692208484
1789322113.5043871,LIDAR_ONLY,4.061248073143468,0.2548429397867713,-1.2893056719692533,0.08855024998523107,0.062429286817238985,0.19147498595770363,0.9754992399420623,0.2137408730128859,-9.895577687775233,0.14273144097299267,148,8.860876408198882,3.797277643941639,-0.10579166834384536
1789322113.6210778,LIDAR_ONLY,4.079357686459104,0.2640710197616374,-1.292110014375802,0.08831759122181314,0.06264422650456715,0.19154071474382092,0.9754936486527463,0.21351865960545613,-9.92062133739632,0.142992740469941,148,8.884022684688675,3.8070277747756243,-0.10367644068998365
1789322113.733196,LIDAR_ONLY,4.098533464509479,0.27049297955567186,-1.2948217870658194,0.0884728460754952,0.06271990582771339,0.19162537154081122,0.9754580902848214,0.21329855808962553,-9.945691629326546,0.14325398846627563,147,8.905689998228585,3.8204117947576757,-0.103406822142237
1789322113.8510318,LIDAR_ONLY,4.119444183195531,0.2760112079592896,-1.2978690270197775,0.08851931443967567,0.06272118170474772,0.19178130266433452,0.9754231472981667,0.2130720157458966,-9.971262220983702,0.14351758905687717,146,8.930939268840497,3.8298562701311245,-0.10178704881145051
1789322113.9777937,LIDAR_ONLY,4.14122574967908,0.2834391770523068,-1.3015209960303893,0.08884776359332738,0.0627256288717739,0.1918863547499154,0.9753723377499971,0.21282471592120517,-9.999262140062958,0.14380459132990467,147,8.953066349818474,3.8397798125300344,-0.09971449929539847
1789322114.077468,LIDAR_ONLY,4.1622071593541285,0.2919389674045416,-1.3036789645843463,0.08922944253609091,0.06273050084503304,0.19199953395414066,0.9753149080219284,0.21263108995213054,-10.020710319926236,0.14402581324171776,147,8.976907626888854,3.8478989283538545,-0.09738914710705655
1789322114.1988285,LIDAR_ONLY,4.181601672002461,0.3035971768072294,-1.3055902965027801,0.08969757645706007,0.06284301911999327,0.1920393715579417,0.9752568787233674,0.2124072951640605,-10.046145044090073,0.14429052141042142,144,8.999233207056536,3.856629130509819,-0.09506081841996739
1789322114.3184743,LIDAR_ONLY,4.197738412939631,0.3117954380997492,-1.307270094858369,0.09000327281159329,0.06305765606696206,0.1921271026867188,0.9751975796256622,0.21219303331644582,-10.070568627429903,0.14454485194974748,147,9.02310951433562,3.86789092282546,-0.09315948729993022
1789322114.4334123,LIDAR_ONLY,4.220474945199883,0.32212884740461,-1.3094857245629696,0.09020945515412472,0.06291952878778745,0.19216565071360509,0.9751798550953231,0.21196933107284616,-10.09572012987637,0.1448138796342609,147,9.047681850112701,3.8791145883834663,-0.09167158602202073
1789322114.5543034,LIDAR_ONLY,4.241574147777182,0.33101189339053394,-1.3130457805714917,0.09025958771056203,0.06288013336077707,0.19222722506031467,0.9751656216256095,0.21173930112981296,-10.12193761519775,0.14508899971121422,145,9.071511870368779,3.887051723055653,-0.08938692530246031
1789322114.6619012,LIDAR_ONLY,4.2596412667743,0.33726484507617305,-1.3176596572499353,0.09074348043865235,0.06290725277618352,0.1923081519670817,0.9751030063501185,0.2115329786577677,-10.14543442913839,0.14533379086991427,145,9.094463340152846,3.8972184187133188,-0.0879900868418377
1789322114.778464,LIDAR_ONLY,4.282261792396251,0.3454141159905293,-1.3219848538293855,0.09132705244913726,0.06281465910466433,0.1924163144368362,0.9750331532984209,0.2113046194501772,-10.171433071650188,0.14560438529752964,148,9.115701798748761,3.9049044539460467,-0.0866387602093001
1789322114.9039314,LIDAR_ONLY,4.30653517746673,0.35587384002366496,-1.3259136221919468,0.0917869418820747,0.06270418751863349,0.19246418922727163,0.974987629681861,0.21106526621270935,-10.198679494654982,0.14588804174770165,149,9.138619803841221,3.914375116474097,-0.08363584624224547
1789322115.034909,LIDAR_ONLY,4.326213597362421,0.36489088194218566,-1.3276612318530878,0.09217186636306171,0.06272842086726095,0.1925310309614203,0.9749365591583805,0.21080168703728142,-10.228674396932295,0.1462003623128938,149,9.163258994178557,3.924290856673494,-0.08241484553910326
1789322115.12,LIDAR_ONLY,4.34316172849051,0.3739790735330579,-1.3294543953030766,0.09233040215949347,0.06280834121125241,0.1925847949323373,0.9749057933319644,0.210652102226679,-10.245671251968492,0.14637732957464733,147,9.186578342791965,3.9337296480623665,-0.08121071667489238
1789322115.2444637,LIDAR_ONLY,4.359286162231977,0.3794555576318588,-1.3321064175344532,0.09221249853016393,0.06302940614270366,0.1927123281094209,0.9748774834156186,0.2104143678273823,-10.272665961450636,0.14665839259852353,147,9.211640766891826,3.943525273879182,-0.07739037809952111
1789322115.3486764,LIDAR_ONLY,4.374822088266074,0.38379196912957503,-1.3336437634811138,0.09188485337269142,0.06321611804037504,0.19279083159533877,0.9748808088137556,0.21021400644932728,-10.29541124236692,0.14689521260151406,149,9.235284724555246,3.9538492590652865,-0.0757439499614998
1789322115.4615319,LIDAR_ONLY,4.396627864402544,0.3928971676829247,-1.336631147282731,0.09177367885452056,0.06319515536362963,0.19282778818349194,0.9748853308529863,0.2099943939547428,-10.32040579485062,0.14715548096661152,149,9.256314670366853,3.9636017323896864,-0.07319848373593674
1789322115.5842044,LIDAR_ONLY,4.423765301877816,0.4000582274669455,-1.3419125534644833,0.09203729307614453,0.06310130855042198,0.192994731221188,0.97483352181965,0.20975267754326452,-10.347902571994114,0.14744159964228573,148,9.276766432239553,3.9721427905389697,-0.07138167171259585
1789322115.703524,LIDAR_ONLY,4.448473129045932,0.41026958418365767,-1.3457067021061828,0.09245100387940268,0.06302078470534049,0.1930486778610436,0.974788900507652,0.2095261706567723,-10.373654931314448,0.14770951877510197,148,9.300537988629927,3.9804163834532895,-0.07002171864503541
1789322115.8088715,LIDAR_ONLY,4.464584363360804,0.41666764628045416,-1.3488556033293229,0.09253313905267183,0.063172022727677,0.19311018120411488,0.9747591351902616,0.20931418853337155,-10.398173353034386,0.14796162769916396,147,9.323323565396826,3.989575741454315,-0.06841575696214147
1789322115.9293244,LIDAR_ONLY,4.482774624039821,0.4255333314389007,-1.351773962864062,0.09262858528591415,0.0634130487166659,0.19322244944918784,0.9747121705761368,0.20908713566270432,-10.424018621042938,0.14812866952790862,147,9.344242720745612,3.9999271516929493,-0.06680927003553463
1789322116.0315146,LIDAR_ONLY,4.502139110345811,0.4344034102572818,-1.3555657653943425,0.092754404755571,0.06369734786299808,0.19336105199545678,0.9746541806429961,0.2088963552338487,-10.445610822961902,0.14827427199527166,147,9.37289081298165,4.0108065513594156,-0.064361262806587
1789322116.1489098,LIDAR_ONLY,4.519992734140282,0.4440708771666759,-1.3581406452138411,0.09275864895848343,0.0640349605444024,0.1934340861029976,0.9746171613536116,0.20867429469719878,-10.4709814310484,0.14844511006443012,150,9.401211525936622,4.021034306159288,-0.062275954759266124
1789322116.2790008,LIDAR_ONLY,4.536791839711062,0.45088958579008653,-1.3611394460912285,0.09284268011632692,0.06434653206683075,0.19353823997081562,0.9745679608056017,0.20843500987234886,-10.498342746338679,0.14862336659909578,148,9.429343144432782,4.028348682572737,-0.06024707799600537
1789322116.3854883,LIDAR_ONLY,4.553291596667267,0.45518347300775264,-1.3655516956327571,0.09301764712855351,0.0646669376302367,0.1936778117436151,0.9745023395243337,0.2082118234178294,-10.523630080436725,0.14879118751463502,147,9.45447481102656,4.037114525799615,-0.05815329671824181
1789322116.5071466,LIDAR_ONLY,4.579644184004466,0.4674482188551623,-1.3697799375569546,0.09354015580998476,0.06474760491664734,0.1937144343023416,0.9744396876418393,0.20798220423327152,-10.54933812255645,0.14896324993506627,148,9.481398946707166,4.046426152245699,-0.054937237193761077
1789322116.6206243,LIDAR_ONLY,4.604914307704152,0.4757940141664079,-1.3752890864270877,0.09324253231538475,0.06488240076126503,0.19384185407455523,0.9744339073779237,0.20777457928216475,-10.573080097136186,0.14912270895013124,147,9.508323860617347,4.057768799713695,-0.052398550535476485
1789322116.7421014,LIDAR_ONLY,4.624062000187188,0.48610444983670376,-1.3782695566234788,0.0935005787676792,0.06517533183748941,0.19392570707065887,0.974372946066919,0.2075358035393419,-10.600291576606491,0.1493077098096262,147,9.536479173051502,4.069516546373208,-0.05099697840605256
1789322116.8668907,LIDAR_ONLY,4.643814471324055,0.4939811564239045,-1.3819376995692276,0.09330826905048585,0.06543719876073238,0.19402772921228173,0.9743535191304417,0.20731686100241453,-10.625273844115807,0.14948186386103351,147,9.56500368701107,4.079060306524899,-0.0484690139864374
1789322116.997104,LIDAR_ONLY,4.657025450852475,0.500696168459245,-1.3837305049732076,0.09301491418444459,0.06583372010936475,0.1941332443709207,0.9743338393311826,0.20707931910201566,-10.652592166491267,0.1496678228481044,148,9.59025642946009,4.090272220921749,-0.04522366054282065
1789322117.1104088,LIDAR_ONLY,4.675391544353336,0.5092633156869135,-1.3870770337107272,0.0931054414820344,0.0660992506964044,0.1941621995106576,0.9743014451929101,0.20688560377261067,-10.674661288235814,0.14981621517962102,149,9.612143344713116,4.098667340825442,-0.040832437768026815
1789322117.232772,LIDAR_ONLY,4.7008119545922815,0.5194528973988601,-1.3907072152964437,0.09342832942755756,0.06607392348696514,0.19442598262417224,0.9742196472952287,0.206669657181747,-10.69924083510275,0.14998215746087756,146,9.639081155522426,4.106967979473441,-0.040199766386680574
1789322117.352951,LIDAR_ONLY,4.719972857435319,0.5278259909470158,-1.3937072125130774,0.09345738945636121,0.06626813674448377,0.19450483862741183,0.9741879275370544,0.2064447922112115,-10.724824311696903,0.15015490269635445,148,9.664031726777637,4.11784203532811,-0.037871118268111466
1789322117.4744182,LIDAR_ONLY,4.744414861463569,0.5374172220314468,-1.3976579349301375,0.09352870128820992,0.06636536371149732,0.1946513907305223,0.9741451927826033,0.2062199737336588,-10.750408495984919,0.15032756514844925,145,9.691542063950926,4.127513946598092,-0.03890607238254953
1789322117.5945437,LIDAR_ONLY,4.767271036465009,0.5462239381733738,-1.4024008150590497,0.0934262524424316,0.06653406886785228,0.19465396737083598,0.9741430008069887,0.20599536705762972,-10.775993373814082,0.15050009552045066,148,9.722968467343888,4.141315341811993,-0.03711541398994731
1789322117.764862,LIDAR_ONLY,4.787643864154188,0.5526835880569976,-1.4071027119890553,0.09349936718369356,0.066665265243065,0.19475878572539862,0.9741060651330987,0.20566740173150022,-10.813367617607145,0.15075215322221158,146,9.74781760243474,4.1534289303644,-0.036868941972634
1789322117.8365552,LIDAR_ONLY,4.81092504324702,0.5613108126083357,-1.410220297863225,0.09339227424053237,0.06666854117676851,0.19485152720891025,0.9740975675330978,0.20556399868775,-10.825156566782237,0.15083167544063386,146,9.772465719109,4.163598837815572,-0.035929621364599984
1789322117.953551,LIDAR_ONLY,4.830104044246608,0.5694328835321805,-1.4122122102511963,0.0935026893482905,0.06670249813136059,0.1948996751219873,0.9740750178836417,0.2053418830720432,-10.850489168812391,0.15100260979748953,148,9.798881190109533,4.17569535158829,-0.034217904777729014
1789322118.069365,LIDAR_ONLY,4.8530641085053565,0.5774325011407171,-1.4158104322947125,0.09399189891548175,0.06662147197082197,0.195079588884543,0.9739974622201747,0.20513093636906665,-10.874565361950221,0.15116516936105714,146,9.823785648388672,4.184941647414964,-0.03295413330194855
1789322118.196672,LIDAR_ONLY,4.8752929686507835,0.5877626199375914,-1.4188412585805472,0.09423474372833618,0.06664990321745101,0.19524393156216327,0.9739391206146863,0.20489045033999093,-10.901900763380892,0.15134992977285533,149,9.848490361013729,4.194195399082968,-0.034072274498251745
1789322118.3066578,LIDAR_ONLY,4.892436178577863,0.5952352331586563,-1.420175218020196,0.09421336333639461,0.0667730688401337,0.19534906384997008,0.9739116708919016,0.20468534757525297,-10.925429064610999,0.15143675041571325,150,9.873368392773672,4.204634094399612,-0.033487525980263555
1789322118.4320674,LIDAR_ONLY,4.91445568907008,0.6067154063194946,-1.4232567096405138,0.09438578406249523,0.06678430975575336,0.19539158584313862,0.973885674973741,0.20445762984883242,-10.951219312678106,0.15151626745572883,150,9.897388759740107,4.215101187080142,-0.03212634733396898
1789322118.5591743,LIDAR_ONLY,4.93458893890394,0.6152189558721435,-1.4259000438622782,0.09441055381165737,0.06693984439048961,0.1953650861524434,0.9738779120991509,0.20422882111543814,-10.977284424101907,0.15159654522041732,149,9.918070239988394,4.225579209975009,-0.031118894556309982
1789322118.6792643,LIDAR_ONLY,4.955473412658766,0.6218114135698307,-1.4293074621181479,0.09456317207990372,0.06703974101764813,0.19549817373703252,0.9738295249559639,0.20402110495222986,-11.000862191676124,0.15166801576339475,147,9.940648611637005,4.236539677751774,-0.03033289802996995
1789322118.7987187,LIDAR_ONLY,4.974513727300024,0.6303405680753869,-1.4322631675350226,0.09487946121231544,0.06711368785659051,0.19561073672255164,0.9737710616059657,0.20380138516681767,-11.025900897430702,0.15174084059118023,150,9.962234722993646,4.240820964433448,-0.029896262278409268
1789322118.9195015,LIDAR_ONLY,4.989665407714019,0.636031113218771,-1.4357147593449775,0.09493100439951192,0.06724651693691548,0.19569026260983344,0.9737408954558947,0.20357827507019688,-11.050860064044931,0.15181445264209698,147,9.983096770355058,4.249236335455611,-0.027982274049949463
1789322119.0448408,LIDAR_ONLY,5.012557412666207,0.6466111950158211,-1.4405217473250271,0.09557259859301237,0.06717105583481825,0.19584508109047272,0.9736522129943942,0.20335682467362237,-11.076052489521398,0.15189086934157928,146,10.004523901035718,4.258649871194352,-0.027230394023742832
1789322119.1675615,LIDAR_ONLY,5.032475902506172,0.6570320368300961,-1.44321048991036,0.09596157328918915,0.06721713928042758,0.19597092529899107,0.9735854503207597,0.2031366252276793,-11.101489029646109,0.15196893761395067,148,10.025987593869337,4.268069322245475,-0.025458150078108678
1789322119.2881186,LIDAR_ONLY,5.054737148867685,0.6660954994992332,-1.4455487836545111,0.09593619361462384,0.0671496547622706,0.1961130837069626,0.9735639830124115,0.20292406454253709,-11.125400227591287,0.1520466825170686,149,10.051247588568653,4.279210989160648,-0.023631168097178846
1789322119.4094794,LIDAR_ONLY,5.076202637046566,0.6750813829596465,-1.4488269084382779,0.0962472719942866,0.06712499966964224,0.19619589061762274,0.973518294413498,0.20270582977702994,-11.150350926435255,0.15212792638918515,144,10.075361607363261,4.289931670893354,-0.02007921197527318
1789322119.5754895,LIDAR_ONLY,5.094347922407498,0.6815493784446394,-1.4512599151008514,0.09630085459007637,0.0672236120823317,0.19618578250773608,0.9735082280729077,0.20238996342032298,-11.186596813385124,0.15223899570580213,147,10.095367073831326,4.30013322188707,-0.018086497125450712
1789322119.6663136,LIDAR_ONLY,5.112172813437481,0.6892214798016238,-1.453351189364248,0.09624019470985068,0.06746321378543002,0.19612775372901017,0.973509344549483,0.20224158046232044,-11.20359707203663,0.15229111458923983,145,10.117876979055962,4.307619635969153,-0.01663045247621993
1789322119.8110635,LIDAR_ONLY,5.132465841581786,0.6973672790565171,-1.4558458558189349,0.09621916349095126,0.06749200612926537,0.19622109829482423,0.9734906174533589,0.20199727297013792,-11.231595510848562,0.1523769807849547,144,10.140917415626632,4.315674244923138,-0.015291303739698142
1789322119.9252248,LIDAR_ONLY,5.151762608371119,0.703979924468437,-1.4597461997442007,0.09663461861834564,0.067540631278257,0.1963902648010281,0.973411977274989,0.20181618880679889,-11.252343535566053,0.15244064492152895,146,10.140917415626632,4.315674244923138,-0.015291303739698142
1789322120.068623,LIDAR_ONLY,5.172528421141707,0.7126489568981353,-1.4629576100937811,0.09661698310012568,0.06760271840396274,0.1965117402360258,0.9733849017682744,0.20158027847631554,-11.279340520349072,0.15252348370813965,146,10.186019387234122,4.331891777507476,-0.01150516683439616
1789322120.1934285,LIDAR_ONLY,5.1923248523952426,0.7220962917185927,-1.4662780505964452,0.09699250150639042,0.06763154000977935,0.19657344081748146,0.9733330939676379,0.20137038621895204,-11.30333756290822,0.15259710700548645,148,10.20811972674698,4.3422032664336045,-0.010373990813580687
1789322120.342439,LIDAR_ONLY,5.2086593240951045,0.7302193879054879,-1.4680579772653366,0.09694069388011325,0.0677571858249095,0.19668679845682444,0.9733066161040598,0.20112325633073508,-11.331583805712144,0.15268376862952734,147,10.227276377440894,4.3507145984422095,-0.009310457945688234
1789322120.4610696,LIDAR_ONLY,5.227409682153524,0.7388407105583885,-1.4718832783651283,0.09727110157100531,0.0678074242243832,0.19679340083727473,0.973248603084596,0.20093565806245361,-11.353080737015468,0.1527497422999171,149,10.227276377440894,4.3507145984422095,-0.009310457945688234
1789322120.6693995,LIDAR_ONLY,5.245445512744564,0.7453015948840791,-1.4737555075293844,0.09705579851747898,0.06793652532668432,0.19681230381150383,0.9732572720350359,0.2005842258491345,-11.393330638691378,0.15287303976472613,146,10.2710685493399,4.370135185736166,-0.010326963480119147
1789322120.730869,LIDAR_ONLY,5.273095213282159,0.7545764892426445,-1.4783977084528561,0.09654824766549175,0.06789988224612259,0.19686750621766125,0.9732991456172788,0.20050122599451098,-11.402832417331407,0.15290215078143793,146,10.29231432921668,4.377998475100921,-0.008061933343407147
1789322120.8633602,LIDAR_ONLY,5.291385150529972,0.7601085135621772,-1.4813293365371512,0.09606816803567296,0.06794523858276139,0.19695036459447451,0.9733267208549784,0.2002697809377593,-11.429342808226231,0.15298328941874934,146,10.316010534551017,4.384147160476644,-0.007516945482434662
1789322121.0012577,LIDAR_ONLY,5.316724981393038,0.7721618865873523,-1.486468356063015,0.09654246087910809,0.06791885467524414,0.19695985067566163,0.9732797129545186,0.20003831877432077,-11.455869092443853,0.15306513187158602,146,10.34053988472813,4.393896987548645,-0.005379303543154933
1789322121.1350627,LIDAR_ONLY,5.340759260629311,0.7824033587944921,-1.489978550857698,0.09671146225651217,0.06797518484816846,0.19713171585588737,0.9732242053693375,0.19983040184552173,-11.479663762975589,0.15313865745283672,146,10.362814234938384,4.405442901597229,-0.00520043893877157
1789322121.2741976,LIDAR_ONLY,5.359451535188048,0.7917633418631167,-1.4927201230481497,0.09664148558886995,0.06802483756741586,0.19721176749347905,0.9732114690544913,0.199606875213234,-11.50548858596977,0.1532181099406318,148,10.384637669337442,4.415987726171204,-0.0028659777240813253
1789322121.4024837,LIDAR_ONLY,5.379202243055658,0.8007355507818328,-1.4954088916259316,0.09669221847869051,0.06810036206422088,0.1973386469441358,0.9731754281704039,0.19939682397446037,-11.529556649314856,0.15328944765199504,147,10.407668268448464,4.4253851554298205,-0.0010761184417971926
1789322121.6464248,LIDAR_ONLY,5.395257539266043,0.8092327684504672,-1.4977980798561918,0.0967192534961175,0.0682231242190554,0.1974437393398537,0.9731428266808737,0.1990196744390516,-11.572527048772828,0.1534156077228303,145,10.45018818015323,4.4386953916933045,0.0031304282474555354
1789322121.7080705,LIDAR_ONLY,5.414888161463266,0.8187659924394886,-1.5009071386713373,0.09684557008729199,0.06834023256261848,0.1975232605326159,0.9731059087870749,0.19888573959318603,-11.587991361372843,0.15346240515888693,145,10.45018818015323,4.4386953916933045,0.0031304282474555354
1789322121.8053575,LIDAR_ONLY,5.437028827597648,0.8263529089896797,-1.5041529658802402,0.09674341288962378,0.06853168188999978,0.19756984454764837,0.9730931492746282,0.1987508872657307,-11.603455869984156,0.1535100378497103,146,10.47022028234202,4.446842678897769,0.004364287948797174
1789322121.9218664,LIDAR_ONLY,5.455405558585986,0.8323705226805316,-1.507213061367421,0.0969666120902599,0.06869865845621868,0.19761633565327721,0.9730497183335619,0.19853341536001418,-11.628633604742605,0.1535872665659181,147,10.493838113437784,4.456836040873813,0.00620174194790717
1789322122.0448842,LIDAR_ONLY,5.481113944514267,0.8401876274830602,-1.5117260482460395,0.09716840604262206,0.06865064180188861,0.19781805369808203,0.9729919875715461,0.19831364008782315,-11.653795975970178,0.1536716259330667,148,10.519589158621729,4.467717041849286,0.007638458681466158
1789322122.1498547,LIDAR_ONLY,5.500306835937109,0.8519059122430164,-1.5133050006761506,0.09741395488164592,0.06872891569584083,0.19779997935056687,0.9729655830040989,0.19813022367839994,-11.675026451284959,0.15373805953509756,147,10.542114885472873,4.476860453510011,0.009496699661971657
1789322122.2725565,LIDAR_ONLY,5.518079011926393,0.8591897228393417,-1.5173724210721806,0.09723425350294734,0.06883827052369154,0.19789417780687638,0.9729566726464093,0.19792038629171801,-11.699274637919496,0.1538124406223988,147,10.565905406247605,4.485690971307773,0.01209960147289787
1789322122.3923051,LIDAR_ONLY,5.536032227834151,0.8665467387659012,-1.5202666645057246,0.09711164718899562,0.0689482040556522,0.19799972548702272,0.9729396599197732,0.19770846766948036,-11.723774818038066,0.15388751049427457,148,10.588265587371685,4.495863250422885,0.013795456740496929
1789322122.5551596,LIDAR_ONLY,5.552834079280651,0.8746683897955687,-1.5228732131334368,0.09709377303196057,0.06905335917897235,0.1980519937779762,0.9729233477438428,0.1974102088194834,-11.758272380599905,0.15399330128794364,147,10.609827748696029,4.503058072954763,0.018092582039350998
1789322122.6423,LIDAR_ONLY,5.569767123689441,0.8834421965675856,-1.5249721744050753,0.09715446037050048,0.06919063410051937,0.1980601195920403,0.9729058824007961,0.19725231531598642,-11.776520492151676,0.15404928805166318,147,10.630331587750113,4.510841091360758,0.01919715464869116
1789322122.759569,LIDAR_ONLY,5.599355416754682,0.8959733660984408,-1.5300541956794271,0.09710397820850825,0.06900418964831435,0.19808229078179457,0.9729196499740859,0.19705103443650096,-11.799767886618929,0.15412062396952286,147,10.651702310154574,4.520024987909745,0.020272900246733075
1789322122.875449,LIDAR_ONLY,5.617775793661418,0.9030119683567708,-1.5329161529318762,0.09718892942117895,0.06907361418884804,0.19811148997803504,0.972900295693006,0.19683661610786374,-11.824515019014504,0.15419654294977458,145,10.675163678018844,4.5303480234627616,0.0211831162055723
1789322122.9922729,LIDAR_ONLY,5.6432068094453465,0.9114486490037172,-1.5374110367014318,0.09729733379139557,0.06900147648874462,0.19830938023286931,0.972854261845583,0.19662428469100907,-11.849012095429607,0.15427169708959967,145,10.696678589700678,4.536865417990293,0.024224146642988484
1789322123.124033,LIDAR_ONLY,5.662321911996435,0.9202050003843192,-1.5406001003215466,0.09779454098916762,0.06916341336512198,0.19843428200971394,0.9727674366094358,0.1963881864051888,-11.876258859411564,0.1543551922613342,146,10.719589579596693,4.546932011911707,0.02584852401916579
1789322123.2435524,LIDAR_ONLY,5.680578740614785,0.9314094049329309,-1.543208123665901,0.0976455254014209,0.06923426338528013,0.19836405592370537,0.9727916886261289,0.19616946821416284,-11.901509985630307,0.1544325741476684,146,10.742062067542305,4.556275283474093,0.02798324827338448
1789322123.3543508,LIDAR_ONLY,5.700821377718042,0.9386551851102334,-1.5464209185118882,0.09775323014703986,0.06923265739442658,0.19847346512661285,0.9727586693453629,0.19598121373557392,-11.923264229953505,0.1544992275053903,146,10.76498540872128,4.565832413718645,0.030086778476573022
1789322123.495044,LIDAR_ONLY,5.717611657724457,0.9475410168620149,-1.5492148774876702,0.09788789214892142,0.06933015333973527,0.19857501457778642,0.9727174584605552,0.1957260010205018,-11.952776184897246,0.15458955192837484,148,10.787778965877598,4.573502849542582,0.032824439250301436
1789322123.6155672,LIDAR_ONLY,5.735099762257515,0.9556616317058022,-1.5517009821844394,0.09802700423087937,0.06944305150804728,0.1985737906326976,0.9726956454680629,0.19552498345544161,-11.976049130192424,0.15466139158378048,148,10.809324814615977,4.581508833856385,0.034653460009117586
1789322123.7402532,LIDAR_ONLY,5.756752476104109,0.9663518512957914,-1.5556315300130579,0.09829459466204599,0.06945517407971936,0.1985187891104474,0.9726790024586229,0.19529308039867893,-12.00285015668108,0.15474423717035637,147,10.831742528248025,4.590746496806989,0.03774380772143168
1789322123.8493056,LIDAR_ONLY,5.7750344441252475,0.9748980432762584,-1.5589946485603527,0.09844207867785564,0.06943100426256849,0.19858447041649768,0.9726524049741888,0.1951150209552423,-12.02366120344347,0.15480817022456878,148,10.854368184701938,4.600719062526815,0.04089301183420655
1789322123.9784014,LIDAR_ONLY,5.794520406863934,0.9832294165139046,-1.5614173009883405,0.09853076441227583,0.0695068345706436,0.19864713896450098,0.9726252117817634,0.19487279051457637,-12.05173509341393,0.15489126486770652,146,10.878206701081076,4.609986673754232,0.043400305396538726
1789322124.088554,LIDAR_ONLY,5.811668691132364,0.9918165900052942,-1.5637931544164858,0.09855198614713322,0.06954888792333803,0.19872887241361734,0.9726033587667146,0.19467240587016674,-12.074983692440034,0.15495907661910624,147,10.902264883463008,4.618313105491144,0.04726981118005655
1789322124.2033057,LIDAR_ONLY,5.828660437103008,0.9995834170880629,-1.5665570545538308,0.09865181373815042,0.0696506780225323,0.1988034676108426,0.9725707089785706,0.1944669711506789,-12.09843273496339,0.15502914372600252,149,10.925413009096282,4.627820088270774,0.04937134190274002
1789322124.3367243,LIDAR_ONLY,5.848121524746751,1.0139142852600125,-1.5686035167393197,0.09849895302483735,0.06972611299367325,0.19866104421422268,0.9726098986394901,0.19422189436650916,-12.126867092376974,0.15511650661915027,146,10.950895310665649,4.6379328063996645,0.05223538332297859
1789322124.4622757,LIDAR_ONLY,5.868026057637857,1.024424151756557,-1.5702216351741765,0.09863587975466477,0.06976333436211649,0.19871914540480393,0.9725814832975628,0.19401096636198423,-12.151549823876156,0.1551930715621275,149,10.974747349911599,4.647863282799958,0.05627931513045867
1789322124.5836027,LIDAR_ONLY,5.890232911317265,1.0333539669980387,-1.5745162087901745,0.09879162358722673,0.06976341228223323,0.1987551988588728,0.9725583027985052,0.19379760889867065,-12.176226892510929,0.15527536490080743,149,10.997996441693035,4.657653812448217,0.05994205787870506
1789322124.6844065,LIDAR_ONLY,5.90977893548794,1.04213503075701,-1.577583037705995,0.09862391596267363,0.06976650439780878,0.1987928655057379,0.972567403673553,0.19360932736660474,-12.198215329894339,0.15534362158074663,143,11.021310537354962,4.664956531126609,0.06170334150740974
1789322124.7971153,LIDAR_ONLY,5.923988380795456,1.0488791681148493,-1.5795437201614613,0.09858480734406778,0.06994952443593645,0.19884202232443557,0.9725481735883565,0.19339286770532632,-12.223465468052332,0.1554208249427495,148,11.043432781068898,4.672810216218656,0.06392937887394938
1789322124.9115086,LIDAR_ONLY,5.937294630113631,1.0558494452097358,-1.5811091561027908,0.09849026809007055,0.07004787211912104,0.19887683398979775,0.9725435556340517,0.19318494681520246,-12.247714998976821,0.15549511855023712,148,11.064622224229389,4.681447255957197,0.06827523713909858
1789322125.0341349,LIDAR_ONLY,5.9555692700124,1.0646607964939256,-1.5847434614496332,0.09891034541368905,0.07007721202869319,0.19902286927779897,0.9724689328862195,0.19295125796136903,-12.274962777974501,0.1555786703079861,148,11.085666042726421,4.689994764002002,0.07252052121865804
1789322125.141577,LIDAR_ONLY,5.972922986270501,1.0740315784899577,-1.585364710223863,0.0992007423966174,0.07029498621492479,0.19898797687869016,0.972430775263067,0.19275826552073913,-12.297460375264018,0.1556476837218998,150,11.110646843138113,4.701240146976471,0.07557006303659503
1789322125.2691483,LIDAR_ONLY,5.997271876085047,1.0829318074711007,-1.5899650575423512,0.09961088595923118,0.07026746679352638,0.19921465839341929,0.9723444216891621,0.19250518120284366,-12.326956949579092,0.15573816505415722,147,11.133377926330223,4.710204355508833,0.08066767545505563
1789322125.366668,LIDAR_ONLY,6.01211562939939,1.091556966102465,-1.5917126106514257,0.09945527592250533,0.07047543143124607,0.19917345334538847,0.9723537407436815,0.19232252967578756,-12.348204365899141,0.15580333087906603,148,11.15697554648568,4.718649988291209,0.08301010227254368
1789322125.4752376,LIDAR_ONLY,6.033709393965615,1.1009448165446079,-1.5935328066920693,0.0989906918483146,0.07045336973730654,0.1991687148338452,0.9724037169054244,0.19210530376135204,-12.373451192970485,0.15588076108286605,146,11.182330255238654,4.729600182145809,0.0866748239439882
1789322125.594451,LIDAR_ONLY,6.060637397711106,1.1082443238362145,-1.5976553399105229,0.09858382399605023,0.0704590828017951,0.1991991075861759,0.9724384108178351,0.19188616463116925,-12.398947807253643,0.15595897356407395,147,11.206439250469275,4.740138365721439,0.09010028351548427
1789322125.7015538,LIDAR_ONLY,6.075330698863817,1.1149444962700705,-1.6001072440877055,0.09832697933984605,0.07062047175114249,0.19929584766946232,0.9724328867357676,0.19167376319624993,-12.423696789042754,0.15603472558480103,147,11.228592588685315,4.747963465365376,0.09214695498076254
1789322125.8178716,LIDAR_ONLY,6.092820525837134,1.1228221533423655,-1.602332779807392,0.09835647072734321,0.0707387795098696,0.19945017816821894,0.9723896627217822,0.19146118406491464,-12.448450805672914,0.15611054115359965,147,11.252307821479446,4.755858180083242,0.09583188395431685
1789322125.9288461,LIDAR_ONLY,6.113419039630387,1.1321022528131255,-1.6046378740569205,0.09821354653359408,0.07077252206075009,0.19951864690597626,0.9723876073538077,0.19125085876332365,-12.4729613729801,0.15618556061620276,146,11.278986365283375,4.765767942092626,0.09960326750394949
1789322126.0484087,LIDAR_ONLY,6.1305059014955825,1.1402278747260597,-1.6064131668328812,0.09807579942857368,0.07079654774007176,0.19959365558597017,0.9723843679555749,0.19102329739316193,-12.499489093217091,0.15626739155494157,149,11.301203085985005,4.775913394435747,0.10290256343698904
1789322126.156485,LIDAR_ONLY,6.154714514837873,1.1495679082966237,-1.6092651529257642,0.09792476041815315,0.0707564107943958,0.1997136456224458,0.9723778747898032,0.1908232341516502,-12.52278429624815,0.1563393870324819,148,11.325668903271191,4.785439977954291,0.10419055827520636
1789322126.2727957,LIDAR_ONLY,6.175541730945203,1.1590723089042398,-1.611032127287328,0.09832094041490558,0.0708759513907781,0.19974878792553077,0.9723219702920747,0.19060122838671995,-12.548860398221892,0.1564193484116177,148,11.349340371782304,4.797434570100224,0.10834645903662078
1789322126.3866332,LIDAR_ONLY,6.196304751474302,1.1695720668153722,-1.6146557487383926,0.0980077393476738,0.07093607179815642,0.1996588810219859,0.9723676711896863,0.19039561154712503,-12.572916649239152,0.15648998519146945,150,11.373879999878461,4.8077097168934255,0.1132419522884605
1789322126.498619,LIDAR_ONLY,6.217986740915257,1.1814951254734136,-1.6174721514467851,0.09790081511059386,0.07107531303814273,0.19960748367386302,0.9723788267638286,0.19017221930370326,-12.598898550737427,0.15656596781454724,147,11.396634489065397,4.815615218182194,0.1158530031256136
1789322126.6260448,LIDAR_ONLY,6.236779256200781,1.1878870358649427,-1.620251184052052,0.09797939600532776,0.07109619247320706,0.19973112790503716,0.9723439956723267,0.18993782058132086,-12.626091943096407,0.15664801890284835,149,11.419541150126244,4.822534848975775,0.11646007596787641
1789322126.7294147,LIDAR_ONLY,6.258384259200565,1.1953427112283321,-1.6222590369455134,0.0976581848265655,0.07098034278730728,0.19973995799679856,0.9723829590514295,0.18975226534023337,-12.647792018542635,0.1567147873871082,141,11.440418940311467,4.830276963616709,0.11815475167852595
1789322126.849074,LIDAR_ONLY,6.273995752349481,1.200797187450975,-1.6233139721296155,0.09739348237761052,0.07113391648269604,0.19983023733424346,0.9723797364009262,0.18953350520571693,-12.673466618867378,0.1567953557235456,146,11.46115229839854,4.840479103915295,0.11940575107567473
1789322126.9810011,LIDAR_ONLY,6.291978897689497,1.209817159700245,-1.6247897561350038,0.0973364840835564,0.07126325265529171,0.19989896088864986,0.9723618478338595,0.189281583220956,-12.702901666799717,0.15689179036181605,150,11.484001494115459,4.850174356553267,0.1198053130465768
1789322127.0834146,LIDAR_ONLY,6.309088201169202,1.2194387134636695,-1.626814298925991,0.09726619147718575,0.07134583123609813,0.19996359077096018,0.9723495373201643,0.18909088969108734,-12.725397268460865,0.15696073824476076,146,11.506371598407515,4.858087405458855,0.12110483729183044
1789322127.2002513,LIDAR_ONLY,6.330053588622499,1.2314908405378275,-1.6292963864247834,0.09748577684285455,0.0714285386694083,0.20000985490205445,0.9723119587452153,0.18886765864627436,-12.751647453811291,0.1570411066667912,146,11.529666917383185,4.867429741133421,0.12299536853313849
1789322127.3028994,LIDAR_ONLY,6.352965958772567,1.2385292121819036,-1.6325169649122224,0.0966810642384808,0.07141806725635855,0.19997547846046237,0.9724001437173846,0.18868481635964657,-12.7731463332631,0.15710698777840382,150,11.556407532512331,4.8802012832121955,0.1258745165940349
1789322127.422265,LIDAR_ONLY,6.371962963895624,1.249570593911353,-1.6345865961519106,0.09709144230083375,0.07162904313404599,0.19999322541998837,0.972340085462774,0.18847004227494057,-12.798393945646874,0.15718440445355777,149,11.57835962058377,4.8891454330667,0.127782388355187
1789322127.5340564,LIDAR_ONLY,6.395350185324854,1.2622260495300395,-1.6379724959909612,0.0976468660273811,0.07162299097100183,0.20000915138677783,0.972281634137424,0.18826365078712776,-12.822641164739222,0.15725877563416457,146,11.603967305050638,4.900354389776675,0.1288263141716175
1789322127.648478,LIDAR_ONLY,6.414530714843701,1.271515494078512,-1.6399628080746709,0.09749944733350614,0.07172329862662155,0.2000313154046982,0.9722844743495823,0.18804427486467457,-12.848388128646485,0.1573377565292327,147,11.626204018308117,4.911788201001334,0.13363482796137016
1789322127.757571,LIDAR_ONLY,6.43541556556706,1.2777002137110134,-1.6425337754429323,0.09745456253739093,0.07173296824771239,0.20011659597619488,0.9722707120560193,0.18783965310353,-12.87238537750121,0.1574113500052623,144,11.647907679005856,4.918824324636471,0.13581588275292894
1789322127.87428,LIDAR_ONLY,6.448764558025606,1.2826537001541343,-1.642972719400496,0.09681873562166197,0.07184713113851467,0.2001257804728367,0.9723239142229948,0.18761577232269228,-12.898632429137054,0.15749184456519497,150,11.668290829746033,4.924756640900258,0.1362350028916766
1789322127.9795797,LIDAR_ONLY,6.473489738635535,1.2929349060730126,-1.6458881479909868,0.096779073164625,0.07191916492653497,0.2001849731726359,0.97231035232046,0.18741330394938946,-12.922380192660738,0.1575645508030764,147,11.691622497159495,4.934214428119877,0.13914116471680008
1789322128.0985358,LIDAR_ONLY,6.498430561975508,1.3037821123490676,-1.6497531557164051,0.09734897635257518,0.07175058781147901,0.2003279732666336,0.9722364594473384,0.18718954334069932,-12.948632134056911,0.15764496727484845,146,11.716195576062454,4.945055180814385,0.14017644033051654
1789322128.2072558,LIDAR_ONLY,6.515097127362549,1.3128532685068215,-1.6509630835582696,0.0976303455152338,0.07191336868220648,0.20030403869042734,0.9722011495177615,0.18698496958398253,-12.972637714469132,0.15771848525831844,147,11.741554453109973,4.957065553855955,0.14348540683665356
1789322128.3178582,LIDAR_ONLY,6.537318002904292,1.3228201728566373,-1.6524098834236303,0.09817681575227372,0.07192552631863908,0.20040391774679756,0.9721246325776679,0.18676795119378536,-12.998150124573888,0.1577965980147611,149,11.764191932170842,4.966847658129397,0.145500293513858
1789322128.4299889,LIDAR_ONLY,6.562123963272316,1.331910503055976,-1.6557333907004024,0.09841780085302478,0.07181013720661726,0.20049418669983315,0.9720901819117369,0.18655954252273171,-13.022677996623873,0.15787237792723513,149,11.786116644955873,4.977111517459997,0.14832684280202385
1789322128.5438938,LIDAR_ONLY,6.57868629394354,1.3406341732673226,-1.657455111283109,0.09856795876347797,0.07192586174167774,0.2005028898837612,0.9720646167134049,0.1863486767362097,-13.047479176240355,0.1579488962104861,148,11.810223505550894,4.985486645968163,0.15042021543762565
1789322128.669132,LIDAR_ONLY,6.597764142017412,1.349602759908162,-1.6591923395363417,0.0987331465826941,0.07200215124224661,0.20046410718188315,0.972050203288976,0.18611092292280845,-13.075562877710773,0.15803435204332045,147,11.834195521254783,4.995530341430617,0.15224819974660528
1789322128.7945778,LIDAR_ONLY,6.618460986621538,1.3606164441830673,-1.6630211245266806,0.09906313921724147,0.07195595366358333,0.20046536263834058,0.9720197907260266,0.18587882576154646,-13.103099885472432,0.15811457811243185,149,11.855749561918731,5.0029233683192,0.15666135005742757
1789322128.8958201,LIDAR_ONLY,6.636198277258216,1.3692971880177411,-1.6643478127418638,0.09903883010263319,0.072096931924606,0.20044765642975865,0.9720154729070818,0.18568425822597195,-13.125559421562858,0.15818100362424142,149,11.877902527649663,5.012819176013399,0.15890376768673328
1789322129.0036132,LIDAR_ONLY,6.657432415168199,1.3780281520765374,-1.666933066219383,0.09903447941936191,0.0721816496884147,0.20058973989584847,0.971980317487402,0.18547721643282256,-13.15000912170332,0.1582552822870997,149,11.902290660682858,5.0228915844899635,0.16162361563065225
1789322129.1182368,LIDAR_ONLY,6.675923844176515,1.3853800515162982,-1.6689441815490857,0.09864958306158632,0.07219660805718815,0.2006515688980375,0.972005585089699,0.18526394366548876,-13.1754564880411,0.15833329291815756,149,11.927918529779815,5.031343948815586,0.16378915584604073
1789322129.2293184,LIDAR_ONLY,6.694096364234579,1.3950418798396444,-1.6707379895927867,0.09866663002800405,0.07219573301213107,0.2006765507159807,0.9719987624716888,0.18505282270620615,-13.200128164866419,0.15841329490269176,150,11.952619543298626,5.04267501114707,0.16480997357960814
1789322129.34148,LIDAR_ONLY,6.712828201318154,1.4045529048549479,-1.6730633977996132,0.09912905268197199,0.0722453994477075,0.20077558403669082,0.9719275683031847,0.18483919318205572,-13.22534005623326,0.1584944299055333,147,11.972889480404692,5.051541812400152,0.16523290406565
1789322129.4508417,LIDAR_ONLY,6.731912114614672,1.4152326277811234,-1.6757008447529103,0.09919671611138058,0.07236632404187379,0.20086488208690498,0.9718932172834619,0.18463269205216876,-13.249837435354134,0.15856930064694036,147,11.996034857208143,5.061799103980911,0.16895274595502294
1789322129.5676718,LIDAR_ONLY,6.754720499142553,1.4246948443824399,-1.6791506052813778,0.09934899945022692,0.0723465973804354,0.2009914930618071,0.9718529548612267,0.18441540175210785,-13.275587336111958,0.15864812501264555,149,12.019453479183921,5.071759314159038,0.16993979586872346
1789322129.6780543,LIDAR_ONLY,6.777674141996049,1.4356361944143818,-1.6828222969000235,0.09980037966137319,0.07228125895570846,0.20102927608518678,0.9718037528122072,0.1842128381221786,-13.299585549628588,0.1587216702273054,147,12.044338577284455,5.081744828267827,0.1704051176043508
1789322129.79185,LIDAR_ONLY,6.7974284572820745,1.4452375643150919,-1.6844689629058482,0.09987024056438168,0.07245018924886683,0.2009778462042102,0.9717946338926413,0.18399545470397333,-13.325332830001562,0.15880061689041997,144,12.065773167080184,5.091099366213939,0.17090947920153987
1789322129.9080927,LIDAR_ONLY,6.819509140446413,1.4567293970869535,-1.6881774680153843,0.1002822780462087,0.07238171417660323,0.20090828769366678,0.9717716872283934,0.1837864898173157,-13.350079950640149,0.15887651252126955,146,12.087065373457007,5.099497152605827,0.1735631828947239
1789322130.019062,LIDAR_ONLY,6.836905379814861,1.4649410274406518,-1.68942501049668,0.10050767734693516,0.07249446339071366,0.20090762973889031,0.9717401318689673,0.1835690320679933,-13.375826888145577,0.15895546429086324,146,12.110563137694472,5.1093932627059315,0.17461505798087354
1789322130.1294162,LIDAR_ONLY,6.8608089252297075,1.473315744432673,-1.6926282652161886,0.10035973237988592,0.0725419306921344,0.20109421336387623,0.9717132857791229,0.18336382085746253,-13.400073991602868,0.15902980401098557,146,12.131819427599252,5.117964050043363,0.17561659989077158
1789322130.2433193,LIDAR_ONLY,6.8802289794897975,1.4816673132560945,-1.6949937751040083,0.09991453513156226,0.0725665577223702,0.20116257662845227,0.9717431749870805,0.1831520298695996,-13.425071047956816,0.15910644557766138,146,12.157562060137709,5.1273991314595335,0.1797002089631395
1789322130.3596117,LIDAR_ONLY,6.898520540213526,1.4899791638934896,-1.6964057982083465,0.09971080245979537,0.07258276920609302,0.20124453462169622,0.9717459208929543,0.1829383251088071,-13.45031789223273,0.15918384805719324,144,12.182617938537962,5.137480765673143,0.17966830980791976
1789322130.47112,LIDAR_ONLY,6.920432273483542,1.5010163408132546,-1.6979528570862992,0.10029106353723255,0.07244690824753605,0.20137958971050415,0.9716683636447021,0.18272064241188343,-13.476069379390193,0.15926262200737756,148,12.205115521079199,5.147303153041699,0.18151132319627836
1789322130.5876336,LIDAR_ONLY,6.945557295644849,1.5110564096255972,-1.7036384255301393,0.10020844188287423,0.07229375141636253,0.2014903797988446,0.9716653274302183,0.18251556196432164,-13.500325370882882,0.15933673272164584,145,12.227656500560744,5.157220018835135,0.184773682163451
1789322130.6973407,LIDAR_ONLY,6.966342857437302,1.5170317596942888,-1.707833612337264,0.1001420707528643,0.0722812127901708,0.20147583694922966,0.9716761183998082,0.182304574525982,-13.525341045065188,0.15941347707634726,146,12.251316729401086,5.168217306095708,0.18620140870015842
1789322130.8167138,LIDAR_ONLY,6.9894473420633405,1.528037195173394,-1.7105155064811277,0.1005144840730267,0.07220474410523946,0.2014810913106737,0.9716422609502379,0.18208437256689414,-13.551378607941027,0.159494047341474,147,12.274536646159692,5.17819180087019,0.18785053168109947
1789322130.9236448,LIDAR_ONLY,7.011516087060344,1.5354854761092864,-1.7134974463032138,0.10053577291284622,0.07221177795557976,0.2016158183114704,0.9716115886998811,0.18188206899553208,-13.575436252127465,0.1595680908186562,147,12.297350440727447,5.187887970454003,0.19022267852001518
1789322131.043381,LIDAR_ONLY,7.025399879674533,1.54045673562112,-1.7137640623993682,0.100296922839992,0.07232645903617674,0.20164534146161453,0.9716216171220903,0.18166640673416617,-13.60100856832549,0.15964501942117154,145,12.320052139762943,5.194128255856595,0.19352082451897998
1789322131.1567147,LIDAR_ONLY,7.042616502718553,1.5487230232469746,-1.716421859571089,0.100550779998631,0.07238561993577819,0.20172574122295095,0.9715742833135463,0.18146574262552922,-13.625026370076041,0.15971492815633012,148,12.341883573737753,5.201243536467756,0.19662370926329975
1789322131.3001473,LIDAR_ONLY,7.062911572947741,1.5549116293684777,-1.7200021873552784,0.1003308317948435,0.0724646125202668,0.20185798426972065,0.971563666627261,0.18117210520289107,-13.659458513963601,0.1598179244658679,142,12.3629647898458,5.20908377064683,0.19812840691151634
1789322131.3838787,LIDAR_ONLY,7.083007959142715,1.566616351565801,-1.7211291527663244,0.10082495241630704,0.07231694283603424,0.2017912587934446,0.9715373778829388,0.1810374190583937,-13.675427030226864,0.15986692982815726,147,12.385175557120219,5.220015186610118,0.20202121918222327
1789322131.4915202,LIDAR_ONLY,7.1025390583698504,1.5766978539459966,-1.7224300295812278,0.10120248029871046,0.07235308443014406,0.20181267399220446,0.9714909849149141,0.18082942095663893,-13.700369463965997,0.15994318595674895,143,12.412563778033709,5.230886588174774,0.20371093060793333
1789322131.6006346,LIDAR_ONLY,7.122192178703481,1.5865431131846506,-1.725381553176121,0.10115982380972022,0.07237062697982473,0.20188545408786032,0.9714789991683155,0.18062268328935016,-13.724793714550179,0.16002407371446908,148,12.437229252153408,5.241050883260964,0.20593333705588035
1789322131.7141724,LIDAR_ONLY,7.145558435218372,1.600199458557374,-1.7286990297765499,0.10200260541496738,0.07225834264874575,0.2019897810554681,0.9713775418216024,0.18040896385296046,-13.750272090678154,0.16010414014349475,147,12.458889575505317,5.2488277780341654,0.2078934723747594
1789322131.8297966,LIDAR_ONLY,7.168111575945688,1.610307981503596,-1.7332012865393773,0.1025100976578912,0.07226253933038301,0.20217542674577027,0.9712851806281512,0.18019972247329222,-13.775271135089731,0.16018057429309865,146,12.481507108057476,5.2595307357866306,0.2111627168263374
1789322131.9380062,LIDAR_ONLY,7.190453403083931,1.6208088698630039,-1.7363009917261234,0.10330278331178183,0.07222298344661454,0.20219817880706795,0.9711993987380831,0.17998837006813995,-13.800520971320148,0.16025860427800803,147,12.50425419526201,5.268705747209727,0.2137920564145759
1789322132.0435925,LIDAR_ONLY,7.205278253882391,1.6253472706231997,-1.7382262154842043,0.10322438265627025,0.07239078940133252,0.20221345356435275,0.9711920611458174,0.17978506595827964,-13.824776034429593,0.16033305553581137,146,12.528731237961534,5.278472692098313,0.21679373482414677
1789322132.1672955,LIDAR_ONLY,7.226652185031482,1.6330813740726622,-1.740847911918681,0.10329761879709236,0.07241370722638173,0.20230855534044964,0.971162759475796,0.1795628443817318,-13.851280211517325,0.16041441456043948,146,12.55053207831726,5.286873281945393,0.21884822017705888
1789322132.281596,LIDAR_ONLY,7.2502169601619935,1.6450839745959474,-1.7441062504817162,0.10365714566674471,0.0724256229331716,0.2022069914021451,0.9711447152320082,0.1793573311344801,-13.875782871155021,0.16048964330443632,146,12.572949233389904,5.2940781679792535,0.22085872961072714
1789322132.3917367,LIDAR_ONLY,7.274107493181227,1.6572086585133767,-1.7462922244084798,0.1041634932742326,0.07230940252673586,0.2023163299102022,0.9710764231649339,0.17915381174108322,-13.900034728236738,0.16056412046781435,146,12.59771926893632,5.302998090928019,0.22005500502824188
1789322132.5084085,LIDAR_ONLY,7.290184702004871,1.6667060092596813,-1.7482874582084431,0.10459383008295742,0.07242118786787471,0.20225819254026794,0.9710339467839049,0.17892715675884135,-13.925546869544293,0.1606319981872653,146,12.621280490049088,5.31339725674487,0.22140179334789198
1789322132.6185155,LIDAR_ONLY,7.309042528535019,1.6750914337853897,-1.7511114296753671,0.10467059602481091,0.07255209654758443,0.20231102585378802,0.9710048961938085,0.1787061104134025,-13.950068015379669,0.1607045165777154,146,12.646190033926672,5.323323264184144,0.22236396436915104
1789322132.73716,LIDAR_ONLY,7.331934033930287,1.6875424365656027,-1.7538788971248014,0.10508233030160007,0.0724781080242222,0.20240399411413337,0.9709465746797095,0.17847260765421302,-13.975816851075287,0.16077883429872877,145,12.671173757422686,5.333141319507887,0.22395868514342956
1789322132.8423982,LIDAR_ONLY,7.3518784439277,1.698062830442091,-1.757649588332323,0.10542283154730354,0.07257873117137097,0.20249779726399458,0.9708825863477689,0.17825560793383494,-13.999776976254928,0.16085080319851208,145,12.695142048733059,5.3411239576521545,0.22661223072328765
1789322132.9636028,LIDAR_ONLY,7.3779270841695626,1.7086644246594112,-1.7616887266039414,0.10580402972408859,0.07250044505295274,0.20261427792878883,0.9708226651354323,0.1780205517695513,-14.02566523116303,0.16093340644938833,146,12.721271349022096,5.350581914889991,0.22896216306211412
1789322133.0786128,LIDAR_ONLY,7.398481297748503,1.7177119322067849,-1.7658374030143742,0.10633807905585248,0.07256315540865273,0.20264348481069164,0.9707535317904489,0.1778011251650022,-14.05025805931106,0.16101210619131084,146,12.747232224537623,5.360283014276767,0.2315768708217104
1789322133.1922638,LIDAR_ONLY,7.419941370422216,1.7242027011039738,-1.7689822142417513,0.10584933475265411,0.07259884959394276,0.20275768862620325,0.9707804309281355,0.17758701887616674,-14.074765980595592,0.16108277830996998,146,12.771859509566756,5.368560750073543,0.23264515260250346
1789322133.310765,LIDAR_ONLY,7.438715735283092,1.7312241691208274,-1.7713339659095308,0.10652870506201992,0.07254833532358823,0.20277203272903468,0.9707068954027889,0.17738053661734898,-14.1006171722104,0.16115555584612012,145,12.79602596231445,5.377319387146427,0.23459108373569762
1789322133.4181964,LIDAR_ONLY,7.456873565844666,1.7392723008965472,-1.773950426932989,0.10694747034925102,0.0725342831491912,0.20288205990054622,0.9706389061460704,0.1772157017768338,-14.123376051465609,0.16122041965724437,146,12.821605851281403,5.38622457606843,0.23534844122507775
1789322133.5335524,LIDAR_ONLY,7.474805593040272,1.7487248570443208,-1.7752255294184787,0.10735115051622757,0.07265130527194667,0.2029682131351361,0.9705675776481794,0.17715401633131517,-14.148246049742626,0.1612963716264666,147,12.845626681859498,5.395573088315264,0.24014248974271837
1789322133.640204,LIDAR_ONLY,7.493129341795398,1.7585155081718324,-1.7779671774682795,0.10776714546948775,0.07282521895415686,0.20295079466731253,0.9705120837916155,0.17705100742620497,-14.171077854398472,0.16141106971270697,147,12.869668492589302,5.404230515601977,0.2411895357662393
1789322133.756107,LIDAR_ONLY,7.518211584522134,1.7702848792415915,-1.782327042161278,0.10815587045654976,0.07281347598527468,0.20291046506268207,0.9704781546066732,0.1769225106162291,-14.196741891233586,0.16145116033477616,145,12.893774597341801,5.412504705350225,0.24125285883494793
1789322133.8782012,LIDAR_ONLY,7.539273515072471,1.78014466478732,-1.7847698268718042,0.10857638533061903,0.07276127475719935,0.20288919997812346,0.9704395591568191,0.17671195612888904,-14.223363685858956,0.16158271688887638,143,12.919431326111937,5.423752603338035,0.2424187726765228
1789322133.9832823,LIDAR_ONLY,7.553981266903084,1.7873359456796336,-1.7874652073170236,0.1087151844174251,0.07296852104282132,0.20294372140631434,0.9703970576808573,0.17649447395732099,-14.247879921784966,0.16168434200145743,147,12.943403192560703,5.432702569785809,0.24477973445818432
1789322134.1001165,LIDAR_ONLY,7.57550823568515,1.7949445201708787,-1.7898065298119428,0.10899435138889454,0.07284669758307655,0.20311114096581523,0.9703398654245423,0.17626560286994092,-14.272833332482778,0.1617784149062011,144,12.968929146425827,5.443345587241996,0.2469636847629681
1789322134.2092698,LIDAR_ONLY,7.595759874111796,1.8035587129194608,-1.7923941624091264,0.10948149469630117,0.07287107240000504,0.20319287162909003,0.970266080024166,0.17602806260834544,-14.297988983829322,0.1618700081413782,145,12.993731508666828,5.454794065934554,0.24973433036661874
1789322134.3197112,LIDAR_ONLY,7.617843786430995,1.812209563346668,-1.7946744105206287,0.10982879850485412,0.07279645478706517,0.20332987037523298,0.9702037286068353,0.17578663036046988,-14.32282929433027,0.16196853267954378,144,13.018907357521433,5.463714406520315,0.2512156547087891
1789322134.4380012,LIDAR_ONLY,7.6369609236056695,1.8201820868385201,-1.7982629634805796,0.11014034535901125,0.07289881355754654,0.2034242595231453,0.9701409371547826,0.17554318764527221,-14.348630566933274,0.16202130218556987,147,13.044072014860262,5.471293664357412,0.2508922345563764
1789322134.5522761,LIDAR_ONLY,7.655058872478841,1.8259256850573162,-1.8009695958095167,0.10981607562131918,0.07294595019134863,0.20346268318558317,0.9701660963137895,0.17529876852647008,-14.373642567157194,0.16205892060494329,146,13.065866661293537,5.479239780008099,0.25270711728886
1789322134.6595774,LIDAR_ONLY,7.678438643035519,1.8327943884689517,-1.8055654703644866,0.10942163770023282,0.07299205076328602,0.20351168635220443,0.9701969177679606,0.1750792192928555,-14.398653577934757,0.1620608425869698,146,13.089896024627553,5.487392137988329,0.2538481888843115
1789322134.7728257,LIDAR_ONLY,7.696709362211915,1.8413183904615786,-1.8077430931751373,0.10946351822591732,0.07315312006233522,0.20352543822259936,0.9701771772202481,0.17485796376891527,-14.423918308512864,0.16205962606422547,144,13.112056181293033,5.495845990639832,0.25656050323579027
1789322134.887025,LIDAR_ONLY,7.714661506612669,1.8492117274528403,-1.8098673175083357,0.10951295381353747,0.07329761889701482,0.2035116734833516,0.9701635793860063,0.1746382010060829,-14.448912038873404,0.16205935608593125,141,13.136785066095777,5.50578147602843,0.25859024504523265
1789322135.0014818,LIDAR_ONLY,7.737963755524354,1.8621223979699033,-1.8125740608722913,0.11009358101925508,0.0732729890833046,0.20354974566811793,0.9700917345940018,0.17442572761800257,-14.473661434048374,0.1620556212609458,141,13.157479496846417,5.515206833405105,0.25947507246905743
1789322135.1061492,LIDAR_ONLY,7.757844961137802,1.8739389436124199,-1.817587652349418,0.1108949958037843,0.07322265814903323,0.20362401547339415,0.9699886610480349,0.17420510180873458,-14.499173273953797,0.1620558089721997,148,13.180294331546877,5.52287310945744,0.26013293322611036
1789322135.220291,LIDAR_ONLY,7.7764534834358665,1.8826221227529076,-1.8209807554193111,0.11083524940333536,0.073374679742325,0.203602737044719,0.9699884686584221,0.17398971850955708,-14.5239347664099,0.16205622247100548,147,13.20308346634196,5.531785405926946,0.2618180999301933
1789322135.340786,LIDAR_ONLY,7.798844150750141,1.8915447814360478,-1.824748355335506,0.11063270817941857,0.07331582181506864,0.20378356455845598,0.9699780682924324,0.17375688460710945,-14.550696056203778,0.16205659230133393,149,13.22435009498513,5.541459039316523,0.26460936703329785
1789322135.4508662,LIDAR_ONLY,7.817952418836803,1.899453178044588,-1.8277690702560547,0.1105694302312794,0.07343894416350423,0.2037209231373053,0.9699891278022472,0.17355069420203945,-14.574456189642246,0.1620571671586467,148,13.245403262340183,5.550735485012902,0.2652108068191973
1789322135.6186311,LIDAR_ONLY,7.833104357975263,1.9054018165247324,-1.8305393467732958,0.11081220117297658,0.07357710083885505,0.20379242062357364,0.9699359337604383,0.17321994017569314,-14.612986772211467,0.16205754009682216,149,13.268970669220048,5.560768140547587,0.26826416240849893
1789322135.6784737,LIDAR_ONLY,7.856766422588302,1.915122494838182,-1.8341073168934332,0.11106332503936414,0.07347838903680709,0.20393427261412847,0.9698848780288837,0.17312809191111828,-14.623748308636475,0.16205776291140475,149,13.290983582390536,5.569112649467695,0.2706096524227196
1789322135.7899466,LIDAR_ONLY,7.872333224673453,1.920293834013825,-1.8361010035634133,0.11097537163115134,0.07362141264578438,0.20398373826839766,0.9698736974541668,0.17291805008197783,-14.648294617248308,0.16205879106135168,149,13.315415823707767,5.578840970443759,0.27188021519940186
1789322135.9080796,LIDAR_ONLY,7.891729471196991,1.9270348535413306,-1.8390146298468464,0.1104048431641944,0.07365638874295438,0.2040610310098283,0.9699198949534144,0.17269466318137228,-14.674124037345475,0.16205876303493444,147,13.338657708140516,5.587278313614219,0.27384329382127415
1789322136.0124955,LIDAR_ONLY,7.917383386327342,1.9374546130494819,-1.8428077661880113,0.11015281518624032,0.07369856152004933,0.20410545154796195,0.9699359999426891,0.17249080145054396,-14.697939460277011,0.16205378321791428,150,13.362758883683355,5.59635985797425,0.27386580877391703
1789322136.1302164,LIDAR_ONLY,7.941095203940027,1.9466909744049683,-1.8454194606074394,0.10986189571555496,0.07373779175967966,0.2041073814744109,0.9699656070005008,0.1722643849438632,-14.72418387976054,0.16206025402797,150,13.387087606517328,5.605979803209656,0.2767277280847503
1789322136.2381546,LIDAR_ONLY,7.957944671369128,1.951862522468115,-1.847202922533218,0.10900154955187903,0.07393149939449403,0.20408077936563335,0.9700535197019219,0.17205448228918305,-14.748421233006532,0.16206289469266189,146,13.411682484224556,5.616272356495411,0.27679437258760525
1789322136.355664,LIDAR_ONLY,7.978970531928046,1.959643943368637,-1.84984702292165,0.10896364959254555,0.07391831243056388,0.20422402756699815,0.9700286349996089,0.17183164896537845,-14.77417929779212,0.1620652942124906,148,13.434868154870568,5.625704292964135,0.2771778632370883
1789322136.4651804,LIDAR_ONLY,7.999670580944231,1.967586606356609,-1.8522116467996792,0.10877229774272969,0.07408417331680621,0.204195204002349,0.9700435253998511,0.17162229578176252,-14.798435925653617,0.16206667933019875,150,13.455998616360997,5.6335929869258905,0.2807472263851873
1789322136.5815966,LIDAR_ONLY,8.02379373873302,1.976414332510095,-1.8560768662758815,0.10883324561862148,0.07398857748707612,0.2043957316656324,0.970001752537812,0.17140171006363422,-14.82394375613636,0.16206792452355254,148,13.477916801841483,5.642648795816569,0.281059139736422
1789322136.6935265,LIDAR_ONLY,8.045480315571469,1.9870071592018597,-1.8595136219422144,0.10881094296099102,0.07388063078941326,0.20443952673497767,0.9700032530844817,0.17118986072829223,-14.848451199843566,0.16206893608929132,149,13.501730534471772,5.653192951097043,0.2829062568039824
1789322136.8028245,LIDAR_ONLY,8.063941676629593,1.9940832351431623,-1.8619857180229582,0.10872634349831856,0.07396443343826345,0.20446666122612314,0.9700006336403519,0.1709697421914984,-14.873708782299351,0.16207994252899932,149,13.524553931810019,5.6637792852742646,0.2849968367078334
1789322136.917657,LIDAR_ONLY,8.086157082594049,2.001626567269729,-1.8658114040717093,0.10850854076405997,0.07400055864901182,0.2046001555101752,0.9699941186760365,0.17076205693194269,-14.897948325885869,0.1620807004249634,146,13.546105728985713,5.671949308760265,0.28725887225657915
1789322137.0267367,LIDAR_ONLY,8.10602210188374,2.0087565856378724,-1.8690061627113952,0.10851716700768332,0.07404489579512864,0.20458357115528042,0.9699932681646134,0.1705386110171071,-14.923936815570837,0.16208145901124618,150,13.567972452088638,5.680667223099042,0.2890431300424578
1789322137.1373053,LIDAR_ONLY,8.127337783507508,2.0164670306225574,-1.8720615848551088,0.10842454174196857,0.07405495375472625,0.2047362429093131,0.969970645644397,0.1703256520523921,-14.948676796104667,0.16208201730265237,148,13.589094743720967,5.688019594194881,0.2886186789845333
1789322137.2526157,LIDAR_ONLY,8.144301186483263,2.025609675185878,-1.8747252095514058,0.10858182135137177,0.07422941245445139,0.2048445207265881,0.9699168545432028,0.17011110638468474,-14.973666988706894,0.16208258991527907,149,13.61270562500446,5.6964421220555685,0.2902375581486762
1789322137.3662302,LIDAR_ONLY,8.162525717434553,2.0338508563102113,-1.8777184999915213,0.10879522904424685,0.07428284137161405,0.20492235621025648,0.9698724068351497,0.16990263221552032,-14.99791209245272,0.16208303302557497,149,13.636556151936125,5.707145261349712,0.2915908665739261
1789322137.4797533,LIDAR_ONLY,8.178326902800535,2.0383024653787265,-1.878681038174403,0.10807376394722304,0.07434553881698838,0.20493164542569184,0.9699462990843412,0.1696769958347234,-15.024160833343768,0.16208370929783958,147,13.658668512533072,5.7161964523336755,0.2925618723312252
1789322137.5982797,LIDAR_ONLY,8.198463715975464,2.0494489142910535,-1.881587051141734,0.10820560592133548,0.07444487374718238,0.20496187300563068,0.969917593527402,0.16944051167857438,-15.051667008633913,0.1620844245984341,148,13.681650392985853,5.726508114495468,0.29376485319018947
1789322137.7038376,LIDAR_ONLY,8.214617726250001,2.05760675634897,-1.8836713740305147,0.10827961759650478,0.07463779825374843,0.20488260693889682,0.969911254114988,0.16924269604867997,-15.074683780438729,0.16208552651800034,147,13.704069613943513,5.737249154108971,0.29487770867434127
1789322137.8257446,LIDAR_ONLY,8.23733139883277,2.0679044011791357,-1.8851977848566737,0.10870503418809821,0.07475849101589517,0.20502061981524217,0.9698252053920668,0.16901008964679853,-15.101727146829178,0.1620869400136257,148,13.724895820455746,5.744291205966081,0.2984288367701998
1789322137.929672,LIDAR_ONLY,8.253956233007843,2.0750692290870143,-1.8873422535540811,0.10905214310603079,0.07490841957293438,0.20515404192267198,0.9697464502868045,0.1688030209902254,-15.126043690994555,0.1620880234355005,147,13.750256274349905,5.755357743947377,0.3000106847102778
1789322138.0374699,LIDAR_ONLY,8.270662637274345,2.0829756199061693,-1.8900234956745239,0.1093922833655307,0.07499651240338104,0.20524928148668156,0.9696811764268739,0.1686095664112589,-15.148623177589485,0.16208837914613902,147,13.77246168935751,5.76319340718629,0.303575073193563
1789322138.1868594,LIDAR_ONLY,8.28923140499624,2.0912973043248932,-1.8927676331894259,0.10953294959148309,0.07507816226818995,0.2053755684127066,0.9696322387397083,0.16833109703019905,-15.181174233260485,0.16208413827832946,146,13.794257302533333,5.770438069193707,0.30539278157221894
1789322138.2711787,LIDAR_ONLY,8.305905433003106,2.098901706848997,-1.894959011874255,0.10971678889629255,0.07512913999750452,0.20540160190662138,0.9696019907630737,0.16817647974787647,-15.198633108456692,0.16208276680635098,147,13.817024212505808,5.7801778709754075,0.30741822004780467
1789322138.3925438,LIDAR_ONLY,8.329202143119458,2.107708397198752,-1.8982593507507475,0.10990727973466746,0.07510650029836469,0.20533132211862418,0.9695970563235407,0.1679621154324399,-15.223576779988507,0.16208285595702615,149,13.84259915417918,5.790371314745452,0.3098321370776735
1789322138.504205,LIDAR_ONLY,8.349547130316221,2.1163856882793883,-1.9009037015174726,0.10999854688029843,0.07504546773924169,0.20540385059375296,0.9695760700518967,0.16774806659800223,-15.248767019550092,0.16208271919445713,148,13.868062680763167,5.800560829273186,0.3098515898869645
1789322138.618509,LIDAR_ONLY,8.37032659700522,2.124124050343373,-1.9045169999147795,0.10977416314804297,0.0750750169919501,0.20538844388019714,0.9696024763011264,0.16753057988063125,-15.273922228159691,0.16209019944072628,149,13.89146033121981,5.8099740877918125,0.31216886852209674
1789322138.7300804,LIDAR_ONLY,8.387958588594564,2.1320680403513306,-1.9056317566860206,0.10937868995077753,0.0752536304701367,0.20551559147535553,0.9696063814488076,0.16732189732016528,-15.298388809895076,0.16209317429433598,149,13.915251114159066,5.81779659927566,0.3135392575026623
1789322138.8499243,LIDAR_ONLY,8.405729326627464,2.1393806756342784,-1.9073456366780115,0.1092006616623635,0.07528693504359982,0.20557830314662562,0.9696105683105961,0.16709995053964644,-15.32438611680584,0.1620941577364537,150,13.939088370734547,5.829257669190364,0.3145691277025724
1789322138.966793,LIDAR_ONLY,8.425455582664062,2.14836939229746,-1.9108815463747209,0.10895858437430977,0.0752870197008422,0.20565799599321274,0.9696208951130165,0.1668948925426934,-15.348386713630648,0.16209489475819422,147,13.960834218196025,5.837208983304804,0.3166263247567467
1789322139.079958,LIDAR_ONLY,8.439442206909632,2.156924579801686,-1.9121138119596344,0.10876205391137832,0.07533699817943493,0.20571047134321244,0.9696279463351105,0.16668365631898632,-15.373135393489436,0.16209568435206836,147,13.983161123874593,5.845514251071933,0.31905195078379245
1789322139.197903,LIDAR_ONLY,8.462821715750497,2.1668507147751424,-1.915085462292088,0.10859444157443816,0.07531962915167444,0.20571664469641315,0.9696467721899763,0.16646175133293734,-15.399133068788553,0.16209652476924127,149,14.004621135207849,5.855212891560753,0.32108347856820246
1789322139.3085942,LIDAR_ONLY,8.479096650966277,2.175574085416903,-1.9177220978791452,0.10915572535646441,0.07552836081726547,0.2058192186062769,0.9695457408428252,0.16625237663142076,-15.42363053415542,0.16209730337215872,149,14.030190798731288,5.866544159313366,0.32561769052836204
1789322139.4534914,LIDAR_ONLY,8.503264017519122,2.1878208844895246,-1.9213266770712765,0.10941078787789019,0.07552646334399299,0.20592773763153746,0.9694940947239672,0.16600006373210363,-15.453127251553447,0.16209823918297628,148,14.050694327085106,5.876303774940399,0.3264768944669611
1789322139.5655491,LIDAR_ONLY,8.521117277666203,2.1941725814141257,-1.9237046395913322,0.1092728757864066,0.07559865747372507,0.2059758389051665,0.9694938036897668,0.16579503144005656,-15.477124441334318,0.16209900215086095,148,14.075848412363705,5.885519873562436,0.32760307094093627
1789322139.6805985,LIDAR_ONLY,8.543235332116906,2.2023319044456464,-1.9273554850651116,0.10963723578872418,0.07560661386997372,0.2061319175334579,0.9694188718204862,0.1655881161151423,-15.50137149385687,0.1620997904739772,147,14.09918772662644,5.894566277929944,0.32866784223375284
1789322139.7852576,LIDAR_ONLY,8.562233053932085,2.210318320743605,-1.930303706096617,0.1098157428226307,0.07564147358102097,0.20624483343154795,0.9693719300586326,0.16539174252278452,-15.524370593241523,0.16210036351143398,147,14.121411676458253,5.903102547437883,0.3316696784437311
1789322139.9026246,LIDAR_ONLY,8.581746692541747,2.2166951588635335,-1.9335835815768156,0.1101142345504976,0.07573688720788839,0.20633850678458637,0.9693106828480356,0.1651760285302103,-15.549624692139195,0.16210106101685806,148,14.1448818463516,5.912426474701462,0.3318748674789684
1789322140.0757227,LIDAR_ONLY,8.600427859930539,2.2271169456383495,-1.9367867205042448,0.11045046531298734,0.07595351762684457,0.20641723519069913,0.9692387130570471,0.16485165194460508,-15.587644506981594,0.16210208810471638,148,14.166454789536676,5.920388032849845,0.3318339382552053
1789322140.15356,LIDAR_ONLY,8.6262632178557,2.23917124086367,-1.9395525088229135,0.11018709363944407,0.07619419972771556,0.20614366823052124,0.9693080193476221,0.16472766451850776,-15.602161656282368,0.16210291396486898,149,14.192509952191507,5.931400506987817,0.3354771838971313
1789322140.2719553,LIDAR_ONLY,8.649299316017297,2.2497971889210886,-1.9428710166227088,0.11030866385173431,0.07615553091638795,0.20623342860203195,0.9692781369231119,0.16452217850527925,-15.626206548648556,0.16210420385921603,146,14.218387985096818,5.941603059042759,0.3354401123486673
1789322140.3837333,LIDAR_ONLY,8.665943649272222,2.2592600158129645,-1.945173883548149,0.11058301036090125,0.07636722594981653,0.2063203764990471,0.9692117141582339,0.1643093858045333,-15.65127797383861,0.16210526229542915,147,14.242264051713299,5.9515514594967325,0.3350243525895393
1789322140.4987123,LIDAR_ONLY,8.681720083778323,2.2683777729744756,-1.94717233921711,0.11065577037978319,0.07634013624632713,0.20631552433054443,0.9692065767934933,0.16409334990874103,-15.67661164181561,0.1621046195094798,145,14.263987309710748,5.960053494944554,0.33638018740989895
1789322140.6231039,LIDAR_ONLY,8.700845245911749,2.2794221486086004,-1.9492440923257548,0.11100137007517157,0.07639733892040493,0.20650163612686256,0.9691229110511446,0.16388153946670475,-15.701631945093878,0.16210112545092312,145,14.285292740159411,5.9686984617393355,0.3379715318246958
1789322140.7397788,LIDAR_ONLY,8.72031105653711,2.2889709647104084,-1.9513903846155487,0.1109991230720486,0.0764598912788907,0.20654075072693165,0.9691098998524429,0.16366076771530935,-15.727073280539317,0.16209979182966616,147,14.307796537405679,5.978193075915034,0.34016318965676395
1789322140.8477533,LIDAR_ONLY,8.743748449528784,2.2984020608028164,-1.9553103393570002,0.11111680155118707,0.07638145932319224,0.20670277897844322,0.9690680524335133,0.16345668972266833,-15.75101709926075,0.162100469893315,148,14.330984154231116,5.987966815607074,0.3436773610611295
1789322140.9634192,LIDAR_ONLY,8.763730539996395,2.3076168047528913,-1.9577948198271247,0.11116533837723391,0.07640737935560545,0.20676619347788153,0.9690469138066283,0.16323729796220224,-15.776942400398692,0.16210202413802843,149,14.354938744915588,5.996753627048885,0.34481150661343996
1789322141.0719101,LIDAR_ONLY,8.77973535465744,2.3135172987619015,-1.9600864331056806,0.11118941590808436,0.07645701693304569,0.20683423124982891,0.9690257164466852,0.16303107679697654,-15.8011162836999,0.16210956093272322,148,14.378161555930314,6.005436731245183,0.343937287804261
1789322141.1901035,LIDAR_ONLY,8.79591131910751,2.3205070691027023,-1.9631988590127314,0.11123893771880439,0.07645366302730888,0.20680272586394285,0.9690270216666519,0.1628163769235519,-15.826604510100953,0.1621107096641199,150,14.399955784122508,6.015223397767824,0.3457376618499533
1789322141.298789,LIDAR_ONLY,8.81634319929918,2.3313495172657683,-1.9664045894867535,0.11180533876363737,0.07638435384594694,0.206807508977863,0.9689662795690346,0.1626064911497039,-15.851354634263009,0.16211136522750014,147,14.421547822452109,6.023187883094979,0.34895156508772857
1789322141.4111335,LIDAR_ONLY,8.833124798874556,2.3399159172257944,-1.9692380106204856,0.11183961957975444,0.0765010204927168,0.20682165815891407,0.9689500993715962,0.16239510605695465,-15.876354035309793,0.16211213442530345,147,14.444932061410048,6.031967877907851,0.3520272949040106
1789322141.5196095,LIDAR_ONLY,8.852794394955646,2.3493404935272517,-1.9721247931081658,0.11184436596980402,0.07653023587858143,0.20675930927801234,0.9689605507057862,0.16218804276327076,-15.900852184845695,0.16211289788647845,150,14.466430312832461,6.04082160004225,0.35412435788817664
1789322141.6429448,LIDAR_ONLY,8.86891124612012,2.3573185507647985,-1.9755420037534805,0.11186498433678042,0.07656322680187297,0.20681493402850942,0.9689436932267015,0.16196603275735305,-15.927099631845428,0.16211374388296435,147,14.491089361049118,6.050179613675008,0.35477253083103333
1789322141.7662406,LIDAR_ONLY,8.890063210943772,2.365355979321607,-1.9795772787534753,0.11170617681916552,0.07649680390175996,0.20686048263210502,0.968957537655017,0.1617395794573041,-15.953846895732596,0.16211460052994311,150,14.513958715197553,6.059173965640017,0.35492319566577135
1789322141.899939,LIDAR_ONLY,8.907754303592268,2.372307199540309,-1.981838550119837,0.1115573269152912,0.07649882249493618,0.2069651348735516,0.9689521793748007,0.1615023776419128,-15.981843981220148,0.16211548170318474,148,14.538665460827657,6.067531125598749,0.35690134776988086
1789322142.0046067,LIDAR_ONLY,8.922606574608768,2.378399652467211,-1.9840632963221814,0.11147512093473438,0.07659969668323481,0.2070159494219227,0.9689428159419744,0.16131599983472758,-16.00384165676255,0.16211618229177252,148,14.559041812847687,6.075393282059745,0.3584317803103342
1789322142.1261845,LIDAR_ONLY,8.94411220749356,2.3883153239374133,-1.9869414162537415,0.11155377835912231,0.0764842669135995,0.20717404390162786,0.9689090911855144,0.16111276793688123,-16.0278398819396,0.16211682943325975,147,14.58115045912328,6.085396975992072,0.3616290814190662
1789322142.2581935,LIDAR_ONLY,8.962906351633306,2.3969874960935327,-1.9900730026657691,0.11186253762703041,0.07643266008367448,0.2073385922360143,0.9688423655671559,0.16087388856837626,-16.056093050182337,0.1621176234049903,148,14.60422177574317,6.094641848943658,0.36377219641759717
1789322142.3663166,LIDAR_ONLY,8.981799861677832,2.40824808799929,-1.9927706693997616,0.11212649220061024,0.0765728528616637,0.20728154006142602,0.9688129907784969,0.16069626516226887,-16.07709879808771,0.16211817811024726,146,14.627340646894453,6.104032800560649,0.36523540939809074
1789322142.4836142,LIDAR_ONLY,9.006447257798058,2.4187682844910148,-1.9978782525413807,0.11235306311459493,0.07640033256104975,0.2073430694835337,0.9687871953790861,0.16048276609801876,-16.102361290730318,0.16211876981407877,147,14.651067891494915,6.113692915112272,0.3687236070493723
1789322142.6029687,LIDAR_ONLY,9.02977551392283,2.4301229194215663,-2.001113510574601,0.11205359985758538,0.07637812553991642,0.20719954375002872,0.9688543346487877,0.16025856967584362,-16.128892147048038,0.16212018618734314,148,14.67620658285254,6.123549555027602,0.37008189116061435
1789322142.755612,LIDAR_ONLY,9.048354446901797,2.4372584377676514,-2.0044371179832137,0.11230398657944805,0.07650492489438984,0.20728233800160412,0.9687976276900433,0.15998985999948623,-16.160713204564765,0.1621217620075995,148,14.699482777605327,6.131091481599651,0.3714854120775552
1789322142.8360612,LIDAR_ONLY,9.06946664126826,2.4472427830895587,-2.0070807496814584,0.11260051167971147,0.07656032105130109,0.2073741522135596,0.9687391821350556,0.1598516421548885,-16.177267942678625,0.16212241731252564,148,14.721319383495327,6.13908010886652,0.37338149931635684
1789322142.9682672,LIDAR_ONLY,9.085780824375071,2.4548595761920957,-2.0079325623971265,0.11221771481038764,0.07671671657456627,0.2073775314073539,0.9687705039627003,0.15961691230375524,-16.205094687970007,0.16212026091720427,146,14.74481020637469,6.147761345880501,0.37405777278030894
1789322143.0774817,LIDAR_ONLY,9.10571802901218,2.463047883863198,-2.0104547040400536,0.11207963523088127,0.07666285249453289,0.20747798130289824,0.9687692448093036,0.15942411178343585,-16.227825272447163,0.1621173894574358,148,14.766932777455985,6.157481079161504,0.37794548714877874
1789322143.1980972,LIDAR_ONLY,9.123332100510153,2.470971315318817,-2.012815676544201,0.11202095316169597,0.07669114108015543,0.20751511184609556,0.9687658402772423,0.15920937146169273,-16.253019544432696,0.16211691185623336,148,14.789545451729625,6.168859918509131,0.3818484268087794
1789322143.3168502,LIDAR_ONLY,9.146840842327174,2.481522322439445,-2.0163329249427533,0.11206575682781346,0.07657338338538296,0.20749716875769703,0.9687738167710068,0.15900750078593878,-16.277221677245603,0.16211718982812937,146,14.812192534449686,6.178517697128622,0.3837400535226016
1789322143.4402306,LIDAR_ONLY,9.16260246030041,2.489524365658583,-2.0194863489559527,0.11226340322727742,0.07657726999756977,0.2075735794685198,0.9687342561931911,0.15878998346498868,-16.302887925607806,0.16212137365749296,149,14.836948326729052,6.187737355825524,0.38614705890462714
1789322143.5552971,LIDAR_ONLY,9.176959871067103,2.4970416065284944,-2.0214080585292793,0.11245266430285732,0.07677315383901659,0.2076690543836205,0.9686763365501465,0.15858826761841938,-16.326836391738375,0.1621268729216403,149,14.858175170474938,6.195840381082547,0.387023476059823
1789322143.6796186,LIDAR_ONLY,9.199451772813477,2.506081625557738,-2.0253888208000346,0.11279690509182026,0.07685763800025865,0.20770389017130272,0.9686221428867067,0.15836064166594782,-16.354080245433483,0.16212766121791578,145,14.878549761358961,6.204434970279169,0.3894134689619896
1789322143.7960467,LIDAR_ONLY,9.21702508333657,2.5148315605310376,-2.0278453002695795,0.11269747201276446,0.07694885266886531,0.20784492778310626,0.9685962212757765,0.1581447197841249,-16.379830874853983,0.16212840800832434,150,14.900886754021322,6.213592597852611,0.3902405425192141
1789322143.911725,LIDAR_ONLY,9.23835935054861,2.5251710988287,-2.031065619459764,0.11296679052150391,0.07692980623366111,0.2078149391621722,0.9685727955157242,0.1579477662480579,-16.403329589407225,0.1621291286059277,146,14.926330171606843,6.224731320672626,0.39330551642645595
1789322144.0281246,LIDAR_ONLY,9.257087529247896,2.5324693587790073,-2.033155848831096,0.11307925758689341,0.07695122885198709,0.2078071445133609,0.9685596422373633,0.15774871219051884,-16.42707744236247,0.162129873077533,149,14.95133348626725,6.235320819028622,0.3944649313956077
1789322144.1586785,LIDAR_ONLY,9.278445116004956,2.5392521614519277,-2.036183929765575,0.11251551547303573,0.07707973265778817,0.20776816829766878,0.9686234365497629,0.15752441312291426,-16.453824700030125,0.1621307266220817,148,14.973685210457775,6.2441169930915805,0.396632241319524
1789322144.274803,LIDAR_ONLY,9.295572665009606,2.5452559029073347,-2.038790279326749,0.11256849300613606,0.07714981679520112,0.2078719255259863,0.968589439715772,0.15732287838282777,-16.47782216044043,0.1621314719561086,146,14.997959890937993,6.253383028115978,0.3966280681591982
1789322144.3898861,LIDAR_ONLY,9.31460159086742,2.554847263346703,-2.0414664136227585,0.11278987670592848,0.07710144200919813,0.20789306096868299,0.9685630008181374,0.15711491155472737,-16.502569495188286,0.16213223651395217,150,15.019437930389405,6.261163124726894,0.3976223273473463
1789322144.588934,LIDAR_ONLY,9.334894664993742,2.5643415403532144,-2.044381189500793,0.11304469191762416,0.07702813244811321,0.20798380067729075,0.9685196451784726,0.1567436962124138,-16.54681460864894,0.1621336277826835,147,15.042022381663758,6.26882450172674,0.4003076818069134
1789322144.6421273,LIDAR_ONLY,9.351237223970806,2.570964092188376,-2.0467217602682135,0.11293933673158164,0.07696261344079279,0.20804264121302815,0.9685245075825912,0.1566850080334874,-16.55381385651602,0.16213382971330748,147,15.064831565206573,6.277164890894469,0.40147968760638425
1789322144.805114,LIDAR_ONLY,9.37360238704065,2.580777090309759,-2.048753679517477,0.11270244420385396,0.076805751468529,0.2080551025228658,0.9685618771797864,0.15643752270712508,-16.583316404663535,0.16213453510746262,148,15.08888274148596,6.287189778995297,0.4030823465020959
1789322144.9244099,LIDAR_ONLY,9.396574411318419,2.5941601983246887,-2.0512861775926234,0.1130235494476652,0.07685108576227391,0.2078382895892369,0.9685674128670815,0.15622772117309203,-16.60832405487892,0.16213503248585664,146,15.08888274148596,6.287189778995297,0.4030823465020959
1789322145.0547214,LIDAR_ONLY,9.41696527431764,2.606092253239063,-2.0538893820295607,0.1132282655978813,0.07676237017023547,0.2078174732701639,0.9685550042197646,0.15601617366258091,-16.63359204960156,0.16213596621357412,148,15.13674833053487,6.308507555835391,0.407809776075583
1789322145.1802118,LIDAR_ONLY,9.431746714224422,2.613744953499623,-2.055741833614757,0.11315794531598565,0.07677989216782445,0.2078735814960281,0.9685497930858156,0.1558144440324501,-16.657628455152217,0.16213731944836376,147,15.13674833053487,6.308507555835391,0.407809776075583
1789322145.3135269,LIDAR_ONLY,9.450059059155576,2.621359306216651,-2.0586495728065404,0.113038966747286,0.07674970183242001,0.2080167665246699,0.968535337563871,0.15561712120373022,-16.68118466943104,0.16213851418094424,148,15.179432985073337,6.327939456555537,0.41080883810923413
1789322145.4544528,LIDAR_ONLY,9.470388822095186,2.630249728688285,-2.06129338637122,0.11326408487632111,0.07673499644169436,0.20822358952905204,0.9684657578674941,0.15538077909702502,-16.709526764409617,0.1621386748087863,147,15.202783127162753,6.336222901747487,0.411439074938928
1789322145.6480162,LIDAR_ONLY,9.485307523182621,2.638891042459032,-2.0634952782686407,0.11359953264159683,0.0768758508763621,0.20825564681943184,0.9684084031561614,0.15508140209502874,-16.74529205342049,0.16213421820085394,148,15.226643716775266,6.3448149431309515,0.4139650877076662
1789322145.738372,LIDAR_ONLY,9.507973099917125,2.6507294705731077,-2.066781789964765,0.11404345085705724,0.07693671440990257,0.20819455731570005,0.9683645282622361,0.15497609074801452,-16.757516234088275,0.16213367258992092,148,15.249164545165236,6.3532710507409265,0.4167840743461391
1789322145.8548522,LIDAR_ONLY,9.524504672180955,2.65880377250544,-2.067882727562356,0.11451199552172024,0.07707421446730031,0.20818274728655836,0.9683008375903138,0.15478015875398402,-16.780966908609912,0.1621340205230926,146,15.249164545165236,6.3532710507409265,0.4167840743461391
1789322145.9941628,LIDAR_ONLY,9.547440253403957,2.668315189028289,-2.070442032219553,0.11464685224366401,0.07716241207777738,0.2082645427993485,0.9682602654480545,0.15454857153806656,-16.808898857867536,0.16213466936016058,149,15.273536939003966,6.364504952248255,0.419086333072713
1789322146.0986233,LIDAR_ONLY,9.569181882566202,2.6775714216172197,-2.074091959933319,0.11515046989302383,0.077291899594547,0.20822702351578,0.9681982432426951,0.15437078019642547,-16.830077674407974,0.16214118485587944,148,15.32092179903535,6.382642307063191,0.4220784774789062
1789322146.2137759,LIDAR_ONLY,9.585145774848455,2.6858475591271462,-2.0768305001410683,0.11530097953139373,0.07737372607998755,0.2082428036094529,0.9681704010020524,0.1541696311251356,-16.85430226314711,0.16214351377133115,143,15.342361489196607,6.390482517351225,0.4226831350250125
1789322146.3242333,LIDAR_ONLY,9.606955605224403,2.6957416612290723,-2.0802402358700736,0.11547227112066452,0.07731389288236101,0.20839859804579006,0.9681212428731021,0.15396589761660984,-16.878800484813073,0.16214436443779673,145,15.364749130072775,6.398825853526786,0.42548871222221624
1789322146.4478352,LIDAR_ONLY,9.628008617730561,2.706221049058544,-2.0830375459590553,0.11551589409147883,0.07725147813929231,0.20829398088515408,0.9681435352593932,0.15375394491745908,-16.904300135015493,0.1621451229702085,145,15.388436677787231,6.408998307615179,0.4268222883528089
1789322146.5767593,LIDAR_ONLY,9.649020635952976,2.715640240255026,-2.085628864223957,0.11584213072539908,0.0771546174679976,0.20846823960243713,0.968074769235015,0.15351931790735315,-16.932548015662086,0.1621459746487097,145,15.411784208807804,6.4180117820139975,0.42950199971568787
1789322146.688351,LIDAR_ONLY,9.668134879557158,2.7240657985820995,-2.0882096859149044,0.11572787745387464,0.07714164915382546,0.208373048276159,0.968109961263673,0.15333239021297293,-16.95504577951465,0.16214668108658262,145,15.435955025675018,6.42693167406812,0.43287175119635385
1789322146.8140736,LIDAR_ONLY,9.68446775372318,2.7328373338718093,-2.0907107957120834,0.11577697927697174,0.07710663357188967,0.20843307735317068,0.9680939574203514,0.15312656501294641,-16.979793219519117,0.1621474689619043,147,15.461255194646025,6.437120242670048,0.4338673507368676
1789322146.944189,LIDAR_ONLY,9.701743849468805,2.7415455743927124,-2.0927058652611072,0.11575595134293738,0.07701608683164968,0.20859984257181985,0.9680677599098337,0.15289976303136749,-17.007040506066282,0.16214831719121356,147,15.482944679288034,6.446365225967779,0.43396918038731663
1789322147.0532782,LIDAR_ONLY,9.718000836279119,2.7489225743985335,-2.096080474317408,0.11564212129264387,0.07703136129735791,0.2086707798526846,0.9680648608410937,0.1527165557501916,-17.029038376935866,0.16214899400716726,148,15.50443606636986,6.455659200109235,0.4357723925846052
1789322147.172474,LIDAR_ONLY,9.738857355243823,2.756382348378734,-2.097912781867902,0.11561062889623838,0.07698546263340258,0.20887745333579372,0.9680277013171115,0.15251254406112796,-17.0535359723648,0.16214974899990822,145,15.52604252311016,6.465814530493855,0.43677405486472326
1789322147.2922301,LIDAR_ONLY,9.76339846398835,2.7691254564856997,-2.102408748927716,0.11595272897924222,0.07684383872750793,0.2086856818958395,0.9680393975781955,0.15228992763411012,-17.080285779481354,0.1621504235952469,144,15.546081926676589,6.474879728536328,0.43798503572037745
1789322147.470842,LIDAR_ONLY,9.783725301969957,2.7781542147227203,-2.104725942428319,0.11620796847907625,0.07684122249318409,0.20874548449031724,0.9679961039656212,0.15196774917074474,-17.11904436716602,0.16215144867823722,148,15.569672677489809,6.485253349173923,0.44009540522267887
1789322147.5361912,LIDAR_ONLY,9.805845633132497,2.7867292736856175,-2.1076987979673363,0.11631261450161927,0.07681312094102412,0.20865424078797534,0.9680054379807435,0.15186588478703816,-17.131299046251215,0.16215160158866038,148,15.594080786744515,6.494756494338987,0.4414374917475297
1789322147.6503007,LIDAR_ONLY,9.825556186721062,2.7946812452926997,-2.110770084209893,0.11662991478210359,0.07680356986223634,0.20877553285059455,0.9679418637073646,0.1516812721213967,-17.15356477063252,0.1621524680724406,145,15.620954120901759,6.503754213003433,0.4431069121809066
1789322147.7679155,LIDAR_ONLY,9.844071263811804,2.8021866123294403,-2.1133460348505064,0.11680152648705128,0.07684439983267109,0.2088890889927607,0.9678934291152232,0.15147103147990426,-17.178852978106715,0.16215387823779262,148,15.643093078461922,6.5129925969346685,0.4472171566598746
1789322147.8853292,LIDAR_ONLY,9.862059010681675,2.810449289772965,-2.1175717000678733,0.11697145065942448,0.07702196309095936,0.2090082933001205,0.9678330590881961,0.1512676927444525,-17.203413078182297,0.16215497798015244,146,15.665993151209872,6.521084790828515,0.4499384533566089
1789322148.003021,LIDAR_ONLY,9.877007808690095,2.8162533628237787,-2.1196576399413805,0.11684650440913172,0.07705512329019015,0.2090605691759857,0.967834221753867,0.151056014149673,-17.22899624472724,0.1621551149130918,147,15.689672867575613,6.529281500208402,0.45197080837097253
1789322148.1211185,LIDAR_ONLY,9.89883261992831,2.825437204824884,-2.123202594958679,0.11650100910328051,0.07676538937005425,0.20896166949724665,0.96792025010003,0.15084364144538512,-17.254778527546147,0.1621517817496731,145,15.709261277480191,6.537350009906719,0.45358921410132197
1789322148.2389722,LIDAR_ONLY,9.922133445232069,2.835701977198129,-2.126352120022385,0.11642288950923081,0.07658965323856773,0.20907100776046167,0.9679199602906959,0.15063477983739376,-17.279474315022146,0.16215022743067387,147,15.73305005274373,6.546095978270648,0.4552070029114639
1789322148.3928547,LIDAR_ONLY,9.947176743121132,2.846928618549067,-2.1302435137881743,0.11628904223000047,0.07649710290937489,0.209006756556217,0.9679572447260013,0.15037322513426515,-17.311164345708036,0.16215046558496476,148,15.756750600826008,6.554994722169298,0.4583243840731467
1789322148.488961,LIDAR_ONLY,9.963124780800218,2.856223538194728,-2.1327138450898935,0.11632724674060721,0.0765360532475194,0.20905453538228605,0.9679392571102483,0.1502249899846914,-17.329114907152157,0.16215167299624922,147,15.780903761307313,6.564159226559012,0.46089532160833474
1789322148.618822,LIDAR_ONLY,9.978302067332354,2.8650630050672268,-2.1345440848490824,0.11637871787006479,0.07653256662928073,0.20911993944543314,0.9679192172895386,0.15000322349596878,-17.35578750924683,0.16215911240682926,146,15.80626472623661,6.575038564968354,0.46287860491006805
1789322148.7272053,LIDAR_ONLY,9.994690307629721,2.874114868448836,-2.137013119682551,0.11651570905302056,0.07653187104590695,0.20919457232655905,0.9678866633894656,0.14981452930475175,-17.37877744197606,0.16216030074158774,149,15.825843350548913,6.583861813081388,0.4651839603649694
1789322148.8515599,LIDAR_ONLY,10.01483301281236,2.883441573656336,-2.1405744889607727,0.11686808119880278,0.07649685302053653,0.2093720767379051,0.9678085640028824,0.14960240074622222,-17.40452761454593,0.16216091996976026,148,15.848543196620486,6.5926148350706635,0.46679311565961157
1789322148.974912,LIDAR_ONLY,10.030580248260978,2.8943386764092844,-2.142818365604315,0.11735268588780351,0.07652136186699181,0.20929457775280122,0.9677647482814282,0.1493881786766873,-17.43052656324489,0.16216169891298393,146,15.87216383821222,6.603142713493728,0.4692199658079254
1789322149.0938425,LIDAR_ONLY,10.050784954662582,2.902774508647455,-2.145505283386518,0.11745611978995779,0.07650988022460833,0.2092908936277459,0.9677539046660586,0.14917808663099236,-17.45602428056672,0.1621624715135817,148,15.893281631409545,6.612315250710371,0.47050904533473764
1789322149.295891,LIDAR_ONLY,10.07006588795885,2.9113490255087484,-2.148876134666779,0.11769907995426623,0.07641508262680387,0.20938913765754238,0.9677106234593524,0.1488422662794035,-17.496769976103945,0.16216375103012204,149,15.939155270904614,6.6296566265832535,0.47479322851738287
1789322149.3515804,LIDAR_ONLY,10.08394718348835,2.916938676981733,-2.1519703532348484,0.11768191974716988,0.07639635910169515,0.2094681758168855,0.9676970834928521,0.1487411583372542,-17.509018682925564,0.16216412495357718,149,15.939155270904614,6.6296566265832535,0.47479322851738287
1789322149.4632895,LIDAR_ONLY,10.107092582982949,2.928506239694756,-2.155299717700638,0.11801671579457276,0.07633393413562654,0.20936118139823015,0.9676843912226644,0.148544977922409,-17.532766229767248,0.16216484312682816,146,15.962913943325328,6.638164835225421,0.4778493661003617
1789322149.5668328,LIDAR_ONLY,10.123952443164915,2.9337360398897694,-2.158547208521589,0.11809141336476543,0.07629087850165679,0.20943267703273774,0.9676632026370843,0.14836315745053966,-17.554763998012387,0.16216550311470426,148,15.984645977851157,6.646813015641398,0.4779701367753504
1789322149.670655,LIDAR_ONLY,10.148425431552987,2.946377312390667,-2.162333053119084,0.1182631551724053,0.07604717896013644,0.20933317776354715,0.967682940527675,0.14818353160792347,-17.57651184626408,0.16216616620636498,147,16.008693581850327,6.656626162862583,0.4772067196010091
1789322149.7812526,LIDAR_ONLY,10.167129922293492,2.9526458161198628,-2.1665301841967364,0.11778098715562531,0.07579246089275639,0.2094329917958563,0.9677401324136059,0.14798164819536602,-17.601009755205297,0.16216680317502674,148,16.033052072404836,6.667026423667435,0.4797736222251326
1789322149.893387,LIDAR_ONLY,10.187095936876828,2.962540178523474,-2.1695771652211615,0.11805808434761504,0.0758584753650934,0.20946267884907818,0.9676947693383605,0.147777467328138,-17.62576272143334,0.16216744264264882,144,16.057287599990712,6.67668537424381,0.4803088604403206
1789322150.0031116,LIDAR_ONLY,10.207014264833413,2.9737985037207206,-2.1728477362612635,0.11838503472211455,0.07580129756282385,0.20958830415135102,0.9676321044718373,0.14756913401691657,-17.651020855623752,0.16216793379151706,148,16.080636990607825,6.685362838174211,0.48249967629226914
1789322150.134064,LIDAR_ONLY,10.222826454330074,2.9826941416370705,-2.17507330762559,0.11869836142036286,0.07589186860490992,0.20968520737142668,0.9675656241751139,0.14732191364495267,-17.68104592963964,0.1621691590105964,147,16.10297342871136,6.695412282545722,0.48632680900193037
1789322150.226635,LIDAR_ONLY,10.244694542961165,2.9941965481575794,-2.1778877023206786,0.11869692129563876,0.07575695150803834,0.2097900670962486,0.9675536434332194,0.1471566002190302,-17.701079462921722,0.16217023622852372,148,16.12524156360768,6.703549104794353,0.4883119434904779
1789322150.3413997,LIDAR_ONLY,10.26004494441648,3.0041388727771787,-2.1799172399220788,0.11902241429640076,0.0759191815133295,0.20979010491858346,0.9675009326360632,0.14695286893183573,-17.725892335013867,0.16217136556108097,147,16.14910789574485,6.713031746882913,0.489196063362671
1789322150.4527853,LIDAR_ONLY,10.287649345502178,3.0180726282995147,-2.1832577746606345,0.11882870738049282,0.07586225389546236,0.20945955149510104,0.9676008231826039,0.14674677960363522,-17.75097109048947,0.16217112901418498,145,16.171113063258222,6.720995385529606,0.4903891583001148
1789322150.5702505,LIDAR_ONLY,10.305385592244843,3.027749343089674,-2.18606326988561,0.11889593565777562,0.07584655263499124,0.2095555863118275,0.9675730014748013,0.14653799976898707,-17.776489095539553,0.16216773989031372,146,16.19274375374705,6.730472903145605,0.4919268139222596
1789322150.6964214,LIDAR_ONLY,10.325079380487253,3.035591431852155,-2.1899998586543923,0.11864953311851476,0.07584945225881545,0.209556636800298,0.9676027929143983,0.1463006184083711,-17.804926762592483,0.16216670119719492,147,16.21460607199961,6.739084031765877,0.49308177835320194
1789322150.8018312,LIDAR_ONLY,10.346858561796736,3.0456453389621236,-2.1934934416707677,0.11869747796326723,0.07564486850175993,0.20967798059246373,0.9675866405904836,0.14610220847084995,-17.829133852925935,0.16216683213419353,149,16.23784066827838,6.747849260816685,0.49589745913296185
1789322150.9035883,LIDAR_ONLY,10.362901831727852,3.0523716628523134,-2.1964340168222964,0.1189161810071438,0.07580424555066549,0.20971105955549088,0.9675401437414801,0.14592224206368712,-17.85107185831211,0.16216893318578218,149,16.26207758247481,6.757666963689919,0.4961291155642207
1789322151.0195785,LIDAR_ONLY,10.380778163164928,3.0615988763065296,-2.1991811569211324,0.11906158826995106,0.07580868841023236,0.20976956665949592,0.9675092298596661,0.14571671822151566,-17.876006748735435,0.1621754936603824,147,16.28360094932599,6.76601029800815,0.4981325357721809
1789322151.147636,LIDAR_ONLY,10.398151810257106,3.0699851018382676,-2.202613386503122,0.11936594122131312,0.07587813059194283,0.20981899907501014,0.9674555643549646,0.14548672853253491,-17.904248476864893,0.1621765801800396,148,16.30743576725246,6.775871039236675,0.4994101386263933
1789322151.2473814,LIDAR_ONLY,10.420618562361307,3.079215243662203,-2.206200472629276,0.1194201660881125,0.0756950410642142,0.20984673458224884,0.9674571994020934,0.14530878430714547,-17.925998336806273,0.16217717955444774,148,16.329592106243236,6.784479347465044,0.5009854609888569
1789322151.3681521,LIDAR_ONLY,10.447021028166725,3.0910910543530807,-2.210392693730415,0.11930917872349853,0.07539837387655399,0.20979482233953373,0.967505316578994,0.14509438622052648,-17.952246868385874,0.1621779378858013,146,16.35408373801205,6.795154491381934,0.5033765010222927
1789322151.4768503,LIDAR_ONLY,10.468407589484288,3.1030833613978626,-2.2134458842571227,0.11957475598337859,0.07556080790865674,0.2096838462932047,0.9674839154442798,0.14490036408072457,-17.975994610067676,0.1621786539141842,147,16.38003224933756,6.804937623770708,0.5045661414987954
1789322151.5922508,LIDAR_ONLY,10.485211387259557,3.1114063959440985,-2.216844446192179,0.11966529829688667,0.07545227392893146,0.20975663309550865,0.9674654131362561,0.14468791706697118,-18.001991805500285,0.1621794594866735,146,16.403475087345964,6.813288010428759,0.507215796583361
1789322151.6980572,LIDAR_ONLY,10.502351844143751,3.1193495199961196,-2.219743106837627,0.11956130003041451,0.07547381894210187,0.20982503558750215,0.9674617577093347,0.14449362174688526,-18.02573927919291,0.16218020168250324,148,16.42626117716226,6.823242826984352,0.5085849912341037
1789322151.8131075,LIDAR_ONLY,10.520317060298662,3.1310569105000257,-2.2219761696931157,0.11951530938921842,0.07532602899414789,0.20995033697330903,0.967451774602934,0.14428073990907914,-18.05173675914597,0.16218099485005832,146,16.447781639712765,6.832575171577028,0.5103091598738284
1789322151.9230626,LIDAR_ONLY,10.53767238367558,3.140513884962407,-2.2242428053466767,0.11948136925492565,0.07526286358088902,0.2099517068897896,0.9674605855230675,0.14408207101566545,-18.075984609573567,0.16218172328339114,147,16.470426334979717,6.842007003885211,0.5132564059623118
1789322152.04174,LIDAR_ONLY,10.55893717894083,3.149667293479377,-2.2282146735015056,0.11903324470825395,0.07510416206652282,0.21002897033383833,0.9675113865557439,0.1438670338895196,-18.10223227169178,0.16218249803708262,147,16.492518945734727,6.851323705873659,0.5152241391036019
1789322152.1496027,LIDAR_ONLY,10.576478171566372,3.1597999102291334,-2.2305680619751103,0.11890588644642033,0.07502345172469438,0.2099590277593283,0.967548488977199,0.14367470472339272,-18.125733339267267,0.16218304519064894,148,16.516550079155525,6.859222058364578,0.5174432542627293
1789322152.2701092,LIDAR_ONLY,10.592831018981471,3.1683003041421705,-2.2337534793873655,0.11921447294978342,0.07504999712271872,0.21005037464468795,0.9674886291232634,0.1434639223226793,-18.151488754509746,0.16218371781686697,145,16.53945766646037,6.868667885577266,0.5181078552274246
1789322152.3948383,LIDAR_ONLY,10.615078671149902,3.1821357012252864,-2.236411027727979,0.11970098410177517,0.0751229367295487,0.20995690861884966,0.9674431845361313,0.14323909858324896,-18.17900003158427,0.16218428418432132,150,16.562810259105508,6.878174570900487,0.5191422192856475
1789322152.4980862,LIDAR_ONLY,10.628954090683298,3.1881373229824153,-2.238160706186799,0.11974259871091145,0.07527409525660894,0.21003804134336757,0.9674086736358624,0.14304117471723302,-18.203272618430354,0.16218544518044525,147,16.587445127976384,6.887185859046485,0.5205172544181336
1789322152.6128113,LIDAR_ONLY,10.649896499634357,3.196670434603341,-2.2421668643989396,0.11949888649026548,0.07509110751823064,0.21019058632125362,0.9674198980386955,0.14283213240018605,-18.2288194352889,0.16218675169576124,148,16.60892421227251,6.896574449853309,0.521664950527068
1789322152.714856,LIDAR_ONLY,10.67115731469753,3.2054062476508687,-2.245976195843258,0.11969858870703345,0.0750837184080053,0.21013126358398057,0.9674086701886497,0.14265357837389253,-18.25088179952369,0.16218763609337583,146,16.63214026826814,6.9050572612758305,0.5247015470034916
1789322152.8393798,LIDAR_ONLY,10.685774637142288,3.210933453679332,-2.249216617567286,0.11962975783374409,0.07513684985099986,0.21020877331461882,0.967396219992962,0.14242258255428947,-18.27920918735619,0.16218615547299542,146,16.655928482007315,6.915127585534783,0.5277052010669163
1789322152.9471352,LIDAR_ONLY,10.710617658514245,3.2242483192274562,-2.25133094364981,0.1201639230953805,0.0751250522928744,0.21006348743224315,0.9673624911852456,0.14222340721412177,-18.30343369394693,0.16218311279410214,145,16.678070725482122,6.9231061063769195,0.5286845998526822
1789322153.0599463,LIDAR_ONLY,10.728102210506448,3.228584555499002,-2.254414145415308,0.12006920893659562,0.07518549404780886,0.21013979731813226,0.9673529821803526,0.1420187582056993,-18.328386592045,0.16218297941165682,149,16.702840477846404,6.932730354569856,0.5296316449601628
1789322153.1612992,LIDAR_ONLY,10.74725357601447,3.2391104851966714,-2.2567027577305536,0.12021474332151984,0.07508424074904373,0.21024959994083622,0.9673189122538642,0.14183006619826535,-18.351847006671594,0.1621830629015418,149,16.72505716523317,6.940226346000874,0.5314808402934652
1789322153.2876642,LIDAR_ONLY,10.771280998636572,3.250655414042143,-2.2601750984898583,0.12010770795405266,0.07508329673751907,0.2100900565990136,0.9673669444214398,0.14160082662828738,-18.379762744483983,0.16218825392204927,147,16.748964305315962,6.9502183042918535,0.5329979186901115
1789322153.3959687,LIDAR_ONLY,10.790180032528031,3.25945754335246,-2.2633641382094405,0.11991649628187145,0.07499556866995478,0.21019037867038098,0.9673756784795408,0.14141004589416142,-18.403227116450914,0.1621920729481342,149,16.772734861018225,6.959533967027079,0.5360621190768555
1789322153.5076935,LIDAR_ONLY,10.811720909771333,3.2713972242953657,-2.265479897232141,0.12010954355950837,0.07493877611553766,0.2102251407695193,0.9673485760410606,0.14120570279756692,-18.42847430874043,0.16219270827717303,150,16.794661982225875,6.9679660912249775,0.5376914609571413
1789322153.6229897,LIDAR_ONLY,10.828878107786455,3.2804413878357375,-2.2674740288310864,0.12028254253815894,0.0750333579331353,0.21028090642592,0.9673076271541166,0.14100099566472107,-18.45372393730291,0.1621934381798848,147,16.818127536079235,6.978261062135577,0.5389963712653895
1789322153.7368538,LIDAR_ONLY,10.850999515515687,3.2897122486163033,-2.2707230232274314,0.12010177718175964,0.07492417615857358,0.21022712150583442,0.9673502407753426,0.14079836394179024,-18.47872194820614,0.1621941570112,149,16.84000277774011,6.987245191135381,0.5408075812023395
1789322153.8594067,LIDAR_ONLY,10.867657644735647,3.2984286991143943,-2.273490905307628,0.11999340354728733,0.07487920591160428,0.21029936719648182,0.9673514685903697,0.1405794675751701,-18.505719093150528,0.16219497487410742,144,16.862328173335143,6.993993975346296,0.5424191928519846
1789322153.9629936,LIDAR_ONLY,10.884079942384504,3.309786639506224,-2.276468932739034,0.12035942388858308,0.07492333170813972,0.2103778066675603,0.9672855224331165,0.14039905340833217,-18.527966624393894,0.16219566127413726,145,16.885748720493478,7.003966854297076,0.5444220148354593
1789322154.076571,LIDAR_ONLY,10.89856592440107,3.3202176922333413,-2.278769409572321,0.12053213541388198,0.07499070862380199,0.21041868159949026,0.9672499037925009,0.14019417684620886,-18.55321394932319,0.16219643311758253,147,16.91039916237843,7.014458332158327,0.5451288015720325
1789322154.1882818,LIDAR_ONLY,10.920598774726653,3.333586923004244,-2.280570507487455,0.12080166667862363,0.07498184320225006,0.21044444870578025,0.9672113598002147,0.13998891095596555,-18.578461438651022,0.16219717891774516,148,16.931690433657515,7.021976224757628,0.548178785001708
1789322154.3028183,LIDAR_ONLY,10.94013677261984,3.3432747631410624,-2.282894527919084,0.12088553362273502,0.07502667051575322,0.21031246501241727,0.9672261129293751,0.1397895961298471,-18.602959144924586,0.16219789623953867,147,16.956641476604116,7.0333374364482175,0.5490125201370093
1789322154.4199104,LIDAR_ONLY,10.959057354635203,3.352706196598662,-2.283936572617888,0.12127783076246691,0.07499848190667864,0.21040667049987166,0.9671586987079228,0.13956613170094673,-18.630456626507446,0.16219872252707307,147,16.981326724844205,7.043167473649317,0.5516893362100692
1789322154.526679,LIDAR_ONLY,10.979636982085129,3.363602545225196,-2.2859699694802678,0.12165933575447907,0.07503720247211688,0.21027493612499779,0.967136430658346,0.13938558558971287,-18.65270666019658,0.1621992123694187,147,17.002685421485737,7.052027143286901,0.5537998343366376
1789322154.6342118,LIDAR_ONLY,10.992619315999448,3.3716169069178017,-2.2865130497624926,0.12190267158986172,0.07531001258448929,0.21031367753889116,0.9670761592055952,0.1391785751877523,-18.678211986872267,0.1621998443647872,146,17.028666126600232,7.061720190423844,0.5562943373710003
1789322154.7523067,LIDAR_ONLY,11.011913199149278,3.37923993216394,-2.289173008104439,0.121926532011993,0.0752124223895029,0.2104396574949808,0.9670533402368385,0.1389717110417596,-18.703724574146673,0.16220041714346647,147,17.050562917333835,7.0710280239633425,0.5572715261029112
1789322154.8558235,LIDAR_ONLY,11.02817322842905,3.3857373732037574,-2.2920789687600913,0.12207426072624125,0.07521898671470732,0.21051526464408424,0.9670177362683611,0.13876874910417672,-18.728752688713076,0.16220165276117027,145,17.07520611729407,7.081422963080455,0.5584772672992439
1789322154.9631636,LIDAR_ONLY,11.046522060032721,3.395463390851174,-2.2945886678587146,0.12221611889614965,0.07517731370335234,0.2105902462517677,0.9669867320547526,0.138573521737099,-18.75280101475113,0.16220290359124603,148,17.09881624319466,7.090082138334096,0.5612688040355786
1789322155.0784879,LIDAR_ONLY,11.069626696353051,3.4084538665911355,-2.2967977003582694,0.12242631889440445,0.07505853903537955,0.2104682343798959,0.9669959330198081,0.13836991412630065,-18.7781264977882,0.16220370705266102,147,17.122013040687186,7.100034845394061,0.5621671989878035
1789322155.187527,LIDAR_ONLY,11.091714019219125,3.4191403902754773,-2.299295534368416,0.12257826333241773,0.07512667710023704,0.21031506985999102,0.9670047172253465,0.13816944850028784,-18.802932305921363,0.1622014502807487,147,17.143497800172664,7.109577633814875,0.5649014153227822
1789322155.3039985,LIDAR_ONLY,11.113031516982195,3.431455845400148,-2.3011544025211035,0.12297240035337066,0.07522655136441771,0.21039826672164494,0.9669288102449293,0.13795150729868977,-18.829389681720958,0.1621989403777597,147,17.169308106475555,7.1171161101475295,0.5668992973161429
1789322155.4091575,LIDAR_ONLY,11.133001048349524,3.4399572329948764,-2.3040348866961184,0.12297466597993217,0.07515016435530769,0.21047466035859227,0.9669178360499043,0.13775793490087845,-18.85334403598649,0.16219919900061383,147,17.191974800701477,7.125408645307919,0.5679209874098519
1789322155.523399,LIDAR_ONLY,11.152553893072612,3.4492001553043794,-2.306664161986509,0.12294175678086973,0.0750163473843395,0.210566192957244,0.9669124833449191,0.13755195283657978,-18.879043805520887,0.16219928645453457,147,17.21747625660996,7.1356916671309305,0.5684027024947371
1789322155.6309004,LIDAR_ONLY,11.169272486593476,3.458980732342371,-2.3087703867085514,0.12305934332495984,0.0749999339888064,0.21058908456320694,0.9668938128796435,0.13735348670201572,-18.903469541527457,0.1622058151353981,146,17.241037058013372,7.144533971203399,0.5699646882265915
1789322155.7418134,LIDAR_ONLY,11.185240605243347,3.4687200923957713,-2.3105846208130183,0.12305625330624778,0.07505302157592343,0.2106693032086654,0.9668726116506393,0.13715858316935603,-18.927698218895753,0.1622081332491136,144,17.26199228994024,7.152359394220794,0.5733248994690733
1789322155.8577538,LIDAR_ONLY,11.203173150372804,3.4791964294582636,-2.312667885604278,0.12328210946817576,0.07506203898672521,0.21067157257230174,0.966842645055619,0.13695138974558227,-18.953446628946583,0.16220871106046209,146,17.285117594128828,7.16204540306134,0.5751895907906673
1789322155.9714007,LIDAR_ONLY,11.225957166142683,3.491836462573535,-2.315451770818482,0.12338253402544921,0.07502733265659696,0.2104507998481423,0.9668806081906764,0.1367524051411106,-18.978195553803193,0.16220939929185424,149,17.30779069054214,7.170981471951577,0.5782367560379408
1789322156.1380908,LIDAR_ONLY,11.246631260829684,3.50095110850332,-2.3185705035365625,0.12334242553546458,0.07507373477943738,0.2103311976537627,0.9669081485347142,0.1364368195918745,-19.017441683496074,0.16221055245136287,147,17.331144356854214,7.180086241464448,0.5811532814611321
1789322156.1971931,LIDAR_ONLY,11.269117454937975,3.512472311982961,-2.321713569215164,0.1235171904909951,0.07494605822282413,0.21044861207329688,0.9668701948485615,0.13634031541841088,-19.029440317430936,0.16221091664245219,147,17.352472287620724,7.1878604669217045,0.58354710523394
1789322156.2997568,LIDAR_ONLY,11.288822595503865,3.519293655002258,-2.3250862942434036,0.12329659615496438,0.07488696910483779,0.21050086641643706,0.9668915536257517,0.13614721598459112,-19.053437617766935,0.1622116503712275,148,17.377630472177458,7.197085862017893,0.586020682393268
1789322156.4083545,LIDAR_ONLY,11.306940573805285,3.5258316849649685,-2.3287657256224903,0.12314358751145056,0.07489228857599588,0.21052345069740375,0.9669057237772034,0.1359518633343154,-19.077685133762916,0.16221239408925442,148,17.399684868629496,7.205758662949871,0.5876536817670273
1789322156.5250947,LIDAR_ONLY,11.330030842006058,3.5357759399265145,-2.331641374405694,0.12332377347528611,0.07481735979456017,0.21066575915740465,0.9668575631848894,0.1357442546736648,-19.103432821896902,0.16221315208499149,148,17.424086027936468,7.215930573624463,0.5884246161360053
1789322156.6393878,LIDAR_ONLY,11.35186475972548,3.544317879039549,-2.3347225347838885,0.12325259632801637,0.07470455347868467,0.21054316494864678,0.9669020647828613,0.13555268445872937,-19.12718096775213,0.1622138439909684,146,17.449705418494364,7.22627874846635,0.590520979404955
1789322156.7500901,LIDAR_ONLY,11.373549158790503,3.551930149110352,-2.3386476214935548,0.12307349744548263,0.07461869695711444,0.21058833671829633,0.9669216704207124,0.13534308793907257,-19.153179635455402,0.16221447895434732,146,17.472590546242195,7.236256111040768,0.5919177097489043
1789322156.860946,LIDAR_ONLY,11.391407848683121,3.558588394788605,-2.340713102747339,0.12292364397831798,0.07454953051541797,0.21054970729803407,0.9669544798012649,0.13514764686220362,-19.177432549930373,0.16221510240886705,145,17.496317610954076,7.245273548635225,0.5950164332866159
1789322156.9896595,LIDAR_ONLY,11.409782706443035,3.5665335581208097,-2.3426934881727965,0.12277997563895664,0.07454341976941839,0.21051880393072295,0.9669799322337332,0.1349059784256561,-19.207441534819463,0.16221582618990188,149,17.518696139616257,7.254831323559404,0.5987793645077503
1789322157.083547,LIDAR_ONLY,11.429171939982883,3.5761396778020798,-2.345935860326308,0.12301652505171852,0.07443778704553296,0.21062044324703788,0.9669358713536205,0.1347391780970515,-19.22820370891444,0.16221630259742842,149,17.54221485253402,7.263234957344817,0.6000828185816777
1789322157.1945372,LIDAR_ONLY,11.446395295876805,3.5846668640964863,-2.348468635582197,0.12321908710966668,0.07437336213336648,0.21069702998809692,0.9668983509816503,0.13454005941641858,-19.252984529914645,0.16221767820416408,147,17.56526239409822,7.271805069919185,0.6019953716763143
1789322157.3036988,LIDAR_ONLY,11.462401890485314,3.592701584845755,-2.350359208149524,0.1230823618811757,0.07437324508075414,0.21077192996335017,0.9668994498651006,0.13433879130579612,-19.27803909396751,0.16221881357632653,148,17.58646152077119,7.280719750206159,0.6045675424953912
1789322157.4176166,LIDAR_ONLY,11.484316043985238,3.6047192881824754,-2.3526935285018538,0.12308157337661121,0.07434136914817288,0.21077743496211532,0.9669008015505541,0.13413628142369893,-19.30336706822071,0.16221921846556425,148,17.60949398244706,7.290072276526178,0.607338079742605
1789322157.5311265,LIDAR_ONLY,11.501617135234474,3.613949595424997,-2.3548102091109464,0.1230561788642163,0.07420024666365292,0.2107527986620894,0.966920243915954,0.13393636799053688,-19.32840079836231,0.16221625917437185,150,17.63240755507215,7.298544888933375,0.6084461957102586
1789322157.6449063,LIDAR_ONLY,11.516778442599893,3.6227005696893526,-2.357240920814766,0.12322432794530759,0.07431902005291667,0.21077721844099512,0.9668843842192708,0.13373048201172763,-19.35359760494535,0.16221474647600476,147,17.655121044415825,7.307764117897242,0.6110362131443413
1789322157.7517848,LIDAR_ONLY,11.537597233690109,3.635758775914489,-2.359029223909839,0.12354701453176835,0.07422301846304895,0.2107223341828049,0.9668625427676217,0.13353204142391867,-19.378304453565892,0.16221511263258975,146,17.676379289583124,7.316695140744576,0.6113722851762815
1789322157.8936226,LIDAR_ONLY,11.556449636461009,3.644252734055897,-2.3622309820681964,0.12351322683672221,0.07422138123595706,0.21068817074874846,0.9668744303529562,0.13328522749207608,-19.409230336881308,0.16221764041686082,149,17.70097824911861,7.326607804217245,0.6147320822726369
1789322157.987607,LIDAR_ONLY,11.576928578604731,3.6543992787638864,-2.3651079273673945,0.12353204258793946,0.0740798556225898,0.21086939450798356,0.966843372995246,0.13312076317397017,-19.429680704629146,0.16222283304884852,145,17.723697327782084,7.334953961359327,0.6166878973772816
1789322158.1134107,LIDAR_ONLY,11.59435886828067,3.661868914252911,-2.3676032171995653,0.12354622631555562,0.07406974942535227,0.2109578240445609,0.9668230441283634,0.13289793471095676,-19.45767225801848,0.16222398047695727,147,17.74844665386056,7.344715997621049,0.6192869902923938
1789322158.214877,LIDAR_ONLY,11.615096275210252,3.6711698371104955,-2.370270731599608,0.12341525877409205,0.07412722072337044,0.2108660500819686,0.9668553862767592,0.1327243356480227,-19.479422067738042,0.16222456879630398,149,17.77158361032279,7.353876277442478,0.620795743715177
1789322158.337457,LIDAR_ONLY,11.637806924633704,3.6828574757057515,-2.37260211223617,0.12358347667055067,0.07395909143588157,0.2108427092148594,0.9668518651059926,0.13251686166445742,-19.50542026192978,0.1622252890941448,146,17.79751542105426,7.3656012531315,0.6230729200565135
1789322158.431946,LIDAR_ONLY,11.65732754075383,3.689778961913717,-2.3758454052675106,0.12354329448785883,0.07398979853859622,0.2109432729460154,0.9668327154674313,0.13233329451215586,-19.528417845557957,0.16222596219624924,150,17.819429296025856,7.374464630655549,0.6252471358190338
1789322158.543164,LIDAR_ONLY,11.676225962574039,3.6982524504512186,-2.3786905645579877,0.12358601636008092,0.07396315054105991,0.21099567380822234,0.9668178600731892,0.13213771918551778,-19.55291501972957,0.1622266979111029,145,17.844658300316276,7.384345860122795,0.6254249791202424
1789322158.6806078,LIDAR_ONLY,11.700372330822937,3.7083695044403333,-2.3823674611097925,0.12374871942216467,0.07385665583512484,0.2110026095976909,0.9668036758169628,0.13189221166345255,-19.583661626565473,0.16222763186038314,149,17.8672098700615,7.392588716929769,0.6291585659915578
1789322158.7694435,LIDAR_ONLY,11.71915425050534,3.718355140742249,-2.384697697916115,0.12387702132286299,0.0738760423300761,0.21098130353310665,0.9667904134388646,0.13173029163534494,-19.603909607560045,0.16222822722664026,146,17.891762636160074,7.401687141785538,0.630837207000936
1789322158.8786514,LIDAR_ONLY,11.737507077598895,3.724534982883042,-2.387567389040915,0.1240204028598948,0.0738725897165595,0.2110283937512599,0.9667620168344438,0.1315421251642155,-19.627407437874936,0.16222890270081067,148,17.915132566995755,7.4097266589976565,0.6332565927288034
1789322158.9891567,LIDAR_ONLY,11.760768887463248,3.7364697593643266,-2.3903657077594094,0.12430799980044288,0.07382243527450895,0.21093267767028379,0.9667497994448193,0.1313358236234201,-19.65315528685082,0.16222964598900697,149,17.938330139488386,7.4190522011736775,0.6320237129831174
1789322159.1027417,LIDAR_ONLY,11.779733484021074,3.744286159654637,-2.392448311643663,0.12440795241350724,0.07388587871992477,0.21093368075601376,0.9667318762846208,0.13113372151125077,-19.67840320376761,0.16223037964655734,148,17.958857181336793,7.427855012609314,0.6345916460367094
1789322159.2156084,LIDAR_ONLY,11.800748055736575,3.7568789970837226,-2.3945591906806354,0.1246318928787168,0.07390690543993134,0.2109538882193787,0.966697014400524,0.13093990109524786,-19.70265542916459,0.16223087795499827,149,17.98018879120902,7.435952152053716,0.6383196686656968
1789322159.329184,LIDAR_ONLY,11.822660728286891,3.765944889870326,-2.3976244612227564,0.1244536557934897,0.0738231025539174,0.21108996783716635,0.9666966755748431,0.1307300348382568,-19.728913151421988,0.16223134998527555,149,18.004341218297093,7.444267594510733,0.64128589910624
1789322159.4383893,LIDAR_ONLY,11.839728382885994,3.7736667476575505,-2.4015126149778694,0.1244045602889047,0.07387853854629309,0.21113990348309664,0.966687854521167,0.13053257114539776,-19.7536800197268,0.16223214084271764,149,18.028057935935372,7.453202185065964,0.6434313389395196
1789322159.5511005,LIDAR_ONLY,11.859066100292964,3.7874565387933155,-2.404102855436538,0.12467416517510893,0.07389327980717612,0.21120223962799572,0.9666383758745288,0.13033641872598808,-19.778216228232633,0.16223349934447984,145,18.050017220384248,7.461962662765701,0.6465494115052645
1789322159.6626194,LIDAR_ONLY,11.880829946962772,3.7951243702529034,-2.4083753128523595,0.12443446866955377,0.07380558103227988,0.21121617476227006,0.9666729161066879,0.13013107710083618,-19.80402883377076,0.1622346369597949,145,18.072694935289363,7.472118735199445,0.6472242409121998
1789322159.7734454,LIDAR_ONLY,11.899052332342656,3.805492684693208,-2.4106902735774165,0.12438350050515219,0.07378714240039833,0.21116301538659182,0.9666924967906341,0.12993732144939155,-19.828350753627095,0.16223431094920482,148,18.09687230393011,7.481444371195275,0.6496912844253568
1789322159.885744,LIDAR_ONLY,11.918462088310738,3.814389899680492,-2.413837808744188,0.12427515503120248,0.07372357667794126,0.2111834072469021,0.9667068265960324,0.129736709652103,-19.853604214775885,0.16223107665642283,146,18.11856516145533,7.490438962267567,0.6527104133512175
1789322159.9995027,LIDAR_ONLY,11.939326887510372,3.8259515331345506,-2.4161411890750166,0.12443853397239703,0.07370225674766089,0.21130426355894513,0.9666610247728592,0.12952923602742034,-19.879303123639676,0.16223047632882392,147,18.144028306858058,7.500407816209501,0.6551908876885423
1789322160.107063,LIDAR_ONLY,11.95633674225675,3.834426866801377,-2.41899280852813,0.1246902906313448,0.07369605657360423,0.21137793663115473,0.9666129476545029,0.1293375262807047,-19.90351629780847,0.16223048014702343,147,18.16809681532797,7.509516505536974,0.6554622591889175
1789322160.223827,LIDAR_ONLY,11.97659249121386,3.8460220042707816,-2.4226118618568884,0.12513888072735896,0.07365359796361985,0.21150386597816548,0.9665306631005598,0.1291325564226817,-19.929197068859654,0.16223375797135617,145,18.1923115996643,7.518858395286883,0.6579445666500371
1789322160.3369865,LIDAR_ONLY,11.995436222239286,3.8551972176071043,-2.4244249040128922,0.12543112788134841,0.07370495777009409,0.21149905564875093,0.9664899175978031,0.12893767758785823,-19.953649950783788,0.16223892371570872,149,18.216263773639984,7.5289963870774,0.6613733665276598
1789322160.4591124,LIDAR_ONLY,12.016714984576698,3.864109656510939,-2.4269913207091562,0.1255547559958603,0.07384438204869218,0.21134544697035823,0.9664968248947156,0.1287362561916295,-19.97914501738035,0.16223953280257372,146,18.23715140233595,7.537944485682079,0.6650492878734763
1789322160.5860224,LIDAR_ONLY,12.039002640523579,3.8748189043655223,-2.4298624236568203,0.1256580075616955,0.07380060770743979,0.21135827265143803,0.966483945039667,0.12851248870013843,-20.007394018081058,0.1622402860418315,147,18.260398483828432,7.546378881898152,0.6682489753198124
1789322160.679713,LIDAR_ONLY,12.060574189010381,3.883223996822669,-2.433294379674569,0.12544103715663557,0.07363269743479801,0.21147524108599394,0.9664993504773627,0.1283501768130852,-20.027892227471522,0.16224086280935288,145,18.28207552295576,7.555024496174431,0.6699892234387257
1789322160.7962828,LIDAR_ONLY,12.082049128584593,3.890188694352684,-2.435955700173128,0.12514605583880317,0.07356545861455278,0.21155119881583329,0.9665260877422842,0.12815220556898144,-20.052889410961,0.16224159324183315,145,18.30358037146474,7.563643736741096,0.6720598484237049
1789322160.9059844,LIDAR_ONLY,12.098299839538015,3.8985052944236855,-2.4392336660359817,0.1254752078457866,0.07355946659577663,0.2115945194382691,0.9664743847789704,0.1279482402403153,-20.078636362185016,0.1622423614914769,148,18.325215567426188,7.5714423600588985,0.6733926053450172
1789322161.013101,LIDAR_ONLY,12.114518272813664,3.9080325557712,-2.4410634259700736,0.1258832012231797,0.07358514499609613,0.21171442351985767,0.9663931130546007,0.12775796462183187,-20.10263373745804,0.16224308215366873,147,18.347822447204738,7.580679944337819,0.6761036992309039
1789322161.1302855,LIDAR_ONLY,12.12939513085446,3.9145420465796485,-2.4434915262890615,0.1259109777811754,0.07369650859611832,0.21177321368237495,0.9663681266792535,0.12755558508569215,-20.128131359489267,0.16224384565805708,147,18.37134771906929,7.589862311373149,0.6770274205065517
1789322161.2611415,LIDAR_ONLY,12.14912419288173,3.924375985192021,-2.4469826304692543,0.125751665459623,0.07372154143451704,0.2118121937815533,0.9663784183890365,0.12731727762937306,-20.158129013340705,0.16224470066811209,145,18.39597603581966,7.600316355797317,0.6807477111223811
1789322161.3558707,LIDAR_ONLY,12.17915745816057,3.937617137737881,-2.450207346421266,0.1260877279924336,0.07356063786186434,0.21160896666788198,0.9663914127478643,0.1271504232961655,-20.179127585522572,0.16224528345954298,148,18.418331355526696,7.608948321393669,0.682392731470477
1789322161.4663045,LIDAR_ONLY,12.197939100019624,3.9477035800460722,-2.4526771098055,0.12635591664929588,0.07348305523383264,0.21169671047966857,0.9663430683216522,0.12696193790723445,-20.202878006518862,0.16224581142505787,147,18.446048024642074,7.619693084465194,0.685544716656174
1789322161.577116,LIDAR_ONLY,12.219620118764148,3.960438516854923,-2.4553331088815376,0.12672210039616383,0.07347126463067762,0.21169329813409082,0.9662967608710402,0.12675942675709959,-20.228382723074546,0.16224644198141325,149,18.46817573056143,7.628284426382881,0.6891516753690142
1789322161.6948574,LIDAR_ONLY,12.23631904702744,3.9682579180498294,-2.456757070953784,0.12676216771812635,0.0735288581695257,0.21174046252790188,0.966276790769683,0.12656100317449867,-20.253391674305156,0.16224689325055613,146,18.490332379830715,7.635711653189578,0.6926906449787429
1789322161.8008344,LIDAR_ONLY,12.255777681022842,3.977738153991722,-2.459203383570023,0.12676392346689694,0.07339922004361712,0.21182769986905672,0.9662672962345628,0.12636533894565974,-20.27816056748116,0.16224791867195865,145,18.512593161799362,7.6450302313435134,0.6952435330882106
1789322161.9106412,LIDAR_ONLY,12.272953556061779,3.9862922971563206,-2.462093261006369,0.12679087356936225,0.07340841881314997,0.21187333184856175,0.9662530567497629,0.12617072428440593,-20.302700678910647,0.16224912866537522,149,18.537362783785863,7.6540389605212855,0.6965745962201342
1789322162.0267448,LIDAR_ONLY,12.297682446792848,3.998485304430301,-2.465320618377376,0.12681327924454236,0.07330831519500648,0.21187299164872733,0.9662577909338343,0.12596983053957791,-20.328267903207255,0.16225017402370587,145,18.559663158594308,7.66340130392338,0.6977001527244268
1789322162.1351979,LIDAR_ONLY,12.319586957510296,4.008625757014239,-2.4683861985962934,0.1268163193435259,0.07321219897400003,0.21189694715635007,0.9662594262698664,0.1257752088067237,-20.352834179272953,0.16224916416300558,148,18.58384538733483,7.673430856517982,0.700930625124454
1789322162.2524312,LIDAR_ONLY,12.33960343707301,4.0183556041378905,-2.4715115797245977,0.12683231842114207,0.07314495102614083,0.21190281149093382,0.9662611332479122,0.12556823620502017,-20.37880880148514,0.16224611878263087,148,18.607971189741267,7.681698290920653,0.7042651775471412
1789322162.3655598,LIDAR_ONLY,12.360340491356506,4.028189259382589,-2.475130243906716,0.12683254570075522,0.07295387056308325,0.21187411084380975,0.9662818425672066,0.12537036535004023,-20.403756864400325,0.16226003098284342,149,18.631748695856437,7.691600517129934,0.707677000726436
1789322162.4764824,LIDAR_ONLY,12.380188255722125,4.036628088462413,-2.4767095230469947,0.12689713976098702,0.0729048007350032,0.21200765416283565,0.9662477738792683,0.1251768986847842,-20.42845539723137,0.16228896926729477,146,18.653464681235093,7.701661986474519,0.7089982268369123
1789322162.5967488,LIDAR_ONLY,12.395944848573734,4.045428173292176,-2.4788337985995295,0.12684346015100842,0.0728809432591506,0.21210329110074283,0.9662356330786035,0.12497107531626858,-20.454383060297516,0.16232313701476206,149,18.675628885758677,7.710064802950904,0.7128003370086732
1789322162.7223532,LIDAR_ONLY,12.415105277387774,4.053933012085072,-2.480468990594376,0.1268502392535342,0.07266092987084852,0.212214201333351,0.9662269603069833,0.1247532552250222,-20.48209298438988,0.1623571573284019,146,18.698115652770188,7.7193453563427745,0.7149720205107589
1789322162.8396049,LIDAR_ONLY,12.43350113744335,4.06031403510476,-2.4841036771221727,0.12656710000135302,0.07252325286654528,0.2122996651785781,0.9662556593138103,0.12454675306872813,-20.508317486902936,0.1623889063913022,145,18.717249247924837,7.726606890867572,0.717139654730064
1789322162.9587603,LIDAR_ONLY,12.452858429790062,4.068762484369981,-2.4860926703246156,0.12655180634921914,0.07251773700549552,0.2122218742549924,0.9662751648557723,0.12434438302948081,-20.534050906609963,0.16242008008333333,146,18.73968776560663,7.73581652932708,0.7201827150614408
1789322163.0535529,LIDAR_ONLY,12.474204436241884,4.078432716119356,-2.488392059663516,0.12644329642670485,0.0724140696628621,0.21205819793378605,0.9663330771492229,0.12419323644375314,-20.553287930355634,0.16244345696925996,147,18.759197317740337,7.743723644304289,0.7223182514693882
1789322163.171753,LIDAR_ONLY,12.491396844477485,4.085770415363326,-2.490431255567057,0.1263017203207058,0.07222012890598414,0.21207581333574588,0.9663622394437892,0.12399307424311613,-20.57877010452553,0.1624744483853168,144,18.782451748336907,7.754244159056895,0.7256240994781261
1789322163.2787285,LIDAR_ONLY,12.508220786933695,4.0927704937767,-2.4924722930076135,0.12619264319203047,0.07208914610451554,0.21210262903596444,0.9663803839969864,0.12380277399003203,-20.603002833619648,0.16250392550002973,147,18.80475743941727,7.762493462480671,0.7279405293298062
1789322163.393574,LIDAR_ONLY,12.52408122039893,4.099125932032879,-2.4939483660353052,0.12612629292411875,0.0720593434738997,0.212148047497015,0.9663812990711971,0.12360462227325252,-20.628234582147144,0.16253459485649352,145,18.828176611287223,7.771150557169323,0.7293880938863632
1789322163.5008614,LIDAR_ONLY,12.54662317050385,4.110166493264923,-2.4958565166074576,0.1264093618423085,0.07182840059976188,0.2123303883895936,0.9663214580419006,0.12340847878530078,-20.653218474552414,0.16256495242217692,146,18.850588501638892,7.7801984376865825,0.7316258069547471
1789322163.6150057,LIDAR_ONLY,12.561876646083658,4.117642676177356,-2.498339811957858,0.12667704238489788,0.07183256867369356,0.21232469374297855,0.966287345170837,0.12321617769369589,-20.677705122993473,0.16259469096787144,146,18.871966573283057,7.787585786794257,0.7332675140317547
1789322163.725936,LIDAR_ONLY,12.581354752114585,4.128299390986387,-2.5005950097480265,0.12681057453457398,0.0718672682984176,0.21228481454760975,0.9662760120410843,0.12301392774973595,-20.70344354414869,0.1626259204577643,146,18.893195022909975,7.797087108816266,0.7347896263282647
1789322163.8578105,LIDAR_ONLY,12.602963172016462,4.1388221620257575,-2.5019837834803558,0.12708497357843238,0.07185039476581678,0.21216983822315763,0.9662664694642593,0.1227800787385849,-20.7331832325627,0.16266199217565852,148,18.914815838487637,7.806462499903637,0.737358075228004
1789322163.948902,LIDAR_ONLY,12.622668506679403,4.148602573039722,-2.504279890098981,0.12718387660684433,0.07181823728916002,0.21231672731145518,0.9662235815936631,0.1226210497251094,-20.753430297172567,0.16268665131743648,146,18.93754602778629,7.8142997776018674,0.7393690797871235
1789322164.0656922,LIDAR_ONLY,12.641471959219981,4.156321927648636,-2.5075290668467143,0.12709125690532533,0.07178387256650182,0.2122616153923694,0.9662504306279004,0.12241908013893121,-20.779182949143426,0.16271794354381447,149,18.963649890894438,7.82495299730631,0.7415738314576837
1789322164.175785,LIDAR_ONLY,12.665131873521421,4.168729605530165,-2.5096276755215214,0.12745511419745212,0.0716021649858729,0.21239020182597834,0.9661877281370171,0.12223147935936272,-20.803192346470887,0.1627468089409183,146,18.986843800443005,7.8338216557519775,0.7429728638512053
1789322164.2909381,LIDAR_ONLY,12.681711372584541,4.176544178025995,-2.512038352336968,0.12774033887381928,0.07168813977321167,0.21242236863756506,0.9661366123601076,0.12203598306790536,-20.828213097122546,0.16277735786106498,146,19.01038409444095,7.843976634821005,0.7450156838490058
1789322164.401145,LIDAR_ONLY,12.699205340309472,4.18282722770059,-2.5142570055251716,0.12755841987274885,0.07161082608743152,0.2124299560067123,0.966164713130028,0.12184373483348343,-20.853003612536014,0.16280763042048735,148,19.033336402676035,7.853417046049174,0.7465851767803927
1789322164.5209765,LIDAR_ONLY,12.718187597939242,4.192279649050626,-2.5160752876853723,0.12786974319606484,0.07160415162068168,0.21243454272025578,0.9661230456338834,0.1216367312900756,-20.879532653991486,0.1628372912133041,149,19.05307696669893,7.8609416299376,0.7488795457429313
1789322164.643271,LIDAR_ONLY,12.737862974185816,4.199613164825936,-2.5199246097027164,0.12766088040899798,0.07146506645470588,0.2124070225346541,0.9661670148932777,0.12143742767001092,-20.904485469375224,0.16286593592876017,145,19.07576128058465,7.870221167398816,0.7502760501933023
1789322164.786612,LIDAR_ONLY,12.756769809676978,4.207501376553505,-2.524420731888896,0.12753608407812228,0.07141301511386104,0.21241381959231187,0.9661858505363088,0.12121370528391329,-20.933199913680063,0.1629317691074576,147,19.099270306126904,7.878298336057589,0.7534633109585285
1789322164.9019315,LIDAR_ONLY,12.772923187656527,4.216205828484199,-2.5273107466524167,0.12785543990873202,0.0714352646716294,0.21241451888432397,0.9661418434237181,0.12102316723311904,-20.957645188662557,0.16299084671795677,148,19.12376094104519,7.888850284209177,0.7549975671951276
1789322165.0216343,LIDAR_ONLY,12.788814676120136,4.222264780192136,-2.5306599517189743,0.12730271252859482,0.07138852185821325,0.21246993905973183,0.966206097748154,0.12081378660201984,-20.984337061083043,0.16305950673493577,148,19.14786764106621,7.897413463126944,0.7574016264132788
1789322165.1103714,LIDAR_ONLY,12.806618456892743,4.231848412759052,-2.532582207848617,0.12758162140122195,0.07134844864914276,0.21258425277988266,0.9661471234889719,0.120662642967931,-21.00383074134901,0.16310651969329015,147,19.16819615642022,7.906353891352746,0.7602124973804112
1789322165.223685,LIDAR_ONLY,12.822054213761106,4.238237181744268,-2.5356179048367395,0.1273197446531729,0.07142926388613072,0.2126288613074148,0.9661658813171,0.12046434099624515,-21.029329343014215,0.16316765439630887,148,19.19118876952375,7.915559462406038,0.7615993400876697
1789322165.3310382,LIDAR_ONLY,12.840480182905793,4.245185569693565,-2.537966626250525,0.1272698989046521,0.07143302176029148,0.21271386591542876,0.9661534595923705,0.12028354726025102,-21.05257743038409,0.16322346325545883,148,19.21481961383923,7.925435653200693,0.7641505002380437
1789322165.4472868,LIDAR_ONLY,12.86033770966889,4.253070155032225,-2.5397274945684543,0.12717992316682722,0.07137457371568202,0.21285058970166693,0.9661395157190484,0.12007745231254441,-21.079074163722726,0.16328709926739526,147,19.239171304477583,7.935598739530825,0.7673485999202964
1789322165.5677354,LIDAR_ONLY,12.880986614362683,4.2585154872712305,-2.5422358850189,0.1264843191174661,0.07122618182503511,0.2128167295887654,0.966249236815823,0.11986544559298615,-21.106320512878796,0.1633525607769637,144,19.260471862761452,7.943649269496559,0.7695653108297946
1789322165.6807742,LIDAR_ONLY,12.89917744812,4.2678625209215495,-2.543683222193942,0.12651374665773435,0.07118229258157188,0.21281492200401944,0.9662490166110791,0.11968258561859557,-21.129817592991177,0.1634090220139391,146,19.285828030124794,7.952742389642943,0.7717283279671173
1789322165.8003604,LIDAR_ONLY,12.918965244199615,4.275835856729271,-2.5463870002739437,0.12673077349082187,0.07110746097021291,0.21277779051331477,0.9662342634729219,0.11949753322009556,-21.153565026560212,0.16346608558996767,145,19.310317224691556,7.962886892518599,0.7739203615694574
1789322165.923285,LIDAR_ONLY,12.936058364848797,4.285479786497522,-2.5471654404714594,0.1270012227504025,0.07109932344810818,0.21270060629114865,0.9662163462229885,0.11930453147418671,-21.17831281885821,0.16352554466553987,148,19.3324188392275,7.971397845432074,0.7759418215244708
1789322166.0392828,LIDAR_ONLY,12.954990041274456,4.29372729713485,-2.5499682061828897,0.1269506721517085,0.07103011507678854,0.2127687501341209,0.9662130761683841,0.11910552922514496,-21.20381090372188,0.1635867753887795,148,19.355704925104334,7.9816946871141425,0.7786588252304337
1789322166.1662617,LIDAR_ONLY,12.974862001402752,4.304112134910871,-2.5517435365504224,0.1271605848128773,0.07096003021905388,0.2128424881703973,0.9661743812639583,0.1188908789066155,-21.23130907210548,0.16365276362922992,148,19.380798764818,7.990844710827339,0.7800433986223322
1789322166.2784827,LIDAR_ONLY,12.997157975237027,4.3138033761009105,-2.5542987046824237,0.12718086325403494,0.07097536510766687,0.21273090287559546,0.9661951606852136,0.11871548971581604,-21.25381087907352,0.16370664470699708,149,19.403533540254642,7.9998572188822745,0.7813959385175299
1789322166.3913808,LIDAR_ONLY,13.019252479310826,4.324154026224948,-2.5577330927873105,0.12703853083779232,0.07105203095680233,0.2126867398213397,0.9662179729665862,0.11852046213818526,-21.278816754240154,0.16376658238443043,149,19.426736792412914,8.008270013380319,0.7849378510256761
1789322166.5250628,LIDAR_ONLY,13.03970487396019,4.331917325908335,-2.561311380928172,0.12689912699611416,0.07088151422773573,0.21274526214071146,0.9662359318225997,0.11830074034175297,-21.30708019010049,0.16383424043003902,146,19.44949719761843,8.017821023813177,0.7869606313756875
1789322166.633143,LIDAR_ONLY,13.059666632984225,4.342726838018981,-2.5612124488640267,0.12756071575348313,0.07102617460376127,0.21264897477438577,0.966159386356629,0.11812780862399017,-21.329354617791328,0.16388824830240017,146,19.47368591975972,8.028720875459243,0.7895497823038324
1789322166.7527559,LIDAR_ONLY,13.077196803621465,4.349909940099536,-2.5640538163300817,0.12743085027242546,0.07109079321222228,0.21274275933577855,0.9661511247571484,0.1179348678117672,-21.354153704616888,0.16394825543201869,146,19.49822345668708,8.038427161575534,0.7917974424076737
1789322166.8700395,LIDAR_ONLY,13.09863601100513,4.3589889037951455,-2.5662700322743497,0.12750320173270946,0.0711603611286275,0.21277673460036825,0.9661289757401731,0.11773521540777618,-21.379977997553027,0.16400995124388262,146,19.521433353291773,8.046271852798641,0.7954773108588634
1789322166.9912791,LIDAR_ONLY,13.116330637611451,4.368913081406969,-2.568607219569539,0.12751582511565607,0.07117600674693057,0.2128247767680949,0.9661155752818835,0.11753358983505796,-21.405993020733863,0.1640685624236211,140,19.545400762892946,8.054218026589494,0.7985651962992342
1789322167.1055439,LIDAR_ONLY,13.136528018525471,4.378111988555715,-2.5711295598039388,0.1276945314502104,0.07119748849610316,0.21281287003427915,0.9660930113696774,0.11735258109818467,-21.42894627136548,0.16412213052119065,146,19.56983564396464,8.06430954121915,0.8018698080331502
1789322167.2276976,LIDAR_ONLY,13.161231889199524,4.388201992665973,-2.5741862417192043,0.12727618650128103,0.07087557088268755,0.21275751465513987,0.9661840744700321,0.11715113771523428,-21.454906529278887,0.16418403285163324,145,19.591432285812083,8.072415249083022,0.8044438387393517
1789322167.3528926,LIDAR_ONLY,13.177524399579635,4.39672984095655,-2.5754795963398647,0.12744203661275133,0.07091632636944574,0.21279062392387527,0.9661519302513164,0.11695243552415538,-21.48059868918831,0.16424693348394412,147,19.614282651028148,8.082510042983529,0.8055201515466532
1789322167.4774587,LIDAR_ONLY,13.192164064179153,4.4037458192480115,-2.577637556974155,0.12738119413323404,0.07094649145300938,0.21286426315619345,0.9661415176891376,0.11675050034985933,-21.50654486381718,0.1643142549097213,144,19.636612109439735,8.091725250158238,0.8063921709889946
1789322167.5964198,LIDAR_ONLY,13.213842671014472,4.412622732483905,-2.5800365487593906,0.12735012167185641,0.07079453682152019,0.21292188448989674,0.9661440633630477,0.11656385391647175,-21.53078925841554,0.16437251286662916,146,19.658437462120045,8.099534138310696,0.8105087884850469
1789322167.7148223,LIDAR_ONLY,13.229294303035136,4.4210162163808135,-2.5835166694459932,0.12757829986182492,0.07088088301057105,0.21289871987901693,0.966112733019229,0.11637464742146716,-21.5552880311363,0.16443128014393354,147,19.680831463108053,8.108242108132954,0.8111837541172962
1789322167.8315718,LIDAR_ONLY,13.249513321749806,4.4314851091693885,-2.586780367089745,0.1276805342372217,0.07073827340045628,0.21302186197988693,0.9660825348653407,0.1161854472492985,-21.57978549155498,0.16449007618697933,148,19.70617374434068,8.117160834904096,0.814509724357153
1789322167.965898,LIDAR_ONLY,13.265238559725244,4.438003160100097,-2.588860372858422,0.12774725558952615,0.07091947179430406,0.21303209893758798,0.9660581721780563,0.11596529236469846,-21.608281751668645,0.1645585206716519,147,19.729804761724125,8.127026057423876,0.8170191642842755
1789322168.074403,LIDAR_ONLY,13.283117489590534,4.444561726133797,-2.5908497895205502,0.12787303894228808,0.07095042114788264,0.2129147399642728,0.9660651309081332,0.11579530609295724,-21.630278826532585,0.16461136792412515,148,19.753758076694147,8.136351599075883,0.8195114865752915
1789322168.1947448,LIDAR_ONLY,13.300050422216646,4.450405553979875,-2.5936660537882066,0.12785900848709864,0.07099524179720706,0.2129588246746079,0.9660539780902835,0.11560210995055765,-21.655275794438634,0.16467142730560688,146,19.77564318693908,8.14489450192545,0.8229494505411157
1789322168.3363428,LIDAR_ONLY,13.319231886875276,4.460503408013976,-2.5961623419136757,0.12808656654023648,0.07095171512215707,0.2129942031361376,0.9660192311872263,0.11537408398771624,-21.684772793976315,0.16474228910046257,149,19.798085571311805,8.1529015279802,0.8256648936116384
1789322168.4341552,LIDAR_ONLY,13.336232353026109,4.467755919936003,-2.5995211803013802,0.12795848086111125,0.07088396541746732,0.21301586370527512,0.9660364032645498,0.1152133033579059,-21.70552096622232,0.16479210935743044,148,19.820293437741814,8.160251835558054,0.8291365658420394
1789322168.585242,LIDAR_ONLY,13.358432295791253,4.478197890271678,-2.6006062130784455,0.12830344292447302,0.07078378469867319,0.21309848888614355,0.9659797701773577,0.11499610271572464,-21.733518783748963,0.1648593255686121,146,19.84624279784273,8.171002539457666,0.8301820320700737
1789322168.7300465,LIDAR_ONLY,13.372311460621454,4.48357655762147,-2.603386708495983,0.1279195621848112,0.07085070424572186,0.21317150236508703,0.9660096655301867,0.11479054181484169,-21.7600169135801,0.16492294541059346,149,19.86823990852378,8.179594243307841,0.8320421407451069
1789322168.8588474,LIDAR_ONLY,13.393586145587488,4.492338988717558,-2.60660126329215,0.1276011908600144,0.07080961060727864,0.213111801743359,0.9660679557331623,0.11459691200904837,-21.785018897587165,0.16498277337999068,145,19.892174460536282,8.188729549991214,0.8353935357611316
1789322168.9782252,LIDAR_ONLY,13.416139511198896,4.501521316522869,-2.608729069004021,0.12738157015250315,0.07058611319703292,0.21304687810597084,0.9661276126571057,0.11441109425506979,-21.80902577261758,0.16504014916422682,145,19.892174460536282,8.188729549991214,0.8353935357611316
1789322169.1021323,LIDAR_ONLY,13.435626344460662,4.509075861117264,-2.612635234826633,0.12677653098104727,0.07063903723966375,0.2131202791476274,0.9661871372701576,0.11423538683164165,-21.831790146858317,0.1650948306629058,148,19.91475966564804,8.197041097308702,0.8366323560874832
1789322169.2392182,LIDAR_ONLY,13.45693461121449,4.519520621697689,-2.6155706348389947,0.1268228353763129,0.0706261377095166,0.21318847986057807,0.966166957183946,0.11402426822872094,-21.859078736474864,0.16516106183433185,147,19.93933498000035,8.20608111259801,0.8388231386834659
1789322169.3750684,LIDAR_ONLY,13.474584708284759,4.529686647537282,-2.617679455188724,0.12709813012537163,0.0707592011046464,0.21324297971510342,0.9661090168194738,0.113820170026391,-21.885643606660587,0.16522517657369593,148,19.989831511447367,8.226387641604937,0.8444502562077615
1789322169.5034513,LIDAR_ONLY,13.496662958205366,4.540827874752791,-2.6202237488174704,0.12700094291220573,0.07073873058654256,0.21324741553444007,0.9661223174434473,0.11365158109659111,-21.907451061829317,0.16527622295297453,146,20.013457653532566,8.235798469534332,0.8471291189496114
1789322169.649283,LIDAR_ONLY,13.515278511149411,4.549299280896538,-2.6226092461953763,0.12680675151115675,0.07074017226034553,0.21318959458017328,0.9661604797146828,0.11341601412726776,-21.9376704534635,0.16534472247468637,148,20.037867927639834,8.246390162368526,0.8501560149378274
1789322169.7746837,LIDAR_ONLY,13.536193351219232,4.558534631942354,-2.6271037456732924,0.12641410112923443,0.07062288824229433,0.21324835215492324,0.9662075465422603,0.1132297205127221,-21.961878561765,0.16540234098488632,147,20.060692732315935,8.25595556497885,0.851734129121863
1789322169.9105687,LIDAR_ONLY,13.554565133570875,4.5653132972803085,-2.6305623069206447,0.1260359492260962,0.07060730705475314,0.21311085154159212,0.9662884210464132,0.1130426703860946,-21.986340448104066,0.16546023305944305,147,20.084934827993962,8.265130053477092,0.854645418111048
1789322170.0558114,LIDAR_ONLY,13.574664302027717,4.575703393384,-2.6328283778274,0.126095631586984,0.07047680990588759,0.21322738698366397,0.9662644526216867,0.11284557754224483,-22.011769880687964,0.1655265463589174,149,20.084934827993962,8.265130053477092,0.854645418111048
1789322170.1879294,LIDAR_ONLY,13.591293764957719,4.585754933222882,-2.6340562704872204,0.12635111285468204,0.07043701510426131,0.21327254129887074,0.9662240145595156,0.11264795244712791,-22.037497700519676,0.1655898220332058,149,20.1325953598893,8.283881770776896,0.8586620258507093
1789322170.3356206,LIDAR_ONLY,13.61102004003288,4.595227550705369,-2.637503306873874,0.12631541431705673,0.07041540152077881,0.2133995996457028,0.9662022035814406,0.11239690557341463,-22.070244918907804,0.1656683072768509,147,20.156684475386207,8.292551497425377,0.8596444060776408
1789322170.396489,LIDAR_ONLY,13.629530358746383,4.6045069067720945,-2.6409796402738395,0.1262485654809587,0.07043127109782339,0.21342507915817335,0.9662041561450004,0.11231447533004923,-22.080993965216845,0.16569410896117867,147,20.180249494956648,8.30122467585479,0.8637644216870156
1789322170.5147336,LIDAR_ONLY,13.643988797138075,4.6108504240772685,-2.6424260147810807,0.12610137717180106,0.0705525836297466,0.2133401676878705,0.9662332784940986,0.11211701770956475,-22.106740841874345,0.16575592192288438,147,20.204227433279904,8.310345339717298,0.8670416338335847
1789322170.6314466,LIDAR_ONLY,13.66663923850368,4.621178838322068,-2.64697174861241,0.12599096620788625,0.07037234587357939,0.2132811672381021,0.966273849936862,0.11193674499882998,-22.13023759325515,0.16581235680022594,146,20.225237101184124,8.3190736581446,0.8704527232316832
1789322170.7501862,LIDAR_ONLY,13.690524197713504,4.631259146658623,-2.650971523713279,0.12587202068661923,0.07032688544236212,0.21318188607099303,0.9663145694045281,0.11174301098781972,-22.15548425701077,0.1658730057675073,144,20.249324467611387,8.328681746382932,0.8724899603749244
1789322170.8715065,LIDAR_ONLY,13.70899151662966,4.637818029521741,-2.654596856656355,0.1257224794426801,0.07021090873002564,0.21320310572952914,0.9663377888530346,0.11154916040585472,-22.180731340288148,0.16593365910279081,147,20.272591563748914,8.337793187224758,0.8749813365646445
1789322170.9988198,LIDAR_ONLY,13.729760610582026,4.646945838255236,-2.6573042132940605,0.12570132960431685,0.07002421707218082,0.21333848452638826,0.9663242084202999,0.11134928169940092,-22.206728885318462,0.16599611493691419,148,20.295195786462838,8.345848379240115,0.8774327004745875
1789322171.1164548,LIDAR_ONLY,13.743514235107224,4.653581376965603,-2.6588324488765216,0.12593781514247726,0.07009333998110419,0.21328976922701523,0.966299159034364,0.11115692891401806,-22.23172699702688,0.16605613195927074,147,20.318381758488446,8.353759148507995,0.8810448436982062
1789322171.2457006,LIDAR_ONLY,13.761538956394169,4.6628421845350605,-2.661720471754061,0.1258596377962415,0.070057345957947,0.21335144212155008,0.9662983400564147,0.11095869678064625,-22.257475450240502,0.16611792903575112,147,20.33924997117653,8.36144330323815,0.8853167972072994
1789322171.3517594,LIDAR_ONLY,13.778408785925507,4.67187167941788,-2.6636036079665155,0.12593964226423085,0.06996096002106253,0.21335933245240346,0.9662931572948004,0.11077602257485641,-22.281225215378115,0.1661747985360973,145,20.36215646745248,8.371371681362023,0.8881867034721782
1789322171.4719036,LIDAR_ONLY,13.795797672669995,4.679417663780887,-2.6664897413324917,0.12569314531435358,0.06993658390424189,0.2132797441385665,0.966344585638569,0.11058372902232315,-22.306229143674734,0.16623472373411669,149,20.38640063146456,8.38314676249414,0.8917040607000719
1789322171.5985823,LIDAR_ONLY,13.818241457840283,4.689584182236924,-2.6699107780529148,0.12546153144266717,0.0697467021224674,0.2132215343163325,0.9664012515383502,0.11039138876667251,-22.331237061651457,0.16629462046938834,147,20.411420740558757,8.393730842989992,0.8953653140837223
1789322171.7079763,LIDAR_ONLY,13.835479463127374,4.6986477509812,-2.6713999390255125,0.12555782333958976,0.06969722098305771,0.21323834107799458,0.9663886072795809,0.11020174991145956,-22.35600364443897,0.16635418905660346,149,20.435498353967848,8.40091697750447,0.8973621994084279
1789322171.8312309,LIDAR_ONLY,13.85090366057332,4.7072154937379285,-2.6722261386588797,0.12587557476058323,0.06975293362087337,0.21312881661208216,0.9663674122503865,0.11000366479475261,-22.381793701285602,0.16641665742938275,149,20.46019555120565,8.410306668303269,0.9019584846907001
1789322171.9524553,LIDAR_ONLY,13.869358535609763,4.719004661472846,-2.6742840638285954,0.12608637483215962,0.06976554599405801,0.21319611077845738,0.9663241759486175,0.1098131308860684,-22.406858288346324,0.16647724482073378,148,20.4825257596688,8.418993833557602,0.9045126206731585
1789322172.0751214,LIDAR_ONLY,13.88388945618415,4.726104978508536,-2.6762331751857436,0.1259029083238274,0.06991053999152459,0.21327669201085234,0.9663198366579274,0.10962478770518408,-22.431414785866583,0.16653406599555973,149,20.507273971311587,8.4287326882374,0.9069964713503299
1789322172.19498,LIDAR_ONLY,13.909870421344213,4.737197897761867,-2.680491769152032,0.1255863022914887,0.06969246723182414,0.2132745776597763,0.966377253049727,0.10941165798347237,-22.458871972981253,0.16659659268137547,146,20.52919927828489,8.4375968049547,0.9097921000180271
1789322172.3062692,LIDAR_ONLY,13.927185095713718,4.7448363257118835,-2.6832359424189294,0.1254528451036112,0.06967480009643594,0.21320914225487125,0.9664102997929364,0.10923812010386533,-22.48158355795694,0.16665080028039894,149,20.55253414623146,8.446733056394484,0.913533620448837
1789322172.4310505,LIDAR_ONLY,13.949888718208168,4.7546495609069535,-2.6870220047839006,0.12518051029671878,0.06961595115074343,0.21308074922406178,0.9664781702125211,0.10905230501302605,-22.50604534709835,0.16670861553751312,146,20.57532708153312,8.455821923460686,0.916511304743094
1789322172.549357,LIDAR_ONLY,13.966313279871695,4.761699991706765,-2.689340088041662,0.12504544883830274,0.06959352593928987,0.21306159681001294,0.966501491378535,0.10886244530939551,-22.530728065919906,0.1667730630727695,150,20.59833306931965,8.464047560676578,0.9202749702585885
1789322172.6683364,LIDAR_ONLY,13.986250658946737,4.77312329515191,-2.691379837442258,0.12532314002806508,0.06964993255704688,0.21318113477484485,0.9664350993441899,0.10867003074774086,-22.555957527787573,0.16683518793859442,149,20.62075140812588,8.47292428523641,0.9216598030902796
1789322172.787837,LIDAR_ONLY,14.004648966048642,4.781575637685515,-2.6929527158151907,0.12553166264556234,0.0697352157400442,0.21314423122079118,0.9664100258463941,0.10847964860365261,-22.580955603498083,0.16689506673555762,148,20.643852526810804,8.482143682139201,0.9244395198758291
1789322172.9086897,LIDAR_ONLY,14.024789124871706,4.789504234480507,-2.696544578189996,0.1252768667303274,0.06967537561504247,0.21321126402322443,0.9664326182351015,0.10829686960406758,-22.604953502132076,0.16695262733569904,148,20.67052977607957,8.491868417916727,0.9265764185569273
1789322173.0747147,LIDAR_ONLY,14.046736294006454,4.797071338139856,-2.6983249131039684,0.1251063640444709,0.06954809311034645,0.21310268697262705,0.9664878194914479,0.10802451950752495,-22.640698834272687,0.16703845281317706,149,20.692899941523518,8.500773713072151,0.9296910826659933
1789322173.1503074,LIDAR_ONLY,14.067270863612283,4.805469877988587,-2.7018410172269096,0.1247362669245587,0.06946337392502681,0.2130657292659908,0.9665498944229567,0.10791212089528261,-22.65544680860621,0.16707387513751715,149,20.714940577853014,8.509757202371373,0.9324379949748136
1789322173.276242,LIDAR_ONLY,14.090541343745208,4.814421745584326,-2.7045382626718664,0.12424597900823516,0.06925557331271533,0.21302756629969058,0.9666363629937803,0.10771205299291864,-22.68169342430874,0.16713692105086891,147,20.73696431892224,8.51881044471727,0.9349282688634328
1789322173.3980665,LIDAR_ONLY,14.111672587545613,4.822826542911445,-2.7075441822406225,0.12424718833135935,0.06914444954000577,0.21293725203583844,0.96666406159792,0.10752149380224846,-22.70669067592356,0.16719696902401604,149,20.760412580110213,8.5272005883956,0.9372581126963261
1789322173.5190568,LIDAR_ONLY,14.132012490167817,4.83126108695364,-2.7103898056699323,0.12421511389804735,0.06906473941792045,0.21307157693699563,0.9666442832552272,0.10733462784467329,-22.73118842737896,0.16725579727928763,148,20.7847406325996,8.537347228770638,0.9400176565610484
1789322173.6422312,LIDAR_ONLY,14.145399947884247,4.838503848505384,-2.7119117835326736,0.12451016671742297,0.06915916827474479,0.21302328226714354,0.9666102156710729,0.10714919709850258,-22.75543650062402,0.1673140000902777,148,20.808964847913906,8.546128106952112,0.941702678427243
1789322173.7492983,LIDAR_ONLY,14.161514428286644,4.850998256640663,-2.7150462723924758,0.12472306239652202,0.0691544257740218,0.2131131753477867,0.9665632920794593,0.10695982055394808,-22.780184838231186,0.16737341486180402,148,20.83153483611252,8.555197959690094,0.9437921078851919
1789322173.8628995,LIDAR_ONLY,14.179452942447003,4.861467612805836,-2.7170038530450733,0.12496007202873488,0.06917198700715824,0.21308738586594905,0.9665371087531358,0.10677616508335386,-22.804183393930806,0.16743093851539748,150,20.852439476615412,8.563213039389627,0.9484781334757288
1789322173.9812381,LIDAR_ONLY,14.19378078932666,4.868174463601701,-2.7187305308030605,0.12494177214751248,0.06923212403159901,0.21303527609424228,0.9665466557358534,0.10656038620133004,-22.832437607707934,0.16749858564835496,149,20.873707811060083,8.573396544217132,0.9516043491401112
1789322174.0862832,LIDAR_ONLY,14.213239662377259,4.874935251146436,-2.723383071421603,0.12431673647610922,0.06899340560857807,0.21304481292077104,0.9666422123526437,0.1063905226008839,-22.854695799898032,0.167551770687863,148,20.895615271195318,8.582408058702192,0.955544666595685
1789322174.1987028,LIDAR_ONLY,14.23010046844886,4.8823384422554685,-2.724774477887132,0.12421888614833794,0.06896746883704498,0.21309061644318233,0.966646546442981,0.10619424490968742,-22.88046773755098,0.1676139470602883,145,20.91882181040305,8.590563624771907,0.9587836239826489
1789322174.3115175,LIDAR_ONLY,14.248474517427354,4.89176179164207,-2.72698665478764,0.12450987008464495,0.06897125579847906,0.21303206643337833,0.9666217444255072,0.10600692981700653,-22.905009911816183,0.167673427431175,146,20.94117663479658,8.600404864225757,0.9614854870497205
1789322174.4241307,LIDAR_ONLY,14.26505880853555,4.899843786222142,-2.72954770194986,0.12469864624155068,0.06916949958349239,0.21296721325784276,0.9665975346699796,0.10581931273695591,-22.92982617226756,0.16773320282785825,150,20.96290918329155,8.60910009275544,0.9644405874264922
1789322174.5566137,LIDAR_ONLY,14.285664610809068,4.910679523691897,-2.732056471048352,0.12496127345057935,0.06916519397094688,0.21302403869000647,0.966551403196317,0.10558896244628754,-22.96011285642433,0.16780212764761637,149,20.98528864937033,8.617861109250853,0.9669302514790723
1789322174.6493495,LIDAR_ONLY,14.30297082951595,4.918084454472721,-2.735074925689576,0.12489168929097579,0.06932697076278962,0.21314477624256373,0.9665221887941369,0.10543616550988964,-22.97982377990143,0.16784779616618392,145,21.007448129379792,8.626684050658021,0.968613809613604
1789322174.8057194,LIDAR_ONLY,14.321569654474427,4.924759884501125,-2.738663563193216,0.12495530680919696,0.06944924655398753,0.21309432435009978,0.9665163125281836,0.10516882654617128,-23.015271823055794,0.16793199133739634,149,21.033336885502422,8.635917511842111,0.971520387769132
1789322174.875329,LIDAR_ONLY,14.347490673335603,4.935390906274826,-2.743502813140227,0.12476485187675324,0.06936055495698003,0.21296913589533137,0.9665748767210057,0.10505973112256042,-23.029489433483082,0.16796649516653545,147,21.055458847151787,8.644937098821508,0.9743529774854626
1789322174.9916751,LIDAR_ONLY,14.36651154328769,4.943735695666605,-2.746825008450047,0.12460355631633985,0.06936617911633944,0.21300561105160426,0.9665872421093987,0.10486003570062963,-23.055674752698092,0.16803491589359354,147,21.08145546304799,8.65521396529061,0.9772696614808475
1789322175.101953,LIDAR_ONLY,14.387958476353987,4.954659890359299,-2.749410457354286,0.12443547228736698,0.06915148408815042,0.21310322470573284,0.9666027628271318,0.10467872273292893,-23.079665323580848,0.16809287183661925,148,21.104130057801317,8.66457091555003,0.9798842048263785
1789322175.2178018,LIDAR_ONLY,14.407635552219766,4.964637002998522,-2.751531101614658,0.12442434891685873,0.06911844872198261,0.21307260430538869,0.9666133077593136,0.10448781556070222,-23.10491343182566,0.16815339370269372,147,21.129328402581677,8.67333484523206,0.983176534368834
1789322175.3335772,LIDAR_ONLY,14.426731564704532,4.973647726178553,-2.75391404095046,0.12443340346768977,0.0690322768723853,0.21317724600107243,0.9665952279204878,0.10430251337928559,-23.129410833607476,0.16821218589943868,146,21.15267562835002,8.682393616007724,0.9850193568553315
1789322175.4459326,LIDAR_ONLY,14.449883568900194,4.984593368295068,-2.757576413318281,0.12464890836846988,0.0692279674963042,0.21287781977430187,0.96661945563237,0.10410959200812951,-23.154907324242984,0.1682733996722129,145,21.176338276954798,8.691213632913078,0.9870507974637278
1789322175.5581439,LIDAR_ONLY,14.46681732943468,4.994533404571195,-2.7595228682349955,0.12491886570879585,0.0694274831443075,0.21279874650334854,0.9665877068641409,0.10391850481596292,-23.180153808903885,0.16833403134048908,147,21.1991369619906,8.700504869931661,0.9909835692042663
1789322175.6708653,LIDAR_ONLY,14.489911167119406,5.007798878857514,-2.7614100268582766,0.12543916898374097,0.06936425988890868,0.21279430173151404,0.9665258400505027,0.1037311739728375,-23.204900715747428,0.16839346927806173,149,21.223926728132522,8.7095501843001,0.9932370009267365
1789322175.7906523,LIDAR_ONLY,14.504789780850405,5.013389256534225,-2.7646600229379588,0.12534771180537832,0.06954986891129279,0.21277824369544693,0.9665279022819045,0.10353604986165166,-23.23064802642149,0.1684553104731641,147,21.245916769562573,8.718331684255022,0.9966428471252645
1789322175.898054,LIDAR_ONLY,14.524796040048475,5.023975425535319,-2.765749913889246,0.1255954968885402,0.06949514225611633,0.2127830620673994,0.966498610894679,0.10335210210131951,-23.25489604193874,0.16851354728215343,150,21.267508577248,8.726076189434243,0.9990059861924505
1789322176.0150096,LIDAR_ONLY,14.541515793946285,5.033030439757434,-2.7683135993091623,0.12568638448255448,0.06955957846129314,0.212765748676975,0.9664859719571295,0.10316038787279694,-23.280144442378266,0.1685741328466688,150,21.29152665181124,8.736445694136512,1.0008012266021957
1789322176.1221468,LIDAR_ONLY,14.560573139616977,5.043961488857379,-2.770800949776923,0.12609543483638533,0.06958964476863921,0.212609041204262,0.9664650113959646,0.10297243346129265,-23.30489315295313,0.16863351266935417,149,21.315301599782508,8.745825543538261,1.001164734364153
1789322176.2362592,LIDAR_ONLY,14.579650147133709,5.05480009787637,-2.7734402106545204,0.1262610107198596,0.06960271887337129,0.21259941036417876,0.9664445713077587,0.10278281391395082,-23.329894601509572,0.1686933445934273,145,21.33757464634525,8.754409544856061,1.0055656729377183
1789322176.3429449,LIDAR_ONLY,14.599204601996338,5.064382653412963,-2.7744057488456253,0.12657691437364652,0.06966555092580286,0.2124423157957517,0.9664332663051233,0.10259493086386863,-23.35464993000097,0.16875264531628728,147,21.36124785907947,8.764792219573987,1.0079563572218175
1789322176.4617574,LIDAR_ONLY,14.617465196019829,5.07175961264328,-2.778197353315361,0.1265199676255601,0.06968618523214522,0.21245564239020412,0.9664363059179761,0.10239764086030737,-23.38066125165258,0.16881485143130395,146,21.38401876994272,8.77421696382896,1.011156550622242
1789322176.5694666,LIDAR_ONLY,14.63503603953183,5.081335734381295,-2.779956254196184,0.1267396184494429,0.06976570754856229,0.21249853038454358,0.9663923580771671,0.10221826598231656,-23.40443440553671,0.1688724401894696,149,21.406216135651462,8.78259090683177,1.014610469594323
1789322176.6871936,LIDAR_ONLY,14.650614582698722,5.087344992938201,-2.783154401147371,0.12681524511464518,0.06990272178538409,0.2124489954135418,0.9663834267211358,0.1020210737470918,-23.430484025470125,0.16893542488464527,145,21.428144689985576,8.79278249226032,1.0164154253898108
1789322176.794157,LIDAR_ONLY,14.668629564485606,5.095470018296366,-2.784899146345291,0.12684307616242343,0.069853194715622,0.21240769233406318,0.9663924344980114,0.10183835396055699,-23.454802961200276,0.16899361609326835,150,21.45237313568429,8.802328591275193,1.0193181266071991
1789322176.9132605,LIDAR_ONLY,14.688613953561678,5.104314580828497,-2.78784686668106,0.12699372808658016,0.07005295697254268,0.21226967612442638,0.9663885144413225,0.10164379939546862,-23.480566640963907,0.16905173266034895,147,21.473507079701513,8.809444894242853,1.021684927256432
1789322177.0185769,LIDAR_ONLY,14.710562758461684,5.111589762879241,-2.7904424384356883,0.12691250372129192,0.06994507929356421,0.21237559647691126,0.9663837272548034,0.1014604764290542,-23.5045213139275,0.1691077610017986,150,21.49801901617795,8.8206614128621,1.0247064444959642
1789322177.1326153,LIDAR_ONLY,14.730512680742368,5.118221262336585,-2.7945083284951595,0.12645640082612264,0.06986254773859886,0.21226782940982644,0.9664731614024343,0.10126153227517462,-23.53098486281733,0.1691706496842127,147,21.520774758213822,8.828108730946138,1.0289584119053945
1789322177.2434242,LIDAR_ONLY,14.745820224841427,5.121279835099909,-2.7975604380568364,0.12603101530894342,0.06997261856383698,0.21230395518469516,0.9665128278737183,0.10108429536554689,-23.55443216713658,0.16922831470380612,144,21.542901863425598,8.835310621625966,1.0310616596275646
1789322177.3757694,LIDAR_ONLY,14.760636409809194,5.130024835614934,-2.800336962588255,0.1261931881299736,0.07004820947018188,0.2122392739996313,0.9665003974089841,0.10085242590329857,-23.58513013231171,0.1693068903864582,148,21.57004496881498,8.84585109681191,1.034003512221734
1789322177.4624739,LIDAR_ONLY,14.778070401380596,5.139760440907395,-2.801284887754969,0.1265195532722568,0.0700811120951996,0.21223992388115892,0.9664552007611158,0.10070794893331017,-23.604376514059492,0.16935290730466412,146,21.592676764881364,8.855614980879253,1.0380157665051384
1789322177.5775275,LIDAR_ONLY,14.794967472261778,5.145800631379373,-2.8039174209735935,0.126383990959661,0.07008988374352876,0.21231320777614543,0.9664562053345875,0.10051823284708405,-23.629624791485075,0.16941344926742424,147,21.615470281560267,8.86455024261622,1.0415315931075297
1789322177.6863546,LIDAR_ONLY,14.81122441822868,5.157065124431201,-2.8041182606498736,0.12675387359042709,0.07023148179931385,0.2122651046101614,0.9664080503901713,0.10033227000042863,-23.654371863504327,0.16947282742356437,150,21.63869198954615,8.873482052279813,1.0439652828559647
1789322177.797765,LIDAR_ONLY,14.829955937489196,5.16655280174246,-2.8061270428937943,0.12715985599779547,0.0703372398798197,0.2120767059886204,0.9663883869778884,0.10014624849669473,-23.679118416281888,0.16953224154526933,149,21.659721288462208,8.881431494291174,1.0473118702724469
1789322177.909047,LIDAR_ONLY,14.848096840668898,5.176191629416211,-2.8077034776931984,0.12741179630735847,0.07036699351274689,0.212031418521762,0.9663629742210526,0.09995642031339885,-23.704364950683736,0.16959286916340502,144,21.68079611043733,8.889400632882897,1.050453758420894
1789322178.0205102,LIDAR_ONLY,14.86762054272933,5.1867998086641,-2.811241217176033,0.12744788151604175,0.070283774776108,0.21203906539541684,0.9663625940849183,0.09976450202367382,-23.730117198358702,0.16965723611103195,149,21.7036715174528,8.899023100910064,1.051590519380004
1789322178.1247337,LIDAR_ONLY,14.886250172237474,5.196607136265671,-2.8122874080373026,0.1274029232119151,0.07018911336760379,0.21208174057844262,0.9663660377077345,0.0995859911964982,-23.754887990832778,0.16972205913831617,150,21.726130992112218,8.908950039295064,1.0548672141697384
1789322178.2370083,LIDAR_ONLY,14.901202125472391,5.202724731520188,-2.8150628783158353,0.12736212941741487,0.0701847060095354,0.21205336969611718,0.9663779609620341,0.09940462265658943,-23.779425701573118,0.16979756783314703,148,21.748727890176568,8.916563329060109,1.0582724771460412
1789322178.3473988,LIDAR_ONLY,14.922097517479429,5.213655431598607,-2.8165156874522594,0.12767415481140149,0.07015973686816623,0.21197771490613296,0.9663551986195129,0.0992202236279111,-23.804460756421978,0.16987863562757424,147,21.77011133885884,8.92563234508237,1.0615235986024179
1789322178.4564226,LIDAR_ONLY,14.942923609175171,5.221679509221891,-2.8190411633796506,0.12770350952296614,0.07009209002149534,0.21179716107494181,0.9663958170090202,0.09903306382494317,-23.8297441726442,0.16996063982660253,146,21.79450466386975,8.936691034629874,1.0638578720096366
1789322178.5693333,LIDAR_ONLY,14.96316838168805,5.229284307215876,-2.8221796936235917,0.1274391386063741,0.0698943711821704,0.21187804262939838,0.9664273060504083,0.09884403413962464,-23.85526530461251,0.17004357965043473,146,21.815453549828504,8.944633043692765,1.0678804885385798
1789322178.6767886,LIDAR_ONLY,14.98084834962853,5.239973510375945,-2.8234034589370274,0.1276454170184055,0.07000453121950508,0.21180814104614545,0.9664074319403338,0.09866477417196362,-23.879526126674918,0.1701226313589771,149,21.840019481180416,8.953503898271121,1.0716912120102662
1789322178.7930136,LIDAR_ONLY,15.000670005902883,5.250210122476533,-2.8253784388169234,0.1276893179289254,0.06983145899302022,0.21189538247474154,0.9663950291198911,0.09847632290735478,-23.905278564808725,0.1702067022295013,148,21.863970907119615,8.961242151086354,1.0756739494880359
1789322178.9039276,LIDAR_ONLY,15.016536916465856,5.255504165245915,-2.828198892977247,0.1273854959832077,0.06963691377442126,0.21190055686662873,0.9664480273934543,0.098296327758109,-23.929775403638516,0.17028689081433582,147,21.88869267311033,8.971053783165571,1.077943509517801
1789322179.0185652,LIDAR_ONLY,15.032362566102602,5.262875970495676,-2.8305985292371694,0.12734972545925102,0.06964830855300981,0.21180015157839346,0.9664739294634531,0.09810588311836298,-23.95551942877953,0.17037125843958797,148,21.911487997122272,8.980419091189649,1.079011529822117
1789322179.1304283,LIDAR_ONLY,15.052627124009682,5.273320716997972,-2.833256430901162,0.12733210118665675,0.06944036974018959,0.21176786889150576,0.9664982880289478,0.09792898809234296,-23.979764761608898,0.17044841002605723,147,21.935303195399868,8.989922937729446,1.0810872303915082
1789322179.242702,LIDAR_ONLY,15.066969219226085,5.279960005110615,-2.8354350741988097,0.12727410592846158,0.0694038481759438,0.21175210521630228,0.9665120039373258,0.09774599897406028,-24.00491159009804,0.1705268328227285,146,21.958121422169548,9.000124956194579,1.083632671493825
1789322179.3582711,LIDAR_ONLY,15.085267022857604,5.2860054741111036,-2.838252306374998,0.12705588805213772,0.06924260883355716,0.21173241838755383,0.9665565919473953,0.09751917354350476,-24.032764225470146,0.1706081296970623,146,21.98134180251676,9.008541460027361,1.0874820286781397
1789322179.461589,LIDAR_ONLY,15.10225920899019,5.293083328961989,-2.840781396676589,0.12698666385887447,0.06928076223452857,0.21176814195783356,0.9665551289181197,0.09734293849427277,-24.05472805219866,0.17067401888937225,145,22.004347707650588,9.01619260506192,1.091079583274793
1789322179.5712466,LIDAR_ONLY,15.114246911810618,5.30002012342101,-2.841973240240711,0.12717011368618233,0.0693636368708949,0.21182635595924054,0.9665123087607914,0.09733971257406976,-24.08045735527957,0.1707524187373225,147,22.029658356340793,9.026726785701838,1.091959087052141
1789322179.678108,LIDAR_ONLY,15.132262412630759,5.309970666450317,-2.8444136482555975,0.12747825602852564,0.06934976862064814,0.21190710879637592,0.9664550072681859,0.09720600752674359,-24.104563642413503,0.17084186941810067,149,22.05111910278277,9.0354220127106,1.0941542260640704
1789322179.789472,LIDAR_ONLY,15.148351084026416,5.31673708437085,-2.8459132161312013,0.12765656676324266,0.06935938938107519,0.211949696266344,0.9664214413595711,0.09703866973541568,-24.129636003110807,0.17092416001150615,145,22.07191201463051,9.044901525649495,1.0970846828270588
1789322179.9216301,LIDAR_ONLY,15.168309654905915,5.3264307097278625,-2.8485722638665965,0.12793486214712702,0.06925186334859074,0.2119112835907189,0.9664007752258261,0.0968428642580125,-24.159722144005027,0.17102136694262485,149,22.093444334370886,9.05356664722394,1.0993068881426022
1789322180.0165584,LIDAR_ONLY,15.186062520262723,5.336090343314465,-2.8518229037752425,0.12836283857850125,0.06932040478456482,0.21178247682061682,0.966367345094141,0.09670482587935735,-24.180524195957013,0.17108881120292546,148,22.116386836259792,9.062157195501378,1.1028631860186198
1789322180.1273816,LIDAR_ONLY,15.208351096034512,5.342362473113878,-2.8552787216877955,0.12829263830314952,0.06931713138842444,0.2116024969068169,0.9664163272400244,0.09654396650794371,-24.205081987376282,0.17116886773131124,145,22.139963492054218,9.073264644007567,1.105707247790606
1789322180.2386162,LIDAR_ONLY,15.227764360645708,5.353865376387917,-2.8570803699431937,0.1288901615990834,0.06937500954172693,0.21162147674122322,0.9663285077425333,0.09637740784737193,-24.23038714751939,0.1712499286000005,148,22.16168286144262,9.0805976889602,1.1089291853433543
1789322180.3457928,LIDAR_ONLY,15.246182970239921,5.361181115153341,-2.859999039613707,0.12873265161898667,0.06926029333389028,0.21162176064125038,0.9663576701188569,0.09622418609358056,-24.25494664265237,0.1713271932668098,150,22.184512650326866,9.088487562081058,1.1121784214226396
1789322180.4571927,LIDAR_ONLY,15.263920948101994,5.3701566713320865,-2.86277810280287,0.1288038706580396,0.06936033584277641,0.2116987740070879,0.9663241359912212,0.09606603145505599,-24.28025486040443,0.17140719614088507,150,22.206074660048618,9.096883438175714,1.1153502593826619
1789322180.5684092,LIDAR_ONLY,15.281842219754818,5.378707627390581,-2.8653753812919796,0.12878169470963438,0.069344475147783,0.21173849739800227,0.966319526654527,0.09591351901668987,-24.30505537874612,0.17148433777088223,147,22.232416780329178,9.106060721049067,1.116993536221347
1789322180.6827722,LIDAR_ONLY,15.298204630023761,5.388494794618907,-2.866424266282247,0.12868253240923347,0.06935049696319774,0.21169025727627178,0.9663428736209576,0.09576279585073946,-24.329600361317816,0.17156014825987226,148,22.256533044672466,9.116099411305527,1.1190898856772478
1789322180.8005784,LIDAR_ONLY,15.318430764625571,5.399594571348297,-2.8690450860122176,0.1284518627251717,0.06934169782785661,0.21178053538164482,0.9663544136279649,0.09560352979168256,-24.355375015680092,0.17164052436870542,149,22.279069360934557,9.126376765763567,1.1219791157113663
1789322180.9148006,LIDAR_ONLY,15.336786121093638,5.408358031725221,-2.871636905813209,0.12829893590313726,0.06934356429234385,0.21170560972213295,0.966391011935405,0.09544910594029823,-24.380373781726473,0.17172002472454304,149,22.302592739230448,9.137042980734194,1.1238139678729204
1789322181.031219,LIDAR_ONLY,15.359796462755668,5.417081859741026,-2.874577920724098,0.12817445700654675,0.06918894019494873,0.21175283780556575,0.9664082650759288,0.09529128360912646,-24.405852072035824,0.17180188984517725,149,22.325043463945182,9.145356715531138,1.126384986505429
1789322181.1451783,LIDAR_ONLY,15.376688752402558,5.4277738659945225,-2.876612668211323,0.12787710801180843,0.06916704876139472,0.2118049336728183,0.9664378069405337,0.09512446603190661,-24.43281126880323,0.17188848912016197,146,22.349032894481873,9.153693193987268,1.1288486835979807
1789322181.2543433,LIDAR_ONLY,15.395446157308172,5.438211655948724,-2.8789686571065993,0.12800379620575067,0.06902813110479583,0.21186180636686103,0.9664185016213558,0.09498034176227348,-24.455995762295164,0.17196202001265817,149,22.371585045355708,9.16294457299252,1.1310782461375817
1789322181.3677692,LIDAR_ONLY,15.408989429246276,5.44570046515169,-2.880395285497915,0.12809488060925517,0.06931183292118054,0.21193555821819823,0.9663699553181212,0.09483290527739772,-24.480632515025295,0.17203958188631754,149,22.39389680269624,9.17172430810419,1.1342979690930672
1789322181.4801764,LIDAR_ONLY,15.430349011128829,5.45389676941369,-2.88375944304331,0.12802338652347578,0.06923301857399312,0.21176420076567537,0.9664226430068102,0.09468956741356917,-24.50467521713384,0.1721185748321188,149,22.415686165215533,9.180989940257614,1.1374906174556352
1789322181.61558,LIDAR_ONLY,15.44939051681951,5.463703116988141,-2.8867843204881125,0.12796581348388658,0.06898308322462217,0.21183651530434436,0.9664322922957119,0.09450665870966315,-24.536279479634647,0.1722236835452432,148,22.440008084958336,9.191638000016109,1.1399924686267664
1789322181.700567,LIDAR_ONLY,15.467804644743179,5.4711592837445,-2.8894865424442995,0.12774147793924462,0.06891775453444086,0.21181754056860866,0.9664707897455018,0.09437440392046463,-24.55431782773871,0.1722721699853848,149,22.462044031367213,9.200589372699024,1.1430696953293962
1789322181.8097584,LIDAR_ONLY,15.481853507225232,5.477072094090726,-2.8913861991464955,0.1274184038696218,0.06902263191999536,0.21182489767402327,0.9665043400645155,0.09410912444232583,-24.58041926489,0.17235376496208818,147,22.484917776548688,9.209930066536137,1.1458152005055997
1789322181.918198,LIDAR_ONLY,15.497393085255244,5.482768960722376,-2.8922728525198846,0.12738302508796054,0.06911321842656908,0.21186937045767845,0.9664927820837714,0.09396603651404639,-24.6043571356721,0.1724345273440843,147,22.508341210609288,9.219317027006744,1.1484471017208713
1789322182.0319932,LIDAR_ONLY,15.516127227857918,5.490030274320759,-2.8964128890269696,0.12691499266054257,0.06897011390982062,0.21184538119126547,0.9665698332211534,0.0937985748069374,-24.63100766264571,0.17252398575667774,146,22.53452178301729,9.228817056431632,1.1517458801631275
1789322182.1417415,LIDAR_ONLY,15.533002389598423,5.495623936568595,-2.898948457333637,0.1266426494313166,0.06886250765535062,0.21188550831496483,0.966604430856047,0.09365048997104368,-24.654612864378347,0.17260276318683926,148,22.55619346517663,9.237373933740635,1.1543192887973874
1789322182.2587786,LIDAR_ONLY,15.551291216176015,5.505201084321545,-2.8996835222141653,0.12634514858907295,0.06855279638959268,0.21187779287445233,0.9666670669997106,0.09348562534294862,-24.680960231361194,0.17269122248564867,146,22.579257460484985,9.244537777812097,1.1580681937200736
1789322182.3686717,LIDAR_ONLY,15.569156557219625,5.511907975002018,-2.9000841640872213,0.12575379910316123,0.06818886078633993,0.2119620918222159,0.9667514328441068,0.09333175961128974,-24.705019465461262,0.1727716391002731,148,22.59955420632067,9.253880997870032,1.1608073207796272
1789322182.4798691,LIDAR_ONLY,15.590677830153126,5.520701852572893,-2.902166530352137,0.12534055232111188,0.06794614553476737,0.2119721893876909,0.9668199719580662,0.09316835305270918,-24.730562831529216,0.17285704886912326,145,22.624590906250308,9.263659341573975,1.164974408645007
1789322182.5904121,LIDAR_ONLY,15.607643563357552,5.530432599883071,-2.9038556130605166,0.125060587246845,0.06795945673700864,0.2121191051409469,0.966823069124692,0.0930116019786666,-24.755095542011453,0.17293904298480847,148,22.6483370630144,9.272308712593231,1.167424142679044
1789322182.7034235,LIDAR_ONLY,15.624435142373482,5.542175961619542,-2.905663020848739,0.12532668288799206,0.06799954609147951,0.212281667802526,0.9667501113538202,0.0928471243156306,-24.780870243153842,0.1730251858908808,148,22.672430138316727,9.281981645035442,1.1697311131797532
1789322182.824258,LIDAR_ONLY,15.639163337263653,5.5485903001161585,-2.9080610793792743,0.1252224014383298,0.06811307332098242,0.2122425938447087,0.9667642115732555,0.09268409001651381,-24.806386678132572,0.17311006028137021,149,22.694992085430183,9.292382095700189,1.1731501976650056
1789322182.9305093,LIDAR_ONLY,15.662329958585584,5.560649651993096,-2.9112412153144045,0.125468930712328,0.06809745351387977,0.2120989308070865,0.9667648772071318,0.09252747550950823,-24.830899444361194,0.17319092289850266,148,22.717702765864622,9.3016931538948,1.1750454409844469
1789322183.0377512,LIDAR_ONLY,15.680729784597052,5.570089285428551,-2.9112559864977334,0.12552977650738625,0.06816547158382617,0.2121004210245,0.9667518580768232,0.09237241634774508,-24.855159552422904,0.17327104441563446,149,22.741905562878692,9.312917100723585,1.178519050013409
1789322183.1540544,LIDAR_ONLY,15.704575906921047,5.580973541828513,-2.9133831082981536,0.12551128485620552,0.06798020943345082,0.21206594758860114,0.9667748664360681,0.09220049629739535,-24.88166603851487,0.1733633759204627,146,22.766555874266203,9.323145771353047,1.1820248131557387
1789322183.2636733,LIDAR_ONLY,15.724455781893209,5.5886570129821145,-2.9155617968699477,0.12559591930426708,0.06781851344286895,0.21209934867629315,0.9667679041939734,0.09204408881504982,-24.905415671649394,0.1734551490579589,149,22.789564182061046,9.33270779354219,1.1836772518193133
1789322183.3880014,LIDAR_ONLY,15.739269379351587,5.595928804690146,-2.917636772851599,0.12558108796254228,0.06786538213397113,0.2120872696600587,0.9667691918457559,0.09185814050038785,-24.93316683271495,0.1735674717012654,146,22.812382564115232,9.340946011442744,1.1860713587672487
1789322183.4938695,LIDAR_ONLY,15.758134218006955,5.6057104013053625,-2.9196105090545292,0.12578267183505507,0.06781779121344496,0.21216080748999114,0.9667301890528501,0.09170900802240793,-24.955420849588464,0.1736574092133466,150,22.83438215782265,9.348545711227109,1.188942224861143
1789322183.614087,LIDAR_ONLY,15.770858400386285,5.612925167207983,-2.9217025428295087,0.12584152514777389,0.0679790266525208,0.21221914715492252,0.9666983997424923,0.09152385992542159,-24.982931849414864,0.17376877091145215,149,22.859044870826285,9.356791218836356,1.19208841417717
1789322183.7168443,LIDAR_ONLY,15.792985714845088,5.622574746168681,-2.9237023396544415,0.12587414274395853,0.06785176588928456,0.21215314039441413,0.9667175818588215,0.0913718899978915,-25.00571066389091,0.1738614659076877,148,22.879901365483136,9.365318214781507,1.1942574668630863
1789322183.828667,LIDAR_ONLY,15.810757484456058,5.632223547546465,-2.9247137859339563,0.12577813873747665,0.06763127260246478,0.21221735959009488,0.9667314327518867,0.09120687569206702,-25.030235954804628,0.17395949756341275,146,22.903779558640785,9.376353089820208,1.1957648306087951
1789322183.948814,LIDAR_ONLY,15.836691473032477,5.645192904150187,-2.927390009569773,0.1256381313496063,0.06743367330329475,0.2122062730179126,0.9667658751464342,0.0910297815419151,-25.056466989931945,0.1740646907059226,148,22.92648135965171,9.384540495249379,1.1995499167626318
1789322184.0546277,LIDAR_ONLY,15.85346147597549,5.6525194337757885,-2.9298696655040035,0.12581845146158482,0.0675808651611473,0.21220097285310943,0.9667333091686008,0.09086745546541099,-25.080701189145234,0.17416251371627584,149,22.9506372736574,9.395591978201987,1.2025791916976656
1789322184.1807141,LIDAR_ONLY,15.870325288748546,5.661908499793821,-2.9312276792233454,0.1258498764191903,0.06763598570268209,0.2123023025294125,0.9667031159482269,0.09067589944690209,-25.10942363208133,0.17427953769946247,148,22.97264050472467,9.404039903764177,1.2066065801830217
1789322184.2747421,LIDAR_ONLY,15.889854316370847,5.673142921921116,-2.9341181718811273,0.1260301031433488,0.06765288842106383,0.2123995805200328,0.9666570839676696,0.09053548217510962,-25.13040136776144,0.1743662205879824,149,22.996045241262348,9.412770811594052,1.2113431621806778
1789322184.3834257,LIDAR_ONLY,15.90731097927371,5.680606879122159,-2.93612962513155,0.12579744527935782,0.06774936219615012,0.21239866861307743,0.9666808326715669,0.09036834122299733,-25.155393614141165,0.174467662230083,149,23.02000119635909,9.423276739479888,1.21385659067999
1789322184.4951913,LIDAR_ONLY,15.933000715217986,5.693539580597614,-2.939595116477198,0.1259852064338277,0.06754988188652984,0.21233816044142387,0.9666836332726927,0.09019642605766877,-25.181138429149915,0.17457188553399527,148,23.04410831541087,9.431011260407164,1.2183584103455143
1789322184.6069279,LIDAR_ONLY,15.950395350063651,5.703473024802749,-2.9428975625156437,0.1261097471736968,0.06761421488179259,0.21234457982582736,0.9666614862671927,0.09003614674935104,-25.20513339001441,0.17466907133623075,149,23.069352885191574,9.442323677995475,1.2217048931082821
1789322184.7161794,LIDAR_ONLY,15.967633307878899,5.712650325156568,-2.943571194583886,0.1263951180336975,0.06778670100457189,0.21218508183190476,0.9666471581462144,0.08986580974754729,-25.230628472660026,0.17477234668027142,145,23.090509983985374,9.45132395839838,1.2248839547578703
1789322184.8256207,LIDAR_ONLY,15.991257684758757,5.723835901512855,-2.945873177395851,0.12634702106856718,0.06763839192449457,0.2122538341296765,0.9666487408062038,0.0897004576028082,-25.255374441215935,0.1748725890795705,149,23.114376444045153,9.46105154210013,1.229667431788461
1789322184.9397118,LIDAR_ONLY,16.007846829296433,5.7302941759235,-2.9478117090162885,0.126592166924494,0.06775380231869535,0.2122390702450478,0.9666118262292459,0.08953007833491987,-25.280871198523446,0.17497587081125357,144,23.138017676968282,9.470204816361715,1.231931264693462
1789322185.0508926,LIDAR_ONLY,16.02803328326875,5.741743437769697,-2.9495424944021438,0.12668562455867488,0.0675029369990963,0.21238563410853167,0.966584941146401,0.08936637105341125,-25.305369010564064,0.1750751033698336,148,23.159969650840644,9.47838097537102,1.2346947340382544
1789322185.168344,LIDAR_ONLY,16.04152037894646,5.747060971861178,-2.9521625874305397,0.12675602653224066,0.06767961959656468,0.21240199078005945,0.9665597618055957,0.08919430630870896,-25.331117699121627,0.17517940039334245,148,23.181194833938118,9.485971944804922,1.236263626445031
1789322185.2794025,LIDAR_ONLY,16.055648809733366,5.755597414427076,-2.9553065988726863,0.1272013798692023,0.06798379154610354,0.21221517520860428,0.9665209425861233,0.08903059323915373,-25.355617359139718,0.17527863718375447,147,23.20391962230563,9.494377822697794,1.2389264366172528
1789322185.3949869,LIDAR_ONLY,16.071812135992413,5.767903288510274,-2.955121413106068,0.12838312472917912,0.06848665832856107,0.2121606334222255,0.9663411491505673,0.088856859318193,-25.381617881132236,0.17538395581037602,150,23.226235481098843,9.50306408333445,1.2427119094881223
1789322185.502226,LIDAR_ONLY,16.088699639839557,5.77843758058188,-2.955826771051211,0.12891825156736939,0.06869691861105934,0.21212786868884206,0.9662621720380485,0.0886981586166897,-25.405369022428413,0.17548016460747476,148,23.248237395330115,9.511948594142433,1.24672513285429
1789322185.6135316,LIDAR_ONLY,16.11175606535689,5.788939122780093,-2.958104583993013,0.12888423461304968,0.06847420439492499,0.21232428422207408,0.9662393780685377,0.08852940332320625,-25.430620583825537,0.17558243398954526,148,23.270046743187578,9.521811177173829,1.2506357269564197
1789322185.7239792,LIDAR_ONLY,16.128101019786325,5.7969555492443465,-2.9598568582720923,0.12908041214913651,0.06860260890764364,0.21229269120701774,0.9662110237989194,0.08836212599538257,-25.45562359558096,0.17568357317370573,146,23.293882186247174,9.530228520416866,1.2548878946620283
1789322185.8821511,LIDAR_ONLY,16.145021169425576,5.805236455930782,-2.9626496051649354,0.12921891202915556,0.0687287562462161,0.21229000400462958,0.9661841361969072,0.08812038393126004,-25.4916352652172,0.17582929135540976,149,23.315419336155927,9.539527618875887,1.2563054194339243
1789322185.9483395,LIDAR_ONLY,16.16333187374923,5.812754792961405,-2.9652405345018127,0.12929753045352824,0.0686577459272941,0.21225039396962686,0.966187369407477,0.08802952316710326,-25.505144209861683,0.1758842199064713,145,23.339678635251204,9.548463412543468,1.2603978981510728
1789322186.0599446,LIDAR_ONLY,16.182905570979873,5.819990943823122,-2.968678179765264,0.12924509998024541,0.06861435305590599,0.21224666532641784,0.966198285934948,0.08785742324670408,-25.530929862069804,0.1759888080885764,148,23.3657283073806,9.559251229226462,1.2644600456263921
1789322186.1695108,LIDAR_ONLY,16.20355057206395,5.8301033904124395,-2.9701628713937116,0.1299417325337094,0.06867456202255418,0.2120708469410196,0.9661391755616098,0.08769569751388523,-25.55519288065548,0.1760854970703839,149,23.389723223250996,9.570568342955267,1.2671360381068386
1789322186.2834325,LIDAR_ONLY,16.222951956568284,5.835940054721258,-2.973515267591076,0.1296400615087606,0.0688688569752717,0.21206223310559644,0.9661677619757307,0.08752073308583638,-25.58117321587016,0.17618991821715105,150,23.412649616332008,9.57856074521553,1.269977883110382
1789322186.3975139,LIDAR_ONLY,16.238974880134954,5.843141863137996,-2.9761740056038763,0.1296715131582539,0.06883481110115452,0.2120783449611759,0.9661624309889336,0.08735942553884295,-25.60540767650336,0.17628771405302315,147,23.438333322971335,9.58805055985995,1.2726805715512917
1789322186.5148966,LIDAR_ONLY,16.255443782072987,5.853268250735081,-2.977152141951581,0.12953178548782118,0.0686561302074081,0.21222716976495554,0.9661612084672191,0.08718761168909982,-25.631130486922956,0.17639294869344097,148,23.460051762208824,9.595895622278343,1.276540846087322
1789322186.6214,LIDAR_ONLY,16.27315027006654,5.862157376961715,-2.9794194828887783,0.12995023626385635,0.0687806104489361,0.21206759512975518,0.9661312016579953,0.08702576544520972,-25.655359064002678,0.1764926910164207,149,23.482506078975803,9.60517435969352,1.2799451792458048
1789322186.7506852,LIDAR_ONLY,16.28673010849067,5.867791053073947,-2.982730516164336,0.13036266803474517,0.0691090053953788,0.21190977829715077,0.9660868315105929,0.08683248519791709,-25.68435260897872,0.17661013950641222,143,23.503461060388588,9.613764192045245,1.28233087207786
1789322186.8472497,LIDAR_ONLY,16.305462746263622,5.87873037965497,-2.985643599319316,0.1306780850257476,0.06922203908758769,0.21198650943398228,0.9660192892569777,0.08669259231613062,-25.70534827067493,0.1766951519522959,150,23.52600162321159,9.621687190728299,1.2853586377684236
1789322186.9602866,LIDAR_ONLY,16.324215789487774,5.889544728298576,-2.988180811776489,0.13129865344118616,0.06920901894721079,0.21196115460548645,0.9659416360418496,0.08651933476302644,-25.731342897264227,0.1768004401342732,148,23.54955296757866,9.630899264786352,1.2880214592740507
1789322187.0676289,LIDAR_ONLY,16.34090040550324,5.901020418800881,-2.987858381280853,0.13132569865845184,0.06924006499429346,0.21210819306727619,0.9659034572384503,0.08636103870182922,-25.755088494158038,0.17689662727405753,148,23.571620746902386,9.640460495829384,1.2898933562059538
1789322187.1847353,LIDAR_ONLY,16.355558799337174,5.910950962805179,-2.990649196102439,0.13161235196665552,0.06935560904119314,0.21212695000988238,0.9658520307913813,0.08618272499288279,-25.781834393161116,0.17700496787328368,147,23.594882085018178,9.650768786150604,1.2934007152545386
1789322187.289631,LIDAR_ONLY,16.372711298654174,5.917441675777814,-2.9931137312043563,0.1316218163739689,0.06950183045661144,0.21210497290791935,0.9658450566655755,0.08602606338131474,-25.80533164594246,0.17710014682605166,148,23.615632676645635,9.660001180877185,1.297553842531126
1789322187.4073765,LIDAR_ONLY,16.391729062238756,5.925867826326307,-2.9953589328548262,0.13177006857031076,0.06951367006355715,0.21208151588957408,0.9658291408532107,0.0858560616579275,-25.83082961324987,0.1772034272038781,147,23.638748917172904,9.669158662303037,1.2986656411372353
1789322187.517432,LIDAR_ONLY,16.417091827929962,5.935930119315939,-2.9984968310973534,0.13184430603775435,0.0693607200897918,0.21185784820994744,0.9658790926538888,0.08569105308165066,-25.855578575754436,0.17730366859417598,150,23.662740969979478,9.677111041750031,1.3041468413674833
1789322187.6582623,LIDAR_ONLY,16.435206698404308,5.942161944710595,-3.0022695556744563,0.1317563385770056,0.06944263203858775,0.21183680154194523,0.9658898268502539,0.08547602779741134,-25.8878284373272,0.17743427906348622,146,23.686092579789044,9.686411280108489,1.3068370881279041
1789322187.7522638,LIDAR_ONLY,16.45788758192627,5.953187612366111,-3.0046238651165385,0.1320193435329772,0.06944822279798184,0.21185296442086948,0.9658499669976769,0.08534434811460608,-25.907578923346417,0.17751426881638915,147,23.709389939768112,9.69363663370036,1.310761616059332
1789322187.8659558,LIDAR_ONLY,16.47473542417371,5.9651580316451,-3.006303455795577,0.1324512897703378,0.06940300221005456,0.21191505315023648,0.9657804560927591,0.08516433480366178,-25.93458008630752,0.17762363527651084,147,23.733147186592646,9.702728736486149,1.3137169488033313
1789322187.9761364,LIDAR_ONLY,16.49519820702393,5.973549762158189,-3.0087362899793892,0.131995589903472,0.0691337510791504,0.21202132042660854,0.9658388314787918,0.08502265567453782,-25.955831206764966,0.1777097319144535,149,23.75717435926311,9.713296486524623,1.3160462580504526
1789322188.0854988,LIDAR_ONLY,16.512142983392653,5.976579878680916,-3.0110633955700075,0.13124556301020673,0.06881338637025416,0.21195655035417987,0.9659781264647498,0.0848557244595306,-25.98083456416673,0.17781086216782685,146,23.78150389275879,9.722063596757138,1.3193121007725301
1789322188.1991534,LIDAR_ONLY,16.530228912530305,5.985369385827992,-3.011698639308842,0.131124101932488,0.06875875540837152,0.21198639235275515,0.9659919631675794,0.08469485579019852,-26.00484227411724,0.17790800693953474,148,23.80197061291986,9.729213712591537,1.323765916217039
1789322188.3139694,LIDAR_ONLY,16.55395209821323,5.996671531479198,-3.015621669904235,0.13130533350969095,0.0687218997432113,0.21180855113459615,0.9660089790234127,0.08450715305806462,-26.032864670961377,0.17802193538886157,150,23.826028285499433,9.739473814108461,1.3258308282439488
1789322188.436395,LIDAR_ONLY,16.57339711132195,6.009005044708621,-3.015996774037682,0.13172119528980245,0.06870520074705659,0.21197057924116694,0.9659180066847789,0.08432534834556112,-26.060151489409623,0.1781317647283637,147,23.849002097080508,9.749920053316792,1.3299997733632332
1789322188.5312507,LIDAR_ONLY,16.594498511685515,6.018558886155608,-3.019016719110019,0.13196409934564168,0.06873614596047378,0.2117047634162743,0.9659409463674544,0.08418871408665678,-26.080647038567175,0.1782133865068786,147,23.871429281055477,9.759271032288941,1.3324669880027038
1789322188.6529005,LIDAR_ONLY,16.613618363838242,6.027582409633714,-3.0209732964916216,0.13212939388091585,0.06874940425960575,0.2117872773090077,0.9658993176603081,0.08400468909219391,-26.108127019915948,0.17832412508133738,149,23.89628479858276,9.76789561277373,1.3355871827192523
1789322188.7540958,LIDAR_ONLY,16.630470011685833,6.0370041568676065,-3.022194063017045,0.13230292258511803,0.06888545768823451,0.21182016561449127,0.9658586583106084,0.08385223716536977,-26.131110403211515,0.17841701091906373,150,23.919539821635322,9.776916602353094,1.341135093485853
1789322188.8737013,LIDAR_ONLY,16.64886853585348,6.044168484116524,-3.023750283014722,0.13236041444151392,0.06903020177721979,0.21180200270738492,0.9658444303202293,0.08367404341704471,-26.15782962528438,0.1785270049786733,147,23.942797141839883,9.785121146370383,1.3441119870720741
1789322188.9777963,LIDAR_ONLY,16.668046692702724,6.0525491835347704,-3.0264803893094654,0.13247822673078816,0.06908814738571435,0.21184703523469167,0.9658142580203231,0.08351919618239234,-26.181065461357377,0.17862202732152618,149,23.967980969841026,9.793443936478596,1.3476614852704805
1789322189.0853868,LIDAR_ONLY,16.69221638045865,6.062759323610063,-3.0282239818838144,0.13257441743559578,0.06908369368925181,0.21169247654786738,0.9658352667411213,0.08335800686801892,-26.20531063243786,0.1787201724375837,148,23.99146611307634,9.80218223807909,1.3510295009973319
1789322189.2010453,LIDAR_ONLY,16.711873192531943,6.070937610140682,-3.0314525310791525,0.13234059844265203,0.0690696777982971,0.2117181861306656,0.9658627000118707,0.08318851552833063,-26.230805312771242,0.17882340760145485,149,24.01315818513344,9.81165893462354,1.3545978613653542
1789322189.325476,LIDAR_ONLY,16.735249426349473,6.081896308701834,-3.034624031683958,0.1326744723820292,0.06919720601660388,0.21151645383520118,0.9658519663046854,0.0830056722609248,-26.258299766115616,0.17893477217559833,147,24.036174964341367,9.819353317877663,1.3580863669011938
1789322189.433789,LIDAR_ONLY,16.749606519134716,6.089231566042805,-3.0381699396024833,0.1327725998051168,0.06952228555464658,0.21160157323133505,0.9657964913781125,0.08284108160521467,-26.283045433999316,0.17903500822560453,149,24.05987937476334,9.829291801911877,1.3598734631785745
1789322189.5339696,LIDAR_ONLY,16.762169079252377,6.099572745126638,-3.0397751807008846,0.13303427506806062,0.06977728468087596,0.21177113647637916,0.9657049228181362,0.08269143708987167,-26.30554220919837,0.17912613397714938,149,24.082510016163205,9.838000833573943,1.36406052555765
1789322189.6690967,LIDAR_ONLY,16.7784625333985,6.105342182959085,-3.0431118399382426,0.13310440319630193,0.06996387259324197,0.21181203782109703,0.9656727887931745,0.08249522180023965,-26.33503911852114,0.17924561145590717,150,24.10541775904519,9.847981844662378,1.3665535234971764
1789322189.8041713,LIDAR_ONLY,16.79492758224742,6.116760816591684,-3.0440371434520883,0.13327155539984847,0.07017107940030179,0.21198678899599202,0.9655963511883578,0.08230731241286525,-26.363287401571284,0.17936002809641052,150,24.12868117451482,9.857678343127729,1.3689669295198663
1789322189.9156444,LIDAR_ONLY,16.819323542155423,6.130198315835045,-3.0457000640891523,0.1335582577082066,0.06992172042470633,0.21188400032798702,0.9655973877428456,0.08214933375962676,-26.387036877334424,0.17945622143730536,147,24.151947229068096,9.867117986209076,1.3723676435357313
1789322190.0323524,LIDAR_ONLY,16.838143608124902,6.140855588328993,-3.047126535730342,0.13418462113448046,0.07010299456464364,0.21179975723435696,0.9655158830591721,0.0819896937970537,-26.411037138016656,0.17955343171754767,148,24.17311335683824,9.875964665560504,1.375423688176414
1789322190.2289028,LIDAR_ONLY,16.85861778304687,6.148636484957436,-3.0503655805244025,0.13413615961459174,0.07006430961207175,0.2117322365542127,0.9655402338619471,0.08172028958723512,-26.451539025669646,0.17971747423570947,148,24.197244389578156,9.885979567554843,1.3776497834590367
1789322190.2810483,LIDAR_ONLY,16.88162917635509,6.1584997995728195,-3.0534973170846524,0.13412436247328235,0.07005099580113393,0.21171710004957256,0.9655461578428058,0.08165874789188665,-26.460789582369223,0.17975493505066018,148,24.22123224630405,9.894297324608827,1.3780619181745017
1789322190.390254,LIDAR_ONLY,16.897160209882717,6.163742231358325,-3.056073370600767,0.1339877981402085,0.07002379923802386,0.2117499141333893,0.9655598952702592,0.08150227845492414,-26.484291575354874,0.17985013299863523,150,24.247724551710956,9.90365464789395,1.3820729823158966
1789322190.509837,LIDAR_ONLY,16.914679372341006,6.176252775530026,-3.057518403451502,0.1346070210130646,0.07011073035960695,0.21191214281781728,0.965431861453097,0.08133543794592418,-26.50929758976939,0.179951188037822,150,24.26994867406776,9.912313089149912,1.3839230756359644
1789322190.622352,LIDAR_ONLY,16.93031160908017,6.183764866997937,-3.060087363609733,0.13492519326867475,0.07005651702365359,0.21186424892926953,0.9654018938605631,0.0811698144424567,-26.53405728307032,0.18005141194416285,148,24.292088376160997,9.920970144743507,1.3869850627147562
1789322190.7435412,LIDAR_ONLY,16.946798718027313,6.192941334117156,-3.060739476113462,0.13523339212902863,0.07020937763425608,0.21173854760614008,0.9653752433137743,0.080996775455856,-26.560088291096243,0.18015738722054456,147,24.313764148075737,9.92893960473567,1.3895460932871475
1789322190.8603892,LIDAR_ONLY,16.960695452106755,6.206818869719461,-3.06353043751541,0.1359722879572939,0.07069839073192245,0.21190536559765003,0.9651991455065123,0.08083349398308792,-26.58461672531881,0.18025560217478126,149,24.336307562050962,9.938889591543363,1.3924819591826698
1789322190.9701147,LIDAR_ONLY,16.97958061858071,6.21840728732842,-3.0660875557704004,0.13668040116996827,0.07096601787138118,0.21179162822766037,0.9651044495059444,0.08067127042265003,-26.60885060393875,0.18035241491560344,148,24.35858173471439,9.949078496503088,1.3963326031078107
1789322191.1259346,LIDAR_ONLY,17.001978847315847,6.23143759883081,-3.0677160191367707,0.13694635543579828,0.07089134514651764,0.21180888223912087,0.9650684485158468,0.08044916855415311,-26.64232781359691,0.18048748143686744,146,24.381387724575095,9.95831779702914,1.3999948198272645
1789322191.215074,LIDAR_ONLY,17.019033735231858,6.239777372982367,-3.071344018057625,0.13698398459809336,0.07094252623768027,0.2119353154649721,0.965031589116858,0.08033959698119719,-26.658811518206583,0.1805546285895245,146,24.40346725967275,9.966565276488273,1.4033885412887273
1789322191.3394396,LIDAR_ONLY,17.03603062543403,6.250590975511342,-3.0741892858650224,0.1374806267878011,0.07099746598070784,0.21194121754080697,0.9649556245702037,0.08017356542450078,-26.683783187532875,0.18065782987324144,147,24.427667030832815,9.975092072980374,1.4061287872300636
1789322191.4538972,LIDAR_ONLY,17.056395442923684,6.2605784441492816,-3.0774968608059443,0.137954259755085,0.07093063283472827,0.21186992883688235,0.9649085971198236,0.07999921640341418,-26.710024299459604,0.1807644142366251,150,24.451181611511743,9.98550132918294,1.4078996224930351
1789322191.5747983,LIDAR_ONLY,17.082551058487073,6.271882896040548,-3.0819503285171996,0.13805643616580096,0.07100370105384776,0.2117581180553558,0.9649131537643727,0.07983511968259127,-26.734769460638653,0.18086457776411277,150,24.474614219870432,9.9949294893577,1.4108303322151756
1789322191.6903877,LIDAR_ONLY,17.09805210183128,6.280007030258917,-3.084663480675554,0.1384685326012647,0.07116197279355102,0.21175854722495108,0.9648423481504949,0.07968091299404884,-26.75801459133193,0.1809587162970313,148,24.497503678134233,10.005438517095651,1.4136996284942893
1789322191.804843,LIDAR_ONLY,17.121174700629425,6.2903980045387655,-3.0872287233154956,0.13820365928047243,0.07100829761286853,0.2118829267671592,0.9648643405039862,0.07951671840081025,-26.782759756838757,0.18105894521657703,148,24.520068665200938,10.014048340698416,1.4157650135088502
1789322191.9266713,LIDAR_ONLY,17.137821917618982,6.300843010154068,-3.0905249718200944,0.1385511982016538,0.0713337497658541,0.2117534538070505,0.9648189137978246,0.07933590999889137,-26.810005241049225,0.1811693042288936,147,24.543441177173772,10.021295103975534,1.4202474388779471
1789322192.0447223,LIDAR_ONLY,17.155957565635262,6.311029599319651,-3.0922331610956575,0.13864444782747343,0.07133585272620585,0.21173610278621532,0.9648091707583141,0.07917333269665314,-26.83450206370305,0.18126852789947068,145,24.567449443119116,10.030576794054207,1.422605602349737
1789322192.16075,LIDAR_ONLY,17.16947520743622,6.320348597679674,-3.0950742450064817,0.1387711663743039,0.07151534242473893,0.21189059729873902,0.9647437452284267,0.07901406490501386,-26.858499822176217,0.18136572760643854,145,24.590902253885613,10.039219798283902,1.4263465776078033
1789322192.2933424,LIDAR_ONLY,17.18455202488754,6.3279832413920865,-3.097598657660327,0.13877308487793558,0.07181169543453954,0.21198348086120453,0.9647010496284565,0.07883322347606779,-26.885748333272105,0.18147609015164937,143,24.611407132635527,10.046497790221125,1.4293386899889235
1789322192.407992,LIDAR_ONLY,17.202590600106586,6.337511390736248,-3.099812164146963,0.13856701080025002,0.07170304140966023,0.21206151600148687,0.964721602744356,0.07867559517416027,-26.90949787252292,0.1815722701003611,148,24.633208625553994,10.05728874043388,1.4307406366106301
1789322192.528142,LIDAR_ONLY,17.220854786777863,6.344773687875092,-3.1034044371671023,0.1385877434474241,0.07182342318534518,0.2122051383761806,0.9646780874959459,0.07851299117802306,-26.93399810525316,0.18167148971185862,147,24.657399141783973,10.06756276454233,1.435579917990678
1789322192.648303,LIDAR_ONLY,17.240610310241035,6.353988017627779,-3.1060095999644743,0.13875810803662908,0.071905671495905,0.2121364556506255,0.9646625762642648,0.07834375470759193,-26.959498951495902,0.18177476691164113,147,24.680201751345436,10.075423001406651,1.4384225681159637
1789322192.8072617,LIDAR_ONLY,17.263522448160185,6.365849313534074,-3.1078272957470534,0.13906312222526232,0.07186830512244911,0.21206440456186162,0.9646372805742122,0.07814133659659409,-26.990000418842037,0.18189832215226195,149,24.70349218283405,10.084915304805973,1.441773650955108
1789322193.0469253,LIDAR_ONLY,17.28421340503584,6.3756557193037935,-3.110775683328772,0.13959897235788385,0.07188457634868853,0.21196227828060973,0.9645811148814214,0.07786015593217115,-27.032258237747914,0.1820692606767389,149,24.72502826900368,10.093465657578621,1.4459403743121726
1789322193.1104383,LIDAR_ONLY,17.305557807100975,6.3827343431197505,-3.113460306887505,0.13955686943116444,0.07181198468769338,0.21193348765190856,0.9645989404210881,0.07776833791903315,-27.04601342300821,0.1821249157824416,149,24.74693277450151,10.102119033268247,1.4494348466594293
1789322193.2157595,LIDAR_ONLY,17.323256745057996,6.390940119612809,-3.1168311663593724,0.13944725022406362,0.07195300575942172,0.2120189932457107,0.9645854943291483,0.07764314297083781,-27.06477825414351,0.1822012402607267,148,24.77031217660883,10.11134026041341,1.452266203800337
1789322193.3430772,LIDAR_ONLY,17.344722702134177,6.402218906583771,-3.119461955723317,0.13995169696978157,0.07196711006630074,0.21183511357408913,0.9645517830790818,0.07748886810108416,-27.08806168568723,0.18229547758422007,147,24.77031217660883,10.11134026041341,1.452266203800337
1789322193.481998,LIDAR_ONLY,17.356167764306566,6.4122600933541065,-3.122220802075588,0.14044740330996797,0.07225153095382722,0.21198994296573728,0.9644244435204341,0.07732158546137216,-27.113320999486852,0.18239603897533996,149,24.816562815110956,10.128859808704302,1.4581620315612849
1789322193.6098723,LIDAR_ONLY,17.37224056983595,6.425492065235179,-3.1235659211614117,0.14096408216480794,0.07260307503248166,0.21204729847014195,0.9643100457045835,0.07715787501689535,-27.137801553411204,0.18249450830490566,147,24.840798643041403,10.138629044806278,1.4604595613367755
1789322193.750805,LIDAR_ONLY,17.390797206241057,6.436809573405576,-3.12557164905741,0.1414321328654305,0.07261549722280004,0.2119671304550589,0.9642582003607068,0.07697809957582287,-27.16503294796487,0.18260444983472318,148,24.86308799715484,10.14767299448827,1.463733365782047
1789322193.879235,LIDAR_ONLY,17.406162639687203,6.448082349129338,-3.126384476438203,0.14162744545261066,0.07266334672894081,0.21212116963147398,0.9641920525138615,0.07682041298861422,-27.188755980465682,0.18270179020797925,147,24.88464877448572,10.156426258429907,1.4681409830761263
1789322194.016695,LIDAR_ONLY,17.428402864220153,6.458743252322337,-3.12925480081098,0.14165129330746684,0.07263818578442043,0.21214158323260365,0.9641859539185552,0.0766513792688439,-27.21423533857335,0.18280651248619617,146,24.909260332606348,10.166752347427941,1.4720077406805245
1789322194.1437638,LIDAR_ONLY,17.446487115067324,6.4639738627465135,-3.132344207584301,0.14142592180685026,0.07269630038177598,0.21224105338067262,0.964192766936025,0.07648924502715287,-27.238730223799738,0.18290569328594602,146,24.93174040880396,10.174409897171714,1.4744544727537379
1789322194.2834394,LIDAR_ONLY,17.464810974659603,6.467917419960399,-3.134751998929286,0.14088162695915105,0.07264072282414434,0.21237274762037145,0.9642476386494823,0.07631392946531405,-27.265224768628258,0.1830129627064152,149,24.93174040880396,10.174409897171714,1.4744544727537379
1789322194.3994176,LIDAR_ONLY,17.48910929086878,6.47759230395978,-3.136179040804245,0.1405429303031595,0.07250357651123664,0.21242069216983667,0.9642968244648367,0.07617992052169521,-27.285470603437595,0.18309496002844708,148,24.954487867793357,10.182730042198557,1.4760008548963888
1789322194.5192108,LIDAR_ONLY,17.505587914401833,6.484965442686047,-3.1392843102273607,0.14074504115305614,0.07263068874487,0.21241662887229937,0.9642586749528357,0.0760111349868494,-27.310965860311782,0.18319822614284903,146,25.002594615892892,10.202168271605156,1.4838305345675216
1789322194.6348088,LIDAR_ONLY,17.523411403972535,6.497591541943233,-3.1404591332209617,0.1410462723424161,0.07249368686958532,0.21246777412558898,0.9642137000584886,0.07585225598943841,-27.334962134223574,0.18329542126850557,150,25.02493837770195,10.211005553206233,1.4866540508851511
1789322194.760073,LIDAR_ONLY,17.54320414857251,6.507017393433966,-3.143430220522825,0.14096126397174882,0.07256249154943596,0.21256419100137044,0.9641997052393025,0.07568674268895678,-27.359959131626063,0.1833966676997939,149,25.045925047634842,10.22008211449384,1.489526010470124
1789322194.956387,LIDAR_ONLY,17.56262031712485,6.5158034557985545,-3.1486141876972877,0.1410986362757808,0.07267490403117009,0.21239832319148813,0.9642076983049966,0.07539707661540063,-27.40370614789053,0.18357385214715416,148,25.069618065385402,10.228066144357872,1.4932905775983842
1789322195.0098255,LIDAR_ONLY,17.580133146092585,6.528374990118186,-3.1508629789213383,0.1409127959544631,0.07257726679583196,0.21260638476610594,0.9641963749348101,0.0753292108511801,-27.4139558625611,0.18361536487732005,147,25.094188815296338,10.236399020827188,1.499279623570112
1789322195.1171541,LIDAR_ONLY,17.598039149264356,6.539391971172952,-3.1527967426531283,0.14104086583723455,0.07248671497485064,0.21278055697659445,0.9641460391915574,0.07518189317588539,-27.436205752467618,0.18370548014226004,149,25.116960823833082,10.245655805281727,1.5009258259734517
1789322195.2439506,LIDAR_ONLY,17.619259724820157,6.549960950477308,-3.1549009873960148,0.1412180512069828,0.07245204946390796,0.2125921921898542,0.9641642610892055,0.07502299186189083,-27.460206344961716,0.1838026894701225,148,25.1382980370981,10.254827254944887,1.5023679052748022
1789322195.359676,LIDAR_ONLY,17.639582497382296,6.560022301617387,-3.156240323099968,0.14137052755330676,0.07237123979640389,0.2126965265748035,0.9641249738351586,0.07486573147383818,-27.483957513984663,0.1838988759507968,149,25.162701899495282,10.26582391458967,1.5043834767147088
1789322195.4951656,LIDAR_ONLY,17.660921363750255,6.564839644489702,-3.158776297622152,0.14069504513932882,0.07219873774325118,0.2128407476484708,0.9642048862570461,0.07467860912966673,-27.512209312630027,0.18401329246828957,146,25.187473134274626,10.276169980652371,1.5067502025167654
1789322195.6097925,LIDAR_ONLY,17.680182052768387,6.574502552032868,-3.161371598139787,0.14120679090152619,0.07202837418967792,0.21273635910674468,0.9641658555605932,0.07452763198562026,-27.53496320001711,0.18410526441627872,148,25.210169521318146,10.284687679940934,1.5082111995477865
1789322195.7228336,LIDAR_ONLY,17.703507760487152,6.585002263017696,-3.163181201797278,0.1414653035643814,0.0718489699945654,0.21269887390590855,0.9641496162097022,0.0743662295194699,-27.559221035882803,0.184203387873712,147,25.234381412076353,10.292815325281104,1.5109955846466285
1789322195.8818488,LIDAR_ONLY,17.721645675288965,6.597823447349457,-3.1646992050450895,0.14167504845143056,0.0717233793266984,0.21277174033012194,0.9641120910045338,0.07413872021149817,-27.593502196885957,0.18434281901351962,150,25.258806754111323,10.301706324964714,1.514675396425419
1789322195.9686947,LIDAR_ONLY,17.736938583364033,6.604045876656201,-3.164908479937607,0.14149251033123092,0.07179570377070064,0.21286848035113343,0.9641121597165112,0.07403081033747541,-27.609776543410778,0.18440830929200805,150,25.278251604295466,10.309433942936003,1.5172740623849714
1789322196.0859754,LIDAR_ONLY,17.758109738417676,6.614970257052464,-3.1674970959349023,0.1412734888365886,0.07164302988451009,0.2129979967314907,0.9641270305355397,0.07386882963419876,-27.634280015294877,0.1845058201559106,148,25.299973290858713,10.319305645398153,1.5199540078001377
1789322196.217229,LIDAR_ONLY,17.78078140790436,6.629545813393305,-3.169443059586062,0.14150736864081828,0.07179998150542176,0.21314383908816298,0.9640488219664667,0.07368249740057675,-27.662258456395485,0.18461850127886995,148,25.32369509036038,10.328403338866607,1.5225309390680826
1789322196.3212807,LIDAR_ONLY,17.802903071094356,6.640175684474675,-3.1729513308867276,0.1416822923889511,0.07205432342294121,0.21314463903788178,0.964003975795165,0.07353952915168877,-27.68399341495195,0.18470624923978635,148,25.347900091695834,10.337849040037366,1.5256442689016898
1789322196.448825,LIDAR_ONLY,17.828635496334574,6.654459014916863,-3.174792793380829,0.1418184944654814,0.07179038923176838,0.21315500207235444,0.964001348408305,0.07336405849992308,-27.71046296101915,0.18481502416947637,149,25.371694299212447,10.346450932471315,1.5282308112563023
1789322196.5581028,LIDAR_ONLY,17.84787256217321,6.661547642749129,-3.1776506095934756,0.14185867526836757,0.07198755739433521,0.21315589054643497,0.9639805361919178,0.0732086278091398,-27.733945918320764,0.18491135791844054,147,25.395653221770708,10.357560955471321,1.5317961330057253
1789322196.6797233,LIDAR_ONLY,17.865874052987053,6.668671165156258,-3.179523645324513,0.14185158784662213,0.07228746232152647,0.21318407705227152,0.9639529029511127,0.07304029227800013,-27.759440862941517,0.18501456967023808,148,25.41902592637691,10.367141660749608,1.5334449643842565
1789322196.8145633,LIDAR_ONLY,17.88782642787128,6.6771476799619,-3.1821531509789556,0.14208762057446792,0.07222495633168997,0.21318172268644486,0.9639233459538219,0.07285218736911567,-27.787935014993263,0.185129939280238,148,25.441963738463933,10.376511171196674,1.5386992472271988
1789322196.9222612,LIDAR_ONLY,17.907306627204164,6.688535792156166,-3.184889947381937,0.14241763934691115,0.07213758125312157,0.21322754258568774,0.963871049703575,0.07271023411609871,-27.80943067174881,0.1852169984545891,148,25.46560871496632,10.384237924676148,1.5416869442459522
1789322197.0485559,LIDAR_ONLY,17.92419996888992,6.699090778993478,-3.186372541343251,0.14271850304459707,0.07216277329574086,0.2133498231203473,0.9637976011660816,0.07252863271575093,-27.83692576730976,0.1853283623509261,149,25.48907684905899,10.393509732904997,1.546473689676778
1789322197.1609383,LIDAR_ONLY,17.94583495658322,6.709403909197626,-3.189140062590907,0.14288024892435902,0.07228920824154281,0.21334922401941261,0.9637642935123912,0.07237177658537451,-27.860672321930018,0.1854245429161076,146,25.509929983454274,10.401234227758904,1.5514189585096538
1789322197.2734673,LIDAR_ONLY,17.96294226151068,6.7198760417803864,-3.1922041721687084,0.1431386080110708,0.07257647098822274,0.21332840157531793,0.9637089746582568,0.07221490998244924,-27.8844196967651,0.18552072465706518,147,25.5321016146946,10.410193198471177,1.5549808248788937
1789322197.391801,LIDAR_ONLY,17.977865959080557,6.730223118540554,-3.1935454265152843,0.1437092027455118,0.07286342491349382,0.21329111219638863,0.9636106515674019,0.07205143245616207,-27.909167864447976,0.18562095733047254,149,25.5546556766373,10.420067327464743,1.5571464371151482
1789322197.514733,LIDAR_ONLY,17.998816633754302,6.741694143072666,-3.19647259771959,0.14367987890475006,0.07287855478110301,0.21348968768075285,0.9635699050431726,0.07187803279354679,-27.93541688640767,0.18572725777725466,148,25.57505991998852,10.428463374650894,1.560996288215151
1789322197.6734424,LIDAR_ONLY,18.02085412230203,6.7518451003811055,-3.1996938754908375,0.14369538938697612,0.07296700321194435,0.21357663357799975,0.9635416301855787,0.07165178399236531,-27.96966689520216,0.18586595390620386,147,25.601122985556238,10.43764984008444,1.56483508404478
1789322197.7511601,LIDAR_ONLY,18.039679023869883,6.763762237357886,-3.203257725026899,0.1442451291092087,0.07316574346274576,0.213524651809103,0.9634559355682091,0.071562607783009,-27.983167230301515,0.18592062513368857,147,25.624808384522503,10.446810579378523,1.567900245401335
1789322197.862961,LIDAR_ONLY,18.063349100690097,6.776283076428417,-3.207410521701752,0.14472317275818222,0.07314078407625027,0.21350495898205288,0.9633905030991269,0.0713974706413901,-28.008168189798024,0.18602187920801525,149,25.64651295263202,10.456332737241478,1.5703909780644532
1789322197.9764316,LIDAR_ONLY,18.08017296342236,6.783478072408123,-3.2098174914788635,0.14487691881018944,0.0733480455485004,0.21343375617554522,0.9633674139885982,0.07123395912861895,-28.032919422375393,0.18612214101524283,149,25.668148909537525,10.464386622361518,1.5735781174535515
1789322198.0883834,LIDAR_ONLY,18.09578951683409,6.795659020870103,-3.211370745755843,0.1452560326431201,0.07354976685752167,0.21341856527487432,0.9632983093372475,0.07106674261177709,-28.058173668595796,0.18622423499804605,149,25.69066700298346,10.47274370773002,1.5780562298511074
1789322198.2046793,LIDAR_ONLY,18.116915487047113,6.802331138865574,-3.216980552648771,0.1449952316226144,0.07340767080917536,0.21353057400098108,0.9633236167767755,0.07089564630074774,-28.083932669353857,0.18632844613957023,147,25.714302855997836,10.483025660979523,1.5797927131364657
1789322198.3090181,LIDAR_ONLY,18.138956631604927,6.807949748445596,-3.219614335718638,0.14463205166177928,0.07314827518341163,0.21354293075035363,0.9633952024980953,0.07073802056890321,-28.107705147678146,0.1864252072098912,149,25.738598370901816,10.491509884222504,1.583784104348631
1789322198.4244478,LIDAR_ONLY,18.152922017490145,6.814194025631664,-3.220486838876473,0.14411445187303729,0.07291204471705512,0.21363084360065526,0.9634711833568166,0.07056942862263126,-28.13324200763944,0.1865280230121969,149,25.75970468699488,10.498713291100103,1.5858732689009791
1789322198.5519624,LIDAR_ONLY,18.165160971315938,6.821324260565936,-3.2218269800335917,0.14450554400980306,0.07339715762869528,0.21370186959460508,0.9633600136679069,0.07038198361710343,-28.16148329897983,0.18664062654186217,150,25.780947720747754,10.507383678502084,1.5903858955985823
1789322198.650114,LIDAR_ONLY,18.181103816772392,6.829983786019609,-3.223854704034809,0.1445872467362307,0.07349655726193965,0.21380082019572885,0.9633182202343692,0.07024012590392623,-28.182966494045093,0.18672726316056076,150,25.802948910638865,10.517040917221026,1.5935899391867308
1789322198.7631214,LIDAR_ONLY,18.198896734111784,6.836754439332141,-3.226147670061328,0.14500484135186348,0.07367351293796816,0.21363052717872455,0.963279713963312,0.0700742099349344,-28.208197047594798,0.18682930231434347,146,25.825692188866658,10.527739259764768,1.5961195500818635
1789322198.8772006,LIDAR_ONLY,18.2237850503667,6.846490627078422,-3.2292166424604063,0.1452379532610203,0.07366998123422334,0.21341504697842714,0.9632926287067158,0.06990762304315626,-28.23341672671704,0.1869333736473147,148,25.850536452269314,10.53720355076645,1.597640576989075
1789322198.9864647,LIDAR_ONLY,18.241740724110738,6.854177527978129,-3.232533470085698,0.14503024242840157,0.07381996792647783,0.21352154019262035,0.9632888419317771,0.06974267770953772,-28.258403266091307,0.18703537030231704,145,25.87473409247385,10.546187707108514,1.6002610483582742
1789322199.1023457,LIDAR_ONLY,18.259403181233623,6.862038806478354,-3.2363222256172253,0.1448445014375701,0.07395577743495418,0.21359188464957807,0.963290776556661,0.06957479991902153,-28.283898407015922,0.1871385498095163,147,25.900311956685144,10.554707782826787,1.6047290127811948
1789322199.2108243,LIDAR_ONLY,18.271170546159997,6.865939644903982,-3.236647650798423,0.1445655308302504,0.07404698669671994,0.21367296573117409,0.9633076947541468,0.06941512416214604,-28.30814338126098,0.18723671891336496,147,25.92518528441435,10.563096200461285,1.6084665861357716
1789322199.3276076,LIDAR_ONLY,18.285582880379785,6.871326189756429,-3.2394861812562206,0.14432586691200588,0.07401713960635455,0.21380026107710487,0.9633176815298021,0.06924716693968548,-28.333638306834068,0.1873399738066087,149,25.94859253941543,10.572045120975774,1.6120520198465353
1789322199.44083,LIDAR_ONLY,18.298545751547604,6.878513319755571,-3.2395023881042664,0.14419333511837804,0.07386082625230174,0.21379814695976918,0.9633499949703304,0.06908741342950354,-28.35788409439127,0.18743817442638938,147,25.969105152983083,10.581349737746896,1.6153209363732175
1789322199.5631495,LIDAR_ONLY,18.317141592119135,6.8896168480069,-3.2409213708721274,0.14395721359636598,0.0734834203441175,0.21390751633386537,0.9633898909807893,0.06890458067534502,-28.385630236258766,0.18755055122156744,148,25.99109066071391,10.590783756149735,1.6188364521808152
1789322199.6710596,LIDAR_ONLY,18.340934871861847,6.899263920446691,-3.244238300998331,0.14374876964338776,0.07327752761991518,0.21385762571578285,0.963447772894376,0.06875138544671991,-28.408877873858117,0.18764470593582727,148,26.011301016635223,10.599498131319951,1.6226536858678866
1789322199.7814188,LIDAR_ONLY,18.365970523634072,6.909652276342344,-3.2482559719974557,0.14372339491433755,0.07291947199907453,0.21381813775709402,0.963487488410598,0.06858500627571261,-28.4341262305623,0.18774696141131955,145,26.035530470078093,10.60938208033841,1.6268533079487086
1789322199.8961434,LIDAR_ONLY,18.385855981138352,6.917333743922287,-3.2509638642635355,0.14340313073538152,0.07290402256517456,0.21397906816750956,0.9635006507394129,0.06842192007806577,-28.458875532099942,0.1878471943628399,145,26.059267915507846,10.618319084702884,1.6303425028446756
1789322200.0041296,LIDAR_ONLY,18.40408728832716,6.923005486929599,-3.254182952603499,0.14345409942517537,0.07290396000642611,0.21390150510762235,0.9635102905969335,0.06825883585125583,-28.483625673502747,0.1879474318657185,146,26.080535794901945,10.626526396761768,1.632808084398628
1789322200.1169384,LIDAR_ONLY,18.42516183415742,6.932229091032582,-3.257879733163802,0.14348162938365244,0.07304798169242106,0.21391336064687427,0.9634926510030247,0.06809739654632094,-28.508126531090337,0.1880466570589429,149,26.103095604321535,10.635858189947923,1.6359871234363574
1789322200.2395973,LIDAR_ONLY,18.44339349992374,6.942836459156991,-3.2586986440620227,0.14353980919765807,0.07307520484584352,0.21400297001809993,0.963462021273112,0.067909564804308,-28.536628000136417,0.18816205912076175,146,26.12692170822808,10.645155457395953,1.6386295230297099
1789322200.351615,LIDAR_ONLY,18.46313270724869,6.950279149467486,-3.262686224553224,0.14351324583321845,0.0731469157515929,0.2140937714284274,0.9634403635005105,0.0677479156022686,-28.561130518646657,0.1882611539759165,148,26.148237677703193,10.652882331976068,1.6435358641189386
1789322200.4536214,LIDAR_ONLY,18.481415780784822,6.964684160850059,-3.2651061586872383,0.1444093072296527,0.07385885890347721,0.21396442803132038,0.963280875178241,0.06760067552035795,-28.583386329538698,0.18835117316449385,144,26.17174871404345,10.661410208565806,1.6474176566993382
1789322200.5664876,LIDAR_ONLY,18.49937145188434,6.977626180775758,-3.2659449874066735,0.1452250404373852,0.07407900157171653,0.21394893330188489,0.9631447674649347,0.06743832338891186,-28.6078961808638,0.1884503833888431,145,26.192682315487097,10.671716425692898,1.6501645948647208
1789322200.6778533,LIDAR_ONLY,18.51993055544987,6.988831007452932,-3.268051119919684,0.1455947233458491,0.07429972673532552,0.21389416786394644,0.9630841147556592,0.06727510409769906,-28.632676494215044,0.18855133496404491,146,26.215527271343326,10.680990611211579,1.6529217047068467
1789322200.790891,LIDAR_ONLY,18.537484651428297,6.993767227773533,-3.2707167624642906,0.14563008916982872,0.07449275964344768,0.21387289690701156,0.9630685800386669,0.06710991383740543,-28.657709145967896,0.18865164227801645,147,26.239131579817453,10.689183796730571,1.6576887145483374
1789322200.9011812,LIDAR_ONLY,18.551405825455074,7.000624909056592,-3.2732311229467634,0.14575990311315132,0.07482223587596891,0.21395583688322894,0.9630049758576343,0.06694437645489942,-28.682692329098757,0.18875128858156032,147,26.262002192360836,10.698421990694731,1.6612072280149321
1789322201.0079138,LIDAR_ONLY,18.56701161827041,7.0075540479872345,-3.2762007665215642,0.1460500337330213,0.07506251904676413,0.21395836197591295,0.9629417558822142,0.06678140324712491,-28.707423909095947,0.18885106803538718,149,26.286801237334632,10.708455265617268,1.6651979350243697
1789322201.1263702,LIDAR_ONLY,18.58796610799261,7.019143584798977,-3.278115645368312,0.14617617658943957,0.07491358506332435,0.21400705563674327,0.9629233927516483,0.06660933045815476,-28.73365031759363,0.18895754539192539,146,26.31199618447919,10.716163760252748,1.6688577254515269
1789322201.2388167,LIDAR_ONLY,18.61264368870193,7.031399628335967,-3.2815766806800295,0.14644581642658444,0.0748708946753619,0.21385318656072183,0.9629199273976456,0.06644484862006159,-28.758621225392908,0.18906085173614354,149,26.33439698137816,10.724975081500745,1.6735458558766998
1789322201.3460984,LIDAR_ONLY,18.63411674418923,7.043374543041038,-3.2841478095496055,0.14684251847955027,0.07504907704421923,0.21385035626369076,0.9628462680653057,0.06628366266201789,-28.783113049297494,0.18916032364624635,150,26.358315754450903,10.734776679194198,1.6759129500696264
1789322201.4541996,LIDAR_ONLY,18.645651156178538,7.048670700888641,-3.2861254070170305,0.14710050864393565,0.07549401207703747,0.21376600244531943,0.9627908343434494,0.06612114123523374,-28.80785839729096,0.18926046957346704,150,26.382622818523117,10.744354430994141,1.6801762454016191
1789322201.5704463,LIDAR_ONLY,18.65241470736147,7.055351952794458,-3.2879222590332193,0.14733146072596398,0.07599866730556719,0.21380108992924668,0.9627080228154317,0.06594706325007428,-28.8343529371755,0.1893677541214904,148,26.40612230709285,10.754414972080543,1.6829537866342867
1789322201.676828,LIDAR_ONLY,18.672197849181945,7.063283411565848,-3.291278643979988,0.14715444110413015,0.075842064045753,0.21392674593250863,0.962719532968631,0.06579429172462471,-28.857598450368005,0.18946189836183472,149,26.42814174337267,10.763645739572176,1.6855448979762224
1789322201.7938886,LIDAR_ONLY,18.692941202420258,7.07412190345935,-3.2936106125956903,0.14732086891192986,0.07568004498584337,0.2140007934955137,0.9626903722159401,0.06562506724883019,-28.883344182332987,0.1895661711947085,149,26.45098912709839,10.773143879165179,1.68857787963282
1789322201.9109418,LIDAR_ONLY,18.71230167338388,7.085448533531368,-3.297067994521718,0.14786263259223326,0.07554542073820467,0.21400143185383855,0.9626177426439266,0.0654591123329046,-28.908590874168006,0.18966842137844037,148,26.476673587475705,10.78197238031741,1.69302768079972
1789322202.0160177,LIDAR_ONLY,18.730961446772884,7.095526078099304,-3.300417148012835,0.14822677295499107,0.0755951540812275,0.21406329120821566,0.9625440788950352,0.06529807793244399,-28.933088560707816,0.1897676356148374,149,26.500893607553095,10.790231875651237,1.6964170475990141
1789322202.1312103,LIDAR_ONLY,18.75097910283958,7.10375118832062,-3.3046213030336546,0.1482071037910506,0.0758052257491905,0.2139357338487598,0.962558945684666,0.06513539040252088,-28.957837124063026,0.18986785934891554,148,26.52576196213602,10.799834050936768,1.700083620723797
1789322202.2439473,LIDAR_ONLY,18.779381002011814,7.114904190543985,-3.308834894601158,0.14788249746661528,0.07557987844921421,0.213830079164658,0.9626500642295073,0.06496776205497924,-28.983336496011102,0.18997111450161683,149,26.548568950932257,10.808102630651627,1.7035445266513705
1789322202.3508217,LIDAR_ONLY,18.799209778245494,7.120410440106216,-3.3109011778800954,0.1474056888729236,0.0753429779629471,0.2139109423515937,0.9627237959569852,0.06480671001723817,-29.007836604658426,0.19007032273537683,148,26.571648327616376,10.816544698246414,1.7061006669818748
1789322202.4633427,LIDAR_ONLY,18.812418586646263,7.131162860250118,-3.3118534001228093,0.1473045031880823,0.07526997156527257,0.2140869514063524,0.9627058699097091,0.06464237631978918,-29.032837273287278,0.190171562970438,150,26.592700572804343,10.825885182567287,1.7087402611914133
1789322202.5742319,LIDAR_ONLY,18.828392901359383,7.139721279824629,-3.3146499454802307,0.14756166965972264,0.07541002790587754,0.2141760005475077,0.9626357162124953,0.06447804395645215,-29.057838257258037,0.1902728178438378,150,26.61353333070287,10.83445035092535,1.7117079844458307
1789322202.6812503,LIDAR_ONLY,18.851051902302057,7.147006292277549,-3.3187306153078286,0.14748293861039183,0.07541545374148537,0.21415331218914122,0.9626524040557057,0.06431516871367657,-29.08259043057871,0.19037293146385909,146,26.635280000625574,10.844154155197778,1.7151017917938074
1789322202.7926958,LIDAR_ONLY,18.868981666362448,7.15512356653206,-3.322074991991061,0.14768729392026841,0.07548195202365492,0.2141411204435824,0.9626185738226612,0.06414835422053854,-29.107847285234836,0.19047508123553827,148,26.658363063636813,10.853786035989334,1.7180340606554303
1789322202.9009721,LIDAR_ONLY,18.887425170205375,7.1636491810019844,-3.3241623226557873,0.14803725328878614,0.07562661747608884,0.21407374609579607,0.9625684482676284,0.06398639439654843,-29.132360643702416,0.19057447020692064,149,26.682577176033845,10.862553743157852,1.7227216580241091
1789322203.0140102,LIDAR_ONLY,18.90267720107759,7.169742228678622,-3.3271109160119843,0.14810414690134674,0.07568977626343117,0.21405563881369596,0.9625572206013919,0.06382208783418164,-29.157396068857206,0.1906762353640783,149,26.70772189278403,10.870422472235145,1.7267472494522966
1789322203.1293864,LIDAR_ONLY,18.923536454067786,7.181329704900799,-3.328883725019288,0.14814742140358927,0.07562263433602384,0.2140496625737571,0.9625571674760977,0.06365117325614453,-29.18341830179904,0.19077991548326317,149,26.730984532231947,10.880063397865058,1.731968379854101
1789322203.2386885,LIDAR_ONLY,18.941404975562197,7.189904036917932,-3.330052549370867,0.14819145412648813,0.07562709070415387,0.21410322321169725,0.9625381269777654,0.06348736717182712,-29.20814558285058,0.19087901155848774,147,26.754640015941252,10.889213898392676,1.7342231636675762
1789322203.3487341,LIDAR_ONLY,18.958980603331547,7.2009875188889065,-3.3319349191302874,0.14802280630206838,0.07579595977817122,0.21431978695293435,0.962502597511412,0.06332819720751685,-29.232378568368617,0.1909767828616494,147,26.7787158869944,10.89653681239288,1.7371923437414618
1789322203.465085,LIDAR_ONLY,18.971625906934467,7.210609266680473,-3.33249368663621,0.14788631900955768,0.07572294514826203,0.21446523400168988,0.9624969275963832,0.06316129920977819,-29.257851751927067,0.19108075086102633,148,26.801796029261176,10.907066828607496,1.7395015091091974
1789322203.5764575,LIDAR_ONLY,18.988275112167496,7.217821558540425,-3.3350078956736886,0.14817539539723468,0.07587878655145534,0.214377132285114,0.9624598210333576,0.06299225500349082,-29.28357563915284,0.19118695432179586,150,26.823139277198585,10.917787615656973,1.7430834339666057
1789322203.686857,LIDAR_ONLY,19.009285678124815,7.227060591140228,-3.3383881912108246,0.1482169063304634,0.07573084236732457,0.21435288415983664,0.9624704822718054,0.0628332656699712,-29.307819908839782,0.19128519171356329,147,26.842961840419385,10.926996833035414,1.7471784230458767
1789322203.7999835,LIDAR_ONLY,19.02751783789481,7.233561334776663,-3.341416696540366,0.14807000145640936,0.07563722418992368,0.21438414636187406,0.9624934923282509,0.06266950647092817,-29.33281500534427,0.19138635945978966,148,26.866924754711196,10.933871262339109,1.7500521934093265
1789322203.9089885,LIDAR_ONLY,19.04616409872376,7.240905440327921,-3.3429761687460773,0.1483335201216651,0.07560745801480578,0.21423875525947908,0.9624876284117755,0.06250568446386265,-29.357809884656184,0.1914875742076998,148,26.892204538461975,10.9430277691982,1.7546040827056941
1789322204.0249317,LIDAR_ONLY,19.06729975986447,7.253278712735499,-3.345919463285442,0.14843472819537096,0.07560806569348087,0.21438294720065262,0.9624398702346131,0.062340183653998626,-29.383055159951176,0.19158981561927535,148,26.914914030916172,10.951474192796029,1.7570174370145584
1789322204.1411192,LIDAR_ONLY,19.08644451731897,7.261354069950125,-3.349393377231476,0.14854746150001794,0.07551507745246198,0.21435500073543476,0.9624360022458435,0.06216318488640716,-29.4100509447869,0.19169914802964633,149,26.938415117251967,10.960723387710186,1.7589160102591352
1789322204.2574382,LIDAR_ONLY,19.113830041952824,7.2729336743998445,-3.3528155764816474,0.14847022365888213,0.07531300986327434,0.21444909021479142,0.962442793592463,0.06199600334832708,-29.435547901680472,0.19180240830996692,145,26.961769744692262,10.970220043708462,1.7631691608569078
1789322204.3733265,LIDAR_ONLY,19.12507054565897,7.282616626775413,-3.354909722559032,0.1486770768626553,0.0757138022825915,0.21451518140938608,0.9623646834253566,0.061830452397709346,-29.460795838437594,0.1919046575964142,148,26.98400832384579,10.977926113798105,1.7663320470946087
1789322204.520872,LIDAR_ONLY,19.144641256601894,7.290288182553642,-3.357290925980872,0.14891146959625182,0.07578888979578974,0.21440206977068427,0.9623477390653822,0.06160588882997063,-29.495044539770653,0.1920433555520004,145,27.004599517647296,10.987418021461236,1.7716568229770508
1789322204.583201,LIDAR_ONLY,19.158757202104116,7.295436951766611,-3.359983378035927,0.14900078166049427,0.07600729902966413,0.21443398659880267,0.9623095775009836,0.06152393191694386,-29.507544474145398,0.19209397701313252,145,27.026781052946937,10.996708780362484,1.7758715852095255
1789322204.6941948,LIDAR_ONLY,19.178046632788913,7.304843217769848,-3.3622305296103803,0.14917062543180223,0.07604968374560983,0.21444602003374533,0.9622772337544748,0.06136165676702747,-29.532294920841213,0.19219420818487162,145,27.048937367715887,11.004736515706632,1.7794964756864236
1789322204.8053696,LIDAR_ONLY,19.20013787680261,7.3135827394039,-3.365435781505267,0.14922035641977138,0.07599147159392101,0.21439832120297128,0.9622847506535134,0.06119608093968196,-29.55754598040067,0.19229644652688216,149,27.072024201606794,11.014629758953856,1.7830410000940418
1789322204.9202325,LIDAR_ONLY,19.222325155588937,7.324623496949021,-3.3687775498316115,0.14951478445805785,0.07600290868592437,0.21429192385924872,0.9622618450652825,0.061028796265373456,-29.583047455271405,0.19239971184030083,150,27.096866187124967,11.023419417821044,1.7861850457224504
1789322205.0282874,LIDAR_ONLY,19.237064389541274,7.337789525089763,-3.3707700972519414,0.1502054913925191,0.07653760160020505,0.2143468983998538,0.9620996377939154,0.060867703998595715,-29.607551676079424,0.19249873796231273,147,27.119943410366705,11.032152258835183,1.7889009378522058
1789322205.1425312,LIDAR_ONLY,19.25515241306984,7.348518500738088,-3.37294250165473,0.15073659998389152,0.07680830883067527,0.2142669169130017,0.9620128114721056,0.06070288714766987,-29.632559728077524,0.19259986285099712,149,27.142279950036848,11.043197700273637,1.7925990701720633
1789322205.253076,LIDAR_ONLY,19.27113843605914,7.360296767418749,-3.3751097130169323,0.15122924313941102,0.07711267138702986,0.2143315599598856,0.9618967378758485,0.06053810598662631,-29.657578503364103,0.19270145452530324,147,27.165775664946484,11.05315330410303,1.79556347223762
1789322205.370463,LIDAR_ONLY,19.28285678758114,7.367740470700429,-3.3762688079604826,0.15173291332729705,0.07747307686991989,0.2142927876884387,0.9617970921760142,0.06037085737530386,-29.68311860332799,0.19280487627182516,150,27.189083452486216,11.062843484149806,1.798708758061133
1789322205.4771063,LIDAR_ONLY,19.3021416859839,7.3752462246596,-3.3789770195992115,0.15170215592006175,0.07739562264942142,0.21432277721596812,0.9618014975296868,0.060208750331755066,-29.707874060231898,0.1929032798717381,150,27.211249121067624,11.072438050531508,1.802206220106949
1789322205.58729,LIDAR_ONLY,19.321029757397003,7.383948282873423,-3.3807804738789415,0.15191523628751086,0.0773440547920482,0.21436225626947966,0.9617632147566741,0.06004710577907375,-29.732352407737093,0.1930017507001615,146,27.234053986911373,11.080377643560334,1.8057204688707587
1789322205.6998682,LIDAR_ONLY,19.336139111405206,7.38945158343067,-3.3830624184887195,0.15197739050761672,0.07750746845109201,0.21439511342789722,0.9617329153393044,0.05987938167049746,-29.75808412176566,0.19310559630358887,150,27.257862277711922,11.088017295190191,1.8092239325027013
1789322205.8169475,LIDAR_ONLY,19.36442191356196,7.403151334950694,-3.386757173145502,0.15213413092700856,0.07740538052791682,0.21432010238130214,0.961733074708196,0.059715382625987176,-29.783053744682594,0.19320824427691252,147,27.280441731859963,11.097032850230919,1.8128417486787634
1789322205.9254434,LIDAR_ONLY,19.380014281003458,7.411374552617444,-3.3892455647403756,0.1521326563054516,0.07756674125194742,0.21427398312243925,0.9617305837363422,0.05955325181876368,-29.80778429943015,0.19330986003591563,150,27.301415761688276,11.107665628839204,1.8147583066877442
1789322206.0400848,LIDAR_ONLY,19.404760640110872,7.417381415319225,-3.3942595661283073,0.15180355281501595,0.07735705967133422,0.21415219544879263,0.9618265976028146,0.05939312069930985,-29.832279633238098,0.19340901011096076,148,27.3244079761103,11.117853589258686,1.817714465381956
1789322206.150313,LIDAR_ONLY,19.42301400579856,7.428951292092158,-3.394949005796327,0.15165540717872744,0.07728005964169359,0.21421881196817447,0.9618413229083967,0.05922324010451302,-29.858274494463238,0.1935142387283138,147,27.349913342023537,11.126404730285177,1.8206480075141096
1789322206.2624896,LIDAR_ONLY,19.43710068554879,7.435352174848699,-3.397630809628747,0.1519828899829786,0.07746979837883318,0.21414713310262978,0.961790328957143,0.05906799430267944,-29.88201971482862,0.19361039487961995,150,27.370145970373684,11.135179516097503,1.822948407573495
1789322206.3737543,LIDAR_ONLY,19.453605820194788,7.442381071992479,-3.399552425469302,0.1520011604086099,0.07748952186238317,0.2142116756442384,0.9617714797464432,0.058898006077462525,-29.9080150284948,0.19371567166067066,147,27.393569210691812,11.144150914969256,1.8268626976830773
1789322206.4886537,LIDAR_ONLY,19.46606436624822,7.447705402935794,-3.401297857101722,0.1520804666137904,0.0776948424075708,0.21421960395046732,0.9617406118185399,0.05873453464575835,-29.933011307696177,0.19381690290397594,147,27.41741544251031,11.152843926901996,1.8301576696552213
1789322206.5977685,LIDAR_ONLY,19.489427275192345,7.456955314995213,-3.4051667853727463,0.15214455720643397,0.07769201329788865,0.21418593793464274,0.9617382017853071,0.058572685838574015,-29.95775849197558,0.19391712334824168,147,27.439410965759034,11.161012041769741,1.8341449128288545
1789322206.7187693,LIDAR_ONLY,19.50868290768244,7.4675432527074666,-3.4078026093802074,0.15233539500252766,0.07766185647353634,0.2141280554674535,0.9617233174568635,0.05840265595455174,-29.983756504850053,0.19402240650958227,148,27.462992942713896,11.170210309394514,1.8363988312840263
1789322206.8251362,LIDAR_ONLY,19.524173429198843,7.477224307326194,-3.410796265123461,0.1522718002872262,0.07797423662863517,0.21414071860815634,0.9617052926408648,0.05824568772978651,-30.007755497648432,0.19411958157379974,148,27.486463894704528,11.179033815147314,1.8401072987869347
1789322206.9410105,LIDAR_ONLY,19.544927298135384,7.485113256276314,-3.4134748377212545,0.1522863570218214,0.07775372369235983,0.21408275722898043,0.9617337453652295,0.05807564036073333,-30.03375519851024,0.19422485599941103,147,27.508817627914027,11.188721768784346,1.8418079591950889
1789322207.065229,LIDAR_ONLY,19.55879220666112,7.497972392484357,-3.4150372650612675,0.15215149169106093,0.07784157134320466,0.21425886043798595,0.9617087678038614,0.05790559807806494,-30.059755573667843,0.19433013532189913,148,27.531476275565506,11.198530208824456,1.8447961862318634
1789322207.1673605,LIDAR_ONLY,19.579403426570355,7.506775724574689,-3.416697434709437,0.15227610032153815,0.07773022140041236,0.21427565834910695,0.9616943091185288,0.057753546798123834,-30.083006283298186,0.19442429182930346,150,27.555375325754195,11.20832321981614,1.8489252257282904
1789322207.2774718,LIDAR_ONLY,19.598085466260112,7.514008656285178,-3.4194244798098974,0.15249161222936677,0.07788473496879945,0.21421654641310145,0.961660827683738,0.057593226961638336,-30.107507483740164,0.19452351466850878,148,27.579971486185944,11.217798274105787,1.8519422095764992
1789322207.3880665,LIDAR_ONLY,19.614382924942873,7.520817667598861,-3.422098286968956,0.15260243113883348,0.07801727672947634,0.21431493294232312,0.9616105823357819,0.05743402254656656,-30.13176197021838,0.1946215124052469,149,27.604678623336046,11.227267040484188,1.8548746882227003
1789322207.4966276,LIDAR_ONLY,19.634413348696878,7.528254257861963,-3.424986011359787,0.15279418832454475,0.078084690152383,0.21416921017251958,0.9616071269453702,0.057266260315924446,-30.15727114694288,0.19472471183824236,150,27.625557248535962,11.235358806281456,1.8577899985587312
1789322207.6093621,LIDAR_ONLY,19.651547020369225,7.541495295733348,-3.425494064778055,0.15288204420281887,0.07802947729073964,0.214386621969723,0.9615491966376514,0.057095574207320275,-30.18329832387921,0.19483061722232106,147,27.647761459960897,11.244567587339242,1.8609858887342439
1789322207.716371,LIDAR_ONLY,19.67709764232563,7.548799208515836,-3.4285570842461026,0.1528654879762731,0.07791863635351001,0.21415837535246862,0.9616116778414125,0.05693520865343216,-30.207836635888654,0.19492933115540612,143,27.670413762713412,11.255253517556783,1.8627870947799972
1789322207.8320386,LIDAR_ONLY,19.693180837755946,7.55723209351455,-3.429558115820805,0.1525338079705416,0.07783032133504136,0.21418170055229827,0.9616663026515049,0.05677111328175789,-30.232828319733702,0.1950287424299158,148,27.693300121213564,11.262987967567431,1.8646679296051314
1789322207.9552712,LIDAR_ONLY,19.70500051120348,7.564846383494114,-3.43173688954136,0.1527138256934709,0.07804927101180976,0.21415551891391812,0.9616258172778536,0.05659120663260369,-30.260304868580853,0.19513947978729254,147,27.71663094619314,11.27281039168575,1.8705044533547188
1789322208.0572464,LIDAR_ONLY,19.725843367010345,7.571941684422095,-3.4351994691859935,0.1530081730840478,0.07819039596495012,0.21401973535176186,0.9615977921294788,0.056445010142737284,-30.282786422063047,0.1952304150795623,144,27.741488855230653,11.281272669889061,1.8758079676493287
1789322208.166693,LIDAR_ONLY,19.74499527782134,7.580220275353094,-3.438276791884356,0.15308255402441354,0.07803037489369481,0.21407601639606097,0.9615864243276866,0.05627838092435527,-30.30825364042147,0.19533571682611048,148,27.76551916310955,11.288092810557142,1.8791645125591117
1789322208.2783604,LIDAR_ONLY,19.765859475674258,7.586153370260538,-3.442180435947448,0.1527138655207755,0.07799455969343565,0.21414386484332276,0.9616328452615864,0.056115081895862666,-30.333240519145306,0.1954376849877386,145,27.789033588108232,11.297106390638824,1.8829591461925161
1789322208.3895843,LIDAR_ONLY,19.78128590815052,7.595426629295535,-3.4450010399991142,0.15272010571892036,0.07797266392907701,0.21425352622070948,0.9616092031022774,0.05595381880374392,-30.35798606446437,0.19553780906511664,146,27.813214444869622,11.305109752881172,1.8867640580885763
1789322208.5150573,LIDAR_ONLY,19.800537108304937,7.605895229767414,-3.4466424272970264,0.1533479837900222,0.07813438585063621,0.21412649915970286,0.9615244437729542,0.05576807101758509,-30.386480288577864,0.1956531692518197,146,27.837652285812226,11.316129055353018,1.8908254614911002
1789322208.6222274,LIDAR_ONLY,19.82255914771912,7.616733591211913,-3.4500233993133214,0.153620136340352,0.0780827783775832,0.21404616142794858,0.9615030807072692,0.055609431235343135,-30.410201705000965,0.19579782371308274,146,27.860536016819132,11.326331542788603,1.8963370729702334
1789322208.788402,LIDAR_ONLY,19.836865882616216,7.6276886820885075,-3.4520508416088203,0.15412908119893376,0.07834114992329197,0.21403364391091392,0.9614033959955025,0.0553655845186008,-30.447636553635856,0.1960646615679855,147,27.879193889445627,11.334654197030272,1.900767157625807
1789322208.8459842,LIDAR_ONLY,19.85368492613576,7.633374045719384,-3.455171794443268,0.15451496267411954,0.07828701395698323,0.21383679249413418,0.9613896691411529,0.055284328881943845,-30.46011497561786,0.19615359989395958,147,27.900012445307542,11.342404550818552,1.9064461451291144
1789322208.9553106,LIDAR_ONLY,19.875758269265866,7.639916372289541,-3.4606205226168876,0.1543630929993643,0.07792519802156639,0.21386689791766958,0.9614367628752514,0.05514135939648585,-30.482077326722397,0.1963101239956014,149,27.92544146469791,11.350442445618581,1.9119768355345887
1789322209.0651152,LIDAR_ONLY,19.89173419765044,7.646691102999407,-3.4640316696918645,0.15475193024515568,0.07796345119220034,0.2137137392562156,0.9614052101048373,0.054977249347985396,-30.507284935169192,0.19648977924464267,149,27.950632095676223,11.35802671314629,1.9155538353905603
1789322209.1792226,LIDAR_ONLY,19.90707493942879,7.650871392090112,-3.466155046481225,0.15450672493718193,0.07777446011856577,0.21372529118442107,0.9614573860606543,0.05481642481406958,-30.531994264756893,0.19666587823951542,148,27.971529296960423,11.36502190443105,1.9189815919725381
1789322209.2942216,LIDAR_ONLY,19.93035514622132,7.663533645457543,-3.4671826988982253,0.15451219433296964,0.07728159316876547,0.2138571604164081,0.9614669271994428,0.05465240150330336,-30.557204228927805,0.19684555122912473,149,27.99484418935425,11.375950591149053,1.9215144875535777
1789322209.4102967,LIDAR_ONLY,19.94623964259788,7.671546367444183,-3.470674314672634,0.1548585392612323,0.07742181966186887,0.21373379385054403,0.9614273555627465,0.05448684240788107,-30.582667492677754,0.19702700041589694,146,28.016627216590855,11.385192700911798,1.9242302150098896
1789322209.5242171,LIDAR_ONLY,19.96037834899531,7.683455925062267,-3.4742671843100488,0.1555930977462974,0.07756147795694292,0.21363326055194165,0.9613198401451996,0.05432140909774599,-30.608134824770886,0.1972084609677907,146,28.036733851826664,11.392885965221499,1.9277720825161146
1789322209.646396,LIDAR_ONLY,19.977221919539325,7.69011836807428,-3.477994226791353,0.15608262266849965,0.07768640606833828,0.21337732321918643,0.9612872386279362,0.05414793886809786,-30.634853968732347,0.19739874779334038,145,28.058614617338048,11.402790861612809,1.9311827389035623
1789322209.744936,LIDAR_ONLY,19.998457934850663,7.701365345530219,-3.4809561217702893,0.1568058224705249,0.07775922694800119,0.21325668979533324,0.9611904186587216,0.05400362720324746,-30.65707980342906,0.19755694525392814,145,28.08357824170994,11.412217839373595,1.9349139221953617
1789322209.8663,LIDAR_ONLY,20.020683538656417,7.711735473337136,-3.4842757229143833,0.15738351653628788,0.07781770534773096,0.21326896294861483,0.9610885406141871,0.05382523535900859,-30.684549120723496,0.19775233656831218,147,28.108013688298755,11.419961615399759,1.9382343413554417
1789322209.9723244,LIDAR_ONLY,20.03867480829845,7.7170774100389306,-3.4868910797506874,0.15724243134716695,0.0779032472184415,0.21334080882855866,0.961088758203544,0.053677726886280745,-30.707271251861982,0.1979139571572559,147,28.130472183585017,11.427825737296589,1.942053572514945
1789322210.0870717,LIDAR_ONLY,20.062733570341518,7.724843564670676,-3.4904453198137646,0.15690441987117426,0.07768903639859556,0.2134232459848483,0.9611430355163788,0.053512246112547485,-30.732742833708716,0.19809503051976157,149,28.152317799996304,11.436545491267205,1.9458205985400958
1789322210.2076068,LIDAR_ONLY,20.07787851353326,7.734713023039312,-3.4920035986261504,0.15711458372018694,0.07776204911081676,0.21344390864100202,0.9610982099476468,0.05333125450432187,-30.760449620875303,0.19829168307397518,149,28.175633501334524,11.444218485667871,1.9487926054754514
1789322210.3086767,LIDAR_ONLY,20.090141382051367,7.742928623263003,-3.49403910131485,0.15738921369311037,0.07775520827207992,0.21342023095566318,0.9610590866426795,0.053190537229715534,-30.782159097888368,0.198446509978439,149,28.19822576889761,11.452714412890963,1.9512783887445426
1789322210.4289129,LIDAR_ONLY,20.107178000299914,7.7540833455583975,-3.497907742536506,0.15791306316930306,0.07774599227161584,0.21345504503387105,0.9609661642928838,0.053022623114310205,-30.808080466526334,0.1986334436763968,149,28.2182335683293,11.460426599494447,1.955174966810039
1789322210.5550928,LIDAR_ONLY,20.122086759531726,7.762087234959051,-3.500107016700141,0.15872294268854745,0.07783415407644517,0.21333174695544826,0.9608529740102951,0.05284839301201769,-30.835012415618362,0.19882607568482422,147,28.241906653528098,11.47146869766237,1.9578163685515126
1789322210.6644862,LIDAR_ONLY,20.143366750361235,7.7676319628677515,-3.5053089965634165,0.15882595456759652,0.0771460322419768,0.2131826254519223,0.9609245412988666,0.05268811091953994,-30.859711241954415,0.19900241181376604,148,28.264604861827078,11.481998379844297,1.960421372230015
1789322210.7856934,LIDAR_ONLY,20.165081590322703,7.778471080831599,-3.509061072055355,0.15946374646159886,0.0767844507372649,0.21302561688645255,0.9608826922364426,0.05251651051250155,-30.88616303546325,0.19919132251134775,145,28.287205632480624,11.489944924496733,1.9638948468389958
1789322210.8898683,LIDAR_ONLY,20.18602840018832,7.7882302089280895,-3.5136862003432525,0.16010680954756779,0.0761630632197304,0.21279789644235358,0.9608756696925965,0.05236494563251269,-30.90937876544799,0.19936678867170832,147,28.309702537392575,11.499153981652833,1.9660169880242104
1789322211.0047615,LIDAR_ONLY,20.209417561567953,7.802157336428715,-3.5164086279981164,0.16035051642113685,0.07606544245241198,0.21291227034164648,0.9608174256777191,0.05220113831452121,-30.93462278533619,0.1996238443335168,148,28.32980665766698,11.506926876498188,1.9671498260731788
1789322211.121011,LIDAR_ONLY,20.224984989393633,7.810687733927107,-3.5173251658375517,0.16026229871867584,0.07606766571832654,0.21299262266592942,0.9608141592063784,0.05203982369619168,-30.95961736519761,0.1998790893544876,148,28.356161404394793,11.518868749329421,1.9697085963207626
1789322211.236285,LIDAR_ONLY,20.239265697090573,7.821940914907453,-3.5195299007734486,0.16102607987418785,0.0765579291391042,0.2129120637464455,0.9606653622346926,0.051876878432062845,-30.98486262150323,0.200136893198892,147,28.37871043114283,11.530119926609286,1.9723434131323452
1789322211.3666265,LIDAR_ONLY,20.252312963643654,7.826490480367422,-3.5219627278574843,0.16087262886030618,0.07662038962951492,0.21296442144282152,0.9606744861690248,0.051686492989148014,-31.01435808798592,0.20043809549608133,147,28.40227865702976,11.539403832716456,1.97496588367822
1789322211.4599838,LIDAR_ONLY,20.271812532793284,7.833170984499112,-3.5252419611129846,0.1607100610618639,0.07672473441433939,0.21292874959313446,0.9607012745902056,0.05155902812594824,-31.03410567027784,0.2006397511284801,147,28.424931790902097,11.548421833820164,1.9775988386803838
1789322211.5755525,LIDAR_ONLY,20.297928002505117,7.8420132146330435,-3.528554642217983,0.1606636195218746,0.07641824708080693,0.2128799997834766,0.9607442732420601,0.051394453395853926,-31.0596032630421,0.20090012012332992,147,28.446683048031986,11.55747871771071,1.9811875921481996
1789322211.6877956,LIDAR_ONLY,20.31820005841389,7.852768937419771,-3.5313087207048093,0.16093564900443003,0.07653303690383217,0.21286256454687788,0.9606934681553352,0.05123472310301314,-31.084351610835103,0.20115283570313897,148,28.468641361901458,11.564333176167862,1.9855382756297724
1789322211.8081954,LIDAR_ONLY,20.337593311544957,7.864190587027565,-3.533342495258536,0.16104839030974605,0.07666164854408944,0.21295082516903802,0.9606447593574683,0.05106047978476243,-31.111350388794413,0.20142853464270624,148,28.490983559511005,11.574110170865936,1.9890241943684854
1789322211.9060447,LIDAR_ONLY,20.350892226156535,7.87089186222822,-3.536855313025479,0.16152452210227408,0.0769425621299529,0.21287126375069218,0.9605599908187378,0.05092012325382555,-31.13309963120538,0.20165064251056808,150,28.515511178971096,11.582621447290702,1.993293912078589
1789322212.0279264,LIDAR_ONLY,20.365375305671304,7.882074827773371,-3.5385398250100883,0.161744930875341,0.07718870503303728,0.2129052776486798,0.9604956136811831,0.05074904726642736,-31.159598998920647,0.20192130743542874,148,28.53781287960546,11.590318650242436,1.9974849093970908
1789322212.139652,LIDAR_ONLY,20.384467451927687,7.891849849237046,-3.54201145238607,0.16252489161265568,0.07733475205388482,0.21266457884614803,0.9604055250961697,0.05058897939257679,-31.184352685865452,0.2021738191681232,150,28.561666319653018,11.601770651964555,2.000723436578903
1789322212.2553713,LIDAR_ONLY,20.40561060595751,7.899830227242873,-3.545126423916408,0.1626626986523496,0.07739252507145372,0.2126388783899349,0.9603832312817991,0.050420051175323,-31.210616099406895,0.20244213166606273,148,28.583106218978894,11.609209957339289,2.0048518926000374
1789322212.3614814,LIDAR_ONLY,20.422773954919652,7.907714347226063,-3.5482614183936705,0.16295511580822686,0.07754903003032768,0.2125700891590382,0.9603362616126715,0.05026728206548317,-31.23440012208295,0.20268529791726703,145,28.60695678209421,11.618386309502876,2.008352904096154
1789322212.4786258,LIDAR_ONLY,20.439406784648707,7.9156720280783475,-3.5508706985696636,0.1631758170263653,0.07771385812924315,0.2126205287365747,0.960274294018238,0.05010267066410554,-31.259908651318696,0.2029437767951066,147,28.62860637724516,11.627052329907913,2.0111468672311537
1789322212.5867574,LIDAR_ONLY,20.45617225312002,7.92631876136609,-3.5523180326805286,0.16316897958360627,0.07775007921583911,0.2127941256430749,0.9602340700971689,0.04994364745772365,-31.284381466130537,0.2031928377933595,146,28.65132064815425,11.636640613351867,2.0148337354335446
1789322212.7013106,LIDAR_ONLY,20.470263574262656,7.938775138273314,-3.5545917265748286,0.1643655083478626,0.07837119215657534,0.2126356181896991,0.9600145987340976,0.0497784041091917,-31.31010931262262,0.20345524454621755,147,28.673538251032284,11.646183156781817,2.0186278674843456
1789322212.8300269,LIDAR_ONLY,20.489590981365506,7.948826333676038,-3.557572915344424,0.16487416966623633,0.07858063659266391,0.21247377474305276,0.9599460853485468,0.049602418414167675,-31.33732356003349,0.20373477676126298,146,28.697461871705492,11.65638974081251,2.0231691505631004
1789322212.9499726,LIDAR_ONLY,20.511187732582577,7.958298043225392,-3.5592826175451058,0.16539205838357063,0.07865391993984343,0.21226612721503132,0.9598969315186264,0.049436384602641666,-31.363050049695705,0.2039992010368632,149,28.72086814140324,11.6651545283339,2.027102130337
1789322213.079328,LIDAR_ONLY,20.52938598331619,7.963975859003073,-3.5631871122843894,0.165554501469941,0.0788033537176118,0.21217481160349844,0.9598768607518967,0.04924986079612113,-31.392042631743433,0.20429520671073365,149,28.74231749729474,11.673764454954386,2.029844658221973
1789322213.1596634,LIDAR_ONLY,20.550899709817045,7.972176528934023,-3.5663604218584477,0.1655555798577044,0.07884288058002557,0.21218730197275415,0.95987066787216,0.04913571495330495,-31.409787955384285,0.20447639267905177,149,28.76644674255729,11.68267686808084,2.0326306963317298
1789322213.2749772,LIDAR_ONLY,20.567615285143038,7.984949763427112,-3.5678141096793268,0.1659312307366616,0.07884954393504597,0.2122886706325502,0.95978283815065,0.04896846005855118,-31.43578108680025,0.20474182740199465,147,28.78815831054053,11.692209649738311,2.0344635480643705
1789322213.3853407,LIDAR_ONLY,20.583304724382344,7.990859835649866,-3.5696599394203194,0.1659414278559101,0.0789054475659304,0.2123072494375507,0.9597723712953108,0.04881564319962926,-31.459525275447625,0.20498430805124582,146,28.81008045552936,11.702032107466101,2.0378715075161065
1789322213.4995835,LIDAR_ONLY,20.598050282459795,8.003228056149425,-3.5701188767468612,0.1662896039432082,0.079010941933181,0.21235183134423832,0.95969356484244,0.048651542885020584,-31.485019796271,0.20524466552825182,148,28.832739335246536,11.710716753923986,2.041739897224431
1789322213.6023002,LIDAR_ONLY,20.624444493460476,8.014077570337182,-3.572858250263972,0.16604704367425077,0.07883779230642361,0.21225920091353648,0.9597702920068102,0.048505126941713654,-31.507765674791525,0.20547695208725958,147,28.85613340414901,11.719128406310794,2.0447890508128808
1789322213.732763,LIDAR_ONLY,20.639460880059957,8.019769652380882,-3.5763983215676247,0.1664555238349854,0.07920870672685384,0.2121748674051534,0.9596876392895167,0.048328132124788856,-31.535261710869477,0.20575774619675108,149,28.882590570052837,11.727246490432055,2.0495155476227374
1789322213.851818,LIDAR_ONLY,20.65664103009797,8.024901004125718,-3.5799799675224606,0.16656497854011354,0.07924609719489124,0.21210839450313154,0.9596802555979849,0.04817205229779807,-31.55950913751074,0.20600536306963801,148,28.9050265138248,11.735435598066342,2.051772685383716
1789322213.988062,LIDAR_ONLY,20.67531222290249,8.03049095029656,-3.5840506423775893,0.1666801495644658,0.07933646870716876,0.21206397938884372,0.9596626079617835,0.047980573505059916,-31.589257093600178,0.2063091492376533,147,28.92876247640737,11.745113610832785,2.055466622337481
1789322214.0921144,LIDAR_ONLY,20.690275175452324,8.041869355920936,-3.5848263057113345,0.16676730328590098,0.07941003360180045,0.21221311840566517,0.9596084125801797,0.04784378841582466,-31.610506300363237,0.20652612881896465,146,28.95131107727972,11.75514220326237,2.058128399247664
1789322214.2129426,LIDAR_ONLY,20.711456525353842,8.053407145896069,-3.5855773069497174,0.16679452960523417,0.0791380452395518,0.21216791271742186,0.9596361453710275,0.04768284794870062,-31.63550571516032,0.20678138587355444,150,28.97111149519929,11.764094479192538,2.0610779540575717
1789322214.3347561,LIDAR_ONLY,20.72870919554141,8.062973420041578,-3.5887206171280694,0.16699825544415178,0.07934645996508866,0.21208997975302193,0.9596007307510668,0.04752503904055401,-31.66000552493113,0.20703155770045303,148,28.995129126948324,11.7727391078252,2.0648065330526575
1789322214.4534135,LIDAR_ONLY,20.74337053416573,8.067336328677328,-3.5917617781548903,0.16667505097970067,0.07934646376442857,0.21204434565703595,0.9596670055513392,0.04735864968914496,-31.68575814340348,0.20729429751049144,150,29.01916179803224,11.78160383969152,2.070001884596141
1789322214.5721943,LIDAR_ONLY,20.76099918384005,8.071344063664377,-3.5961115322744495,0.166687749271033,0.07938057222188702,0.21191229457750949,0.9596911474029434,0.04719516594213241,-31.711014197836207,0.2075520332859563,149,29.041175979152527,11.790196111293929,2.07252728888066
1789322214.6924064,LIDAR_ONLY,20.777295969085888,8.075099843151541,-3.597957692119811,0.16627413364948418,0.07933086383179253,0.21200360572530563,0.9597468404127645,0.04703023834533159,-31.736534793070888,0.20781303412353835,149,29.063456405811948,11.799049506841241,2.0751001482250238
1789322214.8103313,LIDAR_ONLY,20.795033639768903,8.082796438973368,-3.5990757044026878,0.1659653649722353,0.07926051890638765,0.21209569016273178,0.95978575004358,0.046874191852341894,-31.760822157552884,0.2080607368570265,149,29.085810793086907,11.81052278860855,2.0778283064904093
1789322214.9371588,LIDAR_ONLY,20.816317296468593,8.08879717525099,-3.6016625672852016,0.16533065569000083,0.07899973286094078,0.2121554163323913,0.959903586730378,0.04671412532364596,-31.785561102950425,0.2083113498302484,146,29.106403869636374,11.818185742312641,2.082135450334503
1789322215.0519145,LIDAR_ONLY,20.838828018353137,8.098068032703642,-3.6038265942727903,0.16502993282221895,0.07878602793404804,0.21200893624125688,0.9600052572923339,0.04655146777455106,-31.81078370602284,0.20856842371122208,148,29.12918787792674,11.82518853289359,2.085125091406004
1789322215.1735263,LIDAR_ONLY,20.858863223144652,8.103917759493743,-3.6084369141890966,0.16430656209308386,0.07865837948405117,0.2119910244454459,0.9601437488963125,0.046394523891765876,-31.835261368201255,0.20881820212111238,148,29.1537792699335,11.834897801147715,2.0898211146592414
1789322215.2951124,LIDAR_ONLY,20.879321886418904,8.111154210559189,-3.611932058976872,0.16380782417334003,0.0785484267290073,0.2121461863315641,0.9602036955891012,0.04623352033423695,-31.86022518585149,0.20907525416526157,147,29.175224110721246,11.842885617522615,2.0930919917291146
1789322215.4157546,LIDAR_ONLY,20.897656623871164,8.115947711442356,-3.6158373638121577,0.16353301284844002,0.07848622614693741,0.21214272467904405,0.9602563878359128,0.04607589644786925,-31.8847067849568,0.20932647166085785,146,29.199165720939224,11.852096283426661,2.097056406635946
1789322215.5368874,LIDAR_ONLY,20.919154728943592,8.123995515377064,-3.6191868628650847,0.16369177948918023,0.07850790498331099,0.21204155805647923,0.9602499090548137,0.045896280695286895,-31.9127000279334,0.20961224541988724,148,29.223337711939024,11.861239445138512,2.1003820244885545
1789322215.6536734,LIDAR_ONLY,20.93575840473002,8.136483505766368,-3.6214336017902826,0.1639141276857978,0.07862292985757736,0.212145680579831,0.9601795685479539,0.045747139292287915,-31.935943974431865,0.20984958044979735,145,29.2471214672958,11.871696385021362,2.1033494566799527
1789322215.8132017,LIDAR_ONLY,20.949625364615592,8.140705197296707,-3.6222754831587642,0.1635717796501806,0.07851868754577655,0.2121606766157118,0.9602431649879758,0.04552894059598393,-31.96993529878802,0.21019669555246895,146,29.27052115806268,11.878455898964312,2.1050044684651694
1789322215.8891103,LIDAR_ONLY,20.966876571152497,8.147762864904482,-3.62480437244759,0.16343800288547308,0.07852143171834769,0.2121938351269449,0.9602583924693541,0.04543265929671716,-31.98493182452113,0.21034984258021022,148,29.2924961312565,11.887112384395847,2.110174092292628
1789322216.0139658,LIDAR_ONLY,20.991109659856402,8.157595374258355,-3.6285071540030915,0.16324929370384972,0.07836634500742075,0.21216231861828064,0.9603101241962865,0.04526896555539997,-32.0104265799249,0.21061019936743963,147,29.314689399559448,11.897850158730021,2.1134039666909854
1789322216.1450725,LIDAR_ONLY,21.01417679359618,8.165430327597159,-3.632837076435298,0.16373095774992757,0.07841384137137569,0.21193797166523115,0.9602737834191372,0.04509242061193775,-32.03792195022146,0.21089098502715015,145,29.338631716520297,11.909973518645616,2.1178075911737673
1789322216.2556129,LIDAR_ONLY,21.037673051273252,8.17510746601154,-3.638068735185462,0.16418783067548792,0.0786086093105087,0.211706619231705,0.9602308837846381,0.04494795968648501,-32.06041896207744,0.2111207175742039,147,29.362046069426942,11.917853666134347,2.121096761070063
1789322216.3709693,LIDAR_ONLY,21.051052766433347,8.188565850630088,-3.638090288490987,0.16451523102344084,0.07873659292342794,0.2118296364836202,0.9601372260272651,0.04478744045493872,-32.08541640584712,0.21137597694291926,147,29.387748233268816,11.92784516807267,2.122853822158993
1789322216.4886398,LIDAR_ONLY,21.064318809572327,8.192705012595491,-3.640801193730549,0.16456462592783544,0.07885372642455944,0.21182217919441018,0.9601207935064856,0.04463013454112564,-32.10991459648827,0.2116261361894771,148,29.41125280370691,11.935898761994343,2.1266879136962635
1789322216.6140838,LIDAR_ONLY,21.079852907126813,8.199704640052497,-3.643535963504793,0.1645358624911113,0.07890168106859397,0.2118606338364427,0.9601132987878446,0.044464809251163376,-32.13566327849447,0.21188906606664262,150,29.431841286456045,11.945360660583663,2.12950415043103
1789322216.790667,LIDAR_ONLY,21.1047486197526,8.208331735692264,-3.646364730660506,0.16451818348928815,0.07884594792665031,0.2118041543556132,0.9601333678164907,0.04424007931909972,-32.17066195155483,0.21224644156173877,145,29.45525700623451,11.955568767684735,2.1318425386783018
1789322216.9011996,LIDAR_ONLY,21.128802609715024,8.21816089016753,-3.650551201169949,0.16478934567730583,0.07886010186191657,0.2116507991307872,0.9601195212643437,0.044112868822950665,-32.19041219033495,0.21244805424639746,143,29.478698164665005,11.963679103857961,2.1351527414273526
1789322217.0352771,LIDAR_ONLY,21.14439621358145,8.222078917684346,-3.653880556211314,0.1652090353487922,0.07896292742757188,0.211444607857705,0.9600843757394925,0.04394500601052734,-32.21641631061018,0.21271334832236904,143,29.478698164665005,11.963679103857961,2.1351527414273526
1789322217.1657374,LIDAR_ONLY,21.15951689555609,8.23358137452245,-3.655264148239414,0.1652639560673269,0.07902768621388977,0.21162038151097617,0.9600308660484853,0.04378852845827739,-32.24067672268868,0.2129611796618336,147,29.5033737312151,11.973412248906289,2.1399733668960215
1789322217.3029225,LIDAR_ONLY,21.175031077211926,8.234806440577122,-3.6560566977963647,0.16434848062143187,0.07874706481352739,0.2117147846190256,0.9601902554569072,0.04362813735433528,-32.26570998686137,0.2132172558945222,148,29.54710843993577,11.990599989919845,2.1463080173120734
1789322217.436033,LIDAR_ONLY,21.1925192833877,8.244513092543231,-3.6576258053512443,0.16462351081465312,0.07868199825385047,0.21159977272235417,0.9601738275029615,0.04346231656648124,-32.291485226585856,0.2134788237732056,148,29.56920300693228,11.998747777439513,2.1492564789947823
1789322217.5650146,LIDAR_ONLY,21.212022021520387,8.252155229330572,-3.660075160273569,0.16455081940730068,0.07886567641158328,0.2115537718113377,0.9601813550308743,0.04330237134819899,-32.31620392216082,0.21372978436034526,147,29.59273556479689,12.008460469692894,2.1532038326895466
1789322217.8051887,LIDAR_ONLY,21.235734942463615,8.26227451139947,-3.661794008991888,0.1648087864911261,0.07874904777777014,0.2115303667892278,0.9601518397084035,0.043023805431313684,-32.35965974917921,0.21417350307707558,146,29.616484433677535,12.017732226193797,2.1568067140049862
1789322217.8658733,LIDAR_ONLY,21.253823128406484,8.266097192743544,-3.6666440897466095,0.16502375128592553,0.07883544954935896,0.21134508361320004,0.960148628618716,0.04293069498459446,-32.374136873472544,0.21432273810670277,146,29.639450671391636,12.026924727852565,2.162480585972905
1789322217.974615,LIDAR_ONLY,21.273827283694885,8.276644480503382,-3.6691957146793475,0.16581908555183955,0.07898744855694047,0.21111812230308252,0.9600490363895154,0.042811918070671875,-32.39261554307116,0.2145131315219127,147,29.663411579231934,12.037172447471434,2.1665092583937113
1789322218.1038167,LIDAR_ONLY,21.29450801823351,8.287108789153486,-3.672466655440711,0.16596704132942883,0.07896122451529206,0.21107817602902465,0.9600344107476885,0.04265819134789007,-32.41660798816909,0.21475823666586552,147,29.663411579231934,12.037172447471434,2.1665092583937113
1789322218.229609,LIDAR_ONLY,21.307172354546903,8.295415740392098,-3.674101241480915,0.16636854915495655,0.07933705996663402,0.21112289825447958,0.959924090019911,0.042512690578964556,-32.439352428480134,0.21499042599818077,148,29.686043235520245,12.04407451695422,2.168272406750762
1789322218.367826,LIDAR_ONLY,21.32361300070377,8.298566922087295,-3.6764762791896577,0.1659887061112341,0.07933998946955623,0.21112799496556658,0.9599884818352296,0.04235112581761178,-32.46459579535996,0.2152481867350159,143,29.71335777906077,12.054362453727586,2.1731891857185164
1789322218.507832,LIDAR_ONLY,21.3494116697237,8.310842291743079,-3.6808350099598273,0.16640934639072294,0.07918536605591812,0.21111126589250184,0.959932102103929,0.04217351059764234,-32.49233888103216,0.21553149544061903,144,29.756853618749386,12.07270520595182,2.180857997464598
1789322218.6702507,LIDAR_ONLY,21.375768666014807,8.315694885053173,-3.6861121918734843,0.1662724323378633,0.0790925805609027,0.21091606420053888,0.9600063832114982,0.041960651016943046,-32.525581721896906,0.21587097302622713,145,29.780829591575834,12.081956420266906,2.183715958281465
1789322218.7407527,LIDAR_ONLY,21.40117662163534,8.32449872873962,-3.690372268946064,0.165640367334801,0.07889297378714896,0.21098170957814874,0.9601176415521663,0.04187742004460146,-32.538579326120015,0.21600370498306576,145,29.803493633154496,12.09105125378484,2.1879793246411356
1789322218.8544476,LIDAR_ONLY,21.422160813038328,8.333635092629253,-3.69349827097374,0.16512734546456206,0.07879817588558893,0.21098500276255025,0.9602130679522215,0.04172695853339766,-32.562075608930314,0.21624364854316397,145,29.82561139284993,12.09939276468699,2.191596467716349
1789322218.969141,LIDAR_ONLY,21.43759206499318,8.337828987963203,-3.6961407804525064,0.16505862608330987,0.07889760220590518,0.21096055602264543,0.9602220900001547,0.04156528859636471,-32.587322501919694,0.21650146760357766,146,29.847715347217253,12.106664031989462,2.1958852667446696
1789322219.0936658,LIDAR_ONLY,21.452195399519233,8.345384443326626,-3.699238779659209,0.1655370100136104,0.07908488259297002,0.21088865914828445,0.960140121598743,0.04140201703356098,-32.61282026473254,0.2167618453853176,147,29.871171713695105,12.115466510921383,2.199250222798578
1789322219.209422,LIDAR_ONLY,21.47955192592728,8.355453841482579,-3.701921322363194,0.16549390351730556,0.07888300892507606,0.21087588609996374,0.9601669643677012,0.04123873657511428,-32.63831888535544,0.21702221766106805,146,29.892968950169806,12.124578514669835,2.2023748052136476
1789322219.3208854,LIDAR_ONLY,21.497614387300604,8.360598591756974,-3.7072760658731476,0.165581348844734,0.07889577753548843,0.21081660090404933,0.96016385788317,0.041081834620717836,-32.66281803735521,0.2172723599766306,146,29.917576703551205,12.134493366181156,2.205835828888509
1789322219.4443324,LIDAR_ONLY,21.521424756926923,8.372776248780822,-3.7102625961677034,0.16574461428607834,0.07879614261863431,0.21086663755862553,0.9601328824221689,0.04092000432287887,-32.688067577944146,0.2175301806773834,146,29.940017996043807,12.143597684427384,2.2092656198463425
1789322219.563838,LIDAR_ONLY,21.53504743485807,8.379278094181172,-3.712266824890196,0.16597183212720604,0.07916758264506381,0.21082056997484425,0.9600731909984558,0.040764043295930676,-32.71231907422245,0.21777759424668586,144,29.964413511447525,12.153836764554306,2.2144568277681165
1789322219.6827424,LIDAR_ONLY,21.554969896660033,8.386482443569697,-3.7152834520902123,0.16601862961119462,0.07923754162868799,0.2107490435820187,0.9600750320927669,0.04060148527656156,-32.73757418871396,0.21803530089534667,147,29.987236290245004,12.161619587152186,2.2179134197537245
1789322219.8008354,LIDAR_ONLY,21.57916718803945,8.397356910341331,-3.719034752066744,0.16632315139503323,0.07915043018399658,0.21071151724319273,0.960037746764566,0.04044216899356025,-32.76233772519621,0.21828836259604456,146,30.00911866698119,12.170736634347453,2.221437584967966
1789322219.9185812,LIDAR_ONLY,21.598356750749147,8.397812018705949,-3.721706989590429,0.16534347890242426,0.07910603703694076,0.21083863835315592,0.9601827104599109,0.0402904369483737,-32.786122662679034,0.21853166755019546,149,30.033696307632187,12.180769412555101,2.2253205238799456
1789322220.0430732,LIDAR_ONLY,21.619786894113897,8.404178744989892,-3.7255966545444292,0.16549609909749105,0.07924642900475823,0.21068638847162593,0.9601782596925897,0.04012030023009914,-32.812641864786826,0.2188004471279802,146,30.05379196785909,12.18945559336694,2.2270593818680724
1789322220.1682496,LIDAR_ONLY,21.63588276621061,8.414197181895345,-3.727112656558542,0.16551030630093858,0.07932679113517008,0.21086702429735177,0.9601295208357812,0.039957658767875166,-32.83785891198756,0.21905672213563038,145,30.079297487337247,12.199727550775167,2.231354260555755
1789322220.3370893,LIDAR_ONLY,21.654315596756106,8.422505948034734,-3.730573954123233,0.16584841430698904,0.07949514590009292,0.210658164271245,0.9601031002324956,0.039712012471842105,-32.87631965208589,0.21944937501100653,144,30.099520684175886,12.208720321865954,2.23427887434627
1789322220.4035408,LIDAR_ONLY,21.67649368945819,8.431099532928162,-3.7316419084231645,0.16609664237749922,0.07963523590142432,0.21059263740910183,0.9600629540102692,0.03963985181305341,-32.8875510915388,0.21956503756121898,144,30.12447400028536,12.218467631964696,2.2373116962830646
1789322220.528813,LIDAR_ONLY,21.696490991050307,8.440359587063233,-3.7364810487024926,0.1664713907938683,0.07971193960458108,0.21047447283998594,0.9600175930754399,0.039481246048436926,-32.912270039754276,0.21981986113959281,146,30.148097987153022,12.228271054751904,2.2398297973128867
1789322220.6527936,LIDAR_ONLY,21.714410770725518,8.44160148793128,-3.740093211221413,0.1660627674394522,0.07974074496246253,0.21048897040596645,0.9600827902845765,0.03932001559307711,-32.93751276554736,0.2200776835860783,145,30.17189138450242,12.23796003649523,2.2438208076505632
1789322220.7742846,LIDAR_ONLY,21.73955444310076,8.448933285087218,-3.745594452792058,0.16641552389635336,0.07972340264506152,0.2103369891056185,0.9600564584913632,0.039157404907925165,-32.96300659026965,0.220337946630025,145,30.1950052325628,12.24575267493706,2.2478504585423855
1789322220.8920712,LIDAR_ONLY,21.756618824809546,8.45967890052577,-3.7477386428736392,0.1663966583436425,0.0797348107438292,0.21047184840597472,0.9600292251157188,0.03900428758539611,-32.98700037096386,0.2205829492763236,149,30.218060820197575,12.253600778092718,2.250595514045129
1789322221.0189035,LIDAR_ONLY,21.77805462645079,8.469380309110916,-3.7509605556525973,0.16628920514744427,0.0796652466267713,0.21054247778472635,0.9600381314195781,0.03884314788029312,-33.012244162675515,0.22084073272316482,146,30.237676166236827,12.261522683692242,2.2541285449686144
1789322221.15629,LIDAR_ONLY,21.798058114331788,8.477073623381376,-3.7549151351181,0.16662559496517032,0.07972040769250281,0.21032158506254234,0.9600236447903895,0.03866283354607779,-33.04048803880554,0.22112915676915262,149,30.262687596071366,12.272222132330866,2.258261775154756
1789322221.2621553,LIDAR_ONLY,21.820114375243776,8.484288850494506,-3.756714330702922,0.16747749822449998,0.08000932323859307,0.21011999351942087,0.9598955068687235,0.03851761193868403,-33.063233871492315,0.22136143486082024,147,30.28194042209754,12.280645239357318,2.263089604008595
1789322221.3836498,LIDAR_ONLY,21.847289668029177,8.491979341367339,-3.7611696185462953,0.16764103587000065,0.0801790555454775,0.20989399331055233,0.959902241749866,0.0383644051528611,-33.087230263429724,0.2216064820352815,144,30.304062446118607,12.288804234066989,2.2658874863870615
1789322221.5027132,LIDAR_ONLY,21.873195002784577,8.502251713750285,-3.767010487115599,0.16790544463274593,0.0799620935277324,0.2098628767948429,0.9598809291806639,0.03820319738899138,-33.11247728463193,0.22186428480981096,145,30.327067066396246,12.296084308956823,2.2687307324241903
1789322221.6238167,LIDAR_ONLY,21.8887233816952,8.511316101716401,-3.7678720996131294,0.1676291560121064,0.08003654333558553,0.21005489078739326,0.9598810137938223,0.038043587449099574,-33.13747505936612,0.22211953998553158,144,30.352577995440072,12.305265099039739,2.272292635188804
1789322221.725814,LIDAR_ONLY,21.909709434648253,8.517910664166044,-3.7686825595181124,0.1674563675173015,0.08015402360552758,0.21015978804539953,0.9598784094699014,0.03789196352645329,-33.161223489302586,0.2223620378580245,144,30.375447450799868,12.31369405433301,2.27496184383152
1789322221.8383641,LIDAR_ONLY,21.929386638644655,8.527380341470911,-3.7723638210880677,0.16757764286827595,0.0801527149154918,0.21015502845726522,0.959858395762893,0.03773075795682181,-33.18647218856419,0.22261984273623578,146,30.39801756231855,12.323087364197772,2.278547508780628
1789322221.9387238,LIDAR_ONLY,21.94729968982933,8.529739670760694,-3.7771541501537924,0.16701438035453608,0.08012944461723462,0.21013114613375042,0.9599637338382322,0.037586855230383194,-33.20897144123607,0.22284957866296087,146,30.42061285205513,12.332480558903985,2.2828526349402782
1789322222.0549552,LIDAR_ONLY,21.974874398582664,8.536248911801279,-3.783284922557917,0.16691183186023567,0.07989495792716693,0.21010140636452232,0.9600076224314714,0.03742958494694949,-33.23347262705224,0.22309952697120308,147,30.444145959209006,12.341568066761488,2.286068537512935
1789322222.1665287,LIDAR_ONLY,22.000530219252703,8.544053701267764,-3.7883851240379225,0.16665794678224669,0.07977214628212215,0.21003769956539137,0.9600758814870562,0.03726583487537094,-33.25897781284652,0.22335977142646848,149,30.46862263643817,12.352142963949968,2.2901201920357783
1789322222.2827559,LIDAR_ONLY,22.017946362653767,8.555835917592479,-3.7908652440900057,0.1670106048468295,0.08001392814834497,0.21010115506358684,0.9599805903308225,0.037103981590527677,-33.28424626580382,0.22361814707291536,146,30.488398620737666,12.359650278400443,2.293638408314567
1789322222.3947532,LIDAR_ONLY,22.033464051966558,8.56277385280738,-3.794248051396614,0.1674842957212142,0.08016932803311971,0.20995061484815503,0.9599180323623309,0.03694792562716769,-33.308786269999885,0.22386891582842036,148,30.510910169661393,12.368983358978051,2.2967199171141326
1789322222.5071077,LIDAR_ONLY,22.055732791010755,8.572643832702465,-3.7964857755329313,0.1672489366503985,0.0800305801288169,0.21006406165763636,0.959945826301387,0.03678132757120913,-33.33479301239903,0.2241320887228677,144,30.53114572935664,12.375816012530198,2.3004642926428693
1789322222.6159923,LIDAR_ONLY,22.0808195119199,8.576763091500641,-3.801757327787438,0.1667567097330481,0.07986641507928491,0.20997072684370754,0.9600655443094063,0.03662887351449289,-33.358511644611255,0.22437338395068254,148,30.55789610990517,12.38628526717523,2.306285146584905
1789322222.7678719,LIDAR_ONLY,22.101792010035442,8.579950240157702,-3.8073820307291784,0.16677624017156215,0.0800213905123984,0.20975424401137838,0.9600965680044455,0.03641117256521292,-33.39272664569115,0.22472260109331016,147,30.581674035251616,12.395518874663727,2.3098434788609836
1789322222.8596733,LIDAR_ONLY,22.119623866944963,8.586483258768675,-3.809533709790427,0.16635384844978124,0.08001569087356555,0.20979258267708115,0.9601619439311545,0.036289666986856095,-33.41169468538231,0.22491813086249454,146,30.60383390409685,12.405882131708669,2.312871464964218
1789322222.9702735,LIDAR_ONLY,22.143710111843973,8.599343867121885,-3.811197847713411,0.16591075254730803,0.07987966225818081,0.20997378348218615,0.9602103269580479,0.03613318335045578,-33.43616993647817,0.22516992491863855,144,30.625320117542856,12.415501769680898,2.3168550407341217
1789322223.0851645,LIDAR_ONLY,22.163425933808202,8.603795316040072,-3.8135932821344247,0.16540785386877122,0.07991921216658233,0.2100117173215101,0.960285499209933,0.03597101579942441,-33.46166381414982,0.2254301897814659,144,30.648149405350285,12.424647209111544,2.320200862668295
1789322223.1877012,LIDAR_ONLY,22.178201747101326,8.608478110153442,-3.8171088540675577,0.16539159148224028,0.08002585613633505,0.20998863994124264,0.9602844656206023,0.03583276492853604,-33.48340844974202,0.2256521819783486,144,30.670208661422595,12.431875973526804,2.3243118946232637
1789322223.3126156,LIDAR_ONLY,22.197724303148735,8.60966570805145,-3.8223301317968503,0.1651445742284894,0.08014791048395414,0.20993755926675528,0.9603279665078305,0.03565629026797349,-33.511151318736836,0.22593546531266212,142,30.691950116831162,12.439488703867385,2.327362741821633
1789322223.4142835,LIDAR_ONLY,22.21962789722218,8.619493913405734,-3.82464567693223,0.16502763627413705,0.08019546140844173,0.21011232314078016,0.9603058777804303,0.035511575280523025,-33.53389582929992,0.22616772412953753,146,30.71516680019535,12.447911634439585,2.3316966465267788
1789322223.5386407,LIDAR_ONLY,22.241993898948806,8.630063134454435,-3.827803455048159,0.1654682959407203,0.08032769040673225,0.20994349442778584,0.9602559212729931,0.03534138934437148,-33.560640102335505,0.22644083066318516,148,30.736839707519778,12.4567762659665,2.3361741039888635
1789322223.6547544,LIDAR_ONLY,22.261843385610284,8.635778070894077,-3.8331108936461393,0.16571513295380205,0.0805090168210898,0.20979569367279777,0.960230472249738,0.035179141127668755,-33.58613551459272,0.22670118363548422,142,30.758744140443934,12.467000251088995,2.339953025836428
1789322223.7579477,LIDAR_ONLY,22.284638371591367,8.646281178933336,-3.8357914187373097,0.16610261927375888,0.08060256640580736,0.20977017259757516,0.9601612473160838,0.03503279366180526,-33.609132150790295,0.22693601846232045,142,30.77987029568323,12.47522271592296,2.3423924649205703
1789322223.8834116,LIDAR_ONLY,22.304350392759186,8.649100952132674,-3.8410742779665967,0.1651818381280841,0.08046556304255151,0.20985256248058923,0.9603135714636147,0.0348593995385036,-33.636379112693916,0.22721425141611906,147,30.804715159719944,12.485741895787708,2.3461156729835295
1789322223.9911723,LIDAR_ONLY,22.32947358153004,8.65297983122255,-3.847042244582672,0.1653286760016603,0.08048974519678795,0.20970571809458663,0.960318354301389,0.034704961177161514,-33.661376835341954,0.22747652583056271,146,30.828178049285775,12.494802790490999,2.3504047312885588
1789322224.108099,LIDAR_ONLY,22.344884113171897,8.655483026331476,-3.850940571787971,0.1655268751285858,0.08046044678719304,0.2095540570356206,0.9603197734571972,0.03454835568515773,-33.68687806412021,0.2277963311057978,145,30.851930480523055,12.50427254863098,2.354394781453968
1789322224.2130003,LIDAR_ONLY,22.365294971670558,8.670823230224729,-3.851633411835705,0.166102652645699,0.0808416508165234,0.20974091273227802,0.960147533352845,0.0343961672695384,-33.71111546493253,0.2281055568153292,144,30.8701197925933,12.510517137528764,2.358349863585988
1789322224.322556,LIDAR_ONLY,22.385699828399247,8.675808789453983,-3.8573934036146524,0.16587983496135328,0.08064177693898615,0.20965053317543605,0.9602225982055267,0.03425072965274929,-33.7343445445012,0.22840198829840008,144,30.890808012445955,12.517744378655571,2.3637338561577805
1789322224.442092,LIDAR_ONLY,22.405920663904453,8.678456308529064,-3.8634909513903106,0.1656583449052396,0.0806031660226141,0.20938643049586977,0.9603216987627562,0.03408568077814433,-33.76081016637769,0.22873996067750738,146,30.91064691841951,12.527364924738341,2.3678121980629827
1789322224.5564208,LIDAR_ONLY,22.426920815711085,8.681357195280267,-3.867319258531729,0.16518364311500033,0.08075407783309906,0.20941854607717852,0.9603837855355029,0.03392619514602463,-33.786520811276915,0.22906894201253455,144,30.933020819351526,12.536133673747651,2.3707184018357537
1789322224.6643012,LIDAR_ONLY,22.444190407400963,8.68401079532609,-3.871097773944921,0.165045153210901,0.08087475857214926,0.20950242831249646,0.9603791456287741,0.03377603670622348,-33.81072378699656,0.2293782826255856,149,30.9570636687215,12.544199720860547,2.3734830920387884
1789322224.780009,LIDAR_ONLY,22.46260460536896,8.689072202973382,-3.8726152009901305,0.16432698782328373,0.0808984106293217,0.2097054067612958,0.9604560013897855,0.033620603843600064,-33.83585101496477,0.22969758651423955,146,30.977569741881368,12.551429637010658,2.375970344761562
1789322224.8817139,LIDAR_ONLY,22.484268670936736,8.69348275970882,-3.875539669537283,0.1636737274181816,0.08097478200052048,0.20985279239363455,0.9605289173979101,0.033485688486243184,-33.85793367894714,0.2299777946336639,144,30.998658731339837,12.559560179082737,2.3811914595262405
1789322225.0261676,LIDAR_ONLY,22.50062213308217,8.698431202448509,-3.8782776933387866,0.16318921664356384,0.08122038480653927,0.21004704931233753,0.9605481589896042,0.03311449893668644,-33.890316153341324,0.2303736223138849,143,31.019598525610323,12.565027118924975,2.383515569147445
1789322225.1065388,LIDAR_ONLY,22.512768303021485,8.703708639623413,-3.8815757942238744,0.16296292649497732,0.08136050625021397,0.20988842220828816,0.960609391393722,0.032855189741040645,-33.90714885523484,0.23058660183483104,142,31.040092599622714,12.57255445140997,2.385725324453061
1789322225.2334707,LIDAR_ONLY,22.54064013246775,8.706998106346386,-3.8895940805663156,0.16247950692854132,0.08106065478490347,0.20976035172611562,0.9607445940091659,0.03271566989163213,-33.93495143460084,0.23095353922649509,143,31.064128330742776,12.585409730501107,2.3905459682210246
1789322225.3521912,LIDAR_ONLY,22.56265166158039,8.711253510206712,-3.893989352222332,0.16204173282216489,0.08114207533913273,0.20991971894925107,0.960776848196248,0.032535256939084545,-33.96120534479223,0.2313003196349211,147,31.086596145985105,12.592773999221057,2.3945682803956783
1789322225.4608364,LIDAR_ONLY,22.576567152902545,8.71556264524479,-3.8974256039704165,0.16206595741558755,0.08151309217700908,0.20995709666272516,0.9607331881493792,0.032370151149905275,-33.98523076155819,0.23160652777559504,145,31.109481366218777,12.600164050862563,2.3991197540575833
1789322225.5771174,LIDAR_ONLY,22.602476105608126,8.725216389865405,-3.901968424512963,0.1620479208649422,0.08149010873903399,0.210023438193405,0.9607236798010502,0.032189394493937956,-34.01151490647521,0.23194105383735966,144,31.133435115049586,12.607151419434418,2.401507647126865
1789322225.6753674,LIDAR_ONLY,22.618036304334993,8.727824029640164,-3.9057911278298616,0.16193883420967958,0.0816062312189524,0.21005044329688438,0.9607263128861576,0.03204390825060099,-34.0327937604351,0.23221226195135197,146,31.1589849480359,12.617579513914235,2.4058628635291495
1789322225.7958474,LIDAR_ONLY,22.631995893722934,8.727627000566585,-3.909251350218843,0.1611891346766256,0.08148297571340823,0.2100639725433057,0.9608598831101308,0.03186037839686379,-34.05932993415762,0.23254974447278287,145,31.180594724334245,12.626158312000623,2.4072226014874882
1789322225.9023123,LIDAR_ONLY,22.656218666567245,8.73872937785752,-3.911718086553312,0.16135654832835597,0.08114549495169313,0.21005600757500062,0.9608620851309801,0.03168178069012637,-34.08510547369244,0.23287888064367962,146,31.203057008412785,12.634314161771462,2.4108482465045182
1789322226.0024922,LIDAR_ONLY,22.676125126740263,8.748681122048355,-3.9149110086328203,0.161313500378861,0.08080714561017649,0.21002164527724948,0.9609053378605471,0.03152806248503625,-34.10737243688715,0.23316253018190344,148,31.226582870003643,12.643931963618325,2.4140084142070264
1789322226.1279495,LIDAR_ONLY,22.69230908848534,8.751970182532059,-3.9192934709735217,0.16179816500879485,0.0810413304851528,0.20976660563305585,0.9608598377048387,0.03133554888331833,-34.135388419999835,0.23352038510286557,147,31.248712622870332,12.654168111345063,2.415960268847692
1789322226.223525,LIDAR_ONLY,22.712540087559574,8.758769386457214,-3.9238664404823616,0.16249432557254373,0.08091604279421433,0.20953433404149072,0.96080359649256,0.031183551105552265,-34.1573954456313,0.2338004898457571,147,31.270451007912513,12.662281458228195,2.419417251447884
1789322226.3506203,LIDAR_ONLY,22.735519427432298,8.763571176503085,-3.9307855015645683,0.16248979731154634,0.08093858040452397,0.20933504699400812,0.9608459033954245,0.031017268921570543,-34.18543150493985,0.23415136427533526,142,31.29279854523209,12.671062064874846,2.4230215227417298
1789322226.4484994,LIDAR_ONLY,22.749581233651277,8.765685491925693,-3.935229005290649,0.16201893868637388,0.0808618081430551,0.20934326962111013,0.9609300843220178,0.03089058020336298,-34.207700475252516,0.23442903288193456,144,31.31527918676501,12.678576294780397,2.4260160396819628
1789322226.5660124,LIDAR_ONLY,22.772474672500348,8.773173217587038,-3.9394779601922427,0.16104231235890734,0.08046569810731302,0.20959821087989314,0.961071919813573,0.03074123288118813,-34.233207613297985,0.2347559746233253,142,31.33966826731861,12.688638957748866,2.430230872913562
1789322226.6885176,LIDAR_ONLY,22.791009190341274,8.779425880969088,-3.9424814272970754,0.1606967500356281,0.08042462748032761,0.20962540713234823,0.9611272665507076,0.03058252512147059,-34.26045273710607,0.23510496453350316,142,31.36417825065278,12.698517249571635,2.4332711773604117
1789322226.794081,LIDAR_ONLY,22.813975726586147,8.788728043999557,-3.9475982552745914,0.16054245637311831,0.08004622998631952,0.2095386742495552,0.9612035501184967,0.03044430228743354,-34.284186084448656,0.2354088288144445,142,31.388803976450703,12.709656855318942,2.4357171467246865
1789322226.903133,LIDAR_ONLY,22.830604177770407,8.791910740233751,-3.9516683640259243,0.160503580134722,0.08016953112800007,0.20940649376732245,0.9612285718863801,0.03029403146201424,-34.310132314343285,0.23573842477755358,142,31.41332057778127,12.720634699564389,2.4401632575172636
1789322227.020525,LIDAR_ONLY,22.849099617820205,8.793788535038361,-3.956969526832156,0.16058982571191877,0.080262863500228,0.20919260849977622,0.9612529496285661,0.03015178577737261,-34.33551399298111,0.23605853626093148,143,31.431404886325986,12.729102332238021,2.442343468575184
1789322227.1271586,LIDAR_ONLY,22.872870332381222,8.809537748802331,-3.959851288876187,0.16058581795180984,0.07995116821778352,0.2092023036102089,0.961277484360027,0.030018979343995694,-34.35976408770848,0.2363641875049859,142,31.452764695129623,12.737370026058377,2.4452422218433574
1789322227.2567396,LIDAR_ONLY,22.888608366586332,8.814533179540103,-3.962558822539797,0.15991569569041167,0.07988652992017437,0.20940074565466574,0.9613513615366833,0.029887810898128933,-34.387739350445536,0.23671135918381622,142,31.478468345793228,12.74988892765543,2.448536885517076
1789322227.3503933,LIDAR_ONLY,22.909369668422833,8.822979299356094,-3.9671288321135694,0.1598451160025466,0.07988224451155722,0.20941342003437513,0.9613606947506407,0.029636174640610267,-34.40863591513325,0.23695959936736916,144,31.503359880335733,12.759292305900546,2.451699831606547
1789322227.4649544,LIDAR_ONLY,22.92758821280725,8.830279459710555,-3.9713907487674764,0.15943208222920444,0.07979091023056094,0.2094411156084803,0.9614308300097901,0.02937275044080912,-34.43474221229421,0.23729234212037537,143,31.526031218514028,12.768463620457606,2.4558993675024725
1789322227.5769227,LIDAR_ONLY,22.945726998872363,8.83903416934094,-3.9734473596647057,0.15879922901755236,0.07950696810403732,0.20968143971464223,0.9615067034220456,0.029270170270201644,-34.45953840797247,0.2376200754590565,147,31.547764673963027,12.777960974587897,2.458820875270539
1789322227.6929643,LIDAR_ONLY,22.965945825972405,8.840234599445246,-3.979719568286438,0.15854630433270595,0.0795675160399431,0.20956144138176372,0.9615695929362951,0.029107645445427335,-34.484939713221486,0.23795985289370009,144,31.56994307107314,12.78758998755323,2.4651065136023886
1789322227.8006506,LIDAR_ONLY,22.987370194467942,8.84664707030044,-3.9865276700787295,0.15817011501213066,0.07921542681826199,0.20947447348747864,0.9616795598473504,0.028958583088898315,-34.50958042558507,0.23827536650135614,144,31.593244064007035,12.7970168599971,2.4689185303211545
1789322227.918643,LIDAR_ONLY,23.008377546495357,8.85628724307248,-3.990731146111798,0.15797227624521332,0.0791686515311653,0.2095226124567668,0.9617054431695469,0.028807138050777663,-34.53495335567991,0.2385996268101727,144,31.61378898841986,12.804903964952496,2.4719334970214875
1789322228.0222166,LIDAR_ONLY,23.023292528882084,8.857246045737776,-3.994831589536076,0.1575631131839639,0.07906666275438956,0.20953977198346083,0.9617772154515725,0.0286719783027476,-34.55755260151548,0.23888888088477095,144,31.636998255042403,12.816176451223233,2.476153803800103
1789322228.134617,LIDAR_ONLY,23.042585443195208,8.862920725244978,-3.9992584062333623,0.15737903854831858,0.07893078607894916,0.20952342819173986,0.9618220741245997,0.028519905331534687,-34.58264414873223,0.23920950183010498,142,31.655246789498367,12.822961583083051,2.477836184546703
1789322228.2478979,LIDAR_ONLY,23.05866438475487,8.873761171616437,-4.000199628075833,0.15734147013867306,0.07893556885017418,0.20961220992498747,0.9618084836365625,0.028370770098591507,-34.607473448605916,0.23952621170257174,144,31.67768998603637,12.830165781931806,2.48272763093992
1789322228.3597927,LIDAR_ONLY,23.08021968054412,8.883951404779246,-4.003386662504231,0.15742250754483578,0.07889043700291598,0.20972324238868434,0.9617747213717784,0.028218101383916776,-34.63304294649397,0.2398524276813445,144,31.70185758624271,12.840556977783733,2.4859508648963997
1789322228.4884126,LIDAR_ONLY,23.099725733817692,8.889650441312726,-4.00687818172504,0.1574798762726726,0.0790170400149084,0.20960378204356028,0.9617809784506355,0.02805167149979078,-34.6611024599673,0.2402104721917358,143,31.724210428043236,12.850700621122304,2.489342345537049
1789322228.6001375,LIDAR_ONLY,23.12362871607038,8.899576971979831,-4.010971024891924,0.15759150752463263,0.07885611164411438,0.20951614397366716,0.9617949967778426,0.02790823811616777,-34.68539189194029,0.24052060081250712,139,31.745444000152627,12.858029747523384,2.4919018560602075
1789322228.7157547,LIDAR_ONLY,23.13934074287796,8.906423019426606,-4.0155272506849045,0.15759767326690818,0.07901200050401766,0.20951500421116467,0.9617814409561071,0.02775646079268633,-34.71116993359994,0.2408498815043351,141,31.76776486358814,12.868687928587187,2.495708873504605
1789322228.8220644,LIDAR_ONLY,23.164863410311952,8.911732226839588,-4.019956851324665,0.1573801364775797,0.07888818803901071,0.20948215948401191,0.9618343783043602,0.027613096059286968,-34.735433480280484,0.2411599803956772,144,31.788696600596218,12.877554271891876,2.498550544467745
1789322228.9366715,LIDAR_ONLY,23.186220531495255,8.916273716783543,-4.024090610094001,0.15708366010955385,0.07895643109270832,0.2095194035693824,0.9618691310379074,0.027462855353717126,-34.760937811784615,0.24148632302615486,143,31.811462684561068,12.885964881738357,2.5017558697236804
1789322229.0564873,LIDAR_ONLY,23.204213853242443,8.92582473727927,-4.026418961241223,0.156564012481425,0.07874871994317423,0.20970923937076374,0.9619295109443121,0.02730060196589537,-34.787704432779655,0.24183774254464208,145,31.83647552579631,12.897434990459242,2.504521083318809
1789322229.219504,LIDAR_ONLY,23.21800805053838,8.928243058351212,-4.030499656019254,0.1566198945393272,0.07898679026818411,0.20964670222395348,0.9619145262674023,0.02707849807189993,-34.824498148045485,0.24231881132282618,143,31.85404676343809,12.907582941611194,2.507856607790481
1789322229.2787642,LIDAR_ONLY,23.2389793200427,8.934098792975613,-4.034688040128367,0.15642215230201084,0.07897232392457566,0.20958393371852851,0.9619615673457157,0.0269998591131951,-34.837021346620915,0.24249182150123855,143,31.875798093532318,12.915121091004465,2.5105640701850684
1789322229.3871534,LIDAR_ONLY,23.253253912302515,8.944523756751765,-4.036409128423357,0.15616748606306985,0.07907159637324074,0.20976243260624655,0.9619558829857209,0.02683231496402412,-34.86108314916901,0.24285988042196419,145,31.90021944494369,12.924402400832033,2.513604966285986
1789322229.4957993,LIDAR_ONLY,23.28204769648093,8.95264000777246,-4.042750056583261,0.15636984335515106,0.07901192101053389,0.2096518270619111,0.9619520257460417,0.02666152411397201,-34.885333808449595,0.2432264759536017,143,31.92514494599391,12.935258796951098,2.5176085077436934
1789322229.6120486,LIDAR_ONLY,23.30229466561689,8.95568344740441,-4.048006096090018,0.1559998474666844,0.0790625620066596,0.20957808922736226,0.9620240035441538,0.02647801058932292,-34.91125501816178,0.243621019558699,140,31.948502854936724,12.94428904922246,2.5216559355581327
1789322229.7166033,LIDAR_ONLY,23.318065442462363,8.96545036460904,-4.048843205454926,0.15634651288367307,0.07931346806564045,0.20962078993572972,0.9619377662402266,0.026311624629299382,-34.93546348067504,0.24399124761632918,144,31.97123193874746,12.951561782455999,2.523806638005822
1789322229.8348527,LIDAR_ONLY,23.336878232101192,8.970204421711452,-4.0519559465255295,0.15656636453290412,0.0794716072029159,0.20955961983406723,0.9619022834365955,0.02613280581429593,-34.96114003405291,0.2443864178708965,145,31.992706837170278,12.96150044206702,2.5270760404690384
1789322229.9479823,LIDAR_ONLY,23.354670986138704,8.971481219585835,-4.0558841416925375,0.15639291198971184,0.07965600543223501,0.2094506201128616,0.9619389874686938,0.025963473906252504,-34.985825649366035,0.24476900977081661,142,32.01525853038199,12.970986136972595,2.5303329917154254
1789322230.054675,LIDAR_ONLY,23.375376951240305,8.9771109521677,-4.059844360448474,0.15644454137196634,0.07970249514777479,0.20940385201870115,0.9619369233488566,0.025809331299640977,-35.00830966476132,0.24511280563086676,137,32.03559000980844,12.978972481452786,2.5339784112338686
1789322230.1767945,LIDAR_ONLY,23.394883738721575,8.981612601359263,-4.065260481663352,0.15629903826833702,0.0797327109391742,0.20948298213900507,0.9619408431067019,0.02561819237638424,-35.03605245979687,0.24553721520863966,139,32.05796585657261,12.986757291475257,2.5373198041089733
1789322230.281495,LIDAR_ONLY,23.42072868124741,8.986749799500986,-4.071274336504266,0.15647452577455562,0.07980252569710047,0.20926535316950423,0.9619538926782479,0.02545133218459067,-35.06029575452111,0.24590816410040361,138,32.08096320570934,12.995183610284206,2.541356196508874
1789322230.3898902,LIDAR_ONLY,23.43635854046167,8.991656391126611,-4.074499852444177,0.15662006539478135,0.07998122451304043,0.20923137881751036,0.9619227562331877,0.025279316861534173,-35.085288345489886,0.24629052760384304,140,32.10306906269669,13.00374229006954,2.5448931031827366
1789322230.504499,LIDAR_ONLY,23.45307705447704,9.003345776007839,-4.075618651630345,0.156455447929901,0.07981137275564622,0.20933713703507664,0.9619406429972023,0.025107319354390027,-35.11028106186332,0.24667287299716917,136,32.12379527269233,13.011326897381652,2.547904186500971
1789322230.614017,LIDAR_ONLY,23.47717699471614,9.009292944204175,-4.081084949275174,0.15645267946684172,0.07959820330907781,0.20925590858485044,0.961976428941968,0.024935123880019942,-35.13527410039442,0.24705520742249584,139,32.14891064466749,13.022013942652972,2.5528015523058496
1789322230.7270963,LIDAR_ONLY,23.49364245628508,9.01582668169339,-4.084806475223856,0.15658685907406683,0.07982433033613197,0.20930037715192948,0.9619261842655946,0.024757506415166983,-35.16101726015843,0.24744899801015813,137,32.170762386031456,13.030277085003467,2.556517636298939
1789322230.8372965,LIDAR_ONLY,23.510257133195367,9.029435494984945,-4.084612574175369,0.1571451836470424,0.0799185113442629,0.20932736067054,0.9618214381452308,0.02459210655306776,-35.18501113975448,0.247816021950455,134,32.192584387528214,13.037640351559567,2.558668041337783
1789322230.9540935,LIDAR_ONLY,23.528953226630307,9.035619378031054,-4.089399883947103,0.15717784333643897,0.07990412337422936,0.20929753842051932,0.961823786898106,0.024414904844002216,-35.210754786293556,0.24820980453345431,136,32.2162785993821,13.046991005722326,2.5619442891352593
1789322231.0614986,LIDAR_ONLY,23.545116935690587,9.041265123241246,-4.092986314707842,0.1572688000535961,0.07999005704653137,0.20925573077821796,0.9618108724899448,0.024246188907212744,-35.23524889221188,0.2485844273852024,132,32.23925177393604,13.056254868296188,2.565966919298752
1789322231.181754,LIDAR_ONLY,23.566945203629512,9.050491233846309,-4.095277247746865,0.1575411213773788,0.07988405904443081,0.20911672463579964,0.9618053481153758,0.02406721307346929,-35.26124753948269,0.2489818567945438,139,32.258920164508744,13.06517451895992,2.5693640873593364
1789322231.3020177,LIDAR_ONLY,23.59099126502714,9.056509971770815,-4.1015829136017965,0.1575043381042385,0.07981512817296726,0.20895409062886983,0.9618524402435857,0.02387615376627436,-35.28900216426781,0.24940602806458187,134,32.27914718450913,13.075357876950386,2.571911642259347
1789322231.4555497,LIDAR_ONLY,23.60528415112054,9.061584853116923,-4.103658352857198,0.1575372569973903,0.07995408269680065,0.20899386160968325,0.9618268675428672,0.023642350435309663,-35.323027359494475,0.2499267975227983,132,32.304188529032196,13.08495825264899,2.5765540240048406
1789322231.5157304,LIDAR_ONLY,23.62294188202169,9.072838047775072,-4.105032751903032,0.15797005835844022,0.07986875468164217,0.208993926925084,0.9617629547847367,0.02355269529823758,-35.33604694927886,0.2501262061008642,134,32.32335488558901,13.090518572756137,2.5793426679561753
1789322231.6268878,LIDAR_ONLY,23.64299577752599,9.081391593252471,-4.107502475057516,0.15797959587907026,0.0798521830292753,0.20903001012742822,0.9617549225335279,0.023375485971595743,-35.36185324660438,0.2505211763040498,130,32.34700092211284,13.099427075863444,2.583115459770372
1789322231.735421,LIDAR_ONLY,23.66251962476738,9.086890364840775,-4.110923413501852,0.1580741962536738,0.07983062505942992,0.20900295189446527,0.9617470488027379,0.023216476748975146,-35.38517576799,0.25087757225158913,127,32.36917547835798,13.10895572783758,2.587011084566394
1789322231.8538156,LIDAR_ONLY,23.681498007935797,9.099417447447527,-4.112294379877567,0.15849457200321795,0.07981117431099768,0.20907060970185892,0.9616647686483628,0.02303578793689106,-35.41088744919817,0.2512654449392321,134,32.388681884462976,13.114385235193497,2.5893852295655173
1789322231.9687924,LIDAR_ONLY,23.699532909653062,9.108651011609151,-4.114941458795674,0.15831203340949243,0.07968608548281562,0.20910630628834365,0.9616974475003158,0.02286893920266793,-35.435065456163365,0.2516343006415351,132,32.413981786380646,13.124500535683055,2.593059394936944
1789322232.0823908,LIDAR_ONLY,23.717717252887788,9.113212502586329,-4.118940714835312,0.1583612169725007,0.0797602731352802,0.20895005974733083,0.961717160250331,0.022695815123743877,-35.46052103980901,0.2520231760986793,126,32.4375061366003,13.134711421181015,2.596895965227033
1789322232.1968567,LIDAR_ONLY,23.736410047244863,9.124507094231094,-4.120095219461255,0.15853531790127035,0.07977628531440048,0.2089826387271737,0.9616800684167298,0.022525710988587515,-35.485180515212065,0.25240547143702974,127,32.46122794728025,13.143691979449299,2.599237194045228
1789322232.3057823,LIDAR_ONLY,23.75707784613326,9.137582781747966,-4.121823279235784,0.15857324722077457,0.07955646091558025,0.20911449608081886,0.9616633622642136,0.022359390018268636,-35.50988043386888,0.25278571680654094,131,32.48366075478745,13.151858641587966,2.6030255556880153
1789322232.419324,LIDAR_ONLY,23.77327430183276,9.141718198813123,-4.1265229378242765,0.1588003108012501,0.07987065821939447,0.20905754861095097,0.9616122298586925,0.02218914016997848,-35.534865274179175,0.25316816757471344,121,32.50469734290469,13.159648908843653,2.606650083561957
1789322232.5311751,LIDAR_ONLY,23.79433837195373,9.151303816177881,-4.13008916548308,0.15915708078996285,0.07989340466453086,0.2090366320541027,0.9615559026832525,0.02201696560654451,-35.56010856621017,0.2535543417097264,124,32.525722414389044,13.167845816416504,2.6096765615335737
1789322232.6467948,LIDAR_ONLY,23.810484577109673,9.16519523486426,-4.129611919158682,0.15921665413408986,0.07984881416203161,0.20916208087573732,0.9615224635165809,0.02184020020496681,-35.58610116112098,0.25395203726904864,125,32.548282140298404,13.17564256766264,2.6131127810228314
1789322232.7487414,LIDAR_ONLY,23.82634043003024,9.16927075772208,-4.1330875537103395,0.15927902884129988,0.07995584269835268,0.20910243751371738,0.9615162114159026,0.02167707189948772,-35.61009404815298,0.2543190786490029,125,32.56819489062357,13.186072517207702,2.616036638473819
1789322232.8590677,LIDAR_ONLY,23.844244445934976,9.175526084012114,-4.135677036638402,0.1593451275286741,0.08004485515411985,0.2090734949358312,0.9615041472669495,0.0215087894370123,-35.63483692285805,0.254697576485884,115,32.58771436039433,13.19280376444456,2.619684350679708
1789322232.9756398,LIDAR_ONLY,23.86757617777997,9.184747043626011,-4.138667240117836,0.1597216578035737,0.0802236092942972,0.2089337847563906,0.9614571431570126,0.02133351836834132,-35.66057982749571,0.255091342065487,115,32.60917301752937,13.20154798409244,2.624046948990008
1789322233.082977,LIDAR_ONLY,23.887353707171556,9.192045642306914,-4.14260269618736,0.16000393707090232,0.08036666827051103,0.20891899159075186,0.961401473738007,0.021168349878860862,-35.68482339815208,0.2554621665313751,114,32.633609911894595,13.212451031394298,2.6274284097348737
1789322233.2013087,LIDAR_ONLY,23.9032004162282,9.199863654361831,-4.144147510233889,0.16013123422126302,0.080444405612565,0.2088880217382614,0.9613805072949482,0.020991259359387247,-35.71081675987126,0.2558597483826821,122,32.656642879372676,13.220782196131237,2.6309286428155954
1789322233.3067627,LIDAR_ONLY,23.91537189021751,9.213464722001616,-4.142882908102996,0.1603766560050031,0.0805182454920954,0.2090513923375587,0.9612979016482123,0.02082649783656923,-35.73506069810643,0.25623051737021013,121,32.68126267406175,13.229681163110168,2.635076262739861
1789322233.4334233,LIDAR_ONLY,23.930425642774267,9.219543853190679,-4.145880682100878,0.16023123112634283,0.080639866872505,0.20908155428933042,0.9613053979347453,0.0206329453478475,-35.76355882679482,0.25666619987708006,122,32.7016741413153,13.2375448813142,2.6367269222009453
1789322233.5417671,LIDAR_ONLY,23.950155385479587,9.230688836735622,-4.148380032671277,0.16054128172692222,0.08066870348262171,0.2091474805968049,0.9612369055024463,0.020469875374681486,-35.7875617424689,0.25703316631554884,118,32.72238078013891,13.245265225432664,2.639447521963723
1789322233.690752,LIDAR_ONLY,23.96551768259339,9.241621213116446,-4.148451521903583,0.16086616000436654,0.0807416690827932,0.20920329261187964,0.9611643167531359,0.02023060428693281,-35.82282591671761,0.2575722052466781,113,32.74448993691683,13.255081233133646,2.6435252234792492
1789322233.7521029,LIDAR_ONLY,23.982278744944942,9.248880098006689,-4.15057079192778,0.16057662081985882,0.08073384510851367,0.20928044548735017,0.9611965929177475,0.02014900474393723,-35.834838053949476,0.25775627049920746,113,32.762790015738005,13.261990900730861,2.6452091108410936
1789322233.8666565,LIDAR_ONLY,23.997721943583556,9.256875281189076,-4.152490935960954,0.16049495140203032,0.08077679841730948,0.20933506946275884,0.9611947295449196,0.019975346943317422,-35.86038118973023,0.2581475232105285,114,32.78507243363163,13.270139080398272,2.64933194957652
1789322233.975826,LIDAR_ONLY,24.014194016023804,9.265091422985938,-4.155500592702906,0.16066100294988167,0.08082461861493635,0.20930781315803385,0.9611689042555891,0.019809900673307207,-35.88494517704767,0.2585232013231643,121,32.80536161164598,13.277475164930907,2.652046032439951
1789322234.0895276,LIDAR_ONLY,24.034122561994923,9.273563531488923,-4.158202090153629,0.1608892250910815,0.08095261624662849,0.20931815864426714,0.9611177033195211,0.01963158863747272,-35.91127283559447,0.2589241894766289,124,32.824445137395884,13.283912405515,2.653579927097568
1789322234.2106028,LIDAR_ONLY,24.048438520934212,9.277713515913609,-4.163168231830229,0.16123508430955094,0.08124345243094357,0.20922822735142668,0.9610547840285552,0.019444197106140065,-35.93744356751985,0.25931961203214626,129,32.84795646328032,13.293795325155275,2.658373327328168
1789322234.313892,LIDAR_ONLY,24.064899391323937,9.287700457799497,-4.164928854932234,0.16138988926271886,0.08135648230980866,0.20925011438781801,0.9610144723460861,0.01928673457349188,-35.960879919401314,0.2596780362344984,118,32.868757697122746,13.30098010877612,2.661410039499874
1789322234.4229147,LIDAR_ONLY,24.08231746504795,9.296691293036677,-4.166760620384467,0.16141393720800845,0.0813819820707829,0.20927958105789365,0.9610018578657756,0.019124185210201983,-35.98508009715993,0.26004738531755184,118,32.89255511122901,13.308851608980497,2.6644772429046157
1789322234.536605,LIDAR_ONLY,24.09942479608506,9.309893456939474,-4.16699900239578,0.16125643742894974,0.08136526162134183,0.20950353357616142,0.9609809181290314,0.01895172081572427,-36.01047741501668,0.2604437792213701,126,32.90933939654143,13.315064176396726,2.6674087038300023
1789322234.6435637,LIDAR_ONLY,24.120922939507096,9.319387205827862,-4.169890731764479,0.16129809062132544,0.08130564883255756,0.2095491882763314,0.9609690188151553,0.018793744423524814,-36.034443986933304,0.2608102437652132,114,32.92717033894992,13.323248877061136,2.66989326219768
1789322234.760054,LIDAR_ONLY,24.145113746583835,9.327303243846808,-4.175345555765355,0.1615299713228525,0.08130985425717947,0.20933144565294068,0.9609771702938444,0.018620970806455972,-36.06017891520077,0.2612040024044936,109,32.9441731085193,13.328916381706387,2.672205257988176
1789322234.8737636,LIDAR_ONLY,24.15848838064724,9.3388351028088,-4.1749708904346905,0.16138062788009133,0.08130811094440779,0.20945904229229761,0.960974606137786,0.01845473739046924,-36.08492282621051,0.2615825326807607,110,32.96366894348568,13.338296247465392,2.675430697422689
1789322234.9862256,LIDAR_ONLY,24.17616040969623,9.352880934314495,-4.174864426914244,0.16137916864682164,0.08123228217999613,0.20962197601577248,0.9609457359445085,0.018283978550970706,-36.11041589298482,0.2619725613039463,110,32.98320665234537,13.345634430529863,2.678203676371567
1789322235.0982027,LIDAR_ONLY,24.192510832158735,9.368573376466417,-4.173946106389147,0.16130099025427858,0.08110733110673528,0.2098614432430066,0.9609171483659212,0.018119872869726064,-36.134908895112936,0.2623472265331229,106,33.00264642614405,13.352884828374052,2.6804110339520775
1789322235.2112727,LIDAR_ONLY,24.21155931065451,9.38171957008446,-4.174516823045162,0.16116637020066632,0.08100605058518084,0.21001351172223515,0.9609150564847173,0.017947509099204936,-36.1606514034743,0.2627409726950777,112,33.020613080113606,13.359154413620256,2.682274804296008
1789322235.3215575,LIDAR_ONLY,24.23198655578194,9.393491587522657,-4.176742077284068,0.16136666609396283,0.08091702535600458,0.21005130842407352,0.9608806803711842,0.017783593306361464,-36.185144438617385,0.26311558522239986,99,33.041624166031205,13.367742355930858,2.6857621417877877
1789322235.435735,LIDAR_ONLY,24.25456967497325,9.410100876749732,-4.1778896850313325,0.16114950645061904,0.08067557162852186,0.2102616972323811,0.9608914129026711,0.017614677268519813,-36.21038742591449,0.26350165811480264,106,33.05960044382114,13.373580697516912,2.6872300666822975
1789322235.5445328,LIDAR_ONLY,24.26934014602706,9.419370828370397,-4.179205407104556,0.16150489456395628,0.08077201625469108,0.21029104648418032,0.9608172178883065,0.017450702224917472,-36.23488081538097,0.2638762359377941,101,33.08419994319903,13.384129084748347,2.6910916867713164
1789322235.6591606,LIDAR_ONLY,24.29609552951047,9.435851786843626,-4.180868950889891,0.1615607109649452,0.0805202673198209,0.21039540791920514,0.9608061175647027,0.017278372164833675,-36.26062424457713,0.26426981325037874,99,33.10178950849415,13.390881679670034,2.69313851850012
1789322235.7696905,LIDAR_ONLY,24.320632382279552,9.449699228034968,-4.182450371989285,0.16146485327822013,0.0803729858082669,0.2104758322337794,0.9608169484108849,0.017114376587842664,-36.28512331236188,0.26464435548649123,97,33.12247996766624,13.399033340209696,2.6958732669308025
1789322235.895715,LIDAR_ONLY,24.33891150680922,9.461486063630453,-4.183528168632414,0.1611567081292518,0.08025476088214807,0.2106928393884271,0.9608310029402334,0.01692523586754524,-36.31337839349448,0.26507612433578376,99,33.14327377932392,13.406053672656416,2.699097353286016
1789322236.0245974,LIDAR_ONLY,24.366702567558086,9.474908502294156,-4.186255887567527,0.16114009142567298,0.08004761145649548,0.21074858294964108,0.9608388447706275,0.01673983254227783,-36.341145730933206,0.2655008274756284,103,33.15376513702533,13.408975189424734,2.700658565514804
1789322236.1102293,LIDAR_ONLY,24.39105587162822,9.48879643286902,-4.188496318019702,0.1611883278941638,0.07993399319989597,0.2107752897793627,0.9608343545586973,0.016614051526957635,-36.35992194373596,0.2657884188430141,98,33.17472838135259,13.415752167608574,2.7037942613044743
1789322236.2248676,LIDAR_ONLY,24.40994891615036,9.50186084409831,-4.1891522310454885,0.1609624334249258,0.07990556295685664,0.21104607035904122,0.960815149870401,0.01644445690721867,-36.385226277044545,0.2661757726257644,108,33.19108702554488,13.422137515772139,2.707013396976015
1789322236.3352768,LIDAR_ONLY,24.43686827284347,9.5196584251215,-4.189682244552768,0.16086055997935655,0.07969061310731973,0.21117954330675248,0.9608207360972487,0.016278790782075156,-36.41030429555339,0.26655928698006603,99,33.20712243539791,13.427721768555063,2.7094391580917203
1789322236.4505355,LIDAR_ONLY,24.453239277717135,9.534014707797246,-4.189402122060074,0.16061289925083344,0.07953553383022244,0.21143566589725518,0.9608186897844815,0.016106858607859487,-36.4358543623545,0.26694634928715816,108,33.22699782073218,13.435616365859769,2.7128692841447077
1789322236.5613954,LIDAR_ONLY,24.474604098865395,9.546284060693695,-4.190859556111834,0.1602356466157926,0.07947708560548886,0.21167181763636278,0.9608345185492636,0.015925818575886708,-36.46076550543119,0.267324073336169,99,33.246502818724366,13.443913281170687,2.71595115944564
1789322236.666977,LIDAR_ONLY,24.49746052322142,9.556870240484066,-4.196605046017305,0.15955963442918913,0.07933578811806015,0.21176545696710475,0.9609380557663554,0.01576612131962904,-36.48495867472161,0.26769414570882555,95,33.261442727294785,13.450222386503754,2.718551318798575
1789322236.7825813,LIDAR_ONLY,24.51255313482417,9.56661523075854,-4.199154753201911,0.15971491932750728,0.07932897348055863,0.21189293305411058,0.9608847191169474,0.015599303314529772,-36.5101325687964,0.2680800266312854,94,33.281375615483746,13.458424316931902,2.7210083421675617
1789322236.897145,LIDAR_ONLY,24.52939823312724,9.582421417222248,-4.201448209227362,0.15984176501434047,0.0793008549117165,0.21207937275703675,0.9608248145309077,0.015438974751234041,-36.5345409674926,0.2684602029691726,92,33.294858186635594,13.462745140484497,2.722936839752877
1789322237.0041394,LIDAR_ONLY,24.549237755589697,9.601561730786706,-4.206188741472469,0.15992713600316488,0.07919137470519981,0.21226843575581786,0.9607778871955288,0.015271059777089799,-36.56025494242325,0.2688530359488006,102,33.302802204860036,13.465028937487444,2.724649495549209
1789322237.1153286,LIDAR_ONLY,24.566859306187347,9.609467634392722,-4.214476103301554,0.1597341322911981,0.0792298753871877,0.21233870252748557,0.9607912932766682,0.015109174720422433,-36.58474111835276,0.26922763466172306,84,33.32204239538144,13.473317641428299,2.72863326838238
1789322237.2287815,LIDAR_ONLY,24.580324802898975,9.62611422376861,-4.219714507726756,0.16006178974254773,0.07928279731467008,0.21244006697517837,0.9607099871750867,0.014942668578814267,-36.60998419529452,0.26961388977979006,84,33.3389086522006,13.479456428727605,2.7312035658733764
1789322237.3358834,LIDAR_ONLY,24.59366633443951,9.636918696925978,-4.225716194266297,0.15990540475305076,0.07930838507045422,0.21255944365581028,0.9607075124620459,0.014781540444330624,-36.63447738392613,0.2699885933650617,86,33.35119637245562,13.484834311391827,2.7330534524000125
1789322237.4533598,LIDAR_ONLY,24.606676370952826,9.646109009917316,-4.231114444734806,0.15949362535448006,0.07933030704660729,0.21278261043007587,0.9607247506719802,0.014613920952088619,-36.65996998379457,0.27037850173484046,87,33.36687321388383,13.490043669696544,2.7356973970918923
1789322237.5699875,LIDAR_ONLY,24.62032437318777,9.66405414291365,-4.234098529795582,0.1594882363889041,0.0792509058718709,0.21301893074791198,0.9606798277860639,0.01444484766062222,-36.685712426648635,0.27077219039288036,89,33.39069803071689,13.500176363311592,2.7396927919395866
1789322237.6887603,LIDAR_ONLY,24.63638034290596,9.680501053061239,-4.238544132233542,0.1595175902498394,0.07923711952369265,0.2132302189414498,0.9606292162018881,0.014280932001589211,-36.710705218170254,0.27115440459267554,90,33.40787878882061,13.50629961543297,2.7419081346451124
1789322237.8087754,LIDAR_ONLY,24.653835310667812,9.693876802082775,-4.2415423529231235,0.15964262481532754,0.07934791805202256,0.21335583357531118,0.9605714072999811,0.014120275624774845,-36.73519836720506,0.271528946714137,88,33.425621493678946,13.513048973678067,2.7441239795618237
1789322237.9296908,LIDAR_ONLY,24.670197188409922,9.713111774496156,-4.243856491073339,0.15974310964742777,0.07924199291060531,0.21354987177376736,0.9605203265653118,0.013951458706716144,-36.76094245551426,0.27192249979610905,91,33.44587973609957,13.519401010573318,2.747240877174108
1789322238.0389132,LIDAR_ONLY,24.68267765602388,9.732697438477787,-4.246229258085174,0.15950733374497472,0.07917832265740318,0.21388904000326456,0.9604892931569886,0.013790848449861587,-36.78544164671342,0.27229704894992546,89,33.466078735529884,13.52465054404363,2.749752562680431
1789322238.1589289,LIDAR_ONLY,24.68955756154667,9.749020696871415,-4.248402160072815,0.15933842766103903,0.07929635723212489,0.21419804981879054,0.9604387271731861,0.013626890011747883,-36.81044507969449,0.2726792377357034,85,33.491846563918806,13.535416045251681,2.7542792586701594
1789322238.2850912,LIDAR_ONLY,24.70215346099657,9.768095891570136,-4.250408135756004,0.1592709530794358,0.07929151928935763,0.21445157744190443,0.9603937418614474,0.013459744490706069,-36.83595378100073,0.2730689726348037,84,33.51490502051154,13.547041361080026,2.7582910854138825
1789322238.3955534,LIDAR_ONLY,24.71536226220949,9.784630222307513,-4.2520480645609435,0.1590951871109378,0.07933507610823853,0.21477191278497731,0.960347693606705,0.013299035056598824,-36.86047634423629,0.27344431511445494,85,33.53115354212486,13.554939481772276,2.7608036922781767
1789322238.5237317,LIDAR_ONLY,24.73054800371889,9.80550317933544,-4.2533510101241765,0.1592692978459,0.07939533121364005,0.215001826193042,0.9602624052199521,0.013114727577833371,-36.888528734824746,0.27387380458797117,86,33.55357334209528,13.56428733753479,2.7645005742633213
1789322238.6336882,LIDAR_ONLY,24.74983591706268,9.828104247447344,-4.255464715870466,0.1589443625176628,0.07920026846926503,0.21535354037989657,0.9602535393030814,0.012968948121479529,-36.91084079267605,0.27421503983190504,87,33.57718126148357,13.573546286719697,2.768929491184077
1789322238.7471886,LIDAR_ONLY,24.764036993187215,9.845867828289052,-4.258401293567129,0.15898928024952713,0.07908159176359093,0.21553819932958954,0.9602144527341965,0.012808415197347003,-36.935683386189,0.2745949111675473,105,33.60501224373645,13.582683218721606,2.7726115207648614
1789322238.8704345,LIDAR_ONLY,24.77536803186715,9.864015466400131,-4.260794800633037,0.15891002660643996,0.07910397579930938,0.2158215731407538,0.9601620764348764,0.012639631064817886,-36.960932456576636,0.274975116206145,110,33.62520250470358,13.591624611253762,2.775339450230043
1789322238.9967546,LIDAR_ONLY,24.790336518434103,9.884395685264426,-4.263319472800383,0.15882921178090523,0.07906942588674298,0.2161623290144307,0.9601016377915697,0.012444604654966218,-36.98808555453937,0.27538903029228184,84,33.65147566427416,13.601622400092685,2.7788373754646525
1789322239.1081007,LIDAR_ONLY,24.80386446146254,9.899272618011643,-4.265727771014792,0.15862204938892238,0.07898188807804368,0.21638612314156955,0.9600926791279304,0.012296698166134129,-37.01129272432331,0.2757431038856535,90,33.67442268239499,13.609294007958235,2.7823479592594866
1789322239.2213013,LIDAR_ONLY,24.82044780726993,9.914260636720215,-4.268115501873726,0.158518117380709,0.0789040184332317,0.21655481527454964,0.960078212604874,0.012137044055480856,-37.03568993688253,0.2761208240072336,89,33.6984234465511,13.620916239142062,2.787013843119544
1789322239.345672,LIDAR_ONLY,24.83499345312587,9.928948705170734,-4.271029205187296,0.1584760308230604,0.07883037169177606,0.21666979320909252,0.9600652690646788,0.011960941979627063,-37.06335276288249,0.27654799564630456,90,33.720781929922865,13.630467795634619,2.790190681597774
1789322239.4542787,LIDAR_ONLY,24.847379888956777,9.946510028296771,-4.2723625090955535,0.15836438408336628,0.0787939515460897,0.21693928761830694,0.9600258228512971,0.01181860827309486,-37.08557076642356,0.276887523569161,71,33.73638675793714,13.637496416258262,2.792208923049471
1789322239.569657,LIDAR_ONLY,24.86421095684476,9.964123829660242,-4.274317089658002,0.1583119515638367,0.07873044101553259,0.21715378097077848,0.9599911869697787,0.011656134941204016,-37.110804293165565,0.2772734690592218,82,33.758220211248116,13.645544492757805,2.79595404666729
1789322239.6925254,LIDAR_ONLY,24.885705959341028,9.983156065960767,-4.276810253315619,0.1580802788342911,0.07836341070945359,0.21737398092510413,0.960009559182838,0.011497091515071736,-37.135546208286506,0.2776521255843549,86,33.78813945870233,13.657277575234678,2.800402391836145
1789322239.8120842,LIDAR_ONLY,24.897408239261726,10.001912143052603,-4.277139622653079,0.15790391660533723,0.07836563823130915,0.2176402980801198,0.9599780625185613,0.01133518421805764,-37.16078948392871,0.27803817271480924,90,33.81330032238601,13.66569144298471,2.8037684050435945
1789322239.926309,LIDAR_ONLY,24.907682979083123,10.019617159402506,-4.2776314972381835,0.1577915751381693,0.07838167647115224,0.2178906762763146,0.9599384276092073,0.01117995869246162,-37.185032351724914,0.27840891990000793,88,33.83265631472854,13.674954253637484,2.8063429835831903
1789322240.058922,LIDAR_ONLY,24.919037160162567,10.033133579136116,-4.279091866059341,0.15764634458316393,0.07847152280832013,0.21812242854069203,0.9599023160276364,0.011002550715422735,-37.2127738595313,0.2788331289537385,81,33.8564167364855,13.684610035381793,2.810893777036308
1789322240.1718903,LIDAR_ONLY,24.931177956676255,10.051292545628353,-4.279433939769172,0.15765915588828994,0.07846360005000007,0.21834488422361095,0.9598502828905994,0.010860212383055387,-37.23501707155984,0.2791732229620213,86,33.87892747313647,13.693444888628553,2.8144585265457316
1789322240.300658,LIDAR_ONLY,24.940000890126672,10.066361902951266,-4.280156852769475,0.15754087265342856,0.07852059960226752,0.2185475441819239,0.9598189203249469,0.010672954303254545,-37.264258377612464,0.2796202765826167,86,33.9025439750842,13.702839344391153,2.818577540938988
1789322240.409142,LIDAR_ONLY,24.950604816930035,10.083516640142994,-4.280214703570875,0.15733053476922473,0.07843860764292945,0.21883354581019054,0.959794960857999,0.010535396320651522,-37.285754902676295,0.27994881328104143,90,33.92732672110919,13.71359921643013,2.8227455394504912
1789322240.527557,LIDAR_ONLY,24.96029036316929,10.095717177409348,-4.282744820968431,0.15732334177329618,0.07849432350914903,0.21894018756237887,0.9597672642783115,0.010372111881822063,-37.31125588979646,0.28033859438998066,91,33.948948734246756,13.722823506834645,2.8259724223789426
1789322240.6447492,LIDAR_ONLY,24.97721104550714,10.110311420401029,-4.286084880301343,0.15743514288990895,0.07832304799000178,0.21901238030883985,0.9597464525635121,0.010215204313596418,-37.33576310255567,0.2807129819995794,91,33.97036900909165,13.731397799248242,2.828888893608874
1789322240.7929053,LIDAR_ONLY,24.99001129452437,10.125644713640503,-4.287744888805904,0.1574668607513624,0.0783448630963062,0.219173384019457,0.9597027133070906,0.010032890996495875,-37.364285100136776,0.2811492664305303,94,33.99787013641439,13.739889809017459,2.83257792018863
1789322240.9278479,LIDAR_ONLY,25.006430027365013,10.142308838825093,-4.288638862932441,0.15748216747862565,0.07822766016191936,0.21935319483258947,0.9596686803415861,0.009867531444924207,-37.390079608927465,0.28154409940361913,87,34.02090556688083,13.75065381531531,2.837070971457598
1789322241.0597296,LIDAR_ONLY,25.024138270513696,10.161026657019713,-4.289532844930944,0.1574906951651301,0.07813937770914914,0.21958135272063278,0.9596222945122774,0.009709912137688265,-37.41464384766257,0.2819200388060864,94,34.03953413999136,13.759301421799885,2.8398254756637606
1789322241.1921024,LIDAR_ONLY,25.03909320176512,10.176179595539244,-4.29150269071094,0.1575524069559393,0.07815647108975546,0.21969496203509598,0.9595847689212162,0.009538362097395794,-37.4417410523677,0.2823340658971252,94,34.058715138012026,13.767020117087595,2.8438402504523075
1789322241.3177836,LIDAR_ONLY,25.055678704232452,10.188780368996538,-4.294172634198493,0.15758313200311064,0.07822777148189901,0.21976585890405656,0.9595576791090926,0.009395917038331647,-37.464086807704575,0.2826747121570778,91,34.058715138012026,13.767020117087595,2.8438402504523075
1789322241.4454753,LIDAR_ONLY,25.071613775011986,10.203645548975077,-4.2962660965901,0.15760431282995052,0.07813314756587379,0.21985898779120744,0.9595405761698013,0.009213198990056612,-37.48901141870301,0.28304993105178583,101,34.08026401016993,13.775091815984574,2.847645555025145
1789322241.582256,LIDAR_ONLY,25.08351263568643,10.213307521437681,-4.298845070620359,0.1576256150581766,0.07824518295506638,0.21990815603553188,0.9595166802775822,0.009051690930794623,-37.51367782913781,0.2834266458796775,89,34.13236318674794,13.793749781992705,2.8563997401284866
1789322241.7216554,LIDAR_ONLY,25.102755342299005,10.235573956866581,-4.298468870179772,0.15758493424572798,0.07803667689217589,0.2201982124805465,0.9594738207886487,0.008884184399778866,-37.54035382899114,0.28383402207057007,86,34.15243397464707,13.797476817546242,2.8588614656331077
1789322241.8564415,LIDAR_ONLY,25.110466426089804,10.258994703803703,-4.296175215176642,0.1574110059384752,0.07797476580710298,0.2206113677542536,0.9594124949803198,0.00872492934942018,-37.565724804147955,0.28423121116624817,83,34.17158048624688,13.808949148833305,2.863082988031062
1789322241.9874525,LIDAR_ONLY,25.12868384194452,10.281953573634906,-4.295735295271299,0.15731553818202335,0.07795278129267677,0.2209939789361822,0.9593418820260017,0.008581947690248476,-37.58891440821092,0.28458529754982215,86,34.17158048624688,13.808949148833305,2.863082988031062
1789322242.1150942,LIDAR_ONLY,25.142617618402966,10.302259828337256,-4.296114796954001,0.1573000597160789,0.07788779489228508,0.22125204195004344,0.9592902149782785,0.008424131357932393,-37.61412674264659,0.2849703807675781,86,34.21766978315475,13.82888487398631,2.8701768658899756
1789322242.259301,LIDAR_ONLY,25.16030257389524,10.319847316377835,-4.297898846152615,0.1572432656900551,0.07793655235740399,0.2214770613336904,0.9592436398041747,0.008248711491435051,-37.642104195907336,0.2853984703225644,83,34.241104192315085,13.837628063320814,2.8744042253308253
1789322242.3705995,LIDAR_ONLY,25.177075267154255,10.339217114084509,-4.297977918765414,0.15715393377155665,0.07784725832815184,0.2217777756053434,0.9591960507208426,0.008119127728018663,-37.662844780030895,0.2857157854809614,79,34.241104192315085,13.837628063320814,2.8744042253308253
1789322242.5133958,LIDAR_ONLY,25.190028646007647,10.359683695305726,-4.297567136341807,0.15719658003530695,0.07787038886283235,0.22204104355452048,0.9591262757013668,0.007953497559785985,-37.68933627427373,0.2861209301817034,79,34.290868139330506,13.854662776013694,2.881642427105995
1789322242.6456249,LIDAR_ONLY,25.21044618298765,10.380528746567784,-4.29844313626579,0.15729778467736352,0.07781349515071898,0.22232581774124,0.9590483291647568,0.0077964790252881555,-37.71457767045524,0.2865069099075376,82,34.290868139330506,13.854662776013694,2.881642427105995
1789322242.7673218,LIDAR_ONLY,25.225119130397363,10.401724323787432,-4.29789390189487,0.15728316333403472,0.07769578271791294,0.22257704513407756,0.9590019973174576,0.007638463351301666,-37.740069485534114,0.28689660621977026,86,34.33407220763483,13.8738374807615,2.88808458806124
1789322242.8764088,LIDAR_ONLY,25.240145954986765,10.416424192958553,-4.299744309469481,0.1572621200232396,0.07778312516973662,0.22281187438746597,0.9589438355172681,0.0074850564878158055,-37.76481373996691,0.28727480190906407,83,34.359801854682,13.882341084969747,2.891462201327441
1789322242.9814527,LIDAR_ONLY,25.258571987075406,10.4302270449278,-4.301932683268677,0.15715670393810716,0.07777372098026625,0.2229520221444074,0.9589293063380186,0.007356461360078809,-37.78556246668468,0.2875919433967479,84,34.37787459177926,13.890330503899705,2.894134677245067
1789322243.0960953,LIDAR_ONLY,25.274426728327597,10.444123795237868,-4.303039506117978,0.15716029496592157,0.07787726945522602,0.22303525918402642,0.9589009572156746,0.007198345273814827,-37.811064919008054,0.28798169253734585,84,34.40299190353382,13.900863446932318,2.8986552459972863
1789322243.2124457,LIDAR_ONLY,25.292984144282872,10.46299730331457,-4.3046169102927765,0.15720066651407155,0.07789921490092139,0.22325698267577834,0.9588409578506016,0.007047919892741658,-37.83532149305222,0.2883522222305074,83,34.42166195462402,13.907592573812515,2.9015081000861187
1789322243.3275983,LIDAR_ONLY,25.30468263767807,10.484357072963693,-4.303478265435423,0.1573466665469587,0.0779730788187416,0.2234894625835903,0.9587568438452915,0.006891546015518099,-37.860587246928844,0.28873831808010075,82,34.44534176042647,13.914823155107511,2.9040799797938863
1789322243.4507809,LIDAR_ONLY,25.32054447094955,10.502035560473816,-4.3036760759699675,0.1572589671178192,0.07801776153517843,0.2237604986157088,0.9587043785262097,0.006728303551880352,-37.88687671213639,0.2891408038919074,81,34.469262799347185,13.92426408704323,2.9081004145519387
1789322243.5646417,LIDAR_ONLY,25.333247968804674,10.516302544466303,-4.303848299736248,0.1572669944690867,0.07811857504221657,0.22391234984432876,0.9586593974249795,0.006577135490594618,-37.91118610366244,0.28951286230154716,81,34.49252425221241,13.931847024843801,2.91088751300858
1789322243.6783423,LIDAR_ONLY,25.348288138096105,10.536715938865385,-4.303210588896472,0.1572713857826381,0.07807454058599639,0.22417642964721793,0.9586005454395069,0.006424049275336741,-37.93576892787568,0.28988868057883393,91,34.512584622778775,13.938617906932278,2.9139335728172777
1789322243.8029926,LIDAR_ONLY,25.355860094330946,10.55651331162178,-4.302404080618934,0.15718943935408777,0.0781454579863757,0.22446612810812863,0.9585404137978702,0.006269317726537937,-37.961128439209055,0.2902762000660173,79,34.53882155014919,13.950599778278887,2.9194627332263114
1789322243.9240906,LIDAR_ONLY,25.373321799588712,10.570781867123971,-4.304225440109609,0.15711463717697408,0.07810622951559958,0.2246290257549663,0.9585177142254487,0.006107247395951018,-37.98724376917494,0.29067279948179076,91,34.560161148176434,13.96007452217284,2.9227332695211885
1789322244.0465744,LIDAR_ONLY,25.386539264513853,10.585736023407218,-4.30576842219716,0.1571362346972746,0.07817370272080783,0.22476216882739436,0.9584774610871597,0.005920501677909071,-38.011394318965124,0.29103700026832036,76,34.58020557883569,13.96639037958261,2.925954387838266
1789322244.1595836,LIDAR_ONLY,25.40281918812152,10.596091359053995,-4.308649604686657,0.15715245787714,0.0782847769918712,0.22483611274434098,0.9584483924972281,0.005768181162556368,-38.03606778742455,0.29141376805061436,74,34.60365832805896,13.975171461687998,2.9294075849908396
1789322244.2810276,LIDAR_ONLY,25.415336458385333,10.613677842868343,-4.308535812361815,0.15716651508864918,0.07836818947845635,0.2250411229561798,0.9583911552134545,0.005613807362584253,-38.06146825042644,0.2918028455821283,72,34.627487924387374,13.984203191923058,2.9330056820600774
1789322244.4022043,LIDAR_ONLY,25.431876249595938,10.624553563233535,-4.310698817895217,0.1572466202811953,0.07848604863075351,0.22510972243479152,0.9583522595819367,0.005467507664320928,-38.08608229171742,0.29218816271871206,74,34.64765093080024,13.996423186131558,2.937626097306277
1789322244.5143206,LIDAR_ONLY,25.444494369242,10.64108910273051,-4.311527283515324,0.1571990019470513,0.0785503140930942,0.2253145799044877,0.9583066638739353,0.005319359136833665,-38.11074729116473,0.29256463886542794,99,34.66696893233603,14.002741734727588,2.942158932220905
1789322244.6312253,LIDAR_ONLY,25.460135961210508,10.65355535219051,-4.313185067869831,0.1570380518508956,0.07856007087187616,0.22547984622097803,0.958293381216653,0.005166493407175732,-38.13619539369108,0.2929529448849123,76,34.69051196779883,14.011112051706627,2.945986080657245
1789322244.7526047,LIDAR_ONLY,25.47565947023858,10.660795653305135,-4.31618573852203,0.15692237240644558,0.0787047049526786,0.22551268606773917,0.9582927354828263,0.00501707161600333,-38.16090980779883,0.2933308990262689,83,34.71092426527885,14.0140503396763,2.9487381953310727
1789322244.8639774,LIDAR_ONLY,25.494105757225043,10.67614612713321,-4.318478865672143,0.1568589963275222,0.07860752155219075,0.22565518410054963,0.9582775436767218,0.004868131818685076,-38.18563590360454,0.29370942058545596,80,34.73383972973898,14.022174979599558,2.951200876053868
1789322244.9815357,LIDAR_ONLY,25.51037327205803,10.691208661750572,-4.319846962351173,0.15680961980655228,0.07860336416613171,0.22577230637123807,0.958258378493871,0.004718150184083919,-38.210627583741626,0.2940916115969383,79,34.75275726354926,14.031654549900248,2.955908863331107
1789322245.100867,LIDAR_ONLY,25.530542467256428,10.695289288750347,-4.3247639957831945,0.15681281534129565,0.07866885668493444,0.22573375396773274,0.9582615635891159,0.004567275348993677,-38.23587549931083,0.2944775956550996,79,34.7769574070489,14.040118027617257,2.959658589273489
1789322245.227735,LIDAR_ONLY,25.548812214996488,10.703138660871073,-4.328926457444034,0.1568007074622809,0.07873793920596488,0.22574195250823592,0.9582559396876679,0.004406543232037902,-38.26287595815747,0.2948902200887181,77,34.79936942606917,14.049022995009805,2.9627571757218454
1789322245.343735,LIDAR_ONLY,25.567471914280564,10.709195076724203,-4.333721668216855,0.15676795660946988,0.07886920532486803,0.2256976020557617,0.9582609501895578,0.004256599859864679,-38.288128886019074,0.29527607312382365,76,34.819749004551284,14.055708411777221,2.965944838994469
1789322245.4543066,LIDAR_ONLY,25.584620629160483,10.71888336815558,-4.336593637023162,0.15670536739186378,0.07888108760688775,0.22573982138535928,0.9582602646929704,0.0041185043452515585,-38.31138341548151,0.2956313643981129,73,34.840619626655496,14.066093489033864,2.9692208224699534
1789322245.567234,LIDAR_ONLY,25.597301852398996,10.73428616572761,-4.336605173601776,0.15662231575520227,0.07889411945902647,0.22591548663179423,0.9582313713410673,0.003972315330453238,-38.335893149557265,0.2960057637363018,73,34.86278251945159,14.075225833495978,2.9734934712065284
1789322245.6830273,LIDAR_ONLY,25.617672279478697,10.741307637972545,-4.34082742479039,0.15662766320798402,0.07888192037255903,0.22590689635629446,0.958233526826843,0.0038252498105255245,-38.3606620609604,0.29638422228810296,73,34.89327340645306,14.086434088012702,2.9784397593201932
1789322245.789339,LIDAR_ONLY,25.627668762478102,10.751505290191886,-4.342726878306896,0.15655287451478628,0.07901626190170448,0.22604277594431194,0.958202635813338,0.003684844851436289,-38.384450641088335,0.2967482573830642,76,34.915044171711386,14.096073507844064,2.982021335319527
1789322245.9055412,LIDAR_ONLY,25.647055625901828,10.756499399671585,-4.347392077541319,0.1564567441987952,0.07909146511467813,0.22604433632328733,0.9582117643594713,0.0035338895538905846,-38.41001773565523,0.2971394461007112,71,34.93865449021579,14.106602175970032,2.9861897484369266
1789322246.0187972,LIDAR_ONLY,25.666114278249456,10.760673546238575,-4.352462186781596,0.1564915361483672,0.07916790453489131,0.22597264729480374,0.9582166793998406,0.00338847259617997,-38.43460628226931,0.29751538467014993,72,34.957805542400216,14.115968956224192,2.9904427567999203
1789322246.1284041,LIDAR_ONLY,25.678876990764085,10.774500684449954,-4.353645367173802,0.15651471980831214,0.07931481441752185,0.2261433128975187,0.9581604796321829,0.00323700034754458,-38.460224198974956,0.29790687645282143,86,34.98380015546923,14.1246537356459,2.9946897823513567
1789322246.2481084,LIDAR_ONLY,25.698585873986257,10.783497408896157,-4.357067131211309,0.15651503824410265,0.07926700046412077,0.2261589245779467,0.9581606996086903,0.0030959599760122525,-38.48460907103129,0.2982791544032467,92,35.00811354267673,14.132730283114562,2.997458132841425
1789322246.3594906,LIDAR_ONLY,25.717004841657467,10.78883213877962,-4.36229221595856,0.1565514105500096,0.07933915900102144,0.22610328184111286,0.9581619172376303,0.0029446741570981344,-38.51018132469807,0.29867231205438394,115,35.027003657998385,14.141056064730734,3.0008220904349647
1789322246.4754846,LIDAR_ONLY,25.71358608267159,10.839883151208511,-4.346824610404431,0.15663478728475685,0.07923164248211856,0.22624474698604669,0.9581237940386746,0.005388542473684338,-38.53489181904071,0.29902178741956503,81,35.04790773814974,14.147744432463623,3.003759807980465
1789322246.6051188,LIDAR_ONLY,25.72619666912919,10.858020162877203,-4.345725425451918,0.15561627021157143,0.08002976491517719,0.21912607742851523,0.9598763333700092,0.00990265903732257,-38.55702447520961,0.2993048818906011,76,35.09080983191725,14.170164083296415,3.0106866976371016
1789322246.7111409,LIDAR_ONLY,25.733339907416386,10.883170885949749,-4.341888515005301,0.1546419819779938,0.08231827155509047,0.20579682659215773,0.9627861786205169,0.01563249150141588,-38.57853853819788,0.2995638534034072,75,35.11353859545176,14.18262856147216,3.0147437286179115
1789322246.8243387,LIDAR_ONLY,25.74772226735851,10.903543491284584,-4.339710527898273,0.15382437681705008,0.08469782465347038,0.19187856706654446,0.9655811488923683,0.021358768936635783,-38.60073381290594,0.2998329144103683,74,35.132957295063285,14.198905817336318,3.0186836321597443
1789322246.934775,LIDAR_ONLY,25.774205828922497,10.891059976678006,-4.34913961356487,0.1521743812115905,0.08610182871377053,0.178814223977383,0.9682225498811625,0.024405094858792643,-38.62104868895752,0.3001061656477537,71,35.15084487141052,14.216340925617558,3.023228452789654
1789322247.0489712,LIDAR_ONLY,25.82781804857668,10.876192058887582,-4.366739662240255,0.15087903730492008,0.08724773868274519,0.1666581480700217,0.9704887479402111,0.02684931183993928,-38.64179539547013,0.300392599343685,73,35.181516525773894,14.221553029669478,3.025348994724835
1789322247.161731,LIDAR_ONLY,25.845451716012438,10.879000320988585,-4.368741772652515,0.15008972522806938,0.08777990856573563,0.1570063008560125,0.9721711698691055,0.029196698578696653,-38.66202794585966,0.30067238368412924,78,35.19497567054059,14.23109637822409,3.028228036150767
1789322247.2790267,LIDAR_ONLY,25.856057503870787,10.885494277717568,-4.3715304606569285,0.14965657410886496,0.08903849216238151,0.14394269900242082,0.9741434987430475,0.032615326857983275,-38.68126917947803,0.30092396101220276,78,35.215116075148515,14.251997146280955,3.033477502092756
1789322247.3870986,LIDAR_ONLY,25.867870418425287,10.897761387869977,-4.3709912345374855,0.14837223719333842,0.09125444579198641,0.1298345030603784,0.97611541693004,0.03868364331116361,-38.69641510433972,0.3010813456811236,76,35.23476156927241,14.256938173569816,3.0360606418885836
1789322247.506914,LIDAR_ONLY,25.850143267475595,10.960016171401785,-4.348664892384639,0.14657786376661947,0.09547306333499955,0.10706538341669564,0.978742472617226,0.05270256546690633,-38.70706841435936,0.3010753131796411,75,35.25551213565718,14.273654332043037,3.041942873599123
1789322247.609277,LIDAR_ONLY,25.831033204048605,10.995880597565254,-4.334181562152128,0.14319884070475294,0.09970285882450519,0.07229611137362085,0.9820013769049861,0.06975632376715361,-38.71261721343153,0.3009566502522266,76,35.272554714136334,14.279278622484371,3.044515999894155
1789322247.7217605,LIDAR_ONLY,25.835467092066732,11.021544600388243,-4.326131492027472,0.1418669957415629,0.10582095667917335,0.03508683322479073,0.9835876141864657,0.08610026378043575,-38.719344076727666,0.30086220549310694,74,35.26233704701807,14.306602732857105,3.047026043743527
1789322247.831629,LIDAR_ONLY,25.82161562647542,11.050679221015336,-4.312113215490194,0.13865509186025876,0.11212709518088838,-0.00017542172100737383,0.9839726872503824,0.10182605677572173,-38.72729030940654,0.3007908842260842,79,35.26097625531105,14.327431985036016,3.0491017585110325
1789322247.9491894,LIDAR_ONLY,25.833299871262188,11.047416574858723,-4.317205735977958,0.1360558977128545,0.11791975000650934,-0.037047339034312385,0.9829604366028312,0.11658467319326105,-38.73640203172773,0.3007412715700709,84,35.26033008820096,14.34063595290032,3.0518805326990335
1789322248.054586,LIDAR_ONLY,25.83785333219469,11.065134784703313,-4.313755861939956,0.13242017661296124,0.12290174120772271,-0.07234021667757753,0.9808807021676711,0.12885387183095165,-38.74554766506126,0.3006995326564432,98,35.267715262714404,14.355874908491263,3.055059062551739
1789322248.1674082,LIDAR_ONLY,25.841490698720097,11.080050888572096,-4.3113413983132345,0.1283129035338781,0.12779648633696766,-0.10726546600989478,0.9775980649880149,0.13757344876215738,-38.753452809651115,0.3005966131029121,104,35.27020570680128,14.371700641755032,3.0585256977863735
1789322248.275283,LIDAR_ONLY,25.85247405584664,11.086925997676328,-4.312998462745576,0.12497159875155181,0.13148145420578877,-0.13552321434135356,0.9740267886870463,0.1436166516646406,-38.75672749111891,0.300375208073818,107,35.272119548006685,14.391542125577034,3.063937153223989
1789322248.3925593,LIDAR_ONLY,25.843941954704587,11.088633633315997,-4.309905802746925,0.12248624638154242,0.1345981242158506,-0.156392931008346,0.9707840725596776,0.1587194468476411,-38.75632568867898,0.30054266894494897,117,35.28322491746884,14.400290712091893,3.0654577953726982
1789322248.5013044,LIDAR_ONLY,25.823103466292057,11.099219260161615,-4.3024395624598135,0.1205091667111247,0.13675317604644216,-0.16998403544237023,0.9684428415113244,0.1763860780004324,-38.74877107414334,0.3001700732715318,119,35.28237997814926,14.402891824049645,3.0633556230646515
1789322248.6149378,LIDAR_ONLY,25.819847507756226,11.07262278430572,-4.3105892581507605,0.11909618685173089,0.13760282870559287,-0.17654713992417212,0.9673224215297564,0.19434098644282877,-38.73175498174532,0.2997374761884637,120,35.27743175951372,14.420633707255766,3.0643407692800366
1789322248.7201269,LIDAR_ONLY,25.793554145125285,11.056965238607473,-4.312121287416421,0.11942158936813242,0.13718342595196859,-0.17771907378897495,0.967127252458775,0.2108347121272971,-38.715803355836705,0.2993191332507247,130,35.24815362171251,14.422183425631754,3.0616897257309175
1789322248.831269,LIDAR_ONLY,25.757937991237483,11.055858370106002,-4.306723577208173,0.11912021956198092,0.13910336398345932,-0.18689095176010687,0.9651592612466569,0.21964915973872204,-38.69949666289592,0.29897326094987364,135,35.22817196041925,14.434686580023781,3.0627655414356982
1789322248.9414477,LIDAR_ONLY,25.758896033388606,11.026712214988063,-4.315423787913521,0.11680170534125837,0.142003896194368,-0.2081295180151266,0.9606634992679716,0.22026378207061298,-38.68424548589638,0.29874026343394816,128,35.204354480788844,14.43754311705388,3.0609784382121106
1789322249.0496056,LIDAR_ONLY,25.75482518241648,11.034633366281836,-4.313659504855978,0.11349565773952844,0.14483761627049402,-0.23543284005914694,0.954312411325053,0.21840637879110797,-38.6710167396127,0.29856192659792774,112,35.20183656233495,14.437108965252218,3.0595939409527473
1789322249.167303,LIDAR_ONLY,25.77738598650809,11.010356651254613,-4.329136382607938,0.11042274431853899,0.14741576436265735,-0.2633100254069,0.9469652794452148,0.21554574105185814,-38.65891293958777,0.29841219291252385,112,35.193739562892034,14.430542460879721,3.057346386157612
1789322249.2747602,LIDAR_ONLY,25.76004236787223,10.980044236600591,-4.336437355050899,0.10674049073301946,0.14957037930549222,-0.28981199147489434,0.9392785416849686,0.21301110023402897,-38.648826752778525,0.29828766346245283,104,35.18245693276204,14.424904889549987,3.056033572098251
1789322249.3909,LIDAR_ONLY,25.74584826729016,10.975226502118637,-4.3381809010151215,0.10457719676929747,0.1509566216765959,-0.3106206262261108,0.9326256134434457,0.21103862293454803,-38.638696263269544,0.29815652241922613,115,35.17380430005208,14.41984615385298,3.0542173425165404
1789322249.501492,LIDAR_ONLY,25.735995485788756,10.975744472897007,-4.337180040254432,0.10254086342783171,0.15231348220702856,-0.32379866975342103,0.9281381340788445,0.20987612735006378,-38.632480747385365,0.29807522785227447,120,35.16664362719275,14.415170260090944,3.0528698933314184
1789322249.6173587,LIDAR_ONLY,25.727465642926628,10.962927494448097,-4.342306446434108,0.10125937804234146,0.1518547806093854,-0.3335033292355773,0.9249119922205247,0.20643404016953185,-38.62940050486178,0.29806918086599876,119,35.16269605069819,14.410793850912821,3.0523159484355205
1789322249.7266278,LIDAR_ONLY,25.739602015545138,10.952350390842927,-4.350086258260256,0.09967667243439975,0.15284198201388904,-0.3469970786068969,0.9199439748945316,0.1932769097313556,-38.62779737942166,0.2982003121232535,119,35.157814866663124,14.404372315954987,3.0506887430250758
1789322249.8698354,LIDAR_ONLY,25.722302375006954,10.986013283937433,-4.338570133934403,0.09869088433618622,0.15471543971408003,-0.36051912435995576,0.9145212972007547,0.16440806025901464,-38.62724291701179,0.2985357178587108,115,35.15497548504475,14.408467897303018,3.0512485234780655
1789322249.9522994,LIDAR_ONLY,25.73253990534475,10.96192718187005,-4.348716657829777,0.09655971859064169,0.1564484465837897,-0.37395627753452804,0.9090416969532994,0.14405864993638967,-38.62895409810137,0.2988027234125323,124,35.16163172085486,14.383024137654928,3.047221017843547
1789322250.0633278,LIDAR_ONLY,25.76209441806873,10.94636566687279,-4.361026071934554,0.09577051644480243,0.157035242166265,-0.3808184632328819,0.9061706456063475,0.1133576309927854,-38.636114693882575,0.2992755473853402,124,35.17443337048165,14.36139883232358,3.045357239465523
1789322250.1689217,LIDAR_ONLY,25.783555834266533,10.922071228981386,-4.3745849070253024,0.09560560976741915,0.1571653050663984,-0.38121322792807555,0.9059995083426057,0.08148050519942249,-38.645664491500334,0.299797713785012,130,35.19741204479184,14.329588583734717,3.0428464445804835
1789322250.2817426,LIDAR_ONLY,25.80854060671499,10.898643775138526,-4.387997233689329,0.09550234769982938,0.15732627420140285,-0.38164715855611137,0.9057997523712249,0.04937781904265618,-38.655350122600474,0.30032153956294794,133,35.22085918812809,14.302197953024345,3.040810529716572
1789322250.3929822,LIDAR_ONLY,25.819992404173362,10.88610132346683,-4.395645534120897,0.09597933535295214,0.156727232989845,-0.38216437483040866,0.905635098831221,0.018468572315880092,-38.66621012884677,0.3008409065550356,135,35.23605721735297,14.28106651258244,3.0390899590949725
1789322250.5063746,LIDAR_ONLY,25.813477240361745,10.8922578818211,-4.392282232339529,0.09538672377043306,0.15769272525311837,-0.38891621772856094,0.9026508477358776,-0.004320816303993863,-38.67871715708438,0.3013204540697191,139,35.25404769079811,14.261082752677108,3.036517161417246
1789322250.6165895,LIDAR_ONLY,25.838069277744683,10.884405705573808,-4.3993997547164785,0.09446060855299247,0.15870623063243208,-0.39655998312161544,0.8992384030816454,-0.02526017636477987,-38.68892347895145,0.3017277743805426,122,35.272451620077,14.244086867293523,3.036964663770505
1789322250.7311797,LIDAR_ONLY,25.862262721790124,10.879865476342703,-4.408199660070025,0.09425718723891856,0.15900627742192927,-0.4032976569169397,0.8962051028194017,-0.04475913493470024,-38.69658125664713,0.30207604385941766,133,35.29008013157089,14.226791080631338,3.0357101911842896
1789322250.837953,LIDAR_ONLY,25.877957451631694,10.869352972200328,-4.41541413475627,0.09322589616698473,0.15969070310963104,-0.40992770872378775,0.8931780814846947,-0.06929014574767993,-38.70273706325773,0.30245723412780984,132,35.30791914502549,14.213002148995429,3.034763723757239
1789322250.9500487,LIDAR_ONLY,25.876194166142277,10.854422667647373,-4.4193890868833385,0.09173825073755149,0.16054028927215103,-0.4165477971564007,0.8901117017297202,-0.09512518405126025,-38.70324873215624,0.30276695363579453,128,35.31828055093435,14.194606227545414,3.0333121721916454
1789322251.0591536,LIDAR_ONLY,25.881927428484993,10.841044957661442,-4.426008758719501,0.09073942363201624,0.1612005888933318,-0.42321353910641946,0.886944771367638,-0.12023171706827818,-38.70378626096347,0.3030769096143017,127,35.32965380581479,14.172694562390967,3.031562369123199
1789322251.1724823,LIDAR_ONLY,25.896979207153123,10.822527920043385,-4.434889308285217,0.08970896553260535,0.16214795173343288,-0.42986362466590894,0.8836727943310289,-0.1453386840194694,-38.70462581910239,0.3033739283272128,131,35.33911193407977,14.151691404660045,3.029133119894412
1789322251.2865489,LIDAR_ONLY,25.917674556153692,10.780332787074824,-4.455118201776845,0.0887461078928462,0.16222064311979043,-0.4365117960986051,0.8804919324709585,-0.16989963093810598,-38.70664404748237,0.30369310103743474,131,35.34676740945818,14.12587535523315,3.0262996811694616
1789322251.4048767,LIDAR_ONLY,25.933555229899522,10.760613442972003,-4.4661209281579435,0.08907264831632897,0.16237552019090998,-0.4369482657692485,0.8802138756040451,-0.19238801439168765,-38.7102110698983,0.3040201162265933,127,35.35788636489116,14.095982673600274,3.0218342090797514
1789322251.507083,LIDAR_ONLY,25.94638666159751,10.746981541353687,-4.4739547582512005,0.0891891207474314,0.16235048669802052,-0.43719367596092457,0.8800848310867483,-0.2119851165716718,-38.713319973807565,0.30430207438817247,147,35.37151126225473,14.079220649303464,3.0207741783743383
1789322251.6174474,LIDAR_ONLY,25.957084395980672,10.733811269815739,-4.48149308385629,0.08933842103859269,0.162444382730314,-0.43744856659427356,0.8799256904024987,-0.23278852201093542,-38.716646397561135,0.3046015774800477,141,35.38309071814577,14.065430791425797,3.0197720742830487
1789322251.7302368,LIDAR_ONLY,25.96840660016077,10.716374146543199,-4.489997665324223,0.08933238022522931,0.16238895040236864,-0.4377323458975345,0.8797954012073225,-0.2540806432918191,-38.7200106804089,0.304906497114918,142,35.39480799663084,14.047344192342306,3.018705116454583
1789322251.8373966,LIDAR_ONLY,25.978276738138955,10.704659655635417,-4.495979128573021,0.08934497362628883,0.1625260449900632,-0.4379516176764962,0.8796596733749625,-0.2756585183095839,-38.723335676172844,0.30521317940910103,140,35.40659847131203,14.028925507513293,3.0169779856367205
1789322251.9506335,LIDAR_ONLY,25.968838736794414,10.712039515759052,-4.491727129524607,0.08934101372504227,0.16293121532949684,-0.43817334484172754,0.8794746853707885,-0.3021129282750179,-38.72522615179692,0.30554812260272846,137,35.4188031905061,14.01143162714221,3.0160166178143615
1789322252.0557702,LIDAR_ONLY,25.991190693436018,10.71457347648161,-4.494659841300678,0.0896952105090073,0.16375786461442535,-0.43931014196916235,0.8787176623647114,-0.3253915380351102,-38.72792540337238,0.3058541909933569,138,35.42618809381638,13.990535428878712,3.013133083806699
1789322252.167248,LIDAR_ONLY,25.990309743191773,10.714382705817332,-4.494461594603451,0.08953426802883792,0.16425834411268694,-0.43932897148625066,0.8786312457742051,-0.3502961254544186,-38.73105876406492,0.3061790453565477,135,35.44034235158483,13.969721884858842,3.0126626379072157
1789322252.2782402,LIDAR_ONLY,26.005935472437987,10.697906593592958,-4.502187818003141,0.08954777068056666,0.16471474033804048,-0.4396329364758195,0.8783923566648111,-0.373728676358989,-38.734249897731566,0.30648785860654143,135,35.4511688321683,13.947110288563643,3.009464218600931
1789322252.3879535,LIDAR_ONLY,26.021564339342017,10.675818253195535,-4.511113894435534,0.08946916148223308,0.1646668140685,-0.4400069858460754,0.8782220458943442,-0.3951961978211992,-38.73717749121397,0.3068495549286092,131,35.464752506208754,13.926628205013253,3.0089510178329193
1789322252.4977415,LIDAR_ONLY,26.033382861731113,10.659139542586612,-4.5197837154887806,0.08948659048886015,0.16458275493315758,-0.4402730471544215,0.8781026767130664,-0.4171007816513604,-38.740224693281064,0.3071551866693778,133,35.47331784262914,13.90576678395195,3.00636002458599
1789322252.6076484,LIDAR_ONLY,26.037908183930572,10.64393501857589,-4.52669655779655,0.08956994904333633,0.16470174367882712,-0.44043190298933454,0.8779921973951257,-0.43872826499660533,-38.74323904159326,0.30746445093841535,137,35.48503746482096,13.886361241505012,3.0037263093748083
1789322252.7193394,LIDAR_ONLY,26.049725281810176,10.625258198561724,-4.534854765623698,0.08957467695593713,0.16476743891462112,-0.4406755008170816,0.877857147434234,-0.4610320144383404,-38.74634646675721,0.3077766700988168,142,35.4917086397551,13.869254477216858,3.00231100964868
1789322252.842437,LIDAR_ONLY,26.0614084437345,10.605346755253525,-4.543464926752386,0.08961418182637762,0.16506902739657237,-0.4409830856042021,0.8776419730282592,-0.48421607806989025,-38.74957620436954,0.30810127109379915,142,35.503765610467696,13.84916111929075,3.0002754790095985
1789322252.9428487,LIDAR_ONLY,26.075410554173505,10.585604945379533,-4.554112220557121,0.0896470498492811,0.16520718510804466,-0.44129216530263266,0.8774572452743843,-0.5037359592756382,-38.75229405811107,0.30837465468321634,144,35.51426720291556,13.8332332699104,2.9997734009528876
1789322253.0515866,LIDAR_ONLY,26.086247825123497,10.567528381809058,-4.563723198915834,0.08969923407207372,0.16537947686820448,-0.44160289158835214,0.877263108866712,-0.5258210903810971,-38.75561206351519,0.30868743770123824,138,35.52525028210198,13.813319886154316,2.9975358725601473
1789322253.1622543,LIDAR_ONLY,26.089621123218258,10.5752009309259,-4.561302124447471,0.08962524542282631,0.16521171463225917,-0.44207846992731814,0.8770627293175149,-0.55075988413887,-38.76001709440361,0.3090514121064298,135,35.535516113479616,13.793726957128056,2.996610201022484
1789322253.2676885,LIDAR_ONLY,26.10160256797663,10.563989314912828,-4.567114285744393,0.08961532417462863,0.1655246355628169,-0.4422763655795648,0.8769049578743435,-0.5771389122067992,-38.76363657687218,0.3094194769096804,137,35.54511600742172,13.776510992799391,2.994465454981028
1789322253.384362,LIDAR_ONLY,26.114210455564784,10.538351954676244,-4.579850068228744,0.08970670824412597,0.16544612013901008,-0.4426858026268851,0.8767038085804931,-0.6038447790343241,-38.767105551374435,0.30978932023693295,142,35.557870133453534,13.75244847490625,2.992647689603895
1789322253.494657,LIDAR_ONLY,26.12660462935767,10.523526175431341,-4.587352972875029,0.08979244463623547,0.16570713249668287,-0.4429351355963749,0.876519782309673,-0.6317719563388182,-38.77028200981188,0.3101590452896728,141,35.574202800560954,13.727908116920073,2.9917100477021927
1789322253.6134012,LIDAR_ONLY,26.132165865962502,10.545976255969494,-4.581540109370855,0.09030963053737825,0.16761478203319827,-0.44398826847760287,0.8755705984844545,-0.6579449580848893,-38.7713239267701,0.3104833210302128,135,35.57805692500205,13.708387314926126,2.991629725280058
1789322253.7182808,LIDAR_ONLY,26.11480377616056,10.562098705659508,-4.57295858934574,0.0904255013527225,0.1686705362224471,-0.4440162597976287,0.8753416704069706,-0.6825769366804831,-38.7724391094784,0.31079593814535267,133,35.59938757712321,13.681927121944566,2.9892975004568845
1789322253.832168,LIDAR_ONLY,26.117675309111767,10.568650887752106,-4.570157699100149,0.09093416893357802,0.16968991346851464,-0.4443471390701671,0.8749239568028556,-0.7075072219613832,-38.773888862102176,0.31109658889033504,139,35.607232422254974,13.660829400472807,2.985314971889382
1789322253.9441266,LIDAR_ONLY,26.130855502444952,10.550281183470638,-4.5794165842415975,0.09120973720303362,0.16959103400717154,-0.4447435115711312,0.8747130237621429,-0.7319658059883272,-38.7766358855447,0.3114222312306438,136,35.61851561266146,13.636816396544745,2.982468414232838
1789322254.0598285,LIDAR_ONLY,26.136764084913587,10.541709772463015,-4.582851416997023,0.09112979981681149,0.1700790008420494,-0.4448813528239735,0.8745565018724801,-0.7562631964475308,-38.779721946196574,0.31176603388163016,142,35.62976020707714,13.616036299511203,2.9801318626551767
1789322254.165249,LIDAR_ONLY,26.142697709309378,10.532109541633803,-4.587419603984071,0.09109055801863973,0.17020409957778174,-0.4451200923031303,0.8744147632301402,-0.7808506109681582,-38.782710007840976,0.3121061817580208,144,35.64605594089711,13.595432397137412,2.9798991513688335
1789322254.2794566,LIDAR_ONLY,26.155258856815145,10.516171807607606,-4.59659460236336,0.0910936456660368,0.17030320027626167,-0.4454214882290631,0.8742416516723169,-0.8058387610889032,-38.78517134256604,0.3124358531477193,144,35.65635753352335,13.575120575427873,2.9791831006551335
1789322254.38721,LIDAR_ONLY,26.173657559938935,10.494690292900177,-4.607344519962879,0.09115483749034783,0.17029084677540837,-0.44584586537141585,0.8740213312258666,-0.8293244168762786,-38.78753765218345,0.3127371844989381,149,35.67514752068671,13.555029845973184,2.9785134740743127
1789322254.5035107,LIDAR_ONLY,26.18333666988835,10.471123500059887,-4.618397706544174,0.09151223358454351,0.17041017335734257,-0.4462352927688048,0.873761951224833,-0.8533457763556177,-38.78993137655659,0.3130917155901863,137,35.68919962863572,13.532825675728418,2.9763220177762078
1789322254.6423771,LIDAR_ONLY,26.198233340892124,10.451335547785572,-4.630088979411263,0.09200696994207297,0.17046153287546556,-0.4466277829292521,0.8734994028661531,-0.8829043759755665,-38.792951744817636,0.3134868846919721,142,35.69739597576746,13.511037118319491,2.9737406610844217
1789322254.7204378,LIDAR_ONLY,26.20841446235428,10.42668463449892,-4.641696990620787,0.09236193484003472,0.17091380349902688,-0.44704137645125674,0.873161927998849,-0.8989112988334559,-38.79459042832423,0.31371099913478506,146,35.708454010024184,13.491087640421656,2.970541593868083
1789322254.833191,LIDAR_ONLY,26.22271836104129,10.409469830190607,-4.651778405679927,0.09262316625815256,0.1710929464176059,-0.4473791295469266,0.8729261522054951,-0.9223897801659188,-38.79699481698769,0.31402636062004596,144,35.71773525872976,13.471096326392475,2.967778332427514
1789322254.9453716,LIDAR_ONLY,26.235018338190592,10.386244997200967,-4.6620343220590525,0.09267410443184541,0.1710829174693664,-0.44775532581083866,0.8727298057967054,-0.9451865684246291,-38.799328991324955,0.31433260542436947,141,35.726533552320326,13.452118372231782,2.9658584928040113
1789322255.0594816,LIDAR_ONLY,26.246847291703627,10.368522988192222,-4.672853849667123,0.0930865558912446,0.1713079710509043,-0.4481125783067873,0.8724583596538991,-0.9689315104121257,-38.8017599414285,0.31465160659060976,143,35.737858103341864,13.43456301479833,2.964456909008087
1789322255.1794176,LIDAR_ONLY,26.26388843754882,10.349144731980783,-4.6843407651004805,0.09344454505923729,0.17133733357036027,-0.44852370087635113,0.8722030296185934,-0.9933946040507423,-38.80426348568512,0.3149803196827712,142,35.74639105014823,13.41335686504529,2.962448047987873
1789322255.2850053,LIDAR_ONLY,26.277686603505146,10.330602561920221,-4.694690956528388,0.09353073592448698,0.17160644814262255,-0.4488371274144227,0.8719796221516113,-1.0153351517709646,-38.806505916415254,0.3152747666984117,144,35.75968694868744,13.393496797688657,2.960954426076754
1789322255.39821,LIDAR_ONLY,26.290053630255702,10.315731520826164,-4.7024656750810605,0.09348787411732827,0.1714984663099073,-0.4490925470917483,0.8718739459308427,-1.0392610287107917,-38.8092390002156,0.31560073481615064,146,35.772410800623405,13.375484372043502,2.9599541403680814
1789322255.5066893,LIDAR_ONLY,26.29187344619231,10.306114607851066,-4.706706595404555,0.0932430803369046,0.17165266678183244,-0.44930964349867253,0.871757956209788,-1.0647936985353148,-38.812195198432626,0.31594972619494877,147,35.78298251863291,13.351465227592067,2.957739588664256
1789322255.6170793,LIDAR_ONLY,26.31089663769598,10.28548712838609,-4.717925633157868,0.09338777419788934,0.17164258534574048,-0.44967964380950165,0.8715536497941788,-1.091827397354202,-38.81484827001537,0.3163109114145428,144,35.7932715972665,13.326860348673598,2.954910380504125
1789322255.7258286,LIDAR_ONLY,26.325760050711594,10.265169973688018,-4.72930003785963,0.09346688379207922,0.17178053393292222,-0.45000242347536656,0.8713513692318473,-1.1178812082971772,-38.81740559508911,0.3166593391500748,147,35.80834244677952,13.307220819084678,2.9545286686759065
1789322255.8336117,LIDAR_ONLY,26.342469189302562,10.244065545397431,-4.7415994741989875,0.09351663855479067,0.17205712424693795,-0.4503426541474566,0.8711156514290802,-1.1436891838870122,-38.81993839197686,0.3170041455443349,144,35.82046156597743,13.283790777829742,2.951536403839183
1789322255.9497483,LIDAR_ONLY,26.35978150081427,10.227479601210016,-4.752467610054324,0.09363778090114733,0.17214200211543024,-0.45065486689219925,0.8709243870979698,-1.1710710036941654,-38.82235400239686,0.3173557281952506,132,35.83387211141966,13.263397551843784,2.949492348447736
1789322256.055116,LIDAR_ONLY,26.353674201110138,10.214916497765035,-4.755478287566192,0.09359925442177838,0.17210156226972534,-0.45099147004806894,0.8707622670855054,-1.195456571565386,-38.82352879317759,0.31766462052208744,140,35.84607706166169,13.24035206577405,2.9481659112558805
1789322256.1701982,LIDAR_ONLY,26.35306377620925,10.206081166825687,-4.75799646084639,0.09343744978123927,0.1724388360898106,-0.4513955883110596,0.8705034828417876,-1.2211788678904578,-38.82495266379252,0.3179905787756856,147,35.85084106253018,13.215556622234491,2.9454448986358805
1789322256.277571,LIDAR_ONLY,26.35371264064331,10.201142507864066,-4.760129885655754,0.09322213494858429,0.17262138549365924,-0.4514685023794723,0.8704525731969054,-1.2455735900551905,-38.82660291096451,0.3182935990960097,146,35.859145958730686,13.19094550112642,2.9430167396681433
1789322256.3942134,LIDAR_ONLY,26.369643650353545,10.181692877476117,-4.770918153253609,0.09339160635357764,0.17260820472459684,-0.4518076185586237,0.8702610478108481,-1.2708874499934273,-38.828844597808676,0.3186193082505626,143,35.865684100339784,13.167850793931594,2.9403691859767753
1789322256.5002499,LIDAR_ONLY,26.381464169326584,10.163260944993132,-4.780859812707626,0.09328018136492364,0.1729070011271967,-0.4521082116249768,0.870057550801665,-1.2946892428331414,-38.831120530856424,0.31894055396288074,145,35.88061489687822,13.1466181522666,2.9385896710363433
1789322256.6135237,LIDAR_ONLY,26.39839262834153,10.147787529024018,-4.791919174784267,0.09334457275189181,0.17287626772433443,-0.45240087631997783,0.8699046119548897,-1.319856275776494,-38.83335110673711,0.31928509869818295,145,35.89366129909206,13.126293295660716,2.9370451801623267
1789322256.7360635,LIDAR_ONLY,26.415202022321466,10.125407882502161,-4.806103160239603,0.09339233119112464,0.17299694955145237,-0.4527883729089756,0.8696738568446346,-1.3464885058336238,-38.83562281802669,0.31964017942884215,146,35.90695880186663,13.105727329812689,2.9352292668480695
1789322256.8535028,LIDAR_ONLY,26.432419037917583,10.107757631390838,-4.817528380401722,0.09344534572938555,0.17294217360793654,-0.45300568130338204,0.8695658828726761,-1.3728342023301372,-38.83787055097708,0.3199876139193847,148,35.91831909837551,13.083809305481928,2.933970314515709
1789322256.9480798,LIDAR_ONLY,26.454308535612448,10.088261718723675,-4.829835263030389,0.09348898586550286,0.17289336507938094,-0.4533571773916029,0.8693876946109177,-1.392926359647371,-38.83959074765753,0.32026261290516994,146,35.9310420468771,13.065539264032404,2.9318380484661986
1789322257.0497513,LIDAR_ONLY,26.469001217327577,10.067985600379167,-4.841641096637103,0.09340722570972831,0.1729666990255647,-0.4536858338391173,0.8692104321665246,-1.4144969107510592,-38.84143599388174,0.32054678277517545,147,35.94314843515631,13.04685711637219,2.9304714297751544
1789322257.1612058,LIDAR_ONLY,26.4895488281585,10.053880786494075,-4.852420463265527,0.09364774083896538,0.17297626139658814,-0.4539770572478107,0.8690305777828737,-1.4384809978124808,-38.843487314341665,0.32086278454536876,145,35.95453178307901,13.025443398773904,2.9290010525186867
1789322257.2752333,LIDAR_ONLY,26.50727171645615,10.034701832045089,-4.863726292606582,0.09355988794302783,0.17285928552608235,-0.45427146561732823,0.8689094603590096,-1.4629644582792303,-38.84558104202442,0.32118536803047887,146,35.964995369336826,13.005561926653648,2.92750534666478
1789322257.3903384,LIDAR_ONLY,26.52235184460987,10.015825052850683,-4.872677465299269,0.09332143614047812,0.17280235903738578,-0.4545256010026348,0.8688135198654467,-1.4879497449815158,-38.847716204077834,0.3215145777923605,147,35.978303386154394,12.987464473840488,2.9249212096065826
1789322257.497026,LIDAR_ONLY,26.54189668025289,9.998649907602692,-4.882612611135816,0.09337482469928729,0.17256677135189621,-0.4547735315289891,0.8687248624036332,-1.5107993973912335,-38.84966490565282,0.32181564174134025,147,35.989315274543756,12.967878102067218,2.923539256273728
1789322257.6099043,LIDAR_ONLY,26.554103284463388,9.98109720280321,-4.892697874635771,0.0933657885536672,0.17259860646181158,-0.45496686818333426,0.8686182702606715,-1.5349277182293688,-38.85172952976511,0.3221341350067621,147,36.00089364145767,12.94875702208092,2.9217165004687544
1789322257.7170534,LIDAR_ONLY,26.561959003334152,9.972739725791897,-4.8991840287551955,0.09352553854444265,0.17270612224217716,-0.4551757636451261,0.8684702603832318,-1.5595269455761103,-38.854109776959945,0.3224629721534152,150,36.01381390588859,12.925529823900947,2.919839101062147
1789322257.8311443,LIDAR_ONLY,26.578684777457617,9.950859411625295,-4.909425660833815,0.09325358939225672,0.1725741030892285,-0.4554861734368821,0.8683629959966256,-1.5859570545676642,-38.856475186959045,0.32281321306898497,146,36.02289457158881,12.899264796905392,2.9179457962507596
1789322257.937493,LIDAR_ONLY,26.59303782568948,9.927871725974908,-4.920672916080881,0.09322900590363502,0.17267766250975003,-0.455766524039784,0.8681979341677114,-1.6116045469572604,-38.85859653970883,0.3231495345218782,143,36.03349417149623,12.879896372677702,2.916366076490925
1789322258.0450146,LIDAR_ONLY,26.613353087806377,9.908445859887793,-4.932866718856494,0.09345001051110005,0.17270970217327192,-0.4560751975865524,0.8680056845764792,-1.6365444264105669,-38.86066184328954,0.3234770268239927,146,36.05051431538035,12.85669328167612,2.9147422924828628
1789322258.1579425,LIDAR_ONLY,26.63725009377224,9.887182899210648,-4.947022706032474,0.093844127455965,0.17269646830223187,-0.456529341562791,0.8677270134496271,-1.663308130151548,-38.86287723460789,0.32382858329228925,146,36.06152754402224,12.829374184085442,2.9116841159110556
1789322258.2677393,LIDAR_ONLY,26.647940399689713,9.865918332933145,-4.958890024822039,0.09370747206039196,0.172897956815552,-0.4568241762426269,0.8675464703457122,-1.6877812510500825,-38.86489642594421,0.324148162196877,145,36.07504480860691,12.808179442780204,2.909959713395805
1789322258.3836653,LIDAR_ONLY,26.664722674924977,9.844676648424777,-4.969895400143573,0.09353782782314281,0.17272362181478237,-0.4571561514513535,0.8674246240587705,-1.7138501643913902,-38.866616107446006,0.3244721907220977,147,36.084439143764605,12.78569368338936,2.907799044604966
1789322258.4953547,LIDAR_ONLY,26.665292460187324,9.831932101024183,-4.973602947129701,0.0930877404644937,0.1730177413882885,-0.45731082926553174,0.8673328883286868,-1.7387236429819855,-38.86803199016683,0.3247912054984414,147,36.0932553315085,12.761457674224486,2.905052563039514
1789322258.6678739,LIDAR_ONLY,26.6732728755824,9.816581674199737,-4.979339196635359,0.09262324029519146,0.1730676726107074,-0.4574874861956721,0.8672794912994871,-1.7798034904124842,-38.87073214473144,0.32529821531207864,147,36.102795545283314,12.711633533800828,2.9000655832251496
1789322258.7147303,LIDAR_ONLY,26.693629230393114,9.79294088897909,-4.990213750414889,0.09268809941516239,0.1728567034047796,-0.45790230033648727,0.8670957038651447,-1.7884653647658566,-38.87141068398681,0.32541819492559715,147,36.102795545283314,12.711633533800828,2.9000655832251496
1789322258.8309343,LIDAR_ONLY,26.705429694492125,9.77797636715459,-4.999989434964655,0.092767330126977,0.17307389653999472,-0.45813345598731725,0.8669217873041909,-1.8132054804350246,-38.87329825210145,0.3257427255240586,147,36.11860398726312,12.690241737593565,2.8988214824014493
1789322258.9565244,LIDAR_ONLY,26.722965990256935,9.756879978006044,-5.012952243614058,0.09282467513100405,0.17301376665106138,-0.4584844398125137,0.8667420808324938,-1.8409407658427244,-38.87542057361533,0.32611415457795534,147,36.133654386880686,12.66931189035065,2.8970516928756576
1789322259.0978317,LIDAR_ONLY,26.740768682853883,9.742256826067468,-5.022956510834066,0.09304544888119658,0.17291454041223353,-0.45877070205938286,0.8665867233511392,-1.8730129813291385,-38.87787934753552,0.32653504849652304,148,36.147516276501946,12.64818112777295,2.894829355235974
1789322259.1640983,LIDAR_ONLY,26.75710904876335,9.722187590571595,-5.035098152626377,0.09329461305339744,0.17289476352306138,-0.4591709087398359,0.8663518872193646,-1.885620571236365,-38.87885005688808,0.3267081902429041,148,36.15956767168612,12.628308316655836,2.8930613126919575
1789322259.2786045,LIDAR_ONLY,26.775282626638276,9.70096095445641,-5.0475498349269765,0.09340486110641959,0.17274634877943362,-0.4595450961209271,0.8661711929730016,-1.9109221913007692,-38.880791448204704,0.327041122115444,145,36.1702725615461,12.607897265356083,2.890964900307248
1789322259.3987393,LIDAR_ONLY,26.790867909783355,9.682286738387644,-5.060583614518426,0.09367574261685362,0.17280382878129616,-0.4599033107956758,0.8659403193770814,-1.9369752760019356,-38.88279302721156,0.32738092682442876,144,36.18245423281821,12.584490622448884,2.8887899710056004
1789322259.512022,LIDAR_ONLY,26.808628290869194,9.6624963866288,-5.071991585525338,0.0938467484652664,0.172872178138084,-0.4602659445038932,0.8657154602744661,-1.9618333286601919,-38.88470239508567,0.32770514432158054,148,36.19312041961501,12.56578100616376,2.8877208177033764
1789322259.6137826,LIDAR_ONLY,26.82467340848515,9.648579057308167,-5.082137364942372,0.09402207200051609,0.17306967456210942,-0.46022789589481466,0.8656772040223347,-1.9832979140589133,-38.88635080394069,0.32798509144764076,145,36.205456617924064,12.545624891939685,2.886166598606869
1789322259.7263618,LIDAR_ONLY,26.841842700954313,9.625861048161209,-5.0931575007303165,0.09381995712793731,0.1729151371928144,-0.46048565963300336,0.8655929344943037,-2.008688877981912,-38.88829759902762,0.3283163748221889,145,36.218918066996444,12.525067771518904,2.884848299665214
1789322259.8350005,LIDAR_ONLY,26.857479483721438,9.611015623364752,-5.104443454468938,0.09424671119684014,0.17315990402128584,-0.4606449080226222,0.8654128920814321,-2.0321640620705783,-38.89009544449079,0.32862276524825096,148,36.228491061676564,12.503977343665776,2.8814825965821185
1789322259.953828,LIDAR_ONLY,26.874481343518934,9.58712788856253,-5.116957671867383,0.0941932085470257,0.17310819592946036,-0.46089403480498814,0.865296412015468,-2.057205793894221,-38.8920174881192,0.32894925045258905,149,36.23992606832153,12.4867030572904,2.8803189005455994
1789322260.0749125,LIDAR_ONLY,26.886359939947724,9.566999780810711,-5.125783203120619,0.09382393112715781,0.17310989948404265,-0.46113321141130453,0.8652087574579721,-2.0844169559911223,-38.894294278994856,0.32930793525669927,146,36.250162301261895,12.46409324295239,2.8772998567550325
1789322260.174755,LIDAR_ONLY,26.897531077234138,9.554052379828304,-5.132851619849031,0.09385188038863525,0.1733812506277747,-0.4613237369799782,0.8650498113849249,-2.1081007492031008,-38.89618006663108,0.32961847662934635,146,36.262206533480146,12.441174431612923,2.8757371498884403
1789322260.283129,LIDAR_ONLY,26.908880253392674,9.533686572805236,-5.142201436850691,0.093744394241136,0.17344242390147427,-0.461520012025118,0.8649445026357926,-2.1321836395948366,-38.89799507727956,0.3299311547150385,148,36.27282100504828,12.421217948135864,2.8733026633813314
1789322260.3976507,LIDAR_ONLY,26.923109095836235,9.510630843601167,-5.152056138216166,0.09349698587168626,0.1733686102715794,-0.4617118779174241,0.864883680268842,-2.15759293654273,-38.89990491146454,0.33026189643129994,147,36.28512391261364,12.395914436269036,2.8702653774470783
1789322260.5262144,LIDAR_ONLY,26.93415087886492,9.494208379619888,-5.158778321532594,0.09333372409876216,0.17349335926161957,-0.46186498581989266,0.8647945450287977,-2.1863358537240765,-38.90206376100052,0.33063609192202287,147,36.29629377505914,12.373538382092475,2.8678983158105424
1789322260.6473653,LIDAR_ONLY,26.948700914955317,9.47600872768317,-5.167226191595627,0.09312155572857603,0.17345268642304096,-0.46206416938483325,0.8647191710619259,-2.2130838870192617,-38.90406526447894,0.3309832516465798,146,36.30806667949415,12.35139449169708,2.8654571723937057
1789322260.7718947,LIDAR_ONLY,26.96521050572505,9.4541295152369,-5.180822619401682,0.09327492160123778,0.17343995521563876,-0.4624093407797206,0.8645206605366609,-2.240386237177939,-38.90594483072499,0.33132116417471913,146,36.319410016921886,12.327418508647042,2.8630394274490696
1789322260.9117556,LIDAR_ONLY,26.977823639326036,9.434183697906432,-5.1920011127399075,0.09328944961071278,0.17337947310751328,-0.4628092348450791,0.8643172155166203,-2.274221280572092,-38.907931513704646,0.33175772896651423,149,36.33579742361557,12.278636173281242,2.856930879275969
1789322260.9739141,LIDAR_ONLY,26.98441988684131,9.4232870534239,-5.199538721732534,0.09335307409638371,0.17365860255337123,-0.4630180494899045,0.8641424530495708,-2.285492932985347,-38.90863816171756,0.33189934465186843,149,36.33579742361557,12.278636173281242,2.856930879275969
1789322261.0829468,LIDAR_ONLY,26.999360086004682,9.4040192678371,-5.209208597052949,0.09320266110186484,0.17359086331442783,-0.4632730664745509,0.8640356138589133,-2.3110690029693672,-38.910461870197686,0.3322172895226877,147,36.351720091021356,12.259031940870685,2.854699628872659
1789322261.1963682,LIDAR_ONLY,27.015685077398278,9.381529250199264,-5.22228420520846,0.09336309227279276,0.17378679049072643,-0.4636190494595334,0.8637932978614924,-2.3352011278180993,-38.91219775640261,0.33253581585944875,148,36.36531066887153,12.233552987572416,2.8520285442803135
1789322261.342359,LIDAR_ONLY,27.035584628918205,9.35268178384762,-5.2361626709682705,0.09320548033414264,0.17385026774428394,-0.46399017237689444,0.8635982531122804,-2.368044603986401,-38.91455155582475,0.3329688908972521,149,36.37878162135523,12.212179097571035,2.849417296866567
1789322261.42202,LIDAR_ONLY,27.050562771012856,9.332512906756723,-5.245066832186411,0.09278333712982337,0.17369899310717388,-0.46415450408853737,0.8635858431441148,-2.3824728789692773,-38.91559294295129,0.33315820914316363,144,36.390609945908196,12.192479294683608,2.8473731291544144
1789322261.5323474,LIDAR_ONLY,27.06753376250207,9.313119400023202,-5.25677419704468,0.09302031154801763,0.17391888764214986,-0.4644776357466339,0.8633423237928536,-2.4067179757070836,-38.91733486653507,0.33348527754557705,142,36.402530445665704,12.173975653958147,2.8462930449182897
1789322261.6857567,LIDAR_ONLY,27.087750845311643,9.284377376350577,-5.271845535783303,0.09295495158845982,0.1738817995718877,-0.4648631517059929,0.8631493190281736,-2.4408395894618655,-38.91978906459444,0.3339277405052332,149,36.410927673262826,12.151487341877086,2.844711673459067
1789322261.7763777,LIDAR_ONLY,27.106383039742887,9.25505117965031,-5.283802282102246,0.09233962108139829,0.1737064872741936,-0.46516461326140934,0.8630882534403812,-2.4592677750801264,-38.921114179401094,0.33416671398995623,146,36.421905115367245,12.128693478418725,2.84254331358493
1789322261.8822048,LIDAR_ONLY,27.117366992134855,9.24306115681951,-5.2872166941267995,0.09195505374042293,0.17374600200367757,-0.46523776219188684,0.8630819309370458,-2.482874984457915,-38.922811376846134,0.33447283190637533,145,36.435856156820186,12.104996680300498,2.8402633457837703
1789322262.0187495,LIDAR_ONLY,27.13594768092862,9.216331474081654,-5.302098055979379,0.09200839951745425,0.17367885055940294,-0.4656786830910147,0.8628519429202322,-2.512909432729001,-38.92496663579788,0.3348623477013601,148,36.44576254523596,12.08576208226585,2.837735656868287
1789322262.107981,LIDAR_ONLY,27.14897712142276,9.199751354832742,-5.3116340337795656,0.09199218071897192,0.17370368935081063,-0.46590655644579254,0.8627256502813098,-2.532138516129751,-38.926342810305535,0.335111737700315,148,36.45725550846887,12.064562055675946,2.8356699049381926
1789322262.2160025,LIDAR_ONLY,27.158595816176998,9.189548572155749,-5.319307903387151,0.0921818940688965,0.17394079469529217,-0.4660368619793386,0.8625872371088573,-2.5551133825306316,-38.92798960454454,0.3354098812499291,147,36.467367651063334,12.039943737535983,2.832943187617662
1789322262.3250458,LIDAR_ONLY,27.178552902715285,9.16107379122881,-5.33624709585438,0.09242305905200793,0.17388245966994514,-0.46654401357037867,0.862298992099748,-2.5796936620149378,-38.92972780929455,0.33572752154260194,145,36.48052152873596,12.01599147382139,2.8307155918765687
1789322262.4357693,LIDAR_ONLY,27.186264358958823,9.149743512138585,-5.340771415722801,0.09216664947732796,0.17385538132524786,-0.4665714823932919,0.8623170338835376,-2.604157159465489,-38.93151278698114,0.3360465966932853,150,36.49228142447341,11.994780109544411,2.8276258137259553
1789322262.557346,LIDAR_ONLY,27.1989642547788,9.128863001562616,-5.3492591272996615,0.09197983120434622,0.17401027419365317,-0.46679142896859516,0.8621866949612054,-2.631692449190972,-38.93357367248194,0.3364048629874714,143,36.50164269915914,11.970923810075522,2.8247798515464524
1789322262.6788516,LIDAR_ONLY,27.21520644507342,9.107121892119043,-5.35930285759977,0.09177059435099365,0.17422428743273344,-0.4670137811931063,0.8620453490720422,-2.658132326157841,-38.93546325480236,0.3367476614631787,148,36.50886967395241,11.944027706103816,2.8208107006076077
1789322262.7973804,LIDAR_ONLY,27.224409675364868,9.092576844916618,-5.367151110384264,0.0918365461515266,0.17460372403771887,-0.46705328889449876,0.8619401450657409,-2.6838820635568195,-38.93728346658714,0.33708081333890544,145,36.518852421604514,11.922719265738648,2.81915038998712
1789322262.9108176,LIDAR_ONLY,27.239991838133623,9.069070806991682,-5.380050550512905,0.09191566749510743,0.1746249900683838,-0.46738673024705335,0.8617466375342081,-2.7081344645438055,-38.938997575213854,0.3373945422228937,145,36.53025440537828,11.901428017244736,2.8166267942184597
1789322263.033385,LIDAR_ONLY,27.257544799609693,9.04493623497196,-5.394403815676869,0.09198320951724509,0.17463447069083274,-0.46777034165664216,0.8615293368654764,-2.7336971341137475,-38.94079185968907,0.3377254772645616,146,36.539616100776215,11.876387857858154,2.8137376397083265
1789322263.1543787,LIDAR_ONLY,27.270845450547018,9.028467397258986,-5.403280218414533,0.09189902079173763,0.17473663374007456,-0.46797513065859325,0.8614063825464607,-2.7594280286381583,-38.94255675768392,0.33804626312766106,149,36.55432298757395,11.853619837315836,2.812277019995292
1789322263.267696,LIDAR_ONLY,27.28173966374848,9.006261753054561,-5.413092172405915,0.09163118782618723,0.17452937293498613,-0.46821294859725343,0.8613476987641799,-2.78371325423916,-38.94403054129029,0.3383562059816267,147,36.56358949248176,11.832515150298638,2.810728195492008
1789322263.4025977,LIDAR_ONLY,27.293942408396237,8.989845275259718,-5.417911330207786,0.09108777501215388,0.17468857727793977,-0.4683136265722215,0.8613183298750343,-2.813148805772998,-38.94594943974309,0.33872951522900985,145,36.57157727979158,11.810516869011416,2.807552723458596
1789322263.5051513,LIDAR_ONLY,27.30824108456737,8.96826854098778,-5.427115327938807,0.09073985015403631,0.1747265217790991,-0.46854006946062365,0.8612242016402204,-2.834461940586184,-38.94742202543911,0.3390047740148911,147,36.58339605528393,11.78783349445626,2.8054554737207096
1789322263.6916192,LIDAR_ONLY,27.324912875939493,8.947672489417055,-5.441930465720027,0.09102626943821289,0.17493808515870435,-0.46886290185320423,0.8609752980771054,-2.8741938400465723,-38.950159512187106,0.33951795892063075,148,36.61891942026657,11.746417662530586,2.7998259165156183
1789322263.7396302,LIDAR_ONLY,27.341683316913382,8.925404583093306,-5.455625047533518,0.09121621279873506,0.17516941401822084,-0.46921812882173086,0.8607146022347956,-2.8840230097557464,-38.950834068552645,0.3396468510722628,148,36.61891942026657,11.746417662530586,2.7998259165156183
1789322263.8487275,LIDAR_ONLY,27.355915517001968,8.907989865997688,-5.468941357605681,0.09159924946417501,0.17545537590971433,-0.4695465230241511,0.8604365469213352,-2.904649469417899,-38.9522650402705,0.339922897026753,150,36.632495554739705,11.726095967564042,2.798117097782346
1789322264.0201602,LIDAR_ONLY,27.3708599840015,8.889294546499931,-5.4787699459456665,0.09160574618848893,0.17560024407222188,-0.46982175049413033,0.8602560457850078,-2.943850507792228,-38.954964822479134,0.34043673362163573,149,36.640771392483,11.70491246749738,2.795081821847976
1789322264.091473,LIDAR_ONLY,27.386978235282825,8.869466505144265,-5.488709480933594,0.09138986474199196,0.17558783150736781,-0.4700667512546678,0.8601476939536972,-2.9566858529519107,-38.95585036556862,0.34060262225599436,149,36.644608610500924,11.681295965637027,2.7926926890325845
1789322264.214389,LIDAR_ONLY,27.40067995483445,8.852584203013741,-5.4987193289653655,0.09142392483953245,0.1756740862520121,-0.4702800600322372,0.8600098525729409,-2.982129967700212,-38.9576054222629,0.3409314272027766,148,36.658007055478585,11.661776540560174,2.7908365726611577
1789322264.3727622,LIDAR_ONLY,27.418367439603,8.83032169518107,-5.509116662918783,0.09120011536200721,0.17567018163883227,-0.47062843036142327,0.8598438269688742,-3.013789838018037,-38.95978716863072,0.34134065883613546,147,36.668634005614976,11.639825557902501,2.788773242733661
1789322264.4614077,LIDAR_ONLY,27.438958714309408,8.805255471401882,-5.521130191526005,0.09081918865382552,0.1755970958899213,-0.47092487505205344,0.859736760261241,-3.0308711157286212,-38.960961876125126,0.341561395764846,148,36.684426819756716,11.62158589381743,2.788092606134938
1789322264.5756922,LIDAR_ONLY,27.451538421764237,8.791152873323744,-5.529441968239482,0.0909088294012863,0.17576491690273266,-0.47114267132752485,0.8595736512815102,-3.055658283558931,-38.96266331785055,0.34188156510630724,147,36.69533908721106,11.597736630555346,2.78529726035054
1789322264.7264855,LIDAR_ONLY,27.471041262440362,8.762990323171973,-5.545039510271251,0.09088958136629448,0.17571981360342875,-0.4715540674292,0.8593592919130005,-3.088234593069819,-38.96490514420395,0.3423024995400263,149,36.70537302513308,11.575617597250133,2.782883515713789
1789322264.8172777,LIDAR_ONLY,27.490030875735737,8.73778006474724,-5.557658785983512,0.0907875517068212,0.17576711884453813,-0.471919849010981,0.859159587328003,-3.1064524925359023,-38.966157562313334,0.3425379304054645,147,36.71846348099153,11.555267541309421,2.78057866303565
1789322264.9366453,LIDAR_ONLY,27.502874944205132,8.718091956674888,-5.568412677223204,0.09077532795549163,0.17563644301899892,-0.47211714932953824,0.8590792030000246,-3.1316822327327536,-38.96792572858695,0.3428647418182892,149,36.73241110050579,11.531948440419477,2.778643793953568
1789322265.0487428,LIDAR_ONLY,27.513365539851282,8.703732249433228,-5.576447978885136,0.09094645651594817,0.17586412378228752,-0.4722919605183338,0.8589184222283451,-3.155941850056824,-38.969640398620164,0.34317852999563137,146,36.744748459877734,11.513990310321336,2.776095499526781
1789322265.17488,LIDAR_ONLY,27.53364464415845,8.672836352575302,-5.590570189981182,0.09068538842824767,0.17595903034252142,-0.4726406815638871,0.8587347472283638,-3.182036962938448,-38.971454167370474,0.34351610421864026,148,36.749887536693,11.491528399360416,2.7724060258555197
1789322265.2877755,LIDAR_ONLY,27.54960579688666,8.65255758657404,-5.600734123507572,0.09059074064298925,0.17617567486758856,-0.47282558380795475,0.858598518861622,-3.20617466621458,-38.973106619398074,0.3438283377387309,150,36.761333725897885,11.470472521151407,2.7706697328083276
1789322265.4025877,LIDAR_ONLY,27.567349686121254,8.623096476174798,-5.615782640933754,0.09045863919913505,0.1764034819514191,-0.47312538504641805,0.8584004987034518,-3.231342266410949,-38.97482197286775,0.34415288599410054,148,36.768494463691646,11.445630105782953,2.7670762348997764
1789322265.5112922,LIDAR_ONLY,27.58231413562399,8.605922555008537,-5.624816274302544,0.09026334299923741,0.1765043960308746,-0.47332203138531825,0.858291897723411,-3.2535387345236777,-38.9763221719292,0.34443987626507255,146,36.780953089786095,11.425090898562056,2.7651694457934695
1789322265.638258,LIDAR_ONLY,27.60562690911083,8.5735305769683,-5.641305835652249,0.08987027375164776,0.17636705680917303,-0.4736736801547739,0.8581673728923205,-3.281721732433125,-38.97821901154767,0.3447924267869816,146,36.79346952643106,11.402033102544742,2.763072842628516
1789322265.7865272,LIDAR_ONLY,27.620203553756383,8.5544891394099,-5.651237517904634,0.08985050834776181,0.17643570020668942,-0.47395275286877264,0.85800123420094,-3.311186983579673,-38.980124950969106,0.3451596098971451,146,36.8019979595555,11.377260489793374,2.760561256412038
1789322265.905563,LIDAR_ONLY,27.637920857372023,8.529439287814563,-5.664952232774253,0.08972820894420595,0.17641683398179459,-0.47430012415828693,0.8578259388890841,-3.3332340476744053,-38.981573010828356,0.3454486303248945,147,36.81581508774816,11.357534447534807,2.7584495777887894
1789322266.1396644,LIDAR_ONLY,27.655071013398025,8.509767437553009,-5.679756928949779,0.0900852508596682,0.17670755919938813,-0.47472527753485305,0.8574934384406694,-3.376599631426343,-38.984506044174786,0.3459798375532042,146,36.829684430356814,11.335269124053932,2.7565022368388767
1789322266.2023618,LIDAR_ONLY,27.671809373236215,8.488061563986912,-5.693819237997245,0.09006517932710795,0.17679279234102954,-0.4750073774424004,0.8573217385697919,-3.3877160152074226,-38.98525382082204,0.3461180680328045,146,36.84623536686705,11.314016765975001,2.754145358347405
1789322266.3191068,LIDAR_ONLY,27.687239973205116,8.469888387425922,-5.704621041032444,0.09010167149518981,0.17695407055778364,-0.4752862381900473,0.8571300586806868,-3.4096253282725204,-38.98673465019811,0.3463980018974544,147,36.860721351798,11.290551954749342,2.751496640493691
1789322266.5508766,LIDAR_ONLY,27.7054746485666,8.443439723613485,-5.7216187297306185,0.09029537333806018,0.17694328926584194,-0.47570401126351347,0.8568801034014782,-3.4525436539465053,-38.989626024756426,0.34695562573858285,146,36.874191476638146,11.267955753992144,2.749388032716993
1789322266.6208043,LIDAR_ONLY,27.716711886850813,8.428853926194174,-5.73148932610202,0.09053773615462435,0.1771621448147522,-0.4759415888381384,0.8566773586309263,-3.4681152172023832,-38.990677782502125,0.3471518378050848,146,36.882682176330945,11.24714950696285,2.7461130474385333
1789322266.7117522,LIDAR_ONLY,27.735177878660178,8.403287228081222,-5.749022486897557,0.09085776941560857,0.17720085883212938,-0.4762403896533406,0.856469388027856,-3.4827041716132228,-38.991663638704836,0.347334960056692,146,36.89750634982908,11.226577222094917,2.7450256008989764
1789322266.9539623,LIDAR_ONLY,27.74758697900838,8.38586788543613,-5.758117010740683,0.09081581713871707,0.17732948174528146,-0.47646672323842665,0.8563213204795346,-3.526269668310373,-38.99460463118015,0.34788211256911206,148,36.92918103558452,11.182465625264317,2.741584753439918
1789322267.0539987,LIDAR_ONLY,27.767559758581967,8.353486045753877,-5.772981430302345,0.0903621448651981,0.17722490994694023,-0.47681224315818266,0.8561986328207503,-3.5505679267492227,-38.99624272078392,0.34818698837682066,146,36.940304131281266,11.158553592469422,2.7380231245667908
1789322267.2385237,LIDAR_ONLY,27.777549324712805,8.343503387209745,-5.780167215674051,0.09055660488128336,0.17739646602222328,-0.4769175174346601,0.856083919203697,-3.589832211390038,-38.9988831996767,0.3486804415784741,149,36.9464774426056,11.133399283408128,2.7347115573667793
1789322267.2838683,LIDAR_ONLY,27.79564943339914,8.312256941398873,-5.796951790235834,0.09045416112179684,0.17733850987906397,-0.477292016902821,0.8558980244459395,-3.599282121618025,-38.99951791350338,0.34879907689846446,149,36.95726580961601,11.11106494507384,2.7314166149493753
1789322267.3381314,LIDAR_ONLY,27.806228116038596,8.299167765570118,-5.803234447362582,0.0903089712749591,0.17752512385363686,-0.4773676815447167,0.8558324700107092,-3.60873319525969,-39.000152679742115,0.3489177219741813,147,36.95726580961601,11.11106494507384,2.7314166149493753
1789322267.5403266,LIDAR_ONLY,27.824723691577322,8.266317014851762,-5.823720082301827,0.09065954398203616,0.17765330742034524,-0.47794847322159045,0.8554445665224207,-3.6508289193863437,-39.003010707177175,0.34944691290471525,148,36.981335118589705,11.067828328801967,2.7290263771112224
1789322267.5901337,LIDAR_ONLY,27.836508447160213,8.252615177333947,-5.834058125060894,0.09097713390793559,0.1778835680866347,-0.4781069004338688,0.8552744524818825,-3.6620383653161244,-39.0037899506534,0.34958860433815886,148,36.981335118589705,11.067828328801967,2.7290263771112224
1789322267.699021,LIDAR_ONLY,27.846792379100965,8.236242612165512,-5.841502246119409,0.09095906379760742,0.1779130233285139,-0.47803614452976284,0.8553097973052163,-3.6844526444091157,-39.005359439398845,0.34987142272288296,148,36.996306770288896,11.048206422960318,2.7273706464221585
1789322267.8916183,LIDAR_ONLY,27.860738703652963,8.212318927434827,-5.855864202519293,0.0911373931432633,0.17799912107412072,-0.4783405034204364,0.8551027138627115,-3.7238038256991017,-39.00816533094906,0.35036786257643815,146,37.0206196634824,11.00162892719824,2.7246756167934207
1789322267.9431112,LIDAR_ONLY,27.86784211035631,8.203074945619234,-5.86076595223947,0.0912868276325802,0.17831883306170557,-0.4782901917186616,0.8550483035373013,-3.73426426508007,-39.00891571797894,0.35049969374575646,146,37.0206196634824,11.00162892719824,2.7246756167934207
1789322268.0363038,LIDAR_ONLY,27.885653672115623,8.173894008406531,-5.875472634585629,0.09108113789285935,0.17822183816910178,-0.4786713082671581,0.8548771732603321,-3.75471033652849,-39.01039038574333,0.35075844589756755,149,37.03485017167441,10.979218020555047,2.723351585040828
1789322268.2157347,LIDAR_ONLY,27.900682918925934,8.150354037623169,-5.889805143246525,0.0913180594719916,0.1782124699774399,-0.47912904013360974,0.854597385006212,-3.7961881723035735,-39.013278801287946,0.35127827579161525,146,37.052522458465646,10.935719709354837,2.718207353982832
1789322268.2724607,LIDAR_ONLY,27.911756425167017,8.131210597651089,-5.898399821518753,0.09124886365680761,0.17853604568423861,-0.47920969243015776,0.8544920104680737,-3.8056975491935736,-39.01389061436297,0.3513936662171963,148,37.052522458465646,10.935719709354837,2.718207353982832
1789322268.380406,LIDAR_ONLY,27.923941010501643,8.108564404720552,-5.907222259152385,0.0908173778843549,0.17852841670959152,-0.47909920606215073,0.8546015206234973,-3.8289234605529923,-39.01537841184915,0.35167601458384623,149,37.067948172097296,10.914385552314448,2.7172379413820194
1789322268.5576365,LIDAR_ONLY,27.935083361189967,8.091665357957941,-5.916204910341109,0.09083392349506095,0.17886700068425052,-0.47909863460348334,0.8545292813764732,-3.8675129173664002,-39.017870626908056,0.35214783093284696,146,37.07544964802625,10.889672207439148,2.715854877050226
1789322268.617816,LIDAR_ONLY,27.95113140200589,8.064495462336172,-5.92957323263757,0.09070175750965093,0.17914168161846808,-0.4791862908029498,0.8544366259694622,-3.878456087620872,-39.018578091382416,0.3522782231415761,146,37.090669740378,10.86692584151172,2.712998871931879
1789322268.7386732,LIDAR_ONLY,27.964984024721893,8.045890447274891,-5.940282665357024,0.09074387978400296,0.17930604791225527,-0.47936921457033377,0.8542950576856077,-3.904791724887991,-39.020273893319256,0.3525949879261015,145,37.10411363624365,10.844476946620249,2.7108004052497883
1789322268.8983579,LIDAR_ONLY,27.97959651149433,8.022302223807314,-5.953535444674687,0.09065268128602137,0.17926308221534068,-0.4796065844869192,0.8541805212290332,-3.9404387841050865,-39.02258423821417,0.3530437605993456,148,37.11573586310701,10.821865246057316,2.7087016284576997
1789322268.9717026,LIDAR_ONLY,27.992046251289093,8.004427350102954,-5.963705481363023,0.09067642770744552,0.17940717456655259,-0.4798171123430231,0.8540295017591989,-3.953852298011094,-39.023448030531284,0.35320798610154247,148,37.12369689134692,10.798792860958745,2.7044665401278634
1789322269.094566,LIDAR_ONLY,28.006382522690945,7.986833871590411,-5.975421502315829,0.09089897230045398,0.1795337976169854,-0.4800528511846227,0.8538467382484162,-3.977953496426623,-39.025006066794944,0.35350144899088887,147,37.139505875879976,10.781348703655585,2.7023736861002727
1789322269.2362504,LIDAR_ONLY,28.0214877934883,7.96082269905118,-5.984661705682655,0.09018095629933784,0.17966809118510751,-0.48014470593648945,0.8538429794124905,-4.008545765449473,-39.026983184087165,0.3538739529890215,147,37.1503903911849,10.758563973901127,2.699276617138814
1789322269.3316786,LIDAR_ONLY,28.03573033191325,7.9420689303248295,-5.99858791455469,0.09054769950058443,0.1796384153574986,-0.4804023023692408,0.8536654975582247,-4.0292113780833825,-39.02831711833513,0.35412520348842913,147,37.159895573678305,10.73515793216057,2.6953042450279066
1789322269.445914,LIDAR_ONLY,28.04836474212453,7.926133463618411,-6.0074180774858705,0.09051377413406615,0.1798599828838161,-0.4804670401987518,0.8535860041798318,-4.053632833287766,-39.02988985627526,0.3544226223590579,145,37.17313369633441,10.716800311359973,2.6939205393975234
1789322269.5856738,LIDAR_ONLY,28.065773507340413,7.896622501884375,-6.024874251669984,0.09063464504939367,0.17978574440408587,-0.4809123109298554,0.8533380317447157,-4.083296255579376,-39.03179978963399,0.3547840598561307,150,37.1851007707484,10.69534161907971,2.6908459822323847
1789322269.6800613,LIDAR_ONLY,28.07623609391346,7.883547668177004,-6.03192114310576,0.09060236522210746,0.17991975405193075,-0.48102713944089026,0.8532484893859275,-4.10299197981808,-39.03306812000668,0.3550240686456207,150,37.19278002540488,10.671047237257236,2.6874747481117267
1789322269.7999256,LIDAR_ONLY,28.09349472147414,7.854634479591018,-6.044894270766395,0.09022833418820143,0.17997968812782897,-0.48122773562068105,0.8531623679232597,-4.127683441335585,-39.03465882595273,0.3553249746412663,145,37.20491235128718,10.649057764151394,2.685299661919052
1789322269.9132473,LIDAR_ONLY,28.110499831393252,7.825609657995939,-6.059242083449138,0.09017593898948292,0.18005705936520222,-0.4817625317729934,0.8528497044496156,-4.152387054040572,-39.03625045851904,0.3556255725204128,144,37.21708443469768,10.626675836630294,2.683197065409362
1789322270.041264,LIDAR_ONLY,28.119448038962616,7.815685674176676,-6.067194460172257,0.09037445360683169,0.1801606911440578,-0.48181322669316634,0.8527781646391291,-4.179849469770613,-39.03801995863304,0.35595977730637385,145,37.227448732722095,10.606215489677892,2.6814714378764486
1789322270.1554742,LIDAR_ONLY,28.137898524734744,7.786036427956592,-6.082982154485096,0.09021249475074497,0.18010410349212413,-0.4820358796544722,0.8526814343128882,-4.201585440827563,-39.03942013625916,0.3562245016971526,146,37.23579237243508,10.585201473334445,2.6797081009581065
1789322270.2744944,LIDAR_ONLY,28.146917805157294,7.774557708461867,-6.08965569350021,0.09022555705145698,0.18039981685281464,-0.4820223635777257,0.8526251790471403,-4.227591768517421,-39.04109782453348,0.3565415248958123,149,37.25087387023224,10.561333106627643,2.677593308750803
1789322270.389288,LIDAR_ONLY,28.156988782621816,7.7634706225487005,-6.0986781855946885,0.09047872569966245,0.1805069811283554,-0.48212671122666656,0.8525166651048244,-4.252376776413812,-39.04269624016719,0.3568441468240533,147,37.25939480759168,10.538603827844375,2.6760719738206373
1789322270.589537,LIDAR_ONLY,28.173879647247706,7.735267383157078,-6.111550990139534,0.09013710360797912,0.18062248095067662,-0.48234857583908125,0.8524028820425217,-4.297504839873353,-39.04560333647998,0.35739371224615535,146,37.28200508201847,10.496034581754794,2.6733735057327723
1789322270.645244,LIDAR_ONLY,28.18566549258111,7.718587585526482,-6.122503357491002,0.0903300828168184,0.18071361034790828,-0.4825652800599473,0.8522404693829059,-4.307785649220083,-39.04626617920075,0.3575164891671623,146,37.28200508201847,10.496034581754794,2.6733735057327723
1789322270.734157,LIDAR_ONLY,28.19950157550202,7.695278903127715,-6.132255246569496,0.09002587997430844,0.18087537078018368,-0.4827316956894364,0.8521440906072071,-4.327308542752181,-39.047519644058326,0.3577480595378503,147,37.29370389365141,10.473814183603595,2.6712494719297744
1789322270.8682368,LIDAR_ONLY,28.21649429913562,7.665612949616726,-6.145851632437514,0.08965808699410621,0.18082515459052098,-0.4829023209282817,0.8520968485717749,-4.357498785334778,-39.04947345980231,0.35811288713535755,149,37.30729411584074,10.453364080961958,2.670941888819237
1789322270.9565072,LIDAR_ONLY,28.223246062688865,7.656109544002204,-6.151014560732923,0.08970900157597841,0.18117840894868348,-0.4828154880520396,0.8520656568974809,-4.377170346148633,-39.05073691389292,0.3583555104814912,148,37.31809808864857,10.431194061493649,2.669316372541739
1789322271.0670154,LIDAR_ONLY,28.23366105384755,7.644074954669557,-6.1573701379701244,0.08974826640189851,0.18158670028912713,-0.4828558450445346,0.8519517309462368,-4.401560739829846,-39.052305797348374,0.3586483908229824,146,37.331106115990465,10.408364201009304,2.6674268562310117
1789322271.2074897,LIDAR_ONLY,28.248802806596395,7.618188092729492,-6.169196738952211,0.08953195660854388,0.18185763815749953,-0.48291020097527887,0.851885887888535,-4.43209051561949,-39.05426777097251,0.3590194550432196,148,37.34512191536876,10.388068821645238,2.664446866099267
1789322271.2901318,LIDAR_ONLY,28.260590899610015,7.600389420089083,-6.178066970932436,0.08947076634840799,0.182215024613438,-0.4829046845285733,0.851819072593771,-4.450904737605515,-39.055482756104745,0.3592570667079663,148,37.35528699924113,10.364994600532656,2.6620064608870027
1789322271.4039037,LIDAR_ONLY,28.27340814937954,7.584046163003686,-6.1873257800067885,0.0894497626132134,0.18237495523417316,-0.4829486516957657,0.8517621237745988,-4.4759818661481745,-39.05709337700947,0.35956699043926293,146,37.368790921157164,10.341665903983746,2.660633183635228
1789322271.526911,LIDAR_ONLY,28.28843309163757,7.558097318993246,-6.199642182498107,0.08919210467691452,0.18255328915863417,-0.48304221460235475,0.8516978830505094,-4.502583383788089,-39.05880511025574,0.35989080198215045,148,37.38068777362563,10.31992943111591,2.657914859400935
1789322271.632914,LIDAR_ONLY,28.299538924466567,7.542220254761865,-6.2107649566190135,0.08955663770096502,0.18265538879584964,-0.4833739087942685,0.8514495181069077,-4.526222448144668,-39.0603260225292,0.36017848888521253,147,37.39139513681362,10.30061533751124,2.656149161177441
1789322271.7477303,LIDAR_ONLY,28.312951300626224,7.5233687838282375,-6.224356444696144,0.08987107342831586,0.18258992316443756,-0.4835924193333598,0.8513063385661798,-4.551881701207228,-39.06197255304961,0.36049024666475593,148,37.40349661270637,10.276460745557294,2.6537672636706175
1789322271.8553188,LIDAR_ONLY,28.327817890337187,7.49705270122676,-6.234987201355473,0.08940700424429933,0.18263719266417006,-0.48373774966375227,0.8512624935929338,-4.576012423853024,-39.063491610946976,0.36085309483487127,145,37.40993514498278,10.25403649239628,2.6502676776871317
1789322271.9686694,LIDAR_ONLY,28.337011425348763,7.4807345620553996,-6.2414653994022435,0.0893052168389509,0.1829359517312899,-0.48384585725289286,0.8511475795822534,-4.600379538758994,-39.06501176033354,0.3612493275867248,144,37.42067720654328,10.233026696646606,2.648906387027085
1789322272.0794501,LIDAR_ONLY,28.352086873726435,7.4602389852675035,-6.25158936050678,0.08920697579000865,0.18288919042837531,-0.48392505916837,0.8511229033481263,-4.625731622515142,-39.06659779066217,0.361677736567085,148,37.426771657682835,10.209135278394513,2.6471308910615856
1789322272.1895096,LIDAR_ONLY,28.368031822628915,7.429873610155617,-6.273431226207457,0.08998479613365323,0.18259700025984316,-0.4845941885618489,0.8507229539473911,-4.650338954851577,-39.068136274547854,0.3620951064835085,146,37.44019788122631,10.178182822148367,2.644045445140414
1789322272.299742,LIDAR_ONLY,28.379576811498026,7.41400260892488,-6.283287957744707,0.09027694525616854,0.1828162197042536,-0.48471925905892604,0.8505736551678676,-4.675688024341295,-39.069718555246425,0.3625244460569121,148,37.45014425693218,10.157982494977082,2.641525352027289
1789322272.4167771,LIDAR_ONLY,28.38975835343053,7.398889115567663,-6.290844462486088,0.0903201392973078,0.18318552228016954,-0.4848178545733503,0.8504334099452762,-4.69954163886546,-39.0712061836756,0.3629281110638295,147,37.45417576866568,10.131746645549185,2.638796473100873
1789322272.5342667,LIDAR_ONLY,28.399339869218508,7.385310570102892,-6.296484670117032,0.09030356909052457,0.18349271891581362,-0.484819443782642,0.8503680347030247,-4.727365765871176,-39.07294385249302,0.3633989826694891,147,37.465012545679,10.112551281414962,2.638322351410084
1789322272.6388705,LIDAR_ONLY,28.420026049153734,7.350623821287018,-6.316598278276888,0.0904294120604402,0.18298692816186216,-0.4853038932489915,0.8501872951024734,-4.749468234726573,-39.074332063574936,0.36377350284575466,147,37.47416571789887,10.093613064877083,2.636378211186718
1789322272.7920735,LIDAR_ONLY,28.429427198635338,7.337478201474546,-6.325241166278717,0.09074436811868074,0.1831511290907141,-0.4854171127410151,0.8500537337284713,-4.785971941140056,-39.07665295657147,0.3643886838322441,146,37.489893114153794,10.056655261408038,2.633717285340568
1789322272.8668706,LIDAR_ONLY,28.44359325406505,7.315652548301054,-6.336231970434746,0.09075964764510577,0.18312184256588748,-0.48575470025320994,0.8498655471993937,-4.799636310840782,-39.0775286414102,0.36461949881056255,145,37.489893114153794,10.056655261408038,2.633717285340568
1789322272.976292,LIDAR_ONLY,28.456172432742648,7.293999752271954,-6.3485320922088695,0.09100327404587082,0.1830976472338628,-0.48603242038282907,0.8496859078666453,-4.824251176425085,-39.07907937725899,0.3650337470961406,147,37.5035379628254,10.035733662967827,2.631732308057696
1789322273.1099524,LIDAR_ONLY,28.4674610618667,7.274665254345269,-6.355919598149058,0.0907622247654486,0.1832097274818504,-0.48606072067887707,0.8496713424170449,-4.854149817131202,-39.08091263098284,0.36553389805252934,146,37.513561161506416,10.015729104865459,2.631318832006221
1789322273.2002022,LIDAR_ONLY,28.476325595526703,7.2626981686856436,-6.362184630836311,0.09081292838641675,0.18321316200617507,-0.4859937212571872,0.8497035084099477,-4.874101755587343,-39.0821387673496,0.3658691621887737,144,37.524962470922716,9.996073918945925,2.6297468471762957
1789322273.3111265,LIDAR_ONLY,28.48508784624738,7.250319359444896,-6.369040758036432,0.09100692375366774,0.1835205650745031,-0.4860310368634747,0.849595064268293,-4.898569872979037,-39.083640826436906,0.36628217978038397,146,37.53894717244067,9.972588691783752,2.6285001861127624
1789322273.4451709,LIDAR_ONLY,28.504073482290323,7.215419533617313,-6.3881320144452385,0.09115509928110845,0.1833385913927004,-0.4866007249811804,0.8492923190686358,-4.927938574554061,-39.08544696793549,0.3667754603235888,145,37.550632924699165,9.945807514928434,2.62582825095938
1789322273.5421033,LIDAR_ONLY,28.51274836688912,7.20537302969619,-6.39287772426241,0.0912273830319688,0.18358215172755435,-0.48650093034220554,0.8492891162191991,-4.949317619719067,-39.086760616472915,0.36713713699866324,149,37.5618122275022,9.909905446545613,2.6216116544308092
1789322273.6481645,LIDAR_ONLY,28.522485068255378,7.1913833073222175,-6.400805833423207,0.09144473779374242,0.18380778847954976,-0.4865271937354264,0.8492018879983851,-4.973434150276532,-39.08823645314062,0.36755276978836765,147,37.57133419740132,9.89260725383928,2.619125945028902
1789322273.765369,LIDAR_ONLY,28.537308363765334,7.167816985880105,-6.406976764591499,0.09096430135544269,0.1842396565252181,-0.48650844619531386,0.8491706404622145,-4.998311797878549,-39.08975925804984,0.36797903644879276,147,37.58134585021163,9.874232363727039,2.617979959392174
1789322273.870879,LIDAR_ONLY,28.548958853977027,7.146376033098008,-6.417410670532377,0.0909252662454924,0.18438600464848987,-0.4865026311980849,0.8491463873121605,-5.023205990993147,-39.091284514291836,0.36839916105161585,148,37.59458945092945,9.841113323250468,2.6153689453052102
1789322273.9871404,LIDAR_ONLY,28.560473289089394,7.130669413191972,-6.42608276323181,0.09108153511459967,0.18459107997209542,-0.48658022503130177,0.8490406184420103,-5.048102950794264,-39.09281110587532,0.36881705211469107,146,37.60674612661489,9.817750530506398,2.613585469651236
1789322274.1002102,LIDAR_ONLY,28.568736778546082,7.120375390797706,-6.428124569547294,0.09088309346476141,0.18517326349805888,-0.48630388384365847,0.8490934332370775,-5.072747043533519,-39.0943223965033,0.36923067481594735,145,37.61965697926303,9.79235610586974,2.6119009971380263
1789322274.2138782,LIDAR_ONLY,28.583091609264862,7.097846542578585,-6.439469404393843,0.09088430557755439,0.18535359245619903,-0.4864858882929833,0.848949685938486,-5.098379951823858,-39.09589441000862,0.36966163439585337,145,37.63054252353194,9.767240498426478,2.6093000506744426
1789322274.324857,LIDAR_ONLY,28.600399753233823,7.065163860680121,-6.450814289221958,0.09022130537514954,0.18554682055552926,-0.4864992047640753,0.8489705632129187,-5.1227622655026215,-39.09738888105582,0.37007172676061295,147,37.6416462089062,9.738706742057047,2.6063303790485093
1789322274.4421005,LIDAR_ONLY,28.609420111082436,7.052948031261144,-6.456341313279735,0.09023485426425525,0.18594389491906038,-0.4864026128783182,0.8489375932324962,-5.148384084651603,-39.098954526150365,0.3705104374562561,146,37.65330732386782,9.715746062503104,2.605470161029476
1789322274.5505366,LIDAR_ONLY,28.617111277282632,7.040500280201746,-6.461911813924536,0.09017413501105617,0.18626690744707505,-0.486310611123724,0.8489259414540121,-5.172478969631877,-39.100454822621124,0.370923268583895,146,37.66555813113955,9.698516880408368,2.604682778687293
1789322274.669955,LIDAR_ONLY,28.62831274509537,7.026304274837203,-6.468164842306512,0.08989315662972316,0.18645861146553716,-0.48626834044328787,0.84893787033211,-5.198525628807837,-39.10210123606978,0.3713641942078113,148,37.67210718300818,9.682460407724454,2.6022897761710535
1789322274.7775524,LIDAR_ONLY,28.64380186023306,6.999975227816488,-6.479676807092484,0.0893730699134317,0.1865919417771055,-0.4861466355352709,0.8490331856858333,-5.2218450302741095,-39.10357483069045,0.37175907997501423,148,37.68658383223034,9.670972184323334,2.603973672218615
1789322274.890792,LIDAR_ONLY,28.65037381273082,6.992649212157412,-6.482588170290666,0.08903850054547935,0.1867413074793976,-0.48584176548575625,0.8492099907626978,-5.24740011400661,-39.105189431153256,0.37219230606089093,149,37.70053243307183,9.657165263413681,2.6032526162798733
1789322274.9975574,LIDAR_ONLY,28.662715168824676,6.975802220775879,-6.493537386424512,0.0890785362713391,0.18644914083356556,-0.4861080654473072,0.849117589598318,-5.271223979352343,-39.10669919384331,0.3725969125485313,147,37.71496328598283,9.639565342210602,2.6051045068573857
1789322275.1217449,LIDAR_ONLY,28.672010605290346,6.965026490366892,-6.502759334514822,0.0893176819776341,0.18617364601703648,-0.48621903414880907,0.8490893804813865,-5.299245367263234,-39.10852379384451,0.3730693179885274,146,37.726129689328026,9.626183873365072,2.6063096582325764
1789322275.225733,LIDAR_ONLY,28.68526846296637,6.941377568977028,-6.516576625903662,0.0891324532070625,0.18558627854458856,-0.4865053066472946,0.849073451242755,-5.321268724842588,-39.11002466250359,0.3734398694012175,148,37.73900665329445,9.604154863462151,2.6052528471801972
1789322275.3611815,LIDAR_ONLY,28.69795520935758,6.922100624575069,-6.530264898080603,0.08911959677165654,0.18523392725466517,-0.48648026900108793,0.8491660836006699,-5.3518355749635464,-39.11199851763926,0.37395843836736664,148,37.752399480109574,9.573100097869682,2.6028306130201213
1789322275.4454243,LIDAR_ONLY,28.7061351676303,6.91294779800211,-6.535015100262322,0.08894346319168486,0.18520352570222207,-0.48629160171306396,0.8492992361507684,-5.3708003830158795,-39.11317244723917,0.3742780452041099,146,37.76197368661857,9.553980673465329,2.602112694175646
1789322275.5587633,LIDAR_ONLY,28.714454210860694,6.902408401994798,-6.541837452507321,0.08882531098619495,0.18497908673608054,-0.4862238504691619,0.8493992988185437,-5.395784468807821,-39.114721352252076,0.3747014726904714,148,37.769304259528575,9.52831917549423,2.5987581076242185
1789322275.6713011,LIDAR_ONLY,28.724092224714845,6.887172628504434,-6.551248085693865,0.08878874818407845,0.18483605435899125,-0.4863543441624543,0.849359548789094,-5.421718616396334,-39.116332283204564,0.3751398212714906,149,37.780056468605544,9.509861161086954,2.5970039316688087
1789322275.788844,LIDAR_ONLY,28.741039632438984,6.857272929440576,-6.567272606408015,0.08856579147157898,0.1843958721580338,-0.48657877911064223,0.8493499600466746,-5.446078417760657,-39.11784142955686,0.3755471099152129,147,37.79750746047542,9.495583587999532,2.5972120995396772
1789322275.8948462,LIDAR_ONLY,28.747707965587175,6.850030402791607,-6.5740498003902,0.08860733265684505,0.18416181380229069,-0.48640395987342655,0.8494965301612124,-5.470439101041037,-39.11934687897576,0.37595834527495686,149,37.809720849981154,9.466140829871806,2.5949261757252113
1789322276.0104544,LIDAR_ONLY,28.75603599698055,6.840605330162008,-6.582359011452156,0.0887206954682587,0.18385086736908826,-0.4864240167599494,0.8495405656485032,-5.495544636589865,-39.12089680699732,0.37638605192894575,148,37.81664639072131,9.447583446537493,2.5945300905987567
1789322276.1205823,LIDAR_ONLY,28.764318052703665,6.8319683503140105,-6.589899653601434,0.08870241808246605,0.18347269657182275,-0.48634886270349653,0.8496672492134806,-5.519914496501989,-39.12240017744696,0.3767990884521212,146,37.830267308356056,9.429312419741278,2.593792921674423
1789322276.2388935,LIDAR_ONLY,28.77688415202821,6.815038908050376,-6.598699760474972,0.08845818411135525,0.1832294982191996,-0.48627537035760593,0.8497872468033603,-5.545518676361957,-39.1239816361535,0.3772310045981607,149,37.84215628609138,9.40471675183905,2.5911098883517223
1789322276.350109,LIDAR_ONLY,28.791182786963716,6.783484013699203,-6.617214240806658,0.08833129625277462,0.18265347707755486,-0.4866985142413269,0.8496822027376287,-5.569862926497691,-39.12548510026546,0.37764174103007253,149,37.85615646536774,9.392912166991119,2.592084840389614
1789322276.4635382,LIDAR_ONLY,28.80099846647974,6.7659926273259465,-6.626513282641834,0.08813976419054148,0.1824904542930923,-0.4868036422050311,0.8496768974123357,-5.594947769368614,-39.127034591662955,0.37806530200571786,149,37.867065985985285,9.376286090020937,2.590936752713913
1789322276.5774937,LIDAR_ONLY,28.810162161331363,6.75330713779471,-6.634521034683977,0.08798561766569557,0.1820577641140161,-0.4867707008355443,0.8498045577765891,-5.618791636184394,-39.128506837465935,0.37846778097165246,148,37.87629656625596,9.347993059834856,2.5880643926391604
1789322276.690306,LIDAR_ONLY,28.823181667173642,6.7374759481543105,-6.6452794311638455,0.08786226848738986,0.18148096701395153,-0.4867968460484594,0.8499257091447484,-5.644365695146554,-39.13008706657975,0.3788989158264446,149,37.88637472460787,9.325100773485442,2.585694345171507
1789322276.8101726,LIDAR_ONLY,28.835695675605507,6.717473150480009,-6.660417709645361,0.08804100141564725,0.1807886769293671,-0.48710894225883405,0.8498759407909716,-5.670213575150239,-39.13167689540168,0.3793618144867621,148,37.90550977207797,9.314552041255673,2.58512415044066
1789322276.9139056,LIDAR_ONLY,28.84946319782312,6.689146954227644,-6.673209924678104,0.08768044141304718,0.18074226545878835,-0.48732828802895306,0.8497973366380996,-5.694163627215417,-39.13315148196884,0.3798788343160727,150,37.914877151369474,9.29494751424456,2.583421962096274
1789322277.0334792,LIDAR_ONLY,28.859233121044923,6.676231758983501,-6.679358843420417,0.08757837907246323,0.18090001478582854,-0.4873236061205846,0.8497769796170971,-5.721607407424589,-39.13484107294722,0.38047236544538343,149,37.92980573277542,9.276222900781192,2.5812367966993985
1789322277.1340497,LIDAR_ONLY,28.87381051653933,6.6528446928608975,-6.692503790722549,0.08758610165056467,0.1808174975601242,-0.48758248068177173,0.8496452388532293,-5.744311060338854,-39.13623881048307,0.3809633870653841,147,37.94250194398965,9.253586486895845,2.5798048175969224
1789322277.3010862,LIDAR_ONLY,28.88409281427554,6.638571205427162,-6.700749814126325,0.08760740177082683,0.18101518313745085,-0.48761210479485273,0.8495839463444527,-5.782981748699256,-39.13861948794724,0.3817998353237233,144,37.96004541196143,9.213568937723988,2.573871369081358
1789322277.357898,LIDAR_ONLY,28.896954860473492,6.617883500642122,-6.712441536410045,0.08769107390709557,0.18110003145513642,-0.48784012078355243,0.8494263185926475,-5.794457887128065,-39.13932721896959,0.3820481484656935,148,37.96004541196143,9.213568937723988,2.573871369081358
1789322277.4652429,LIDAR_ONLY,28.915991678720083,6.584038341203934,-6.729089409624553,0.08744506917306162,0.18090634287478585,-0.48822613588403035,0.8492711553000827,-5.8189093067267414,-39.1408353522859,0.38257721505553055,148,37.96908581940804,9.193342897040894,2.572048251476731
1789322277.5956686,LIDAR_ONLY,28.927208918495744,6.5694718040486375,-6.737032000642895,0.08757241467337029,0.18111193698073874,-0.48826354816533973,0.8491927025147786,-5.849363278464366,-39.142710756623565,0.38323584203704325,150,37.975229630669006,9.169064013884139,2.5691659908911224
1789322277.6877708,LIDAR_ONLY,28.93917166425014,6.552223131498442,-6.748484366503466,0.08771779438347413,0.18108503890739353,-0.4884245311077362,0.8490908518201068,-5.868840655747737,-39.143909983506724,0.3836555413182388,150,37.98462694277263,9.152524046320769,2.5685109107758626
1789322277.8017669,LIDAR_ONLY,28.94988970716696,6.535080930780513,-6.7564786983651866,0.08765936285025641,0.18137660086113191,-0.48846988659353663,0.8490085598249563,-5.894784334902035,-39.145511414393354,0.38421513759254794,147,37.99281601528026,9.140270742631408,2.567652312294692
1789322277.9263074,LIDAR_ONLY,28.965632394247827,6.5126920016423,-6.768377540185637,0.08755537085765218,0.18133943509343575,-0.4886211853964686,0.8489401648501045,-5.923714068342324,-39.147292224073816,0.3848415178109627,150,38.00079103668872,9.121963469928343,2.5667213670297278
1789322278.0254612,LIDAR_ONLY,28.984101994263234,6.480033826423021,-6.786877140472914,0.08760033107328997,0.18108125439331335,-0.4890870116326039,0.8487223670644503,-5.944912389208608,-39.14859613026232,0.3852995480305628,148,38.01085029503327,9.107158964567153,2.5645647234061983
1789322278.1320436,LIDAR_ONLY,28.997921800904628,6.459387774624734,-6.800697589097684,0.08773900379062517,0.18096594476408176,-0.4893365995524217,0.8485887616436745,-5.969086347621964,-39.150080114379705,0.38582107005113925,148,38.01977515806166,9.082450517610328,2.562224747374551
1789322278.241869,LIDAR_ONLY,29.01456902520215,6.431687893445185,-6.8151107693940896,0.08759603523629735,0.18080861568168818,-0.48962157139309204,0.848472684258434,-5.993733239723798,-39.15159612689721,0.38635593192162077,149,38.024846356956836,9.055184372900754,2.5597849597699907
1789322278.348148,LIDAR_ONLY,29.02440307861368,6.417402225317582,-6.822661693404824,0.0875920988776315,0.18104879339414573,-0.4896808733599119,0.8483876477708814,-6.01865007356393,-39.15312917073861,0.3868967842949487,146,38.03597882278575,9.031766243614424,2.5572421302982975
1789322278.4590166,LIDAR_ONLY,29.03475163209587,6.403569312939803,-6.831208334162779,0.08770674610423106,0.181187826047521,-0.48978683247695015,0.8482849504218363,-6.043588034526577,-39.15466323688944,0.38743607796828183,149,38.045108318141644,9.022108687360445,2.5571445271375866
1789322278.569394,LIDAR_ONLY,29.05119916910025,6.373607472569034,-6.8475362016197465,0.08778772296605618,0.18110095458589381,-0.49016914961856684,0.8480742683908787,-6.06953176829251,-39.15625898449193,0.3879973100664844,149,38.05556253818213,9.000494104662282,2.555297412219767
1789322278.67733,LIDAR_ONLY,29.071431535879107,6.336549255377074,-6.86622324740337,0.08749924187244383,0.18081639949170156,-0.4905893579140962,0.8479218090413998,-6.093482187890217,-39.15773229133358,0.3885152172641402,149,38.06865831857933,8.98502831584496,2.554544524448229
1789322278.78704,LIDAR_ONLY,29.080496617873102,6.3210626727846595,-6.8775269753716435,0.08770978964250141,0.1807537473551466,-0.49083180685598815,0.8477730905120933,-6.118430006119276,-39.15926701005737,0.38905473729495654,149,38.08080003113273,8.961877139872776,2.552336237746289
1789322278.9024165,LIDAR_ONLY,29.093748103126416,6.299743723435764,-6.888226488727846,0.0876017042495844,0.18086828559080206,-0.49104689832745846,0.8476352684515878,-6.14362729087229,-39.16081708288564,0.3895996656256798,150,38.095454477509634,8.946166038830066,2.5513475443023084
1789322279.017486,LIDAR_ONLY,29.106559022983113,6.280753442470278,-6.8992082206727545,0.08755815339454066,0.1808996076663206,-0.4911506517139172,0.8475729697443778,-6.169573265052724,-39.16241320600689,0.3901607782464536,147,38.1065333474406,8.934941042662214,2.5509477436979973
1789322279.1207902,LIDAR_ONLY,29.11785150431099,6.263805743080967,-6.906643786467667,0.0874538568683774,0.1812629370234177,-0.4912390400830713,0.8474548814413383,-6.193024710423955,-39.16385586589701,0.3906679398220011,148,38.115521409732295,8.903632514136733,2.546810231898024
1789322279.2340302,LIDAR_ONLY,29.135051851952348,6.230333076920541,-6.92284125742588,0.08728058431146919,0.1811774928997394,-0.49170017722054976,0.8472235545533972,-6.2192207800632895,-39.165467356215395,0.391234455963122,147,38.12139736835332,8.886082520078434,2.54429088224646
1789322279.3390663,LIDAR_ONLY,29.151590372995884,6.200160443956548,-6.94153717216801,0.08731673901413863,0.18076338206826345,-0.49208081238586715,0.8470872805519186,-6.242922160215466,-39.166925366355045,0.39174702468738976,144,38.13207172841308,8.865440805982546,2.542120197102441
1789322279.501235,LIDAR_ONLY,29.1612202011696,6.185876815740956,-6.947923073213698,0.08727947634440686,0.18109532006926737,-0.4921495079307233,0.8469803066787344,-6.279347285624122,-39.16916604624505,0.3925347975815349,147,38.14513121569058,8.844513470003468,2.540547510506148
1789322279.5645928,LIDAR_ONLY,29.172536943777942,6.170307321039752,-6.956241306146191,0.08732889411113046,0.18135639693832778,-0.4923214470958252,0.8468194106610614,-6.293318364112964,-39.17002545679873,0.3928369925928685,150,38.15454224298675,8.824376493869067,2.539096934535152
1789322279.672509,LIDAR_ONLY,29.189204596197335,6.1448468137079395,-6.966785430912333,0.08708018766843832,0.18154516597138415,-0.4924560994562258,0.8467262743864818,-6.3180171602355335,-39.17154477749604,0.39337137086168167,150,38.1668942068318,8.808425327760943,2.538476508061691
1789322279.8124506,LIDAR_ONLY,29.200028514357818,6.129565432360607,-6.9735063742000065,0.08692295376850225,0.18183216166193428,-0.4924351960870626,0.8466930038379928,-6.35045992848706,-39.173541461461866,0.39407328488726995,149,38.17413513748519,8.790549798823424,2.5375661543041854
1789322279.8924575,LIDAR_ONLY,29.216324901533717,6.098125341820831,-6.991170535431863,0.08703248097406596,0.18164344406096145,-0.4929948511405291,0.8463965283684113,-6.367938724116009,-39.17461593628503,0.3944507932656038,148,38.18077164616436,8.771709196593056,2.5360248759147286
1789322280.0021136,LIDAR_ONLY,29.23564088282629,6.0620879515687935,-7.008969977933283,0.08676084629872303,0.18139171142974458,-0.49334778199046536,0.8462727507010999,-6.39315485381171,-39.176166841015174,0.39499419131916425,149,38.19118131043595,8.751185231968636,2.534413126524164
1789322280.1174426,LIDAR_ONLY,29.24513546502432,6.046457586914016,-7.016614878705811,0.08668826624155286,0.18163370622648092,-0.4934004404015661,0.8461975813425648,-6.41884723014582,-39.17774858495485,0.39554911492129624,149,38.20636473989263,8.735420825435064,2.5334558944162255
1789322280.2298205,LIDAR_ONLY,29.25227144765892,6.037329222299441,-7.022127926850732,0.08669629619264513,0.18188446540549552,-0.4933459623673509,0.8461746597993033,-6.442788118732143,-39.17922052596557,0.39606752759899794,148,38.216533509813104,8.716060681962663,2.5313889627643724
1789322280.340821,LIDAR_ONLY,29.26381711056336,6.024366506611143,-7.028382015944521,0.08652388588100968,0.1820005380769423,-0.4933463465122758,0.8461671251559842,-6.467973458243125,-39.180768337251095,0.39661136359237753,147,38.227182787061565,8.703478743499318,2.5311158453992504
1789322280.4502432,LIDAR_ONLY,29.27117693539465,6.011948759012812,-7.03540626681904,0.08657633943473568,0.18223519733516597,-0.49336809471676124,0.8460985719275547,-6.492889385176448,-39.182296402318066,0.3971492954097858,149,38.23973405139269,8.683833545209257,2.5302343086962877
1789322280.5625677,LIDAR_ONLY,29.283454305444266,5.9913378972812446,-7.046468611926798,0.08656710571164579,0.18226158310771276,-0.49347629585729774,0.8460307305049504,-6.517534109821356,-39.183811700083446,0.3976850885782952,149,38.25154473805502,8.670788512434466,2.5299737413273253
1789322280.6722622,LIDAR_ONLY,29.301909260392677,5.959907083233507,-7.059656156736715,0.08623096308544191,0.18241089072713101,-0.49373493684924546,0.8458819658108119,-6.542212739368261,-39.18532877709191,0.3982197448150489,150,38.262839845656714,8.650446800026897,2.5282702749940706
1789322280.7884178,LIDAR_ONLY,29.311934473964634,5.942053036571425,-7.071365153575142,0.08629489936623055,0.1821753778737501,-0.4938889635393035,0.845836280691483,-6.567403754120985,-39.18687692073889,0.3987644978301862,149,38.273325751509546,8.629367225680884,2.5257813339748187
1789322280.8976371,LIDAR_ONLY,29.32354652198164,5.924263673070065,-7.082096556069088,0.08634643541560526,0.1820624081339323,-0.49402649816347266,0.8457750243107376,-6.591604107570268,-39.18836414936997,0.39928789520595565,149,38.28372200805666,8.611522979694755,2.524153128522676
1789322281.0112195,LIDAR_ONLY,29.335231832087835,5.90728190639963,-7.090492436229454,0.08626359867396131,0.1821654508117269,-0.49400056846108764,0.8457764352560909,-6.619546429389686,-39.19008151040822,0.3998921040056252,149,38.29744837200714,8.585936911492437,2.52130674616341
1789322281.1152065,LIDAR_ONLY,29.344047880919476,5.892618330722268,-7.096849988974467,0.08621473404570872,0.1825089540105068,-0.4939697864663812,0.8457253404018211,-6.642249240688933,-39.191476847494506,0.40038303012061005,146,38.304087927580795,8.565890249185923,2.5192256079758604
1789322281.2267344,LIDAR_ONLY,29.357185166909318,5.8708233607575355,-7.104088450897912,0.08588763797480925,0.18294490908731556,-0.4938814800797105,0.8457160028735512,-6.667696389261984,-39.193040863614264,0.40093331285773315,147,38.31569635130407,8.54522669166371,2.5173678397684154
1789322281.336437,LIDAR_ONLY,29.36641242793067,5.858874423908317,-7.109445983984232,0.08583807389099551,0.1833321556525773,-0.4936693242266016,0.845761044321689,-6.691896340168147,-39.19452822959095,0.4014566296121179,148,38.32567775826744,8.525992590436488,2.5153612114732833
1789322281.4520516,LIDAR_ONLY,29.38100820642226,5.83014507033187,-7.125020101939006,0.08588644861346018,0.1832322307362755,-0.4940793745259931,0.8455383132844895,-6.717842968781767,-39.19612294788662,0.4020177177900792,149,38.33692444734244,8.50969009571163,2.5134692690852987
1789322281.562156,LIDAR_ONLY,29.395885059118484,5.8019583264417225,-7.135203276372035,0.08534959952325302,0.18338891517548067,-0.494004486462252,0.8456024592012178,-6.742791886517323,-39.19765633817303,0.40255723029121804,149,38.346389612224826,8.488127623147905,2.5115003199545165
1789322281.712515,LIDAR_ONLY,29.402669105944902,5.7923080954400525,-7.1420291441079,0.08549392591026686,0.1835546266979987,-0.4940094091282537,0.8455490472722218,-6.777221479194032,-39.199772398117354,0.40330176962803854,150,38.370251460960354,8.45124810620674,2.510576172918839
1789322281.7974708,LIDAR_ONLY,29.41692079304218,5.7697837749157195,-7.155887238774291,0.08552238081731849,0.18322351476927165,-0.49411668043576074,0.845555304004461,-6.7936876641854225,-39.200784403830255,0.403657868983066,149,38.370251460960354,8.45124810620674,2.510576172918839
1789322281.899152,LIDAR_ONLY,29.42617569136867,5.753771976609045,-7.164771626092184,0.08556081124660606,0.18325401623377433,-0.4941989502152839,0.8454967242509727,-6.817139165641437,-39.202225705739295,0.4041650990109186,148,38.376637987806916,8.43298734936734,2.5088625453659184
1789322282.046696,LIDAR_ONLY,29.43613380148323,5.736722591308629,-7.173254139287083,0.0855305607903104,0.1834462813119699,-0.49428676511568637,0.8454067535069583,-6.851071765528291,-39.20431179104624,0.404899298225451,149,38.39416118329439,8.413965002024558,2.507874513407357
1789322282.1223927,LIDAR_ONLY,29.444860908700527,5.726716060484449,-7.1799324110642395,0.08552195673335053,0.18338489338269037,-0.4940183520074914,0.8455778164517567,-6.86679543559231,-39.205278525201045,0.4052394442451195,149,38.40700563064365,8.39486568226386,2.507147635376501
1789322282.234775,LIDAR_ONLY,29.456740256121705,5.70450906118055,-7.191963923804403,0.08559403366748795,0.1834020457880207,-0.4942407414099132,0.8454368341466305,-6.891765678336391,-39.20681217684272,0.4057786270646659,148,38.41632160754724,8.373466087481471,2.504733657505098
1789322282.369834,LIDAR_ONLY,29.47702288223094,5.665457796636563,-7.2124591131342175,0.08546603916194635,0.1830469850777774,-0.49452442023966764,0.8453608431850421,-6.921964619123967,-39.20866960507771,0.4064296696774746,150,38.42768248923678,8.351652543878744,2.502245160763773
1789322282.4555736,LIDAR_ONLY,29.484773514893405,5.656279563585628,-7.215945780609337,0.08538537387503359,0.1833781478197334,-0.49432417809380436,0.8454143361584956,-6.941417872738204,-39.20986475672803,0.406850191527302,150,38.44284833175106,8.329825737777192,2.5008808069948074
1789322282.5713696,LIDAR_ONLY,29.496139331820856,5.636032619302645,-7.225765667634672,0.08529379317407011,0.18346790030295307,-0.49442562054811395,0.8453447841857293,-6.966856767414368,-39.211427674391416,0.40740088253099466,148,38.45090242624356,8.31027656275388,2.4994757056225634
1789322282.6845438,LIDAR_ONLY,29.502758047393698,5.6266565423356205,-7.232829319118229,0.08537373627016692,0.18341346575557818,-0.4942786047665711,0.8454344957504463,-6.9922875678818315,-39.21298833591499,0.40794953024328284,149,38.460688798029345,8.291531716315033,2.49742394540424
1789322282.7934,LIDAR_ONLY,29.5120350414959,5.615876332986943,-7.238309593299226,0.08535280009268958,0.18362413661735047,-0.49419427668938065,0.8454401769819849,-7.01719627850348,-39.21451572436521,0.40848817334259346,149,38.46782878929749,8.273153471530708,2.495359390778824
1789322282.900262,LIDAR_ONLY,29.525504129998247,5.590138972627118,-7.253197065166386,0.08543997737996188,0.18328441586331906,-0.49459866447956075,0.8452685929702988,-7.041348366140992,-39.215998918557524,0.4090134762633798,146,38.47698369996011,8.254972460175145,2.493895106155236
1789322283.015778,LIDAR_ONLY,29.536756932738548,5.571108052409389,-7.263692885334006,0.0854488801493391,0.18341197709924015,-0.4947891590374631,0.8451285249219622,-7.066282949037135,-39.2175302695955,0.4095528560934994,149,38.489519344868874,8.2422817310035,2.4933562568997676
1789322283.125135,LIDAR_ONLY,29.550845357123563,5.542516965541829,-7.279811139820996,0.08548576584503496,0.183168830795958,-0.49541899618290314,0.8448084880514958,-7.091225670301323,-39.21906173698606,0.4100922619159162,148,38.50226223212348,8.222890409738069,2.4915489355233342
1789322283.244195,LIDAR_ONLY,29.560289762617714,5.521768622423938,-7.288530329605377,0.0853415895159556,0.18340238995675176,-0.4955167019653148,0.844715084824735,-7.117172038258271,-39.220654923863876,0.41065337107057676,148,38.513293497614946,8.209330528187486,2.491078363461125
1789322283.353228,LIDAR_ONLY,29.56862123424292,5.51184346172667,-7.293139601528191,0.08531038165089588,0.18368845693839814,-0.49536321632624486,0.8447461000093973,-7.141122075006916,-39.222125634689654,0.41117123912843634,146,38.521622320582374,8.188491721564104,2.489435214664321
1789322283.4702199,LIDAR_ONLY,29.580291274480373,5.494332887852474,-7.305454191279383,0.08541883261873542,0.1833118914778284,-0.49541800145290793,0.8447848112467932,-7.166069866037954,-39.22365762564673,0.4117107013568043,144,38.53405614395913,8.171127512053415,2.4880456582910004
1789322283.5877962,LIDAR_ONLY,29.58965728001818,5.482994984422332,-7.3108376823936485,0.08549193490902145,0.1836049467812553,-0.49535363605072236,0.8447515183971512,-7.190269401896051,-39.22514366701994,0.41223398385345456,148,38.545818217021086,8.151079505762823,2.4860507021421028
1789322283.6995764,LIDAR_ONLY,29.60042760853463,5.4654926487438384,-7.318900440627679,0.08532846242317749,0.18370090882958814,-0.49540453255898875,0.8447173365781536,-7.215966127716083,-39.226721639668824,0.4127896340822821,148,38.557822353422786,8.133726830075512,2.4845049258377983
1789322283.81661,LIDAR_ONLY,29.60802205692758,5.451970439819053,-7.323139329357453,0.08523362077608805,0.1841972686400335,-0.49547353308669795,0.8445783410232198,-7.2414137343950085,-39.228284307915736,0.41333989641734226,147,38.56529497700693,8.116924488539755,2.482571820325042
1789322283.969883,LIDAR_ONLY,29.622350641616414,5.429938958470851,-7.332483800454034,0.08504440876377393,0.1843954820609569,-0.49540645757690427,0.8445935096391817,-7.2753443243947755,-39.23036787093979,0.4140735896865445,146,38.59098243332726,8.079404398277841,2.47885526841268
1789322284.0498865,LIDAR_ONLY,29.63264528478694,5.413341188015304,-7.339394435196732,0.08496545954774815,0.18474672174655993,-0.4954300780070689,0.8445108390622639,-7.293307649833379,-39.231470922730026,0.41446202380374864,146,38.59098243332726,8.079404398277841,2.47885526841268
1789322284.1489851,LIDAR_ONLY,29.647319306908756,5.382374481074731,-7.352820987711743,0.08475835024271171,0.18483730598036466,-0.4956917453603853,0.8443582687246154,-7.315761677103861,-39.23284971044948,0.4149475889992695,147,38.60603144728116,8.0620605126922,2.4777958886677522
1789322284.2971976,LIDAR_ONLY,29.65815653538578,5.361327385930906,-7.361403133166171,0.08459809406432628,0.1851582865641259,-0.4957106570271132,0.8442929088338171,-7.349442286486836,-39.23491782411676,0.41567610648396924,148,38.61999371162265,8.038659731197683,2.4765230073201594
1789322284.3748696,LIDAR_ONLY,29.668855521535235,5.348989422773888,-7.3686998328877795,0.0846104494058568,0.18523887782004594,-0.4955524324221233,0.8443668732937277,-7.365410707874826,-39.23589875458628,0.41602155685469966,144,38.62964965691245,8.023099928081743,2.474974542771801
1789322284.4908152,LIDAR_ONLY,29.67703167549933,5.337504889979877,-7.376041651123833,0.08463507884075219,0.18519203842758444,-0.49548894258702936,0.8444119374491597,-7.391617712566103,-39.23750874746057,0.41658841294625654,146,38.646518923633906,8.003634025537886,2.4737756038917698
1789322284.61622,LIDAR_ONLY,29.68740231428037,5.317949297524732,-7.38964937377359,0.0848091160494972,0.18479799811143058,-0.49575057010361306,0.8443272386763638,-7.420333770153976,-39.23927085219161,0.41720774377225056,145,38.65507459671766,7.9861209682636884,2.471117021008122
1789322284.7160468,LIDAR_ONLY,29.698267127746924,5.303592198009836,-7.3967423375825145,0.0847736624243603,0.18491188250097026,-0.4957611655451006,0.844299643850731,-7.441043531778223,-39.24054416313481,0.4176543961178899,145,38.66451180926626,7.966714021461576,2.4696601788959582
1789322284.825594,LIDAR_ONLY,29.704288858540153,5.293447598594076,-7.405452164444965,0.0849762826473519,0.18478201997397284,-0.4958913806821451,0.8442312331624148,-7.465731269150019,-39.24205923312988,0.4181883740048818,145,38.67442876663909,7.95196541240913,2.468980681870287
1789322284.9382553,LIDAR_ONLY,29.714977760266542,5.269805761377251,-7.416287377256502,0.08488451522498315,0.18490639619258845,-0.49605660669207796,0.8441161571011601,-7.490921707678639,-39.24360539920356,0.41873326671535815,147,38.685698191276146,7.936100715078211,2.4678143731646025
1789322285.0438173,LIDAR_ONLY,29.723359321548884,5.258302674556674,-7.425015722905208,0.08501442985538164,0.1847874213377751,-0.4960294750040393,0.8441450796864939,-7.515100832412421,-39.245087197107914,0.4192547733353509,148,38.69943162795253,7.913199057308695,2.465470081311612
1789322285.1559174,LIDAR_ONLY,29.74032310500688,5.221360783887793,-7.44579634896904,0.08501878699366472,0.1842375947078793,-0.4967610956494744,0.8438345385225203,-7.5405033075703995,-39.246644491081014,0.41980486764467695,147,38.70911418113783,7.891766509761577,2.4636363696141133
1789322285.2711244,LIDAR_ONLY,29.75088485546999,5.204390238603864,-7.45447119739408,0.08503623821864358,0.1843956152352452,-0.49674408571182244,0.8438082771471036,-7.567656884288267,-39.24831060453653,0.4203947594629923,142,38.72154557364286,7.871039489505707,2.4624969892823825
1789322285.368975,LIDAR_ONLY,29.75737786912716,5.199239095492924,-7.456909321633596,0.08499627206156148,0.1846653968010891,-0.4964068157361025,0.8439517748370914,-7.59010166272873,-39.24968770554447,0.4208799376984994,142,38.72762051298779,7.85438434243244,2.460762414777747
1789322285.4861157,LIDAR_ONLY,29.769717026174092,5.175612436101892,-7.473341643310043,0.0851742178164611,0.18411473796811242,-0.49675435229831555,0.8438496485482283,-7.615796951451372,-39.25126397517067,0.42143564924364,147,38.74249069488634,7.836824276556392,2.4599407721832183
1789322285.594937,LIDAR_ONLY,29.782566893848333,5.151798680662322,-7.485946792913367,0.08512402753666715,0.18397725813339744,-0.49698546942467575,0.8437486068767098,-7.639498338408174,-39.2527181084322,0.42194807027152986,143,38.75095136220233,7.8191931837135105,2.45778732277157
1789322285.7114663,LIDAR_ONLY,29.788715672807818,5.148816401042568,-7.490903841991342,0.08534953011319146,0.18404769809422156,-0.49667084828549457,0.8438957109732476,-7.66519503053284,-39.25429468045024,0.42250365974145543,147,38.76010468346134,7.795658569026119,2.4556186894007155
1789322285.8288295,LIDAR_ONLY,29.800645373208127,5.127561950555904,-7.506220039558947,0.08552053118449833,0.1834487141600725,-0.4969575772899852,0.8438400170607019,-7.690891639233381,-39.25587125666087,0.4230592658756978,147,38.77018316791937,7.77914318736137,2.454038126222575
1789322285.934095,LIDAR_ONLY,29.81015406797941,5.118056302582316,-7.511599420467153,0.08553784897774076,0.1836908358243996,-0.4967164380908143,0.843927564046091,-7.714842058654209,-39.25734070462324,0.4235771232759625,142,38.7777441913454,7.758875777102837,2.4517574872577605
1789322286.049544,LIDAR_ONLY,29.825114065677305,5.09148211550386,-7.523465716413966,0.08541712711031474,0.1838548766704069,-0.49684671510811185,0.8438273759525752,-7.7405391706474225,-39.258917320350186,0.42413274895976627,141,38.784572497288494,7.743833434892554,2.4498045949290224
1789322286.1622467,LIDAR_ONLY,29.835649588395036,5.0712300449465,-7.534359753827758,0.08539495670676207,0.18382514394887764,-0.4970437116463187,0.8437200759340007,-7.76748405893325,-39.260570487234354,0.42471535293436147,141,38.79593276179427,7.724152773846956,2.4482165461916496
1789322286.2801478,LIDAR_ONLY,29.848662195654455,5.052623668132808,-7.542692113565595,0.08524962516999454,0.18398960264295763,-0.496798859009764,0.8438431259507059,-7.793181716666727,-39.26214712050053,0.42527098997836565,134,38.810338652451655,7.705832635241,2.446965458725476
1789322286.3884985,LIDAR_ONLY,29.85580729006059,5.037225344889386,-7.5519673923735855,0.08530670820882642,0.18391593350784557,-0.496994288226165,0.8437383317161071,-7.817132926030746,-39.26361658700845,0.4257888756159527,131,38.82414808807783,7.686565563066207,2.4445594683758163
1789322286.5186517,LIDAR_ONLY,29.868294643304758,5.018451865087991,-7.56365281831672,0.08535612020052327,0.1836450768050572,-0.4969533991436553,0.8438164122539602,-7.846073609765532,-39.26539214188247,0.42641470461707137,140,38.82665459322513,7.674164341613512,2.4424295570422676
1789322286.613544,LIDAR_ONLY,29.878512722591303,4.997931754682197,-7.5764468543546055,0.08536508902954129,0.1832924434487889,-0.49733206124720863,0.8436690717367527,-7.867529394093909,-39.26670846399164,0.42687880304885417,140,38.83847402660921,7.65844480357517,2.441785389696044
1789322286.7289746,LIDAR_ONLY,29.88282480183843,4.991958380714353,-7.576724857041368,0.0852661511482787,0.18394512795573983,-0.49711007691792203,0.8436678521766507,-7.890984663512062,-39.268148327443775,0.4273862753856206,139,38.84511668244342,7.640168057134659,2.4398328964774816
1789322286.86982,LIDAR_ONLY,29.896235101381443,4.974902501207678,-7.5867682996835555,0.08522067413376702,0.18376510216978256,-0.49693815510712286,0.8438129496063952,-7.921940866855926,-39.27004708549033,0.42805523279359664,145,38.85830285610711,7.623826298748022,2.4393915362482343
1789322286.9695573,LIDAR_ONLY,29.907053982691167,4.957138050935937,-7.598065580084754,0.08532398219612336,0.1836160458226264,-0.4970829470558202,0.8437496723110235,-7.94241350882089,-39.27130276580031,0.4284963916968271,143,38.86689848336076,7.60837407977128,2.4385505291711276
1789322287.0892878,LIDAR_ONLY,29.91846035355526,4.94051367870909,-7.609176983510698,0.0854196515260367,0.1833718447429395,-0.4971137541227693,0.8437749493500674,-7.968357750782563,-39.27289607290056,0.42905637897919946,142,38.87757021488501,7.591898155549106,2.4375576268951202
1789322287.1916308,LIDAR_ONLY,29.9294468395862,4.920482606885704,-7.620361464613929,0.08543858783727654,0.18330615890364912,-0.49725223016761455,0.8437057066357296,-7.9895544914166114,-39.27419551841265,0.4295152224088142,142,38.888720314070696,7.58171537056531,2.4370895138390343
1789322287.3391163,LIDAR_ONLY,29.941142017257093,4.899075786435818,-7.6312147583090955,0.08539722560635461,0.18331222759876936,-0.49739151362441963,0.8436264713994716,-8.02222338806876,-39.27619809803475,0.43022081048395,135,38.89956786755923,7.561252833359093,2.434947003845179
1789322287.436218,LIDAR_ONLY,29.946989430194826,4.888916904752179,-7.638196828713371,0.0854216622377176,0.1833064176470715,-0.49750001274836614,0.8435612806342634,-8.042655968509626,-39.27744754969614,0.4306618919798271,133,38.916340604399515,7.534588626857933,2.4327671524442227
1789322287.5480895,LIDAR_ONLY,29.962032921676958,4.863859747914734,-7.651660680101729,0.08535031395642971,0.18312531414070138,-0.4975576524777701,0.843573841278414,-8.066805715151055,-39.278928437931555,0.4311863187886872,141,38.925786240923436,7.517205707526293,2.4315068228489944
1789322287.6683075,LIDAR_ONLY,29.972729676898446,4.844272254921618,-7.664354529116876,0.08537533814912515,0.18276481520659593,-0.49772813968926316,0.8435489155466248,-8.092479019243877,-39.28050251585358,0.4317426896571331,138,38.93400736047101,7.502756053397489,2.4302059233834497
1789322287.789554,LIDAR_ONLY,29.979665449191458,4.842385665448463,-7.668009059030547,0.08550997413122817,0.18278485885176401,-0.4972680025391002,0.8438022714767903,-8.11791846217568,-39.282061850995866,0.4322927281927805,138,38.94185536196028,7.490111635011495,2.4287024963292776
1789322287.9017985,LIDAR_ONLY,29.989554670331387,4.825495426236241,-7.677586844120471,0.08542247179297907,0.18260098115423437,-0.497347858907752,0.8438038813813098,-8.141868290770804,-39.283529827696086,0.43281064774326883,138,38.95426525854906,7.475446698205596,2.4271501323424283
1789322288.0216422,LIDAR_ONLY,29.99968739569089,4.806352312517504,-7.688430571270564,0.08543762390580942,0.18255748742095582,-0.49741186001452725,0.8437740323835319,-8.166816439526047,-39.28505916791618,0.4333500188755501,137,38.96368035215901,7.452635155751663,2.424689002110277
1789322288.138204,LIDAR_ONLY,30.015311465807258,4.7828264771982525,-7.704083000590515,0.08537222175713588,0.1820252098088543,-0.4974519269512853,0.8438720205805772,-8.192013735666169,-39.286603800756374,0.4338948069647306,132,38.971626137282044,7.441202145162503,2.4242905215554473
1789322288.2496057,LIDAR_ONLY,30.022523419677363,4.770835953388694,-7.713678042644485,0.08556562381694534,0.1817927631417905,-0.49772260768818083,0.843742923576943,-8.216462723168176,-39.28810256416852,0.43442342186025074,129,38.98228235717652,7.429311884730968,2.4241384843530844
1789322288.4136667,LIDAR_ONLY,30.038970370358214,4.739500984108702,-7.729654968335369,0.08554747339552492,0.18168574711248606,-0.4980811998108927,0.8435561851392954,-8.253885224967384,-39.29039661247817,0.4352325267656174,127,38.98730990421389,7.409221154926959,2.4211644947537594
1789322288.4840746,LIDAR_ONLY,30.049989418383475,4.717418804798653,-7.73953633638974,0.08551735217825164,0.18185112783143453,-0.4982562884401493,0.8434201923197612,-8.267357534927296,-39.29122247989938,0.43552380851608435,136,38.99764775559906,7.393580977547144,2.4199430192771016
1789322288.5987995,LIDAR_ONLY,30.06170656102669,4.699141259606984,-7.749967274792732,0.08547950962147864,0.18169909472239446,-0.49814513246723513,0.8435224474850297,-8.291308562834685,-39.292690696176265,0.4360416471057832,133,39.0045028915446,7.3727266181500895,2.418321672924234
1789322288.7594397,LIDAR_ONLY,30.08072723200158,4.667715677832298,-7.7676751483038196,0.08549151340906853,0.18127757449324458,-0.49835794510845566,0.8434862184221809,-8.325489031353577,-39.29478595700078,0.4367806589526071,130,39.01311142459003,7.353409009653714,2.416543725397122
1789322288.8456368,LIDAR_ONLY,30.088597708688432,4.655047543132074,-7.769747949844421,0.08530987642124856,0.18208350744402674,-0.4982371199461414,0.8434023912757461,-8.343202986842998,-39.29587180386238,0.4371636649169484,133,39.022037795005474,7.3333510236090556,2.414901763788568
1789322288.9448538,LIDAR_ONLY,30.102873462477618,4.632878981491221,-7.782535591242278,0.08530853914127041,0.181828946829797,-0.49828058386554697,0.8434317678312566,-8.36416016124031,-39.29715643877481,0.43761683680811286,132,39.03041244364105,7.309014411531403,2.4119968902888087
1789322289.0712128,LIDAR_ONLY,30.111547282832078,4.624276530252567,-7.791291480575289,0.08544900486758651,0.18161528245989886,-0.49820998072577277,0.8435052885722623,-8.392102947027341,-39.298869419897116,0.4382212568385219,125,39.03677147742718,7.2949867602992615,2.410384865690984
1789322289.2118275,LIDAR_ONLY,30.121763630788656,4.609968700636568,-7.7990268951614645,0.0854006566391072,0.1817718306640942,-0.4979737922678466,0.8436159266141274,-8.42229953470445,-39.300721413540515,0.4388744053744408,118,39.04947694733137,7.279747538835464,2.4092604645595825
1789322289.3077857,LIDAR_ONLY,30.131920800081026,4.5918829233029985,-7.810141680887083,0.08545190652843983,0.18157462012385525,-0.4983337297612619,0.8434406456768384,-8.441275819203941,-39.30188378347377,0.43928415308223623,118,39.06104394209,7.25532881490637,2.4071047841936535
1789322289.425228,LIDAR_ONLY,30.137285542541903,4.591927110547504,-7.813428232714866,0.08564990549078833,0.18159073855676341,-0.4980219991241716,0.8436012006559687,-8.466986962447095,-39.303459959532674,0.4398382773316842,117,39.0713419479722,7.2361035095127475,2.404353413195969
1789322289.5457006,LIDAR_ONLY,30.15076426733186,4.5726363569631605,-7.829621276196587,0.08563334623784484,0.18087555878921682,-0.49808676086647324,0.8437182828968107,-8.492925778822174,-39.30505054398624,0.4403985574187615,113,39.08143190975291,7.214876640657949,2.4024225991569548
1789322289.6856759,LIDAR_ONLY,30.157714523206252,4.555875223891139,-7.838830933097171,0.08561240829119747,0.1809402644294918,-0.49823789332948726,0.843617293507762,-8.517616086980436,-39.30656342216455,0.44093295641788166,110,39.08615682938066,7.205969804152863,2.4017286928965405
1789322289.8145413,LIDAR_ONLY,30.17530549610504,4.529273234676532,-7.8550022000413335,0.0856083408784036,0.18059836926802106,-0.4983437962868007,0.8436284144647087,-8.543546857663628,-39.30815099252261,0.4414925244943242,120,39.101000433464584,7.179100231691032,2.399909596399233
1789322289.9526575,LIDAR_ONLY,30.186653115665166,4.502332302757022,-7.86789078745462,0.08551644327433995,0.18051560749325693,-0.4986893947150117,0.8434512084168369,-8.570699771751013,-39.30981192382158,0.44207957809668885,114,39.11105119160738,7.159521209443743,2.3986938917242164
1789322290.078141,LIDAR_ONLY,30.19617852134307,4.491534602449766,-7.874318756291656,0.08546163926882541,0.18048702087378765,-0.4984839381266529,0.8435843211791773,-8.592363488882796,-39.311138821129546,0.4425506400554544,128,39.12565257916141,7.133551600929801,2.3967019474576037
1789322290.2025285,LIDAR_ONLY,30.210191669871037,4.463351682149366,-7.889966581606368,0.08547240480475395,0.18003847350278193,-0.4987752500698692,0.8435068855637279,-8.618046787900589,-39.31271209734695,0.44310625397386383,122,39.13552945071611,7.109105692102849,2.3944153951906495
1789322290.3217595,LIDAR_ONLY,30.214037372149186,4.46358155023124,-7.889725658181462,0.08549635693317453,0.18046687848635418,-0.49844901609469144,0.8436057474168728,-8.642492898982725,-39.314209195028155,0.44363491925274495,119,39.14841310026704,7.093667449238367,2.393883224702527
1789322290.4493043,LIDAR_ONLY,30.22574351354578,4.446686138319695,-7.899280239394971,0.0853760418767521,0.18023628475001033,-0.49840250130085656,0.8436947077172061,-8.667192436287221,-39.31572193200463,0.4441688294705047,119,39.15804734934025,7.073422802452937,2.392032388889128
1789322290.5895796,LIDAR_ONLY,30.230355150428885,4.4439017094386255,-7.902013041065283,0.08545968446881817,0.18044991636298938,-0.4982791926748665,0.8437134087842646,-8.695384042270419,-39.317448619598196,0.44477828435688027,128,39.16890781748923,7.049675691718236,2.389774106483588
1789322290.704672,LIDAR_ONLY,30.239742011910856,4.434315689312207,-7.910075169176967,0.08558748168835788,0.1801982133450376,-0.49801629425566923,0.8439094486622081,-8.717837403791405,-39.31882385734989,0.4452637066003206,122,39.17962444761928,7.036878729073362,2.389242252811226
1789322290.8319995,LIDAR_ONLY,30.2483306835245,4.431953982917248,-7.914163135376757,0.08566184080394859,0.1799707799722593,-0.4976630329067374,0.8441587961185522,-8.74178781194665,-39.32029079428233,0.4457815020693902,121,39.18616094171347,7.024496820423857,2.387879396212413
1789322291.0536385,LIDAR_ONLY,30.25381556958488,4.426908885867778,-7.918839703537927,0.08576036215672883,0.17992211857228144,-0.4976157320289287,0.8441870496332683,-8.785198676582878,-39.32294966813337,0.4467200260137236,129,39.195523584744265,7.007014300666647,2.3864813403894796
1789322291.1069853,LIDAR_ONLY,30.261589208658627,4.418057252518976,-7.921463102352737,0.08574183549316905,0.1803545212981576,-0.4974059169696595,0.8442203136961033,-8.79667528118053,-39.323652597213005,0.4469681444449786,129,39.207229006086784,6.981939743626004,2.3843814234463903
1789322291.1995487,LIDAR_ONLY,30.273399066659515,4.399602005522804,-7.930945139114414,0.08570960497511401,0.18037202253945123,-0.4974956133579441,0.844166992833551,-8.815387253571117,-39.32479868013722,0.4473726876952946,119,39.21406822872099,6.96739297726868,2.38319675543909
1789322291.3114135,LIDAR_ONLY,30.282727606630196,4.389219487947392,-7.936774483188358,0.08578222368272484,0.18058438355503936,-0.4973763756381505,0.8441844771571856,-8.840087170437675,-39.3263115040878,0.44790669066423855,113,39.22534987384648,6.942771877376948,2.3809219908722015
1789322291.453072,LIDAR_ONLY,30.29529932727388,4.370994487599905,-7.946642330430562,0.08570125285881645,0.1805139853172971,-0.4973530187720569,0.8442215177793195,-8.869776818552074,-39.32812991324056,0.4485486003303236,120,39.23595895631806,6.926024656069868,2.3798408652203396
1789322291.5475247,LIDAR_ONLY,30.303205044596567,4.356259453763574,-7.953891027936638,0.08571204735508278,0.18069671478808275,-0.4974922471536841,0.8440992869473188,-8.889985463821557,-39.32936761754775,0.4489855895653342,118,39.24480348392412,6.904660550223531,2.3774979597961523
1789322291.6608593,LIDAR_ONLY,30.315490532185876,4.338022098569231,-7.963536779199396,0.08567677798859887,0.1807079842570886,-0.49746861175966955,0.844114384697441,-8.915184394069987,-39.330911185726244,0.4495306759184263,107,39.262246824843295,6.880656061788359,2.3755184731583094
1789322291.782154,LIDAR_ONLY,30.323820936845728,4.322666544276122,-7.970101942841076,0.08556464566257205,0.18087671956243204,-0.4975208640080322,0.8440588211787572,-8.94113985622219,-39.33250181839126,0.4500920729070981,109,39.27363185576152,6.858993663231297,2.3737888911483496
1789322291.8976119,LIDAR_ONLY,30.337776960132878,4.301989872662437,-7.980796820456257,0.08548948294258026,0.18085844053252156,-0.497386556368992,0.8441495047310933,-8.965110964718141,-39.3339689068554,0.45060942777380497,106,39.28705423812436,6.830467819216734,2.3709948905867506
1789322292.015476,LIDAR_ONLY,30.344492315216954,4.301884176711346,-7.981817024696928,0.08559379432759422,0.1811310661935497,-0.4970089655132935,0.8443028647538745,-8.991065214889025,-39.33555975314553,0.4511688507860296,109,39.296706616986064,6.815579660016429,2.3697973808546666
1789322292.134494,LIDAR_ONLY,30.355254496469094,4.282365033858178,-7.991477078337628,0.08558195979115209,0.18122739403816288,-0.4972660946868746,0.8441319748021079,-9.016751768244555,-39.33713231614085,0.4517241784920941,117,39.30438741527238,6.797549621445553,2.3686119817409614
1789322292.2401237,LIDAR_ONLY,30.366548698351366,4.2633220426351,-8.002145006305742,0.0855390420955363,0.18108127545108144,-0.4973209336803023,0.8441353759212679,-9.039449053798467,-39.33852208979796,0.45221519774254326,117,39.30850617489473,6.784187112295107,2.3657955512883344
1789322292.3620348,LIDAR_ONLY,30.375750028056522,4.252544172752695,-8.009449521416098,0.08551460092825443,0.18102240949204487,-0.49726067265251744,0.8441859769760107,-9.06487921314332,-39.34007696835654,0.4527637357836427,108,39.3209134540029,6.768452132944083,2.3641748781072027
1789322292.4802063,LIDAR_ONLY,30.38821852275082,4.231307832435784,-8.02003703076719,0.08545849183062611,0.18093918631123276,-0.4974802692583706,0.844080113928579,-9.089289255878477,-39.34156917429092,0.45329184426013563,106,39.32970917726927,6.748921209970935,2.361919019982623
1789322292.5934646,LIDAR_ONLY,30.395095236028347,4.228264053008632,-8.02458880606993,0.08546920299888584,0.18073231775864843,-0.49730606898751384,0.8442259877571339,-9.114444774455828,-39.34310870289495,0.45383852064798536,109,39.343317963763425,6.7219790523933876,2.3594256607598147
1789322292.7112029,LIDAR_ONLY,30.402243442214235,4.2230749467319,-8.027606146753008,0.08555160793264609,0.1810079367417845,-0.49720367227742174,0.8442189037746473,-9.139631547682429,-39.34465022299511,0.4543829471342233,108,39.35640185293006,6.700704182173396,2.357876935399527
1789322292.8264592,LIDAR_ONLY,30.41397431694284,4.205887425411872,-8.037716026204706,0.08546417169373656,0.18083634096407197,-0.49726768135189636,0.8442268333962967,-9.16507554782648,-39.346207111044706,0.45493318431547736,104,39.36377914198232,6.683559312525884,2.356146907363682
1789322292.9393017,LIDAR_ONLY,30.424557603926672,4.182433411291776,-8.046811613829083,0.08544935129598585,0.1812079765890064,-0.4975365435334635,0.8439902045831974,-9.189774549479715,-39.34771857216664,0.45546707263487535,109,39.372104202879825,6.670800131873811,2.354671226618714
1789322293.0529594,LIDAR_ONLY,30.433969131410926,4.169161076427254,-8.05446544888027,0.08549940079571494,0.1812486532677273,-0.4975588870925648,0.8439632290730545,-9.213974037877593,-39.3491995353733,0.45599021761049807,109,39.38051224303678,6.650533545386979,2.3535015740072236
1789322293.1967866,LIDAR_ONLY,30.44635145424339,4.160107966691505,-8.06030547838337,0.08552508680258615,0.18129650438239162,-0.4974665914650478,0.8440047555566751,-9.24540843870634,-39.35112327068496,0.4566697852414611,102,39.39174225054183,6.630080072422567,2.3525860705306334
1789322293.286295,LIDAR_ONLY,30.455953923636855,4.1402511867495715,-8.069522344863962,0.08554769311360143,0.18141911991835913,-0.497784478278369,0.8437886633014935,-9.26436907472575,-39.35228362620782,0.4570796822361894,98,39.39868241005353,6.615779984525756,2.35123576111521
1789322293.3974469,LIDAR_ONLY,30.46636866405005,4.129011722771649,-8.077374599176672,0.08550778799681147,0.1813107729774555,-0.4976740139547306,0.8438811513645726,-9.288818641369843,-39.35377989254719,0.45760824081713963,97,39.414544925584,6.584881834844461,2.3491753897475647
1789322293.5192132,LIDAR_ONLY,30.47525726540934,4.1200486366388684,-8.08278792372726,0.08557213465074122,0.18142196459859591,-0.4976363659464026,0.8438729334563109,-9.313518091838336,-39.35529144451125,0.458142199662262,97,39.4260278881068,6.559403745324197,2.346242097609647
1789322293.6441717,LIDAR_ONLY,30.4829833973564,4.115619767528224,-8.0865236333191,0.08556395152325816,0.18149441799044239,-0.49767237836598166,0.8438369452978361,-9.340463335166852,-39.35694041917011,0.45872470756729566,91,39.437327423695116,6.538001954891094,2.344198743682773
1789322293.759935,LIDAR_ONLY,30.489993202142067,4.102387823082312,-8.092492786156315,0.08553060790112095,0.18152995379223272,-0.49778707829196606,0.8437650239692344,-9.363666355664618,-39.35836036157921,0.45922632106099076,94,39.44586928881528,6.509766091917906,2.340552737000508
1789322293.8713481,LIDAR_ONLY,30.50051679014942,4.097506315920428,-8.09804858478617,0.08554017926029761,0.1815239294292751,-0.49766467123079,0.8438375529599411,-9.38911475068401,-39.35991768769,0.4597765058330886,96,39.456347365960916,6.496801701004696,2.3399268733484995
1789322293.9894395,LIDAR_ONLY,30.51468964732797,4.09548053097214,-8.10383416855851,0.08556076710105288,0.18140578039263114,-0.4974076358643576,0.8440124061629962,-9.414313400321216,-39.36145970303021,0.46032139316347853,96,39.46609297993856,6.484771035751448,2.3393230861256407
1789322294.1072083,LIDAR_ONLY,30.518801741743424,4.089910668060977,-8.107934757784566,0.08540596703980317,0.1816231358646248,-0.49724845084867875,0.8440751361349801,-9.43901415987163,-39.362971814789674,0.4608556312829275,94,39.47294658943835,6.476153535261406,2.338741798855262
1789322294.2221487,LIDAR_ONLY,30.542270429295975,4.096137183652726,-8.114165028374327,0.0856286640898518,0.18138762499953537,-0.49669555238492075,0.8444286764577893,-9.464472848120426,-39.364530422018625,0.46140621339665133,94,39.48492771256248,6.446581672712861,2.335792995695046
1789322294.3378172,LIDAR_ONLY,30.557040986094556,4.09354638136192,-8.121594803297242,0.08576656493325446,0.18122191949491723,-0.49657214051713455,0.8445228365748074,-9.488194835847956,-39.36598096984012,0.46191775071445224,90,39.49730623721577,6.432615337580125,2.335655426415737
1789322294.4558384,LIDAR_ONLY,30.58472679482834,4.094123720395112,-8.129369014112811,0.08602877281399426,0.18110487674844913,-0.49621484645943786,0.8447312590518264,-9.513894521473842,-39.367555568313996,0.4624718875729921,108,39.5063559700417,6.410728851878729,2.333959275000857
1789322294.5683463,LIDAR_ONLY,30.610386415149016,4.0966754289478375,-8.13679409855324,0.08612286485579193,0.1808823545733428,-0.4958084386095635,0.8450079397003208,-9.538331726281356,-39.3690496057237,0.4630004635398069,104,39.51817616767564,6.397634839649369,2.333788208557122
1789322294.6858459,LIDAR_ONLY,30.6348828163281,4.098506359408218,-8.143863331850888,0.08633645056658304,0.18084314450047131,-0.4953784640814969,0.8452466809843164,-9.563522557563646,-39.370590471137675,0.4635450857829762,97,39.525650066525266,6.374583312383363,2.3313960439462735
1789322294.7935483,LIDAR_ONLY,30.666461549252375,4.097374668433971,-8.153799702562102,0.08654346878188515,0.18078103370675563,-0.49476665160230815,0.8455970709063249,-9.587950409052286,-39.37208196813826,0.4640718915965431,95,39.54099216570592,6.348355014099947,2.3299485011589227
1789322294.9049766,LIDAR_ONLY,30.694155859835774,4.108209076365356,-8.159857797187025,0.08676571267366681,0.18051032058191488,-0.4940413552416282,0.8460560705879135,-9.61235625338915,-39.37357371109184,0.4646007098518489,91,39.555538684493456,6.322446206911926,2.327745132146464
1789322295.013972,LIDAR_ONLY,30.72414682274843,4.105584814409547,-8.16927843208228,0.0869596499888851,0.18034503991325512,-0.49385903985465796,0.8461778386405145,-9.637770783368389,-39.37512786258521,0.4651523715986281,115,39.565221650614035,6.307490184869577,2.326865655785682
1789322295.1263502,LIDAR_ONLY,30.7470720897103,4.116762864392285,-8.173440184223727,0.08719462338662745,0.18015613741113756,-0.49319689278445394,0.8465799954837839,-9.662710882197358,-39.37665284503956,0.4656914161907326,109,39.572198847921975,6.294731421760438,2.3255572924420975
1789322295.2400546,LIDAR_ONLY,30.77892419619645,4.122920758008763,-8.179221829665314,0.08755375970749699,0.18008404922629748,-0.49236980993041285,0.8470395767875499,-9.687908501213316,-39.37819339161711,0.46623621012813454,109,39.58480860212432,6.268403074842712,2.323163577446489
1789322295.3694112,LIDAR_ONLY,30.80307691478476,4.137761880415265,-8.181415671568145,0.087855945063559,0.17994961262613576,-0.4915388876777168,0.8475193164366494,-9.717846853235171,-39.38002399936609,0.4668833347369825,112,39.59525798490603,6.246786296353053,2.320287658111842
1789322295.4593325,LIDAR_ONLY,30.830566466254233,4.1490539845641345,-8.18698836084177,0.08803881689552998,0.17959597929789334,-0.4907205160152347,0.8480494243270306,-9.73805492396052,-39.381259646478455,0.46732015810626426,115,39.610493586901335,6.223918462304455,2.3183857451760836
1789322295.5644388,LIDAR_ONLY,30.855669328139463,4.163835889205324,-8.189849922776931,0.08824833556211521,0.17943908344690096,-0.4900229522119725,0.8484641140954137,-9.762005282260985,-39.382724129214765,0.46783788954240607,122,39.621874414103125,6.203444107613805,2.316444435000397
1789322295.680274,LIDAR_ONLY,30.88136428743185,4.173558263431326,-8.196753339461036,0.088611974092758,0.17898745147038625,-0.4893319633046994,0.848920278914274,-9.787951780535138,-39.38431067541383,0.46839877716749223,109,39.63198069838782,6.189565126238416,2.315503824341297
1789322295.786911,LIDAR_ONLY,30.911971952936618,4.178874975038907,-8.203982461228172,0.08882406539693234,0.17869131895848417,-0.4886902970241313,0.8493300250960784,-9.811902737819999,-39.38577520172807,0.4689165273575146,108,39.64821318062193,6.1654231270420246,2.3138761448682614
1789322295.9029386,LIDAR_ONLY,30.939274989178493,4.186155920057183,-8.211810892368458,0.08904715703745082,0.17828577401996828,-0.48820941476329377,0.8496683788055964,-9.837350988435542,-39.38733127849907,0.4694666428871193,106,39.656474132606554,6.14043548712048,2.3102433482574263
1789322296.0123851,LIDAR_ONLY,30.969377811201035,4.19963942970359,-8.21410137627779,0.08935739246614273,0.17824130023395393,-0.4874077493080792,0.8501052765493189,-9.86230051904996,-39.388856849769354,0.47000597717838627,113,39.668088595352756,6.124449981851615,2.3084737171426513
1789322296.1285446,LIDAR_ONLY,30.99371684782573,4.2075002699734245,-8.219376776444504,0.08957115482137175,0.1780747258342032,-0.48690633513459186,0.850404974731945,-9.88849759773474,-39.390458685769424,0.47057228914772,111,39.68000701069954,6.104662465387898,2.3063351291036747
1789322296.228905,LIDAR_ONLY,31.028289593701956,4.206414565411836,-8.229119242659287,0.08990535783329648,0.17781037615499,-0.4862492703225633,0.8508008838002359,-9.911950032906459,-39.39189267795312,0.47107930476505444,107,39.691073475439936,6.083132095661274,2.304072668975696
1789322296.3406973,LIDAR_ONLY,31.05696019849514,4.220024751844034,-8.232566548587592,0.09020456070648067,0.177625324490541,-0.4854605678624228,0.8512581385091569,-9.936899183046695,-39.39341816339154,0.4716187979214745,103,39.70108796326712,6.067537249456229,2.3033763025032568
1789322296.4529965,LIDAR_ONLY,31.087831433616387,4.2228362032055164,-8.240451352550284,0.09050536534526887,0.17744564191304682,-0.48485251345515634,0.8516101591726132,-9.962350085634501,-39.39497524986145,0.47216931412288143,98,39.71279306790215,6.048798553000367,2.301577201613063
1789322296.5642958,LIDAR_ONLY,31.117046780978335,4.2299468220066245,-8.245981592316166,0.0907414888934047,0.17731373610611864,-0.48421182039561644,0.851976956361298,-9.987312159319842,-39.396501679758146,0.4727088093657386,96,39.7265399921268,6.024075088760507,2.2997051884768944
1789322296.6771502,LIDAR_ONLY,31.143803657091837,4.242808503203345,-8.247856842094318,0.09089086013319841,0.17741907930818257,-0.4833005269472431,0.8524564050402821,-10.01228002205288,-39.398027439154255,0.473246962498144,114,39.74023415429612,5.999788106128396,2.2982552562151852
1789322296.7925382,LIDAR_ONLY,31.17437539603482,4.249286236044171,-8.252551155669254,0.09119126217101758,0.17754895874475304,-0.48265554816058254,0.8527626532524266,-10.036727701455542,-39.39952407083829,0.4737744517903069,105,39.74790993803851,5.988402633271875,2.2962571553937012
1789322296.902033,LIDAR_ONLY,31.194907065936228,4.25907553748524,-8.255483168412193,0.0914325028478595,0.17736794180962523,-0.48210864472512555,0.853083797362543,-10.061914579130251,-39.401062685955765,0.4743194479607718,106,39.76123480082839,5.968997483962681,2.294873123353399
1789322297.0170918,LIDAR_ONLY,31.225321621461852,4.2737167983114,-8.258252896434467,0.09182085146186364,0.1772087754118458,-0.48128963894990384,0.8535375004024859,-10.0878524001305,-39.40264754604781,0.47487965219961153,111,39.76599553984108,5.947031944245922,2.2928466122908437
1789322297.1251824,LIDAR_ONLY,31.256774299331354,4.289010574372747,-8.262815487727513,0.09222079359829406,0.1768297287519598,-0.4803195618848849,0.8541192485410463,-10.112275279265512,-39.40413642160324,0.4754066639155483,107,39.77496715578905,5.929815480620303,2.291777732852334
1789322297.233009,LIDAR_ONLY,31.286360498290108,4.293161003978338,-8.269826967002617,0.09250333090163423,0.17658999315324453,-0.47994942684144926,0.854346332446511,-10.136925116338855,-39.40564292517853,0.4759418120344251,110,39.78356129943718,5.911843671350543,2.290130765420823
1789322297.3474488,LIDAR_ONLY,31.307898786803264,4.29094569077805,-8.277966228246548,0.09265639366821504,0.1763720447928291,-0.4797244745932931,0.8545010959642978,-10.161852649486878,-39.40716620372622,0.47648170109593446,110,39.79785372617817,5.892407192465659,2.2881693300808035
1789322297.4665596,LIDAR_ONLY,31.33722055363001,4.306291339758472,-8.278274439357471,0.09295199324002568,0.17633261140582535,-0.4789005176358634,0.8549391974378123,-10.187043345765057,-39.40870511905923,0.47702625082846,115,39.807351782024895,5.874345389665953,2.286292745211024
1789322297.5747678,LIDAR_ONLY,31.364403381749007,4.321665518090067,-8.281248463220969,0.09332495777942386,0.17610190085912908,-0.47827406544806156,0.8552967269252547,-10.211492477932703,-39.410198716948734,0.4775548287699901,108,39.817979247104645,5.854191793059756,2.2836590025960564
1789322297.6834335,LIDAR_ONLY,31.392190297117004,4.341530786318776,-8.281481018090723,0.09358372656602501,0.17600209233566036,-0.4773498240612711,0.8558051735553828,-10.235941704736144,-39.411692475306594,0.47808329532904653,104,39.83040087968957,5.837654934133596,2.2821523636685908
1789322297.7833204,LIDAR_ONLY,31.422744544862205,4.346695736029245,-8.287598980289415,0.09385562983152342,0.1757688993698544,-0.4768835784284709,0.8560832128879147,-10.258644320228374,-39.41307953565281,0.47857403394538794,107,39.837286077196865,5.816218241969811,2.279581958043111
1789322297.9011962,LIDAR_ONLY,31.44842558738071,4.351006165860836,-8.293653037467061,0.09381168730072502,0.17552306864739764,-0.4763250135522241,0.8564493570333658,-10.285837738664648,-39.41474097065199,0.47916184866579875,113,39.848951530099406,5.797645521792549,2.27828175493811
1789322298.0150728,LIDAR_ONLY,31.477047964474963,4.3533310365332465,-8.300047682066534,0.09398386659260533,0.17545220678828774,-0.47583106768416294,0.8567195287723824,-10.312033608249015,-39.41634145329903,0.4797280955360121,111,39.860724539678145,5.779919260423622,2.276509214206852
1789322298.11741,LIDAR_ONLY,31.503396478731972,4.367011869132159,-8.304523293998061,0.09434584716923695,0.17502763311931716,-0.475139783123195,0.8571501474422157,-10.33598452423112,-39.41780477273017,0.4802458146473863,106,39.87225860696122,5.752917274764311,2.2731216829597267
1789322298.2290535,LIDAR_ONLY,31.53227381974716,4.365084043341198,-8.314057617662941,0.09462984737639962,0.1747478231615115,-0.4748801462925006,0.8573197985250579,-10.360933799256147,-39.419329078717695,0.48078511198472124,105,39.883761976051666,5.733010089737768,2.2719121200831562
1789322298.340909,LIDAR_ONLY,31.56232892714725,4.372909895799114,-8.318520102518411,0.0948691454094035,0.17454564220905192,-0.4743832405104232,0.8576095878416643,-10.385883383385375,-39.42085338733433,0.48132441675503823,111,39.891839082485774,5.712305696167035,2.2695429120113992
1789322298.4560192,LIDAR_ONLY,31.58299708585195,4.3757240285436,-8.323945742700957,0.09511584325049849,0.17450616422253729,-0.47410084359710036,0.8577464457003604,-10.410833067714039,-39.42237767955853,0.4818637365702576,106,39.89976188321423,5.690247515516258,2.2672798909617606
1789322298.5649784,LIDAR_ONLY,31.61567797134549,4.388033889573874,-8.329194052374893,0.09556982137751015,0.17418530358516204,-0.47341082552312436,0.8581422257029016,-10.437030054370776,-39.423978146606636,0.48243007451875586,115,39.91474908934107,5.665357374093129,2.2662293937403675
1789322298.6673617,LIDAR_ONLY,31.648214145710853,4.403173524822449,-8.333113668984119,0.09590751538846899,0.1738622378219244,-0.47265600160291027,0.8585860323230939,-10.460732018595355,-39.42542615032801,0.48294261286731316,112,39.92444341624779,5.65095124032553,2.265014519831029
1789322298.7845612,LIDAR_ONLY,31.67550527362824,4.422638131969405,-8.33542735431499,0.09627234620150606,0.17350626956300827,-0.47187115549313474,0.8590487892970688,-10.486434191229305,-39.426997535357025,0.4834984729255904,109,39.94317719422374,5.629252918229697,2.2640714279333687
1789322298.8913739,LIDAR_ONLY,31.709596170873056,4.421500207930013,-8.345197486904569,0.0965264871599585,0.17332855063924046,-0.4714179893531161,0.8593049110322389,-10.51040110331985,-39.42846113230342,0.4840161776424659,115,39.95233381311642,5.61261459778885,2.262898649513598
1789322298.9931402,LIDAR_ONLY,31.740254329399136,4.436794823223222,-8.348651634358227,0.09687826932776435,0.17310669849409785,-0.4707333187200701,0.8596852996971156,-10.533618095515687,-39.42987922829906,0.4845164013562265,103,39.95803305819507,5.592216502686531,2.26133421793899
1789322299.1153302,LIDAR_ONLY,31.77962098837802,4.444985351766187,-8.356587558363335,0.09717256360365131,0.17279496824155216,-0.4700617962398855,0.8600821469771522,-10.560556279563848,-39.431525948396164,0.48509795434835584,100,39.969033000099934,5.574461620714371,2.26059694578798
1789322299.2311594,LIDAR_ONLY,31.806362336557534,4.445560508824087,-8.366102820380096,0.09748784470952143,0.17227372796410076,-0.4698465003605193,0.8602686492522065,-10.585744601549456,-39.43306403762247,0.4856430215429853,96,39.98253537718263,5.551302864584384,2.2597826878330616
1789322299.3441353,LIDAR_ONLY,31.8419831575588,4.458335538504187,-8.37142841805477,0.09776165005609326,0.17190599358981987,-0.4692730838129085,0.8606240537859314,-10.61167807138728,-39.43464678622512,0.48620268456059673,109,39.99115291987599,5.5272548230105745,2.2568226489484373
1789322299.449285,LIDAR_ONLY,31.866851321618725,4.4710684133569245,-8.376001325683161,0.0980617553790157,0.17141338332820802,-0.4687685727726896,0.8609630475976415,-10.636094935242719,-39.4361349015608,0.4867301181381997,104,40.002360505343326,5.506308070592317,2.255047807514423
1789322299.5667984,LIDAR_ONLY,31.90414177727814,4.485408028784642,-8.379667926120767,0.09835646186392379,0.1711479446367214,-0.4681042519066144,0.8613435997342671,-10.66348906784278,-39.4378074557402,0.4873252263082069,111,40.01429724366518,5.485481864917642,2.2526503660746697
1789322299.6648488,LIDAR_ONLY,31.941643098674902,4.498902147377239,-8.38362368793902,0.09868071346024641,0.1708323127071165,-0.4673579614012369,0.8617743171161429,-10.684934263217366,-39.43911676893755,0.4877889459704698,111,40.02327764342017,5.460971106000327,2.2503655032942524
1789322299.7748208,LIDAR_ONLY,31.974185024486623,4.501407255529168,-8.391423786866602,0.09892194270524839,0.17061972191573577,-0.4670791896551798,0.8619398994917669,-10.710128561766789,-39.44065458636396,0.4883336571874694,108,40.033383018363466,5.442967769086268,2.2484617268162728
1789322299.8854737,LIDAR_ONLY,32.011881232918945,4.501406249452042,-8.401365467375388,0.09906005497559087,0.17019108307657813,-0.46663679959297705,0.8622483389459664,-10.734828200966748,-39.44216231972182,0.4888674462727672,106,40.04688912277267,5.422196140083379,2.2475209083738292
1789322299.9994526,LIDAR_ONLY,32.048026568557745,4.523128712993534,-8.405005122207356,0.09941893773066832,0.16967098299021952,-0.4658157653122257,0.8627533280945507,-10.760774596335844,-39.443746228650085,0.48942823268322244,118,40.05456223184553,5.4022043685488175,2.2458399410697667
1789322300.1064239,LIDAR_ONLY,32.08956463590597,4.536901413648762,-8.412856765466408,0.0997846379874507,0.1690286771720042,-0.46508982689092077,0.8632286981083108,-10.78472498203921,-39.445208299249856,0.4899459008199054,106,40.0651066224095,5.38366592438091,2.2445633647390912
1789322300.2211945,LIDAR_ONLY,32.121636361901515,4.551907636613608,-8.415379176920107,0.10003872106711098,0.16876769394047633,-0.46436501944320363,0.8636404625113298,-10.810421948283157,-39.446776999832274,0.4905013301756135,111,40.076504679990244,5.3670864178258055,2.2425606052333484
1789322300.327498,LIDAR_ONLY,32.16030616476423,4.560743828736978,-8.422967938385558,0.10040262407107509,0.16828141496258364,-0.46386878132155107,0.8639597399029032,-10.834622334985914,-39.44825434345635,0.4910244138601487,114,40.08873090443846,5.348181321079905,2.2411743410049634
1789322300.4337254,LIDAR_ONLY,32.19261495468855,4.5787450645567755,-8.426162020886194,0.10079150835166019,0.16792373258276194,-0.46316403196736977,0.8643620603493651,-10.85982105926048,-39.44979263028509,0.4915690750417745,122,40.09879051063728,5.330143177689623,2.2397815390293445
1789322300.5439878,LIDAR_ONLY,32.22038803276082,4.5883926775923225,-8.429745654204154,0.10106486810350429,0.16772801286086228,-0.46265612217062024,0.8646401093836741,-10.88526962448251,-39.45134616150519,0.4921191345428558,109,40.11188196930958,5.304468104711779,2.236798886302789
1789322300.652436,LIDAR_ONLY,32.25050654875111,4.60568943028324,-8.434019360901852,0.101512616785511,0.1672358008122828,-0.462067086246445,0.8649979094586027,-10.909470903561376,-39.45282353792274,0.4926422365845523,112,40.12165770753024,5.283684546465463,2.2353428763665946
1789322300.7705,LIDAR_ONLY,32.28014209730158,4.613873023234008,-8.439206000836034,0.10184905779749209,0.16718944630347132,-0.46162771616089054,0.8652018898168115,-10.935668123342266,-39.45442273624642,0.4932084995677152,99,40.12855696313972,5.2692804760138285,2.233887097984567
1789322300.873524,LIDAR_ONLY,32.32188073383997,4.617788775981301,-8.448167576939687,0.1019734382056899,0.16697984564083151,-0.46097745544355917,0.8655743380109278,-10.95961960202429,-39.45588482135107,0.49372628498497517,113,40.145163198269344,5.248880482631696,2.232960828552623
1789322300.9882514,LIDAR_ONLY,32.35789934328138,4.637457036553037,-8.445333838070438,0.10195496246472108,0.16749565327939434,-0.45991282526637506,0.8660430618143805,-10.984818761204325,-39.45742329005494,0.49427123970622444,102,40.15478426930615,5.222531037367877,2.2307475190028727
1789322301.0828393,LIDAR_ONLY,32.3947501464098,4.660922224667205,-8.447166968812432,0.10226607154965171,0.16722130473631358,-0.4590257345062062,0.8665298961450346,-11.00727896185239,-39.4587953263183,0.49475695849421475,104,40.165621379465584,5.2024808898833115,2.228790178351181
1789322301.2022252,LIDAR_ONLY,32.424846521971936,4.670503559825468,-8.451064351940868,0.10231693754909224,0.167259236498996,-0.4584964819230574,0.8667967282820856,-11.034743703207102,-39.460470897040565,0.4953498451212811,105,40.17633034698841,5.180518337581611,2.2267229574421346
1789322301.313413,LIDAR_ONLY,32.461153684541586,4.686560012180724,-8.451911575904688,0.10242982618220897,0.16745333120289413,-0.4577916451038932,0.8671184015175826,-11.059700827602327,-39.46199537320179,0.49588765577194166,105,40.184151970212795,5.160359325478404,2.224500906864069
1789322301.4227104,LIDAR_ONLY,32.49749685801242,4.698196512188751,-8.456633155377338,0.10253814039709222,0.16751401249699432,-0.4571535987648378,0.8674304424663807,-11.08439020291598,-39.46350208131793,0.49642111862667865,118,40.1985135677997,5.137821768893733,2.2226392944158277
1789322301.534534,LIDAR_ONLY,32.529879082819335,4.714945734273018,-8.456875857590862,0.10269289953263773,0.16756640041422885,-0.4563708682243617,0.8678140932676425,-11.110329833258142,-39.46508499551655,0.49698214987485,116,40.21303309293447,5.1155790174655795,2.2217521502370685
1789322301.6368954,LIDAR_ONLY,32.563295611566204,4.733964699905799,-8.45828573607242,0.10300750222886433,0.16729597842040742,-0.45550381926381434,0.8682843893132063,-11.134514180979721,-39.46655881829356,0.4975037463273328,112,40.22163625299121,5.096819128234851,2.2196374793819733
1789322301.7552063,LIDAR_ONLY,32.59407950574176,4.7441527795826826,-8.46164385661273,0.10314502540565679,0.16710461596020756,-0.4549419263992402,0.86859944431424,-11.159672099929772,-39.468091766971796,0.49804798519440907,117,40.23454721397178,5.0768423815768795,2.217896175380484
1789322301.8616176,LIDAR_ONLY,32.624392133098254,4.763259000554646,-8.464955760753421,0.10345163416136886,0.1665947565131046,-0.45430782024668565,0.86899272203764,-11.184082483702735,-39.46958077898857,0.4985782411403091,118,40.247091733212166,5.050301664785927,2.2158055107032326
1789322301.9749835,LIDAR_ONLY,32.66432529301612,4.7847041726088,-8.467004640465705,0.10381476347651666,0.1662522390217687,-0.45354796950888004,0.8694118283408248,-11.209020390335573,-39.471102026868046,0.49911714430607085,108,40.254204114325674,5.03490033510629,2.213770284215542
1789322302.0809157,LIDAR_ONLY,32.69679700515071,4.792665024086363,-8.471676374907995,0.10402164325349983,0.166094129277522,-0.45312367896132194,0.8696385280787302,-11.23446481799566,-39.472653808365,0.499667262310293,103,40.26478852827209,5.014542811030212,2.212055397144011
1789322302.1893108,LIDAR_ONLY,32.73194022334237,4.811525822716163,-8.473699202973568,0.1044230341171778,0.16574379636197242,-0.4523479840415909,0.8700609893833836,-11.258664974783056,-39.47412987104611,0.5001902526468576,123,40.28015345108574,4.991806190098894,2.2101450914144523
1789322302.301254,LIDAR_ONLY,32.77385047492388,4.83062943057636,-8.477013264826981,0.10477261117171062,0.1653590016980881,-0.4515436743317215,0.870509856737235,-11.284361496657837,-39.47569726954641,0.5007456365570306,108,40.28999187226977,4.972867960490257,2.2079976627277014
1789322302.4091296,LIDAR_ONLY,32.81173215714287,4.840599257446774,-8.484036421990142,0.1050307279928888,0.16487886992996836,-0.4510415097242167,0.870830098775645,-11.308561154658873,-39.477173371700125,0.5012686822418514,103,40.30090753438838,4.953535334021729,2.2064738204134557
1789322302.521672,LIDAR_ONLY,32.85617137593916,4.860666477287506,-8.484680784878991,0.10511507838535254,0.16485238190405807,-0.44999523045140155,0.8713660568599111,-11.333759017134009,-39.478710353259935,0.5018132947959388,116,40.31056687573863,4.929833695813413,2.20408620143974
1789322302.6315494,LIDAR_ONLY,32.89643269732566,4.883754389637396,-8.48521264868472,0.10535374571653208,0.16457173667146793,-0.44911068640142066,0.8718465020360397,-11.358957290582712,-39.48024735856808,0.5023579165743557,105,40.32178555911465,4.91161941399721,2.2021921169238428
1789322302.74166,LIDAR_ONLY,32.92962711323453,4.892421928443422,-8.488992151854719,0.10537370009290331,0.16458593757727558,-0.44861233867099276,0.8720979429357018,-11.383906517977511,-39.481769165909746,0.502897153426323,109,40.33099978959644,4.893864224858291,2.199831041358855
1789322302.8500063,LIDAR_ONLY,32.96308094037016,4.912030304634845,-8.489452744351244,0.10554404214536124,0.16454573563541616,-0.44802797703997266,0.8723852863507544,-11.408856129923882,-39.48329098353358,0.5034363970543525,109,40.34449149386417,4.8723537421466006,2.198462746338865
1789322302.9562063,LIDAR_ONLY,32.99624260462427,4.937763775042134,-8.488064557498765,0.10576072069385868,0.1643817858995411,-0.44712605723974846,0.8728525576293114,-11.433556472805067,-39.48479757753467,0.503970257845267,107,40.35454519306175,4.85064568784952,2.195776942739439
1789322303.0737736,LIDAR_ONLY,33.02624279987792,4.951934102776608,-8.490324393406427,0.10585826769300981,0.1642652965108447,-0.4464226494805949,0.8732226277152725,-11.459753779468606,-39.486395451679805,0.5045365019669098,118,40.362821655781346,4.827981987257625,2.1934830587899774
1789322303.178868,LIDAR_ONLY,33.06676500456388,4.984653766716143,-8.489134448865881,0.10635990083727569,0.16390623514179264,-0.44542272833250535,0.8737396126194322,-11.483705403249605,-39.487856327247215,0.5050542951520808,109,40.372476692122994,4.809687899000828,2.1916435677827217
1789322303.2942045,LIDAR_ONLY,33.098957802860575,4.997558444524355,-8.491338048385847,0.10654327744880089,0.1639690781002576,-0.4448818528933279,0.8739810114777202,-11.508655720206404,-39.489378673494386,0.505593807657552,99,40.386139211721215,4.790708084243895,2.191278850369706
1789322303.4006712,LIDAR_ONLY,33.13729268949402,5.022942915104274,-8.491843008915124,0.10676860172805187,0.16371907092225185,-0.4439381443760903,0.8744801058167676,-11.533614615338415,-39.49090167749715,0.5061334801252015,99,40.39665617911582,4.77120075570548,2.189226388141499
1789322303.5223234,LIDAR_ONLY,33.17548164675042,5.0433066252602465,-8.492969984120082,0.10702733440980958,0.16363763638162818,-0.44328424360678464,0.8747953777990175,-11.559083948492642,-39.492454036676065,0.5066826902868096,98,40.40482656936497,4.749665759941432,2.1875112514534214
1789322303.6417866,LIDAR_ONLY,33.212544234908584,5.05464136574081,-8.4973655818293,0.10702320970235027,0.16367087766582,-0.44272675357531094,0.8750719387900476,-11.584533752985994,-39.49400833482117,0.5072313378707228,111,40.41625251347143,4.730626502105637,2.1863379387812762
1789322303.7579327,LIDAR_ONLY,33.24178980637113,5.063171773592575,-8.502160637985812,0.1069998515696706,0.1634290185306434,-0.4423319897539997,0.8753195979220656,-11.610217651719791,-39.49557325627961,0.5077867914984926,101,40.425299943231614,4.710804950972967,2.1850376504993174
1789322303.8650668,LIDAR_ONLY,33.27585693905319,5.079447221196634,-8.505542544140862,0.10711484288750105,0.16321765418384812,-0.4417647960288573,0.8756313566709966,-11.63391290332437,-39.49701784223277,0.5082988953438746,100,40.437883667170155,4.692492854910146,2.1830652870956935
1789322303.9799032,LIDAR_ONLY,33.31229607438199,5.096391949203147,-8.507273229597807,0.10722102232259678,0.1631587405829603,-0.4410815377058429,0.8759737181208854,-11.660583800315447,-39.498640614932405,0.5088740609466372,105,40.45062662595749,4.669640487056092,2.1815445460275917
1789322304.0819457,LIDAR_ONLY,33.350318749040476,5.116883535254981,-8.505178227124304,0.10711631684892002,0.16362037537577281,-0.4401672898101194,0.8763602138435014,-11.682996002796457,-39.50000654491939,0.509359877118172,112,40.46418590430254,4.646066607918054,2.1806182949177773
1789322304.1954308,LIDAR_ONLY,33.38276537358323,5.120895202554406,-8.510999320258376,0.10703526890733728,0.163675865170884,-0.43983919142132805,0.8765244708850569,-11.708164080846524,-39.50154062743008,0.509905811940699,122,40.4735196117782,4.621514799462519,2.1776915467888593
1789322304.306174,LIDAR_ONLY,33.41286240431537,5.141191898763958,-8.510716865134002,0.10711646421120515,0.1636137986974501,-0.4391994311663661,0.8768468781000593,-11.732605846058707,-39.50303019925157,0.5104340075761679,109,40.47864528814742,4.599474492747761,2.175376129394371
1789322304.4181163,LIDAR_ONLY,33.4539005935581,5.155733212412704,-8.51176950317692,0.10706278018104398,0.16386348997529177,-0.43854905902922,0.877132282257134,-11.757803769208698,-39.5045657156849,0.5109786816313898,111,40.492367789358326,4.5767490855143205,2.1729717561437365
1789322304.520621,LIDAR_ONLY,33.49035934126422,5.176764027308444,-8.513454858441506,0.1070491580452037,0.16368211431000687,-0.43786398019361794,0.8775099874450557,-11.780257749634062,-39.50593417988667,0.5114639191784199,112,40.50415448488376,4.556629303543574,2.171135777386604
1789322304.6366374,LIDAR_ONLY,33.5359116941056,5.208221965441124,-8.512788469302706,0.10713208133108543,0.16356777300559208,-0.4369640874220072,0.8779696390463131,-11.808200022699367,-39.50763713514251,0.5120677882639594,116,40.519819657068204,4.53442170386332,2.170558556241661
1789322304.7444007,LIDAR_ONLY,33.5759923349156,5.229452522483536,-8.514226022511671,0.1071176924121235,0.16349046291446373,-0.4363385069743491,0.8782968608845827,-11.83264957063766,-39.5091272358419,0.5125961929595723,113,40.53420921470728,4.514085892892013,2.1688608642303264
1789322304.8590035,LIDAR_ONLY,33.607954677111806,5.245772939634007,-8.516420241296727,0.10716079160395721,0.16352380087629345,-0.43577147526782267,0.878566874308774,-11.858346848584773,-39.51069338650289,0.5131515690415842,114,40.54369875654537,4.492566954617633,2.167328000878514
1789322304.9630299,LIDAR_ONLY,33.643251181564096,5.2592199003530204,-8.520860637580387,0.10708818501628682,0.16330487655059858,-0.4351506456166124,0.8789240886129797,-11.882797061648718,-39.512183534148086,0.5136799932671194,104,40.55696940189266,4.474625314676896,2.165296510926212
1789322305.0675557,LIDAR_ONLY,33.68171467922512,5.274093416007888,-8.523272126905095,0.10717030601915235,0.16341572413937924,-0.4345958883388648,0.8791679250579586,-11.907497134796031,-39.513688905372355,0.5142138155455197,109,40.56656195302413,4.450883597583903,2.164019265370501
1789322305.1835408,LIDAR_ONLY,33.72187773847552,5.294175568642087,-8.524544681039265,0.10725891278269754,0.1633415017258957,-0.4338469760490787,0.8795407215221324,-11.93294598877217,-39.51523990104035,0.5147638198337086,112,40.574618699315344,4.433751910770173,2.161934953495821
1789322305.2910738,LIDAR_ONLY,33.76314531836914,5.317816719914267,-8.526035124305677,0.10746785934704028,0.16311069830652913,-0.4330975721095108,0.8799272994618184,-11.957646446837366,-39.516745268380404,0.5152976572677636,117,40.587057175849665,4.411135719793313,2.159111304964785
1789322305.40415,LIDAR_ONLY,33.80393240130702,5.336909879183731,-8.530516225806617,0.10756826327688117,0.16260043468905067,-0.43245123184917406,0.8803272683761758,-11.982097249410915,-39.51823539881937,0.5158261330969999,103,40.598642390333765,4.388697761632928,2.1571042643637606
1789322305.5113122,LIDAR_ONLY,33.83983890076858,5.356628253337403,-8.530476558197016,0.10749102711210912,0.16268836900275863,-0.43168452404698526,0.8806966818263449,-12.00754581051828,-39.51978631255071,0.5163762942527802,96,40.61331422130633,4.367466868808432,2.1560055875663533
1789322305.6166477,LIDAR_ONLY,33.87365378968202,5.376228728297619,-8.528377711017775,0.10751721909275469,0.16305561396156307,-0.4309566158942329,0.8809820143289925,-12.031998699612808,-39.52127738316804,0.5169051021155776,96,40.62204051642943,4.343165830238735,2.153498913827534
1789322305.7300034,LIDAR_ONLY,33.90632861445122,5.390777101358589,-8.531342746218916,0.1076398003675397,0.1629580811441677,-0.43056859029216116,0.881174798902277,-12.057210070842238,-39.522814213063825,0.5174499040498046,99,40.63612762315254,4.322202312261496,2.1516635911929147
1789322305.8475084,LIDAR_ONLY,33.938058346836314,5.406353265293056,-8.533619729542249,0.10772811876797836,0.16277401492065263,-0.4300511308791411,0.8814506777596212,-12.082677833526004,-39.524365323760065,0.5179987609519924,98,40.64471550859819,4.305000557770612,2.14978203070716
1789322305.9565756,LIDAR_ONLY,33.969668629593166,5.424040931198828,-8.533720642428003,0.10788569125025865,0.16285617950215267,-0.42948671039347136,0.881691390463132,-12.107624244186086,-39.52588732979388,0.5185368844713366,95,40.655792018866,4.279911241920024,2.1477924432346622
1789322306.0901165,LIDAR_ONLY,34.00330017990355,5.447698797159672,-8.532939274518913,0.10788325156876218,0.1627816976503439,-0.4286866798195894,0.8820946964392655,-12.13804976522332,-39.52774014596824,0.5191950591025394,98,40.667990783768865,4.2609524793532945,2.146892486794367
1789322306.1754177,LIDAR_ONLY,34.047209361860254,5.473815482074238,-8.532433664785692,0.10797061515921479,0.162877786505316,-0.4278038879545672,0.8824947628038512,-12.157502733127615,-39.5289247150128,0.519614947969562,121,40.67758224754905,4.242999782018982,2.1464995996945566
1789322306.2837284,LIDAR_ONLY,34.08904665250132,5.496534217014846,-8.534105443764307,0.10807369600683599,0.16273693998994168,-0.427033334798952,0.8828812465811121,-12.181926306039491,-39.53040872880378,0.5201418602112428,108,40.69206860696258,4.220172307332946,2.1445229615685335
1789322306.3997722,LIDAR_ONLY,34.12447489209068,5.517302531050154,-8.534949534525373,0.10799947309503029,0.16283249033288988,-0.4263313304481167,0.8832119171419304,-12.207572540447064,-39.531970981776006,0.5206985554808575,107,40.69880913700466,4.196252101898366,2.1423596220019254
1789322306.5052493,LIDAR_ONLY,34.162713445951496,5.538222761929566,-8.535164854816502,0.1080261387778615,0.16301129758340302,-0.42567540043646773,0.883492005433085,-12.231504752605165,-39.533428663521015,0.5212166155771195,109,40.71070474639775,4.174955341899626,2.1407081335019975
1789322306.6201327,LIDAR_ONLY,34.2054519982736,5.560712051237148,-8.535960088517504,0.10808447553558269,0.16303667011698403,-0.42503313421635563,0.8837893556518912,-12.25669565063394,-39.5349625375307,0.5217610504305272,107,40.72488238309861,4.155303731349184,2.139387490353789
1789322306.7289124,LIDAR_ONLY,34.241539098315464,5.572348605210733,-8.540118875851624,0.10802000329585672,0.16302175413248055,-0.4245005081220677,0.884055940069201,-12.281643962337943,-39.536481632507005,0.5223002991578543,107,40.736709799491315,4.132620159997591,2.1368900952663856
1789322306.8423452,LIDAR_ONLY,34.281443270130495,5.596012138171222,-8.541322951780725,0.10818313900641054,0.16281691966008047,-0.42377654162539974,0.8844209980971385,-12.307340810232642,-39.53804646386708,0.5228556117192372,100,40.746539170738316,4.115732999561269,2.1364021835182703
1789322306.9460337,LIDAR_ONLY,34.32061268425436,5.6281381373100565,-8.53775575806729,0.10830665532985703,0.1626220660905998,-0.42277524031899405,0.8849208033518599,-12.331540542662143,-39.539520140958636,0.523378596868438,97,40.754821427448604,4.093899643093425,2.133666646718051
1789322307.0530045,LIDAR_ONLY,34.36444053630073,5.6567148955924065,-8.535785735005838,0.1083262876450877,0.16264782127093277,-0.42174595981260743,0.8854046798061297,-12.356239429028108,-39.5410242137306,0.5239123700627422,97,40.767082831339586,4.07212513064695,2.13200886118022
1789322307.163941,LIDAR_ONLY,34.40441235917383,5.673939974304432,-8.540764180333447,0.1085131782701538,0.16213154616100478,-0.42116029214537065,0.8857551920260913,-12.381687128351821,-39.54257388160715,0.5244623216803151,107,40.775789188367575,4.052620817138705,2.130087390308492
1789322307.2742145,LIDAR_ONLY,34.43661216459468,5.69791342501985,-8.540868600207784,0.10878271533063816,0.16186179828369932,-0.4205516875343948,0.8860605832637141,-12.40638679873666,-39.544077993102874,0.5249961062886735,101,40.79059292443792,4.028301565902387,2.127975830389555
1789322307.3878043,LIDAR_ONLY,34.47720905937495,5.719878618332219,-8.541812506510926,0.10875064997181641,0.16174621988224308,-0.41981494583930096,0.8864349201912441,-12.43083738939302,-39.54556692681313,0.5255245057734402,105,40.79971486661753,4.0030505148001465,2.1262790152646125
1789322307.4995346,LIDAR_ONLY,34.514175139833995,5.738240173173667,-8.544476528679144,0.10885850988922,0.16156492955052576,-0.41924428753798654,0.8867247745105572,-12.456535795273146,-39.547131829873756,0.526079872190828,107,40.81407719883511,3.985222186555996,2.1254274958625916
1789322307.617918,LIDAR_ONLY,34.55098314202605,5.750792780878609,-8.5472595970336,0.10868082533395933,0.16172040581629965,-0.41867073593455056,0.8869891788626074,-12.482483824112188,-39.54871190911157,0.5266406469430602,111,40.82310355265149,3.965774352658618,2.123191078530066
1789322307.726374,LIDAR_ONLY,34.58807743677429,5.778800555852076,-8.543890215000586,0.10859607327721581,0.16187663680265488,-0.41764299425169005,0.887455450531864,-12.506435707274619,-39.550170409169446,0.5271583309264978,97,40.83786689802428,3.9418669902782377,2.1215395684036285
1789322307.842746,LIDAR_ONLY,34.6254917773466,5.7993635989012216,-8.541864047494418,0.10847285134302455,0.16219532876096024,-0.41688574639686576,0.88776832017186,-12.531884521830891,-39.551720025333466,0.5277085132520994,97,40.84777144025583,3.923784309889936,2.119305064340193
1789322307.9510968,LIDAR_ONLY,34.66388726402665,5.817627347015748,-8.544419653178213,0.10845750685482183,0.1621180345010729,-0.41628673358471696,0.8880653509386075,-12.556339385222795,-39.55321026320564,0.5282372757744443,95,40.85575028438204,3.906744115937445,2.1167410775395834
1789322308.0634534,LIDAR_ONLY,34.696812343147855,5.822468034281265,-8.549306771076012,0.10831449946710868,0.16227232263971939,-0.41591156219315145,0.8882303951927972,-12.582304218752567,-39.554790691416436,0.5287979831222243,113,40.86645316394309,3.8905723843698303,2.11517182282433
1789322308.1703281,LIDAR_ONLY,34.73003538844842,5.837045062371187,-8.553026000115862,0.10831994625644835,0.16213067804790404,-0.41544286961726695,0.8884749037327377,-12.60626907922087,-39.55625007529142,0.5293142848066013,98,40.8784957390906,3.8647857340593603,2.1126068579840185
1789322308.2944977,LIDAR_ONLY,34.77662139981378,5.869014047855778,-8.551999225635083,0.10840226578725758,0.1618475143340147,-0.4144439769507684,0.8889828574530111,-12.634950703741099,-39.55799703076496,0.52993353522369,104,40.889431075641795,3.844530518716119,2.1108891894856474
1789322308.3987372,LIDAR_ONLY,34.807738722302304,5.888531685812332,-8.550232084937875,0.10844381780908309,0.16209022659705855,-0.4137123043494777,0.8892743255320879,-12.658894483395779,-39.55945446721277,0.5304514844130988,95,40.90404164309114,3.81807625540062,2.1085323390394994
1789322308.5033169,LIDAR_ONLY,34.85245933123386,5.919776413817138,-8.549094626850053,0.1085826850956189,0.16197641357376968,-0.41279251389752003,0.8897054469954484,-12.681336582872568,-39.560819453968875,0.5309355979137755,98,40.91480711931763,3.7975753660774765,2.1072295555642215
1789322308.6112359,LIDAR_ONLY,34.89011997055682,5.935783162114518,-8.55117715961355,0.1082639272810241,0.16218089970462146,-0.4120665539089783,0.8900435006055983,-12.706500410524033,-39.56234820234291,0.5314791029853463,102,40.929162587432835,3.7754129354251234,2.1057440931035
1789322308.7204719,LIDAR_ONLY,34.928036822779276,5.966780351138812,-8.548039399302755,0.10827343147667583,0.16219618445555786,-0.4111261780521045,0.8904743272574418,-12.731403115566922,-39.56386357993454,0.5320200372047192,105,40.93814361567165,3.7536582627434223,2.104097472998629
1789322308.8296106,LIDAR_ONLY,34.966308603508274,5.989367798095781,-8.548466844256001,0.1083177961381224,0.16211783835169125,-0.41044382753810255,0.8907979153342398,-12.756339049676823,-39.56538100736379,0.5325591914958522,111,40.94760632467683,3.732511062007283,2.1020540209447462
1789322308.9348557,LIDAR_ONLY,35.00879202161502,6.015831766624682,-8.549447364334624,0.10846164771737779,0.16188122347862077,-0.40973940413711923,0.8911476651806113,-12.780785465499623,-39.56686825240805,0.5330876276087113,97,40.961391202608816,3.7090859306307684,2.0993743211404587
1789322309.0462275,LIDAR_ONLY,35.04073247161979,6.0252329187756715,-8.55455896918524,0.10851196924323527,0.1615805709582894,-0.40939143595492866,0.8913560028330487,-12.805485352207373,-39.56837103975672,0.5336213062940278,105,40.97313331477575,3.6898355187108396,2.0972077134591034
1789322309.1533964,LIDAR_ONLY,35.07831676561527,6.0474430704900275,-8.556077780299537,0.10859907182172548,0.16136581826140758,-0.4086824560428061,0.8917095740313131,-12.830933066672205,-39.56991939469199,0.5341711943237217,94,40.981296868666405,3.669836901574499,2.095385029912284
1789322309.2639985,LIDAR_ONLY,35.12232301509849,6.07525569872999,-8.553311154835288,0.10826000874421576,0.16180350328717935,-0.4077581332854357,0.8920945586485073,-12.855382712281543,-39.57140703032103,0.5346995357547205,93,40.99108568906883,3.6496911856655827,2.0933226173397785
1789322309.3785493,LIDAR_ONLY,35.164198513228214,6.104860149435764,-8.553304907915464,0.10843770320096902,0.16153797363777017,-0.40701574038365346,0.8924600465440725,-12.880581018278512,-39.57294022614696,0.5352440650441399,102,41.00473118566813,3.6280978621934694,2.092527334811975
1789322309.485087,LIDAR_ONLY,35.197928552159745,6.115938388884363,-8.55396233047526,0.10839121504887908,0.16203796240983342,-0.40647228374020217,0.8926227230971222,-12.905280691173859,-39.5744430855819,0.5357778211194336,91,41.011771161133716,3.6067360753620803,2.0902900677016705
1789322309.604296,LIDAR_ONLY,35.239401467709,6.133109978853117,-8.56167333958536,0.10868720658246511,0.16122956093486981,-0.4060644584595595,0.8929186835216264,-12.930978732370424,-39.5760066888946,0.5363331503920179,96,41.01900300128266,3.587458664041295,2.088898144728176
1789322309.708585,LIDAR_ONLY,35.27707600633448,6.156900193193781,-8.562389914012762,0.10878119827914161,0.16104151165412398,-0.4053204720749847,0.8932791262209256,-12.955180128963054,-39.57747922099479,0.5368561356872866,88,41.03089245158468,3.5645521510728413,2.0864303961649497
1789322309.8215134,LIDAR_ONLY,35.31357995572704,6.16586269629623,-8.565342462451353,0.10872945864570242,0.16124347406469391,-0.40488363528045884,0.8934470822473156,-12.980379721837943,-39.57901247419035,0.5374006939455096,86,41.04124146355228,3.5439492698015314,2.0850319530999086
1789322309.929925,LIDAR_ONLY,35.35885921964775,6.191685204131893,-8.568120077994768,0.10886284860416925,0.16080441194163106,-0.4042030350686083,0.8938180618756916,-13.004830783564802,-39.58050016372076,0.5379290939068255,88,41.055261151866546,3.5246191937111364,2.0843137164763954
1789322310.0500681,LIDAR_ONLY,35.401663115796055,6.2079157680684585,-8.570348848484928,0.10879254684264786,0.16085117374220678,-0.4035602758794787,0.8941085982079157,-13.031277563660538,-39.58210925368694,0.5385006960373296,96,41.06444278462017,3.50283514416511,2.082503664140748
1789322310.1582897,LIDAR_ONLY,35.43273790463266,6.218620735414776,-8.574711386549671,0.10886687360445889,0.1606750864457952,-0.4031647907775766,0.8943096062910764,-13.055229651031256,-39.58356674425184,0.539018566885631,94,41.07626869022253,3.476860057610255,2.0800276558831094
1789322310.2725406,LIDAR_ONLY,35.46553104685233,6.239037146314105,-8.575404813519187,0.10894465294609633,0.16057265505879803,-0.40257865381268254,0.8945825353404745,-13.080436232344224,-39.58510137417486,0.5395635393245773,85,41.085709331690644,3.458037440571851,2.077371660666511
1789322310.3795092,LIDAR_ONLY,35.51026529320912,6.268565797041143,-8.575400975300248,0.10904388883584291,0.16043110594983664,-0.4017426436672225,0.8949715854766227,-13.104906481873607,-39.58658922188243,0.5400915722560019,91,41.09673822988797,3.4394283458848522,2.0764070266353634
1789322310.5237927,LIDAR_ONLY,35.54808731904243,6.284520032396442,-8.57802858060691,0.10907638170800509,0.16046071776908724,-0.4012663886760309,0.8951759527184673,-13.136599807028691,-39.58851968552373,0.5407745635255514,97,41.10928208878416,3.4190150381139395,2.074349134331873
1789322310.6159282,LIDAR_ONLY,35.58926092743209,6.299805364257411,-8.581026279445963,0.10902663912599257,0.16042680497636666,-0.40066326928532403,0.8954581938044688,-13.156798266344852,-39.58974700674567,0.5412111825056978,92,41.118830684745575,3.393677195517749,2.0721393024670434
1789322310.7243183,LIDAR_ONLY,35.63103552683318,6.319650815059003,-8.585496976938794,0.10916003798695954,0.16002339568063545,-0.4001553934624626,0.8957411791496616,-13.180744127774961,-39.59120344113077,0.5417289039993203,93,41.13051932353751,3.3722552857992474,2.0705763484700173
1789322310.8372438,LIDAR_ONLY,35.663918492280914,6.333910920741962,-8.587679261482378,0.10917215065899326,0.16005155785368966,-0.39969003430240485,0.8959424182549008,-13.205177484464782,-39.59268738384027,0.5422557377034277,81,41.145020084012664,3.3504475770286692,2.0688427324758063
1789322310.9537578,LIDAR_ONLY,35.69992582459593,6.358141438626333,-8.588496330102382,0.10929953549234217,0.1597634025580883,-0.3990582886913257,0.8962598668750995,-13.23108043609803,-39.594260726130045,0.5428161976753082,79,41.15579986358021,3.332878487737419,2.0677583624808027
1789322311.0735543,LIDAR_ONLY,35.74767602831886,6.390694598146819,-8.589687784781077,0.10951961386395774,0.15926934826037428,-0.39830218791217736,0.8966571786297023,-13.255992327456346,-39.59577534165404,0.5433570906086927,85,41.16451891948768,3.3125156168996917,2.065339250671553
1789322311.1820815,LIDAR_ONLY,35.78970355706837,6.411867623714162,-8.594353050685864,0.10993604869983992,0.15864260144377312,-0.39789547942485026,0.8968978635589937,-13.280182368729493,-39.59724606626192,0.543879593827746,93,41.17588584947126,3.291759297165265,2.0629726130185237
1789322311.3012483,LIDAR_ONLY,35.83197062159366,6.431075569984463,-8.597905948941461,0.11006278859412229,0.15840778756629847,-0.39735446157103793,0.8971636346145706,-13.305381181118852,-39.598770683945936,0.5444153565733684,92,41.1898276392908,3.271440943855458,2.0625248717387463
1789322311.411916,LIDAR_ONLY,35.87261365639008,6.447181997995575,-8.603765278318008,0.11022521796507503,0.15803070419082962,-0.3969406563580468,0.8973933436278347,-13.329833989167119,-39.600242068101466,0.5449345806429341,97,41.19731571279069,3.244153390501537,2.059345107684471
1789322311.530831,LIDAR_ONLY,35.909633510510936,6.470807168091799,-8.60429071495902,0.11041978308756849,0.15805207261369872,-0.3963195188751236,0.8976401577491947,-13.35552249380902,-39.601803808922924,0.5454517184089065,83,41.20751612448588,3.2071967195445996,2.0556936529004397
1789322311.642518,LIDAR_ONLY,35.94970109392712,6.491269577620516,-8.60602926406947,0.11051444870066579,0.15814465037190803,-0.3957398161390548,0.8978679324429412,-13.379713825693594,-39.60327529836113,0.5459386736114504,82,41.22341949737135,3.1803889547715483,2.0544488772640688
1789322311.7579653,LIDAR_ONLY,35.9872750467751,6.508773360733249,-8.609518724447092,0.1107092697273382,0.15802275228833756,-0.3952656924296311,0.8980742172803886,-13.40490235590957,-39.6048074845738,0.5464457544909638,79,41.23938678236618,3.1544359098069648,2.0524893531811665
1789322311.882056,LIDAR_ONLY,36.028546386022555,6.527600581183657,-8.610140136224835,0.11072378625535957,0.15843640251124716,-0.39468402305157585,0.8982553486979048,-13.430340369805077,-39.60635487013312,0.5469578702305397,104,41.25202387477076,3.1264322307865267,2.0495640437231835
1789322312.00253,LIDAR_ONLY,36.07373621567981,6.549533387872552,-8.611638861127389,0.11082452265594925,0.15855975568053735,-0.3940237187193585,0.8985110116983416,-13.45552940591461,-39.60788713155608,0.5474649552742689,89,41.26710571632123,3.1027022381682055,2.0480436613534057
1789322312.1127772,LIDAR_ONLY,36.11825023684475,6.572107798779877,-8.613595896031162,0.11105598435848636,0.15850248474548495,-0.39341498824735033,0.8987592434517779,-13.47922253821837,-39.609328421915414,0.5479418792961641,99,41.28086277813308,3.079822719208702,2.045170417515345
1789322312.231676,LIDAR_ONLY,36.155923431862526,6.598947638986257,-8.61273727789644,0.11123648413198267,0.15870561111653947,-0.3926918963283821,0.8990172679966165,-13.504661759729744,-39.610875977969606,0.5484538572985999,93,41.29687507053481,3.0547124864014124,2.043488890167571
1789322312.3475876,LIDAR_ONLY,36.1936503840327,6.617808457458112,-8.613903370308675,0.11130928395153059,0.15889709526701676,-0.3921034238570715,0.8992312613679887,-13.529851121101718,-39.61240845595427,0.5489606489861957,87,41.30784934553432,3.0333532266774896,2.040441602996445
1789322312.4610481,LIDAR_ONLY,36.22976792384865,6.633620768760563,-8.616752949692223,0.11155511845992289,0.15896889945477985,-0.3917224868287548,0.8993541226147933,-13.554290856504945,-39.61389516458421,0.5494522510417044,94,41.322632872551466,3.005348159389908,2.038503115277243
1789322312.5829778,LIDAR_ONLY,36.26936370773594,6.654941029413754,-8.618588804981377,0.11176626947594269,0.15908929615866643,-0.39116320009663647,0.8995500251488685,-13.580224858553047,-39.615472062087136,0.5499738942456692,94,41.33060588016082,2.979828001281661,2.0357713023409043
1789322312.7168562,LIDAR_ONLY,36.3097690035655,6.674079838924305,-8.61995962603331,0.11195925280316038,0.15933912094950078,-0.3906303496700315,0.8997133433285668,-13.608653761683657,-39.617223055881624,0.5505475123063532,83,41.34394123777017,2.9557395182373245,2.033727779007892
1789322312.8323493,LIDAR_ONLY,36.34774112227076,6.699536206941662,-8.620069918728746,0.11211067351529905,0.15950239713852224,-0.39002335706437274,0.8999288655973027,-13.633364434036912,-39.61872684666388,0.5510441219644562,84,41.35095957226055,2.9313663392469267,2.0302820315509926
1789322312.9263494,LIDAR_ONLY,36.38737840740446,6.724929337450943,-8.621201770822514,0.11226406317957753,0.15951935430369588,-0.38927129111327563,0.9002323131480825,-13.653594452702238,-39.619954781620365,0.5514506244853811,85,41.36566112708766,2.9100876849905104,2.0279894100986544
1789322313.0494134,LIDAR_ONLY,36.427848752112475,6.747051479996665,-8.620492339823034,0.11236195389689245,0.16000478372342739,-0.38860298128151577,0.9004226693288045,-13.680574195988845,-39.62159328950525,0.5519935215257096,88,41.38132118557076,2.887598720274421,2.0259531991909667
1789322313.160358,LIDAR_ONLY,36.464394014176534,6.765647219724334,-8.623204291693021,0.1126323696400569,0.16016473302150178,-0.3881161721610932,0.9005703995315621,-13.704039760739816,-39.62301836767409,0.5524653456448203,84,41.39552097494088,2.865547680559162,2.024395661344144
1789322313.2757773,LIDAR_ONLY,36.512113968670654,6.801236241581522,-8.619798396959139,0.11281300057139777,0.16051931149835597,-0.3871846499511914,0.9008855778512304,-13.729717460849553,-39.62457719347111,0.5529803783393195,82,41.40950180731368,2.8474501335590356,2.0217809084811535
1789322313.38878,LIDAR_ONLY,36.54617879187086,6.818233439029022,-8.620786799785188,0.11292792766688493,0.1608628244532592,-0.38659120097281907,0.9010647469478408,-13.753889333705727,-39.62604351006321,0.5534690821278548,85,41.421751320261855,2.822337906311004,2.019535761746675
1789322313.510999,LIDAR_ONLY,36.586598111392824,6.8352233189429725,-8.621460544210464,0.11298789083838692,0.16152931035289791,-0.38603028074913437,0.9011784733145564,-13.778562887640511,-39.62754009337557,0.5539714691881479,84,41.43494458887429,2.7974768003354598,2.0172454816558183
1789322313.64951,LIDAR_ONLY,36.622725688883754,6.844126387249361,-8.626130785152663,0.11314098070044207,0.16209145987463397,-0.38576423264318094,0.9011722554179471,-13.808993666652809,-39.62938800386646,0.5545718161991978,87,41.44986622750072,2.7711689247709157,2.014537081641897
1789322313.7744834,LIDAR_ONLY,36.66869145936023,6.870169770959597,-8.630148056687107,0.11323099845152647,0.16132414276052678,-0.38524514055234343,0.9015206285122137,-13.833186808359883,-39.63085380124793,0.5550317977258249,88,41.460109774544506,2.7461170318360706,2.0102043989064082
1789322313.8981125,LIDAR_ONLY,36.705937196987264,6.892307372399101,-8.631688504739014,0.1133377458684584,0.16105720943482615,-0.3847092448700538,0.9017837476701587,-13.858386877265044,-39.632383950308906,0.5555017796131514,86,41.47065445418106,2.7292477964589112,2.008446599300566
1789322314.0333092,LIDAR_ONLY,36.741403148779284,6.913435102322454,-8.632559951650673,0.11334308062344252,0.160955447424505,-0.3841564377170909,0.9020368736252861,-13.885083525851334,-39.634005191390756,0.5560001224941632,92,41.48160023351061,2.7075345087547538,2.0067215270293515
1789322314.1411986,LIDAR_ONLY,36.78707193083491,6.937061150044226,-8.635301820823624,0.1133554877614317,0.1605344854582526,-0.38355453737169154,0.9023664052005758,-13.906291252245202,-39.63529309753619,0.5563960074774784,92,41.48160023351061,2.7075345087547538,2.0067215270293515
1789322314.2703896,LIDAR_ONLY,36.82353218253894,6.956739603851069,-8.638446481123115,0.11337137828841141,0.1600806559968166,-0.38305842414187485,0.9026557249885243,-13.93099233157826,-39.63679314993035,0.556857107891697,82,41.50018156976511,2.665582018568133,2.001275716403004
1789322314.4069812,LIDAR_ONLY,36.864036750055824,6.978756428930492,-8.641533004484529,0.11340458146899053,0.15965134927306687,-0.3825098424885254,0.9029601696512065,-13.956941408825562,-39.63836898814619,0.5573415063411234,88,41.510776156062526,2.644400587328352,1.9982935102004027
1789322314.5361452,LIDAR_ONLY,36.89933083471207,6.996924914016816,-8.64308689987061,0.1135234559361145,0.15962117047585128,-0.3820134029374715,0.9031607093227503,-13.983126282976679,-39.639944696889074,0.5578610395700853,79,41.52404655836106,2.624326821369211,1.9952579924753968
1789322314.6530445,LIDAR_ONLY,36.93465471814504,7.023779239699813,-8.644131609514982,0.113867815581371,0.15855507363262697,-0.3815224236773861,0.9035126171954723,-14.005258888080734,-39.64121364150386,0.5584444093960947,87,41.53385194904567,2.6029360143636273,1.9934800164708106
1789322314.791835,LIDAR_ONLY,36.96818790275354,7.0369950478336865,-8.649379810188343,0.11378841060630852,0.15758239817245004,-0.38116867917554786,0.9038420345466778,-14.033058753758732,-39.64280767364093,0.5591995435612809,73,41.53147809342158,2.5680303525024235,1.9892182779114953
1789322314.920817,LIDAR_ONLY,36.99837779077639,7.045964158885454,-8.653856045044668,0.11352848900021176,0.1572725588310759,-0.3808328425715353,0.9040702242873276,-14.056623907845967,-39.64415796140379,0.559839402934517,67,41.53147809342158,2.5680303525024235,1.9892182779114953
1789322315.055488,LIDAR_ONLY,37.037950796321965,7.068255125690698,-8.653209620163363,0.11306835733168319,0.1573708381665129,-0.380128595974843,0.9044071076607475,-14.084622771973057,-39.64576291354916,0.560598113698821,75,41.52849563393844,2.501906948104571,1.9818326375616
1789322315.1683657,LIDAR_ONLY,37.07694048100371,7.087986690052695,-8.655124628869594,0.11336826800479245,0.1566228641392081,-0.3796733263495625,0.9046905987668288,-14.105875515609673,-39.64699115753163,0.5611760214501554,61,41.52849563393844,2.501906948104571,1.9818326375616
1789322315.2988079,LIDAR_ONLY,37.11149646213071,7.105633560703238,-8.658994181817762,0.1143672266715835,0.1555349756635875,-0.3796033606083654,0.9047819059992376,-14.132922836576023,-39.64865289876557,0.5619172447601369,61,41.54637370166975,2.4350792619589474,1.976123165250806
1789322315.3968792,LIDAR_ONLY,37.13882857604539,7.11322769983493,-8.660350769380452,0.11434932855627788,0.1558526365124006,-0.37927752118691677,0.904866149589634,-14.152703493503614,-39.64977781700739,0.5624652986476294,66,41.55034433793901,2.4009396456945002,1.9722374242408334
1789322315.5147274,LIDAR_ONLY,37.17137688703652,7.131019710623033,-8.662286268865927,0.11388377498681339,0.15556863499231888,-0.37871667249777907,0.9052085768338639,-14.179049246861766,-39.651252178133916,0.5631874277046789,60,41.553475122679906,2.367492269592828,1.9679053411107914
1789322315.6184945,LIDAR_ONLY,37.209598684844245,7.150765183310979,-8.66330845396376,0.11385232621114469,0.15518465119553163,-0.3781617719746483,0.9055103787735547,-14.202000420506248,-39.65253965223022,0.5638109055762703,62,41.556619886767926,2.3352271004150245,1.9635498142132333
1789322315.739054,LIDAR_ONLY,37.24439824577777,7.151529823057874,-8.66882956107285,0.11411074628019977,0.1549770735852612,-0.3780745953809652,0.905549802370827,-14.22776294644644,-39.6539886501982,0.5645140495534736,59,41.56281235123316,2.3055132479808345,1.9620319133302258
1789322315.8623424,LIDAR_ONLY,37.27713989502139,7.16053290372893,-8.67558510320168,0.11456733754887924,0.15428218930043514,-0.37810116972266455,0.9055997110677425,-14.253743866427193,-39.655455062746675,0.5652199322779087,64,41.55719685354628,2.25890129602065,1.9550599881751678
1789322315.9714925,LIDAR_ONLY,37.320647931736154,7.186088260291873,-8.679781043799267,0.1149506794946794,0.15327424309196883,-0.37779343316089353,0.9058506883304781,-14.277230608540005,-39.6567787949055,0.5658562056283403,64,41.5725593134289,2.2352119555339693,1.9556668757921227
1789322316.0901732,LIDAR_ONLY,37.34831642996922,7.193390024945783,-8.680961192221307,0.11515272764313905,0.15343280997315073,-0.37762375827442146,0.9058689305450262,-14.303459689512055,-39.658255946901406,0.5665651189488424,74,41.59015261269177,2.211381261205378,1.9554502103935452
1789322316.2027013,LIDAR_ONLY,37.384747417625015,7.205599514804279,-8.683262946586412,0.11521360982702837,0.15328337210552379,-0.3773025938561117,0.9060203003332955,-14.327675436647151,-39.6596183213392,0.5672210802151552,66,41.61072402357655,2.192325072763573,1.9568831631242833
1789322316.3208714,LIDAR_ONLY,37.406085239910425,7.203827307873622,-8.691256258475759,0.11479746781301577,0.15276253082392263,-0.3773362773666496,0.9061470544801593,-14.352123497803422,-39.66099252033569,0.5678854751688259,63,41.62724558268634,2.1709178415842514,1.9575826348513523
1789322316.4405332,LIDAR_ONLY,37.441061026624354,7.222456959813028,-8.695311339196786,0.11488918286497354,0.15224464497255447,-0.37700826878525695,0.906359094953729,-14.378043360901977,-39.662449078626004,0.5685907844916993,73,41.63324947068922,2.1421304764077793,1.9542505120119018
1789322316.5509133,LIDAR_ONLY,37.47996714956841,7.240674158042017,-8.698158847673982,0.11498178960716819,0.15178494017669109,-0.376568155004667,0.9066073817428757,-14.401458169224824,-39.6637643064954,0.5692271723090014,72,41.638503217592394,2.1125306470370604,1.951569663459875
1789322316.6713028,LIDAR_ONLY,37.51772894264331,7.262502380011105,-8.699779990952358,0.11474937215802809,0.15143059927419594,-0.37594793883525174,0.9069534180311148,-14.426851185891099,-39.66519127561992,0.5699171122814087,68,41.64662064152776,2.0899459576625308,1.9504776731783366
1789322316.7919912,LIDAR_ONLY,37.55321566745985,7.284155884156769,-8.699848000979612,0.11476419995219209,0.15125130373685997,-0.3753703830665958,0.9072206440793058,-14.452229321808518,-39.666616472180046,0.5706060981387517,60,41.65730529519714,2.0668248485478418,1.9495339538036656
1789322316.9083447,LIDAR_ONLY,37.58788236465891,7.298558589776457,-8.705239923083216,0.11478539747506139,0.15049251214007378,-0.3750375822473002,0.9074817509010094,-14.47659611656534,-39.66798585261104,0.571267467432556,70,41.66726925072254,2.0427007579765233,1.9491723930108564
1789322317.0222998,LIDAR_ONLY,37.61564919343176,7.301098667965785,-8.71014947834778,0.11464410069127055,0.15053292493059428,-0.3747839840493311,0.9075976718726424,-14.502438803192556,-39.66943818087731,0.5719681615387306,61,41.671464799843136,2.0144700105927607,1.9462026874234266
1789322317.1369298,LIDAR_ONLY,37.652194600770216,7.318462511991058,-8.713651429016704,0.1148686700472467,0.15008550430984766,-0.37438165019040726,0.9078094018230607,-14.526277451280524,-39.670778497241,0.5726140791891957,61,41.68427680136221,1.9945254509888057,1.9475114266758566
1789322317.2514443,LIDAR_ONLY,37.68015915060154,7.328904862398533,-8.71544575512349,0.11507969828748965,0.15018137018322897,-0.37405022350071315,0.9079034361599339,-14.551088112367996,-39.672174329171945,0.573285427241435,68,41.70204655224147,1.9677291907143533,1.94764954013946
1789322317.3718376,LIDAR_ONLY,37.70347473177765,7.325924797744735,-8.721770174445256,0.11511339867541422,0.15001408419294365,-0.37406141528655107,0.9079222089931329,-14.57687960129979,-39.67362255451511,0.5739893638053228,67,41.70695983913372,1.9378010717370489,1.945437746742596
1789322317.4802408,LIDAR_ONLY,37.72739884732485,7.322966111694443,-8.7282551047169,0.11501439595837995,0.14991106739543605,-0.3740448242838969,0.9079586058962813,-14.600144618380074,-39.674989548294164,0.5746291679310878,78,41.71429631585911,1.910551543891512,1.9431994128375636
1789322317.6033587,LIDAR_ONLY,37.755982675938675,7.328030047912112,-8.733759809993584,0.11473237071371106,0.1495925009342583,-0.3739134785679123,0.9081009180261239,-14.62756510365032,-39.676628571481295,0.575379961611397,81,41.729857831902414,1.8930321838562119,1.944579468482089
1789322317.7174942,LIDAR_ONLY,37.777888890725315,7.330385829160134,-8.738676455287395,0.11464050181210694,0.1493074153152117,-0.37385139328896905,0.9081849959188139,-14.650485735967276,-39.67806669758654,0.5760108932654652,71,41.735555719342415,1.8783902712681453,1.9449635365994378
1789322317.8252187,LIDAR_ONLY,37.80846570837537,7.340359731416985,-8.743727540079464,0.1145036619277435,0.14871523733117023,-0.37368957966783406,0.9083659987242743,-14.674756452147246,-39.67951433347121,0.5766813805110828,75,41.75489880840392,1.8591657355310278,1.9447942948757078
1789322317.9465072,LIDAR_ONLY,37.839361249619905,7.34575376934318,-8.746783308716243,0.11444016373032971,0.14878802131653737,-0.37347844460016355,0.9084489116384739,-14.700850932241542,-39.68104999023618,0.5773959288033053,62,41.77025692330143,1.8390455750052108,1.9442952980398749
1789322318.0529525,LIDAR_ONLY,37.871101997516206,7.355972668314024,-8.751113602437766,0.11422706396647792,0.14831076643196647,-0.3731886945996995,0.9086728193585044,-14.72421624627983,-39.68242509773719,0.5780344467463608,64,41.771714953197545,1.8171474832912964,1.94198139135316
1789322318.1690104,LIDAR_ONLY,37.904889937114106,7.370844394782239,-8.75353129366608,0.11412036372983221,0.14783615140048403,-0.3728189311282682,0.9089153203206773,-14.749370112180243,-39.68390918314351,0.5787191478017164,65,41.79068466975121,1.8007700559660529,1.9419015664097323
1789322318.280809,LIDAR_ONLY,37.93369643092387,7.370717956423771,-8.760617381581618,0.11400398268431591,0.14744926082849047,-0.37281635928679446,0.908993822675042,-14.77402557038512,-39.68536305874229,0.5793899173800117,67,41.79455191713224,1.778442983791578,1.9403250936303358
1789322318.3976517,LIDAR_ONLY,37.964108631367154,7.381580095397759,-8.7646708344929,0.11381545527442084,0.14694560353960273,-0.3725660497499519,0.9092016114783203,-14.799172707222171,-39.68684604433127,0.5800686735371772,61,41.809006236612284,1.7597221194358008,1.9413004706806491
1789322318.5167189,LIDAR_ONLY,37.99919372689931,7.3925896213006705,-8.76851279776042,0.11347642088316302,0.14663856582613832,-0.3722308759463626,0.9094308153500211,-14.824020653245281,-39.6883122657034,0.5807420068158674,60,41.82467604756701,1.7382474679963755,1.9405835476868774
1789322318.6323373,LIDAR_ONLY,38.0252306747771,7.395690375409638,-8.773960152147865,0.11312473961620516,0.14646653612242588,-0.3720324063651905,0.9095835506962457,-14.848568190949193,-39.68975655435394,0.5814135438773385,76,41.829904510764074,1.7136880368664758,1.9378666159703382
1789322318.7397697,LIDAR_ONLY,38.05089440442187,7.400797532844715,-8.778425533258511,0.11325950509105147,0.14597723385556585,-0.37186528676003305,0.9097137682838959,-14.872848854601266,-39.691184303933156,0.5820773460918616,78,41.84029854859688,1.6866985015083784,1.9375225682541222
1789322318.847175,LIDAR_ONLY,38.07999452497862,7.4126189164742335,-8.781255166676031,0.11340357810022385,0.14571195416295651,-0.37158047249907217,0.9098547177134628,-14.89762519115291,-39.69264145839047,0.5827537197214646,85,41.853723849005426,1.6644552847167924,1.9358269224127151
1789322318.9592395,LIDAR_ONLY,38.10789034296479,7.420435002990704,-8.78568700835135,0.11324492192072431,0.14536490270087013,-0.3712875917513997,0.9100495354283643,-14.922888222753699,-39.69412846970267,0.5834422932031479,83,41.86554814155584,1.6434807673176597,1.9354711975347683
1789322319.0701182,LIDAR_ONLY,38.137792278597544,7.430280150713344,-8.7892217547037,0.11340774734965282,0.14495492136509847,-0.37108993699708276,0.9101752645906263,-14.947403205075942,-39.69557134940192,0.5841104981952524,80,41.87692491569546,1.6239567717607717,1.9348763375106708
1789322319.176515,LIDAR_ONLY,38.16702351135885,7.444781583103891,-8.78936827800569,0.11312354551498977,0.144919251141603,-0.37069819955936245,0.910375921771947,-14.971911529203739,-39.69701478897284,0.5847790689587292,77,41.889877860063045,1.5996253260957043,1.934103214145156
1789322319.2921228,LIDAR_ONLY,38.1986848907854,7.45935380017591,-8.789875465691022,0.11268804391234932,0.14496525190296353,-0.37011991355642904,0.9106578556674841,-14.997155478089192,-39.69850156040383,0.5854658534699317,93,41.9088362101295,1.5886922157332277,1.9355978929921662
1789322319.409488,LIDAR_ONLY,38.236058784142266,7.482067180683561,-8.791414495921018,0.11299092994938055,0.1442494328418523,-0.3697024007737641,0.9109035545742993,-15.022887176673068,-39.70001835396534,0.586166275870767,87,41.91987509741396,1.5677659404123254,1.9337207381969224
1789322319.5115783,LIDAR_ONLY,38.27391547284453,7.4992539036042825,-8.791680726613205,0.11278245752452105,0.1442952387276984,-0.3692201291462197,0.911117718842354,-15.046385382356766,-39.701404601218336,0.5868051052144118,85,41.92935983352069,1.5421272944893063,1.9318908954719716
1789322319.6226597,LIDAR_ONLY,38.31200846801845,7.52338311596079,-8.792347929534731,0.11229821404212349,0.14375874090303714,-0.36855249495434234,0.9115325523533717,-15.071112757154227,-39.70286557213665,0.5874787600412207,87,41.940403890439285,1.5206945614395824,1.930185206078443
1789322319.741142,LIDAR_ONLY,38.3398172028501,7.539933359902401,-8.79063491420726,0.1124978963359771,0.14403265390626654,-0.3680377453815661,0.9116726583062317,-15.097877311760055,-39.704436342575335,0.5882713461546127,88,41.94758442082744,1.4965006781188506,1.9280846987249174
1789322319.841468,LIDAR_ONLY,38.37436974549275,7.552160847140778,-8.793932874671249,0.11248093948373583,0.14405242552106037,-0.36768415891818573,0.9118142882380063,-15.120313549709213,-39.705747456712245,0.5890740755962361,93,41.960467987793315,1.47610549050297,1.9274741067210146
1789322319.9573922,LIDAR_ONLY,38.41490590603839,7.578379364176733,-8.792881162547545,0.1125429290480868,0.1440050020944187,-0.36707390323749606,0.912059975031825,-15.145723814904615,-39.707230433326224,0.5899827920572038,93,41.9702813637825,1.4541998541093504,1.9254921154520501
1789322320.0650656,LIDAR_ONLY,38.44884713834405,7.589995071279853,-8.79583427423344,0.11252452026181842,0.1440417973200392,-0.36668852631417753,0.912211443490048,-15.17036003035818,-39.70866520783073,0.5908659631248305,91,41.97909754605937,1.427648105765713,1.9226137528366618
1789322320.1808288,LIDAR_ONLY,38.488753499064785,7.610068745765643,-8.796525816554917,0.112533186742411,0.1440702401500724,-0.3661833183980267,0.9124088037232585,-15.19649685495804,-39.710192896306566,0.5918077248102778,99,41.992933428029275,1.408126497086603,1.9219029135221604
1789322320.2880006,LIDAR_ONLY,38.52901041048875,7.630055021489621,-8.797359033297026,0.11226836210571142,0.14421939173495119,-0.36561526340715444,0.9126456382854293,-15.22016285119237,-39.71157785998627,0.5926577532562589,99,42.010145085201074,1.387548890908136,1.921074985896276
1789322320.400962,LIDAR_ONLY,38.55663175132403,7.629108504852212,-8.80333904620433,0.11203599527899523,0.14439790498898197,-0.3654993630370754,0.9126923887138153,-15.24580417179071,-39.7130803686302,0.5935806204242138,100,42.0155288596244,1.360094960046319,1.9174407802292108
1789322320.5066257,LIDAR_ONLY,38.59777620412969,7.649381660372267,-8.804767709336264,0.11202752099867881,0.1443322689931022,-0.3650115373863702,0.9128990131668628,-15.269963873808184,-39.714496581047925,0.5944524754376839,107,42.02055322095118,1.3371464808490867,1.9142527359710824
1789322320.616332,LIDAR_ONLY,38.631188956721985,7.659060339952642,-8.809181931160445,0.11191350451955354,0.1443327683476749,-0.3647076011056084,0.9130343833520405,-15.29515104121036,-39.71599273764137,0.595357626503308,105,42.03261220646647,1.3194809856918333,1.9131738401208884
1789322320.7234647,LIDAR_ONLY,38.66785867177831,7.675478800001278,-8.812332055490694,0.11205711225984236,0.14401699826007516,-0.36430330072765355,0.9132280180125222,-15.320342207700033,-39.71747150333085,0.5962611199597301,106,42.04509517197652,1.2974451977928847,1.9112974220610695
1789322320.8320677,LIDAR_ONLY,38.702290296932176,7.693547665129451,-8.81324727333004,0.1118564481175609,0.14411443705533125,-0.36378641355257546,0.9134432710142995,-15.344765956131655,-39.71890551076261,0.5971382709020052,101,42.0611189403414,1.2802298921360928,1.910808258486598
1789322320.9483373,LIDAR_ONLY,38.72869890103141,7.705839997483221,-8.815937829823433,0.11194035843874234,0.14402562617425635,-0.3634608526808052,0.9135765888672177,-15.370435121662947,-39.720412293445456,0.598060839378978,99,42.0743049868206,1.2613319710886943,1.9094146434120742
1789322321.056862,LIDAR_ONLY,38.766257302666396,7.722370480199295,-8.817524136535665,0.1118167212684894,0.14408138879416169,-0.36298171052097805,0.9137734139682416,-15.394864150027297,-39.72184652939182,0.5989383323990182,96,42.084880413019825,1.2451178599361716,1.9082883774262624
1789322321.1726334,LIDAR_ONLY,38.799554550059305,7.736140937279226,-8.818991043424633,0.11144115052080548,0.1443359545770201,-0.36248235453892924,0.9139773218383778,-15.41979531616306,-39.72331022266143,0.5998337359729861,98,42.09996644309536,1.2273729486252845,1.9078216206836136
1789322321.2860382,LIDAR_ONLY,38.84285193058053,7.76450678967049,-8.81773606405726,0.11138055563995551,0.14439386915223804,-0.3617875950605323,0.9142507962462475,-15.444729056542474,-39.72477406437617,0.6007291797246483,109,42.10916363273497,1.205475074676756,1.905315618390825
1789322321.4023786,LIDAR_ONLY,38.873625261453284,7.773259126891267,-8.822774698925695,0.11140294945899128,0.14423447496741332,-0.36157598429683524,0.9143569361373528,-15.470662313392033,-39.72629659250966,0.6016604797247758,96,42.125466841591106,1.187761101602912,1.9050068507250753
1789322321.551232,LIDAR_ONLY,38.91387407149422,7.794698701243476,-8.824096047465662,0.11140842995261396,0.1441370913750247,-0.3610705135345713,0.914571344883122,-15.505076613951392,-39.728317060136995,0.6028962835373695,98,42.134806959941876,1.167856845398963,1.9030598677094441
1789322321.6253772,LIDAR_ONLY,38.94588523290224,7.797379839516871,-8.831686664424282,0.1115026849707342,0.14392035015488053,-0.3609892682107698,0.9146260614547711,-15.521536655328234,-39.729283443277545,0.6034873223020986,102,42.14566400455432,1.1430967653436632,1.9005926870827563
1789322321.7291605,LIDAR_ONLY,38.97966929011494,7.807596329506286,-8.835918508314844,0.11157965556013724,0.14373204459484357,-0.36069935737155034,0.9147606536211632,-15.544481977196389,-39.73063046813713,0.6043111703952136,98,42.16177515081669,1.1266488594220447,1.900101042313469
1789322321.8440053,LIDAR_ONLY,39.01479937689236,7.826922850876455,-8.837632346405512,0.11142622350719708,0.1435853489570484,-0.360211813547646,0.9149944773934555,-15.571169571272772,-39.73219665567032,0.6052691661495638,99,42.168193895878616,1.1023510305992592,1.8973135828075716
1789322321.9414134,LIDAR_ONLY,39.045483979585306,7.84140772560902,-8.838266570325846,0.11147085691185253,0.14374162425281628,-0.3598122042281639,0.9151217248022089,-15.594115756243461,-39.73354332645129,0.606092582100129,102,42.17797954681594,1.0848204615089294,1.896655468255815
1789322322.055359,LIDAR_ONLY,39.076517987196226,7.847125958949498,-8.842740276128303,0.11139957222525565,0.14378406832439017,-0.3595826269092385,0.9152139702982951,-15.6190544484267,-39.73500689143158,0.6069867346051988,99,42.18974345133618,1.067756455665889,1.8949305257072226
1789322322.1655242,LIDAR_ONLY,39.11193941120196,7.8622930927623145,-8.844829972007922,0.11134578813312021,0.143757405638386,-0.35916385113323196,0.9153891259067264,-15.644481993944364,-39.73649604714795,0.6078970540107705,99,42.197289830921136,1.0443464118430474,1.8929715233263404
1789322322.2737484,LIDAR_ONLY,39.13772565645106,7.866772138241956,-8.849902175728884,0.11124089260031664,0.14373342793386032,-0.359008909040674,0.9154664214144023,-15.668888325962188,-39.737921802562305,0.6087700399049342,108,42.21155180928274,1.026152495962927,1.8923757112307025
1789322322.385593,LIDAR_ONLY,39.17212715967322,7.8873944446921715,-8.850518300886527,0.11114448366167055,0.1437620338031364,-0.35847222043712024,0.9156839239405962,-15.694266999495472,-39.73940799357397,0.6096816246217004,98,42.220640658103534,1.0045763115999173,1.8909746804573992
1789322322.4907215,LIDAR_ONLY,39.20850192847512,7.902173635234577,-8.853679848985976,0.1112392981926122,0.14360002774182662,-0.35808176223692506,0.9158505894104452,-15.71816987450308,-39.74080790920424,0.6105431351918064,106,42.225505541424155,0.9845862702940197,1.8882542455212432
1789322322.599889,LIDAR_ONLY,39.244487792367934,7.91435105824344,-8.858773665369412,0.11137471547087124,0.14329973124733036,-0.3578712001213279,0.9159634620998514,-15.74357760172403,-39.742302044338885,0.6114556354849698,101,42.23316946765401,0.9614323180574341,1.8872175753757143
1789322322.7108674,LIDAR_ONLY,39.2815803727329,7.933630584553278,-8.859809474057847,0.1110227131681162,0.14342400948337147,-0.3572708419707375,0.9162210738364537,-15.768468814897442,-39.74376421173725,0.6123529560199823,94,42.24651317294704,0.942775950884787,1.886259035544817
1789322322.8206093,LIDAR_ONLY,39.31699015170396,7.940462726399218,-8.865309570144971,0.11114584495082883,0.1432283714886487,-0.35707878635086515,0.9163116146208501,-15.793383517948447,-39.7452369542553,0.61325162805057,93,42.253379363758995,0.9236474280927766,1.8848564750724033
1789322322.9310133,LIDAR_ONLY,39.35430486503608,7.961390336777399,-8.8654634231841,0.11107448829449221,0.14330598030913022,-0.35656604466215003,0.9165077794823925,-15.818825978047776,-39.746748426855206,0.6141652723497096,105,42.265525937291045,0.9056300969888871,1.8834247087079048
1789322323.0370255,LIDAR_ONLY,39.3958708714247,7.985152522341538,-8.86638296751427,0.11105318647756425,0.14328226835185234,-0.3559869591958667,0.9167391484122447,-15.843015673696398,-39.748173008436936,0.61503305604989,104,42.27398810322298,0.880978041470344,1.8810334142462994
1789322323.1497493,LIDAR_ONLY,39.42860455604804,7.999066416309617,-8.869583006106742,0.11109400472045634,0.1430770526925434,-0.3556480522802066,0.9168977816623192,-15.867935379079682,-39.74964031954381,0.6159285735819022,100,42.28742935519249,0.8605108599532882,1.8800055509234639
1789322323.254014,LIDAR_ONLY,39.465122617510765,8.01933666385715,-8.868610832792431,0.11103714064440155,0.14340236197397646,-0.35508385076469645,0.917072502533968,-15.893356382534195,-39.75113728174911,0.6168422802310328,101,42.298183832252654,0.8390519449932266,1.8781794143463701
1789322323.363151,LIDAR_ONLY,39.498696921130936,8.035666933244286,-8.87031396471806,0.11081761147395412,0.14343061081667283,-0.3546810847515663,0.9172504810505231,-15.918284328813325,-39.752605423533865,0.6177378690860439,100,42.31401174958281,0.8200496735645818,1.8777026664465528
1789322323.4722729,LIDAR_ONLY,39.530944344910445,8.049240171722614,-8.87256944072396,0.11102122396973173,0.143400427083889,-0.3544417749433777,0.9173230802260505,-15.942966120250208,-39.75405904289675,0.6186244999160546,100,42.32332461947571,0.8000185300651607,1.8763353834469536
1789322323.582086,LIDAR_ONLY,39.56732823762057,8.065083838690677,-8.875030539335015,0.11088373663433596,0.1433563110711306,-0.3540152407366603,0.9175112938554212,-15.968398324483736,-39.755556847096344,0.6195380250559441,102,42.32521915102557,0.7763592094720727,1.8733391691559786
1789322323.6930065,LIDAR_ONLY,39.60172242217428,8.081326493973696,-8.877096400810826,0.11088745553811333,0.14330673427799448,-0.35370284243897465,0.917639063774777,-15.992835124973624,-39.75699603593641,0.620415759074624,98,42.33757489906223,0.7567934185104639,1.8728206278267796
1789322323.8335311,LIDAR_ONLY,39.64027306948184,8.098520323731556,-8.87870064780673,0.11085761886587875,0.1433924762053361,-0.35314821750913555,0.9178428637720131,-16.02699954979817,-39.759008152988294,0.6216428320293713,95,42.348937464920986,0.7331057239384412,1.8708250507083641
1789322323.9062028,LIDAR_ONLY,39.67483977159797,8.105225754701197,-8.883051672328817,0.11089117766075965,0.14341896477692254,-0.35296753649793705,0.9179041700732725,-16.042711198927577,-39.75993350570859,0.6222071079060228,105,42.359029418606696,0.7102086932177012,1.8692536464395912
1789322324.0240607,LIDAR_ONLY,39.709687431462164,8.11695512833903,-8.887261156798726,0.11078439289716953,0.14329588891873832,-0.352667886599762,0.9180514518645737,-16.070145656866323,-39.761549154142976,0.6231923139022675,98,42.37309026363417,0.6880728264967062,1.8676435091794725
1789322324.124143,LIDAR_ONLY,39.744493336665684,8.136622043777821,-8.888917871097544,0.11091239969084381,0.14308923505856344,-0.3522522812868657,0.9182277717066569,-16.092842591044136,-39.7628852495312,0.6240071633111733,101,42.3788315173575,0.666318466851827,1.865576062824394
1789322324.230502,LIDAR_ONLY,39.78092607295519,8.152975382225454,-8.89058903059755,0.110489863113409,0.1432418330209135,-0.3517479779120188,0.9184482170796539,-16.117534243316555,-39.76433868310459,0.6248932117153084,102,42.39412427245529,0.6472867138277474,1.8645305011221236
1789322324.3405144,LIDAR_ONLY,39.8123152471124,8.165216093442007,-8.893352268240314,0.11051761016565056,0.14318423801884927,-0.3514387575710262,0.918572224434839,-16.142471011470217,-39.76580610033901,0.625787120876049,94,42.402536714578545,0.6208473300480731,1.861422179731573
1789322324.4449012,LIDAR_ONLY,39.844379555722114,8.177869764112716,-8.895006031362994,0.1106039260948178,0.14325724815944343,-0.3511097560389023,0.918676260494685,-16.167145503757826,-39.76725552929736,0.6266702718867878,99,42.407945082536195,0.5964139669437909,1.8587740276393103
1789322324.5607686,LIDAR_ONLY,39.87930073387853,8.198355712817186,-8.896063185385973,0.11067957958049095,0.14319528898758338,-0.3506446848191462,0.9188544198531833,-16.192788241363573,-39.768755652078916,0.6275879388393739,97,42.4212525470759,0.5755606301787348,1.8586525375448244
1789322324.6674378,LIDAR_ONLY,39.91647316253365,8.219239315742788,-8.897222171797466,0.11078376223453831,0.14300449729468712,-0.3501627083463839,0.9190553571260985,-16.216921044901827,-39.77017678336103,0.6284565259752173,107,42.432976375918116,0.5511375007583619,1.8566922438874456
1789322324.7805667,LIDAR_ONLY,39.948859788561954,8.232299061598441,-8.899500054673382,0.1106375808564151,0.14308843539506524,-0.349796782280399,0.9191992365448917,-16.24182630131751,-39.771640712442625,0.6293537122602213,99,42.44582546667717,0.5273513637027809,1.8552084403029159
1789322324.8874297,LIDAR_ONLY,39.98484180826093,8.247233800860064,-8.902369054648648,0.11043636516602372,0.1430900141649009,-0.34943067140290085,0.9193624219958759,-16.26697878662045,-39.77312476419009,0.6302573327687431,101,42.463560033337515,0.5035940134755867,1.8544579077872263
1789322324.995714,LIDAR_ONLY,40.017962729202104,8.258687154581285,-8.905627696760897,0.11049915997170161,0.14310066850629516,-0.3491940556315236,0.9194431172346706,-16.291620904559714,-39.77457712343709,0.6311470792784281,100,42.4728999615127,0.4810229314607329,1.8525925046258302
1789322325.106678,LIDAR_ONLY,40.05068044414683,8.267918244583983,-8.90943210031745,0.11029889770551961,0.1432725270684399,-0.3488750707409696,0.9195614830819383,-16.317292551020874,-39.776108225762236,0.632072079881645,95,42.48346466203646,0.46006960748570214,1.8514571863371365
1789322325.2127147,LIDAR_ONLY,40.08812207742966,8.283935617424925,-8.911755351002459,0.11005265875017624,0.1434507781331235,-0.34848879875117866,0.9197096518467005,-16.34149003378942,-39.777543188629686,0.6329406174799183,89,42.50132476991443,0.4430036030050014,1.8512090172622906
1789322325.325609,LIDAR_ONLY,40.126165589080074,8.302180527674247,-8.913701744961747,0.11009356109112219,0.14333218268486977,-0.34803611501587517,0.9198946438901159,-16.367169705929644,-39.77906049315667,0.6338622441805563,99,42.50879591041679,0.4192160335443843,1.8489766732473323
1789322325.4294186,LIDAR_ONLY,40.154293876296165,8.306639462327052,-8.919282072444283,0.11003878636512521,0.14322904774335557,-0.347924329961739,0.9199595458488905,-16.391589626835422,-39.78050303963303,0.6347403127957537,104,42.51819179547177,0.3964344272419367,1.847301249518647
1789322325.5417373,LIDAR_ONLY,40.18899365319744,8.319686800898413,-8.921799838079247,0.11005193281768827,0.14328176583348856,-0.34763106008048206,0.9200606250297035,-16.416513081924748,-39.78197541924899,0.635636209573769,98,42.52866644308052,0.3754250488035826,1.8458610048485975
1789322325.6535923,LIDAR_ONLY,40.224004822263886,8.337435399247394,-8.924086757453022,0.11013017820613188,0.14317910949687587,-0.3472611801288029,0.9202069110952811,-16.441940231583622,-39.78347768857154,0.6365498615939071,98,42.53805302994362,0.35460425931848855,1.843820692701775
1789322325.766722,LIDAR_ONLY,40.26463765647674,8.362582890267898,-8.923889620674244,0.10988713733032268,0.14317379476530454,-0.34660016464885557,0.9204859626345399,-16.46687197122978,-39.78495068148843,0.6374456343734514,95,42.54905642348473,0.33154342468444226,1.8419989963753673
1789322325.8770628,LIDAR_ONLY,40.29961764966943,8.380995222285485,-8.924141322662704,0.10978383381558034,0.14337487270656266,-0.34609800498246607,0.9206559219688357,-16.491806068298324,-39.786423816943746,0.6383414467083292,105,42.563744316172894,0.3138264016333524,1.8413091569929727
1789322325.9828923,LIDAR_ONLY,40.32846895948225,8.391988634270977,-8.926910379569422,0.10950501100080257,0.14351755162551574,-0.3457396329653991,0.9208015373239137,-16.515993993788186,-39.78785287749163,0.6392104148565994,103,42.58094265297747,0.2923572479799977,1.8397696641447385
1789322326.0971694,LIDAR_ONLY,40.36222560617684,8.404632416707152,-8.930983529455164,0.10955966893281689,0.14326686710340283,-0.3455112300907615,0.9209197976017652,-16.54167982127632,-39.78937045466771,0.6401331524735943,103,42.58806060525782,0.27180821461963106,1.836827357153771
1789322326.2037532,LIDAR_ONLY,40.399233306750915,8.426935507792521,-8.932228210730807,0.10967357676611543,0.14301416300298658,-0.3450485572544713,0.9211189656480264,-16.566120272869505,-39.790814360532714,0.6410110864464807,106,42.60048288820282,0.25183407322987716,1.8355030398483472
1789322326.327502,LIDAR_ONLY,40.43216648755279,8.433760087076738,-8.9363920989898,0.10967404917250718,0.14315927779816692,-0.34482690810061817,0.9211793677499414,-16.594053890552903,-39.79246407478026,0.6420143359078736,95,42.61119205478396,0.23506884357678862,1.8343171238022333
1789322326.4274278,LIDAR_ONLY,40.46703121771109,8.450046238975803,-8.939492259435324,0.10945194923193893,0.1429360460203799,-0.344433456084253,0.9213876230377994,-16.617498415645912,-39.793848697794765,0.6428560825322699,102,42.62440099032237,0.21749346288762558,1.8335427282351433
1789322326.5326178,LIDAR_ONLY,40.50186098421458,8.457983101412664,-8.945181026280402,0.10908918910064552,0.1428798838358567,-0.34417610988154895,0.9215355082704192,-16.64119199417325,-39.795248133853704,0.6437062374821819,108,42.63992035232876,0.19694668156383355,1.8325932257432536
1789322326.6421902,LIDAR_ONLY,40.531093607205946,8.474557405926555,-8.94645407760583,0.10887648593098646,0.142844268599601,-0.34369187114105293,0.9217468868681502,-16.6666255918184,-39.79674836926576,0.6446178005577455,101,42.654465454263864,0.17216029430973448,1.8310927842446851
1789322326.7479763,LIDAR_ONLY,40.563569196470496,8.482650966020135,-8.950516715984275,0.10885583144079326,0.14289355473843693,-0.34350305681582943,0.9218120686635254,-16.69054730858504,-39.7981570435235,0.6454737904089267,104,42.66408909699105,0.15289143976977967,1.8287805799185957
1789322326.8631806,LIDAR_ONLY,40.59596254503447,8.48922043523061,-8.955215041819724,0.1087852017718474,0.1429629543266825,-0.34332764157177875,0.9218749937482877,-16.715682548968754,-39.799633205820214,0.6463742148987455,108,42.675012701742645,0.1283562909599427,1.8278353341841322
1789322326.9702325,LIDAR_ONLY,40.63242280762013,8.508357931738146,-8.957392996095194,0.10870391255841928,0.14274633651900384,-0.3429139585019632,0.9220721012314649,-16.74056484571784,-39.801101556685154,0.6472712436293913,106,42.68827300032537,0.10601803654497718,1.8271338652560882
1789322327.0783498,LIDAR_ONLY,40.66563605199727,8.529114362035578,-8.957990237305482,0.10880454093838536,0.14256733839774588,-0.342393391551557,0.9222813514948637,-16.76547342164095,-39.80257177703515,0.648167603602776,93,42.699672857897376,0.08355874776445636,1.824454635731785
1789322327.189344,LIDAR_ONLY,40.69478699164254,8.537285277256267,-8.961879988898687,0.10879037793310849,0.1424777326292024,-0.34217076986486383,0.9223794846071216,-16.79111618784376,-39.804088768671235,0.6490900606500085,102,42.71251958159969,0.061482311858519614,1.823934782779463
1789322327.295143,LIDAR_ONLY,40.72937340775284,8.558723665285045,-8.962359100354345,0.10839764995138935,0.14259024660439987,-0.3415937246204182,0.9226221861402762,-16.815262727902596,-39.80551694649907,0.6499625202931596,99,42.72040832399747,0.041530595752443854,1.8220937405261723
1789322327.4095461,LIDAR_ONLY,40.76233368564531,8.573791499526575,-8.96498392092424,0.10838159101251871,0.14250000355549772,-0.34127473516277884,0.9227560538169628,-16.84094448523849,-39.80706477428952,0.6508872247215304,96,42.733428236576145,0.025332251006650885,1.8216718661643359
1789322327.5130935,LIDAR_ONLY,40.802518972265474,8.602304713602585,-8.962924841248313,0.10836937271592907,0.14253596988232262,-0.34062256675578206,0.9229928728671553,-16.8651430996931,-39.80850126737901,0.6517557179020589,105,42.750608336695166,0.006609643907505823,1.821345886580711
1789322327.620918,LIDAR_ONLY,40.83385096342913,8.613571681658938,-8.96576286086758,0.10806345604242293,0.14275909452905067,-0.34029196825016167,0.9231161935216194,-16.889820111449207,-39.80996460406431,0.6526417960864551,102,42.76176654881479,-0.01631881409645974,1.8201071529886186
1789322327.7320943,LIDAR_ONLY,40.86587181747073,8.62535861049089,-8.96889553724369,0.10792759910115249,0.14283170737689516,-0.33999297032739667,0.923231020302078,-16.915236440651057,-39.81147154171739,0.6535560184931802,94,42.776575790330526,-0.03623918971678791,1.8195747477848712
1789322327.8435557,LIDAR_ONLY,40.90188927019231,8.647383223036723,-8.970340778266467,0.10801834102908264,0.142549958922087,-0.3394987227274712,0.923445810255833,-16.939911288923298,-39.81293473975856,0.6544431301397663,99,42.78916522340547,-0.06059662279929467,1.8187047830719185
1789322327.954166,LIDAR_ONLY,40.938580459758576,8.665117595606146,-8.973020286131275,0.10815698687217062,0.14236921253301527,-0.33922484152515653,0.923558108840854,-16.96533834960452,-39.81444266148341,0.6553570073040585,95,42.80040555224957,-0.07723700454534202,1.8172124316469775
1789322328.0607703,LIDAR_ONLY,40.970034171208894,8.673336165843004,-8.9768173045236,0.10787089759083579,0.14247038317274524,-0.33895283869057646,0.9236758265296102,-16.9900204976546,-39.81590638946866,0.65624402322723,104,42.815691279456935,-0.10424528926442142,1.8159180202341219
1789322328.1717787,LIDAR_ONLY,41.001880355547534,8.688669802895255,-8.978632374450893,0.10808762799564717,0.14236816379647657,-0.338664119482324,0.9237721498219983,-17.014954231673578,-39.81738504425405,0.6571400365522435,105,42.826814933575484,-0.12916540004938257,1.813482550377445
1789322328.2812247,LIDAR_ONLY,41.03705594339363,8.708175054320444,-8.980207747053004,0.1081424736421362,0.14214281507891477,-0.3382630035768284,0.9239473826615798,-17.039640533453092,-39.818849039575156,0.658027119576124,99,42.83800091366672,-0.15211166274259966,1.8122926138737694
1789322328.3926136,LIDAR_ONLY,41.067396679265734,8.71490482849747,-8.98450218424899,0.10815464869017552,0.1421447282861768,-0.3381353955163793,0.9239923714436907,-17.064577923333026,-39.82032794854592,0.6589231789390365,99,42.84667247919979,-0.17350764461439863,1.8107108512630352
1789322328.5018826,LIDAR_ONLY,41.09650953266069,8.726709768531359,-8.986992325806494,0.10819291512325198,0.14214597669073095,-0.3378370773937919,0.9240968150393075,-17.089766337968875,-39.8218213882368,0.6598281575811636,105,42.86117715560461,-0.19487533627471249,1.8092764483050867
1789322328.6087325,LIDAR_ONLY,41.130324943717795,8.742069130039267,-8.989107170500189,0.10813573916777741,0.14215926193960116,-0.33745073129060016,0.9242426143123165,-17.11420814737892,-39.82327018127592,0.660706160931958,100,42.873084380631155,-0.21702976882813152,1.8083340860060366
1789322328.7181342,LIDAR_ONLY,41.15920612937026,8.751022149696793,-8.993074343982064,0.10821474241139496,0.14203959996775656,-0.3372918537034705,0.9243097570571847,-17.13964766420686,-39.824778134822004,0.6616196912434412,109,42.880825625014204,-0.24255233824734415,1.8057750961434857
1789322328.82357,LIDAR_ONLY,41.18966731128592,8.76401647444273,-8.996176628219898,0.10803881923328018,0.14196449455611848,-0.3369207566070711,0.924477203391962,-17.164336725484418,-39.826241562761034,0.6625055137327609,89,42.89549582128512,-0.26055591364086167,1.805084464572189
1789322328.932984,LIDAR_ONLY,41.21931818564328,8.773687888327967,-8.999244259393668,0.10799220198957868,0.14212944262696547,-0.33666202904676856,0.9245515583492913,-17.189267673197474,-39.827716518837605,0.6633987502380232,97,42.90658416043853,-0.28319906102534514,1.8030537870070498
1789322329.0413663,LIDAR_ONLY,41.24906365140088,8.783424141467153,-9.002395869486607,0.10787841391059487,0.14224036384522284,-0.33636926755073576,0.9246543367944016,-17.214675787421747,-39.82921695975447,0.6643079486033877,102,42.915007087939706,-0.3087435960050765,1.8016019568878952
1789322329.1484,LIDAR_ONLY,41.28237519570024,8.796877421771535,-9.00577190013072,0.10782708249465359,0.1421595859464112,-0.3360653868382761,0.924783233073284,-17.239055352571945,-39.830655984834124,0.6651828270570406,105,42.92579437926421,-0.3347324908140399,1.8004387649363351
1789322329.2605677,LIDAR_ONLY,41.31628760904472,8.810511096898864,-9.008495115672304,0.10772468334379418,0.14220852970243822,-0.3357265405844658,0.9249107073796567,-17.26443933225535,-39.83215831423118,0.6660988525511903,107,42.94129303653907,-0.35736284047191436,1.799814061981645
1789322329.368973,LIDAR_ONLY,41.350382157670126,8.825641189789437,-9.012241407697305,0.1077104629121471,0.14189491073325836,-0.33542721665436204,0.925069117858098,-17.288601875851466,-39.83359320583214,0.6669676935603311,96,42.95689522143732,-0.3850335692790471,1.797863152765488
1789322329.4783747,LIDAR_ONLY,41.38424032580815,8.84347934193203,-9.013762508550409,0.10786176705080387,0.14174301830719774,-0.33502550103288375,0.9252203357187457,-17.313740926592445,-39.8350848567823,0.6678734958098174,92,42.97003828336281,-0.4073331292598345,1.7966730921450877
1789322329.5871372,LIDAR_ONLY,41.41697163417634,8.85873903546062,-9.016098637679079,0.10774511762090516,0.1416399934539498,-0.33465474817909413,0.9253838670543212,-17.3386442281014,-39.836568285395245,0.6687734967627319,99,42.979558439520815,-0.42585806516882846,1.7953195835086992
1789322329.69715,LIDAR_ONLY,41.45113585940169,8.874889636639526,-9.018835021586733,0.10792925262049739,0.14131459804847965,-0.3343799583981403,0.9255114824943209,-17.363581028936405,-39.838082052608435,0.6696706600324345,106,42.99583615705008,-0.440523987847134,1.7950624605053886
1789322329.8116045,LIDAR_ONLY,41.478356939175534,8.888505493672962,-9.019499039279152,0.10773517569731975,0.14168957126024728,-0.3340019631599935,0.9256132485648773,-17.38902198233588,-39.83959722478021,0.6705837745800447,102,43.008610335270866,-0.4639402244824043,1.793595589008817
1789322329.945533,LIDAR_ONLY,41.5144080237363,8.90752084421986,-9.021167085671838,0.10793100088327466,0.14152327579640023,-0.3336574303619569,0.9257401258563045,-17.41618518695782,-39.84121520274606,0.6715600766568631,97,43.018405092725295,-0.4840394673043641,1.792168423801952
1789322330.0562036,LIDAR_ONLY,41.5473890727347,8.920161895553678,-9.024110589760577,0.10802572785251705,0.14133654646912872,-0.33342476790822656,0.9258414264329822,-17.438611665643137,-39.842550608173795,0.6723670448292306,96,43.030288798475155,-0.5042708629813862,1.7905123920752677
1789322330.1706629,LIDAR_ONLY,41.581564352495704,8.936713041570439,-9.026221171817973,0.10805890522500622,0.1412823682868205,-0.333055951535207,0.9259785626891253,-17.464284090657717,-39.84407953430383,0.6732902046843724,103,43.038880162113685,-0.5272167157618431,1.7888539183921075
1789322330.2740836,LIDAR_ONLY,41.611148037865114,8.953155739273022,-9.026365033123726,0.10805972445255461,0.14146331636538217,-0.33259359699754965,0.9261170149124663,-17.488215876574273,-39.8455048896205,0.6741505525024827,98,43.05467635616655,-0.549292896366106,1.7881782519074345
1789322330.382584,LIDAR_ONLY,41.645732964234924,8.971207953116982,-9.028310485147982,0.10783827467994093,0.141399771879755,-0.3321426097912025,0.9263143622914933,-17.512898328103947,-39.84697495610132,0.6750378251776673,94,43.07017181029961,-0.5688464675677579,1.7875592082223524
1789322330.4969673,LIDAR_ONLY,41.677932517137876,8.985624937360253,-9.032360737462588,0.10798717961634675,0.14096247884162247,-0.33188201667174067,0.9264570554576346,-17.53808171421725,-39.84847486865243,0.6759430605859087,101,43.084507229444384,-0.5924955408700192,1.7859532535698377
1789322330.6075978,LIDAR_ONLY,41.71120280974692,9.003697545511018,-9.033939468554948,0.10804932676549871,0.14079743984879659,-0.3315238391516373,0.9266031340286446,-17.563516422072137,-39.84998963963241,0.6768572771246157,97,43.09222167549854,-0.613091331117874,1.7838666795457774
1789322330.727829,LIDAR_ONLY,41.73977884950715,9.009049777415626,-9.038970959279888,0.10797024217313572,0.1407188947275053,-0.3313856675337763,0.9266737067732834,-17.589950353926312,-39.851563494479265,0.6778073017502414,100,43.10332819224206,-0.63371852114155,1.7827239796425205
1789322330.8303528,LIDAR_ONLY,41.77331276719687,9.02555250013358,-9.04076441483053,0.10790210185450845,0.14074670053440028,-0.33100187760705174,0.9268145767761022,-17.612645010327842,-39.85291469324037,0.6786228766465454,102,43.11586489579613,-0.6519727105671893,1.7820238167109397
1789322330.9398565,LIDAR_ONLY,41.80493914058592,9.04080717789734,-9.042529089971787,0.10770878141461328,0.1407750055656257,-0.3306037031165215,0.926974868968852,-17.637834376130993,-39.854414449748276,0.6795279004012624,102,43.12602187246182,-0.6749037501503697,1.7800653845805745
1789322331.0485287,LIDAR_ONLY,41.83869865716775,9.05224470352788,-9.045576906497887,0.10772438766522464,0.14085602584396695,-0.33033632711081334,0.9270560647968029,-17.662526844520904,-39.85588491329709,0.680414634207911,101,43.13271426886091,-0.6985880799582203,1.7782123794271474
1789322331.1638782,LIDAR_ONLY,41.86972286988996,9.06465372554261,-9.047744407825155,0.10774032773185327,0.14103983504040152,-0.33000422827275816,0.9271445389118735,-17.687966242882066,-39.85739845485449,0.6813272932428159,93,43.14373882189613,-0.7180563434032694,1.7771668803434864
1789322331.2699788,LIDAR_ONLY,41.90402114101365,9.078447552662892,-9.050989589537226,0.10757632811401764,0.14103315067889485,-0.3296443843154649,0.9272925988750085,-17.712398076626314,-39.858848924139856,0.6822025277101333,96,43.15433003546215,-0.7444308312179885,1.7759205383356387
1789322331.3821373,LIDAR_ONLY,41.93723401156722,9.091612552450176,-9.053207142853912,0.10758706869871132,0.14109157424689922,-0.32939669869945387,0.9273704789409958,-17.737797216459285,-39.86035192402241,0.6831115782661483,88,43.16736541084519,-0.7661991736396416,1.7742389082230468
1789322331.4871635,LIDAR_ONLY,41.96538265610604,9.102599807176384,-9.055887696743625,0.10753356363184573,0.1411293935601397,-0.32914060314579835,0.9274618538391772,-17.763414506340155,-39.861872966388866,0.6840330913781791,99,43.17951221050685,-0.7897134307054794,1.7734956079556057
1789322331.5963202,LIDAR_ONLY,41.99699214596365,9.117757673989184,-9.058299004337762,0.10774895130853167,0.1408949232078702,-0.3288658433488915,0.9275699656546574,-17.787811200058872,-39.86332221143231,0.6849132989733963,94,43.1943025261972,-0.8129343857474378,1.7720725882644068
1789322331.706297,LIDAR_ONLY,42.02787638343978,9.129983023267501,-9.060206606765579,0.1076288155178711,0.14116155638313233,-0.32847304676324995,0.927682548407471,-17.81296389532657,-39.86482281329577,0.6858178712188541,100,43.206524676496805,-0.8360469531514809,1.7701488223119122
1789322331.8159986,LIDAR_ONLY,42.05335034537147,9.135683255643169,-9.064064142209011,0.10771033028908615,0.14109847800714675,-0.3283320967614243,0.9277325791893531,-17.83735050790334,-39.86627694362852,0.6866984776018573,93,43.22076291440752,-0.856796980943907,1.7699733893213174
1789322331.9300046,LIDAR_ONLY,42.08431492687169,9.150600302333046,-9.066820852091992,0.1076892557166888,0.14092134572322965,-0.32800532573443947,0.9278775268388516,-17.863258488100914,-39.867846512721606,0.6876342601288291,105,43.23314682774687,-0.8742227969754824,1.769774017461763
1789322332.0335886,LIDAR_ONLY,42.114756975584335,9.169379988382646,-9.067417208845255,0.10744264957088927,0.1409894569558981,-0.3274701771173177,0.9280847661605166,-17.887204482284165,-39.86930349967106,0.688495388310872,106,43.23935049219285,-0.8873743900947283,1.768692972963104
1789322332.1450064,LIDAR_ONLY,42.148633021493374,9.181336706393408,-9.072057168877622,0.1075461365296736,0.14058321376080152,-0.3272458779183586,0.9282135120281694,-17.912142424791007,-39.870796642633046,0.6893906323257657,99,43.25350395020691,-0.9103791121944431,1.768463851360049
1789322332.251511,LIDAR_ONLY,42.18180583579124,9.196495885237914,-9.075309698466842,0.10771201001407224,0.14022857254267626,-0.3270127287264722,0.9283300843946827,-17.93705949570428,-39.87228832365841,0.6902869064601446,92,43.26421295838092,-0.9307659116884568,1.7672063531793967
1789322332.3662694,LIDAR_ONLY,42.213657508086065,9.208913762808136,-9.079591221197425,0.10786529197869668,0.1397636543014718,-0.3268193879253103,0.9284504765461509,-17.961728353282023,-39.873765228609805,0.6911748558347028,99,43.27644209275763,-0.9524937184085049,1.7662935554393286
1789322332.4783535,LIDAR_ONLY,42.248154401211636,9.22640669645391,-9.081353739959546,0.10802081718339418,0.1395487936717086,-0.32645940070047536,0.9285913508826631,-17.987400451753466,-39.87530243586536,0.6920983417437964,96,43.28477589689723,-0.9769065154223293,1.7643431939237704
1789322332.5908294,LIDAR_ONLY,42.283092787152995,9.241669010926703,-9.084169036518873,0.10810010467799434,0.13940104707159448,-0.3261935587976658,0.9286977321189407,-18.011581013408463,-39.876750451113,0.6929679379263332,100,43.29951547601464,-0.9947361872203355,1.764441730722061
1789322332.7038465,LIDAR_ONLY,42.3138601834686,9.255468199839568,-9.086685056607845,0.10808306255480693,0.13939634113613786,-0.3258548336588372,0.928819325298415,-18.037260204501305,-39.87828821481483,0.6938913650486574,103,43.314752570123076,-1.0184086309856595,1.7634842194293772
1789322332.8099027,LIDAR_ONLY,42.348542566196016,9.2704339111564,-9.08944952953376,0.10803115158032833,0.13928098201880174,-0.32554955493132026,0.9289497110286035,-18.06144572721274,-39.87973637058467,0.6947610215215508,105,43.3258069948756,-1.0400700190391006,1.7614602364757508
1789322332.9399314,LIDAR_ONLY,42.37742008313204,9.275564905742243,-9.094908206099086,0.1083901593571261,0.13883268811822422,-0.3255796907001601,0.9289644358467082,-18.09136837446984,-39.88152765660883,0.6958368666008847,91,43.3377825210567,-1.0597249648236484,1.7605615902842071
1789322333.0335543,LIDAR_ONLY,42.40893513392107,9.28912270110679,-9.098136878152474,0.10851347716732646,0.13857525089697514,-0.325327861505576,0.9290766963174275,-18.111318139676715,-39.882721820343264,0.6965540677204538,95,43.34558995763055,-1.0825669294642126,1.758272708186309
1789322333.1493936,LIDAR_ONLY,42.4433151552897,9.300235595959093,-9.102815003848988,0.10862726239624784,0.13817921808986344,-0.32516094706031773,0.929180811284439,-18.137005064651376,-39.88425945273852,0.6974774659620878,91,43.35692996814781,-1.1026827585306032,1.75734132999729
1789322333.2572603,LIDAR_ONLY,42.481159715646406,9.313871721888079,-9.106781474610989,0.10877800460142925,0.13800741836005648,-0.324927315118538,0.929270433233718,-18.161196266574187,-39.88570755608778,0.6983468196929994,100,43.364408411033985,-1.1261332497690604,1.7558145322280931
1789322333.374865,LIDAR_ONLY,42.51592658859725,9.33089294950131,-9.10836941850121,0.10886430214422206,0.13782946614070446,-0.32455655748433,0.9294162915378343,-18.187384982263307,-39.88727520549021,0.6992872172968883,105,43.3803336724339,-1.14768665806803,1.7553583050393056
1789322333.4755461,LIDAR_ONLY,42.54828184957509,9.342127533965416,-9.111106070445944,0.10895071514466807,0.1378593034639673,-0.32428634122082345,0.9294960586336593,-18.21132639357174,-39.888705777395494,0.7001459106945415,105,43.38666531688363,-1.1749609479240684,1.7526177791227964
1789322333.5914092,LIDAR_ONLY,42.58191304656356,9.354136202725385,-9.113588666939432,0.10876411656582283,0.13809845822985117,-0.32392800330779437,0.9296073533784142,-18.237004052616175,-39.890238220649316,0.7010659498259436,103,43.40094099269196,-1.19651828574368,1.7518048032687457
1789322333.6962285,LIDAR_ONLY,42.61121377520981,9.364161535757507,-9.115998528170374,0.10876122558821562,0.1382082680920621,-0.32365563316854157,0.929686238231917,-18.261889437332158,-39.89171277778624,0.7019568721646836,97,43.41516240293333,-1.2187156155515302,1.7502712006672605
1789322333.8053503,LIDAR_ONLY,42.64993899416508,9.38571563351149,-9.117859952389185,0.1089011322018603,0.13803439321049427,-0.3232999435377302,0.9298194427977209,-18.286009254943508,-39.89315549016629,0.7028267532364229,102,43.42656076340549,-1.2436475564170955,1.7490474431576908
1789322333.9159648,LIDAR_ONLY,42.68169672291099,9.396805472898473,-9.121275821815034,0.10886861832959834,0.13796052416405338,-0.3230159720158239,0.9299329005568393,-18.311903497779504,-39.89470474665926,0.703760184443251,92,43.436572530100094,-1.2724163510196178,1.7465572292816145
1789322334.022136,LIDAR_ONLY,42.71826057771062,9.417581968037268,-9.122168534767924,0.10890642303910653,0.13785735125689308,-0.3226160134692436,0.9300826036317815,-18.335555112844247,-39.89612297688526,0.7046118238005963,88,43.45153220639657,-1.293402331028114,1.7452082622304648
1789322334.134005,TRANSITION,42.729043792838674,9.405646809399535,-9.123549368792885,0.10890400159714907,0.13775381683926824,-0.3225923502655372,0.9301064347334119,-18.360935968093457,-39.89764663422367,0.7055301570150341,94,43.46116065565118,-1.3193891822647523,1.7437749205675355
1789322334.2451835,TRANSITION,42.74253775592932,9.399051238242174,-9.123718081768075,0.1089011955561388,0.13764019518661602,-0.3224349340573207,0.9301781655010428,-18.385361558644757,-39.899152348959284,0.7064117048510122,101,43.47591997038573,-1.3343804994457438,1.74352398667229
1789322334.356272,TRANSITION,42.75450807144717,9.392645313063575,-9.124173193558814,0.10882043513631702,0.1377679076195234,-0.3222376342179049,0.9302370792548149,-18.410806186460874,-39.9007087434552,0.7073265626023906,92,43.48840433912727,-1.3492831624646329,1.7424477740234279
1789322334.4679117,TRANSITION,42.76074366317087,9.38815782437534,-9.124784984322911,0.108736212833287,0.13785291344717443,-0.32201758505715355,0.9303105315897261,-18.435487382254543,-39.90219762299021,0.7082130998771577,92,43.499916005601065,-1.372739996247715,1.7415171660699988
1789322334.589275,TRANSITION,42.77101853096206,9.379027863106602,-9.125719886497032,0.10886411970316172,0.13770810233407285,-0.3219057062560842,0.9303557374857082,-18.460151152521824,-39.90368492877,0.7091011432527519,95,43.508271211718686,-1.3953489584895618,1.739463513443222
1789322334.7016597,LIDAR_ONLY,42.8039919876861,9.392440304861598,-9.129126910854186,0.1089609492542369,0.13742355054637853,-0.32170383148919307,0.9304562988652478,-18.485567131733905,-39.905216590648784,0.7100163340392166,96,43.50926314356384,-1.415822441377746,1.7366418147221636
1789322334.8298683,LIDAR_ONLY,42.84068131458993,9.407176370065779,-9.132786434842822,0.1090298658827644,0.1372494944988924,-0.32149402622453604,0.9305464285608335,-18.513232892327498,-39.906884200988706,0.7110119602016473,91,43.523150307178405,-1.438495733866789,1.735456329462035
1789322334.9394932,LIDAR_ONLY,42.87273574265164,9.415355486557324,-9.137255562890175,0.10905248706814721,0.13711914712311485,-0.32134583391146665,0.9306141786928809,-18.535037970161287,-39.908198319971326,0.7117975215895621,93,43.53169295933085,-1.4623411092950547,1.7336924048809859
1789322335.051399,LIDAR_ONLY,42.90494263345624,9.430158180257953,-9.139589964491606,0.10912366496868205,0.13695009498507332,-0.32104758987644644,0.9307336580686805,-18.557497452509562,-39.909544365033504,0.7126053804856989,86,43.54580960822724,-1.4859776604158177,1.7330390146215087
1789322335.1701324,LIDAR_ONLY,42.935397931017576,9.441186111383725,-9.14268088170474,0.10914404633546827,0.13684113373665321,-0.3208450959306123,0.930817117206417,-18.580919825303116,-39.91094484796928,0.7134475375900873,85,43.5592842546669,-1.5059092966237675,1.732575435742762
1789322335.287026,TRANSITION,42.94139556772892,9.422249490631657,-9.14425496381882,0.10908875238937073,0.13685971137424305,-0.320708635256952,0.930867893299749,-18.603312122270637,-39.91224242069232,0.7142504342462928,78,43.570941720786735,-1.5266062801120066,1.731038832213317
1789322335.4024312,TRANSITION,42.94187725734727,9.395575677378933,-9.150125499521943,0.10897439960316324,0.13676875938223387,-0.3211764330875972,0.9307333589795216,-18.62682181427666,-39.91326008858529,0.7150800131238519,82,43.57866715757436,-1.5452147863466152,1.7305789928111406
1789322335.5252576,TRANSITION,42.90078081519822,9.315399592454424,-9.165714523138679,0.10864417455114216,0.13693501980777298,-0.32356891378817515,0.9299184919745851,-18.653566935582823,-39.91338181482506,0.7159825823522293,57,43.5896529704544,-1.5711937781133103,1.729667116207076
1789322335.6279821,TRANSITION,42.88331258081205,9.261357804094244,-9.176184429834324,0.10883546021534574,0.13668801553120324,-0.32588223789083715,0.9291243167828057,-18.677552174318727,-39.91421241292057,0.7168205213357738,54,43.58374234231925,-1.5917334938316823,1.7262752157617334
1789322335.7546268,TIGHTLY_COUPLED,42.87928687054056,9.23481681211026,-9.175515535098898,0.10899716319703583,0.13652931010941982,-0.32643642337185486,0.9289341351205885,-18.707436893572396,-39.9157552569581,0.717884230155927,71,43.58586574988732,-1.612049253586712,1.7227096733462641
1789322335.8592985,TIGHTLY_COUPLED,42.876057917724744,9.211820318557832,-9.174993919050179,0.10898373984489715,0.13656310164159285,-0.3264618871037277,0.9289217943336893,-18.730963583703023,-39.916942734648764,0.7187209807495881,102,43.599344049282394,-1.6347614164362634,1.72201303457948
1789322335.9769356,TIGHTLY_COUPLED,42.86827110827757,9.188846179133789,-9.174976992539092,0.10905021209357542,0.13661243950007582,-0.32653522124207457,0.9288809621822238,-18.757469692098432,-39.918264281784595,0.719663090058689,82,43.61859145697295,-1.6536175023377089,1.7219093017076106
1789322336.1048646,TIGHTLY_COUPLED,42.860536273927096,9.163472703071486,-9.174949162070142,0.10910104829842121,0.1366616789489269,-0.32656785658666404,0.9288562761867081,-18.78703798524052,-39.91988473519751,0.7207199984098247,83,43.636134877682,-1.6799765726081115,1.7209442502363375
1789322336.2188683,TIGHTLY_COUPLED,42.85789994250523,9.141377557850996,-9.174414848435076,0.1091190492831817,0.13664733966583367,-0.3267188187445471,0.9288031821241531,-18.810962181624802,-39.92215356172472,0.7216103410662472,66,43.64964458638794,-1.6996734667887563,1.7195979145076568
1789322336.3301928,TIGHTLY_COUPLED,42.85146323837021,9.115085581322866,-9.174259619250867,0.10950844074865332,0.13637868537176737,-0.3292033959138152,0.9279191126924152,-18.834591955028007,-39.924257241657436,0.7224855567681455,52,43.64447354038684,-1.7247942009142023,1.7154434413096435
1789322336.4544516,TIGHTLY_COUPLED,42.86207085923857,9.09587789768438,-9.173064427192093,0.10974019184716623,0.13610993600100066,-0.33128109961644037,0.9271914627799767,-18.86258065236218,-39.92433791776139,0.7234264162803099,57,43.65486498675837,-1.7538725360168392,1.7125247836979527
1789322336.5575929,TIGHTLY_COUPLED,42.85899486707242,9.078024091382238,-9.173097512264215,0.11009952705105036,0.13599717074057247,-0.33272368769721494,0.9266486989894611,-18.884709276868424,-39.92390196417377,0.7241539653861682,61,43.66875261347416,-1.7758913499642626,1.7120119347598641
1789322336.6841033,TIGHTLY_COUPLED,42.8505491237485,9.056184065060343,-9.17322850916211,0.11054158554489492,0.13567257638472702,-0.33501999744030675,0.925815916474462,-18.911819135375794,-39.924159303437335,0.725079325824192,51,43.67872487295596,-1.7979592923131935,1.710681371103534
1789322336.800537,TRANSITION,42.86053837401142,9.046897478629072,-9.174038957223638,0.11080057017443956,0.13550110344219204,-0.33563985394673973,0.9255855298445297,-18.935802454124634,-39.9248189073142,0.725910298119698,101,43.69100786013225,-1.8208710785452855,1.7091795967788606
1789322336.9110007,TRANSITION,42.872712080151985,9.04382591362162,-9.173703193820014,0.11082900872308676,0.1354751732697788,-0.3354941538733759,0.925638742150397,-18.95740503773184,-39.92541317503177,0.7266589677555219,99,43.70715955648226,-1.839618665494873,1.708461645473101
1789322337.0342238,TRANSITION,42.88687261300822,9.04292387239658,-9.173506186411363,0.11083606020322685,0.1354999554305659,-0.3353224996678865,0.9256964681003281,-18.983592409242213,-39.92613299622425,0.7275663831556702,86,43.71909936030429,-1.8575869062112114,1.7084328744352881
1789322337.1536357,TRANSITION,42.895843927717095,9.035725019326454,-9.17523677683048,0.11087246531831634,0.135404627643111,-0.33522279186665194,0.9257421687814577,-19.00812581847225,-39.92680529102524,0.7284163442426153,97,43.7331441789747,-1.8770366289347433,1.7071014454477769
1789322337.2677214,TRANSITION,42.90820944906359,9.0121384906217,-9.176312537348043,0.11081972592646988,0.13535711267845354,-0.33510585953192246,0.9257977658756291,-19.031721718459742,-39.92745032094399,0.729233816404933,93,43.74393923020393,-1.8960067413617772,1.7066003554013283
1789322337.390118,TRANSITION,42.916054098512326,8.99971814160166,-9.178911698483814,0.11084928980347114,0.13544019356485665,-0.3350854836878311,0.9257894509762317,-19.05824157256992,-39.92817195962362,0.7301524368140098,88,43.75400392094969,-1.9146958006041446,1.7052938998206653
1789322337.4841485,TRANSITION,42.927315133542606,8.992357217390945,-9.18059047130175,0.11077665981547906,0.13546931580667185,-0.3349922038085033,0.9258276402778868,-19.07732857290002,-39.92868969877734,0.7308134422298014,93,43.76762189873406,-1.9314005365060176,1.7041346996055116
1789322337.604788,TIGHTLY_COUPLED,42.92359384172578,8.974456413785205,-9.180605641031283,0.11078541793685434,0.1354499921272546,-0.33504447099605184,0.925810506129769,-19.102267596258628,-39.9293674158886,0.7316773143943012,93,43.776136088238275,-1.9520793823996565,1.7029151386808299
1789322337.7490313,TIGHTLY_COUPLED,42.906656785079,8.949048897618695,-9.180959590973988,0.11082129081540623,0.1354331523570534,-0.33533474684171294,0.925703575830429,-19.129873138506877,-39.929747998815394,0.7326179081810241,78,43.78799449132534,-1.972433033692419,1.7024806352801085
1789322337.8806884,TIGHTLY_COUPLED,42.889181816171345,8.924807043343307,-9.181046563627236,0.11104253988186677,0.13531719309067664,-0.3360869959686746,0.9254211704577526,-19.15711094779128,-39.93011242356933,0.7335473561717155,57,43.79717868367345,-1.9946452590268884,1.700719243239573
1789322338.0014648,TIGHTLY_COUPLED,42.89077446612405,8.91910989011132,-9.179142364948133,0.11105432715449329,0.13519950208449708,-0.33682333370186407,0.9251692131336461,-19.1808051886717,-39.930998194911034,0.7343778242264211,59,43.80035589921057,-2.0192598793106,1.6983385404449698
1789322338.133366,TIGHTLY_COUPLED,42.88528740546686,8.89612262237531,-9.179340955824394,0.11138514640072472,0.13509801101067948,-0.3375588983601849,0.924876135879884,-19.20779662686651,-39.93175710979486,0.7353112507390682,64,43.8052254836892,-2.0463653073418313,1.6953192384034164
1789322338.2523277,TIGHTLY_COUPLED,42.88019774558372,8.872215404681063,-9.178686812564637,0.11149565821393516,0.134971566265608,-0.337889919703486,0.9247603995965775,-19.231992325550305,-39.9324099333131,0.7361481366797715,69,43.8052254836892,-2.0463653073418313,1.6953192384034164
1789322338.375291,TIGHTLY_COUPLED,42.87499806442188,8.847658412758983,-9.17815153307155,0.11153550926897883,0.13495697599914985,-0.33824657680739545,0.9246273292950805,-19.25609448116248,-39.93311348770489,0.7369826290242365,84,43.81705915735298,-2.085816495139268,1.6910967638919758
1789322338.5076332,TIGHTLY_COUPLED,42.86889842762818,8.822872817786653,-9.177930268780488,0.11160578578852069,0.1348843910088534,-0.33869124421945235,0.9244666520376909,-19.283189351876068,-39.93408554154513,0.7379246229558346,67,43.83435142703742,-2.107248393648393,1.690394468060014
1789322338.6308265,TIGHTLY_COUPLED,42.86381431785662,8.79883759451578,-9.177774944253887,0.11169775688757254,0.13483204590132855,-0.33951409946251293,0.9241612991088222,-19.307115804336547,-39.934999062859575,0.738761563135135,61,43.845052187160015,-2.12121368485453,1.689832048513756
1789322338.757998,TIGHTLY_COUPLED,42.85934072980399,8.77897730389355,-9.177867962676125,0.11180251493467026,0.1347608553843245,-0.340119456613795,0.923936396481438,-19.33096929679982,-39.935743933785325,0.7396007720357901,71,43.845052187160015,-2.12121368485453,1.689832048513756
1789322338.889903,TIGHTLY_COUPLED,42.85205541763768,8.758391967668285,-9.178045529311756,0.111931349818272,0.13467253050926534,-0.34072772040240884,0.9237095338922666,-19.35733625803241,-39.93639023332247,0.7405079902830318,64,43.86167847293916,-2.178507632604583,1.68453332948764
1789322339.014203,TIGHTLY_COUPLED,42.84796515936552,8.73829806363437,-9.17781209675965,0.11206809298050946,0.1346059947784698,-0.3412629524839593,0.9235050438234441,-19.381728295349735,-39.93634872089833,0.7413217724533474,72,43.87064605085068,-2.201982362714057,1.6832080248012429
1789322339.1361282,TIGHTLY_COUPLED,42.83801292455299,8.714532453835856,-9.178240383684942,0.11216879762917326,0.13460012365828056,-0.34192375066030656,0.9232492167795159,-19.406818635946355,-39.93642434464451,0.7421753730051718,59,43.87064605085068,-2.201982362714057,1.6832080248012429
1789322339.2846732,TIGHTLY_COUPLED,42.83372066890075,8.693099708067153,-9.178312528695473,0.11222043341959852,0.13452423044517667,-0.342457051392599,0.9230563220615183,-19.43426171520975,-39.93645569104972,0.7430960614953985,66,43.88436179514321,-2.255230459122781,1.6781118865303684
1789322339.4149802,TIGHTLY_COUPLED,42.82897161230803,8.673986699946404,-9.177936137571773,0.1123458543299973,0.1344295749265652,-0.34272927702547185,0.922953813074914,-19.45725862206339,-39.93668166500491,0.7438775031228035,67,43.89749551760038,-2.283499397777197,1.6751439581542047
1789322339.5272465,TRANSITION,42.83770596946291,8.664871955558139,-9.179710625745265,0.1123628222729097,0.13426688482081997,-0.3427576841906322,0.9229648800142148,-19.47976020184984,-39.93692238159042,0.7446424489574636,63,43.91156362729431,-2.29975106628045,1.6749391749314655
1789322339.6410074,TRANSITION,42.86328602905645,8.66221021450014,-9.178274536425599,0.11224178509934246,0.13446537518827356,-0.34254273780652095,0.9230305072581312,-19.504522344659023,-39.93718409260716,0.7454834076100334,98,43.92852961724137,-2.3178684254694493,1.6745254696837397
1789322339.7603328,TRANSITION,42.86993763921698,8.646139584786965,-9.179373220424608,0.11225522684452646,0.13448750364416748,-0.3423549890877735,0.9230953021526838,-19.53030680972674,-39.937454164514,0.7463592648974752,100,43.94724843395302,-2.3311362079592186,1.6760621957208521
1789322339.8839345,TRANSITION,42.875540617512144,8.636744007694352,-9.181473504777268,0.11237874264727223,0.13438736480418317,-0.3422158275380549,0.9231464573752367,-19.556619710009123,-39.937726651019865,0.747252810525268,99,43.95517664030228,-2.3477292816002735,1.6752310730732938
1789322339.9828491,TRANSITION,42.89020734654835,8.637076726919176,-9.181559709704903,0.11239326222110399,0.13428019889066442,-0.34198750824902063,0.923244890045327,-19.577252906333527,-39.93793838439922,0.7479533517541873,91,43.967435710428,-2.364281738718438,1.6747383323777711
1789322340.108028,TIGHTLY_COUPLED,42.873563775471894,8.619552398862286,-9.182115094857874,0.1123420378728334,0.13419648705646975,-0.3420395761292162,0.923244007697655,-19.6046561374305,-39.93821792427859,0.7488841432020096,78,43.98176476161956,-2.375194078618916,1.6744374642706799
1789322340.2180848,TIGHTLY_COUPLED,42.868049364162,8.598653600980015,-9.182375948642795,0.1122161214593214,0.13422691918189553,-0.3419814813298392,0.9232764172657139,-19.628115745575073,-39.9384603717365,0.7496809056843089,94,43.98941684444411,-2.3987860117130944,1.672082075828473
1789322340.3389707,TIGHTLY_COUPLED,42.8618672333222,8.573775045308993,-9.182601792237548,0.11227401443363906,0.13423898621453006,-0.34203644807702016,0.923247262898681,-19.653612017229527,-39.93872618456727,0.7505461026521922,83,43.996682476250925,-2.4231074974906797,1.6700116826655407
1789322340.452339,TIGHTLY_COUPLED,42.86307532468228,8.555434844017011,-9.182202848170878,0.11218321015072291,0.13427229889689113,-0.3420297624170557,0.9232559334930673,-19.678153131600368,-39.938985121585624,0.7513784509268066,93,44.007204428352246,-2.442820313834612,1.6689062295643988
1789322340.5715034,TIGHTLY_COUPLED,42.856495814815744,8.536514785294363,-9.182919112083402,0.11213738138805056,0.13434881510082797,-0.34201896834182965,0.9232543684547748,-19.703460832496116,-39.93927798478248,0.7522383320363323,84,44.02118935311891,-2.4673664614019364,1.6671569759589064
1789322340.6876419,TIGHTLY_COUPLED,42.84681018963383,8.512972426484907,-9.183445444455995,0.1121780074478238,0.13427598101248658,-0.34213467414787113,0.9232171577228732,-19.72875852983705,-39.939612533195564,0.7530994304904983,85,44.03180665821713,-2.4883472343806856,1.6658424760274098
1789322340.8048851,TIGHTLY_COUPLED,42.853278399886925,8.499804980828591,-9.183648300448887,0.11226318831859158,0.13422975109551888,-0.3422280339383041,0.9231789226667292,-19.753556887822434,-39.93994285602551,0.7539427340288363,85,44.039763251341185,-2.515108715277343,1.6629898231175677
1789322340.9184058,TIGHTLY_COUPLED,42.850593549493105,8.477668369773895,-9.18350986856033,0.11218086751159621,0.13427686820581172,-0.34241705766620195,0.9231119835905099,-19.778819498518835,-39.94030757938504,0.7548027687405583,78,44.05479358062362,-2.5377112665102333,1.6619422608125474
1789322341.0399263,TIGHTLY_COUPLED,42.839362681729654,8.454259685043967,-9.184183323490798,0.1122567514956136,0.13418687030376036,-0.34270421077607127,0.9230092792047565,-19.80429252793073,-39.94069576744419,0.7556699919519415,64,44.06294176896121,-2.566292289780682,1.659310105024995
1789322341.1538775,TIGHTLY_COUPLED,42.83376638959753,8.431431257636534,-9.184348701660806,0.11221937650942206,0.13429111770783853,-0.34303840359247667,0.9228745098339975,-19.827717913221385,-39.94100457279111,0.7564683675808815,69,44.07885343487049,-2.590636276398425,1.6588379419239698
1789322341.2601378,TIGHTLY_COUPLED,42.83371142341402,8.41933397044785,-9.184052596288618,0.11223321062272328,0.13426804981351814,-0.3430665631812708,0.9228657163745878,-19.851903156875007,-39.941294435182066,0.7572970614356549,80,44.08769342377391,-2.6157980036172535,1.6564562026869365
1789322341.3894258,TIGHTLY_COUPLED,42.82633676697499,8.402645480088903,-9.18399813557499,0.11226795086322389,0.13424199724969402,-0.34323381209460796,0.9228030903819023,-19.8798414189127,-39.941542453323954,0.7582411722388167,80,44.09791783616725,-2.6361583759010494,1.6550234510795956
1789322341.5028217,TIGHTLY_COUPLED,42.818556723580116,8.38336729736548,-9.184276034800469,0.11233681979826207,0.1343299806933578,-0.3433589813954574,0.9227353385991073,-19.903533337859656,-39.94159212441013,0.7590382216168151,91,44.11071663053609,-2.6565151419748965,1.6543367265181679
1789322341.6247141,TIGHTLY_COUPLED,42.81333985747369,8.365224486561214,-9.184431513086405,0.11233723690537788,0.1343323635598089,-0.34350329482680797,0.9226812275905626,-19.928688309723686,-39.941686880444706,0.7598915583526072,91,44.11920937322739,-2.6787819549464253,1.6518836413226712
1789322341.7490852,TIGHTLY_COUPLED,42.80340206059945,8.3432520906941,-9.185012567423467,0.11234000389587934,0.13435626653001498,-0.3436228791132779,0.9226328815507775,-19.953915516784893,-39.941754320778685,0.7607388084250086,79,44.12655653385075,-2.7001969780450095,1.6500694041823971
1789322341.8715227,TIGHTLY_COUPLED,42.80041442396712,8.323120852307756,-9.184786314067098,0.1124287591115696,0.13430523835242208,-0.3437915098465809,0.9225666777166516,-19.97983331180895,-39.94189961993817,0.7616134067707492,86,44.140104592734026,-2.7239317984430396,1.6489971070932659
1789322341.9849157,TIGHTLY_COUPLED,42.803669461455186,8.298120054233657,-9.183469964493998,0.1123779629087684,0.13420571450640853,-0.3439062585320704,0.9225445815724964,-20.003009997847993,-39.94204019738355,0.7623967466497121,92,44.1525078699013,-2.7476461002576356,1.6473806122402788
1789322342.1003308,TIGHTLY_COUPLED,42.79750792202155,8.279123815338995,-9.183826569699473,0.1123250672520519,0.13416511183887322,-0.34390307510039547,0.9225581157675523,-20.02820501681798,-39.94219000796936,0.7632481054502488,98,44.16158342778303,-2.7700897633101684,1.6453108067323885
1789322342.216669,TIGHTLY_COUPLED,42.79285783081014,8.258423164170063,-9.183553796732266,0.11231358000684637,0.134143659500676,-0.3438206396876935,0.9225933590084842,-20.053665448003812,-39.94234037448591,0.7641085258571655,98,44.179505644624555,-2.79183283342661,1.644822591336018
1789322342.3227625,TIGHTLY_COUPLED,42.78693963953216,8.22181668224995,-9.182728119900231,0.11240497640121654,0.1341147403826657,-0.3436656175870225,0.9226441898049662,-20.07788604299398,-39.94248388604102,0.7649269618528409,98,44.197394652813855,-2.8108445618971643,1.644917954402194
1789322342.4419653,TIGHTLY_COUPLED,42.77415203475185,8.201489523046398,-9.180909482790414,0.11248772822460995,0.13398574725612364,-0.34367178341458765,0.9226505491331598,-20.103361884516506,-39.94263441258896,0.7657876700687243,101,44.20390128640882,-2.8342657549756383,1.6427032145414495
1789322342.5551622,TIGHTLY_COUPLED,42.76888345775011,8.185526922397926,-9.181148380754664,0.11242175656812538,0.13399489868394057,-0.34371935126869785,0.9226395413921101,-20.12759359335334,-39.942776790655046,0.7666061987033648,99,44.217111914349026,-2.856765133129045,1.6418185941210215
1789322342.6714425,TIGHTLY_COUPLED,42.76350884488846,8.165248269879724,-9.180866638169729,0.11240167537901075,0.13391675583207627,-0.34372346426050443,0.9226518010583198,-20.152328216330645,-39.942921685856845,0.7674416020530501,99,44.22806627650749,-2.8727850192469497,1.6400316121941165
1789322342.7862718,TIGHTLY_COUPLED,42.76186205586955,8.146418350655075,-9.180189012655159,0.11241683308052028,0.13396153188840032,-0.34374941909335444,0.9226337846010415,-20.17781790184717,-39.943070739057895,0.7683023385939319,92,44.24013406260268,-2.896222062813054,1.63938690032896
1789322342.8844843,TIGHTLY_COUPLED,42.75376385164596,8.127130471672505,-9.180133814154251,0.11247676330242125,0.13395724632923142,-0.3437552066971534,0.9226249464118658,-20.199565732379217,-39.94319740861873,0.7690364974745376,91,44.24901044797223,-2.924821440685973,1.6369853769892195
1789322343.008201,TIGHTLY_COUPLED,42.74811105405266,8.105321314388659,-9.179852258797936,0.11251105828871034,0.13392374824594622,-0.34384781806960124,0.9225911171408954,-20.226572979254765,-39.94335464493781,0.7699481799739499,94,44.25916029517329,-2.9470073173814533,1.636168912930508
1789322343.1192548,TIGHTLY_COUPLED,42.74362688910645,8.08455107766152,-9.17975159190684,0.11247833872598892,0.1339565347166796,-0.34378416440114606,0.9226140679781263,-20.25233766030113,-39.94350584313009,0.7708175484645599,95,44.27146975087932,-2.9695017874002647,1.6339218780794966
1789322343.2235599,TIGHTLY_COUPLED,42.7481673176348,8.06169233731516,-9.177740612557638,0.11243196651759657,0.13397414845133568,-0.3437878060772597,0.922615805654938,-20.27459930752278,-39.943636773572685,0.7715677348935518,94,44.27918354528881,-2.991742188330538,1.6316799415133179
1789322343.3428922,TIGHTLY_COUPLED,42.74246161651817,8.042144767544853,-9.17799960897498,0.11239501422352519,0.1340114492926515,-0.34377856106341464,0.9226183356021844,-20.30234628197746,-39.9438146111501,0.7725028193167314,95,44.29056059312467,-3.0149687612003446,1.630805395372966
1789322343.4588068,TIGHTLY_COUPLED,42.73939587889454,8.020290795629514,-9.178156573544772,0.11240766725203599,0.13406776887487526,-0.3438190275399271,0.9225935323821469,-20.327314880990283,-39.94401355751806,0.7733465865613162,86,44.29830633925026,-3.039545024305237,1.6289020595150705
1789322343.553137,TIGHTLY_COUPLED,42.74122191379396,8.001512876101474,-9.17750118207886,0.11236971717679145,0.13399876939485064,-0.34386743401513714,0.9225901388407092,-20.349500246880403,-39.94415839578602,0.7740978173683264,86,44.31761724702271,-3.0598129298321983,1.6291905184961153
1789322343.6593406,TIGHTLY_COUPLED,42.74282535213552,7.977218367799705,-9.176957468230812,0.11240602131277931,0.13406262668953858,-0.34395691933124084,0.9225430809137829,-20.37446150646731,-39.94433492315527,0.7749460226947509,90,44.32216321998107,-3.084818865000559,1.626030648921877
1789322343.774266,TIGHTLY_COUPLED,42.74472323126668,7.95523596486384,-9.176221814629036,0.11248036920843134,0.13406905584995527,-0.3440983771940423,0.9224803312909513,-20.399423968151307,-39.94446167705264,0.7757860605475301,87,44.33090242431749,-3.1065513785462002,1.6245875021229017
1789322343.9052632,TIGHTLY_COUPLED,42.75522099999763,7.926781220097249,-9.172823858370332,0.11250665895436256,0.1340529299880741,-0.3440771798016866,0.922487375519176,-20.427354999210966,-39.944551572466416,0.7767280270638035,86,44.33915693949585,-3.129441540954762,1.6230505996613667
1789322344.0061946,TIGHTLY_COUPLED,42.751539189385824,7.908129190682124,-9.17262012716278,0.11262753485869821,0.13402136230475215,-0.34406667416424663,0.9224811307377433,-20.450291213436337,-39.944634990752476,0.7775041942854362,84,44.351135248189145,-3.1541848760727507,1.6212008479187092
1789322344.1113849,TIGHTLY_COUPLED,42.754647446871324,7.888880278119294,-9.172813418486523,0.11269533507294477,0.13415495861771115,-0.3440677404987057,0.9224530332104678,-20.47427032558181,-39.94471415752402,0.7783096302013631,84,44.36563524058858,-3.176429085239912,1.620703471079703
1789322344.2379615,TIGHTLY_COUPLED,42.74910860046894,7.8640159192941175,-9.172139327659718,0.1127532239169887,0.13410078036946269,-0.344086853677881,0.9224467075808136,-20.502475740665407,-39.94484686122515,0.7792608969871527,96,44.37441567717377,-3.202393889212037,1.6183761344653178
1789322344.3359752,TIGHTLY_COUPLED,42.76025400386047,7.835864332880941,-9.168785707589095,0.11274588612141685,0.13411442214377303,-0.34404803785305627,0.9224600991832657,-20.524191186925272,-39.944949507361365,0.7799941430958467,94,44.39047283929854,-3.2225318694485154,1.6186867450341944
1789322344.4560256,TIGHTLY_COUPLED,42.76110797866589,7.813251288821927,-9.168880645763881,0.11278801309650852,0.13413585245107376,-0.34409650092554006,0.9224337565591176,-20.550657847643745,-39.945075550826616,0.780887450598663,95,44.40638606436128,-3.2465372222084112,1.6178908777661665
1789322344.5606823,TIGHTLY_COUPLED,42.762677087450726,7.775977037942879,-9.16701581059033,0.11274522174161142,0.1341464438688429,-0.34400942102079174,0.92246992624189,-20.574137567494905,-39.94518735049784,0.7816797292375206,101,44.422436460729635,-3.267011564705602,1.6169971268411252
1789322344.669243,TIGHTLY_COUPLED,42.758279450304485,7.756871159101645,-9.166852982262077,0.11274528984026423,0.13420673558333177,-0.3439539668184231,0.9224818266246613,-20.598871175550418,-39.94530514186311,0.7825140643090476,96,44.42329166435204,-3.288113584621608,1.614671856560351
1789322344.7856839,TIGHTLY_COUPLED,42.755037254133754,7.736003502629685,-9.167105369687478,0.11274551600339748,0.13433365023796448,-0.34388021556151194,0.9224908218406512,-20.626604233557593,-39.945437271123645,0.7834495595028463,94,44.43498465920318,-3.3083788255320985,1.6138116303185495
1789322344.9035804,TIGHTLY_COUPLED,42.77034148872176,7.710607690865902,-9.162193803699004,0.11276419676220327,0.13419892050864435,-0.3438273622455244,0.9225278481618724,-20.65209028316151,-39.94555870792269,0.7843092255159987,96,44.439030845084105,-3.330504404655917,1.6108709766183835
1789322345.0120704,TIGHTLY_COUPLED,42.76648383361478,7.693856859548591,-9.161932408115,0.11275072291715135,0.13421425694971556,-0.34382733468924764,0.9225272741949604,-20.676578451726527,-39.94567539427513,0.7851352034288858,99,44.45271151726892,-3.352371109512984,1.6102673058146242
1789322345.114658,TIGHTLY_COUPLED,42.76430428262874,7.672993432817467,-9.161129501154626,0.11280079799711676,0.13418512841070337,-0.3438354639357769,0.9225223601759936,-20.699069095056544,-39.94578255399941,0.7858937739804308,86,44.46649956437916,-3.3770958792592594,1.6089140483504398
1789322345.2333605,TIGHTLY_COUPLED,42.76072884768998,7.649978209394252,-9.160301407459093,0.11277768737884195,0.134168464584692,-0.3437559659460867,0.9225572351984127,-20.726559432606813,-39.945912923094724,0.7868208545913047,92,44.48209747935415,-3.3986702375690716,1.6085735351090906
1789322345.3450732,TIGHTLY_COUPLED,42.761993974139735,7.630742229446397,-9.159196052607838,0.11282036851014152,0.13409647391636947,-0.3437586194879098,0.9225614947851437,-20.751552593496942,-39.94603104423206,0.787663566906613,95,44.495786457033034,-3.4195025305641114,1.6073487921626657
1789322345.4569273,TIGHTLY_COUPLED,42.76167675797878,7.611343229827826,-9.158244159842397,0.11275524590660611,0.13407373289847138,-0.3437752189766793,0.9225665761801402,-20.77679840173487,-39.946150076479896,0.7885143989320486,91,44.50608617291508,-3.4426707725688437,1.6053437648562237
1789322345.574294,TIGHTLY_COUPLED,42.75484906942094,7.590017790111163,-9.158212618525658,0.11279614994931261,0.1340173459417131,-0.3438155247340668,0.9225547487792742,-20.801792118631433,-39.946268017253466,0.789355839905103,86,44.51454405121296,-3.468748806466393,1.6037816917799306
1789322345.6709173,TIGHTLY_COUPLED,42.75229475690603,7.567810295805542,-9.15746994317168,0.11278907300872712,0.13404842986584206,-0.34382532502835084,0.9225474455709493,-20.824277701019057,-39.94637553211338,0.7901121074952743,91,44.53048617373754,-3.4866213103362846,1.603988575256255
1789322345.7783093,TIGHTLY_COUPLED,42.76469090064184,7.555683613257699,-9.15344183901133,0.11273065773970739,0.1340174817036698,-0.3438665718432683,0.9225437085429274,-20.848991699441356,-39.9465099557148,0.7909448823524704,95,44.542031579864414,-3.5063660782708514,1.602601406447742
1789322345.8835025,TIGHTLY_COUPLED,42.76138582537646,7.5373543646269665,-9.152850174608952,0.11284059987073775,0.13390581131170348,-0.3438706690329574,0.9225449559217116,-20.873934192732218,-39.946630045808405,0.7917886571742846,95,44.55768211034125,-3.5301987218572237,1.6017767073474856
1789322346.0026517,TIGHTLY_COUPLED,42.7589623329215,7.516727611531328,-9.151709510047041,0.1128525185339598,0.13380457257368744,-0.34390827355957937,0.9225441695638127,-20.901411026805885,-39.946781574816356,0.7927178355789396,98,44.56583636532312,-3.5547502260718127,1.6000781760435596
1789322346.1148155,TIGHTLY_COUPLED,42.75850639561992,7.496900380730205,-9.150893111857519,0.11283267589180913,0.13389582955138868,-0.34397546398169265,0.9225083057937303,-20.926117085667254,-39.94686818442599,0.7935480243978441,85,44.57427110840317,-3.579734086304182,1.5980861866911857
1789322346.2250867,TIGHTLY_COUPLED,42.75705643111809,7.472056706087677,-9.150216897824379,0.11289801945733507,0.1339124309043366,-0.3440220508949469,0.9224805290898758,-20.951049435946466,-39.94696842655402,0.7943913234532347,88,44.58209201464657,-3.605904213908262,1.5954837506213833
1789322346.3414736,TIGHTLY_COUPLED,42.75818970294097,7.450796922266256,-9.149247729919677,0.11286352070003002,0.13391179227073877,-0.3440380851850027,0.9224788634588161,-20.97675798033659,-39.94704467133096,0.7952578428927334,90,44.58597537019027,-3.6263225366883765,1.5928416292907144
1789322346.444407,TIGHTLY_COUPLED,42.76366517133933,7.4052847955565975,-9.14636787311478,0.11282825216186143,0.13390725502379464,-0.34416917905622535,0.9224349346993834,-21.00098444160673,-39.94714031946784,0.7960724696126136,91,44.597676883506175,-3.646061927778112,1.5915729881299099
1789322346.5444243,TIGHTLY_COUPLED,42.76225645736292,7.383926891930011,-9.145924985254531,0.11283928558199954,0.13391610971135812,-0.34413045454848046,0.922446747211662,-21.023451941914825,-39.94723506992658,0.7968303833732748,97,44.60363982631866,-3.668714582525705,1.5885892957447565
1789322346.6661265,TIGHTLY_COUPLED,42.7602648228083,7.3585231726282245,-9.145508275770684,0.11286765106311446,0.13403895788146306,-0.3441793905233984,0.9224071759545719,-21.05166837757101,-39.947354856712565,0.7977822930553201,93,44.61904572353912,-3.6889346204184887,1.5888463294433448
1789322346.7619288,TIGHTLY_COUPLED,42.76226281023429,7.339668235340764,-9.144985300431069,0.11295847173023262,0.13410163634815847,-0.34417331199712686,0.9223892161674728,-21.073401392139697,-39.94744707270183,0.7985151437819377,93,44.632765777461906,-3.709029354054168,1.5879362297546926
1789322346.8719623,TIGHTLY_COUPLED,42.77369920614179,7.320966061000777,-9.14152922328187,0.11283769756013697,0.13416446833843296,-0.3442173243048926,0.9223784381115884,-21.098383315986013,-39.947553149355706,0.7993573591923108,97,44.63834226101521,-3.7321382471961027,1.5852609245039635
1789322346.9908593,TIGHTLY_COUPLED,42.77170178748411,7.301139624255072,-9.141140039966759,0.11278269838025326,0.13416125608453702,-0.34411021949193615,0.9224255943723048,-21.125865159184468,-39.94766987666026,0.8002838092357771,94,44.65025710772673,-3.756747469794118,1.583253262517956
1789322347.0930204,TIGHTLY_COUPLED,42.766035986342374,7.282763926509415,-9.14089285697024,0.11284303806247785,0.1340827638023972,-0.34409053346432433,0.9224369712843136,-21.148851313953752,-39.94776751153073,0.8010586656861295,93,44.65815475572237,-3.780314618299244,1.5810521914867872
1789322347.2066066,TIGHTLY_COUPLED,42.76065988312002,7.263508817515696,-9.140712834107774,0.11275738017304189,0.1341687387684133,-0.344053322688064,0.9224488245431874,-21.173837550683842,-39.94787363900687,0.8019009111881878,94,44.66928751065099,-3.797506706105443,1.579647177237872
1789322347.3127015,TIGHTLY_COUPLED,42.757413665964215,7.244752372707756,-9.140208132456674,0.11277559105199604,0.13414222790666436,-0.3440612901462647,0.9224474821787945,-21.198325396241643,-39.94797765645236,0.8027263348457432,90,44.679388750361156,-3.8229733964208372,1.5782738639123437
1789322347.4253414,TIGHTLY_COUPLED,42.75426904179545,7.224949712822047,-9.139526164456912,0.11273167440869669,0.13409555991967237,-0.3440223959961359,0.9224741413437665,-21.224064171927253,-39.94808699250818,0.8035938917701895,90,44.68487034966382,-3.843950309838449,1.5756933967066642
1789322347.5385184,TIGHTLY_COUPLED,42.75012716621253,7.204038038539745,-9.139025501179976,0.11276993927062354,0.13417411701311768,-0.34394936560111905,0.9224852741498034,-21.251304107946147,-39.94820278156796,0.8045119513392398,81,44.693773726208605,-3.8688189239338047,1.5735340311622474
1789322347.6525474,TIGHTLY_COUPLED,42.74641582251816,7.182452567178029,-9.13845945019515,0.11276742190783351,0.13416599782384456,-0.34396936510386766,0.9224793057051389,-21.276546485810453,-39.94830976248054,0.8053625592956317,85,44.70738033336206,-3.8903764611736884,1.5719219678154281
1789322347.751055,TIGHTLY_COUPLED,42.75622178245878,7.14248766106445,-9.13422226596672,0.11279914682427633,0.13408012538953448,-0.3440138621228028,0.9224713194016362,-21.299291522511737,-39.94840539657119,0.8061288001814421,81,44.724171256806386,-3.910053091375888,1.5725028894671291
1789322347.8568492,TIGHTLY_COUPLED,42.7532323259437,7.123130305025405,-9.133815816998895,0.11280969224897482,0.13412101168793947,-0.34397958466635725,0.9224768684857392,-21.32303593765366,-39.948505419170154,0.8069281158200982,93,44.72775245504223,-3.9328889753313585,1.5691354445671126
1789322347.961466,TIGHTLY_COUPLED,42.752619468104676,7.1060621249269875,-9.133325087269998,0.11278273811455573,0.134157695722396,-0.34396018219620594,0.9224820647174629,-21.348020350144065,-39.94861286449456,0.8077686027288402,102,44.74298547015497,-3.9509282330640434,1.5686701566408108
1789322348.0763826,TIGHTLY_COUPLED,42.74889352581539,7.0871371344406695,-9.133298651852028,0.11283208821139816,0.1342589535351246,-0.3440373586695928,0.9224325173719531,-21.37348242502739,-39.948726021866065,0.8086264227648726,94,44.756308122986226,-3.974918342861396,1.5676544551323315
1789322348.2018933,TIGHTLY_COUPLED,42.74682107970677,7.06259564411153,-9.133094010743642,0.11275771868589689,0.13432543289877052,-0.34407776622902925,0.9224168611534329,-21.4019394037893,-39.94885339853513,0.809588644090977,86,44.77019318633604,-3.9952416588043875,1.5673329107227985
1789322348.3020236,TIGHTLY_COUPLED,42.74606655259135,7.041238989368778,-9.132739617860393,0.11278730363465088,0.1343216867497755,-0.3440708127833063,0.9224163834181152,-21.424923271064653,-39.948956384480006,0.8103631944375552,88,44.78422870969234,-4.02169209106616,1.5661448741960844
1789322348.4111927,TIGHTLY_COUPLED,42.74132829134707,7.023382588671538,-9.132527819047707,0.11288940717138125,0.13430789297947743,-0.34406548171634616,0.9224078902108362,-21.449131108130544,-39.9490387856499,0.811177249618418,85,44.797223290326265,-4.044956497698402,1.5646882316959536
1789322348.5288732,TIGHTLY_COUPLED,42.74632191355524,7.010208731600597,-9.130766405693157,0.1129472701430448,0.1342021055605235,-0.34405929860645074,0.9224185102613637,-21.476066275549286,-39.94914074170731,0.8120876434470862,85,44.809867390417686,-4.065346159683041,1.5630486552060643
1789322348.6266959,TIGHTLY_COUPLED,42.746945143611526,6.9687484179547745,-9.129765235852089,0.1129396234036513,0.13425937683170588,-0.3440493143630214,0.9224148364399494,-21.498789076819772,-39.94920433817912,0.8128522548625162,93,44.81659186545588,-4.087543600665617,1.5605816780107593
1789322348.7381551,TIGHTLY_COUPLED,42.74989915152644,6.946291855012247,-9.128911213932872,0.11293874681098914,0.13419128459733554,-0.3440620103114346,0.922420116686174,-21.523761428671495,-39.94930100280309,0.8136928883903674,89,44.81963724537061,-4.111137325205411,1.558004724696066
1789322348.8458853,TIGHTLY_COUPLED,42.746642005945006,6.925548726459117,-9.127965724903463,0.11299846223446036,0.13413156796638617,-0.3440349418638678,0.9224315848800121,-21.548478367941524,-39.94939830562307,0.8145264559768486,83,44.82534304629521,-4.138169573521934,1.5555828320465097
1789322348.9617875,TIGHTLY_COUPLED,42.74698465031529,6.903375152270469,-9.126866766543323,0.11301209571732537,0.1341697112221892,-0.34406162019122966,0.9224144168016448,-21.57345393803524,-39.9494965199319,0.8153684533572677,94,44.835795137372315,-4.157465085202956,1.5553511793745303
1789322349.0687623,TIGHTLY_COUPLED,42.76009300248306,6.888086027098361,-9.122854175844576,0.11292950140740486,0.134112079780976,-0.34400551676706265,0.9224538374371491,-21.598434304678992,-39.94959480942519,0.8162102959915238,93,44.8435394655838,-4.180083772548858,1.5535549998131786
1789322349.1899848,TIGHTLY_COUPLED,42.756265846718456,6.869186811518961,-9.122343587252415,0.1126808740985784,0.13408644210610213,-0.3439636601100292,0.9225035757000726,-21.6259142276278,-39.94970303322443,0.8171363491128085,91,44.85506040023097,-4.203594356269232,1.552324481323789
1789322349.2960348,TIGHTLY_COUPLED,42.753576643287964,6.8493055589656064,-9.12184094119254,0.11271505448177538,0.13416776502111738,-0.3439732204119611,0.9224840112228684,-21.650397750280906,-39.94979947050485,0.8179613938129714,94,44.863616741858365,-4.2272545324472866,1.550387304017473
1789322349.4091845,TIGHTLY_COUPLED,42.75195270871889,6.831256831090291,-9.121262339565584,0.11265773668878593,0.13415046850747642,-0.3438782855383519,0.9225289214428934,-21.675132440561242,-39.94989689848701,0.818794873410732,95,44.877471676921004,-4.246295453605781,1.5497017618570255
1789322349.5063329,TIGHTLY_COUPLED,42.74932529701214,6.812874761028847,-9.120627802676768,0.1125933215424206,0.13417140281591322,-0.34389677019019904,0.9225268505920056,-21.698119379444467,-39.94998743635029,0.8195694315916493,90,44.88247322533148,-4.267194222476439,1.5473404749254025
1789322349.6115754,TIGHTLY_COUPLED,42.74752945293296,6.791728351588677,-9.119968016534212,0.11249617801567134,0.13420539044458996,-0.34385946432703784,0.9225476637552145,-21.723106515742405,-39.95008585495482,0.8204113666194804,86,44.89451778531729,-4.290787901176008,1.546251567614836
1789322349.7209504,TIGHTLY_COUPLED,42.74744072043052,6.772037676391362,-9.119018105216497,0.11246023095609461,0.13412158361554402,-0.34391129026172407,0.9225449158129249,-21.747845280041737,-39.950183296765914,0.8212449030614758,90,44.90520910273678,-4.31501769334434,1.5447815863770786
1789322349.8369627,TIGHTLY_COUPLED,42.744554981191534,6.751344275322567,-9.118079137564242,0.1124605484587022,0.13412592490165906,-0.3438787747989786,0.9225563665990256,-21.773085566906605,-39.95028271690005,0.8220952888661318,97,44.91669444618192,-4.334760876290202,1.543224053564011
1789322349.9440486,TIGHTLY_COUPLED,42.746898271125396,6.726457958961829,-9.115624538962242,0.11250834371816987,0.1340541106041288,-0.3438265560679464,0.922580439509957,-21.798077645375745,-39.95038126117496,0.8229371679475087,89,44.92345529796077,-4.357937572548858,1.5404959682779247
1789322350.0655246,TIGHTLY_COUPLED,42.746492960406925,6.706812169240947,-9.114942135862293,0.11247292237442243,0.13397706120166208,-0.34386591722760285,0.9225812808493041,-21.825320536673065,-39.95048876210411,0.8238546177510575,90,44.93543547380828,-4.379824945007817,1.5395739322362048
1789322350.175281,TIGHTLY_COUPLED,42.74631359023694,6.688377139676164,-9.114131470876544,0.11249235448298037,0.13399913738148558,-0.3439335912772221,0.9225504789197424,-21.850312934046503,-39.95058656974303,0.8246956768645051,88,44.95076174178473,-4.402506427394359,1.5380837625710622
1789322350.274147,TIGHTLY_COUPLED,42.742737821191916,6.667875701265237,-9.113698631187555,0.11250698295490814,0.13402741114680364,-0.343987425162574,0.9225245163017037,-21.87254810536965,-39.95067707341083,0.8254439429660888,92,44.96502557726811,-4.419662557833405,1.5375759032983685
1789322350.3841114,TIGHTLY_COUPLED,42.741534429068174,6.64723683562908,-9.112810693936066,0.11258815091671451,0.13396313774206672,-0.34397712651820256,0.9225277895173325,-21.898510433724024,-39.950780632811565,0.8263188541824857,80,44.97399165096055,-4.444952944570498,1.5353703420640517
1789322350.494721,TIGHTLY_COUPLED,42.73952773433131,6.62983245996297,-9.11202167713766,0.1126406094933268,0.133964726394425,-0.3439631422593793,0.9225263692394342,-21.922733444995433,-39.95088012794049,0.8271371425406268,86,44.98368256691148,-4.466397906371782,1.5335064893951302
1789322350.6067798,TIGHTLY_COUPLED,42.73624308204312,6.611471096962439,-9.111512404374695,0.11264166080383689,0.1339743569542827,-0.3439706924721162,0.9225220271897538,-21.948465687408373,-39.9509817695827,0.8280032691281841,86,44.99427050150405,-4.490265885233042,1.5322079999451994
1789322350.7118282,TIGHTLY_COUPLED,42.741476613131056,6.5872162383480255,-9.10841307046746,0.11260712064324485,0.1338520792608252,-0.34393037071594723,0.9225590264894614,-21.972920260874012,-39.951065571647135,0.8288264783683321,86,45.00315620340628,-4.515872252061317,1.529829389496178
1789322350.8251204,TIGHTLY_COUPLED,42.74114645602229,6.563972420246595,-9.107339230222609,0.1126234449355765,0.13385857224136302,-0.3440267220430689,0.9225201660715326,-21.998617561798415,-39.95115359553586,0.8296943629056598,85,45.014994635175434,-4.5367547829046835,1.5294204814628323
1789322350.9305658,TIGHTLY_COUPLED,42.742309162779286,6.523009603069108,-9.10491128685019,0.11275303585732036,0.1337878798238249,-0.3440481650161488,0.9225065941586675,-22.022842432561443,-39.95122694658901,0.8305090677788343,77,45.026805645493354,-4.561107110473547,1.528099610970997
1789322351.0366423,TIGHTLY_COUPLED,42.74314891024087,6.5009880643927,-9.10383224020342,0.11285042221991945,0.13381854592130357,-0.344042261398961,0.922492439721748,-22.047812987997478,-39.95131988373013,0.83135021922908,91,45.03233772811185,-4.584366184151202,1.524773032191697
1789322351.145949,TIGHTLY_COUPLED,42.74181503598504,6.480999705625526,-9.103242313281015,0.11278724032731699,0.13384479370968883,-0.34407032092803297,0.9224858935900534,-22.072785102510423,-39.95141301364709,0.832192081547668,92,45.037923498092276,-4.608642774697442,1.5225839729407291
1789322351.2503877,TIGHTLY_COUPLED,42.75047709262352,6.453094450708464,-9.100278469192599,0.11278493806619588,0.13386119697772772,-0.3440000658642027,0.9225099958127926,-22.09751447238826,-39.95150531352739,0.8330253465594292,91,45.05297975952827,-4.63207380853995,1.521809581419571
1789322351.3561656,TIGHTLY_COUPLED,42.74482339719802,6.434878340518045,-9.100285126451126,0.11277530685418968,0.13384278732164495,-0.34399322205223987,0.9225163964006465,-22.122245252295016,-39.95159767451402,0.8338585672448869,95,45.067101728540855,-4.651751467683834,1.521029627476446
1789322351.4663079,TIGHTLY_COUPLED,42.74032227379463,6.413795480152998,-9.099784019177541,0.112697244863609,0.13382993927226589,-0.3439390816923672,0.9225479859818374,-22.14772691558504,-39.9516928355823,0.8347170200001487,94,45.07880104913653,-4.67524135536768,1.518876471210508
1789322351.578269,TIGHTLY_COUPLED,42.73852316845367,6.396136449409918,-9.099366025891143,0.1127254600671319,0.13385442652895282,-0.3439623716148702,0.9225323029923302,-22.17296010306875,-39.95178708378934,0.8355670844464629,99,45.08592443692567,-4.695951979174157,1.5168756837925326
1789322351.6966674,TIGHTLY_COUPLED,42.73369092882035,6.3804707055047025,-9.099310173017404,0.11273370762845453,0.13389106995574634,-0.34393357805258284,0.9225367127862151,-22.20044326908675,-39.95188974783214,0.8364929298599701,88,45.09833032935175,-4.717625604636004,1.5150660424017124
1789322351.8034596,TIGHTLY_COUPLED,42.73058879932937,6.360114356349296,-9.098789541098938,0.11280130338034301,0.133893207449418,-0.34388155194280956,0.9225475343785858,-22.22517944551359,-39.95198215804381,0.8373262188130408,83,45.104935780020845,-4.738548315312428,1.5129542895737804
1789322351.9110932,TIGHTLY_COUPLED,42.72995977741874,6.3402007308533,-9.097739760743194,0.112847258036047,0.1338589059293169,-0.3438093591131346,0.9225737988060184,-22.248667539317687,-39.95206991045397,0.8381174446755849,101,45.114416364308745,-4.7641427093149735,1.5105818054232567
1789322352.0160549,TIGHTLY_COUPLED,42.727802379223,6.314747428761915,-9.09691492747923,0.11285996018352189,0.13387046297153418,-0.3438460330861916,0.9225569001758377,-22.272406817699416,-39.9521586053548,0.8389171047599828,84,45.1263689684029,-4.785889197066373,1.5094166091933812
1789322352.1215875,TIGHTLY_COUPLED,42.72519948903772,6.2979783428868785,-9.096830565696552,0.112844934444689,0.13390666292357953,-0.3438369467695127,0.9225568711093447,-22.297397128559933,-39.95225198029616,0.8397588577078117,95,45.14060453317783,-4.81111476743183,1.5073382261525754
1789322352.2383783,TIGHTLY_COUPLED,42.722419664370776,6.280691469357504,-9.096623502957273,0.11288465591055441,0.13396992335446561,-0.3437795334410217,0.9225642235006882,-22.322638953685786,-39.952346381732845,0.8406089437624346,94,45.15340898065464,-4.831882473237618,1.5071995100820628
1789322352.342484,TIGHTLY_COUPLED,42.71773879659031,6.26321772068244,-9.096508134567328,0.11284138449996824,0.13392296450184382,-0.3437337208681152,0.9225934048438288,-22.347631939131553,-39.95243993199536,0.8414504280056843,87,45.16544301992162,-4.853001755560518,1.505764825446197
1789322352.4582565,TIGHTLY_COUPLED,42.71301036700948,6.242349185726017,-9.096497922364591,0.1128043456681406,0.13397594097478446,-0.34375957179565825,0.9225806109154742,-22.372373458946136,-39.95253238694286,0.842283037534318,76,45.17234957421654,-4.871789239416038,1.5043191186831992
1789322352.5694106,TIGHTLY_COUPLED,42.711720008834185,6.222387385496772,-9.096263465289352,0.11280546097647505,0.13398486024372755,-0.34369190372106495,0.9226043900372164,-22.39760577291248,-39.952629816382675,0.843132224612071,100,45.18294057296038,-4.897266620867253,1.5025429352946114
1789322352.683823,TIGHTLY_COUPLED,42.708242949081175,6.204351212363199,-9.096025455036543,0.11280228644506585,0.13391644438386152,-0.3437258178603871,0.9226020768633449,-22.42257034632932,-39.95272318662913,0.8439737139594341,88,45.189348499386846,-4.919284277951104,1.500025591634449
1789322352.8064835,TIGHTLY_COUPLED,42.71300738117775,6.195430405180672,-9.094596361248932,0.11282782736313952,0.13383214976076843,-0.34374995307845685,0.9226021931588303,-22.450300152625463,-39.95282793878364,0.8449092281184846,95,45.203393823210334,-4.938946031354981,1.4988598950312937
1789322352.9049175,TIGHTLY_COUPLED,42.71031641080578,6.1579451050030665,-9.093695471420645,0.11279549632470943,0.13384014073555214,-0.3437279540255675,0.922613183494658,-22.473278545652594,-39.95291214769554,0.8456820102191194,89,45.214418619315,-4.959479788785457,1.4973259828141703
1789322353.0085073,TIGHTLY_COUPLED,42.70648640219725,6.1425085553780026,-9.093367904440317,0.11273114801440907,0.13384314271790373,-0.34367564090828717,0.9226401006140078,-22.49723132223879,-39.95299406004832,0.846489220828311,94,45.22682744317212,-4.981232047867541,1.4968707046502747
1789322353.1204817,TIGHTLY_COUPLED,42.70518296472784,6.120551313471795,-9.092533281972385,0.11271753038207946,0.13384269421412498,-0.34372137896826405,0.9226247911205423,-22.522186951221116,-39.9530696301773,0.8473311716603094,87,45.233479118400645,-5.005090692679201,1.4945504828474125
1789322353.2289472,TIGHTLY_COUPLED,42.70316390192185,6.0983917512000865,-9.091548354623306,0.1128114555366261,0.1337787743987694,-0.3437712608546527,0.9226039969729556,-22.547410183018354,-39.953153243950204,0.8481794884286302,84,45.23955418572842,-5.028111678126336,1.4926660613564657
1789322353.3522272,TIGHTLY_COUPLED,42.70457784657371,6.076131562636842,-9.090412923850726,0.11284348227812777,0.1337789039136214,-0.34378859804011747,0.9225936013395208,-22.575375583413784,-39.95325363634317,0.8491217951785077,91,45.24936069021042,-5.0499554416713295,1.4912769913264248
1789322353.4477704,TIGHTLY_COUPLED,42.70803054527178,6.048717183031474,-9.088541141975051,0.11294750659565671,0.13369682214547152,-0.34375046431291023,0.9226069795891884,-22.597353679278697,-39.953332464595604,0.8498624378623186,83,45.26241188096223,-5.074335375141888,1.4902082931597682
1789322353.5586987,TIGHTLY_COUPLED,42.70400549245927,6.031120605951137,-9.088495625068088,0.11292940316573301,0.13376690920683174,-0.3438315992138776,0.9225688024661955,-22.621833346469888,-39.95342031942714,0.8506870569422875,85,45.27253897184363,-5.095520811784474,1.489028026068958
1789322353.679854,TIGHTLY_COUPLED,42.70174225861396,6.009877162562342,-9.08804067508999,0.11302824517955415,0.13374401924267587,-0.34378931718841027,0.92257577385035,-22.64956181766177,-39.95351993120073,0.8516210929750978,94,45.282994495235506,-5.121612634543681,1.487763479597888
1789322353.7802434,TIGHTLY_COUPLED,42.69946283004842,5.988781816325526,-9.087260884499596,0.11309754656631124,0.13366392184248932,-0.3437372861271612,0.9225982761117106,-22.672045580355213,-39.95360070513033,0.8523784228910534,85,45.298159928749406,-5.1437613975098335,1.4872563639457232
1789322353.8930645,TIGHTLY_COUPLED,42.69669464309819,5.968459826537486,-9.086457123891224,0.11304278651678194,0.13364651958394788,-0.34373653671562654,0.9226077874949711,-22.697778257795793,-39.953693150864275,0.8532451612263293,84,45.31342393503755,-5.164290292587437,1.4858637338940577
1789322353.9990008,TIGHTLY_COUPLED,42.69537946252105,5.946838406148468,-9.085422520365071,0.11309452494679148,0.1335942034429031,-0.34379795445981964,0.922586138928371,-22.722013170093263,-39.95378022134887,0.854061436869573,74,45.322685207293226,-5.187477786536076,1.484120163081165
1789322354.1105983,TIGHTLY_COUPLED,42.696245894117496,5.926277542797852,-9.084309250495208,0.1131086600089435,0.13359638440596905,-0.3438121986065935,0.9225787821069451,-22.746749035402,-39.953869094812326,0.8548945696966236,90,45.33067200380637,-5.207804225629886,1.4821933044466995
1789322354.2233748,TIGHTLY_COUPLED,42.69939600163484,5.904580798012162,-9.082531475934399,0.11306635191246783,0.13373640341929938,-0.3437607730687368,0.9225828447163219,-22.771986014382865,-39.95395977050222,0.8557445595925475,84,45.34161903151967,-5.234676782778762,1.4798866052017245
1789322354.34358,TIGHTLY_COUPLED,42.69372684096483,5.887994577299801,-9.08278706848476,0.11302298817670048,0.13376021312273548,-0.34372660625469525,0.9225974364161217,-22.80047318943076,-39.954062125789534,0.8567039787987996,89,45.34778750237332,-5.256245723566972,1.4778772981544595
1789322354.4481173,TIGHTLY_COUPLED,42.6917980647677,5.869024209300812,-9.082066237895063,0.11298862285592397,0.13369219733550713,-0.3436559082524185,0.9226378402168052,-22.824464117327985,-39.954148329958144,0.8575119151955579,93,45.35900212017473,-5.276407935340881,1.4762983182110216
1789322354.5640306,TIGHTLY_COUPLED,42.68833748232956,5.851351596532107,-9.081544519847622,0.11292564686768945,0.13371507483722744,-0.3437617736310395,0.9226027964573003,-22.850206106965377,-39.954240890982504,0.8583786834394072,88,45.370028105173716,-5.296699855378798,1.4753283175134706
1789322354.6617193,TIGHTLY_COUPLED,42.68647736281585,5.8324129442765695,-9.081108473340091,0.11289272704177489,0.13374815570801893,-0.3437011549394495,0.9226246144120931,-22.87294960852668,-39.95432274339012,0.8591442352002276,90,45.373887873214166,-5.3242862596296705,1.4723012708801693
1789322354.7818987,TIGHTLY_COUPLED,42.68299390252985,5.8158748893459,-9.08090982615221,0.11282035096710025,0.133731460210316,-0.3436719257391274,0.9226467755411258,-22.899688664964575,-39.95441981046054,0.8600439262363604,90,45.38578585334004,-5.342717522705107,1.4722043093538488
1789322354.885141,TIGHTLY_COUPLED,42.6801863732861,5.796862978342133,-9.08035138891965,0.11278644761630155,0.13369624597914673,-0.3436510962760047,0.9226637822487013,-22.92291934137127,-39.95450507478048,0.8608258941543424,93,45.39601975425463,-5.369105364525049,1.4702242984402218
1789322354.9917753,TIGHTLY_COUPLED,42.67472732812682,5.777649083037708,-9.080097775364193,0.11276806747549466,0.13369301826066465,-0.3436230733793709,0.9226769333127991,-22.94688974082642,-39.95459183157977,0.8616342920076292,95,45.40290008165705,-5.390563502767635,1.4690279406709392
1789322355.10595,TIGHTLY_COUPLED,42.68115999829973,5.725501158000892,-9.07790587301924,0.11280496687263294,0.133730325405974,-0.3435766594322209,0.9226843006191621,-22.97262497833522,-39.95468481494648,0.8625016425383819,95,45.420259653746704,-5.407364125233474,1.469779970735831
1789322355.2116613,TIGHTLY_COUPLED,42.67772731914304,5.708032476462697,-9.077662340802453,0.11278976890957329,0.13378922931244938,-0.3436099320369194,0.9226652289725075,-22.99734486945071,-39.95477056050777,0.8633329231570724,86,45.42814145251927,-5.4357611877705505,1.4671135238808144
1789322355.338417,TIGHTLY_COUPLED,42.67477204270601,5.684597847279517,-9.077106387281558,0.11281537329406782,0.1337410402765572,-0.343633073852822,0.9226604663952637,-23.025289094842222,-39.95486549425247,0.8642755792617638,86,45.437510470556404,-5.457200406667459,1.4657536763695982
1789322355.44695,TIGHTLY_COUPLED,42.672452202923516,5.660407235440284,-9.07631821295664,0.11276130546478245,0.1337088592418583,-0.34368036922113965,0.9226541241235202,-23.050505073799215,-39.95493755881892,0.8651245648785477,83,45.446688158500336,-5.4815161670590165,1.4635515559304708
1789322355.5454571,TIGHTLY_COUPLED,42.675450349357085,5.637346361086449,-9.075286467977943,0.11276956374951096,0.1336870535477078,-0.3436556749145841,0.9226654725871556,-23.071982163013466,-39.955011682051214,0.8658474783400232,90,45.45458916043135,-5.504804896054063,1.461248044653971
1789322355.6657307,TIGHTLY_COUPLED,42.681520567309605,5.615608663278552,-9.07279356230326,0.1128172068674246,0.13370915614246123,-0.3437408189777036,0.9226247280269705,-23.099451308874098,-39.95510718960782,0.866773002953173,87,45.46648355642833,-5.521335987884906,1.460292256391573
1789322355.7803168,TIGHTLY_COUPLED,42.675350971727816,5.599021399912452,-9.072925513962769,0.11290087176665072,0.13372140458435497,-0.3437791865611691,0.9225984229325662,-23.124929207167135,-39.9551957642951,0.8676312896126983,89,45.47862120858897,-5.544845959060164,1.4594302469005138
1789322355.8855672,TIGHTLY_COUPLED,42.67191496143779,5.578479153980146,-9.072510428311137,0.11298448352015114,0.1337389827253745,-0.34384588139425,0.9225607843559567,-23.14965917125595,-39.95528176505799,0.8684642030217513,97,45.4842315745334,-5.571939935917777,1.4570674122603016
1789322356.0047762,TIGHTLY_COUPLED,42.67023992731289,5.558654637526723,-9.072133552718384,0.11288780141723262,0.13379734761630957,-0.34378437667941647,0.9225870779569639,-23.17638904510086,-39.95537472984164,0.8693644260416816,86,45.49556377641598,-5.593116396297018,1.4556391685311536
1789322356.1079257,TIGHTLY_COUPLED,42.66542397247382,5.539004343393194,-9.072099181727937,0.11282267233861902,0.13378433207639873,-0.3438038520236256,0.9225896750077802,-23.199872581124033,-39.955456417003106,0.8701553027482032,95,45.49628962498665,-5.61331700530307,1.451981953786174
1789322356.2187803,TIGHTLY_COUPLED,42.662483490602646,5.515861296936296,-9.071595287065128,0.11281815771611688,0.13376102359513684,-0.34379769900257473,0.9225958996315006,-23.22435659089681,-39.955541593641485,0.8709798614139173,90,45.505531910779155,-5.636630441368637,1.4506437501801137
1789322356.3319745,TIGHTLY_COUPLED,42.66247245514478,5.495664804465652,-9.071087212010498,0.11284411997697223,0.1338420430849873,-0.3438152206624842,0.9225744447632758,-23.249591361210353,-39.955629389661816,0.8718296907606657,94,45.51364840671122,-5.660538118619854,1.4489849758771585
1789322356.4399004,TIGHTLY_COUPLED,42.65631475158122,5.479980069859051,-9.071540059258655,0.11288976875975267,0.13387562212859785,-0.34383021590874213,0.9225583995266632,-23.274327694577664,-39.955715457286445,0.8726627188472297,83,45.52398886901051,-5.684551986559256,1.4474262855802393
1789322356.5540023,TIGHTLY_COUPLED,42.66146767155298,5.455985143794374,-9.069783194957857,0.11292284310111779,0.13388671705279934,-0.3438705290112948,0.9225377161830709,-23.30081310857486,-39.95580898943634,0.873556539550439,90,45.53937423339323,-5.703337819295397,1.4470437681873962
1789322356.6602101,TIGHTLY_COUPLED,42.65742135791142,5.438903858710429,-9.069436538429363,0.11287127166917947,0.13383853509862242,-0.3438876660848035,0.9225446307193944,-23.324169420361947,-39.95588421459583,0.8745621002940329,91,45.54836748602964,-5.730544943701175,1.4446014767804154
1789322356.7747474,TIGHTLY_COUPLED,42.65178122845736,5.423831566755381,-9.069268816628975,0.11242186524640942,0.13375283559984646,-0.34392101316866314,0.9225995013463637,-23.34975554846739,-39.955964024047766,0.875675475315451,90,45.56221111850783,-5.744260215424415,1.4451803936231422
1789322356.8824768,TIGHTLY_COUPLED,42.644719141206735,5.405707747128528,-9.068935825582079,0.1119538808236853,0.13360312383791628,-0.34398184123180653,0.9226554214721999,-23.3740947169722,-39.95604029660784,0.8767339570784227,79,45.57726888479087,-5.767956504340611,1.4456088105256706
1789322356.9895597,TIGHTLY_COUPLED,42.64481161126805,5.3817939448414025,-9.067467792402716,0.11163217537122448,0.1335219303503215,-0.3441239186442388,0.9226531743587867,-23.399168865471964,-39.95611936254672,0.8778236497905749,82,45.57755046521801,-5.7911727854267605,1.4440910148388932
1789322357.1002533,TIGHTLY_COUPLED,42.64111672741976,5.363663333606685,-9.066585380873045,0.11122732630811343,0.13337637691807344,-0.34420955746951193,0.9226911750467756,-23.424720613838165,-39.956200369892294,0.8789342595199503,86,45.57891031640853,-5.819519754987825,1.4414090067488796
1789322357.2071023,TIGHTLY_COUPLED,42.63965900251031,5.342175615146775,-9.0652116581309,0.11084147131693307,0.13317341949722744,-0.3442668259898177,0.922745555989629,-23.448510608600813,-39.956274649489494,0.879971591795736,75,45.59095988724199,-5.842377784970638,1.4418140006559954
1789322357.3157792,TIGHTLY_COUPLED,42.64524985618067,5.300510269960237,-9.061150816559177,0.11024106601189257,0.13284732667230167,-0.34426280580120516,0.9228659792745998,-23.473483571760486,-39.95634442418393,0.8810671552529028,95,45.60174938610879,-5.861896395946642,1.4410064503470388
1789322357.4281666,TIGHTLY_COUPLED,42.64092148790521,5.286434988996223,-9.060649422355908,0.10972967955745147,0.13274533752987416,-0.344319367865976,0.9229204980390638,-23.498003131370076,-39.956419246615944,0.882135107603343,87,45.60394721617049,-5.884825309366337,1.4386020607839238
1789322357.5376477,TIGHTLY_COUPLED,42.639685725160945,5.265328576355362,-9.059327219399702,0.10929199116133442,0.1326133208403849,-0.34430925827842235,0.922995180088953,-23.523510954067916,-39.95647712534946,0.8832420614882193,83,45.61684647644506,-5.91829305572636,1.4361157326495988
1789322357.6460376,TIGHTLY_COUPLED,42.63820505374619,5.244747402644833,-9.058019659828096,0.10884474860434969,0.13248308482459856,-0.344464787493591,0.9230087015373201,-23.547928379227653,-39.95637220878597,0.8842955239033709,89,45.626234430532094,-5.939819924967541,1.4355839321904946
1789322357.7535589,TIGHTLY_COUPLED,42.648146571465084,5.222275362593515,-9.053783462082569,0.10842306080902202,0.13226790359590662,-0.3447065275100117,0.9229989444496329,-23.571748340083612,-39.956422274965945,0.8853336372068586,76,45.63441309085472,-5.963267650460108,1.4342970911164017
1789322357.8663294,TIGHTLY_COUPLED,42.64561674506023,5.204651466516283,-9.052634017778352,0.10810290773478726,0.13211685412082494,-0.34471966942729576,0.9230532204084642,-23.597073074109442,-39.95648127762503,0.8864417225322552,88,45.65131730339184,-5.980128289558165,1.4351941717777992
1789322357.977314,TIGHTLY_COUPLED,42.64274215799708,5.185367020174669,-9.051322488304026,0.10760686138613412,0.1319576270739546,-0.3447991171941234,0.9231042827447989,-23.62166973150931,-39.95653936652634,0.8875146760077626,77,45.6643812397896,-6.001527467641588,1.4350410224686738
1789322358.088877,TIGHTLY_COUPLED,42.6419138839326,5.1642363483709195,-9.049646920177597,0.10731072843594877,0.13179948388113708,-0.3448127556669316,0.9231562528307918,-23.646273865123323,-39.95659754719181,0.888586212543178,74,45.66986333223099,-6.026095517243328,1.4326873261087856
1789322358.1937768,TIGHTLY_COUPLED,42.6402218446628,5.144045336242034,-9.048499142744165,0.10688353215053614,0.1317147210579736,-0.3448519670833583,0.9232032623482133,-23.670880670390435,-39.95665569205564,0.8896578333908282,79,45.68165940153932,-6.0529827189023955,1.4311826456519825
1789322358.3090005,TIGHTLY_COUPLED,42.63802754785173,5.123320211423067,-9.047471643079298,0.10636679614274429,0.1315521501551232,-0.3448812731248229,0.9232751723704549,-23.696732810168683,-39.95671681067061,0.8907837197795219,84,45.687824051450576,-6.080685475038494,1.429841462870056
1789322358.4189725,TIGHTLY_COUPLED,42.63683249881762,5.103078862945501,-9.045794756105794,0.1060236571053585,0.13138491078701642,-0.3449112080789933,0.9233272701989164,-23.720847131076535,-39.95677385058372,0.891833950155764,79,45.699319767680315,-6.102356918370612,1.4294953193395885
1789322358.5352838,TIGHTLY_COUPLED,42.649021784772046,5.0814405152097875,-9.04272856689775,0.10563707032325004,0.1313961372557006,-0.3449829116935397,0.9233431946612535,-23.74695237076074,-39.95683563059359,0.8929709159039638,83,45.71251917393613,-6.130921998150047,1.428154610076371
1789322358.6456683,TIGHTLY_COUPLED,42.64437107757971,5.0653447125106705,-9.041778881782555,0.10528792491372543,0.1311799909878316,-0.34513453795581495,0.9233571430068759,-23.771070143254253,-39.95689274380098,0.8940213578068291,76,45.71356158483259,-6.153007692872911,1.4252804775924737
1789322358.7700393,TIGHTLY_COUPLED,42.640541034149074,5.042672907166924,-9.040064710383776,0.10493272529898587,0.1309474874563117,-0.34524341559529204,0.9233898757720399,-23.79618348314364,-39.956952257053544,0.895115210529604,71,45.72305212316667,-6.178312603498706,1.4237973816476075
1789322358.8870554,TIGHTLY_COUPLED,42.64104652919869,5.0194891633401895,-9.038428810624795,0.10453073919454708,0.13088808788936854,-0.3451586371107602,0.9234755807491334,-23.822083874969266,-39.957021749035306,0.8963092453911481,59,45.74353119986929,-6.202160703281151,1.4248565208156165
1789322358.99722,TIGHTLY_COUPLED,42.638629195643915,5.001025905084107,-9.037444050101,0.10418843890082725,0.1308193200859113,-0.3452979030569126,0.9234719448018806,-23.846564746366138,-39.95707013944793,0.8976177326816763,77,45.76743397585482,-6.21407180850722,1.4258745848064613
1789322359.1169884,TIGHTLY_COUPLED,42.644130978531265,4.975773271034872,-9.035668796949341,0.10425139335551496,0.13086664585064633,-0.3453238769001396,0.923448421965132,-23.872541515365583,-39.957121789543145,0.8990061927428475,89,45.78807734016366,-6.237552368963806,1.4256494127909949
1789322359.2372968,TIGHTLY_COUPLED,42.64230834775668,4.957314260707209,-9.034028129614306,0.1041945901281515,0.13090314889264548,-0.3453001774928022,0.9234585212241294,-23.896766068590978,-39.957170015215496,0.9003011462545337,88,45.80030469627339,-6.255051244246008,1.4254995560907553
1789322359.3509462,TIGHTLY_COUPLED,42.641228421834306,4.9364113267742775,-9.032948766037224,0.10413585727437064,0.13089530965373533,-0.34534093142356315,0.9234510177718636,-23.9219865749054,-39.95721988439037,0.9016497019092342,88,45.81690932021835,-6.272753215372108,1.4255506337453512
1789322359.4710405,TIGHTLY_COUPLED,42.63656634962882,4.915844248239783,-9.032158185056485,0.10415045131800386,0.13094177767322,-0.3454554315433874,0.9233999562308876,-23.9469622757424,-39.957267710199986,0.9029846652813863,80,45.8309937426381,-6.29271474302099,1.4253147656278151
1789322359.5817173,TIGHTLY_COUPLED,42.63640450848472,4.8710543815641625,-9.029723495760276,0.10413796540623484,0.13093197013418084,-0.3454047220314984,0.9234217245420292,-23.971425184514512,-39.95731504228919,0.9042901535160252,72,45.84745543874948,-6.313255584728221,1.4256487001960902
1789322359.699236,TIGHTLY_COUPLED,42.63286747348573,4.856551699286175,-9.029099791939487,0.10401234421100027,0.1309152249573534,-0.34537856090751046,0.923448041738979,-23.995577925898907,-39.95735907941053,0.9055786369768333,79,45.86334792437952,-6.340216927525411,1.4249976973612992
1789322359.8240814,TIGHTLY_COUPLED,42.63158656457803,4.835564680888344,-9.027912477610597,0.10412283589429819,0.1309503493852129,-0.34535046408829717,0.9234411177737417,-24.021936099840595,-39.95741254475523,0.9069841968478476,78,45.87624654286029,-6.364176156082872,1.4242253795406576
1789322359.9413126,TIGHTLY_COUPLED,42.63032008752677,4.814221050267111,-9.026714302517965,0.10410833993834626,0.13095976404480586,-0.34534045657340484,0.9234451596117026,-24.04633965788885,-39.957459188179335,0.9082865026624865,82,45.89124890309601,-6.38722267748679,1.4231536426273272
1789322360.0534694,TIGHTLY_COUPLED,42.63444978801359,4.784120590046678,-9.025938517827589,0.10421526568534309,0.1309826570514549,-0.34553579795045797,0.9233567751874758,-24.070668161316163,-39.957185405105314,0.9095764965650378,69,45.90749935030933,-6.406189371253576,1.4239625380451424
1789322360.1751735,TIGHTLY_COUPLED,42.634151744419746,4.7637475055506995,-9.024665715435287,0.10426769227157827,0.1308748315824707,-0.34597480433090827,0.9232017447854013,-24.096048771582243,-39.95718497730362,0.9109384856079958,60,45.918339167710265,-6.420521006428088,1.4243590401924595
1789322360.283552,TIGHTLY_COUPLED,42.632388018493494,4.743945420658879,-9.023676253089615,0.10417615747256263,0.1308648998690643,-0.3460240975152008,0.923195011974882,-24.12025884173325,-39.95720406306446,0.9122329980553103,77,45.92553779175386,-6.436971264776526,1.4238950931216319
1789322360.4046717,TIGHTLY_COUPLED,42.63314993924466,4.725780340104601,-9.022659889949653,0.1042424809337015,0.1308154384775262,-0.3460451503109905,0.9231866442767483,-24.145747516320437,-39.95722401268944,0.9135932803327588,74,45.94184640876369,-6.456857594987905,1.4238162099191671
1789322360.518723,TIGHTLY_COUPLED,42.628519801549274,4.706376725091196,-9.0216408813301,0.10431318334355173,0.13082957358339137,-0.3460247604442016,0.9231842977522178,-24.17048002476278,-39.957242534305095,0.9149163824966776,83,45.96057445534878,-6.476208554785094,1.4236169058629455
1789322360.631391,TIGHTLY_COUPLED,42.62639986529509,4.684611797344644,-9.020346768133487,0.10432283071360723,0.1308617613412331,-0.34600222202753556,0.9231870930437547,-24.19545839306997,-39.95726235981791,0.9162501578794129,77,45.97067394830612,-6.506662769743847,1.4210018046758057
1789322360.7508495,TIGHTLY_COUPLED,42.62529650626901,4.662736238034764,-9.019212963131453,0.10440358429279495,0.13095937110820652,-0.34587877438420206,0.9232103812979155,-24.22193420875788,-39.957281754174865,0.9176690148356013,75,45.97660819308158,-6.529321629938586,1.4186850476838122
1789322360.8561766,TIGHTLY_COUPLED,42.62424749099868,4.6410156757073135,-9.017920783804337,0.10442357191783672,0.13094022698656052,-0.34582654775439065,0.9232304010662282,-24.245168475902453,-39.95730052518771,0.9189092817934374,77,45.987341150592684,-6.5491715944700335,1.4176369757431022
1789322360.9729035,TIGHTLY_COUPLED,42.6247020224896,4.618654787776526,-9.016290458365555,0.10437738115914591,0.13094858002738194,-0.3458130465941067,0.9232394968243468,-24.27115385127127,-39.957321731202605,0.92029610640626,80,46.00011560724361,-6.578278283349794,1.4169038759579917
1789322361.0812066,TIGHTLY_COUPLED,42.62569755542705,4.597349668124813,-9.015084644434417,0.10435146633243504,0.131002110563754,-0.3457066775962966,0.9232746674567883,-24.29514427794786,-39.957389709046396,0.9214861596057207,85,46.01545536237163,-6.603360887642735,1.415767100313822
1789322361.1939359,TIGHTLY_COUPLED,42.62562111251714,4.576525084685701,-9.015944314527868,0.10430392979452587,0.13122226006136506,-0.3457094171429705,0.9232477498442517,-24.319885602233416,-39.95745826317812,0.9227073128784631,80,46.06181702485198,-6.600022208614619,1.4220655267696822
1789322361.3067968,TIGHTLY_COUPLED,42.62244291324277,4.557084531706129,-9.01511196071786,0.1041910449762228,0.13134296899731046,-0.34569242867894834,0.9232496928760846,-24.344645133505516,-39.95753341922404,0.9238625937969003,75,46.09650020021114,-6.603606648848809,1.425455277094872
1789322361.4339912,TIGHTLY_COUPLED,42.62285903629955,4.535077344592863,-9.013732036510852,0.10435696868341647,0.13151219084515195,-0.34562057679057323,0.9232337643550892,-24.37215003451262,-39.957616604961565,0.9251378558679737,84,46.11441212491814,-6.633526369162014,1.4222622623669765
1789322361.5555828,TIGHTLY_COUPLED,42.621988814774106,4.516461187689548,-9.013052921697684,0.10449422891066253,0.13169809614472314,-0.34559817095710976,0.9232001255563832,-24.39639374534987,-39.957689867894786,0.9262608294699434,78,46.13089989653028,-6.652385933231104,1.4204609121473866
1789322361.664603,TIGHTLY_COUPLED,42.62352819293295,4.494975600895578,-9.011591685339713,0.10455113970945275,0.1317760172120464,-0.3455893822313565,0.9231858530990033,-24.419867913682822,-39.95776227644925,0.9273475186377181,78,46.15231822314764,-6.670907685601571,1.4202183065908385
1789322361.808992,TIGHTLY_COUPLED,42.61995184047373,4.4732294073659125,-9.011558099624708,0.10462655799596586,0.13220100859930378,-0.34570600436588955,0.9230728764472581,-24.44909462142953,-39.95784938535072,0.9287038156323209,73,46.16123211780201,-6.695705239544021,1.4175030829191577
1789322361.944931,TIGHTLY_COUPLED,42.602611084561836,4.437102606835313,-9.011825727566002,0.10474213623493353,0.13231468670697044,-0.3457428379438219,0.9230296845655241,-24.475000844438373,-39.957922084373784,0.9299038365843716,92,46.18025338368105,-6.728413474388114,1.4145205226443864
1789322362.0728793,TIGHTLY_COUPLED,42.61281637494843,4.418252498890688,-9.0103437294889,0.10484221609780409,0.13261590413314764,-0.34570673995844997,0.9229886140370042,-24.50078516121412,-39.95800195602847,0.9311050961729369,74,46.18025338368105,-6.728413474388114,1.4145205226443864
1789322362.1949508,TIGHTLY_COUPLED,42.60921391114198,4.397363090985667,-9.009558836702702,0.10498707062655965,0.13277989336789073,-0.34559265244567905,0.9229912965429443,-24.523275082487228,-39.95807889330226,0.9321526884751892,76,46.18039513205099,-6.74691555239261,1.411791213670315
1789322362.3197443,TIGHTLY_COUPLED,42.60625620358791,4.3781799997900075,-9.00896725620615,0.10515025219080246,0.13299569717568838,-0.34547892721703755,0.9229842251338471,-24.547880667052212,-39.958158747731325,0.9332793106775183,78,46.18105322705273,-6.7634497339138555,1.4075550520115105
1789322362.443732,TIGHTLY_COUPLED,42.59725879895427,4.361225959257381,-9.009122745844925,0.10533493300011375,0.1331163074242329,-0.3456398044786841,0.9228855433625212,-24.572954457534816,-39.957615399023396,0.9343836152997034,79,46.17555390423368,-6.797549778024344,1.4016080560704423
1789322362.5822933,TIGHTLY_COUPLED,42.611236630002054,4.333290339005601,-9.005945926170355,0.1057200148516516,0.13318687027797432,-0.34715228554172045,0.9222634258651291,-24.596160566560062,-39.95594900607836,0.9354677108968067,53,46.19054425050876,-6.84491772362108,1.3963574171017212
1789322362.7175791,TIGHTLY_COUPLED,42.61528718914999,4.310678382622677,-9.004168719051984,0.10617082765365647,0.13295541997541202,-0.3498083037224489,0.9212408818009123,-24.62155254572259,-39.95568641984664,0.9366305850795321,43,46.14097253584758,-6.8866281133018,1.381895224923901
1789322362.842187,TIGHTLY_COUPLED,42.61602862199967,4.287695972205004,-9.003155547314357,0.10636273509912363,0.13324324465719126,-0.34964767942699143,0.9212381378377567,-24.646199140645514,-39.955732294841894,0.9377719921440789,61,46.14097253584758,-6.8866281133018,1.381895224923901
1789322362.9630103,TIGHTLY_COUPLED,42.619455628292386,4.2647856611792125,-9.000958494072309,0.1065143235440888,0.13356677808837075,-0.34911324856542114,0.9213764455135239,-24.670400291772967,-39.95577847853008,0.938895011107945,50,46.13993140068186,-6.919525556686394,1.3776104678535515
1789322363.0909562,TIGHTLY_COUPLED,42.613519787608176,4.246643260643361,-9.00071799476532,0.10655037314349823,0.13379145007292093,-0.34887466562138525,0.9214300481088801,-24.696661957942325,-39.95581966633387,0.9401086053753308,58,46.16055639234485,-6.9308148638520315,1.3800184074682649
1789322363.2081845,TRANSITION,42.62827210553561,4.247409579566,-8.998080301035367,0.1066231672992902,0.1341265133306709,-0.3485261681453808,0.9215047958283901,-24.720453637732376,-39.9558125086359,0.941228141820496,65,46.18694923528818,-6.951880923543196,1.3813849181908906
1789322363.3343408,TRANSITION,42.6391292597702,4.242992105427145,-8.997450207067455,0.1066107691046515,0.13438278249211028,-0.3482531884806511,0.9215720961453059,-24.74597953691417,-39.95571327215599,0.9424330255655625,54,46.26709589610972,-6.988884331154589,1.3859390159835234
1789322363.4646962,TRANSITION,42.654109688829465,4.232412526761221,-8.997888279814264,0.10669539217396287,0.13432744703219926,-0.34817580123992187,0.9215996102937515,-24.77182713857971,-39.955579246477626,0.9436457125637171,65,46.26709589610972,-6.988884331154589,1.3859390159835234
1789322363.5870368,TRANSITION,42.667978484776455,4.224245833198423,-8.99744015460354,0.10683788125604023,0.13411200363396308,-0.34816847359309727,0.9216172478886541,-24.795713668664934,-39.95545991642419,0.9447664870938164,86,46.30030555829429,-6.993789397613356,1.3902266681009254
1789322363.7078545,TRANSITION,42.681489976317906,4.214336331449545,-8.99796007132796,0.10686138986181025,0.13387717474829253,-0.34809358380379135,0.9216769511888915,-24.81988524693097,-39.955339669706774,0.945900608387847,75,46.33538915132718,-7.033280163360954,1.3907344008310973
1789322363.8071575,TIGHTLY_COUPLED,42.67874346449632,4.196820967544035,-8.99737739446774,0.10690240784780897,0.13388011819621803,-0.3481488807006824,0.9216508807650375,-24.842569307014866,-39.95522689292848,0.9469647461633098,84,46.35523324177613,-7.051397462426702,1.3921613575550038
1789322363.9253883,TIGHTLY_COUPLED,42.676146454973,4.177007421294903,-8.996322079190096,0.10689015295688684,0.13386833733943215,-0.3481073458593997,0.9216697018007881,-24.868263512488305,-39.95508737450145,0.948166561282486,67,46.3722629968897,-7.071708112058292,1.3922097047216575
1789322364.0468864,TIGHTLY_COUPLED,42.675173736535406,4.154894557216316,-8.995293320902036,0.10689796603233688,0.13396008033548767,-0.3480496997202715,0.9216772364875288,-24.893216814823,-39.954959077794655,0.9493367308308344,83,46.38159351495541,-7.090079355135193,1.3908568731630164
1789322364.1596677,TIGHTLY_COUPLED,42.670655903887145,4.136175958330854,-8.995129724292992,0.10679708782776855,0.13399463678302634,-0.34815873804082836,0.9216427249594664,-24.918191209686707,-39.95483076557862,0.9505076112183003,80,46.39213783255238,-7.114128452659173,1.3894324353597665
1789322364.2796106,TIGHTLY_COUPLED,42.667740854508054,4.114697216222753,-8.994142475316098,0.10678007777918029,0.13390612107431957,-0.3480804223847209,0.9216871406723521,-24.9447002092623,-39.95469372221732,0.9517502037963929,88,46.405779336876506,-7.135934022156654,1.3892444436695068
1789322364.389957,TIGHTLY_COUPLED,42.656507429609206,4.075068536177517,-8.992390956437218,0.10676962177477957,0.13379500054826193,-0.34802353006387077,0.9217259724105875,-24.968695343291564,-39.954568864716705,0.9528739177545448,79,46.41696057674773,-7.162201658763786,1.3870805022354769
1789322364.5187693,TIGHTLY_COUPLED,42.650873149730415,4.05724792377619,-8.992160260561915,0.10676574795143702,0.13376192083887986,-0.34804369110853567,0.9217236096994639,-24.995971153151793,-39.95442471832292,0.9541494321280778,86,46.41718519323183,-7.1886055302606815,1.3838148778350348
1789322364.6440074,TIGHTLY_COUPLED,42.6515973749011,4.031464718910976,-8.990660083237216,0.10664813655669572,0.13379246607075035,-0.3478579093911273,0.9218029213805551,-25.023641782231397,-39.954090077287,0.9554326192511763,64,46.42841703126463,-7.20946480493513,1.38216265296189
1789322364.7406507,TIGHTLY_COUPLED,42.6572824131781,4.005396673804008,-8.988754480457024,0.1065496227136718,0.13379538127895252,-0.34764140457619247,0.9218955622370064,-25.043732531815714,-39.95387574748687,0.9563714393646586,51,46.43794106295987,-7.229349697871671,1.3807786675499958
1789322364.8580217,TIGHTLY_COUPLED,42.650526135234344,3.9936055293730983,-8.988993916572532,0.10637279805037451,0.1338790331427263,-0.3474105212405391,0.9219908687460413,-25.069466104099487,-39.95369878991785,0.9575794193854001,52,46.42128667691504,-7.2595726891810815,1.3742004591500285
1789322364.9756298,TIGHTLY_COUPLED,42.65023929636343,3.9636902759672368,-8.986629044214183,0.10636592861415792,0.13373839046271854,-0.3472383346271656,0.9220769334018946,-25.09350933446581,-39.953695803006475,0.9587105923791344,58,46.42276985320049,-7.280692018604989,1.3719328942898186
1789322365.0833633,TIGHTLY_COUPLED,42.642093963903484,3.9476622639050634,-8.986607406945444,0.10623380589939085,0.13376448368774665,-0.34706651966991703,0.9221530633859503,-25.118724684225274,-39.95363758516393,0.9599053097727978,65,46.430749389945824,-7.298938994830646,1.3710164549824742
1789322365.203302,TIGHTLY_COUPLED,42.641965351706126,3.9259495021886277,-8.985134671058017,0.10623336776669148,0.13364742518304462,-0.34710022302067717,0.9221574011490042,-25.14396893761026,-39.953560638889584,0.9610911143159535,67,46.436382860066914,-7.319389804216811,1.369140263971989
1789322365.3121612,TIGHTLY_COUPLED,42.6377687070234,3.9087679139983726,-8.984513178337652,0.1060515246401538,0.13365742393860547,-0.3472329082544051,0.9221269297514214,-25.168005370349096,-39.953484276374375,0.9622190630225949,79,46.4435866435662,-7.342644813034961,1.3668852455370128
1789322365.4293966,TIGHTLY_COUPLED,42.63425114346147,3.8879914708707,-8.984008440203578,0.10601331599692004,0.133683367004132,-0.34711529956594217,0.9221718402906379,-25.193317119463003,-39.95341200319355,0.9634071505597877,84,46.44793081557221,-7.368118064495673,1.3643105241834574
1789322365.538049,TIGHTLY_COUPLED,42.63095497070005,3.867717526833044,-8.983333907045413,0.10593068570883941,0.13367627762616377,-0.34699442298171024,0.9222278531061929,-25.217715261970692,-39.95338205860843,0.9645542537862999,75,46.460936826962346,-7.38956570089753,1.3640580087051197
1789322365.659846,TIGHTLY_COUPLED,42.62856169231419,3.8467481701106876,-8.982469063332989,0.10594270899102518,0.13368643450392917,-0.34687412087326835,0.9222702553534223,-25.243625634384454,-39.953323378057206,0.9657718781965513,75,46.47080403130213,-7.412109322472801,1.3616931555870382
1789322365.7791321,TIGHTLY_COUPLED,42.61996685822746,3.8300854245616387,-8.98281095742075,0.10583253788355068,0.13372615430909643,-0.3468822825171211,0.922274076212998,-25.26732759095304,-39.95325983592533,0.9668856508326434,85,46.48039702015548,-7.433074423507541,1.3609870472715062
1789322365.888747,TIGHTLY_COUPLED,42.61680943551655,3.8080142307967977,-8.981088762431263,0.10589293180848561,0.1336777822584242,-0.34679462160582336,0.9223071223560765,-25.292560794726167,-39.9531900025191,0.9680709901036946,82,46.4902496325151,-7.458121658613576,1.3594966260876913
1789322366.0046585,TIGHTLY_COUPLED,42.61144245558695,3.7947355155895632,-8.98141675514045,0.1057964118534426,0.13376999458033248,-0.3468266406999239,0.9222927892430476,-25.31782069015402,-39.95311949281677,0.9692570577183128,80,46.49676751721577,-7.477107312009045,1.3581371870885346
1789322366.1244988,TIGHTLY_COUPLED,42.60360442292058,3.7758147442933074,-8.981833368778709,0.10570448490349622,0.1338642503029101,-0.3467616520455904,0.9223140902278028,-25.342096919692644,-39.95305119620389,0.9703966954613638,68,46.50017545819949,-7.502230715215004,1.3558669328291275
1789322366.241683,TIGHTLY_COUPLED,42.60125698920287,3.7521275232965623,-8.980847778349027,0.10571188923413673,0.13384207772968548,-0.34664934416012383,0.9223586758397767,-25.368167064915777,-39.952983001361936,0.9716208648953581,68,46.50821869582641,-7.52458376574131,1.354007767291999
1789322366.3687325,TIGHTLY_COUPLED,42.60368671974052,3.728232318320826,-8.979069300493311,0.10575621499717817,0.13384593051664853,-0.3465850464401015,0.9223771980365277,-25.39325770800094,-39.952915866356975,0.9727993391237355,81,46.51001841725704,-7.543314542377555,1.3520287861350115
1789322366.491207,TIGHTLY_COUPLED,42.59473861683185,3.7181051940434813,-8.979753768287566,0.10556854117133617,0.13387003894729688,-0.34661017581682807,0.9223857554230945,-25.419373756500345,-39.95284749854965,0.9740262662646263,74,46.517808373368894,-7.564846212025371,1.351464907750932
1789322366.611864,TIGHTLY_COUPLED,42.59039093423496,3.6978571000813574,-8.979292423671064,0.10559969020153541,0.13385132394268537,-0.3465824170251519,0.9223953364567353,-25.444506993025712,-39.95278240826328,0.9752069793381095,75,46.52824632498961,-7.591231747071197,1.3501346272089734
1789322366.716862,TIGHTLY_COUPLED,42.58677023803323,3.676857355624805,-8.97883708804712,0.1056840292674622,0.13401717486842743,-0.34649639158217804,0.9223939144522852,-25.46814621568644,-39.952720684275704,0.9763167069186411,75,46.536758256790435,-7.612436321975159,1.3482904164870195
1789322366.8279252,TIGHTLY_COUPLED,42.55972322537892,3.6407289981552777,-8.980602171735406,0.1057374523774339,0.13396523850768027,-0.34642093283360587,0.9224236788650888,-25.493553658993044,-39.952653493176754,0.9775087276508007,74,46.54406252961673,-7.635219197028858,1.3464224128011482
1789322366.9382422,TIGHTLY_COUPLED,42.55304036817863,3.624166267998464,-8.980964234068749,0.10569750777926712,0.1340631439622557,-0.3463794040527346,0.9224296280629106,-25.51992651385907,-39.952558288454824,0.9787433224051972,75,46.55207470702047,-7.657670406278787,1.3444543467279775
1789322367.042767,TIGHTLY_COUPLED,42.55764912816227,3.5962307932727593,-8.979212284683639,0.10569720573585846,0.13410062091192734,-0.3461916397607513,0.9224947006516782,-25.543082518080908,-39.95236027875436,0.979823152375559,80,46.56385596158929,-7.677670215950035,1.344395243871785
1789322367.156079,TIGHTLY_COUPLED,42.55209395208778,3.584051599052296,-8.97932401609295,0.10570592496404875,0.13415882206426774,-0.3460260755292619,0.9225473553935541,-25.567925587277337,-39.95222903684539,0.9809890630796213,64,46.58238922605999,-7.69987853980786,1.345057971627775
1789322367.2608297,TIGHTLY_COUPLED,42.54733388252773,3.564072802567536,-8.978696610307928,0.10565709538017443,0.1341577245273945,-0.3457971426217764,0.9226389430866613,-25.59259086181469,-39.952163596933744,0.9821476022516851,64,46.5933139655532,-7.71914347478897,1.3440635636309437
1789322367.3749497,TIGHTLY_COUPLED,42.54339235057934,3.5443550610947536,-8.978588610474986,0.10568742110494037,0.13430426573667031,-0.34556960592699826,0.9226993988751592,-25.618019203662108,-39.95222192735672,0.9833463508405169,54,46.60599373606065,-7.743383974652384,1.3432226496067605
1789322367.482488,TIGHTLY_COUPLED,42.53180086246341,3.5254644787227307,-8.978450964155659,0.10576416972566402,0.13421014249593244,-0.34550216638010295,0.9227295546800905,-25.642575657055698,-39.95220140811397,0.984510083363437,72,46.62349628672027,-7.762689563659015,1.3423003088947592
1789322367.5884318,TIGHTLY_COUPLED,42.530878417439105,3.5088460691760344,-8.977959824601914,0.10578859973045336,0.13425183767856746,-0.34554261642865514,0.9227055415887763,-25.667168338081478,-39.95218008176968,0.9856663161119319,81,46.63372271389148,-7.783313071476388,1.341280413561605
1789322367.7001176,TIGHTLY_COUPLED,42.5238476652392,3.4894361897189476,-8.978071197926266,0.10585964180842743,0.13431774350850892,-0.34551349160606043,0.9226987087523006,-25.692789836240497,-39.952154645085095,0.9868704024120736,78,46.64607504693898,-7.805949474611158,1.3399538199296952
1789322367.8143697,TIGHTLY_COUPLED,42.52318045198669,3.4642983914196686,-8.97706773187844,0.10588497709021327,0.13430413714889713,-0.34554225598806526,0.9226870106910435,-25.717690149164465,-39.95213070027888,0.9880413747045695,83,46.65443135037274,-7.830503919178228,1.3383535043364096
1789322367.9230623,TIGHTLY_COUPLED,42.51692726600383,3.448231736989853,-8.977147956540204,0.10598017949454941,0.13433014876819732,-0.34552802552865197,0.9226776231493252,-25.74262228253949,-39.952107018523286,0.9892143388055253,73,46.66301892753972,-7.853172531932345,1.3373733368489087
1789322368.033937,TIGHTLY_COUPLED,42.515777370138224,3.4256996478778197,-8.97623328301879,0.10598622546137781,0.13433620704361765,-0.34546051887579327,0.9227013240413455,-25.767330856649213,-39.95208520401337,0.9903768483349158,82,46.67365332855017,-7.875353881857881,1.3369930792051672
1789322368.141969,TIGHTLY_COUPLED,42.512757291645244,3.4084643141827677,-8.975567835547734,0.10595375291492451,0.1342564391045544,-0.3454554725607474,0.9227185525825516,-25.792053930327217,-39.95206360966484,0.9915396944433318,81,46.68183353872435,-7.895987143009045,1.3345585569496434
1789322368.2496893,TIGHTLY_COUPLED,42.505274624066764,3.3931271728770334,-8.975327831942657,0.1059795068647975,0.13419310796806355,-0.3454323638229225,0.9227334587638372,-25.816784249003742,-39.95204266977144,0.9927026836807786,73,46.68986470906918,-7.9192221204117565,1.3327022672384436
1789322368.360394,TIGHTLY_COUPLED,42.50590064223482,3.357503550663113,-8.972641597016525,0.10597532133836145,0.1342370478877105,-0.3454173354593634,0.9227331741114423,-25.841770022717203,-39.95202172764076,0.9938775802159255,79,46.696844513481246,-7.94214317712817,1.3307072233915285
1789322368.472744,TIGHTLY_COUPLED,42.50499713090493,3.338554947745673,-8.972190331194271,0.10601087274552187,0.13420234685869012,-0.3454634381857675,0.9227168784812713,-25.86701011494059,-39.952000618129105,0.9950643322711024,89,46.701312841255216,-7.964937154631781,1.3278260668240949
1789322368.5890195,TIGHTLY_COUPLED,42.5021304090763,3.3205185227401754,-8.971448971072434,0.10603250645004302,0.13416413798491605,-0.34537542269765925,0.9227528970700115,-25.89175748377484,-39.95197972655532,0.9962278590186702,82,46.711725614824616,-7.9839197286331105,1.3282243054278966
1789322368.698344,TIGHTLY_COUPLED,42.49766987974995,3.304240063730075,-8.970953953882772,0.10606194966278389,0.1341194570462856,-0.34533532708520687,0.9227710149014715,-25.916767157177713,-39.95195908118559,0.997403967603631,80,46.72032151732225,-8.008031913427015,1.3259940240790753
1789322368.817503,TIGHTLY_COUPLED,42.49418023246829,3.2835488739471064,-8.970231358090428,0.10609141945329299,0.13415934386460673,-0.34529360533399817,0.9227774419044132,-25.942807804792153,-39.951939270297714,0.9986292707706699,71,46.731939419848814,-8.030431239107799,1.3242042815527204
1789322368.9242291,TIGHTLY_COUPLED,42.491066695826596,3.2624768621590654,-8.969495486779246,0.10605124800424047,0.13413696292676647,-0.34522628479534145,0.9228105007312889,-25.966865591478964,-39.95192149758482,0.9997605760122991,79,46.746988278612825,-8.053166326050562,1.3238277444353952
1789322369.0422301,TRANSITION,42.50170939170525,3.2484407101003208,-8.971291531058679,0.10604332733674392,0.1341545618527963,-0.34534723452176336,0.9227635958736163,-25.992440941942043,-39.9519025777459,1.0009628316113492,86,46.755280794657956,-8.073969882242746,1.3233722115890525
1789322369.1489093,TRANSITION,42.518939166895095,3.214498478476975,-8.970610534237956,0.10604902411818563,0.13420322307181567,-0.3453617724065946,0.9227504243081618,-26.017016238236785,-39.95188222666928,1.0021169895993038,80,46.76920489217142,-8.091244518603014,1.3229966986068027
1789322369.2625432,TRANSITION,42.529297166952595,3.2059986827513307,-8.972128744510675,0.10607728372461415,0.1341954088392595,-0.3453458828909844,0.9227542594289762,-26.042517856654904,-39.95180245882933,1.0033117789078592,78,46.77426789583703,-8.121381462176313,1.3200184645087267
1789322369.370805,TRANSITION,42.54163679686384,3.2037655182302123,-8.971421784716812,0.10610394464331241,0.13423143473704552,-0.3450765455806646,0.9228467112959111,-26.066666816768585,-39.95169629270181,1.004442526406145,63,46.78662383942229,-8.137624232663137,1.3195119106729818
1789322369.480574,TRANSITION,42.55420043698828,3.193430666200669,-8.973290088559747,0.10606792597553424,0.13431634323312583,-0.34501819787176125,0.9228603134586794,-26.091547226753182,-39.951656650918196,1.005614355851311,63,46.791265595662736,-8.155685254017913,1.3160794440954309
1789322369.5906067,TIGHTLY_COUPLED,42.54967598538792,3.1787747159375703,-8.973209764369948,0.10592098877491897,0.1343738372086287,-0.3449333646558434,0.9229005309121733,-26.116719140790806,-39.95170114513887,1.0067989467675043,77,46.799285384792014,-8.179279931890475,1.314145411595
1789322369.6990132,TIGHTLY_COUPLED,42.546908268200646,3.156898511553808,-8.972292773872702,0.10589037068635312,0.13438042860138918,-0.3447990449645718,0.9229532753050572,-26.141391009918507,-39.95172926001616,1.0079623380907266,80,46.81586637084414,-8.195806502117472,1.314924130403216
1789322369.8105242,TIGHTLY_COUPLED,42.53996536250754,3.1409272042150373,-8.972269583187067,0.10581513212980835,0.13442256828724886,-0.344861192854282,0.9229325482452837,-26.16674636477386,-39.95174293786657,1.0091631976643178,79,46.82488636856056,-8.217779754001265,1.313298838435708
1789322369.917748,TIGHTLY_COUPLED,42.55449742726457,3.1226345981887285,-8.96817796497406,0.10585067347989982,0.13436679232478171,-0.3448318690648255,0.9229475511216549,-26.191151767479287,-39.95175394770097,1.0103113273781914,76,46.83985609730307,-8.235963644644304,1.3132261862112902
1789322370.0296683,TIGHTLY_COUPLED,42.55225629176982,3.102777365545769,-8.967420148156313,0.10581028693615967,0.13444652286329858,-0.3447967901345812,0.9229536766172752,-26.21607770318578,-39.95176445017984,1.0114848141535444,75,46.85185587200962,-8.263023411200269,1.3120133882364768
1789322370.13803,TIGHTLY_COUPLED,42.54808883399983,3.083799118000429,-8.967126403563423,0.10578324568615896,0.13440867886885577,-0.3447420504130259,0.9229827358373793,-26.241022418369774,-39.95177453945534,1.012659305555587,72,46.86086417180917,-8.282867539847613,1.31106705534706
1789322370.2570367,TIGHTLY_COUPLED,42.54623009217948,3.062807538207043,-8.966394711381293,0.1057650244509571,0.13444043774171963,-0.3446741878293665,0.9230055430748344,-26.26698242400199,-39.95178621124718,1.0138815765759772,87,46.86155655094851,-8.309937420301777,1.308549282085419
1789322370.3616538,TIGHTLY_COUPLED,42.543657275271585,3.0465141348234486,-8.966029598369317,0.10583852593011897,0.13445676594024064,-0.3446107317741374,0.9230184332221781,-26.291198997109547,-39.951798356975814,1.0150217189984867,78,46.877439835831034,-8.329348825358275,1.3090870761429818
1789322370.4718297,TIGHTLY_COUPLED,42.53970759906396,3.031270383956819,-8.965997037084149,0.10581624475601538,0.1345281223623754,-0.3446134194392845,0.9230095870475845,-26.31566477798274,-39.951811322835574,1.0161735888696133,77,46.88591975139396,-8.349944585587396,1.308033326648211
1789322370.577495,TIGHTLY_COUPLED,42.53772653956401,3.011032369531509,-8.965352664570252,0.10579403806531033,0.13452786744379874,-0.3446510423521774,0.9229981220979906,-26.34112764183088,-39.95182496266616,1.0173722563892842,86,46.89007386047683,-8.370424817720137,1.3059305595686714
1789322370.690909,TIGHTLY_COUPLED,42.55106634147599,2.9672134208334646,-8.959602148456923,0.1058168604271468,0.1344599712379066,-0.3445744926888453,0.9230339794245216,-26.366591124741138,-39.95183869787399,1.018570955480747,86,46.89602262036057,-8.39848715634969,1.3036606163270632
1789322370.8080018,TIGHTLY_COUPLED,42.5474250954961,2.95219392965667,-8.959562080627723,0.10582662176142235,0.13452938160200323,-0.34457741121159513,0.9230216570021869,-26.39305960312021,-39.95185341887905,1.0198168502062652,72,46.900229410988295,-8.418009704912752,1.3021127290313332
1789322370.909775,TIGHTLY_COUPLED,42.54496841957775,2.9309553915983635,-8.958995912389375,0.10579478096029928,0.13450261865196828,-0.3446903044042502,0.9229870551351362,-26.41578690938859,-39.95186604271597,1.0208866251456332,82,46.913179083223966,-8.440346608178432,1.300987814460406
1789322371.0264313,TIGHTLY_COUPLED,42.541639183883134,2.9091508884165127,-8.958291618220077,0.10582465827720267,0.13447033236803144,-0.34458726161776143,0.9230268092228507,-26.441519042251503,-39.95187857943107,1.0220977524440613,73,46.91930748976092,-8.459865519191451,1.2991029835773398
1789322371.1308975,TIGHTLY_COUPLED,42.541047323562964,2.8877699569277744,-8.957260363318287,0.10576160029477925,0.1345363243429446,-0.34463684900677277,0.9230059066127695,-26.465517220662573,-39.95189061387102,1.023227384937543,69,46.93050265231475,-8.477965274198969,1.299753565902313
1789322371.2442124,TIGHTLY_COUPLED,42.540857306395814,2.8651697268786345,-8.956134683037599,0.10572278357210108,0.13455682096659244,-0.34453384288619193,0.9230458201363592,-26.49103769683768,-39.95190426577204,1.0244287588918093,64,46.946046385061855,-8.499057319972186,1.2994280084294143
1789322371.3549273,TIGHTLY_COUPLED,42.52835604551222,2.8552752941692434,-8.957538686797346,0.10559845713757249,0.1346018170935984,-0.3445016924832797,0.9230654909384391,-26.517071864314254,-39.9519178842811,1.025653681145134,59,46.9539558758648,-8.519924927625652,1.2984406807724898
1789322371.4662647,TIGHTLY_COUPLED,42.537693136823634,2.8288205271860254,-8.954043961613882,0.10563559990965368,0.13457504370902434,-0.344485067714286,0.9230713492273096,-26.54159783975045,-39.95192562312023,1.0268061460679285,58,46.96774015072936,-8.538453622000617,1.2983697469777675
1789322371.571826,TIGHTLY_COUPLED,42.53284052798773,2.8179529587615297,-8.954259791179176,0.10558593911531236,0.13455710634279475,-0.3445756237700731,0.9230458461513472,-26.566292433350352,-39.95187049081281,1.02796445924177,57,46.9728939913754,-8.56410205768119,1.296863428392839
1789322371.6792872,TIGHTLY_COUPLED,42.53397491505257,2.796511354616508,-8.952832780004373,0.10560281113161524,0.13466267971216397,-0.34432673744068865,0.9231213933482912,-26.59068803329407,-39.95184308546192,1.0291099265390409,51,46.98554659691466,-8.584457649612558,1.296371444350393
1789322371.7932243,TIGHTLY_COUPLED,42.53620411007257,2.7710655945607585,-8.951090921579398,0.10567154978782739,0.13460965437629663,-0.3443583960064124,0.9231094515895846,-26.616331000132334,-39.951859460228576,1.0303190670928708,77,46.99568510583711,-8.610227338172033,1.2949207676673973
1789322371.9015007,TIGHTLY_COUPLED,42.538083696743,2.7464612641978325,-8.949559404700741,0.1056919210883284,0.13461831705619298,-0.34438360880402097,0.9230964502784831,-26.64050789848792,-39.95193589435251,1.0314579548140819,78,47.0021653536001,-8.633407464708778,1.2936038173978686
1789322372.0114667,TIGHTLY_COUPLED,42.53313778687859,2.73793237830487,-8.949694099582299,0.10563143301212335,0.13460189430716707,-0.3443264988437566,0.9231270728359818,-26.66492778207054,-39.95196550545971,1.0326108497496804,70,47.01665411832729,-8.650855125914601,1.2931979966397364
1789322372.1228077,TIGHTLY_COUPLED,42.528737130942396,2.719571091374814,-8.949386795646626,0.10556972741497705,0.13469857042141514,-0.3442217330531134,0.9231591012787914,-26.6905683621453,-39.952001215083,1.0338239935627171,78,47.033686466638876,-8.672637334057077,1.2931038747547203
1789322372.2325642,TIGHTLY_COUPLED,42.529440339332325,2.693618805947921,-8.947933661182669,0.10564782258613385,0.1346232114485976,-0.3442119296347085,0.9231648151978201,-26.715252552529922,-39.95203427202247,1.0349868025010116,98,47.04597221434295,-8.696250136588567,1.2909199474269122
1789322372.3384604,TIGHTLY_COUPLED,42.53990155681677,2.6514737555854673,-8.942301339134717,0.10556544714711068,0.134593522498653,-0.3441034305898944,0.9232190147122734,-26.74045537012777,-39.952067113415616,1.0361744245523183,80,47.06161141310231,-8.713722685173096,1.2912204083341046
1789322372.4436562,TIGHTLY_COUPLED,42.53589025487026,2.639003105509859,-8.942584681564353,0.10556420469405256,0.13461642162446305,-0.3440583963831245,0.9232326021077298,-26.765169339079208,-39.95209972295249,1.0373386632247508,86,47.06872972051035,-8.738032591015454,1.2892965804409469
1789322372.556744,TIGHTLY_COUPLED,42.5329866590699,2.6222567559268373,-8.941863052317142,0.10534761951028133,0.1346161398627136,-0.3441031210103339,0.9232407140409954,-26.79163181299826,-39.952135042469884,1.0385852892749952,73,47.07373350406398,-8.762708841817997,1.287107610590128
1789322372.6632876,TIGHTLY_COUPLED,42.5299515598191,2.599836915159976,-8.941505514550046,0.10535964776568281,0.13468145355020406,-0.3440465148748769,0.9232509118840591,-26.81484905906748,-39.952166215338465,1.0396789852920314,83,47.09013818621034,-8.782654827972125,1.286762809110312
1789322372.7734737,TIGHTLY_COUPLED,42.52392494032152,2.5865082555683894,-8.941837240719828,0.1053216200716013,0.13463807222153346,-0.3440801726177801,0.9232490350199566,-26.840313433249932,-39.95220034379456,1.0408785122895803,84,47.09582473719116,-8.80758851696641,1.2846410181646368
1789322372.8857388,TIGHTLY_COUPLED,42.51921459461499,2.5719884084665563,-8.941725197191156,0.10527596412118576,0.134676281646809,-0.3441049719599173,0.9232394265912872,-26.864779391443815,-39.95223302980018,1.0420309864725308,78,47.114136030348305,-8.834783972812684,1.284385528410467
1789322372.9947765,TIGHTLY_COUPLED,42.51957965017525,2.549708853723079,-8.940375157781466,0.10530116783547343,0.13466706143843857,-0.3440529579678904,0.923257281980254,-26.889994631930534,-39.95226673816055,1.04321870811957,70,47.12286260175371,-8.858473707952562,1.2823174206648285
1789322373.1111863,TIGHTLY_COUPLED,42.52949572438925,2.5234309889070414,-8.936087847645448,0.10530125704043536,0.13460481357550538,-0.3439965690861768,0.9232873604057118,-26.915959096911408,-39.952301746528626,1.044441637195479,64,47.135667077655796,-8.879020914454735,1.2815003745152753
1789322373.2173615,TIGHTLY_COUPLED,42.52928808212365,2.508953938824617,-8.93554871724695,0.10526029985086731,0.1345903160555018,-0.3440916783133997,0.9232587031893355,-26.940430555027945,-39.95233473838001,1.0455941717486272,75,47.13929891205298,-8.905586073243178,1.2788674139993275
1789322373.329904,TIGHTLY_COUPLED,42.52786015637404,2.4895786988592317,-8.934787257319236,0.10519843703950213,0.1345983396971247,-0.34411608734696264,0.9232554869721821,-26.96515628566145,-39.95236801500411,1.0467586269598572,76,47.152756757719544,-8.925089955639065,1.2787104298017284
1789322373.975885,TIGHTLY_COUPLED,42.53039800931923,2.3651715591316957,-8.925955187174221,0.10530420287765944,0.1345231384621391,-0.3439742915687411,0.9233072277494527,-27.113211580334884,-39.95247880031738,1.0537240743861775,78,47.21875065166336,-9.054901283755076,1.2738233190089057
1789322373.999878,TIGHTLY_COUPLED,42.52658738851605,2.348926044727041,-8.925873178806532,0.10532624211040689,0.13458136814878974,-0.34382190765051734,0.9233529844483415,-27.118687711239225,-39.95248795468186,1.0539825393057975,78,47.21875065166336,-9.054901283755076,1.2738233190089057
1789322374.0934346,TIGHTLY_COUPLED,42.52202871749762,2.3340140199561246,-8.925458593179053,0.10525734654337973,0.13454560254226247,-0.34382747902534055,0.923363978343462,-27.13936900417053,-39.95252126569584,1.0549575852101485,80,47.20530407723774,-9.073888369889456,1.2703417684017655
1789322374.2004418,TIGHTLY_COUPLED,42.51859539197138,2.3156804483904447,-8.924909255680866,0.1052547794595159,0.13461767227465102,-0.34382064409740964,0.9233563117262619,-27.164299487975132,-39.95259896538564,1.0561331343975602,78,47.22187299547636,-9.098483716394252,1.2693065156123537
1789322374.30563,TIGHTLY_COUPLED,42.515927839134214,2.29558326667436,-8.924071695351032,0.10537026853033009,0.1345812912574663,-0.34375424094381724,0.9233731663777431,-27.189459306748553,-39.95264556723764,1.0573226478292066,82,47.236453169580734,-9.117993315597934,1.2687486468750344
1789322374.4175153,TIGHTLY_COUPLED,42.515301709769844,2.272357353043708,-8.922470831853726,0.1053741931577695,0.1345496222818276,-0.3437532257598794,0.9233777116325931,-27.214630350820666,-39.95269454980201,1.0585118703514418,75,47.244183244959146,-9.140858243513541,1.2676230366747137
1789322374.5260658,TIGHTLY_COUPLED,42.510197030008044,2.2582464063926095,-8.92214361035197,0.10525416054621921,0.13463058780545034,-0.34381724060881774,0.9233557665250205,-27.239083167673407,-39.95274126546989,1.0596645245564023,76,47.25320999089677,-9.166399397293166,1.2667189680212478
1789322374.636317,TIGHTLY_COUPLED,42.509906274795966,2.2322963955454567,-8.921122743892523,0.10532926920538958,0.13473250559099387,-0.3438286615530674,0.9233280827963902,-27.26479501398594,-39.952790458253176,1.0608762958353113,80,47.26276753105715,-9.191951522789621,1.2646504952118125
1789322374.7420805,TIGHTLY_COUPLED,42.510951538340265,2.207326446731431,-8.920155948365155,0.10537434944643831,0.13474434336409918,-0.3437872441512243,0.9233366337198067,-27.289259980108056,-39.95283711200398,1.062029278651959,87,47.276711527133095,-9.212851999537037,1.2642681268659277
1789322374.856908,TIGHTLY_COUPLED,42.50833783001349,2.1931735969491046,-8.919862749499812,0.10530218905769323,0.1347095739984709,-0.3437986812870856,0.9233456808790894,-27.31422477499804,-39.95288475603381,1.0632057781027981,76,47.289185412316805,-9.233266673503909,1.2638689195312618
1789322374.9628606,TIGHTLY_COUPLED,42.50747933981179,2.157564275426445,-8.916937402435414,0.10540770025434118,0.1346562536410045,-0.34370274012361485,0.9233771366640932,-27.33943976116756,-39.95293285000806,1.0643940649553123,76,47.294818315012115,-9.259345206172696,1.2614847532589644
1789322375.0804155,TIGHTLY_COUPLED,42.50609324343635,2.126046215749523,-8.915921030354587,0.10540999698578873,0.13478444446240603,-0.34377269523956505,0.9233321287998928,-27.364904914985548,-39.95298139803193,1.0655941337599932,82,47.30755443613905,-9.275619728787994,1.2612158256050294
1789322375.1987932,TIGHTLY_COUPLED,42.50916278205015,2.115691982899064,-8.915106505914666,0.1053825650940339,0.134804553434216,-0.343672982510005,0.9233694430943018,-27.391618788019013,-39.95303189378432,1.0668530030663645,71,47.319212235005985,-9.297096318813606,1.2601880177395748
1789322375.3105903,TIGHTLY_COUPLED,42.50915609580306,2.096703435556545,-8.914146992449826,0.1053837846927562,0.13484066953885157,-0.34366166366407724,0.9233682432755546,-27.41508730130928,-39.95307607600662,1.0679588969684632,74,47.329976006866005,-9.323787580471146,1.2583696554044528
1789322375.4152174,TIGHTLY_COUPLED,42.510436861167534,2.07306251704218,-8.912595964993297,0.10541596895367725,0.1347851309456746,-0.3436300801893357,0.9233844323761288,-27.439554794275782,-39.953121986512365,1.0691118141002611,68,47.34113704595055,-9.343794153080568,1.257277730595831
1789322375.5397782,TIGHTLY_COUPLED,42.50886990441583,2.0570256155795725,-8.911218234764453,0.10539206282367955,0.13469067566612608,-0.343699257943521,0.923375197344744,-27.468516581643808,-39.95317673844563,1.0704765272945622,85,47.35428837312637,-9.363247133053804,1.2573792668773172
1789322375.6342645,TIGHTLY_COUPLED,42.514197360858375,2.023497815320761,-8.907109563085832,0.10551147343868487,0.13455353788683416,-0.34362183847527045,0.9234103673545198,-27.489742056722886,-39.95321697643146,1.0714764153069525,82,47.36956851865392,-9.386241986771054,1.2570393052091853
1789322375.740086,TIGHTLY_COUPLED,42.50984601996156,2.011362332712153,-8.90730187131059,0.10543491809660746,0.1346156501229606,-0.343669917268989,0.9233921662827017,-27.51396868046217,-39.95326291700147,1.072617598693254,74,47.38563528616204,-9.40983611259808,1.257023096136352
1789322375.8492153,TIGHTLY_COUPLED,42.509552108072064,1.9884868998185892,-8.906253044774072,0.1054295803754169,0.13461848215920746,-0.3437523249591812,0.9233616880335528,-27.53894899006485,-39.953310446608064,1.0737939368149865,74,47.400582438273645,-9.432280205703492,1.2566568041058088
1789322375.9591396,TIGHTLY_COUPLED,42.50740066771432,1.9728116084767162,-8.90557636022131,0.10539586241704474,0.13459108457395524,-0.3437188701743207,0.9233819851094467,-27.563931111604795,-39.953355483533905,1.0749699893982323,71,47.41378103787127,-9.45711262621981,1.2556055822374586
1789322376.066464,TIGHTLY_COUPLED,42.50802833269163,1.9519871825313604,-8.904032712014255,0.10548447887719016,0.13453040976306122,-0.3436947254019576,0.9233896952510697,-27.588646763729884,-39.953385217848,1.0761325430050899,76,47.42350612314397,-9.48378091318989,1.2543476322906253
1789322376.1773005,TIGHTLY_COUPLED,42.50714973789412,1.9325364520838293,-8.90293266444303,0.10540222781733383,0.13457273307845388,-0.343535910150442,0.9234520173349807,-27.614326929250975,-39.95338010967561,1.0773398987836538,79,47.4353411590997,-9.505596634014712,1.2537281866386278
1789322376.2846642,TIGHTLY_COUPLED,42.50953477330315,1.9091295421063381,-8.901197822304663,0.10544027900212949,0.1344874274065944,-0.3435287029025104,0.9234627819872482,-27.638973460385703,-39.9534334751735,1.0785016173040178,81,47.44912721222508,-9.528446516440583,1.2525218941470964
1789322376.3960001,TIGHTLY_COUPLED,42.50798884403807,1.8944122587371008,-8.90000040027062,0.10546767488143903,0.1344424339565073,-0.3435295762963728,0.9234658801041801,-27.66390895647708,-39.95348776679895,1.0796776533507042,83,47.455898657052956,-9.554251717272155,1.2505512591353516
1789322376.497376,TIGHTLY_COUPLED,42.507815532127694,1.8726892570923939,-8.89849256575585,0.10545063653433173,0.13443226565362143,-0.3435669185012916,0.9234554140386342,-27.688595168235295,-39.95356174878439,1.0808422821637702,74,47.461306397477586,-9.578344247014103,1.247181596481171
1789322376.6047635,TIGHTLY_COUPLED,42.51169317398096,1.8613395336850016,-8.895889599154055,0.10555129774037988,0.13441144590922777,-0.3435002557662671,0.9234717434997248,-27.713508057857922,-39.95361844207381,1.0820212874884145,69,47.47046196159837,-9.602386863270693,1.2463139484789234
1789322376.7200809,TIGHTLY_COUPLED,42.50538991709149,1.8423566397130775,-8.896122913935958,0.10544292658366564,0.13445553936525806,-0.3435713172582034,0.9234512694912127,-27.739450610977187,-39.953679156170644,1.0832452716374281,63,47.4837936176195,-9.61944889509638,1.2469132027030165
1789322376.8231,TIGHTLY_COUPLED,42.50464719976774,1.8219380606797275,-8.895270245975125,0.1054160444443742,0.13447737058568793,-0.3434900994262332,0.9234813728333765,-27.763661103434,-39.95373549587979,1.0843868087203306,69,47.488507384084514,-9.647303244146846,1.244521497686364
1789322376.9342253,TIGHTLY_COUPLED,42.50694279850567,1.7966657411350124,-8.893625524936994,0.10539291090274254,0.13443608243836958,-0.3435168317348686,0.9234800812063617,-27.788624942509852,-39.95379350467098,1.0855636306684733,63,47.49948614262915,-9.671332216064775,1.2441246540686082
1789322377.041891,TIGHTLY_COUPLED,42.50817602971384,1.7766184410689907,-8.892472184496773,0.10540703803973175,0.13449547217252414,-0.3436557849339801,0.9234181207763851,-27.813839144876173,-39.95385197835787,1.0867522358170034,71,47.50812127928154,-9.694320027792935,1.2429047062969076
1789322377.1515882,TIGHTLY_COUPLED,42.50264190500445,1.7653072302234862,-8.892434787032569,0.10534291897496387,0.13448114297801173,-0.34357491811741575,0.9234576152946994,-27.838305081505155,-39.95390867691974,1.0879055688521713,69,47.51980081492724,-9.721161772977348,1.2421902453184646
1789322377.2596216,TIGHTLY_COUPLED,42.50432656791326,1.736309181100093,-8.89057023168429,0.10534037700678384,0.13449216827412389,-0.3435102644081692,0.9234803516541232,-27.86352065457139,-39.953967093024914,1.0890942362865554,66,47.52913194804339,-9.743315056357712,1.2413187919025372
1789322377.373355,TIGHTLY_COUPLED,42.50194709308396,1.7189323442485793,-8.889166758515362,0.10529149764068599,0.13442924574068082,-0.343442136290819,0.9235204261055473,-27.888736859175175,-39.95402550607589,1.0902829271006247,74,47.53583508777511,-9.766078863549525,1.2392908740291215
1789322377.4896903,TIGHTLY_COUPLED,42.488083670312314,1.7146567986230048,-8.890693857851943,0.10521787790207318,0.13434768960016416,-0.34346676504204365,0.9235315250604259,-27.914702635472512,-39.95408565291682,1.0915069399175825,68,47.54996607426975,-9.789512391196613,1.2387756330561668
1789322377.598367,TIGHTLY_COUPLED,42.483515646774904,1.6981887602210346,-8.88996098447227,0.10534850759371829,0.13428230758996415,-0.34350793568474486,0.9235108293559399,-27.9389212275092,-39.954141516146514,1.0926485287547796,67,47.56537420375108,-9.81126913472309,1.2378641338113436
1789322377.7152734,TIGHTLY_COUPLED,42.48119147792588,1.6777430749146975,-8.888575612584107,0.10536549919469759,0.13419963575335045,-0.34349627559361745,0.9235252449156082,-27.964638448289946,-39.95420029116979,1.0938606853265884,78,47.57590885299218,-9.83368103952123,1.2361983799717715
1789322377.8183074,TIGHTLY_COUPLED,42.47943673172005,1.6558567617912823,-8.887471855443476,0.10546096587222184,0.13427873617958866,-0.34355664988976287,0.9234803917809156,-27.988358495624812,-39.95425461497379,1.0949787303173353,75,47.58178579341608,-9.850759677108766,1.2354342049523948
1789322377.9349241,TIGHTLY_COUPLED,42.477493649527695,1.634012284658358,-8.886535753400024,0.10545723929391206,0.1343176752942814,-0.3434431946629961,0.9235173549120351,-28.015325916209964,-39.95431646529135,1.0962495631894604,74,47.589869035032585,-9.87487642442461,1.2328573770612448
1789322378.0337276,TIGHTLY_COUPLED,42.46876050083554,1.5931103994121765,-8.885126350815959,0.10556557215507235,0.13421224611972676,-0.3434457311067704,0.9235193624129415,-28.0390502838099,-39.954370830824715,1.0973674031612721,71,47.60280963339605,-9.896308130958774,1.2325217946357765
1789322378.1383665,TIGHTLY_COUPLED,42.46667941943179,1.5764115072033902,-8.884239074817524,0.10558399984670672,0.13418113074095006,-0.34337736008463005,0.9235472005862836,-28.06302388135962,-39.954425527271376,1.0984965731320329,67,47.608637639508615,-9.912678646205974,1.2306164403834354
1789322378.2493908,TIGHTLY_COUPLED,42.46366632331165,1.5628491038994383,-8.883411874344018,0.1056168557974585,0.13411460738490194,-0.34330850563444226,0.923578703639543,-28.088242319902747,-39.95448052688346,1.0996837640488426,67,47.62113637645657,-9.935939947098337,1.2298615713657128
1789322379.1252484,TIGHTLY_COUPLED,42.463012360949094,1.5411414190492123,-8.882129788508355,0.10557692753944091,0.1341996899892538,-0.3432578109698998,0.9235897524259743,-28.287740027371136,-39.9549351615788,1.1090925002949632,77,47.705327696876324,-10.124634118428155,1.2205144870062923
1789322379.606163,TIGHTLY_COUPLED,42.45396818501358,1.4007427632052536,-8.876344266507486,0.10566677823640766,0.13452144964585772,-0.3428571743537464,0.9236814762440998,-28.396089176929337,-39.955219269944564,1.114201215654505,79,47.752329555517505,-10.216088178926428,1.2168166788732249
1789322379.6330593,TIGHTLY_COUPLED,42.45096798039633,1.38669972121065,-8.875755045891287,0.10567696458279721,0.13443278525728541,-0.342834128861522,0.9237017730264981,-28.402330859823255,-39.95523562955949,1.1144955127916671,79,47.752329555517505,-10.216088178926428,1.2168166788732249
1789322379.7055738,TIGHTLY_COUPLED,42.44512116216017,1.3229645900026397,-8.871934391818284,0.10566033045434062,0.13440450487409927,-0.3427808710149608,0.9237275562112742,-28.417560718434814,-39.95527554785587,1.1152136023303123,71,47.76881157929816,-10.240447781661974,1.2173299370481738
1789322379.73362,TIGHTLY_COUPLED,42.444871178670454,1.3000438167929929,-8.87107166341252,0.10561019595523716,0.13434128678929613,-0.3427092873815207,0.9237690455501,-28.424801217323285,-39.95529452639873,1.115554991476185,71,47.76881157929816,-10.240447781661974,1.2173299370481738
1789322379.7588742,TIGHTLY_COUPLED,42.43889114758589,1.2899696083538883,-8.870951012324385,0.10564965203562621,0.13440365644569116,-0.3426824515846168,0.923765416940219,-28.43054371325568,-39.95530957843468,1.115825749124729,71,47.75358185247637,-10.26049586824579,1.2128551713614104
1789322379.8307495,TIGHTLY_COUPLED,42.436194713243744,1.266485257514131,-8.869923574757074,0.10575638582547185,0.13443694385536556,-0.3426308522011254,0.9237675000257878,-28.44727199954165,-39.95535342881273,1.1166144819992692,70,47.75358185247637,-10.26049586824579,1.2128551713614104
1789322379.8991747,TIGHTLY_COUPLED,42.43716621589029,1.2370646468781326,-8.868198046795325,0.10581248747395905,0.13442938345166766,-0.34258014120139696,0.923780983357965,-28.46250239056343,-39.95539335722881,1.1173325853168141,85,47.761032815570594,-10.28591917787359,1.209951647321793
1789322380.0107563,TIGHTLY_COUPLED,42.430805123727936,1.2328217728939408,-8.868535050248479,0.10576349627007635,0.13442976609133275,-0.3425436419723288,0.9238000726291876,-28.487470512922776,-39.95545879917437,1.118509772940168,73,47.77545343570512,-10.308193730028087,1.2096268015198812
1789322380.1288202,TIGHTLY_COUPLED,42.42480285884775,1.2175340444801264,-8.868341120432422,0.10576924057559729,0.13446209583376423,-0.34252960840138175,0.923799913347284,-28.514686244386542,-39.95552950750055,1.1197928378063868,68,47.79132508238626,-10.333929407916926,1.2084013104299172
1789322380.2323885,TIGHTLY_COUPLED,42.43245350615473,1.1833025221801428,-8.86633447781547,0.10586431174809909,0.1344931728163721,-0.3424939874939771,0.923797706478189,-28.537408364285316,-39.95558822293211,1.120864029616583,73,47.80567849976827,-10.356392919060802,1.20748757167612
1789322380.3392859,TIGHTLY_COUPLED,42.424311985973034,1.1779718869605493,-8.866770278247605,0.10578034464651112,0.13447633798264838,-0.3425041918172194,0.9238059925097235,-28.562628509721158,-39.95565338713507,1.1220524606448155,67,47.81073494780473,-10.380867614995216,1.2054394608954613
1789322380.4496446,TIGHTLY_COUPLED,42.42388427499521,1.1533765898686568,-8.865722970128235,0.10584568736639349,0.1345378583231784,-0.3424827637614831,0.923797494946833,-28.58734757816423,-39.955717107334614,1.1232168713864161,69,47.826299757575256,-10.403267003101336,1.203810867690772
1789322380.5607953,TIGHTLY_COUPLED,42.4363507137621,1.1242316416140234,-8.863252364467844,0.10579652948565087,0.1345972299537317,-0.34235252861371385,0.9238427497087209,-28.61330404526887,-39.95577951833925,1.1244386721759239,65,47.83304865278514,-10.420459519286405,1.2031978937744612
1789322380.671044,TIGHTLY_COUPLED,42.436334040414394,1.1061338006277626,-8.86244078889351,0.10575037402071553,0.13458503743694114,-0.3424066979243688,0.923829735021073,-28.637245495710516,-39.95581425188924,1.1255654636397046,77,47.83798085689849,-10.440328572369893,1.2012002082290314
1789322380.7858346,TIGHTLY_COUPLED,42.43411287315794,1.0920628554885454,-8.86155682140745,0.10574882308780528,0.13450826486770515,-0.3422999451062589,0.9238806528324292,-28.663412050088485,-39.95586786774597,1.1267980551284225,68,47.840889473171956,-10.465219125154476,1.1990364263110467
1789322380.891629,TIGHTLY_COUPLED,42.44389888351731,1.050773426855318,-8.858253027834976,0.10580979436645972,0.13458593632390706,-0.3421860524899128,0.9239045506118668,-28.687337193692812,-39.95593503757437,1.1279274684850504,64,47.850023466125165,-10.486798074959887,1.1980855755130755
1789322381.002547,TIGHTLY_COUPLED,42.439110614958615,1.0327342987706607,-8.858033369975637,0.10586301821707267,0.13454793814983504,-0.3421765523635861,0.9239075065861138,-28.712033020306876,-39.95600874372309,1.1290921736647614,64,47.85750330662755,-10.513987944189687,1.1954963320740521
1789322381.1139147,TIGHTLY_COUPLED,42.43712921169326,1.0177127481324,-8.857231160377538,0.10586475177528143,0.13453947536745575,-0.34205189360569543,0.9239546990952348,-28.736709003205892,-39.95607830955774,1.1302581599947956,76,47.8706416126568,-10.536122582316702,1.1948150301883793
1789322381.2210305,TIGHTLY_COUPLED,42.433948503896964,0.9998279387223385,-8.85631909474934,0.10579484837349595,0.1344984870871335,-0.3420312815157574,0.9239763035346685,-28.762140192720317,-39.95615004895274,1.1314608134766115,73,47.88340126513625,-10.56022833077495,1.194426680636812
1789322381.331156,TIGHTLY_COUPLED,42.438070231871144,0.9637463792009999,-8.853955045472317,0.10583443742676982,0.13449475891292348,-0.3419780288387495,0.9239920234888812,-28.787100769317536,-39.956221501643036,1.132637914161911,76,47.894609557713956,-10.580580856967718,1.1932340142802185
1789322381.4394596,TIGHTLY_COUPLED,42.433483976259495,0.957134048092873,-8.854035017694855,0.1058689624870062,0.13451462199200417,-0.34198379127096085,0.9239830440869643,-28.81156519179708,-39.95629154321982,1.1337916217827766,71,47.90249417325569,-10.604321248091534,1.1910797775846171
1789322381.5535798,TIGHTLY_COUPLED,42.43204818402841,0.9349683108729783,-8.85287302045647,0.10580480965022382,0.13447217582992002,-0.341966806141802,0.9240028569650758,-28.838027425911786,-39.956367230523874,1.1350395583036492,76,47.913360691709904,-10.625241041412254,1.1892011738815482
1789322381.6601312,TIGHTLY_COUPLED,42.43068113230532,0.9135090704800443,-8.851672461153784,0.10584208978523209,0.1344645731437205,-0.3418460378179013,0.9240443804425055,-28.861993973361155,-39.95643572078502,1.1361697906815886,72,47.93026886951627,-10.645319511849927,1.1895520954214756
1789322381.771712,TIGHTLY_COUPLED,42.43814706860451,0.8949653231408153,-8.84917744182514,0.10577996500755774,0.1344936454036342,-0.3418232345840262,0.9240556988880894,-28.887209542982255,-39.956507766805714,1.1373589260310402,72,47.942422387925,-10.67323689887215,1.1883191753883586
1789322381.8806782,TIGHTLY_COUPLED,42.432212222837485,0.880795089267189,-8.848860150604093,0.10579166659260411,0.1344441314198146,-0.34182595375995745,0.9240605586986312,-28.91192652104535,-39.95657837691522,1.138524543254768,65,47.95677839881911,-10.697688913721123,1.1884515652682297
1789322382.0028124,TIGHTLY_COUPLED,42.43214897855603,0.8556741885251657,-8.847409285125373,0.10580908250653655,0.13443738029438598,-0.3418045934242857,0.9240674481620736,-28.937892573206693,-39.956652548639575,1.1397490563577797,57,47.96821241086101,-10.71668085225088,1.188033048451844
1789322382.1072743,TIGHTLY_COUPLED,42.43013101455397,0.8161744113077302,-8.845848290292068,0.10576176058206964,0.1345797821912229,-0.3417546425960979,0.9240706122845579,-28.9616122224405,-39.95672028779637,1.140867603036058,54,47.979070835927565,-10.737575017703787,1.1876918772646536
1789322382.2216594,TIGHTLY_COUPLED,42.43038941964837,0.7905796761444838,-8.844393041516287,0.10580223185621254,0.13460101474699282,-0.3417397749572782,0.924068385334913,-28.988079025147055,-39.956795874921085,1.1421156774836578,54,47.98606003605614,-10.76611094032853,1.1859440466966014
1789322382.3313954,TIGHTLY_COUPLED,42.434963834488876,0.7537459490343852,-8.84272266854414,0.10576891652999745,0.13471664718676235,-0.3417591531623828,0.9240481819129125,-29.01304808762568,-39.95686719385031,1.143293101841049,50,47.99822139153444,-10.784939757900078,1.185697967289304
1789322382.434889,TIGHTLY_COUPLED,42.43481577825079,0.7321554827515534,-8.841836438499655,0.10578713433069736,0.13464134338734582,-0.34173731303723753,0.9240651490771845,-29.036269460438724,-39.956933172665316,1.14438804750422,52,48.011214533455366,-10.810128820599834,1.1854282660627449
1789322382.5462096,TIGHTLY_COUPLED,42.43250267493637,0.7248661798591224,-8.841510049620581,0.10579130173254132,0.13463954256000674,-0.34169109991042346,0.9240820235774374,-29.061738652068602,-39.95700510879225,1.145588903465117,47,48.0221051065939,-10.832316421948663,1.1849426787864519
1789322382.6551394,TIGHTLY_COUPLED,42.43177132282547,0.7012813490129329,-8.840140890932066,0.10584024652897495,0.1345713031469951,-0.3416294673474268,0.9241091459475547,-29.08645859414383,-39.95707481427081,1.1467540545972206,45,48.03130394104583,-10.854177389558162,1.1833012547250972
1789322382.7731042,TIGHTLY_COUPLED,42.429986215202106,0.6790635065791908,-8.838679895426994,0.10583003332833903,0.13450315796826293,-0.3416199536881204,0.9241237535008034,-29.112174590022953,-39.95714723181862,1.1479656137015526,43,48.039112882589016,-10.881527624921773,1.1821192438057815
1789322382.8899577,TIGHTLY_COUPLED,42.43070564423569,0.6532877080998759,-8.83687297220001,0.10593824625838495,0.13451849061388035,-0.3416159996125583,0.9241105845467705,-29.13712685130147,-39.957212556895236,1.1491401957590635,45,48.052052277133505,-10.90109401233269,1.1822195740982406
1789322383.0030954,TIGHTLY_COUPLED,42.42877674325701,0.6370091462304518,-8.836063012160363,0.10584106609069084,0.1344873506894034,-0.3415896278919902,0.9241360004620225,-29.162066492865936,-39.957253199365134,1.150314512061745,43,48.06002606389817,-10.928499563001074,1.179497146585141
1789322383.1198823,TIGHTLY_COUPLED,42.438249487852055,0.6183560473162564,-8.833869808649403,0.10580640436125043,0.13459190894385054,-0.34151920294831156,0.9241507760428186,-29.188230835219933,-39.95732756937655,1.1515481549207682,44,48.0683196900141,-10.949223521074405,1.1789997120039166
1789322383.2297847,TIGHTLY_COUPLED,42.43255020535662,0.602137922127027,-8.833189124203544,0.10584239483038745,0.13445226373972227,-0.3414988900024919,0.9241744880480626,-29.211668099651803,-39.95739779562723,1.152654447722119,76,48.080768594663894,-10.970552387086835,1.1790310665786272
1789322383.3504646,TIGHTLY_COUPLED,42.432105187371306,0.5808506778029282,-8.83169640235003,0.10591564033222807,0.1345281330909654,-0.34145753611798974,0.9241703357976306,-29.237357909433985,-39.95747566056278,1.1538661940175812,68,48.088856762240624,-10.997878597915431,1.1765763789909751
1789322383.462486,TIGHTLY_COUPLED,42.431736987703346,0.5586668372246392,-8.830283306643542,0.10590974248005337,0.13447025632846304,-0.3415528073641997,0.9241442292155485,-29.26178148815589,-39.95754915983584,1.1550214387465418,76,48.09768379447799,-11.025877830096434,1.1747228842413728
1789322383.5761464,TIGHTLY_COUPLED,42.43546661765534,0.5264047663973384,-8.828005126053082,0.1059416316619352,0.13451842885461834,-0.34155122363354334,0.9241341486027455,-29.286727273351254,-39.957624106991624,1.1561998438814802,76,48.108798122402334,-11.04297698183368,1.1739884318385365
1789322383.6891556,TIGHTLY_COUPLED,42.430824453646245,0.519414970088269,-8.828321335047608,0.10591838558271903,0.13464073989041214,-0.3414971671051184,0.9241389785181079,-29.31169060151818,-39.95769988065889,1.157377168264257,71,48.120110924052675,-11.067584840555533,1.1723637431013942
1789322383.8047516,TIGHTLY_COUPLED,42.4297715776886,0.4969477721199394,-8.82759742394857,0.10591665584663428,0.1347287223962952,-0.34145733323622274,0.9241410730808012,-29.336404899882506,-39.95777489841787,1.1585427932718106,67,48.13561988832369,-11.090092629878763,1.1714062602771942
1789322383.9255717,TIGHTLY_COUPLED,42.44399942023407,0.46199553068649357,-8.825066698135236,0.10574776137343343,0.13481272560829585,-0.3413716426225583,0.9241798210260523,-29.362118444453177,-39.957852877956384,1.1597555578414525,53,48.1495580410888,-11.113941671928819,1.1707053483856895
1789322384.0437305,TIGHTLY_COUPLED,42.445998666403185,0.43518334578141643,-8.823382508145967,0.1057077615334412,0.13485930624076856,-0.34140527448296165,0.9241651774585868,-29.387083801417894,-39.957928562676216,1.1609330406401241,53,48.160763313970406,-11.131656041556234,1.1703310629178163
1789322384.1637683,TIGHTLY_COUPLED,42.44246379912222,0.4280698148997897,-8.823275268094106,0.10575809632125684,0.13489207997068856,-0.3413798917902178,0.9241640121239219,-29.412049912011856,-39.95800423803491,1.162110557375108,50,48.16564986967853,-11.156528314133144,1.1678717427966627
1789322384.304057,TIGHTLY_COUPLED,42.44802267236497,0.37311086672975863,-8.81933237556338,0.10579001756056526,0.13491057137969684,-0.34127974914264586,0.924194645483121,-29.43976315006241,-39.958088237190005,1.163417635085334,46,48.18171246664227,-11.176563265225504,1.16767532856981
1789322384.4408832,TIGHTLY_COUPLED,42.447120487117914,0.35525984721272985,-8.818643526862704,0.10578499900500167,0.13495078197754234,-0.3413031510877986,0.9241807071599694,-29.467477235486275,-39.958172240914344,1.1647247437802064,47,48.189053656058775,-11.200440634859126,1.1654890872504495
1789322384.5528712,TIGHTLY_COUPLED,42.45241466713745,0.329390630760624,-8.817378394974803,0.10574128230116145,0.13496113812329727,-0.3412334006106814,0.9242099538099775,-29.492695212392988,-39.95824868621126,1.1659141153712829,70,48.20592687553561,-11.221089435907487,1.1668059111136337
1789322385.0822706,TIGHTLY_COUPLED,42.44872757363341,0.3075486477130349,-8.81668107373522,0.10563776447570203,0.13502157929091177,-0.341194453656166,0.9242273425065038,-29.606805243154422,-39.95859276578658,1.1712951551584123,74,48.276224147584166,-11.34359015813177,1.1622950339634517
1789322385.2321765,TIGHTLY_COUPLED,42.44363073498472,0.21557893361653183,-8.8123149540993,0.10566994708315447,0.1349318564125656,-0.3410673516905965,0.9242836783256887,-29.636762639879286,-39.95868200096144,1.172706603031424,77,48.280999282102634,-11.373125357130963,1.1590059893882585
1789322385.2716846,TIGHTLY_COUPLED,42.45295159129562,0.20088526624410508,-8.811558109069065,0.10559853969029746,0.1350343338084618,-0.3409798963285246,0.9243091406060909,-29.645995885756854,-39.95870835313747,1.1731413232820653,77,48.280999282102634,-11.373125357130963,1.1590059893882585
1789322385.3135514,TIGHTLY_COUPLED,42.45109924910462,0.18536566424253093,-8.810807142518284,0.10562623819649929,0.13500923642716983,-0.34102511994049933,0.9242929575915728,-29.6564731296802,-39.958737882759664,1.1736344455991656,76,48.280999282102634,-11.373125357130963,1.1590059893882585
1789322385.431845,TIGHTLY_COUPLED,42.44940590464603,0.17113161312992653,-8.810224733511083,0.10564803722811038,0.13508914751217413,-0.34098177182838657,0.924294782921042,-29.682162805919848,-39.958786856248004,1.174844477588918,74,48.28537917010327,-11.387830003452661,1.1586218181285732
1789322385.5231662,TIGHTLY_COUPLED,42.44914101283931,0.14763984160220495,-8.80899323067246,0.1055979819983215,0.1350550969231763,-0.34087122141772996,0.9243462540639944,-29.701101075702272,-39.95884599542356,1.1757373030667446,84,48.29866852927387,-11.414208631125888,1.1570811024395151
1789322385.637186,TIGHTLY_COUPLED,42.44353850212619,0.13811396142573668,-8.808861392909817,0.10556040064948154,0.13502646548206215,-0.34085100532461043,0.9243621842131714,-29.726779482372628,-39.958927004161765,1.1769494948151138,76,48.314257591616595,-11.4391291793133,1.1571364556596075
1789322385.7835345,TIGHTLY_COUPLED,42.44609371926139,0.11158804441210608,-8.807028195137656,0.10554526662068395,0.13499266013674913,-0.34087203891683204,0.9243610936684077,-29.758204361879432,-39.95902569059531,1.1784321081705091,74,48.32368078793324,-11.456604389117498,1.155830507085751
1789322385.9067256,TIGHTLY_COUPLED,42.44956984154743,0.08061203646966283,-8.804864607533105,0.10554908856944617,0.13496258887837134,-0.3408929465069197,0.9243573381151022,-29.782378885990813,-39.95910188700022,1.1795759431472361,74,48.330440412047025,-11.485784046752352,1.153297156186941
1789322386.0194414,TIGHTLY_COUPLED,42.45464266475815,0.06714116649095332,-8.803642635155468,0.10555252452012424,0.13497200335393847,-0.340890466670998,0.9243564856757821,-29.8065809423981,-39.9591781363267,1.180718782756169,74,48.34434692274454,-11.505820081483087,1.1529222021583325
1789322386.1561475,TIGHTLY_COUPLED,42.44842148559454,0.05002706834139592,-8.803291384867915,0.1055217858433651,0.1350356952128271,-0.3408950901631331,0.924348987792752,-29.833291927559088,-39.9592630427332,1.1819786627874873,76,48.35637540687075,-11.522264187086835,1.153093887986265
1789322386.2669125,TIGHTLY_COUPLED,42.45106033494832,0.020903463166700137,-8.801367030116422,0.1054515444746808,0.13501332813425415,-0.3408590143575122,0.9243735745494036,-29.856258758925154,-39.95933605597884,1.18306200123138,79,48.36557773409659,-11.548776982249732,1.1504197251549455
1789322386.3394818,TIGHTLY_COUPLED,42.452385076797995,0.002210472354471072,-8.799816451537437,0.10550518536968224,0.13495520381503898,-0.3408481856747776,0.9243799344130976,-29.867243077962254,-39.959370958982355,1.1835801318539805,76,48.37569000186684,-11.574401831742408,1.1489097440518374
1789322386.4717252,TIGHTLY_COUPLED,42.45256532107472,-0.01674061309398528,-8.798114851244726,0.10549299823955482,0.13488309034372642,-0.3408691092775085,0.9243841353042108,-29.89320660251918,-39.95945342569437,1.1848048350193323,68,48.37569000186684,-11.574401831742408,1.1489097440518374
1789322386.6120925,TIGHTLY_COUPLED,42.4554914538663,-0.047823177512237774,-8.79596812039609,0.10543958510283889,0.13495234969484474,-0.3408236346918941,0.924396888376734,-29.919420731043427,-39.959536651121596,1.1860413525723823,80,48.38450524901615,-11.598280881011233,1.1474762617988759
1789322386.7425177,TIGHTLY_COUPLED,42.468823789194,-0.053155837749983254,-8.794060454663509,0.10543463274262091,0.13503251179343964,-0.34073610843887964,0.9244180133376413,-29.945386163849573,-39.95961906364569,1.1872661267255187,75,48.412743475463344,-11.64548764769147,1.1459790184322927
1789322386.8674092,TIGHTLY_COUPLED,42.46473047697036,-0.07169180726999615,-8.793305482521356,0.10543414764156879,0.13507485074395056,-0.34074213688963284,0.9244096610028921,-29.968106661182556,-39.959691174558074,1.1883378334436903,72,48.425745306879215,-11.666231776210722,1.1453526427101899
1789322386.997315,TIGHTLY_COUPLED,42.465444376189836,-0.09306888063160315,-8.792122671950422,0.10550747435436977,0.13515694455355315,-0.3407710073650039,0.9243786527899431,-29.995322159125635,-39.95977755438747,1.1896215555330416,74,48.44228720827817,-11.686911177260942,1.145719376557742
1789322387.1104066,TIGHTLY_COUPLED,42.4677219838291,-0.11874134527316466,-8.790694617112234,0.10551599060956156,0.13511820364851246,-0.34079190038910534,0.9243756419322526,-30.01679551373759,-39.959845705771066,1.1906344077790294,73,48.44228720827817,-11.686911177260942,1.145719376557742
1789322387.2369974,TIGHTLY_COUPLED,42.468773744523936,-0.1378018969189942,-8.789747630749101,0.1055306083286937,0.1351601492546458,-0.3408211577326394,0.9243570539575175,-30.04151537316748,-39.95992415796547,1.1918003636996337,80,48.44964979645918,-11.712574854912688,1.1429604214238072
1789322387.3568678,TIGHTLY_COUPLED,42.4707552571729,-0.1605486874705313,-8.788197264475448,0.1055121028795887,0.1351285827795003,-0.340844971363418,0.9243550009375194,-30.065736128936514,-39.96000103323471,1.1929427541709001,69,48.45338876159628,-11.735816386341433,1.1410996904959518
1789322387.4816594,TIGHTLY_COUPLED,42.47854992175981,-0.17462211750673204,-8.786421343373503,0.1055655740632907,0.13508930637222294,-0.3408101060892605,0.9243674921068928,-30.090456210573116,-39.96007910181622,1.1941085875591553,66,48.464360415069905,-11.75545576320027,1.1403918587532798
1789322387.6079545,TIGHTLY_COUPLED,42.47421802882166,-0.19131153333332312,-8.785797173345077,0.1054170095357814,0.1351153284739358,-0.3408131387183468,0.9243795251891198,-30.11592592172223,-39.960159153415816,1.1953096581939717,61,48.47372005909732,-11.780038458342283,1.1396014993450403
1789322387.7342713,TIGHTLY_COUPLED,42.47702888697619,-0.21766174823477885,-8.783998640129264,0.10543188320162926,0.13510534351147938,-0.34085317622197364,0.9243645257248871,-30.140894565978233,-39.96023734603436,1.1964866660276912,71,48.48362471622355,-11.828664165833917,1.1346904073726551
1789322387.8539035,TIGHTLY_COUPLED,42.48018879565103,-0.24915824326658184,-8.781807742699375,0.10547265324007199,0.13510093634058726,-0.3408384559544211,0.9243659466688517,-30.16635306928266,-39.96031588914327,1.1976858782826925,77,48.492004719612055,-11.856898590697071,1.132032086304846
1789322387.9462898,TIGHTLY_COUPLED,42.478040481115926,-0.26515814166094126,-8.781058866070339,0.10553863948181919,0.13511362828372717,-0.34083063023303495,0.9243594455206728,-30.18655730565027,-39.96037045168654,1.1986372719527312,77,48.50105486106533,-11.881419840522113,1.1306255636631255
1789322388.0621328,TIGHTLY_COUPLED,42.47546096360239,-0.2799583616205187,-8.780433782839847,0.10557634683077019,0.13516333317483853,-0.3408126917251784,0.9243544869334357,-30.21124265569982,-39.96043237500604,1.199800511988828,71,48.516886349768264,-11.90333337061165,1.1306726665231879
1789322388.1727738,TIGHTLY_COUPLED,42.4790184926095,-0.2921277115006141,-8.778823459065743,0.10557141020880745,0.13513352029182224,-0.3408041992985993,0.9243625407709382,-30.236418360263432,-39.960515309483746,1.200988950945743,70,48.529907010838556,-11.92225717889138,1.1303403116812951
1789322388.2900093,TIGHTLY_COUPLED,42.479129706249076,-0.3138348697021729,-8.77732096108663,0.10551299534489347,0.1350985665663137,-0.3407630741132188,0.9243894809256457,-30.262111395138852,-39.96059824936183,1.2022009690109279,61,48.53783944524415,-11.953288542470254,1.1279608940365036
1789322388.4031181,TIGHTLY_COUPLED,42.480512718833694,-0.3332906255098005,-8.77602199247037,0.105444417367329,0.1351627284211908,-0.3407843376255061,0.9243800879080797,-30.286542036639958,-39.960678661771745,1.2033551382451002,69,48.54466261207093,-11.978247359450153,1.1262260642615642
1789322388.5277965,TIGHTLY_COUPLED,42.47965886828069,-0.3487115868755308,-8.775299894152656,0.10540475703962104,0.1351649436746705,-0.34076407516607926,0.9243917569250867,-30.313470150644758,-39.96076663402944,1.2046287546492616,70,48.557424945544994,-11.996336333015613,1.1267524122799266
1789322388.6494346,TIGHTLY_COUPLED,42.481003839771695,-0.3722036132576753,-8.773894571430244,0.10530780240859111,0.13520027205536236,-0.3408242495415802,0.9243754562473236,-30.33993048290814,-39.96085370372536,1.2058769595386125,75,48.57030348835652,-12.015686828355507,1.1256147841125395
1789322388.7501163,TIGHTLY_COUPLED,42.48505850635783,-0.40100023967458304,-8.771742997738412,0.10536100427976441,0.13515477115792035,-0.3408518210086196,0.9243658814157506,-30.361898596622744,-39.96092617999217,1.2069132602768862,75,48.57738166298373,-12.036146253874733,1.1242315154872453
1789322388.8846943,TIGHTLY_COUPLED,42.49382011852578,-0.43462933025153605,-8.768091186714726,0.10547063256102768,0.1351662518687078,-0.3408540375842816,0.9243508830987478,-30.38836076824447,-39.96101342020401,1.2081615748798602,74,48.585635671201764,-12.057482275752735,1.1226474098228019
1789322389.0036297,TIGHTLY_COUPLED,42.49148407982976,-0.4467862830377593,-8.767827617576295,0.10534052083383706,0.1352047371230936,-0.3407579600515188,0.9243955140476714,-30.413575486891148,-39.96109649800465,1.2093510432816845,70,48.59268951655144,-12.082465733359497,1.120929042412256
1789322389.1209834,TIGHTLY_COUPLED,42.501031957231305,-0.49647072417846516,-8.763802460486419,0.10544823970272037,0.13533570498109856,-0.34078581229936383,0.9243537990598241,-30.438291687077612,-39.96117791323754,1.2105169951511128,67,48.60139864151659,-12.107824899392304,1.1196850786787558
1789322389.2453413,TIGHTLY_COUPLED,42.49281381988916,-0.5044884337382365,-8.764171288104194,0.10551736998808618,0.1353615577712418,-0.3407277822455437,0.9243635170832811,-30.465755075401198,-39.96126836998741,1.211812538177473,60,48.617732797265674,-12.124113949274516,1.120813764847895
1789322389.352869,TIGHTLY_COUPLED,42.49348955814062,-0.5409875724378813,-8.761883613773033,0.10558452534528563,0.13538365709359443,-0.34067789119173914,0.9243710011963402,-30.488225850427504,-39.96134238232234,1.2128725571138375,78,48.63151396402759,-12.14778692057721,1.1200727835214288
1789322389.4697464,TIGHTLY_COUPLED,42.49138905868441,-0.5612169446844247,-8.75932113485013,0.1056508847158173,0.13529905375783222,-0.34056615060389545,0.9244169804118947,-30.513693475378812,-39.96142627007344,1.2140739389933937,73,48.64284548301256,-12.170275165335896,1.1188368989818467
1789322389.5831244,TIGHTLY_COUPLED,42.492305991967974,-0.5772310744569855,-8.758332041546076,0.1055749088212432,0.13530821370837634,-0.3405450594242193,0.924432089681113,-30.53841273374447,-39.96150770079221,1.2152400076273269,78,48.65351643915522,-12.193612170489006,1.1177099396287844
1789322390.3122497,TIGHTLY_COUPLED,42.49319335206271,-0.5968740116239261,-8.757243780459854,0.1055975622763943,0.1353127242677773,-0.34052522188004253,0.9244361496372063,-30.698444996905437,-39.962027448742816,1.2227852721844628,73,48.71051320464394,-12.32560833632261,1.1103118775710379
1789322390.7689466,TIGHTLY_COUPLED,42.49487898656276,-0.7382064954049845,-8.748354186530571,0.1056083256130216,0.13513319955272005,-0.3403963589116319,0.9245086364007435,-30.796942706236575,-39.96233699557567,1.2274319973531693,68,48.75992470038788,-12.41450272886028,1.1065211807066675
1789322390.8024943,TIGHTLY_COUPLED,42.49034649853446,-0.7513466655308448,-8.747995896109725,0.10562769978963994,0.13517357366860322,-0.3403410966484623,0.9245208661522629,-30.804419548482763,-39.96236227391456,1.2277856373322336,68,48.75992470038788,-12.41450272886028,1.1065211807066675
1789322390.834537,TIGHTLY_COUPLED,42.49247072325955,-0.7842445429182194,-8.745762696390587,0.10569829483332376,0.13512322568014543,-0.3402549571837955,0.9245518635874214,-30.809154722398592,-39.96237826446931,1.2280097479681278,80,48.77421996065134,-12.442117973027193,1.1059719952893048
1789322390.8667884,TIGHTLY_COUPLED,42.49230711975219,-0.8032355983426385,-8.744448434305426,0.10573224225599653,0.13510975501290534,-0.3402243035926827,0.9245612312295741,-30.816881486558124,-39.96240437407384,1.2283755366385034,80,48.77421996065134,-12.442117973027193,1.1059719952893048
1789322390.9066365,TIGHTLY_COUPLED,42.490245735812714,-0.8157597688252984,-8.743703645402508,0.10570969176320076,0.13511244938930583,-0.34025725387151445,0.9245512902349805,-30.826607174736548,-39.96243720845344,1.2288354463622504,80,48.77421996065134,-12.442117973027193,1.1059719952893048
1789322390.9641159,TIGHTLY_COUPLED,42.49283712112777,-0.865690081157945,-8.740002877782915,0.10583250445292558,0.13510061602072823,-0.34026091570116657,0.9245376216240445,-30.837838204892254,-39.96247516620963,1.2293654848812454,78,48.75937033199623,-12.462944137970942,1.1012601291764228
1789322391.0825703,TIGHTLY_COUPLED,42.48866968686249,-0.8737849604951787,-8.740189250350362,0.10573191665689669,0.1351489789826959,-0.34023384740960166,0.9245520236075707,-30.86330087165518,-39.96256181441584,1.2305666552549206,81,48.77816441652764,-12.487234416845808,1.1009663034451094
1789322391.1978037,TIGHTLY_COUPLED,42.48868207737273,-0.8975756963303226,-8.73864047317123,0.10563598369147904,0.13508380437489118,-0.3401756082530689,0.9245939434664249,-30.88876389490673,-39.96264852743538,1.2317679240716266,75,48.80002940339998,-12.511235451245586,1.1022080737985531
1789322391.3155508,TIGHTLY_COUPLED,42.49157735507742,-0.9473066151290227,-8.734733837598117,0.10568005969854254,0.13503063085758227,-0.34024759996270415,0.9245701836161145,-30.9127297329166,-39.962730084380624,1.232898573923366,69,48.81295030864468,-12.530038491012585,1.101905336001393
1789322391.4545155,TIGHTLY_COUPLED,42.49310136413652,-0.9726382003088706,-8.733278985562599,0.1056476773908985,0.13512550144217175,-0.34025500669031095,0.9245572981400813,-30.94168954581115,-39.962828606352524,1.2342648335288067,65,48.82381899005999,-12.55087075917205,1.10160925405888
1789322391.5724092,TIGHTLY_COUPLED,42.49009946383765,-1.016236738049004,-8.731248133303101,0.10566127676183479,0.1350481173338326,-0.3402260731216273,0.9245776980686282,-30.967404939330624,-39.96291607930345,1.2354780293374108,64,48.83522953417517,-12.571185549634583,1.1013737446197271
1789322391.6632283,TIGHTLY_COUPLED,42.49259781038225,-1.0435507182752874,-8.729463441560837,0.10563468460483671,0.13500966351773241,-0.3402325703846919,0.9245839616901707,-30.986879409689433,-39.96298231239282,1.2363967837760854,60,48.84414301177827,-12.595961272877393,1.1001210688442078
1789322391.7630847,TIGHTLY_COUPLED,42.486423384686915,-1.0493111034493607,-8.729843665216746,0.10560521664589564,0.1350797260613569,-0.3402560333737317,0.9245684601894747,-31.009849980012426,-39.963060425288674,1.2374804632236833,74,48.852526834955206,-12.615989157064663,1.09915085872117
1789322391.8757117,TIGHTLY_COUPLED,42.490709185869164,-1.0838795382529876,-8.727409617731565,0.10554141247500405,0.1350739528350587,-0.34027645894530817,0.9245690720578618,-31.034569071978215,-39.96314448663151,1.2386466234388749,71,48.862256176496096,-12.643341284706917,1.096574943468641
1789322391.996284,TIGHTLY_COUPLED,42.49038318155175,-1.101890255625883,-8.726406671253889,0.10545680198898233,0.13505310558384942,-0.3403089385489033,0.9245698177693953,-31.06203553466123,-39.96323789723019,1.2399423809479386,66,48.87253991576731,-12.665946490217111,1.0955373294486666
1789322392.1055205,TIGHTLY_COUPLED,42.495665626617914,-1.1347148023887184,-8.723898406650019,0.10554651899982166,0.13507242731364,-0.3403218466583312,0.9245520063218106,-31.08700562409136,-39.96332281669964,1.2411203416596879,80,48.87928996672944,-12.692206111257876,1.0936520583529723
1789322392.2036722,TIGHTLY_COUPLED,42.49971421448021,-1.179609373793834,-8.720893353488608,0.10567999475082086,0.1350059324848222,-0.3402282369273216,0.9245809232840015,-31.109478977748687,-39.963399240831045,1.2421804855382979,74,48.891243990933184,-12.715328193432356,1.0925954914932237
1789322392.3148549,TIGHTLY_COUPLED,42.495273177095314,-1.1933524694344653,-8.720507993038995,0.10564484367707615,0.13490356390564293,-0.3402687708370621,0.9245849658322578,-31.134199418843927,-39.96348304976711,1.2433465133202406,70,48.90301584428937,-12.741095329421325,1.091732806356096
1789322392.4216356,TIGHTLY_COUPLED,42.49840650784404,-1.2222549575941208,-8.718198952568748,0.10568470172106967,0.1349098483785894,-0.3402806139216071,0.9245751350873161,-31.159169925307353,-39.9635672177514,1.2445242124601594,78,48.91743956146881,-12.763055110112381,1.0913782032929644
1789322392.531023,TIGHTLY_COUPLED,42.497896530720546,-1.2402741009651832,-8.717371032457894,0.10560999395442823,0.1349852052369303,-0.3402717292715515,0.9245759426908302,-31.18388832537903,-39.96365043156633,1.2456894874143896,69,48.92814153126649,-12.786303056542975,1.090708257870888
1789322392.6514227,TIGHTLY_COUPLED,42.49929013334681,-1.2667340705498558,-8.71587965364517,0.10564972896580804,0.13501677308305537,-0.3402519890338385,0.9245740585340942,-31.21158927065728,-39.9637415710377,1.24699450166293,75,48.93664934992712,-12.809917589299221,1.0892316725405873
1789322392.7635818,TIGHTLY_COUPLED,42.49825711788616,-1.2892516691223588,-8.714857527151013,0.10555489087644947,0.13506645690233024,-0.34025913870815333,0.9245750027755983,-31.237532074457587,-39.96380897825278,1.248217037339738,86,48.9468175143424,-12.83662036574529,1.087567923495116
1789322392.8620543,TIGHTLY_COUPLED,42.50376556952567,-1.31113857700024,-8.712428196885924,0.10563142840604633,0.13507846349422428,-0.34014349882706374,0.9246070572078829,-31.259468024380222,-39.963885963523445,1.2492518718615886,86,48.95822284311496,-12.855960093630788,1.0870560703256367
1789322392.9715123,TIGHTLY_COUPLED,42.4979578765014,-1.3227042566127833,-8.71256156744902,0.10551389862194907,0.1350754632014242,-0.34008503829973247,0.9246424190805803,-31.28390793083334,-39.963971143440475,1.2504054396268818,71,48.966763706567114,-12.87998535374068,1.0854211429256755
1789322393.0920935,TIGHTLY_COUPLED,42.49726371410848,-1.3463429408605183,-8.711235071268563,0.10549257861079954,0.13505912701712838,-0.3401346032812204,0.9246290065308044,-31.31084263265991,-39.96406292771993,1.2516764638285112,71,48.978375008098745,-12.903119043698648,1.0844859693692843
1789322393.2002609,TIGHTLY_COUPLED,42.50032872994451,-1.3773173516482802,-8.709064756601288,0.10545016573364165,0.1350637756261948,-0.3401526516390453,0.9246265260326846,-31.33402264426526,-39.96414348964792,1.2527731217130298,66,48.98580994386456,-12.928832324018305,1.0826825189444087
1789322393.3120916,TIGHTLY_COUPLED,42.49893795274846,-1.394664829977285,-8.708270637213246,0.1053526145975361,0.13506546383418344,-0.3401564803253083,0.9246359910631957,-31.359472413711924,-39.964231878945874,1.2539751403789776,75,48.994334640818465,-12.949813143462354,1.0813838785914633
1789322393.4356604,TIGHTLY_COUPLED,42.49843766348932,-1.418520434095352,-8.706847681955615,0.10537979753635515,0.13502778438598356,-0.3400351951964744,0.9246830060851691,-31.385184932191063,-39.96432176888842,1.2551881849409803,70,49.00773243683366,-12.969946897051873,1.0812942667371679
1789322393.54192,TIGHTLY_COUPLED,42.503122640958814,-1.4476390970297246,-8.70320515309257,0.10547046892656999,0.13492010961994247,-0.3399013137057208,0.924737606646165,-31.409150295367652,-39.964405564202316,1.2563188753528416,67,49.01401766957452,-12.986893265004602,1.0803679573301328
1789322393.6625996,TIGHTLY_COUPLED,42.50426776349524,-1.496255183529711,-8.699502293685251,0.10555925696472163,0.13482197807641413,-0.33992695532084827,0.9247323626557669,-31.436611382198453,-39.96450151471395,1.2576144993074843,73,49.019933251234924,-13.013370525516475,1.0790759513848245
1789322393.7717884,TIGHTLY_COUPLED,42.50134485331151,-1.5100903569207664,-8.698474396193845,0.10553582475237734,0.1348063305992807,-0.3398791124930911,0.9247549036447992,-31.461327211367372,-39.96458783639554,1.2587806002488238,70,49.02823688877799,-13.034419444516777,1.0778487211746643
1789322393.8832414,TIGHTLY_COUPLED,42.50893739258391,-1.551996387729,-8.694839296057618,0.10557114581327258,0.13476928984544853,-0.33981540806121074,0.9247796819407416,-31.483796892171636,-39.964666305245146,1.2598407270799337,80,49.03916035586191,-13.060141120910558,1.0763630071652137
1789322394.0002983,TIGHTLY_COUPLED,42.504840265534334,-1.5584537948111918,-8.69460975483105,0.1053890499877896,0.13472433004252563,-0.3398422742310459,0.9247971300143262,-31.510761433484014,-39.96476046955035,1.2611129188684367,70,49.04592178145904,-13.079410909269015,1.0756698683678523
1789322394.1059048,TIGHTLY_COUPLED,42.503448874077826,-1.576668997231961,-8.69320141931383,0.1053716136913878,0.13477192788109082,-0.3398433647410649,0.924791780848402,-31.532982943703452,-39.96483807318638,1.2621613279199446,79,49.058226650694685,-13.102600060128582,1.0738224638159513
1789322394.213885,TIGHTLY_COUPLED,42.50072858508013,-1.5962369950358903,-8.692530728689128,0.10531539272700252,0.13477780383817076,-0.33988328536527074,0.9247826576967296,-31.558950434685993,-39.9649287654497,1.2633864629557163,72,49.071122652454925,-13.126272713240375,1.073185674333205
1789322394.3268166,TIGHTLY_COUPLED,42.503622316621694,-1.6267930139221436,-8.690573704474236,0.10530468587983886,0.13483229890104842,-0.3398166860584147,0.9248004077535237,-31.583420490303407,-39.96501423646352,1.2645409381680712,80,49.086110255102085,-13.14117403840934,1.0736724363108183
1789322394.4419065,TIGHTLY_COUPLED,42.50018378587317,-1.6439713992200715,-8.69016475624213,0.10534384640964221,0.13482733504962038,-0.3397725380783348,0.9248128924895271,-31.610637808812736,-39.96510931449392,1.2658250112914002,69,49.09383070441705,-13.163703412327198,1.0724914177234721
1789322394.5544062,TIGHTLY_COUPLED,42.499829837991335,-1.6699618566548136,-8.68882570169794,0.1053807016427956,0.13486704108689054,-0.33969292332856804,0.9248321506036816,-31.63535847129012,-39.965195676639276,1.2669912797468041,75,49.10554745882003,-13.186310642425697,1.0713412833921432
1789322394.65484,TIGHTLY_COUPLED,42.49995099453509,-1.6950960003042255,-8.687556023904568,0.10526260009427305,0.1349249632520139,-0.33962712746810997,0.9248613158742213,-31.658081398240085,-39.965274903719575,1.2680631876506818,74,49.113288729957354,-13.208161101815936,1.0696291301670162
1789322394.7642124,TIGHTLY_COUPLED,42.504626683145915,-1.7309808366761015,-8.68543045957075,0.1053100584840398,0.134907456651323,-0.33955416746280115,0.9248852561699767,-31.682801756142457,-39.96536037463544,1.26922903460967,63,49.1217013326387,-13.229313380530694,1.068152308552986
1789322394.873663,TIGHTLY_COUPLED,42.50161097642413,-1.746199403059337,-8.684913250030336,0.10522851182915395,0.13496899111285968,-0.339366419768383,0.9249544663764743,-31.70776827328334,-39.96544644366448,1.2704060037049456,57,49.13385035667475,-13.251045555393508,1.0674188161010243
1789322394.9794989,TIGHTLY_COUPLED,42.50225134444741,-1.771582643957058,-8.683391093353288,0.10516559083779024,0.1349394495867741,-0.339349765271906,0.9249720429606829,-31.73297084125763,-39.96553157742869,1.2715933036934097,72,49.143392914685705,-13.275948560865245,1.066574039059132
1789322395.0849674,TIGHTLY_COUPLED,42.505372533611734,-1.8013626812047443,-8.681369195357012,0.10514802899511884,0.13497100909417178,-0.33929788225734603,0.9249884679271535,-31.757915575817385,-39.96559981047328,1.2727689728719245,74,49.151860969294574,-13.302014476675108,1.064636921945379
1789322395.1940598,TIGHTLY_COUPLED,42.50174656237214,-1.8154545449270758,-8.680784404254291,0.10519210401078816,0.13492134895965316,-0.33923809811120553,0.9250126289076183,-31.78309456040595,-39.96569032810975,1.273957200253662,77,49.160425896469945,-13.325076648366228,1.0628199924748454
1789322395.3008118,TIGHTLY_COUPLED,42.496925030763876,-1.8327060488410865,-8.67999364748078,0.10515912336418505,0.13486752775538122,-0.33928896409961695,0.9250055716430234,-31.807787383293693,-39.96577837242791,1.2751224837098132,80,49.17421883069104,-13.351662461759645,1.0615952044376333
1789322395.410426,TIGHTLY_COUPLED,42.506237032559234,-1.8759633730231464,-8.676638847819008,0.10524946005997879,0.1348753639656541,-0.3392418092446178,0.9250114497738143,-31.83247375159158,-39.96586396393727,1.2762878808301823,66,49.1869690569557,-13.372480480350747,1.0610076716769963
1789322395.529738,TIGHTLY_COUPLED,42.50291894412643,-1.9110498820947497,-8.674923471097625,0.10526182385568222,0.1348831946957934,-0.339199109953976,0.9250245596921535,-31.860393277867026,-39.96596325949843,1.2776088882138836,69,49.199974211231996,-13.39045696483161,1.0602022722342548
1789322395.6660612,TIGHTLY_COUPLED,42.50123069476803,-1.9325025794060777,-8.673539510548117,0.10521170673176114,0.13492015386636277,-0.33922135851601526,0.9250167126997306,-31.891594164425364,-39.966074565963304,1.2790812294075757,68,49.21241349770425,-13.409659917838708,1.0601839767395331
1789322395.752992,TIGHTLY_COUPLED,42.50997001256734,-1.9798064661776114,-8.669760124070448,0.10520881842467383,0.13496372988847594,-0.3392235428728851,0.9250098832450616,-31.91106572729041,-39.96614427583679,1.2799999354284637,82,49.22212121274964,-13.433283125262381,1.0582925927769278
1789322396.3952837,TIGHTLY_COUPLED,42.50731262007886,-2.0143757521231915,-8.668555998061924,0.10530655214258938,0.13499754698003985,-0.33918663657133546,0.9250073610283526,-32.058116997266126,-39.966670190067696,1.2869383096299687,65,49.29319419659525,-13.56994291078617,1.0522937343747962
1789322396.5161254,TIGHTLY_COUPLED,42.50553531167288,-2.1315222560108067,-8.66253055106018,0.10528173029100767,0.1349038029318299,-0.3392474014527362,0.9250015793656936,-32.0860826967559,-39.966770177639006,1.288257793501245,67,49.29740055637309,-13.59384180025241,1.0509140519498519
1789322396.543912,TIGHTLY_COUPLED,42.508901431034744,-2.153961051215562,-8.66108537413845,0.1053262241822699,0.13492632376921398,-0.33916698038636767,0.9250227202989258,-32.093573659043074,-39.966796961850726,1.288611231009755,67,49.29740055637309,-13.59384180025241,1.0509140519498519
1789322396.5755415,TIGHTLY_COUPLED,42.5039271055881,-2.1710880451769543,-8.660699613687337,0.10539341142308871,0.13496912745075781,-0.339209666363024,0.924993170628665,-32.10156407998782,-39.96682553244858,1.2889882323275008,63,49.30777673333729,-13.615799473629567,1.049464391978187
1789322396.6739788,TIGHTLY_COUPLED,42.5024187400361,-2.1948891256526704,-8.659581942565273,0.10537813061484996,0.1349662356593508,-0.3392747484763082,0.9249714643524967,-32.1240374293173,-39.96690589252065,1.2900485539007789,66,49.30083122453689,-13.63968032133944,1.0456442470457787
1789322396.7822542,TIGHTLY_COUPLED,42.50143025882261,-2.220158991458189,-8.658428424911135,0.10541758728428036,0.13500546732259208,-0.3392191268714245,0.9249816430874497,-32.14950756830483,-39.966996956973716,1.2912502218742,66,49.32178271336621,-13.659568851938229,1.0467237294327276
1789322396.87088,TIGHTLY_COUPLED,42.504339299049455,-2.252997982129489,-8.656229023748931,0.10542556732099632,0.1349135211198522,-0.3391816641603852,0.9250078865996123,-32.169234323201245,-39.96706747283937,1.2921808606989826,64,49.32178271336621,-13.659568851938229,1.0467237294327276
1789322397.004542,TIGHTLY_COUPLED,42.498118358078905,-2.2653846390484875,-8.656011418535071,0.10540390203808588,0.13489374632257284,-0.3391640009167127,0.925019716071163,-32.19894887323275,-39.96717293261626,1.2935824575505437,70,49.34305189016016,-13.708645501752223,1.0443495662739923
1789322397.1156979,TIGHTLY_COUPLED,42.50363572989398,-2.282322941147602,-8.653367916630916,0.10544770338040936,0.13503334187266552,-0.33907852250868586,0.9250256937014365,-32.22491492301828,-39.96726477229584,1.2948066884838443,61,49.35874462116938,-13.725362953577948,1.044612800615043
1789322397.2008002,TIGHTLY_COUPLED,42.50187954927616,-2.310942706542792,-8.652039664591292,0.10545088673532538,0.1350198282942576,-0.33906351370124027,0.9250328048943409,-32.24488019387808,-39.96733396598914,1.2957474933777577,69,49.35874462116938,-13.725362953577948,1.044612800615043
1789322397.2944565,TIGHTLY_COUPLED,42.501753661061564,-2.331983231784148,-8.650542936244916,0.1055008984953328,0.13489892313785962,-0.3390721580730209,0.9250415734293393,-32.26533610590521,-39.967395866066184,1.2967114897648842,73,49.36938116712668,-13.747084822531322,1.0438832011213484
1789322397.4085357,TIGHTLY_COUPLED,42.49759440696692,-2.347392294130622,-8.6499614262139,0.10538341726144416,0.1349624743863832,-0.33907925935677463,0.9250430918329516,-32.29201789119678,-39.96748618135643,1.2979699500698143,69,49.37537272095091,-13.772013043959854,1.04238894092419
1789322397.4893112,TIGHTLY_COUPLED,42.50059007655755,-2.3814643749099353,-8.647806253787921,0.10537543876642792,0.13489267919221495,-0.3389906564819084,0.9250866536833693,-32.30947227511896,-39.967549914263095,1.2987939711460625,73,49.38710649692172,-13.792953130128936,1.0420248277327113
1789322397.602668,TIGHTLY_COUPLED,42.49795803302697,-2.3971591690991096,-8.647118642365777,0.10535935413196819,0.134895874917724,-0.33904572979691144,0.9250678367198569,-32.335913553570755,-39.96764272844248,1.300041462210938,69,49.39367280380003,-13.817525380225232,1.0399629273799036
1789322397.7025595,TIGHTLY_COUPLED,42.50471496210536,-2.4397050860208207,-8.643828547852962,0.10544093189915217,0.1350002483342908,-0.33895768937567683,0.9250755794220386,-32.35834980023806,-39.96772481589791,1.301101785965854,61,49.40367887820496,-13.836752927224383,1.0384484982176498
1789322397.8282695,TIGHTLY_COUPLED,42.50220554712789,-2.458772176068041,-8.643072440752189,0.10537194957447092,0.13497292490864224,-0.3389795317329553,0.9250794229959868,-32.38553134077453,-39.967823443545655,1.3023872375696,55,49.41317705630049,-13.85871906215934,1.036745359868802
1789322397.9339335,TIGHTLY_COUPLED,42.504663101819794,-2.4915831267550472,-8.640794747590553,0.10547437572394189,0.1349549130349797,-0.33904488159294455,0.92504642898559,-32.40924609583209,-39.96790991360934,1.303506171744007,53,49.42525054662664,-13.87681453944967,1.0373098172228785
1789322398.050098,TIGHTLY_COUPLED,42.50224372469609,-2.5090091434943806,-8.639919894963777,0.105525499070763,0.134914239014143,-0.33906411049916996,0.9250394835511119,-32.43495869333719,-39.9680038548147,1.3047194105348867,51,49.43694704591002,-13.898190421503458,1.036448200166575
1789322398.157184,TIGHTLY_COUPLED,42.503617300246916,-2.5372554535964955,-8.637972197547994,0.10548313776583373,0.13494176671015184,-0.3390000470095602,0.9250637790832226,-32.459174012829806,-39.968092275442665,1.3058620301251278,83,49.44881027325866,-13.917260198883032,1.0357278530726133
1789322398.2668602,TIGHTLY_COUPLED,42.509367851778855,-2.5591038542977267,-8.635989549299858,0.10552563895446357,0.13507841608563645,-0.3390099774249169,0.9250353486420967,-32.4848880436336,-39.96818611898803,1.307075362861834,70,49.45878464456901,-13.942122646663663,1.0350960209009623
1789322398.369768,TIGHTLY_COUPLED,42.503687273436654,-2.5744815214435284,-8.63615662995125,0.1055335734539949,0.13517275634993337,-0.33902669985961736,0.9250145337220863,-32.509105032582944,-39.96827448443722,1.3082180582070841,77,49.47336789113212,-13.962421663303509,1.0351752116661337
1789322398.4823768,TIGHTLY_COUPLED,42.50473982385526,-2.6020159839525943,-8.63467932573893,0.10549996887057955,0.13521542856556135,-0.339010418160106,0.9250180975662305,-32.53407188037761,-39.968365582059576,1.3093961342374352,71,49.4825270178022,-13.98300556288813,1.0342656102024013
1789322398.5789742,TIGHTLY_COUPLED,42.50530654060748,-2.629681404954867,-8.633269152849872,0.10545314222476518,0.13520818779582544,-0.339017078244475,0.9250220545513884,-32.55629310956776,-39.96844666268619,1.310444652346102,66,49.49671593763026,-14.005271266116956,1.0344647611986695
1789322398.7058766,TIGHTLY_COUPLED,42.50907202254186,-2.6672057644988185,-8.630775112861027,0.10548753178400054,0.13517079422205422,-0.33902141272490777,0.9250220098686877,-32.58400815213741,-39.96854779478011,1.3117523898442307,76,49.50874668662978,-14.02947499436131,1.0334603764817265
1789322398.8160312,TIGHTLY_COUPLED,42.50462439296391,-2.6778154372967387,-8.630734157536523,0.10539790556750511,0.13521249167212104,-0.3390199203631508,0.9250266791799915,-32.60972656062164,-39.96864164945153,1.3129659044203956,57,49.51463374807726,-14.052085291148122,1.032273516949212
1789322398.9248915,TIGHTLY_COUPLED,42.515748325367774,-2.7383680588926156,-8.627006595025463,0.10555750725239121,0.1351726072953995,-0.33898384809902116,0.9250275291187852,-32.6339474497249,-39.96873004797434,1.3141087462367786,58,49.521984580636875,-14.072919336746649,1.0311239844546658
1789322399.025362,TIGHTLY_COUPLED,42.516513792082904,-2.7685452617072963,-8.625319130285055,0.10558221657082163,0.1351822401425046,-0.33895457648013794,0.9250340277942303,-32.65692027425225,-39.96881389955016,1.3151926863098513,78,49.53015569951468,-14.095485769858872,1.02905207884805
1789322399.133142,TIGHTLY_COUPLED,42.517947490883046,-2.794259423533506,-8.623763818978682,0.105501081730024,0.13515343585380876,-0.3389825778163554,0.9250372330169655,-32.68089216338665,-39.96890140169027,1.3163237511947559,77,49.54240830675499,-14.11691153408767,1.0281328725829084
1789322399.241013,TIGHTLY_COUPLED,42.5156484111968,-2.809709513861005,-8.623461957635786,0.10546853276882023,0.13530422543975368,-0.33890434565119776,0.9250475661675318,-32.706361924258964,-39.96899398734016,1.3175253093302222,67,49.554670708954355,-14.140814571049978,1.0273796145585887
1789322399.349919,TIGHTLY_COUPLED,42.51674931050344,-2.8389194843681276,-8.622101289561119,0.10543316062163309,0.1353131016746599,-0.3389864040704006,0.9250202327581464,-32.731580733601994,-39.969085237715845,1.3187145841278254,60,49.56244640966655,-14.164637534186957,1.0254324854966206
1789322399.4556465,TIGHTLY_COUPLED,42.51834428643517,-2.851219357229569,-8.621147734825845,0.10542042924221456,0.13526515121506452,-0.3388967127892434,0.9250615601276481,-32.75654242950089,-39.969174499590224,1.3198912331634771,75,49.56946189617227,-14.183913232769855,1.0242184960780214
1789322399.5722737,TIGHTLY_COUPLED,42.517897451488786,-2.8762862546949455,-8.619822644864549,0.10546768223507522,0.13537686683178843,-0.3389109762582842,0.925034605894518,-32.78348652932386,-39.969260831370825,1.321161011526351,59,49.57890198015608,-14.203363330814751,1.0225396319093256
1789322399.6853595,TIGHTLY_COUPLED,42.51955071049024,-2.940838927643746,-8.61667283030413,0.10549245387490029,0.13545988740967516,-0.3389653866941494,0.9249996906495136,-32.80892234630684,-39.96934877067834,1.3223606972727817,86,49.582653869623144,-14.227014517536588,1.0204623095203416
1789322399.7934818,TIGHTLY_COUPLED,42.51448446015608,-2.942151701368294,-8.617500694416123,0.10545839823442321,0.13548551117086335,-0.33898462288363573,0.9249927718382663,-32.833361228053796,-39.96943971880512,1.3235144174688183,66,49.59128253308839,-14.255003462728736,1.0175674484178723
1789322399.9086378,TIGHTLY_COUPLED,42.517550472667324,-2.9716928338759603,-8.615586478799038,0.1055072032226087,0.13556300085518697,-0.33898340062196264,0.9249763007612951,-32.86079729179048,-39.96953802179793,1.324809014785328,67,49.606168338829185,-14.278248123652267,1.016385494980864
1789322400.0143216,TIGHTLY_COUPLED,42.517359104031456,-3.0058112290619,-8.613410229141486,0.10553471481679688,0.13546775928715818,-0.3389575643912039,0.9249965836176027,-32.88347975416865,-39.9696222709336,1.3258818678442212,65,49.6201341973491,-14.302400867403724,1.0150485681403882
1789322400.130784,TIGHTLY_COUPLED,42.51260024723936,-3.02354330366995,-8.612621747722297,0.10545734711234603,0.1353869681164527,-0.3389615535384284,0.9250157739341941,-32.908675108718064,-39.96971551780424,1.327072591125907,74,49.6267087985087,-14.321716107758187,1.0141382527409788
1789322400.238247,TIGHTLY_COUPLED,42.516469126129344,-3.0587136866680957,-8.610059985860428,0.10543222369704075,0.13538146213319371,-0.3389567762816156,0.9250211942057062,-32.93338884994625,-39.9698074705867,1.3282386836662092,70,49.636857592278695,-14.343680257140864,1.0132559744517642
1789322400.3537998,TIGHTLY_COUPLED,42.512600524943096,-3.0695310714695947,-8.609726878636637,0.10543021625697427,0.135345688929076,-0.33902050853097787,0.9250033020393595,-32.95910147570068,-39.96990319021704,1.3294519943168912,64,49.645560865185914,-14.36644516609158,1.0123418923621672
1789322400.455236,TIGHTLY_COUPLED,42.51561381366654,-3.113155631742796,-8.606452368710785,0.10540411900252142,0.1352315446131854,-0.33897969526490296,0.9250379274586248,-32.983316969256215,-39.969993295069166,1.3305946808501297,74,49.6568592596994,-14.383816774248738,1.0111654369964667
1789322400.5658264,TIGHTLY_COUPLED,42.517324414937235,-3.1376548379893165,-8.604202790030964,0.10547981874739965,0.13514305788617903,-0.3389709384523032,0.9250454392228274,-33.00803261523999,-39.97008524020449,1.3317609759955054,70,49.66010455651165,-14.409165067611825,1.0091793762416283
1789322400.6722293,TIGHTLY_COUPLED,42.51671918227463,-3.170293517251916,-8.602114000530495,0.10540507135270048,0.13516054347554596,-0.33881129105109364,0.92510988940602,-33.03374787775586,-39.97018089459547,1.3329744434640711,71,49.66435744333154,-14.433056486150246,1.0067145944565121
1789322400.7798188,TIGHTLY_COUPLED,42.51933036697325,-3.1983335928527397,-8.600694237049032,0.10533589864378583,0.13520645225056013,-0.3388358523025665,0.9251020640562406,-33.05796612891573,-39.970270978758656,1.3341172677772974,74,49.67831454365321,-14.455979062183548,1.007039642028893
1789322401.6005516,TIGHTLY_COUPLED,42.51480837292006,-3.2035582406464593,-8.600920154020834,0.10517042638383158,0.1352203201236263,-0.33877884598754493,0.9251397407696065,-33.247986967807854,-39.97097673100003,1.3430829096143977,69,49.77504035331382,-14.62076275672352,1.0004111420903012
1789322401.8594906,TIGHTLY_COUPLED,42.52104849935198,-3.39203479939865,-8.589153098987243,0.10537751650987126,0.13532681800842508,-0.33872745110102565,0.9251194221356122,-33.30489335654546,-39.97115998564217,1.3457588152352666,81,49.802714990496234,-14.69274811477719,0.9973963997743446
1789322401.9206548,TIGHTLY_COUPLED,42.51926572910595,-3.4072802960892528,-8.588446039418141,0.10547249802773612,0.1352738561386012,-0.3388004802749324,0.9250896013741899,-33.31923772410445,-39.97119810949352,1.3462167484171466,81,49.802714990496234,-14.69274811477719,0.9973963997743446
1789322401.9706945,TIGHTLY_COUPLED,42.52083644477097,-3.4350287595529165,-8.586272508359386,0.10548973107561359,0.13522095363898196,-0.3387429911814719,0.9251164230841373,-33.33007727430927,-39.971245585873184,1.3465423631254891,81,49.79084271521682,-14.716255298752536,0.9931103771373089
1789322401.9987755,TIGHTLY_COUPLED,42.532667070590506,-3.481436159418277,-8.581624552871435,0.10556182172843442,0.13527068262865632,-0.3386221223567061,0.9251451791287634,-33.33713749468029,-39.971276527198405,1.3467544390201673,58,49.79084271521682,-14.716255298752536,0.9931103771373089
1789322402.0559804,TIGHTLY_COUPLED,42.52226156500958,-3.4857691880090305,-8.583180932201778,0.10628103537050712,0.13550375641543863,-0.3384553477017214,0.9250897530131795,-33.350755872407184,-39.971336322240106,1.3471632526279553,58,49.82116495771625,-14.774748789516195,0.9918702674214751
1789322402.1009889,TIGHTLY_COUPLED,42.52899069936492,-3.531170539231623,-8.580452869563995,0.10687880941350655,0.13576921295706146,-0.33831614930769727,0.9250328772692262,-33.359331403174416,-39.97137358814501,1.3474205921903526,47,49.82116495771625,-14.774748789516195,0.9918702674214751
1789322402.2179441,TIGHTLY_COUPLED,42.525534586232695,-3.5548892613682757,-8.57963915512861,0.10766309039599302,0.1360715146097138,-0.33820865365717295,0.924936813230831,-33.385140077707575,-39.971415114617145,1.3481887499977716,43,49.85275920555597,-14.808660003237785,0.994805437911074
1789322402.3229682,TIGHTLY_COUPLED,42.52193784225407,-3.5749432339924887,-8.580071850156832,0.10839606491436932,0.13631842049770582,-0.3381666823991986,0.92483018779623,-33.40909359894125,-39.97151171466935,1.3489059496620797,42,49.874348881259095,-14.844747939504488,0.9951887028231441
1789322402.441418,TIGHTLY_COUPLED,42.51445869303334,-3.5862520320866134,-8.581620998913431,0.10938060832856665,0.13665581329257676,-0.33795739436891786,0.9247409749796907,-33.43480870688513,-39.97161836189381,1.3496752561155239,64,49.89951503865239,-14.867565619673115,0.9961811238318529
1789322402.551666,TIGHTLY_COUPLED,42.52422237906819,-3.6422611174334025,-8.57839351198746,0.11002224702878967,0.13688627810790807,-0.3377769097628972,0.9246967131203225,-33.45950092739152,-39.971720333983775,1.350416751522653,76,49.92145443494947,-14.892725267037024,0.9965242959804128
1789322402.6590028,TIGHTLY_COUPLED,42.521187724465626,-3.673431093737855,-8.57852725352343,0.11086316555231691,0.13708952065328914,-0.337588747750231,0.924634878880957,-33.48545012144129,-39.97182721664077,1.351196055130528,62,49.91893100562426,-14.930115510580329,0.993200034742795
1789322402.7650678,TIGHTLY_COUPLED,42.51426623742915,-3.681462411092603,-8.580014662153026,0.11164557827679866,0.13740352575506676,-0.3375347953693166,0.9245138170283392,-33.50988615287577,-39.9719280275017,1.3519295710191745,63,49.93253745136362,-14.944599558973735,0.9938801793674273
1789322402.8750186,TIGHTLY_COUPLED,42.51357090405417,-3.7091623000504668,-8.579675419098201,0.11244842920099032,0.13753066106150555,-0.3373508163381809,0.9244647612289926,-33.53583280268353,-39.97203516693014,1.3527082896791671,53,49.95003016423661,-14.967180353764203,0.9945406889648908
1789322402.9793756,TIGHTLY_COUPLED,42.51039360635315,-3.7447182320834025,-8.578433363965843,0.11311136675178361,0.1376671120165426,-0.3371519165787224,0.9244361363165454,-33.560519882645025,-39.972137164983856,1.353449186890141,66,49.9780894216264,-14.980699264495462,0.9970473568624972
1789322403.0909023,TIGHTLY_COUPLED,42.50603737420918,-3.7614572289171444,-8.578537611764942,0.1139666731071703,0.1380175473724821,-0.3369040496366801,0.9243691986303815,-33.58545926204965,-39.972240274492535,1.354197565756359,53,50.00181946442795,-14.996305887287368,0.9977608832677601
1789322403.2009668,TIGHTLY_COUPLED,42.501744988703194,-3.7865523864259614,-8.578546083817029,0.11482946483317408,0.13849202190934515,-0.3367389050221999,0.9242516235950242,-33.61090268291664,-39.97234550029711,1.354961072762519,59,50.02279188739369,-15.023612393646337,0.9975070247428204
1789322403.306317,TIGHTLY_COUPLED,42.50456559066485,-3.8333175121066776,-8.578028779403335,0.11550684294701152,0.13871948411719,-0.33662665553387994,0.9241739926781912,-33.635590996579964,-39.972447621059686,1.3557019641000434,63,50.059722642527525,-15.030312000496744,1.000818057983467
1789322403.4224603,TIGHTLY_COUPLED,42.500857805824786,-3.8509370344941583,-8.57877831924844,0.11620146016798365,0.13898761218524502,-0.3364499795082164,0.9241109649835312,-33.66153835384062,-39.972551860363616,1.356488316491739,51,50.10072585193695,-15.04141083977369,1.0049300789276707
1789322403.528857,TIGHTLY_COUPLED,42.504300736100205,-3.887602335322563,-8.577795856370896,0.1169413512946591,0.13918957885652727,-0.33635545106635756,0.924021640457121,-33.68621308633395,-39.9726457388727,1.3572459558090626,42,50.13947707850126,-15.063686140614228,1.0059973755513163
1789322403.640016,TIGHTLY_COUPLED,42.49653656436894,-3.9016361058393416,-8.578973376114371,0.11784955427203732,0.1394669540562984,-0.33620150876423777,0.923920449383382,-33.71113391106846,-39.972739876615556,1.3580111940595152,39,50.140990631389045,-15.10443760601751,1.0024706547220579
1789322403.7493148,TIGHTLY_COUPLED,42.50641016559699,-3.9581916998486424,-8.57610120487241,0.11841189069397652,0.13971467276462687,-0.33606359063522473,0.9238612977097326,-33.73730320865822,-39.9728389801539,1.3588142230037539,55,50.14988156465941,-15.139269750985484,0.9998124502141158
1789322403.8556144,TIGHTLY_COUPLED,42.49788329477802,-3.963549576342851,-8.578010173200965,0.11909254647632803,0.1399839605233766,-0.3358744568736817,0.923801821490834,-33.761445766967256,-39.97293048616471,1.3595543014091642,40,50.15117716471333,-15.1665358296954,0.995420961313738
1789322403.9673464,TIGHTLY_COUPLED,42.497390836569004,-4.031607731084244,-8.57855128075944,0.12055860033145141,0.14043897850748713,-0.33553284628740687,0.9236667290014112,-33.787252766140085,-39.973024086054856,1.360335494805527,56,50.14187905294169,-15.20257896254071,0.9896270415510845
1789322404.0805228,TIGHTLY_COUPLED,42.48918446007672,-4.037792599289457,-8.580426884603952,0.12135452670560896,0.14075534271048734,-0.3354498952245042,0.9235444657082733,-33.81266764647161,-39.973119724950614,1.3611329514906554,41,50.13470254915654,-15.231496970002087,0.9861569574952388
1789322404.2095008,TIGHTLY_COUPLED,42.488728474521295,-4.068473544956019,-8.58048423868615,0.12176342866188807,0.14089815714239645,-0.3353700550476285,0.9234978629816792,-33.839608410344326,-39.97317298681043,1.361505502663778,57,50.15075071996997,-15.238885428795767,0.985870791758472
1789322404.3160527,TIGHTLY_COUPLED,42.49287026884681,-4.107926314838114,-8.579592536471795,0.12182365840015444,0.1409269480434653,-0.335313329874112,0.9235061247105467,-33.86196603748722,-39.97325088556135,1.3618113045318831,54,50.15710441569751,-15.273857174298117,0.9822400270927197
1789322404.4323564,TIGHTLY_COUPLED,42.4902676091279,-4.128202045857353,-8.580463846695999,0.1217736275466024,0.1409339140730307,-0.33537045285225975,0.9234909175795218,-33.88637993221106,-39.97333269032909,1.362147405705582,61,50.16348055075643,-15.30820207404968,0.9784693889608213
1789322404.560953,TIGHTLY_COUPLED,42.4867245773985,-4.1528021181545665,-8.581865130103916,0.1217437828879418,0.14094047413701835,-0.33557214834570076,0.9234205798729078,-33.9165577666402,-39.973333184843106,1.3625473975166222,52,50.159259996676525,-15.346092044272567,0.971739287131074
1789322404.657158,TIGHTLY_COUPLED,42.49419812460605,-4.204514205579311,-8.580186058371517,0.1217959278648661,0.1407309678403146,-0.3356183702344965,0.9234288582275331,-33.93771560446513,-39.97341337717014,1.3628345391852064,60,50.163313513082976,-15.369929690814123,0.96805115343977
1789322404.7688274,TIGHTLY_COUPLED,42.500308847646245,-4.2498413754584465,-8.578876029288745,0.1217670978525658,0.14079619891621079,-0.33554927315805666,0.9234478271859274,-33.962030990595004,-39.97350340134369,1.3631721568130295,70,50.160695425460396,-15.404391382032186,0.963227101809972
1789322404.875201,TIGHTLY_COUPLED,42.491960290961565,-4.253344224886553,-8.580587429182897,0.12156177298672428,0.14077160568056252,-0.3354888111492703,0.9235005944643944,-33.986798921062594,-39.973595459739535,1.363512848611357,66,50.15243777705112,-15.428946383109103,0.958063597554329
1789322404.983605,TIGHTLY_COUPLED,42.491378886686306,-4.284837102319518,-8.580758234616084,0.12153023599258621,0.14077573254019402,-0.3354612430900596,0.9235141305101022,-34.011557474630685,-39.97368580529792,1.3638510222622606,58,50.15710699133678,-15.461666490818068,0.9539204278024157
1789322405.0928972,TIGHTLY_COUPLED,42.49028708243369,-4.3159706547884475,-8.581024475174033,0.12146621262874892,0.14073853880732112,-0.33553053815971545,0.9235030486393965,-34.037301038639484,-39.97378007772989,1.3642017981569012,59,50.14976599642856,-15.494087177970604,0.9485029337426251
1789322405.199208,TIGHTLY_COUPLED,42.49650040734374,-4.346972384735759,-8.577125125133847,0.12134865159385351,0.14065128763825493,-0.33552508932076497,0.9235337754940787,-34.061776450953495,-39.973869795106665,1.3645353234141053,59,50.148367352371416,-15.518870606715193,0.9448498560364056
1789322405.3178382,TIGHTLY_COUPLED,42.48705217592868,-4.3581567189980985,-8.57864146383751,0.12131855127571159,0.14064794794554078,-0.3354651299920829,0.9235600199307386,-34.08747382152055,-39.97396376743524,1.364884813663009,46,50.154871326019084,-15.545250604628343,0.9416612704892069
1789322405.426645,TIGHTLY_COUPLED,42.48578939994808,-4.38555648792355,-8.578701395109032,0.12134735535281173,0.1406992220671283,-0.335513260888563,0.9235309415642264,-34.11190134615276,-39.97405299619818,1.3652167448410089,44,50.15854838136016,-15.57455039110685,0.9380390841894841
1789322405.5367203,TIGHTLY_COUPLED,42.487103299829414,-4.424738674078556,-8.578231851728704,0.12138097044143481,0.14069306929686295,-0.3355205591096175,0.923524809997703,-34.136818362590674,-39.974142982246896,1.365555894454965,40,50.159480386889314,-15.605295537829516,0.9340104577648959
1789322405.6423895,TIGHTLY_COUPLED,42.47931029886932,-4.439874369426986,-8.579784969051905,0.1213042064580479,0.14072662821253326,-0.335403765212841,0.9235722061044086,-34.16123494516762,-39.97423114155681,1.3658873192957743,42,50.15951061974211,-15.63166197752384,0.9299491692543819
1789322405.7537956,TIGHTLY_COUPLED,42.487385550343014,-4.465308478806779,-8.57670564070173,0.12120842789880248,0.14058096046545512,-0.3354018361346623,0.9236076650171371,-34.1861327680963,-39.97432297408677,1.3662252527603367,46,50.15809543863855,-15.658403761470684,0.9256953996241829
1789322405.8640194,TIGHTLY_COUPLED,42.484625660609574,-4.486486628908506,-8.57695925288376,0.12125075732305063,0.1405312254112839,-0.3353643396932301,0.9236232934455006,-34.21128196331533,-39.974412916494934,1.3665698101265515,50,50.15849137801872,-15.68955330554363,0.9216455750866012
1789322405.9736052,TIGHTLY_COUPLED,42.49814296227853,-4.537002901304666,-8.5742135954229,0.12131259511112161,0.14055227675764811,-0.33536142034915156,0.9236130301739177,-34.235934421158085,-39.97450221740526,1.3669064991994042,61,50.15600455154878,-15.719006112819748,0.917635825044154
1789322406.0906777,TIGHTLY_COUPLED,42.482698691389636,-4.532461305680248,-8.575513191426916,0.12127660133772511,0.14040394883078358,-0.33539404469385103,0.9236284707091875,-34.26158139865841,-39.97459798556566,1.367257429504937,51,50.15483745286929,-15.749993969874321,0.9128814765101769
1789322406.2025344,TIGHTLY_COUPLED,42.473261063254476,-4.556909769553624,-8.575623979344494,0.12135628320743236,0.14032958023085854,-0.3353635743287145,0.9236403707351566,-34.285964799223315,-39.97469114678989,1.3675870337453446,53,50.15984563474452,-15.777743911015929,0.909852688717874
1789322406.314383,TIGHTLY_COUPLED,42.44882003982432,-4.57265546615299,-8.57755793399661,0.12132835916487383,0.14016713641414397,-0.3353355812745443,0.9236788679314264,-34.31105578123033,-39.97479190760562,1.3679260089265248,48,50.154116828769425,-15.805017817872015,0.9053910403730979
1789322406.4304357,TIGHTLY_COUPLED,42.45508288986628,-4.620200419545748,-8.5731449829168,0.1211557972018625,0.13998876547533043,-0.33521763021547263,0.9237713779598266,-34.33634460420851,-39.97491108059125,1.3682707197855049,70,50.153917765223525,-15.838355972930156,0.9011557997129714
1789322406.5368934,TIGHTLY_COUPLED,42.45050250050938,-4.632534621408397,-8.573021551960444,0.12117369446603767,0.13997222016346855,-0.33529230307422514,0.9237444369798082,-34.36035595026615,-39.97507687792381,1.3686051826055938,56,50.15750244616804,-15.866902297894962,0.898176968372171
1789322406.6591346,TIGHTLY_COUPLED,42.44919927487129,-4.65856596666996,-8.571481752358109,0.12121344997340784,0.13994748918086772,-0.33524725910485487,0.92375931664054,-34.38621123964046,-39.97516405845838,1.36896980835133,67,50.17506439284614,-15.883392348842891,0.897704357092951
1789322406.7708652,TIGHTLY_COUPLED,42.451273127765226,-4.687095631658445,-8.57029021788071,0.1212716457661838,0.13992613087611774,-0.33538070688475236,0.9237064724687625,-34.412328037120034,-39.97514347985401,1.3693094646575565,50,50.18522996748136,-15.908591701121784,0.8949878535273011
1789322406.8821502,TIGHTLY_COUPLED,42.464170435914255,-4.723006690068334,-8.566683771876653,0.12123056388781586,0.13972383173310954,-0.3357842080528948,0.9235958893626315,-34.43673940550373,-39.97508651936127,1.3696373381392868,44,50.18950351433934,-15.934254676388798,0.8910091974754967
1789322406.99216,TIGHTLY_COUPLED,42.45739745124627,-4.735423728813458,-8.566953600293367,0.12121762227700643,0.1397585898050489,-0.33575091274541563,0.9236044333023925,-34.46153404597844,-39.97514652720983,1.3699708309244272,50,50.20289061221168,-15.956352862405398,0.889215325799127
1789322407.1023974,TIGHTLY_COUPLED,42.44708602893198,-4.744960030498856,-8.567643118185499,0.12115430241475056,0.13977257781228677,-0.3357291709106659,0.9236185280177853,-34.4872895033853,-39.97520812904832,1.3703225505974772,43,50.222431364853165,-15.981060179262895,0.8887239404178466
1789322407.5674584,TIGHTLY_COUPLED,42.44647818249926,-4.77309285092978,-8.567178082381659,0.12113173576334685,0.13979519762117854,-0.33565144425870574,0.9236463139535932,-34.58706960463669,-39.9754248266796,1.37168534698094,55,50.274820910850444,-16.09180032298681,0.8790543929135914
1789322407.7433143,TIGHTLY_COUPLED,42.446924116460025,-4.851023548036876,-8.565135603975998,0.1211451704531119,0.13977796626206182,-0.3356211574601686,0.9236581653883785,-34.626945959116675,-39.975516653887865,1.372226261098293,62,50.27450279032477,-16.11878704763321,0.8743414250800496
1789322407.775527,TIGHTLY_COUPLED,42.4627434282999,-4.902819070122965,-8.560254574062121,0.12103589788992829,0.13976521489679664,-0.33562237902354664,0.923673976479475,-34.6326769027037,-39.97552976600572,1.372303857195655,62,50.28477067448801,-16.13709403349261,0.874074087315965
1789322407.8061059,TIGHTLY_COUPLED,42.470582412249385,-4.942284965838366,-8.558685280903575,0.12104301351243056,0.13978866843327356,-0.3355747395003574,0.9236868036660203,-34.63790868511982,-39.97554198198505,1.372373797840655,62,50.28477067448801,-16.13709403349261,0.874074087315965
1789322407.9210994,TIGHTLY_COUPLED,42.45028076062991,-4.924880550832487,-8.561772002834134,0.12083925631610926,0.13979457472540008,-0.3355111405046904,0.9237356903398051,-34.66331544105894,-39.97560242501785,1.3727183619530094,53,50.27455263183465,-16.155808337285414,0.8691807833060471
1789322408.0271974,TIGHTLY_COUPLED,42.45766343478103,-4.96829395652279,-8.559965150819542,0.12079382974705884,0.1397919780055544,-0.33548262423921843,0.9237523815470792,-34.68622789790134,-39.975656579515444,1.3730288434173503,52,50.292346907172195,-16.187312173960287,0.8667723793173076
1789322408.151135,TIGHTLY_COUPLED,42.4670398252197,-5.012180275137213,-8.557736356403861,0.1208313226889943,0.13979223464044102,-0.3354640537559415,0.9237541833350964,-34.7116247610127,-39.9757167987604,1.3733711896140242,55,50.30398470427167,-16.211903126395764,0.865419351772091
1789322408.2755427,TIGHTLY_COUPLED,42.459243776212816,-5.03507749236279,-8.557931864040683,0.12085037315072475,0.13977250081739465,-0.33545132775933745,0.923759298751076,-34.73726283414226,-39.97577983658516,1.3737171031905948,58,50.32287131590111,-16.225847743302396,0.8654755121807345
1789322408.3847508,TIGHTLY_COUPLED,42.444128959246946,-5.048082500914403,-8.559686063592668,0.12084813135321891,0.13980283069517824,-0.3355503914417506,0.9237190224745501,-34.76115267257924,-39.97583951153228,1.3740399911576922,47,50.34375118650286,-16.245298461999337,0.8657254654914258
1789322408.504871,TIGHTLY_COUPLED,42.47159996093028,-5.108738426812365,-8.553262711473186,0.1208582443151639,0.13959494382861093,-0.3355282522904325,0.9237571804069894,-34.787060208757254,-39.97589968847104,1.3743967474173946,53,50.36237109652545,-16.270905863181998,0.8652139447617294
1789322408.6185565,TIGHTLY_COUPLED,42.468551109616776,-5.127858209199683,-8.553140944287243,0.12085994254134824,0.13956948619412818,-0.3355066855988267,0.9237686380966282,-34.81060055382312,-39.97595590173011,1.37473222725671,52,50.370723917662104,-16.295577459401304,0.8630640479818673
1789322408.7332084,TIGHTLY_COUPLED,42.457370875167356,-5.135399362926477,-8.55446274769544,0.12072131404425958,0.1396183169516859,-0.33554102293082294,0.9237669142362389,-34.836180218391476,-39.976011020687096,1.3750956946652195,52,50.386299799678866,-16.32541071744846,0.8616504256016536
1789322408.8514495,TIGHTLY_COUPLED,42.448071204356665,-5.154655322222978,-8.555313311461552,0.12071802775394008,0.1395892711549068,-0.33555130337117256,0.9237679989908442,-34.86193054428934,-39.97598113651926,1.375462793217632,42,50.39937747130907,-16.346607741804796,0.8601349717552883
1789322408.9703074,TIGHTLY_COUPLED,42.46763365806329,-5.217582214287276,-8.550795374033628,0.12079482065206294,0.1395573772988209,-0.33539405645038184,0.9238198832255499,-34.88689457544084,-39.976019551720775,1.3758187006952851,42,50.414215392201726,-16.359222053850093,0.8612148073781847
1789322409.0846372,TIGHTLY_COUPLED,42.45995818942188,-5.226755080267529,-8.551288808483449,0.12069313693606987,0.1395656866653866,-0.33524750137713816,0.923885111159681,-34.911357324389485,-39.976086170080485,1.376169312323734,42,50.41999371030728,-16.38991308291427,0.8568599259223594
1789322409.2122564,TIGHTLY_COUPLED,42.47727753056205,-5.272493063393736,-8.546548938642081,0.12056771506000254,0.1395380341915294,-0.335060592412659,0.9239734641813323,-34.937078603891024,-39.976199227614224,1.376540385396302,40,50.43303982079733,-16.41960497489151,0.8538217487274071
1789322409.3376758,TIGHTLY_COUPLED,42.475863746105695,-5.2944127793834435,-8.54597187711677,0.120493739943747,0.1395147348404657,-0.3350111004844722,0.9240045778831111,-34.962044580669634,-39.97627255675944,1.376902172933554,41,50.44799350880589,-16.436789941130098,0.8531467210507748
1789322409.4615262,TIGHTLY_COUPLED,42.4633603614179,-5.295463873318205,-8.54773885852192,0.12059702018624495,0.13963887914081918,-0.33498022944914585,0.9239835431611819,-34.98877087881294,-39.97635616965823,1.3772871080943025,41,50.45768423826501,-16.46083079550199,0.8503426684711772
1789322409.5728104,TIGHTLY_COUPLED,42.462588079828805,-5.3355936207785115,-8.54707808453646,0.12065393035752936,0.13968055600211185,-0.3348523259917958,0.9240161747188766,-35.01325610285955,-39.97642980773968,1.3776395514791147,49,50.478641314132425,-16.476885063752455,0.8510597074229203
1789322409.6778517,TIGHTLY_COUPLED,42.48947561655771,-5.396963803405582,-8.542761009335624,0.12070336254612621,0.13978097066430276,-0.3348434672935763,0.9239977440021268,-35.036245997441675,-39.97649905561911,1.3779705823686355,50,50.485669870502015,-16.49966589594334,0.8486950110710277
1789322409.7962005,TIGHTLY_COUPLED,42.47763988518696,-5.391489444128054,-8.544670189459994,0.12076682979964812,0.13978441037032724,-0.33488908185364286,0.9239723990968491,-35.06198599559974,-39.97657692492679,1.378340986391184,43,50.50864474445551,-16.516631003557272,0.8503921024363954
1789322409.9061275,TIGHTLY_COUPLED,42.47669022613183,-5.415402983689585,-8.544200654290028,0.12080668339656195,0.1398085179683549,-0.33488625607461214,0.9239645659020397,-35.08572779388755,-39.97664883755943,1.378682512715852,42,50.517613364161875,-16.540955741259804,0.8482686550214963
1789322410.0229323,TIGHTLY_COUPLED,42.47214052175705,-5.434463877886936,-8.5443479010441,0.12078704663261576,0.13979135386618752,-0.33491860471773455,0.9239580049785568,-35.11146982902144,-39.976726667026604,1.3790527858840416,35,50.534660847719614,-16.563352568764163,0.8469023674230368
1789322410.1428797,TIGHTLY_COUPLED,42.49124570772186,-5.507545303061991,-8.539736129358852,0.12089020275320524,0.1398123912040653,-0.3349323402889991,0.9239363514726676,-35.13646286664467,-39.976802110701996,1.379412260904737,37,50.54785268447254,-16.586236128860364,0.8453239448623163
1789322410.25375,TIGHTLY_COUPLED,42.479196279521254,-5.498330695380264,-8.541929854810169,0.1207576990317697,0.1398439087889771,-0.33489464713811923,0.9239625720868825,-35.1612065763747,-39.97687670285495,1.3797681266963604,48,50.55870338786687,-16.606132833426255,0.8434247215255937
1789322410.3835123,TIGHTLY_COUPLED,42.471806216542724,-5.513090303552931,-8.542831916509988,0.12071377438571257,0.13992694139906273,-0.3348956477137675,0.9239553781902212,-35.18645079988068,-39.97695267612981,1.3801311331294264,38,50.56941372471732,-16.622921225796215,0.8429393389247485
1789322410.5244954,TIGHTLY_COUPLED,42.49084151524551,-5.581553018537217,-8.540080711961183,0.12072664498569685,0.14004365728547083,-0.3348685692978506,0.9239458277090805,-35.215944637414694,-39.977041401271855,1.3805552371973215,37,50.58366105859934,-16.636127932244356,0.8423049588875527
1789322410.6165416,TIGHTLY_COUPLED,42.47867671971295,-5.582298795856093,-8.541927323203733,0.12075174306263281,0.14003707598793352,-0.3348032015626975,0.9239672343321778,-35.23619285127771,-39.97710254628383,1.3808462484660553,39,50.58366105859934,-16.636127932244356,0.8423049588875527
1789322410.7524693,TIGHTLY_COUPLED,42.473474430292754,-5.5988510578906885,-8.542367829587878,0.12065227516135169,0.14006884184893068,-0.3347497114633758,0.923994793663187,-35.26344557064553,-39.97718470454197,1.3812379623805286,39,50.60986490555906,-16.6748159765888,0.8412449561808577
1789322410.8698308,TIGHTLY_COUPLED,42.48615449981416,-5.657852167164079,-8.539066550470446,0.12066930022959066,0.14001073290829616,-0.3347103901108115,0.9240156218400482,-35.289203526271145,-39.977262276004815,1.3816081331427266,37,50.60986490555906,-16.6748159765888,0.8412449561808577
1789322411.0018158,TIGHTLY_COUPLED,42.47969579581626,-5.6641029410901345,-8.539789164460391,0.12063241892344127,0.14000801672376487,-0.33471784667066223,0.9240181480241135,-35.31546915048761,-39.97734122890369,1.3819849536179927,36,50.61554465218972,-16.6956041252509,0.8398962999316617
1789322411.124332,TIGHTLY_COUPLED,42.488641006568905,-5.7107002633513595,-8.537217452966456,0.12062955968634716,0.13995551247259144,-0.3346613805002135,0.9240469275205149,-35.33974181211903,-39.97741285837347,1.3823334225376924,37,50.61878729508319,-16.710953285501613,0.8376399587359034
1789322411.2411325,TIGHTLY_COUPLED,42.48579506940414,-5.726570646391418,-8.537160932965701,0.12061028506520938,0.13995698878668242,-0.3346540224108924,0.924051884750236,-35.36275073134686,-39.97745683970564,1.3826629715398944,37,50.63904991755437,-16.732641863889693,0.8368228426606794
1789322411.372531,TIGHTLY_COUPLED,42.495002146349364,-5.752371236179854,-8.536180483392247,0.12061634874308431,0.13997667816906512,-0.3346480313982603,0.9240502805940322,-35.38973895686019,-39.97747442209979,1.3830484486614947,41,50.65082145058958,-16.753505387870554,0.8361245893031157
1789322411.4976182,TIGHTLY_COUPLED,42.49831032995868,-5.799681026278744,-8.53403986287974,0.12068129179670935,0.1399452496352952,-0.334497867736875,0.9241009303070075,-35.41493551296598,-39.97755871310962,1.383410847894593,40,50.65673506041376,-16.77621344984072,0.8336368427875562
1789322411.6400175,TIGHTLY_COUPLED,42.495018844170396,-5.814366948769484,-8.533729219210263,0.12073369495687758,0.13990181449878938,-0.33451696415431414,0.9240937495162421,-35.442160467051565,-39.97766482587834,1.383802997364553,39,50.65851370682963,-16.79906484449852,0.8295375435560773
1789322411.7599442,TIGHTLY_COUPLED,42.51178179222096,-5.8821298169058585,-8.529409398875774,0.12073444197910546,0.13980421850732405,-0.33445502139775757,0.9241308422887833,-35.46388745185919,-39.97774431887647,1.3841169717336006,39,50.65883191586181,-16.822207978817232,0.8263477403098054
1789322411.90095,TIGHTLY_COUPLED,42.50018264758723,-5.873606121097515,-8.530638007695718,0.12069192831566235,0.1398182435593902,-0.3344889205145331,0.9241220045321054,-35.49234894522517,-39.977842873372964,1.384529942412073,35,50.67651642376508,-16.84491343533352,0.825903342657213
1789322412.0171366,TIGHTLY_COUPLED,42.51740445127083,-5.919238897907535,-8.52776916968228,0.12062617080640232,0.13990431605954642,-0.33448069577751177,0.9241205405230895,-35.51433526281177,-39.977921116550306,1.384846526581631,36,50.67510255150828,-16.8736601129214,0.821892209965383
1789322412.1247342,TIGHTLY_COUPLED,42.515962621303274,-5.941874100797438,-8.527261544337993,0.12067875782628656,0.1398353833848539,-0.334486148688074,0.9241221344059103,-35.53807365560249,-39.97800437838618,1.38518861979956,37,50.68830845320409,-16.892847387834024,0.8208826782572954
1789322412.84069,TIGHTLY_COUPLED,42.51255233976918,-5.954551546954399,-8.527105084325152,0.12069062647817319,0.13978643139310634,-0.33444349549109287,0.9241434275059179,-35.69677457974102,-39.97856047856613,1.3874742382903074,41,50.756602855372805,-17.05157716292915,0.806825303710454
1789322413.392467,TIGHTLY_COUPLED,42.52910303627667,-6.127601609077939,-8.520574350233812,0.12045010136251773,0.13982364672348782,-0.3342519357825507,0.9242384780587325,-35.809516703336385,-39.97895255053344,1.389096776024309,38,50.810077813570835,-17.164404788533915,0.798736269598555
1789322413.4234054,TIGHTLY_COUPLED,42.52535991070029,-6.139837873197134,-8.520617963945844,0.12037889046621413,0.1398242401246618,-0.3342288050779995,0.9242560307943989,-35.81501827099173,-39.9789716586309,1.389175909320271,38,50.810077813570835,-17.164404788533915,0.798736269598555
1789322413.4848454,TIGHTLY_COUPLED,42.52817672122496,-6.196269463205569,-8.518830716795094,0.12039625265369105,0.13979939904629687,-0.33432437658207903,0.9242229609765422,-35.82427142304325,-39.97900384232803,1.389308935664074,38,50.810077813570835,-17.164404788533915,0.798736269598555
1789322413.5225499,TIGHTLY_COUPLED,42.536944112785946,-6.24234822918438,-8.516717716476618,0.12044699627336762,0.13990763768352524,-0.33422354148476463,0.9242364407033087,-35.83202419377872,-39.97903079347212,1.3894203138020444,38,50.810077813570835,-17.164404788533915,0.798736269598555
1789322413.552116,TIGHTLY_COUPLED,42.5320567618905,-6.249483111039648,-8.517409904517686,0.1204552512292781,0.13992028830239342,-0.3341567705408216,0.9242575929222304,-35.833774865077814,-39.9790368014384,1.3894454198180766,38,50.81213964050435,-17.178861599284467,0.7966588013466757
1789322413.605309,TIGHTLY_COUPLED,42.537335350177386,-6.260986784037969,-8.516327167140853,0.12044846581745702,0.14008844781545737,-0.3341231702158555,0.9242451520001516,-35.84727961525122,-39.97908283324455,1.389639065355053,39,50.81213964050435,-17.178861599284467,0.7966588013466757
1789322413.68431,TIGHTLY_COUPLED,42.539802156922235,-6.29313494715938,-8.515345361998039,0.12042717380452919,0.14004062402920306,-0.3340770578588916,0.9242718425026872,-35.864289900940214,-39.979140091719366,1.3898835359137727,40,50.82218588002347,-17.20186180566221,0.7954958696678134
1789322413.799103,TIGHTLY_COUPLED,42.53524415022022,-6.300591924867817,-8.515789130668683,0.12037730060731154,0.14004008773709145,-0.3341089312845428,0.9242668994186612,-35.88903709960087,-39.97918534713143,1.3902384544226412,39,50.82218588002347,-17.20186180566221,0.7954958696678134
1789322413.9299898,TIGHTLY_COUPLED,42.53683939885461,-6.322747508625841,-8.51472092967908,0.12034713306342958,0.13996590239622325,-0.3339745782174182,0.924330619872739,-35.91576408130868,-39.979244692082624,1.3906210104440786,39,50.85270197071265,-17.243170048149402,0.793688972621637
1789322414.0398946,TIGHTLY_COUPLED,42.55398809453394,-6.383450128553284,-8.510716934316443,0.12038926546189342,0.14002842130242005,-0.3339897459554325,0.9243101836427657,-35.93922434894751,-39.97933443569414,1.390959555219391,69,50.868915481262775,-17.264997225934792,0.7921198121437458
1789322414.1614358,TIGHTLY_COUPLED,42.55795814074134,-6.414386045348228,-8.509507014034028,0.12039926174552307,0.1399867978435243,-0.3340405302725577,0.9242968345374108,-35.96370735081157,-39.979439397200636,1.3913126257851272,67,50.876735379416104,-17.29071592946216,0.789040301764214
1789322414.2843757,TIGHTLY_COUPLED,42.56999471974775,-6.448203068304331,-8.506412021016672,0.12027661310371447,0.14003076171326345,-0.33403186217945585,0.9243092757098283,-35.98793040305722,-39.979532113630555,1.3916632005451042,64,50.8857493935783,-17.31346265070284,0.7872850023460001
1789322414.408329,TIGHTLY_COUPLED,42.563551736262596,-6.455968308715272,-8.506886032527857,0.12029729736351209,0.13992885375720984,-0.3340245805637144,0.9243246484393147,-36.013900654800025,-39.97963215753099,1.3920397769044746,64,50.905557995697365,-17.327549313761136,0.7884397910364422
1789322414.529743,TIGHTLY_COUPLED,42.56964809008043,-6.492211291925845,-8.504812559972951,0.12034288974779993,0.13990704394136141,-0.33397978094538655,0.924338203182369,-36.038137366966055,-39.97972658837592,1.3923891706089089,66,50.91805899924481,-17.340863378884485,0.7872486127870992
1789322414.6506577,TIGHTLY_COUPLED,42.56795049836309,-6.507281630236171,-8.5044223002288,0.12035342310208988,0.13990303940723914,-0.33391543557393205,0.9243606844720826,-36.06287615725664,-39.979822956163275,1.392745929146831,75,50.93145741011963,-17.363518432758607,0.7858087047891391
1789322414.7910347,TIGHTLY_COUPLED,42.5695518222189,-6.532673648152643,-8.503312572560185,0.12028976284498995,0.13985179744424833,-0.3338616578086556,0.9243961494681624,-36.08986560645375,-39.97992804756719,1.393135061186303,61,50.944453974907475,-17.38162067698725,0.7849045482125137
1789322414.9081695,TIGHTLY_COUPLED,42.5716090658333,-6.564975821126109,-8.502298258563178,0.1202613377176837,0.13986583802796002,-0.3338230808445215,0.9244116554320169,-36.11385737529407,-39.980021409847915,1.393480935068564,57,50.956708011401716,-17.40289450480039,0.7833452360411717
1789322415.041688,TIGHTLY_COUPLED,42.57133198234626,-6.59445294190622,-8.501793793663731,0.12019416456656216,0.1398825297346512,-0.33386839230086374,0.9244015022173088,-36.13934967343546,-39.98012057444906,1.3938484155434696,58,50.9649802931384,-17.424392542473658,0.7813710589643019
1789322415.1514742,TIGHTLY_COUPLED,42.57950734613391,-6.64338634904759,-8.500189632148771,0.12021395632798147,0.13998683757780636,-0.33384078012446233,0.9243931109299925,-36.16434305022083,-39.98021779301051,1.3942086913099658,63,50.97056981793508,-17.44845512647813,0.7779534816229576
1789322415.2612908,TIGHTLY_COUPLED,42.57363226590122,-6.653863292868294,-8.500680648246668,0.12021598134338396,0.1399865791066427,-0.3337852700403258,0.9244129320838029,-36.187337778216836,-39.980307215796195,1.3945401251550205,52,50.97543353440772,-17.475364925583776,0.7744542512511908
1789322415.3817031,TIGHTLY_COUPLED,42.578747707322385,-6.690879066389541,-8.498968011179496,0.12023859912715752,0.14000867351748245,-0.3337722130719679,0.9244113588662002,-36.21233287252887,-39.98040442017353,1.3949003815342063,61,50.98603801842727,-17.489504578522396,0.7740007374001941
1789322415.5130048,TIGHTLY_COUPLED,42.57579524526486,-6.708441229364849,-8.499052845772622,0.12023225563600498,0.1400320840628707,-0.33372874764665184,0.9244243306684895,-36.24082817721394,-39.98051489922489,1.3953110271514406,66,50.9983823920801,-17.51126420882627,0.7729149727872318
1789322415.626364,TIGHTLY_COUPLED,42.57073465274478,-6.725368400538395,-8.499540846419526,0.12013091004271971,0.14007087091584824,-0.33368610534715976,0.9244470231827393,-36.26382510273309,-39.9806037592694,1.395642411318309,72,51.008699637128025,-17.533848846889043,0.7714624733776576
1789322415.7353272,TIGHTLY_COUPLED,42.58923105588645,-6.796822216115646,-8.495444090075473,0.12013639667773457,0.14011948779808278,-0.333648482578787,0.9244525219855079,-36.28707225239444,-39.980693564358596,1.3959773379826095,56,51.01241521404814,-17.563672376439378,0.7674827271691284
1789322415.852562,TIGHTLY_COUPLED,42.570875226402194,-6.7746416660106705,-8.498805035939734,0.12004388723453761,0.14009629528993953,-0.33364678414813687,0.9244686671874079,-36.31357333304936,-39.980796216160336,1.3963589997667374,60,51.02347885476428,-17.584045398712284,0.7658882591174591
1789322415.9626029,TIGHTLY_COUPLED,42.583391391537646,-6.854946445326812,-8.495544429455652,0.11999209637687565,0.1400453571968533,-0.33370191538439464,0.9244632098701792,-36.33707748648382,-39.98088709035768,1.396697376316979,58,51.039997854955274,-17.600446487749508,0.7654997120128726
1789322416.076082,TIGHTLY_COUPLED,42.574755142493466,-6.862215588048763,-8.496650884796885,0.11996311979179732,0.1400119945421267,-0.3336818416486524,0.9244792695502252,-36.362582825091806,-39.98098523028524,1.3970641528722199,52,51.04804625457077,-17.62621606046703,0.762703752412927
1789322416.2001097,TIGHTLY_COUPLED,42.564306087264455,-6.873447480347939,-8.498056786358493,0.1198772554015637,0.1400327199591465,-0.3336916496559853,0.9244837283198113,-36.38858557409995,-39.98107931165799,1.3974374804222693,62,51.06228866348773,-17.640597945915086,0.7623075121856275
1789322416.3164365,TIGHTLY_COUPLED,42.57435587254128,-6.917145742669616,-8.495345570891788,0.11981634682104293,0.13994332258882106,-0.3335899695594188,0.9245418550323219,-36.4133298922331,-39.98112764878697,1.3977929558009647,59,51.07227523296616,-17.666988027888657,0.759507416169191
1789322416.4349608,TIGHTLY_COUPLED,42.596868442223105,-6.982746496146506,-8.490097059486702,0.1198653957259411,0.13994716181121497,-0.3334308501852362,0.924592313916355,-36.4375546379579,-39.98120538932588,1.3981404687186985,57,51.085473754385994,-17.691359913150173,0.7581172707043802
1789322416.561064,TIGHTLY_COUPLED,42.58751753170163,-6.973884114905499,-8.49164960605593,0.11985834227142773,0.13999078634252307,-0.33350006319064895,0.924561661209776,-36.46351945168512,-39.98131386317807,1.3985154665749349,59,51.086431252390184,-17.715922563111675,0.7550383158077446
1789322416.6702352,TIGHTLY_COUPLED,42.587521180654626,-7.003883240014866,-8.490878925902326,0.11980821792288379,0.13993064986859194,-0.33346453975905405,0.9245900739618497,-36.4867521502183,-39.981416973600375,1.39885084668615,66,51.105579412716146,-17.74047477438336,0.7536544126208389
1789322416.7872968,TIGHTLY_COUPLED,42.58872714356717,-7.033320036145197,-8.489855602983809,0.11982568168302853,0.13993097850290465,-0.33340300784541643,0.9246099510734493,-36.51197240484788,-39.98152247883897,1.3992165206876597,72,51.116765671063206,-17.76625916177931,0.7513868307696656
1789322416.8965168,TIGHTLY_COUPLED,42.60035423949756,-7.070134437461731,-8.487926609570554,0.11987192980432995,0.14001574782413234,-0.3333757293323676,0.924600959278297,-36.53644933018426,-39.981625020314524,1.3995710916214628,74,51.13259349802922,-17.783100636875336,0.7509367149678389
1789322417.0065923,TIGHTLY_COUPLED,42.59260075473785,-7.075167635974215,-8.488984538206445,0.11985945416369764,0.14005542101156285,-0.333330447095767,0.9246128937732756,-36.56143771915684,-39.981730527795904,1.3999316297514206,77,51.15478133845569,-17.79608669897878,0.7523984851798967
1789322417.1220264,TIGHTLY_COUPLED,42.586490556565806,-7.093173353402476,-8.489755792697459,0.11976752675769582,0.14008193993071247,-0.33335106829956973,0.9246133542747091,-36.58667689484797,-39.98183727152769,1.4002958622823025,61,51.17795811341664,-17.816117234061032,0.7524388857202239
1789322417.229235,TIGHTLY_COUPLED,42.5986480335134,-7.150822089389692,-8.486882192672613,0.11980071392767722,0.1400952662560734,-0.3333537094872122,0.9246060835221527,-36.61191739487629,-39.981943916273444,1.4006600394592545,64,51.189761797645865,-17.83676243944203,0.7513283302217281
1789322417.3375793,TIGHTLY_COUPLED,42.590472618695195,-7.158959874922918,-8.48806591139127,0.11973679124188123,0.14013051850156247,-0.33337153915242496,0.9246025932749296,-36.63615929424984,-39.98204630932444,1.4010097914778936,52,51.196130300737295,-17.864787134610147,0.7481126539775107
1789322417.44782,TIGHTLY_COUPLED,42.59957753908297,-7.2058845245280585,-8.485725615509724,0.11985186356949262,0.14016464716099078,-0.3333151043811585,0.9246028572725331,-36.6624015401149,-39.9821571391517,1.4013883914983074,63,51.21702399396667,-17.8799409593105,0.7490211248703958
1789322417.5529077,TIGHTLY_COUPLED,42.60269843581021,-7.2356652543581035,-8.484665510937274,0.11982387385561671,0.1402086526884838,-0.33328339355328573,0.9246112440085935,-36.686395295652005,-39.98225847060459,1.401734542453903,73,51.22606888368263,-17.897340853306222,0.7479912733262405
1789322417.6662555,TIGHTLY_COUPLED,42.59375165466721,-7.239092886541872,-8.485982231532745,0.11989003595568122,0.14022029270458974,-0.33323579036932754,0.9246180599627688,-36.711639534817984,-39.98236508729861,1.402098724121597,60,51.24146902569654,-17.91859340062287,0.7466796960036982
1789322417.7758727,TIGHTLY_COUPLED,42.61139427034729,-7.288549045396651,-8.482718887021642,0.11995414129900635,0.14029359309197573,-0.33316617270132903,0.9246237143238916,-36.73613466507315,-39.98246854841865,1.402452090081258,53,51.25912057483944,-17.94031350068265,0.7449899861599137
1789322417.8831372,TIGHTLY_COUPLED,42.606384957593484,-7.301561021019734,-8.483366386070099,0.11989305702287639,0.14037014241963894,-0.3331913153843136,0.9246109589158408,-36.761130380432,-39.982574117147216,1.4028126434079113,63,51.278137093651026,-17.958579071676837,0.7452456813178727
1789322417.9971867,TIGHTLY_COUPLED,42.6040888959473,-7.3280155837161445,-8.483534678119437,0.11985830266608186,0.14040493322562844,-0.3332265921652918,0.9245974693247971,-36.786876570455995,-39.982682626922426,1.403183962713724,63,51.29426219555407,-17.978392615111407,0.744773434468239
1789322418.1081018,TIGHTLY_COUPLED,42.60324177595065,-7.377791095755651,-8.482446923360603,0.11986550803806077,0.14036397848861099,-0.3330741919304299,0.9246576643252991,-36.811373988818204,-39.98278531862906,1.4035372559659305,62,51.305419268319724,-17.999990906624074,0.7428360237254706
1789322418.2192745,TIGHTLY_COUPLED,42.60372371944025,-7.405086085918071,-8.48156998569469,0.11983344406404714,0.14035754650659482,-0.3330620092788658,0.9246671848819568,-36.83612297242092,-39.982889067730184,1.403893930569953,65,51.30670037508829,-18.02441244652333,0.7397940656281341
1789322418.32905,TIGHTLY_COUPLED,42.61555244495849,-7.4580214817073935,-8.478480018913135,0.11983415669136396,0.1403307971569874,-0.3330406185007172,0.9246788570568778,-36.86112659455804,-39.98299404276298,1.4042542129550744,69,51.32349560759067,-18.047039720163458,0.7388568076119801
1789322419.9907174,TIGHTLY_COUPLED,42.92514190380151,-7.593735797386313,-8.586109137142635,0.11963396829230631,0.1399025661562124,-0.33449060663241936,0.9242461899776586,-37.23618501152747,-39.984594687033926,1.4096669804516355,49,51.53040693501285,-18.385969374454195,0.7176844640969204
1789322420.013426,TIGHTLY_COUPLED,42.91754868958289,-7.59794227234579,-8.587056286402083,0.11969069231846635,0.139942167085187,-0.33451029417959016,0.924225725205543,-37.242183911542135,-39.98462181143822,1.409753580045961,63,51.53040693501285,-18.385969374454195,0.7176844640969204
1789322420.0326083,TIGHTLY_COUPLED,42.91604237758659,-7.619045846173026,-8.586409826817125,0.11981856946291093,0.14000821887948586,-0.33444388415325554,0.9242231859299677,-37.246933075546806,-39.98464328498085,1.4098221376436173,63,51.53040693501285,-18.385969374454195,0.7176844640969204
1789322420.0563238,TIGHTLY_COUPLED,42.90997704079621,-7.631716289874953,-8.586638259066232,0.11977617831962725,0.13996307398079175,-0.3344094718664912,0.9242479700572606,-37.25193222597413,-39.98466588848932,1.4098943029727156,63,51.545227301125195,-18.399273193977454,0.71805602927769
1789322420.1031742,TIGHTLY_COUPLED,42.91947454815965,-7.677819409440991,-8.583969074139478,0.11981189272741252,0.13989906392398832,-0.33448757498522286,0.9242247694445177,-37.261430700573584,-39.9847088385963,1.4100314184794869,57,51.545227301125195,-18.399273193977454,0.71805602927769
1789322420.2360861,TIGHTLY_COUPLED,42.906000414621126,-7.669879160827989,-8.585812296385674,0.11969562540887649,0.13990749364026311,-0.33450135605932035,0.9242335707361823,-37.29142651798463,-39.9848444694025,1.4104644079822368,53,51.580095357060394,-18.44358363374616,0.7154421461994184
1789322420.3289487,TIGHTLY_COUPLED,42.92232639234174,-7.737739549899608,-8.582201223769186,0.11974521775055992,0.13999406852398583,-0.33448847975426366,0.924218697341519,-37.31242427363436,-39.984938828993315,1.410767434445461,60,51.581344415818684,-18.45311236323503,0.7151182862002702
1789322420.4364116,TIGHTLY_COUPLED,42.91645247928311,-7.74699417253693,-8.582828291888013,0.11975867753399895,0.13996034820683023,-0.3344114231301582,0.924249944638999,-37.3364222746112,-39.98504667038685,1.411113770852683,61,51.588578427481444,-18.47957665104808,0.7125168808590806
1789322420.5397434,TIGHTLY_COUPLED,42.924367621516346,-7.796759030307634,-8.58045505788526,0.11972656722864254,0.13995573101255818,-0.3342841205358216,0.9243008542752614,-37.3606727000436,-39.98515579455277,1.4114635018269814,55,51.58284903644779,-18.50279858416987,0.7087226222877927
1789322420.6576965,TIGHTLY_COUPLED,42.90670413024083,-7.787745092210075,-8.583134819388125,0.11958067787269261,0.13994196637298056,-0.3341976769599973,0.924353082020995,-37.387426854098365,-39.98527615046414,1.4118492295968177,51,51.592268713842216,-18.525540413300753,0.7063203325697835
1789322420.763716,TIGHTLY_COUPLED,42.91589792062158,-7.831872843585305,-8.58099979270101,0.1195933213975703,0.13986857813992368,-0.33416580891589553,0.9243740749706251,-37.41117879963244,-39.98538198228467,1.4121910788658782,64,51.60620146879172,-18.55572189370694,0.7032694673561565
1789322420.8792946,TIGHTLY_COUPLED,42.909321555040094,-7.837935138441347,-8.581325785820152,0.11958598397811876,0.13986579030131793,-0.33419940834373457,0.9243632990345683,-37.43767155006854,-39.98548151569533,1.4125722842775785,68,51.606260642936775,-18.574963554817405,0.7013576869304275
1789322421.4362757,TIGHTLY_COUPLED,42.92070146515425,-7.887618691523838,-8.578419543630021,0.11969808358023151,0.13980415230673454,-0.33415388503878196,0.9243745717502747,-37.56680208768743,-39.98604947723049,1.4144388089289028,54,51.67690750940891,-18.6714343684751,0.6966673377462488
1789322421.5381992,TIGHTLY_COUPLED,42.92176242305846,-7.977034289894663,-8.574933259725256,0.11952124077392848,0.13968288622501468,-0.33403386129971946,0.9244591628649208,-37.58954143404816,-39.986158245034645,1.414767327899688,54,51.69738485133233,-18.686023150505616,0.6978098473379352
1789322421.5645077,TIGHTLY_COUPLED,42.9258340131943,-8.010198165006308,-8.572964102031916,0.11948285277266199,0.13961424668698807,-0.33400751100360154,0.9244840142525508,-37.5960384491631,-39.98618941564346,1.4148612161993825,83,51.69738485133233,-18.686023150505616,0.6978098473379352
1789322421.631228,TIGHTLY_COUPLED,42.93915540726774,-8.087477723477866,-8.569950869320241,0.11948682726247768,0.13953553558436987,-0.33393597969384603,0.9245212241402796,-37.61078194582373,-39.98626016521727,1.4150742843935913,83,51.70714851730873,-18.705973112489026,0.6958382722839764
1789322421.738348,TIGHTLY_COUPLED,42.9249297274792,-8.074180729195053,-8.571743063078317,0.11936906081254631,0.1395827819350819,-0.3339135859477231,0.9245373932013385,-37.63552206870535,-39.98637883139095,1.4154317790215638,54,51.69117930173784,-18.726157427148085,0.6908443704058529
1789322421.8478484,TIGHTLY_COUPLED,42.93912684772356,-8.143437091954965,-8.568295963053181,0.11937899227035417,0.13962364178276318,-0.333864521598395,0.924547660252141,-37.66101307743588,-39.986501030375855,1.4158000773350912,72,51.7121510087327,-18.749782842351518,0.6891202433882544
1789322421.9634247,TIGHTLY_COUPLED,42.93841510290373,-8.16866105136503,-8.567519979207683,0.11935929371574418,0.1395352613322204,-0.3338859865860315,0.9245557948604832,-37.68675506144524,-39.98662441826812,1.4161719891656963,52,51.720805818720194,-18.778980091970187,0.686255973305972
1789322422.0669143,TIGHTLY_COUPLED,42.93150029784735,-8.172928419939332,-8.568025752429245,0.11935776798032574,0.13961142501864932,-0.333941446754988,0.9245244633681698,-37.71049853063044,-39.98673822223076,1.4165150173947592,59,51.73131261038305,-18.806068143061385,0.6844747485543434
1789322422.174489,TIGHTLY_COUPLED,42.933378052809836,-8.205299072690263,-8.567029783675816,0.11938466272353407,0.13961935691081193,-0.33399941953505063,0.9244988508551262,-37.73574244514585,-39.98685921841713,1.4168797134622906,59,51.74259777308283,-18.82775731790113,0.6829259905063725
1789322422.2847445,TIGHTLY_COUPLED,42.934820816511845,-8.237576190387427,-8.565986486781583,0.11933938641546249,0.1396624669925034,-0.33397960167707896,0.9245053444016257,-37.761487086408465,-39.98698262199078,1.4172516345395074,52,51.753037250443285,-18.852316361037985,0.6808093051142543
1789322422.39583,TIGHTLY_COUPLED,42.94252927918861,-8.3077776445407,-8.563856134723528,0.11946797376953923,0.13972188144901465,-0.33391857959302396,0.9245018016695942,-37.78573274837239,-39.98709885221673,1.4176018916949005,60,51.76392246904309,-18.87252858945915,0.6793934104804351
1789322422.509849,TIGHTLY_COUPLED,42.93591527976889,-8.312348626247495,-8.564437219444134,0.11940570320744551,0.13968108049903233,-0.33386263847099157,0.9245362147722209,-37.811978762329254,-39.98722467267472,1.4179810168583615,59,51.7704090037366,-18.88670745789462,0.6785731452033784
1789322422.6145177,TIGHTLY_COUPLED,42.94288300952973,-8.35961358513493,-8.562303113299453,0.11937597980897087,0.1396879496881075,-0.3339124964812281,0.9245210094152835,-37.835975668515665,-39.987339414034714,1.4183275842444574,65,51.77828307503761,-18.903358771470163,0.6771698024769398
1789322422.731995,TIGHTLY_COUPLED,42.9291493159834,-8.353096025917202,-8.564538651851537,0.11936823697309525,0.13977285274527718,-0.3338886549830572,0.9245177876660822,-37.861973600757025,-39.987463196207244,1.4187030447788609,65,51.794577245920145,-18.92584192316272,0.6763732112515104
1789322422.8520603,TIGHTLY_COUPLED,42.93678594851845,-8.407111792622853,-8.562782913897344,0.11930377332997678,0.13988417254661606,-0.33388376410247644,0.924511038338072,-37.88972441127174,-39.98759538977012,1.419103482418588,69,51.80373175201753,-18.943695796517833,0.6749816418149737
1789322422.950778,TIGHTLY_COUPLED,42.95338216210723,-8.48570466076075,-8.559428368449524,0.11936522025150925,0.1398772864034152,-0.33382756422090654,0.9245244433269801,-37.9114776119982,-39.987698956062616,1.4194171627764862,65,51.81579562079779,-18.973532066736436,0.6716620402289704
1789322423.0584402,TIGHTLY_COUPLED,42.95001744855472,-8.499513593555696,-8.55939495787696,0.11941628686936484,0.13983620632085858,-0.33380773954057824,0.9245312211358433,-37.93597725136458,-39.98781349773311,1.419769796244114,63,51.810664128521694,-18.992881929383444,0.6686870378870138
1789322423.1628308,TIGHTLY_COUPLED,42.94146928116735,-8.500955786418983,-8.560731799497564,0.11933324446856171,0.13992618627573666,-0.3338292332011636,0.9245205688459601,-37.96047034317276,-39.98790388764244,1.4201226599468197,72,51.81725690026976,-19.01161546640139,0.6666793075147233
1789322423.2767215,TIGHTLY_COUPLED,42.94055588112265,-8.530152062849991,-8.560513552052258,0.11925795459416877,0.13994586392956784,-0.33372822143891284,0.9245637726248213,-37.98596025133001,-39.98799326098715,1.4204891279545415,47,51.82807300919402,-19.035414186112003,0.6645343179230677
1789322423.3817823,TIGHTLY_COUPLED,42.942547168013725,-8.56540504087488,-8.55956523293203,0.11923215923504234,0.13998022242241556,-0.3336107741460723,0.9246042834144665,-38.01092390692797,-39.98811933821029,1.4208500354362494,55,51.83983004471492,-19.056302959284647,0.6631565514276284
1789322426.3282468,TIGHTLY_COUPLED,43.30158124992875,-8.799021407354518,-8.7077370530526,0.11834204258708948,0.14029449630785096,-0.3360307997831307,0.9237943044093483,-38.53041215955608,-39.990854668671865,1.4283640165969358,93,52.08257818265029,-19.55767791894591,0.6254309424585506
1789322426.5121691,TIGHTLY_COUPLED,43.288065691388866,-8.817316303009195,-8.711113218266593,0.11815513433858757,0.1404977803027117,-0.3355037187981349,0.9239788918758175,-38.53040535385259,-39.99085461170982,1.4283645614001852,94,52.11921233448969,-19.58172750793613,0.6246432807536659
1789322426.5339212,TIGHTLY_COUPLED,43.27643289579846,-8.764298291018868,-8.714266746661734,0.11820231934988913,0.1405115525665519,-0.33537905202024487,0.9240160208360275,-38.53040442907737,-39.990854606004504,1.4283645935623368,94,52.090595898027374,-19.56566336310309,0.6254939508523112
1789322426.5484831,TIGHTLY_COUPLED,43.279027709652944,-8.748861809248517,-8.714461904314332,0.11821348180759315,0.1404867844372634,-0.33540528950101256,0.9240088353972302,-38.53040425100002,-39.99085460492721,1.428364599160629,94,52.090595898027374,-19.56566336310309,0.6254939508523112
1789322426.567943,TIGHTLY_COUPLED,43.24760383588359,-8.632463036068126,-8.72099814499447,0.11806865415618636,0.1404864736475707,-0.3353504012526152,0.9240473213031503,-38.530403442538926,-39.99085460010898,1.4283646224136926,94,52.090595898027374,-19.56566336310309,0.6254939508523112
1789322426.5871263,TIGHTLY_COUPLED,43.236645760399625,-8.585950568318902,-8.72359647583549,0.11805399094501882,0.14052083182756508,-0.3353118135743013,0.924057973680199,-38.53040248562305,-39.99085459453511,1.4283646458164025,95,52.090595898027374,-19.56566336310309,0.6254939508523112
1789322426.6085942,TIGHTLY_COUPLED,43.22660558028617,-8.559519889388865,-8.725753886836275,0.1180210836141268,0.14055312118319718,-0.33524910669117725,0.9240800184026146,-38.53040142225646,-39.99085458846787,1.428364667306429,95,52.090595898027374,-19.56566336310309,0.6254939508523112
1789322426.669826,TIGHTLY_COUPLED,43.23529944218322,-8.561050394868317,-8.724878215069579,0.11804706376473238,0.14054848828327782,-0.335143625855962,0.9241156655018512,-38.53039911075329,-39.99085457558867,1.428364700723324,77,52.08829035689857,-19.562052305662593,0.6262569230557915
1789322426.8055394,TIGHTLY_COUPLED,43.21784018659201,-8.537716506861246,-8.72795770314434,0.1179404328598667,0.1406177611907889,-0.3351075163836728,0.9241318369138053,-38.53039295277466,-39.99085454211469,1.4283647300205045,89,52.09149862046167,-19.558493055546624,0.6273745882848004
1789322426.8894145,TIGHTLY_COUPLED,43.22268647040056,-8.537999980192964,-8.727593713616367,0.1179820533076708,0.14059705818467313,-0.33500960997190254,0.9241651711429053,-38.530389135782244,-39.990854521425106,1.4283647210406238,91,52.088319528030176,-19.55977279705755,0.626935822104057
1789322426.9935503,TIGHTLY_COUPLED,43.216453788795135,-8.533035285081132,-8.728897821387905,0.11794840784850658,0.1406921353151517,-0.3351265127779236,0.924112610334787,-38.53038414031808,-39.99085449414167,1.4283646907403036,77,52.08854975434908,-19.56110299602735,0.6264626616551578
1789322427.1018076,TIGHTLY_COUPLED,43.2185572835876,-8.534816493981888,-8.729002602096083,0.1179345254193929,0.14067110717070375,-0.3350127153900823,0.9241588434075794,-38.530379036200856,-39.99085446597119,1.4283646456301684,94,52.09071044802581,-19.5620172054393,0.6270141640691608
1789322427.2188385,TIGHTLY_COUPLED,43.208176274495486,-8.525559172084424,-8.730513988544724,0.11785239596262535,0.1406498580805026,-0.3350320240900073,0.9241655549856617,-38.53037368492822,-39.99085443614614,1.4283645884864808,89,52.09354301629025,-19.562136921796498,0.6271028335673993
1789322427.3353124,TIGHTLY_COUPLED,43.2101195029009,-8.528213888203164,-8.72988783204725,0.11797584499586834,0.14057131529139755,-0.33501273834949763,0.924168745661921,-38.5303685151977,-39.99085440710505,1.4283645270095002,71,52.08662699374086,-19.56442322794728,0.6259821869965454
1789322427.4383898,TIGHTLY_COUPLED,43.217933496685355,-8.536655201404738,-8.728554835158057,0.11800307870163651,0.14057064270824565,-0.3349605148579157,0.9241843005113463,-38.53036338070655,-39.99085437809311,1.42836446188446,74,52.08660439312604,-19.565664843561375,0.6257094974822534
1789322427.5491388,TIGHTLY_COUPLED,43.20877985373987,-8.52986967109587,-8.729952239850974,0.11799059593803189,0.14059347518927498,-0.3350290557479475,0.9241575762871987,-38.53035812975231,-39.99085434829428,1.4283643924401068,88,52.08546732371157,-19.56550978977348,0.625760364608547
1789322427.657753,TIGHTLY_COUPLED,43.20753473774895,-8.531395433299911,-8.730189096641501,0.11804133052981092,0.14060549948017345,-0.33505028168531914,0.924141572782694,-38.53035276573256,-39.990854317756344,1.4283643194785156,81,52.08618072752593,-19.564806601309645,0.6255797614448658
1789322427.7622244,TIGHTLY_COUPLED,43.207953755107795,-8.53449910384162,-8.730125015443798,0.11809525423001224,0.14059513259708953,-0.33510052164936377,0.924118044412444,-38.530347607088785,-39.990854288321145,1.4283642479899896,74,52.08747395130116,-19.567650869978863,0.6254806642008338
1789322427.870417,TIGHTLY_COUPLED,43.21022758428887,-8.538820913113758,-8.729678639978314,0.11807341049466101,0.1405465052167709,-0.33508988594774775,0.9241320890116503,-38.530342339995414,-39.990854258219294,1.4283641740795852,97,52.08724827650776,-19.56569220109454,0.6255814811258423
1789322427.9812057,TIGHTLY_COUPLED,43.20538317230926,-8.535709570260854,-8.730187619279857,0.11796039139755395,0.14049877759295035,-0.3351109690606067,0.9241461345325661,-38.53033691289297,-39.99085422716718,1.4283640972539096,75,52.08481706474544,-19.564880086516055,0.6255274972636875
1789322428.0884352,TIGHTLY_COUPLED,43.20356850426014,-8.534837387161128,-8.730177857021314,0.11790968599029143,0.14043770698268787,-0.33500867434813353,0.9241989745280081,-38.530331800945724,-39.99085419789474,1.4283640244595488,84,52.088249667124124,-19.563353488469154,0.6260746428315261
1789322428.1993544,TIGHTLY_COUPLED,43.20093208186037,-8.532593040751228,-8.730429652078543,0.11783061888439343,0.1404371401024001,-0.3349270100624577,0.924238742351673,-38.53032642509295,-39.9908541670937,1.428363947596259,78,52.08659474246164,-19.5630581276024,0.6263333161476663
1789322428.307725,TIGHTLY_COUPLED,43.20448217882483,-8.5365895669477,-8.729805564855246,0.11784296340826608,0.1403686138929206,-0.3349249097136019,0.924248339496628,-38.53032120737938,-39.99085413718649,1.4283638727821115,88,52.0834137678801,-19.562112787308592,0.6259003422970091
1789322428.4144745,TIGHTLY_COUPLED,43.19851371031158,-8.532789342672787,-8.730693820430243,0.11782734801558056,0.14044991226313722,-0.3348631664870361,0.9242603518139074,-38.53031598998152,-39.99085410727246,1.4283637978276982,85,52.08496866000389,-19.566490744766263,0.6250225184921351
1789322428.5265186,TIGHTLY_COUPLED,43.198505527613236,-8.534262383057344,-8.73048201595294,0.11789972939710613,0.1403405060108845,-0.3348319339269339,0.924279055374213,-38.530310667713316,-39.99085407675076,1.4283637212629687,100,52.08594118324875,-19.56380068278288,0.6257402602175497
1789322428.636848,TIGHTLY_COUPLED,43.20091960431215,-8.538757954931931,-8.729784823158262,0.11792171205417522,0.1403581930894268,-0.33479329353815385,0.9242875624289008,-38.53030545149813,-39.99085404683254,1.4283636461532003,90,52.088566336843044,-19.567151550520038,0.6252948188907882
1789322428.7502086,TIGHTLY_COUPLED,43.19738615716423,-8.537186044365185,-8.730139631077563,0.1179474665014496,0.14032349124746107,-0.3347773400211849,0.9242953237782571,-38.53030002532554,-39.99085401570642,1.4283635679687712,97,52.08496745600732,-19.568532753444458,0.6246633800452993
1789322428.8591144,TIGHTLY_COUPLED,43.196486112694096,-8.538414427823104,-8.730163097438624,0.11792177748370485,0.14034777276449034,-0.3347725740157156,0.9242966411071842,-38.53029486338287,-39.99085398609335,1.4283634935577336,92,52.08566388742907,-19.568093452123225,0.6246662478378979
1789322428.9681737,TIGHTLY_COUPLED,43.19613816516919,-8.540007119341592,-8.730301141791218,0.11793217436995633,0.14034847661532687,-0.33483099002519084,0.9242740478228748,-38.530289649628884,-39.99085395618094,1.4283634183765368,90,52.08482767777757,-19.564418958778866,0.625263596838935
1789322429.0789535,TIGHTLY_COUPLED,43.19942662346691,-8.54612264294311,-8.729592494871099,0.11795285537932042,0.1402683558681979,-0.3347798271179161,0.9243021040789617,-38.5302843314718,-39.9908539256678,1.428363341673041,90,52.08683198805292,-19.567862262514268,0.6249256231946102
1789322429.1940455,TIGHTLY_COUPLED,43.19208289804979,-8.540445313413523,-8.730107949462319,0.1178951919319031,0.14019422442472407,-0.33487428877181213,0.924286489069738,-38.53027917219517,-39.99085389606495,1.4283632672497308,84,52.085111940059974,-19.57230023173753,0.6239773856847983
1789322429.3038945,TIGHTLY_COUPLED,43.19899114688477,-8.550299310931388,-8.72883826492628,0.11794633172648762,0.14019826071625344,-0.33486594256664176,0.9242823762429734,-38.53027385594082,-39.99085386556006,1.4283631905538376,93,52.08690211485309,-19.568302278356477,0.624872768763607
1789322429.4279263,TIGHTLY_COUPLED,43.19528105634026,-8.54836143006905,-8.729214267117909,0.11794335184099257,0.1401581952614162,-0.33485383781437467,0.9242932182800861,-38.53026801446101,-39.990853832040074,1.4283631062740794,99,52.08586178158427,-19.569166460194914,0.6247500473046295
1789322429.5331256,TIGHTLY_COUPLED,43.194639954049876,-8.551128339927706,-8.729174140213814,0.11795958259289027,0.1401475987512192,-0.33489575337655514,0.9242775675137465,-38.530263279006434,-39.99085380486584,1.4283630379482903,97,52.084395274091406,-19.570937888631533,0.6244360229530483
1789322429.6457944,TIGHTLY_COUPLED,43.198794632254724,-8.558497526667296,-8.728383099485496,0.11789770663792418,0.14012285855210496,-0.33491210853530123,0.9242832871133955,-38.53025796571794,-39.990853774374756,1.428362961282534,100,52.087356123071196,-19.56755564957368,0.6248322349842848
1789322429.7535837,TIGHTLY_COUPLED,43.197975979436755,-8.559342357086678,-8.728666445498101,0.11787817218301928,0.1401816744633636,-0.3348206544045347,0.9243099934824666,-38.53025275861524,-39.99085374449211,1.4283628861469786,100,52.08540504324101,-19.568463944988235,0.6252949748268367
1789322429.863252,TIGHTLY_COUPLED,43.19110308198341,-8.552379769183029,-8.729515421577851,0.11782278567521885,0.1401001284360845,-0.33483340768551617,0.9243247991294127,-38.53024744731284,-39.990853714010555,1.4283628095064551,91,52.081868327701635,-19.565526208605235,0.6253231855672591
1789322429.9703643,TIGHTLY_COUPLED,43.197352318415525,-8.561309571264008,-8.728268002803425,0.1178651295771387,0.14007643121287428,-0.33486802274534827,0.924310452170184,-38.530242242161016,-39.99085368413731,1.428362734396639,98,52.084102916062925,-19.565139339096003,0.6257339087981413
1789322430.0755868,TIGHTLY_COUPLED,43.19779005238777,-8.563764350393804,-8.72822827014,0.11782627096346789,0.14008694256939475,-0.3349133530935127,0.9242973895408678,-38.53023703797682,-39.99085365426882,1.4283626593000491,94,52.08430079485404,-19.564903516703197,0.6258022950397025
1789322430.1902483,TIGHTLY_COUPLED,43.19374062988147,-8.560480120832905,-8.72908164974454,0.11772371688902987,0.1401501178289049,-0.3348648241373168,0.9243184627117753,-38.53023157199803,-39.990853622896864,1.4283625804251572,93,52.083658939647215,-19.56451241381932,0.6252868767151456
1789322430.2998452,TIGHTLY_COUPLED,43.193289013112675,-8.560979918947258,-8.729030826147273,0.11790818506484475,0.14009198298810874,-0.33486085362434764,0.9243052011685031,-38.53022647488537,-39.99085359364118,1.4283625068726404,93,52.08193344152415,-19.56607255864525,0.6251478337701508
1789322430.4074779,TIGHTLY_COUPLED,43.19426323866277,-8.565788540834838,-8.728431709773103,0.11795681094492425,0.14009601240172662,-0.33476234926902704,0.9243340670843636,-38.53022116857133,-39.99085356318391,1.4283624303009557,94,52.084174525703055,-19.562728399434953,0.6263028431444699
1789322430.509825,TIGHTLY_COUPLED,43.19411773042448,-8.567477709473206,-8.728102616218663,0.11794915145374071,0.14003049718340624,-0.33471535797699675,0.9243619889763108,-38.53021596831197,-39.99085353333454,1.4283623552593965,97,52.0822312935274,-19.56691058601187,0.6252755336593081
