time,mode,fused_x,fused_y,fused_z,fused_qx,fused_qy,fused_qz,fused_qw,gt_x,gt_y,gt_z,feat_count,aft_x,aft_y,aft_z
1789320739.2421052,LIDAR_ONLY,-0.9324487605243766,0.48531447286579066,-1.1522810189034105,0.035935567060256725,-0.037797297443593086,0.40239694720085323,0.9139784987675871,0.687629786625935,0.49095658895021277,-0.030215366741892714,117,,,
1789320739.3524802,LIDAR_ONLY,-0.9322079678834042,0.48613004483505,-1.1522777781848303,0.03593150426295629,-0.03785045917580606,0.4023996412534819,0.9139752723463862,0.6876300284393841,0.49095686232733576,-0.030215379907148204,117,,,
1789320739.4509084,LIDAR_ONLY,-0.9299276132305331,0.4860170206003778,-1.1527324617047958,0.03597455803736711,-0.03791938254134963,0.4023748502178536,0.9139816363110688,0.6876302507204669,0.49095711362261873,-0.03021539200905944,117,0.05253175450464872,0.4386534859841158,-0.2535316348331694
1789320739.5704038,LIDAR_ONLY,-0.9296260738820737,0.4871768490667181,-1.1533396186485765,0.03600352941309105,-0.03791409589857395,0.4023720197366404,0.9139819609461947,0.6876305194222803,0.49095741739798376,-0.030215406638402567,117,0.051761495434889594,0.43878026177467366,-0.2536336045291521
1789320739.6828423,LIDAR_ONLY,-0.9315628370996684,0.48809709778212906,-1.1538354573861611,0.036042397640682365,-0.037888855803467014,0.40237153602551234,0.9139816886429865,0.6876307685923267,0.49095769909219067,-0.030215420204438632,117,0.05294186971786692,0.43853171488791426,-0.2537255229990339
1789320739.8052516,LIDAR_ONLY,-0.9313244598410847,0.48962806499953265,-1.1542138282271308,0.03607735429074172,-0.03791034011238768,0.4023670233428316,0.9139814052518643,0.6876310397591205,0.49095800565446907,-0.030215434968184143,117,0.054206982416729235,0.4377175883718734,-0.253689106794646
1789320739.91122,LIDAR_ONLY,-0.9306984759067868,0.48802893033312666,-1.1547413621192906,0.036027495168218196,-0.03791414135188193,0.4023758804004791,0.9139793150555394,0.6876312547464765,0.49095824870425664,-0.03021544667329875,117,0.053314061823369605,0.43837971292772804,-0.2536645192136604
1789320740.0073874,LIDAR_ONLY,-0.9305883642437811,0.48740479824283695,-1.1548764902617714,0.03598757123406317,-0.03792005442100453,0.40238364771127183,0.9139772230443998,0.687631472184327,0.4909584945244631,-0.030215458511897407,117,0.05366524186736697,0.43819241308725454,-0.2536120269088655
1789320740.1237473,LIDAR_ONLY,-0.930884601362258,0.4880179875751695,-1.1552160509172793,0.03602478771031875,-0.03792487732135095,0.40238178836175614,0.9139763753759622,0.6876317140622206,0.49095876797496274,-0.03021547168123316,117,0.053561642684332694,0.43794882486886955,-0.25357925232994577
1789320740.239188,LIDAR_ONLY,-0.9313392876053787,0.4890494696919975,-1.1554782843347184,0.036022059486120174,-0.03791000642442405,0.4023806860636804,0.9139775851333557,0.6876319852697158,0.4909590745835787,-0.030215486447550788,117,0.053067930626676404,0.4383542883373797,-0.2535783779577234
1789320740.3375359,LIDAR_ONLY,-0.9312000618379759,0.48921587668635386,-1.155471988114849,0.0360261168785111,-0.038000050314825194,0.40238622116775835,0.9139712490516638,0.6876322051762893,0.49095932319495433,-0.030215498420783603,117,0.05284469393433387,0.4388197967256397,-0.25364094902255807
1789320740.4530528,LIDAR_ONLY,-0.9315981022077017,0.48964455169748383,-1.1558640590958833,0.036020543084508874,-0.03793566177087247,0.40238488455500215,0.9139747319940309,0.687632473961473,0.4909596270652347,-0.030215513055395563,117,0.05332895777375524,0.43826112746326684,-0.25362307847329
1789320740.554074,LIDAR_ONLY,-0.9307302237255558,0.489760448862104,-1.1562474650746464,0.036077969977808266,-0.037978891161224396,0.40237761978918374,0.9139738699772743,0.6876326963288533,0.4909598784587657,-0.030215525162760846,117,0.05308527464097768,0.43820122210176216,-0.25360989338998546
1789320740.6668081,LIDAR_ONLY,-0.9312783165212813,0.4911881324224997,-1.1564840783366486,0.03608342880285926,-0.0380065114453792,0.4023854869136181,0.9139690427880323,0.6876329431414792,0.4909601574885103,-0.03021553860118935,117,0.05311458933814856,0.4382168286987937,-0.25361363870561643
1789320740.7688928,LIDAR_ONLY,-0.9319792061062951,0.4903832042412013,-1.157286181321929,0.03608039799361146,-0.03795818978504884,0.40237583992077464,0.9139754176983734,0.6876331850762056,0.49096043100370246,-0.030215551774106696,117,0.052116623762463093,0.43886715703875523,-0.2536478262314747
1789320740.8846085,LIDAR_ONLY,-0.9328055119538442,0.4908680884602564,-1.1576986303693333,0.03612920017071186,-0.038000178136091314,0.40238150904932213,0.913969249226603,0.6876334514596554,0.4909607321590662,-0.030215566278305198,117,0.05339635986684944,0.43761464766646474,-0.2535958859937917
1789320740.984669,LIDAR_ONLY,-0.9307696461817971,0.48969870185024394,-1.1578309137322336,0.03611723772769699,-0.03801979170477775,0.4023592301454685,0.9139787144646162,0.6876336714178953,0.4909609808292483,-0.030215578254789342,117,0.05316351388184563,0.43818189953542913,-0.2534756822581972
1789320741.093631,LIDAR_ONLY,-0.931472735267385,0.4899006726849302,-1.1583447170417662,0.03614484961436786,-0.03808169843168273,0.4023712903864377,0.913969736240575,0.6876339133809601,0.4909612543766926,-0.030215591429486925,117,0.05288099766369153,0.43843943953544795,-0.25349948093669716
1789320741.2019758,LIDAR_ONLY,-0.9306916343066266,0.4912450726802686,-1.1583179329131692,0.03616519960060202,-0.038065266508480564,0.40235690444508804,0.9139759489553614,0.6876341602419015,0.49096153346142346,-0.030215604870950638,117,0.05199115169470584,0.4385565338788657,-0.2536574041004727
1789320741.318632,LIDAR_ONLY,-0.9314216031292918,0.4912943887731008,-1.1591455490811446,0.03617259854911897,-0.03806200678263781,0.4023611595086681,0.9139739187048627,0.6876344291115531,0.4909618374278373,-0.03021561951087079,117,0.052631695808135655,0.4378860863644032,-0.25345951203281525
1789320741.4278126,LIDAR_ONLY,-0.9307056082449001,0.4924217006045318,-1.1590632490139352,0.03620557053819016,-0.03805469547078951,0.4023518642025094,0.9139770096601966,0.687634673548661,0.4909621137724917,-0.030215632820525036,117,0.05299281831574832,0.43853239862306215,-0.25345072411780695
1789320741.5297434,LIDAR_ONLY,-0.9307098994384101,0.49531145668647786,-1.1590751654598423,0.03626030947979445,-0.03811903972538395,0.4023505691808907,0.9139727283932806,0.687634898439352,0.4909623680193044,-0.030215645065942313,117,0.05435027452213685,0.43774212059515494,-0.253448069076561
1789320741.6359367,LIDAR_ONLY,-0.9296636886285924,0.49563579393238816,-1.159302670569233,0.03624368707951774,-0.038088161457343915,0.4023403284318662,0.913979183144244,0.6876351380058557,0.4909626388577039,-0.030215658110538703,117,0.05366341126028436,0.43779670100441054,-0.2535964545292685
1789320741.7472372,LIDAR_ONLY,-0.928942919361729,0.4973072337514098,-1.1598468701889182,0.03631197469530151,-0.038117732586097096,0.402322005410429,0.9139833056017781,0.6876353824710862,0.49096291523435726,-0.03021567142195243,117,0.0543521962566816,0.4372687864963071,-0.25356325838419386
1789320741.8677485,LIDAR_ONLY,-0.9314222424964583,0.4981390716749331,-1.1599705312811963,0.03628772784730752,-0.03811000465970258,0.40234513432757074,0.913974409507972,0.6876356538388838,0.4909632220254029,-0.030215686198333445,117,0.055104344682090654,0.4376095462261989,-0.2535739035720879
1789320741.9873612,LIDAR_ONLY,-0.9297672811164291,0.4985462182326166,-1.1605705072618422,0.03636672747042001,-0.03810122696884076,0.40232242842064675,0.9139816306831744,0.6876359081042895,0.49096350948165773,-0.03021570004355082,117,0.05424866881112965,0.43800475849955467,-0.2534200399637028
1789320742.095931,LIDAR_ONLY,-0.9314748995452093,0.49819781468664426,-1.161264941018353,0.0363308719975172,-0.038160794026363555,0.4023469043901745,0.9139697971305295,0.6876361452651906,0.4909637776007179,-0.030215712957472093,117,0.053564439734307294,0.4383018281030741,-0.2535449551532425
1789320742.2106824,LIDAR_ONLY,-0.9315099380509472,0.4993598278862564,-1.161316958337851,0.03634859915909019,-0.03814090969706352,0.40233271233592816,0.9139761697829257,0.687636392215695,0.4909640567873513,-0.030215726404535598,117,0.05305173945221992,0.4382892181326078,-0.25354691579600636
1789320742.3352282,LIDAR_ONLY,-0.9309587237653404,0.4993008958583165,-1.162449928742347,0.036400146207073124,-0.03815492384742778,0.40233280166164614,0.9139734940628155,0.6876366367309814,0.49096433322095057,-0.030215739719072883,117,0.05209310913240905,0.43880438451613335,-0.2535636612898009
1789320742.4401736,LIDAR_ONLY,-0.9307337699242731,0.499948044107693,-1.1632120196730784,0.0363970085524472,-0.03815835504155621,0.4023271569325991,0.9139759605719875,0.6876368690295837,0.4909645958431983,-0.03021575236844873,117,0.05135409161902799,0.4388515788960568,-0.25354621299841607
1789320742.5549152,LIDAR_ONLY,-0.929733796089774,0.49969673930884806,-1.1632207737614364,0.03639485530237399,-0.03821527521718754,0.40232612253749417,0.9139741234693349,0.6876371209001836,0.49096488059239046,-0.030215766083658252,117,0.052471474007236174,0.43870497446454937,-0.25377755549750386
1789320742.6624808,LIDAR_ONLY,-0.9288353111871435,0.5005715122995832,-1.1636261082680575,0.03641593594447364,-0.03827820847175846,0.4023277422321546,0.9139699372495014,0.6876373678902211,0.49096515982399264,-0.030215779533183017,117,0.0533403518351429,0.43789901411557525,-0.25371342636012767
1789320742.7720716,LIDAR_ONLY,-0.9287436308416878,0.5015294634399519,-1.1640988785568802,0.03647338517152607,-0.03826866555710752,0.40231901432776,0.9139718880364688,0.6876376124447081,0.4909654363021807,-0.030215792850159226,117,0.05298242430586554,0.43863794564563224,-0.2538220498898175
1789320742.8864808,LIDAR_ONLY,-0.930815897658408,0.5021558992248426,-1.1649717347985753,0.036464908259305304,-0.038277331653122755,0.40233681830140233,0.9139640260897919,0.6876378570090559,0.49096571279158413,-0.030215806167748063,117,0.05210232306943057,0.4384025132855679,-0.2539171359402573
1789320743.0014164,LIDAR_ONLY,-0.9296322408021449,0.5033321454609831,-1.1648942457205735,0.036503381272330535,-0.03824892440103292,0.4023245513732658,0.9139690795098878,0.6876381040290712,0.4909659920572822,-0.03021581961913506,117,0.052303816256700914,0.4389843454612241,-0.2539800595109781
1789320743.0973258,LIDAR_ONLY,-0.9303106015932658,0.5039276450695737,-1.1659003933035612,0.03653921593054325,-0.0382458067364408,0.4023188321290012,0.9139702956226842,0.6876383241544165,0.4909662409175708,-0.030215831606046892,117,0.05358961707922152,0.4386978960038511,-0.25382687167208334
1789320743.2157245,LIDAR_ONLY,-0.9318328202255988,0.5055259017682868,-1.1660474667264453,0.03654518317430161,-0.03834356755989993,0.40234489320413364,0.9139544886514266,0.6876385883154199,0.4909665395619597,-0.030215845990997754,117,0.052692770431699114,0.4389248087665796,-0.25391754332211647
1789320743.322383,LIDAR_ONLY,-0.9324790056356244,0.5058828679806922,-1.1663517498393061,0.03652535761775585,-0.03831995952130692,0.4023423342452332,0.9139573978185623,0.6876388133505844,0.49096679397311116,-0.030215858245410183,117,0.051749047623355436,0.4387347036199497,-0.2537713123886622
1789320743.4417422,LIDAR_ONLY,-0.9310410330718022,0.5067925278221544,-1.1667085574977332,0.036629224460505906,-0.03833406161234901,0.4023182108037324,0.9139632688961884,0.6876390775330257,0.4909670926418782,-0.03021587263168908,117,0.05287291315119301,0.4391105790974498,-0.2536909668251592
1789320743.5538404,LIDAR_ONLY,-0.9322117425759344,0.5062261249739899,-1.167183602255698,0.03656564013951573,-0.038309775721210644,0.40232974743842087,0.9139617548735367,0.6876393270493175,0.49096737473004926,-0.030215886219389615,117,0.052040264268412864,0.43896812806221247,-0.2537422878181802
1789320743.6534543,LIDAR_ONLY,-0.932266123798452,0.506863123426129,-1.1676593070434593,0.036596756191034516,-0.03831647110303521,0.4023304167681265,0.9139599341446483,0.687639542326602,0.4909676181097044,-0.030215897942626746,117,0.052550821391607154,0.4389084862041603,-0.2536753207960101
1789320743.7786155,LIDAR_ONLY,-0.9328042039940495,0.5068485486784182,-1.1678738526570491,0.0366032550042956,-0.038330876072900255,0.40234130934577117,0.9139542748171294,0.6876398138805568,0.4909679251124774,-0.03021591273057276,117,0.052821029953834156,0.4387257952352913,-0.2537644604355984
1789320743.878146,LIDAR_ONLY,-0.9323031229980523,0.5089430597374963,-1.1681396176888543,0.03668934574083899,-0.038325411529287506,0.40232282455050705,0.9139591892343564,0.6876400340684734,0.490968174043917,-0.030215924721357444,117,0.05306533459776976,0.4383808669060367,-0.2537433765995403
1789320744.0017407,LIDAR_ONLY,-0.9315167657134418,0.5087428445276493,-1.1681603417322497,0.036666839139591616,-0.03841554418951121,0.40233684488011334,0.9139501365632868,0.6876403105381084,0.49096848660421294,-0.03021593977716229,117,0.05365196790005675,0.43831222808410447,-0.25376038216444774
1789320744.1085746,LIDAR_ONLY,-0.9309706262358453,0.5093127347964388,-1.1683920372906067,0.036678872543309336,-0.03839805517706287,0.4023269639114065,0.913954738363668,0.6876405429782286,0.4909687493873948,-0.030215952435307968,117,0.05391194638646083,0.43808814104380495,-0.25375995718799527
1789320744.217879,LIDAR_ONLY,-0.9315002313862926,0.5105199537090713,-1.1689366485129014,0.036741487672546716,-0.03845300060961469,0.4023349601580663,0.9139463932104182,0.6876407876618198,0.4909690260123894,-0.03021596576027502,117,0.05455345646248002,0.43808951666775825,-0.25370031617229033
1789320744.3309371,LIDAR_ONLY,-0.929378365095869,0.5109561812636438,-1.169044432652956,0.03678472991720025,-0.0384963781286011,0.402310676086969,0.9139535176486517,0.6876410396964199,0.4909693109480721,-0.03021597948563841,117,0.05322301913761732,0.43839902019606036,-0.25378628732823966
1789320744.427768,LIDAR_ONLY,-0.9305755465206548,0.5128439477425595,-1.1691485249052493,0.03677569303873345,-0.038482085137280395,0.40232680651458946,0.9139473826675035,0.687641255035405,0.4909695543978766,-0.03021599121268321,117,0.05295430141254022,0.4388646308341431,-0.2538157661309905
1789320744.5507772,LIDAR_ONLY,-0.9303824773352716,0.5122309128762443,-1.1696053158452868,0.036782741373976406,-0.03849402457481334,0.4023288633366044,0.9139456908018796,0.6876415291144844,0.49096986425590566,-0.0302160061387075,117,0.05337475150487462,0.43878421949615726,-0.25366079248755685
1789320744.6586592,LIDAR_ONLY,-0.9305442360801358,0.5138208815527933,-1.1701997142917482,0.03682306697490483,-0.03850599737735806,0.4023312394551564,0.9139425166075896,0.6876417567076203,0.4909701215596621,-0.03021601853322997,117,0.052786947082287455,0.4383087411206599,-0.2538153270886329
1789320744.7751656,LIDAR_ONLY,-0.9313402280336199,0.5148488248269096,-1.1707927968818526,0.03683050449273319,-0.0385545497625498,0.40233915894358807,0.9139366836996884,0.6876420161255019,0.4909704148427186,-0.03021603266097518,117,0.05352563886017747,0.4384149254551112,-0.25375858152609293
1789320744.894422,LIDAR_ONLY,-0.9310936403630646,0.5150397323567388,-1.170970564370638,0.03685202680386123,-0.03852630845482495,0.4023304310753258,0.9139408492391801,0.6876422731072483,0.49097070537168797,-0.030216046656128377,117,0.053203474047769324,0.43873750572375586,-0.2539188147117104
1789320745.0166597,LIDAR_ONLY,-0.9315249591171109,0.5155813706693286,-1.1712996766548303,0.036830941874828424,-0.03860939500925066,0.4023502101983827,0.9139294856229062,0.6876425203097499,0.4909709848448624,-0.030216060118780044,117,0.05363538202169554,0.4382281889777306,-0.2537625103731651
1789320745.1363318,LIDAR_ONLY,-0.9301711124499064,0.5168690756974138,-1.171559619454886,0.03689657096298068,-0.0385911019357975,0.40232361103852315,0.9139393206900981,0.6876427626271922,0.4909712587953258,-0.030216073315460903,117,0.05305731612203107,0.438827734566877,-0.2535708621704513
1789320745.2523773,LIDAR_ONLY,-0.929077837265018,0.5167149420933896,-1.1722852867802052,0.03691625223361418,-0.038603817607244316,0.40232431754343706,0.9139376779082797,0.687643002506786,0.4909715299897538,-0.03021608637944348,117,0.05291897254248281,0.43874547321578855,-0.2536283394376916
1789320745.3760197,LIDAR_ONLY,-0.927425603518644,0.5160858365656026,-1.1728442643517434,0.03688596183717359,-0.038581133974974514,0.4023166482093543,0.9139432348314321,0.6876432472919477,0.4909718067302025,-0.03021609971065521,117,0.05288419296135524,0.4381576460015145,-0.2537541678788931
1789320745.4837525,LIDAR_ONLY,-0.9281506264780546,0.5174863329988388,-1.1730452207462452,0.03689487766080644,-0.038662183708255984,0.40233582186675326,0.9139310094291075,0.6876434676072979,0.4909720558064992,-0.030216111709279334,117,0.05301863566914508,0.43853472684171474,-0.25374101940116645
1789320745.6084454,LIDAR_ONLY,-0.9282090156087038,0.5179035306884487,-1.1734872987363714,0.03690662768404119,-0.038615966095169485,0.40232946981375745,0.9139352852991885,0.6876437417890433,0.4909723657812182,-0.030216126641606958,117,0.05295454189098306,0.43854381162221506,-0.25369210300769396
1789320745.7168643,LIDAR_ONLY,-0.9285040863523227,0.5183557656563569,-1.1740076393468484,0.036931653834146365,-0.03865365657777131,0.4023350539721811,0.9139302227869722,0.6876439768121594,0.490972631485416,-0.030216139441368833,117,0.053453542480590276,0.43827401783819536,-0.2536841843963714
1789320745.8357599,LIDAR_ONLY,-0.9278342280713747,0.5202247549146335,-1.174422775938429,0.03700582555264117,-0.03869654094826242,0.4023315912435764,0.9139269321347407,0.6876442289828527,0.49097291657578185,-0.03021615317508773,117,0.053432503767038765,0.4380469080171427,-0.2536497839097073
1789320745.9522812,LIDAR_ONLY,-0.9279537830326197,0.5195207247114514,-1.174585042367164,0.036958177302378666,-0.03867938128860543,0.4023307118312071,0.9139299737458068,0.6876444664739183,0.49097318507022303,-0.03021616610939131,117,0.05252941158280453,0.4384106648348524,-0.25380207325093945
1789320746.065749,LIDAR_ONLY,-0.9278877122224259,0.5207399108734656,-1.1751808041022602,0.03700134899811112,-0.038706467457535726,0.4023302555913162,0.9139272810158942,0.6876447137686762,0.4909734646482437,-0.030216179577694603,117,0.05413722562188074,0.43818790235297816,-0.2537466069041345
1789320746.180555,LIDAR_ONLY,-0.9280552596408713,0.5217962501472718,-1.1756725915153143,0.03704933630483922,-0.038684112849722826,0.4023053117808069,0.913937263823589,0.6876449659711399,0.4909737497747113,-0.030216193313355587,117,0.05431988440377823,0.43786663902784156,-0.2537141545751946
1789320746.2936985,LIDAR_ONLY,-0.9278391609655144,0.5214899793497725,-1.1761794117919793,0.03704363224175945,-0.03871368948055237,0.402315998415867,0.9139315384512041,0.687645203492164,0.49097401830319376,-0.030216206249489466,117,0.05325955518161568,0.4381928878838651,-0.25369384031601866
1789320746.410158,LIDAR_ONLY,-0.9271997010490313,0.521214047415741,-1.176699141503688,0.037034929597355964,-0.038717287414302214,0.40231442858044264,0.9139324297785856,0.6876454508181549,0.4909742979167025,-0.03021621971969997,117,0.05281775812201469,0.43852029610117593,-0.2536421831718913
1789320746.5261548,LIDAR_ONLY,-0.927337544564636,0.522286001731416,-1.1772602943069188,0.03709541193075737,-0.03877586977187012,0.4023160526269362,0.9139267783229698,0.6876456908078721,0.4909745692362702,-0.030216232790417817,117,0.0531570476400742,0.43879913151554634,-0.2536183169181753
1789320746.667182,LIDAR_ONLY,-0.926378616717356,0.5234541351184067,-1.1774199860081012,0.03715259354008784,-0.03879193268516397,0.40230231345150014,0.9139298218919032,0.6876460140749847,0.49097493470490483,-0.030216250396829042,117,0.052677141204290935,0.43840291703229944,-0.25380541463400935
1789320746.7535243,LIDAR_ONLY,-0.9273219634358671,0.522246961084553,-1.1776767275980682,0.03710355475565321,-0.038706623300977266,0.40229433613579113,0.9139389425176027,0.6876461855118151,0.4909751285223239,-0.030216259734007156,117,0.05265469267047394,0.43822580254617405,-0.2536846547272341
1789320746.8645349,LIDAR_ONLY,-0.9271010687070883,0.52344674913528,-1.178682629306478,0.03717179537771032,-0.03877129990546313,0.402296516817077,0.9139324682321367,0.6876464279811249,0.49097540264535755,-0.030216272939971534,117,0.05264901518480652,0.43859417587921934,-0.25375575597062905
1789320746.9814246,LIDAR_ONLY,-0.9266758350934458,0.5239455957568568,-1.1790635443517479,0.037167416371140745,-0.03877617711173606,0.4022980214696989,0.9139317770875786,0.6876466802579428,0.4909756878563032,-0.030216286680165738,117,0.05257223460596279,0.43888984999262365,-0.25372868933933235
1789320747.0870554,LIDAR_ONLY,-0.9263943623828335,0.5244233532289936,-1.1792668090844998,0.03716618472695933,-0.038816769079285274,0.40230610459388944,0.9139265459311146,0.6876469153996336,0.4909759536952268,-0.03021629948716273,117,0.052705289733665873,0.4384780771883502,-0.2537235094148745
1789320747.203041,LIDAR_ONLY,-0.9277863142309263,0.525358548938584,-1.1801053713012721,0.03719807709094336,-0.03881042864347837,0.40231928293720787,0.9139197165321125,0.6876471701472578,0.4909762416996536,-0.030216313362065705,117,0.05310810844061757,0.4386078820750781,-0.25362136143354086
1789320747.3129642,LIDAR_ONLY,-0.928299667080971,0.5244050245062088,-1.1800762851570246,0.03716566477391497,-0.03878255259197738,0.4023139744928989,0.9139245553677232,0.6876474053088844,0.4909765075612234,-0.030216326170274733,117,0.052538033659342794,0.4390321296435166,-0.2536846321925269
1789320747.4314342,LIDAR_ONLY,-0.930821089789298,0.5244325329809143,-1.1805312148180767,0.037167553781618796,-0.03871840407595183,0.402328710243775,0.9139207115747418,0.6876476576283739,0.49097679282064216,-0.03021633991306335,117,0.05386075728635125,0.43834831277073844,-0.2536194622889104
1789320747.5379415,LIDAR_ONLY,-0.9296182660435024,0.5253265523111932,-1.1807725445972206,0.03714518222198579,-0.03879626031404593,0.4023428585180281,0.9139120908615239,0.6876478977096016,0.4909770642441677,-0.03021635298934912,117,0.05268390741049229,0.43897706206353004,-0.25369733973941866
1789320747.6549919,LIDAR_ONLY,-0.9292489723027412,0.5254499990821024,-1.1814925923569337,0.03719125432125162,-0.03873115361192539,0.40232303725120216,0.9139217045452358,0.6876481525006326,0.4909773522979009,-0.030216366866888562,117,0.053822521769477216,0.4381443794193006,-0.253688099093163
1789320747.7689648,LIDAR_ONLY,-0.9289563500354102,0.5254811541009934,-1.181642620754898,0.03714333049777754,-0.03877959540508056,0.4023449684198918,0.9139119445367522,0.6876483852523079,0.4909776154351156,-0.03021637954408575,117,0.05349825452586144,0.4386886444977761,-0.2535757236396208
1789320747.9150546,LIDAR_ONLY,-0.9274676824441374,0.5251515566044276,-1.1819865472654294,0.03720421607852491,-0.038818099165809535,0.40232885452866646,0.9139149272753931,0.6876486474154907,0.4909779118235454,-0.030216393823297986,117,0.05373379987216068,0.4377223335934362,-0.25353230902545554
1789320748.0384593,LIDAR_ONLY,-0.9280333191618155,0.5275511643400141,-1.1820693240298672,0.0371622868059137,-0.038831954378278945,0.4023449010471783,0.9139089803475259,0.6876488875380764,0.4909781832940463,-0.030216406902092055,117,0.05287112957861528,0.4383808209250909,-0.2535438849077807
1789320748.1656063,LIDAR_ONLY,-0.9288507266188604,0.5271827868716644,-1.182912893373078,0.03718775113332323,-0.03883085606837391,0.40234660776673953,0.9139072398231894,0.6876491350218825,0.4909784630868273,-0.030216420381895148,117,0.05311619828598091,0.43849692675382024,-0.2535160604133995
1789320748.2885365,LIDAR_ONLY,-0.9280395864134258,0.5283034039477993,-1.1830952442278064,0.03718366625617869,-0.03883354326379273,0.40234950462028335,0.9139060165099806,0.6876493776154039,0.49097873735095127,-0.030216433595400174,117,0.05142553039773106,0.43858396951844025,-0.2536940434050911
1789320748.4087868,LIDAR_ONLY,-0.9284401875724536,0.5282237980450651,-1.1837621147706592,0.03721977787079406,-0.038819638318623055,0.40234824569060146,0.9139056915271705,0.6876496251204115,0.49097901716781067,-0.030216447076486685,117,0.053511039939399846,0.4379251205434813,-0.2535255757359402
1789320748.5333643,LIDAR_ONLY,-0.9281325765693712,0.5288590152269209,-1.1844924866602973,0.03726126089753082,-0.038862029460542714,0.40235093592838717,0.9139010151324295,0.6876498701854415,0.4909792942262063,-0.03021646042473624,117,0.05296458415145738,0.4380545596577952,-0.2535965705323437
1789320748.6581254,LIDAR_ONLY,-0.9269187259747128,0.5293608565672394,-1.1843699129691012,0.037274041198112104,-0.03894861065307148,0.40234630722100007,0.9138988459597603,0.6876501177118068,0.4909795740673197,-0.0302164739071143,117,0.05310074690813683,0.4381747376448622,-0.253547550104109
1789320748.7866406,LIDAR_ONLY,-0.9265446447740275,0.5307700484369376,-1.1847858604500183,0.0372885263996463,-0.038929665089605076,0.40233675222718124,0.9139032688322315,0.6876503652489224,0.4909798539206415,-0.03021648739014192,117,0.05289041839978742,0.4378271847882973,-0.25362885223895865
1789320748.9129803,LIDAR_ONLY,-0.9254657460041829,0.5308284224793397,-1.1853921891099843,0.03728601888227032,-0.03892734253089009,0.4023308440130458,0.9139060710790491,0.6876506201498732,0.4909801420992104,-0.030216501274334992,117,0.052039088300072436,0.4388968765944374,-0.2536410591176325
1789320749.0375757,LIDAR_ONLY,-0.9233024961794631,0.5325236558250124,-1.185572969461282,0.037328619382748326,-0.03895798163585692,0.4023188426459009,0.9139083097849046,0.687650857904327,0.4909804108928383,-0.03021651422463674,117,0.053317010379502754,0.43844367402349005,-0.25357805475766587
1789320749.164381,LIDAR_ONLY,-0.9231269907646273,0.5339124266456512,-1.1858706350813246,0.03736287121570524,-0.039001523031780075,0.40233250571390583,0.9138990381336934,0.687651098119962,0.4909806824690083,-0.030216527309056565,117,0.052714102423433995,0.4387967934813391,-0.2535472335187049
1789320749.3090978,LIDAR_ONLY,-0.9220748124414604,0.5330252027791054,-1.1861102117797713,0.03734032137726898,-0.03898581452665207,0.4023339141117689,0.9139000099686176,0.6876513898240458,0.49098101225559415,-0.030216543198105128,117,0.05237363970619839,0.4387167797874459,-0.25361054199411176
1789320749.424845,LIDAR_ONLY,-0.9237771493517107,0.5330931234308137,-1.1865673238390166,0.0373107017405752,-0.03902253576677289,0.4023612102776945,0.9138876351619086,0.6876516006447455,0.49098125059936654,-0.030216554681510313,117,0.05181153057970048,0.43905790303775344,-0.2535629209378598
1789320749.5489116,LIDAR_ONLY,-0.9220028290884903,0.534993507261045,-1.1870011575835462,0.03741323695379171,-0.03909085858986228,0.40233883610276444,0.913890373862653,0.687651828634102,0.49098150835324206,-0.03021656710014354,117,0.05330888231318322,0.4383991493383989,-0.2535325924497571
1789320749.687444,LIDAR_ONLY,-0.9218255759991382,0.5359020653895687,-1.1873410355743876,0.0374573159438097,-0.03906987165700232,0.402326135724543,0.913895056953449,0.6876521105691302,0.49098182709557836,-0.03021658245728332,117,0.0522634087554465,0.43940322955430305,-0.25350224399420757
1789320749.817114,LIDAR_ONLY,-0.9213869797215051,0.5354186185606111,-1.1875763285360736,0.037450251391614044,-0.039121700883640545,0.4023311475743906,0.9138909228579468,0.6876523581932349,0.49098210704767126,-0.03021659594555666,117,0.052955934687365515,0.4393301727254301,-0.2536308699785477
1789320749.913281,LIDAR_ONLY,-0.9208480641843906,0.53551519327213,-1.1878032445876652,0.03743097381941638,-0.03914715125993954,0.40233701209643824,0.9138880409790208,0.6876525567907108,0.4909823315726164,-0.030216606763357128,117,0.0526088229461752,0.4387166551386321,-0.25359320542412084
1789320750.0301948,LIDAR_ONLY,-0.9212945591153595,0.5365950609687776,-1.1879861252503177,0.03748874540146649,-0.039174271439248204,0.4023294991608229,0.9138878183510433,0.6876528044343968,0.4909826115469411,-0.030216620252808746,117,0.05325680259646295,0.4380384890610264,-0.25361352818474436
1789320750.1465132,LIDAR_ONLY,-0.9179613795655219,0.5374274709130588,-1.188701786105114,0.037532617121717606,-0.039246533082245245,0.4023039643531393,0.9138941582911924,0.6876530471848099,0.4909828859892115,-0.030216633475777632,117,0.05326769515727853,0.4380123764013674,-0.2536673696780972
1789320750.2604225,LIDAR_ONLY,-0.9175224136270623,0.5383212689230652,-1.188961376021602,0.037543363298614005,-0.039315843062860206,0.40230435106427653,0.9138905675578649,0.6876532899456916,0.49098316044336593,-0.030216646699375717,117,0.05246054507104521,0.43891440243608215,-0.25371673287435104
1789320750.369675,LIDAR_ONLY,-0.9163241321551752,0.5390100051082287,-1.1890762986078627,0.03759216847350668,-0.03934729095924077,0.4022780930830335,0.9138987664884478,0.6876535351693426,0.49098343768186203,-0.03021666005718472,117,0.05290906323954221,0.43841940919677863,-0.25348169749315685
1789320750.4882612,LIDAR_ONLY,-0.9172319926861374,0.5398938909094421,-1.1897276617635575,0.03763044578245698,-0.03930949303947093,0.40227926454835905,0.9138983021220822,0.6876537853084935,0.49098372047764655,-0.03021667368281209,117,0.05229691663552903,0.4381406052050294,-0.25366115891978613
1789320750.59609,LIDAR_ONLY,-0.9177782810280544,0.5413956152719267,-1.1904176608551813,0.03765437143740863,-0.03937093732935009,0.4022875269529892,0.9138910346772804,0.6876540231962638,0.49098398942263255,-0.030216686641137358,117,0.05257925357147737,0.43880894697304706,-0.25361967519281786
1789320750.713659,LIDAR_ONLY,-0.917856114738468,0.540600374916854,-1.1911498158207834,0.0376728781521626,-0.039309585878139694,0.4022720005607073,0.9138997473873749,0.6876542807150202,0.4909842805615622,-0.030216700668873074,117,0.05372939971682583,0.43826560007996757,-0.2535898277438495
1789320750.8256881,LIDAR_ONLY,-0.9181384256949654,0.5416465696320979,-1.191460712452575,0.03767185073858445,-0.039304031177127774,0.4022798645695046,0.9138965670999636,0.6876545137183829,0.49098454398455477,-0.030216713361245796,117,0.05357393150357353,0.43853299258073386,-0.25350943094165607
1789320750.9455972,LIDAR_ONLY,-0.9174771866603744,0.5427882824391522,-1.191723980080058,0.037699333928808296,-0.03934616429312862,0.40227577061442277,0.9138954228757876,0.6876547639012146,0.4909848268299223,-0.030216726989493452,117,0.05268052183254768,0.43906397515496165,-0.25369040990319347
1789320751.0588152,LIDAR_ONLY,-0.9182763131424182,0.5441069598091461,-1.1922026211339578,0.03775848728391318,-0.039339297491870595,0.4022586229521993,0.913900824253637,0.687655006736435,0.49098510136846185,-0.03021674021755196,117,0.053557235916188634,0.43844380878363726,-0.25371863218039503
1789320751.1738412,LIDAR_ONLY,-0.9185738884133782,0.5458215730609887,-1.1922804311573383,0.03776010880673302,-0.03933962621909941,0.4022514200593363,0.913903913467982,0.6876552544882981,0.49098538146558446,-0.030216753713495755,117,0.05323919631540685,0.4381315840039392,-0.2536027236779489
1789320751.2895393,LIDAR_ONLY,-0.9181582642570817,0.5460631020481187,-1.1930718069602937,0.03782901642439643,-0.03932810393152481,0.4022366703762675,0.9139080515906007,0.6876554997980105,0.4909856588017694,-0.03021676707646514,117,0.05394703177148061,0.4384317442743929,-0.2535776633453861
1789320751.4058278,LIDAR_ONLY,-0.9184625327099996,0.5482156061577591,-1.1928995832929932,0.037806888137769105,-0.03936256388263335,0.40224364131870727,0.9139044155668531,0.6876557402120022,0.4909859306031183,-0.03021678017280209,117,0.05331355961355344,0.4382206665131023,-0.2536470056238907
1789320751.5174348,LIDAR_ONLY,-0.9183871877029053,0.5471336387200524,-1.193449282238306,0.037844765448308865,-0.03941364911671159,0.4022502222144689,0.913897749597775,0.687655987996466,0.49098621073724247,-0.030216793670696955,117,0.054371054636761215,0.4382216952159577,-0.2536341123503794
1789320751.6374607,LIDAR_ONLY,-0.9174075022237553,0.5475375824299418,-1.19408771408687,0.0378557814470524,-0.039422192990015446,0.4022380246568483,0.9139022934816652,0.6876562382454416,0.49098649365768265,-0.030216807302904075,117,0.05286431069006108,0.43848800926003145,-0.25367073172746357
1789320751.763207,LIDAR_ONLY,-0.9157593289720133,0.5483845692112609,-1.1948943003182946,0.03789943839581041,-0.03945139157075229,0.4022311157632056,0.9139022648972374,0.6876564909592712,0.4909867793648281,-0.030216821069443726,117,0.052975934604086033,0.43793447150052955,-0.25357315018886145
1789320751.8705769,LIDAR_ONLY,-0.9160618536960311,0.5484733439555589,-1.1948571053393342,0.03788900264513615,-0.039475573133422454,0.40223258740064455,0.9139010057097693,0.6876567265087291,0.4909870456667347,-0.030216833901011993,117,0.05434179317473423,0.4384170538284311,-0.25355233199945715
1789320751.9912767,LIDAR_ONLY,-0.9157946735771901,0.5490519500004349,-1.1954220919683243,0.03789234645739711,-0.039449376177039974,0.4022176812072503,0.9139085587319214,0.6876569816985943,0.49098733417327434,-0.030216847802551614,117,0.0533536959420363,0.4382786584467927,-0.25343673485763235
1789320752.1015203,LIDAR_ONLY,-0.9152637486759561,0.5488601270715415,-1.1956813921113096,0.037922583662375026,-0.03949875125753687,0.40221209808308367,0.9139076290594522,0.6876572172688978,0.4909876004988373,-0.03021686063536462,117,0.05452808216636403,0.4376880431944089,-0.2536212802063941
1789320752.2158344,LIDAR_ONLY,-0.9155740045237761,0.5494414195291117,-1.1962422048708186,0.03790032495617653,-0.039511790185953306,0.4022216875875695,0.9139037683688175,0.6876574602112691,0.49098787515898484,-0.030216873869829457,117,0.05363426522036611,0.43815407662482336,-0.2536731183830961
1789320752.3250446,LIDAR_ONLY,-0.9147880227966121,0.5501344366169421,-1.1965674399855206,0.03792888705514006,-0.03951962526092764,0.4022137997128895,0.9139057161800194,0.6876577056184336,0.4909881526057669,-0.030216887238621773,117,0.053526551324478165,0.4385431463999165,-0.2537661299552466
1789320752.4415426,LIDAR_ONLY,-0.9145898435108225,0.5502238007956943,-1.1974984501165922,0.03793901396952284,-0.03950051613499707,0.4022146872539429,0.913905731353788,0.6876579534907289,0.4909884328395663,-0.030216900741761435,117,0.05198965620035326,0.4386138925976176,-0.25372780740737333
1789320752.5607018,LIDAR_ONLY,-0.9119425947693808,0.5513193486930082,-1.197668789430998,0.03796457963862948,-0.03959142081822536,0.4021943937316154,0.9139096671670099,0.6876581964654594,0.49098870753643337,-0.03021691397815584,117,0.05341515383158008,0.4382679812461971,-0.2537479742497643
1789320752.6774287,LIDAR_ONLY,-0.9119156202548497,0.5525065722766116,-1.1979432550966966,0.03801475003209824,-0.03957959515325942,0.402179157171066,0.9139147990730164,0.6876584443597965,0.4909889877952437,-0.03021692748260909,117,0.053677490083205874,0.43884669993672165,-0.2538055115054208
1789320752.7886848,LIDAR_ONLY,-0.9126315844278466,0.5522533963953911,-1.1982321289980649,0.03797681905302412,-0.03954268176574065,0.402181018257661,0.9139171549361672,0.6876586824470301,0.49098925696660245,-0.030216940452857603,117,0.052124334089739786,0.4389821910204143,-0.2537574662677768
1789320752.90292,LIDAR_ONLY,-0.9122677616429976,0.5517067312703308,-1.1986623526051021,0.0379576306574587,-0.03957611879719101,0.4021918996177473,0.9139117161836205,0.6876589303632316,0.49098953725022154,-0.030216953958612874,117,0.052976828227603634,0.43876628488675906,-0.2537626293070062
1789320753.0182014,LIDAR_ONLY,-0.9135865786183195,0.552299730154303,-1.1993894050721432,0.03801537704823073,-0.039585116429696615,0.402191939909212,0.9139089085555482,0.6876591733810411,0.4909898119959691,-0.03021696719757256,117,0.05305304738892904,0.4387579915417779,-0.2536717628044803
1789320753.1299298,LIDAR_ONLY,-0.9153945684402947,0.5527828855687229,-1.2001873093373898,0.03802321500048995,-0.03953748266284783,0.40219321650977996,0.9139100826554156,0.687659421319371,0.4909900923046955,-0.030216980704644514,117,0.05347871679905082,0.4377678956594118,-0.25372739869137
1789320753.2430096,LIDAR_ONLY,-0.9159639371229364,0.5527824236618281,-1.2009565686453274,0.038078080021145363,-0.03952427827093274,0.40220367355898834,0.9139037674857894,0.6876596643588915,0.4909903670750766,-0.03021699394489559,117,0.05381058088782457,0.4380516126538421,-0.25380623484707227
1789320753.3578546,LIDAR_ONLY,-0.9156726470759077,0.553512271901935,-1.2011709412224532,0.03806677267245804,-0.03958023833407212,0.4022118500586776,0.9138982181972439,0.6876599147745032,0.49099065018460486,-0.03021700758703557,117,0.05338521879459497,0.43805908627673396,-0.2535864534010117
1789320753.4653828,LIDAR_ONLY,-0.915801269839217,0.5536980441650525,-1.2017507498162658,0.038085129511290235,-0.03957214492157645,0.4022092331881522,0.913898955571464,0.6876601602911071,0.49099092775556163,-0.030217020962342328,117,0.05349827109880066,0.43803333951561124,-0.25353966381685955
1789320753.5999808,LIDAR_ONLY,-0.9161730876412094,0.553682357586493,-1.2020520903160907,0.03809429329879212,-0.03958890149179937,0.40221333292199557,0.9138960436048064,0.6876604647469773,0.4909912719608854,-0.03021703754863045,117,0.0534875878087239,0.43794398403762924,-0.2534702947127223
1789320753.6874893,LIDAR_ONLY,-0.9173219409090181,0.5547242679660269,-1.2021109594643438,0.03809540452374912,-0.03959676159668682,0.40221489774243363,0.9138949680675952,0.6876606513573331,0.4909914829349351,-0.030217047714916997,117,0.05421786301377235,0.43799888114427066,-0.253636074730461
1789320753.7953625,LIDAR_ONLY,-0.914990790773423,0.5562862571358828,-1.2025396884004527,0.03816746379549243,-0.03966324244272153,0.4021980469482217,0.9138964946520944,0.6876608919958757,0.49099175499108383,-0.03021706082463381,117,0.05435550412997905,0.43788168430842583,-0.25362470685416955
1789320753.910002,LIDAR_ONLY,-0.9149339530011357,0.5555365639649733,-1.2032333450393278,0.03817853667417489,-0.03962262385813435,0.40218444910834233,0.9139037782564611,0.6876611375563322,0.4909920326117913,-0.030217074202544027,117,0.05318321572339295,0.4381689857805831,-0.25358579114651825
1789320754.0168612,LIDAR_ONLY,-0.9136224503926886,0.5567470765788515,-1.2034688531621962,0.038182056809621084,-0.039632822757228646,0.4021814196527405,0.9139045221379458,0.6876613806720636,0.4909923074686333,-0.030217087447320448,117,0.05306691836721059,0.43859626362754406,-0.25367544352012494
1789320754.1348953,LIDAR_ONLY,-0.913681014556594,0.5568406113784246,-1.2039697195834944,0.03818696415323091,-0.03964376957544173,0.40219640887485436,0.913897245860157,0.6876616336221535,0.4909925934438484,-0.030217101227921185,117,0.053123800740186515,0.4388457161725268,-0.2536495477876641
1789320754.241208,LIDAR_ONLY,-0.9125850628841864,0.557814688200451,-1.2044116536380354,0.038179058599860025,-0.03976737471401843,0.4022039928625636,0.9138888682537907,0.6876618693920297,0.4909928599958446,-0.030217114072602663,117,0.0532836557614058,0.4384703697657881,-0.2535138771161132
1789320754.3578384,LIDAR_ONLY,-0.9121413212662767,0.5578476819718735,-1.2046726895023057,0.038182668166342686,-0.039729616267115166,0.40219651013294944,0.9138936528282944,0.6876621248209147,0.49099314877357325,-0.030217127988356747,117,0.05378663258980125,0.4384252707069968,-0.2534746799136721
1789320754.4568858,LIDAR_ONLY,-0.912338474287783,0.559177418038529,-1.205283356881741,0.03821697341971981,-0.03977099888285978,0.4021965714092279,0.9138903919711368,0.687662340962413,0.4909933931345821,-0.030217139763780265,117,0.05302283024716831,0.4385576992096238,-0.25361507187420557
1789320754.5798995,LIDAR_ONLY,-0.9131382923975258,0.5597970895876141,-1.205770631667252,0.03830032650275611,-0.039768961049611244,0.40219792042524405,0.9138863974983028,0.6876626209766753,0.49099370970765377,-0.030217155019062525,117,0.053219853487380155,0.4388072555902656,-0.25368419921523294
1789320754.6868384,LIDAR_ONLY,-0.91286260272289,0.559581247427993,-1.206232199542178,0.03828888604127239,-0.03976796677177252,0.40220391212079404,0.9138842832105639,0.68766285433292,0.49099397353105306,-0.030217167732450312,117,0.05339001081217719,0.43805378890198576,-0.2534540701402987
1789320754.8018034,LIDAR_ONLY,-0.9149921891770412,0.5592047110455057,-1.2071891269770159,0.038317875495907844,-0.03976350122819668,0.4022236407105779,0.9138745796010977,0.6876631024384564,0.49099425402946334,-0.03021718124943988,117,0.0535359345728347,0.4381149077761544,-0.2535243094906249
1789320754.9066012,LIDAR_ONLY,-0.9182295294172339,0.557767474905492,-1.2078050249821408,0.03824734583702976,-0.039684542590737865,0.40225204815774007,0.9138684628373439,0.6876633480986848,0.4909945317633456,-0.03021719463325919,117,0.05311815980317945,0.43833255283882777,-0.2536116516800043
1789320755.0167818,LIDAR_ONLY,-0.9169960813301496,0.5578132822594477,-1.208147598499204,0.03826144600044972,-0.039710047590940045,0.40224128523357733,0.9138715020854519,0.6876635913132815,0.490994806732332,-0.030217207883888847,115,0.05320971077171849,0.43864397557703294,-0.2536130562339631
1789320755.1299906,LIDAR_ONLY,-0.9151850325824701,0.5582922573360031,-1.208719505388912,0.03835228773171166,-0.039746304969196566,0.40222133753221556,0.9138748978393242,0.6876638369956826,0.4909950844913622,-0.030217221269018747,115,0.053371558223065996,0.43865699942594744,-0.253664669298725
1789320755.2396126,LIDAR_ONLY,-0.9148223976051162,0.5578323312521261,-1.209097439982571,0.038377241728633736,-0.03968388671527315,0.4021968576284685,0.9138873366921422,0.6876640826892403,0.49099536226304663,-0.03021723465480783,115,0.052441081549498475,0.43890225362617385,-0.2536287047419064
1789320755.3527036,LIDAR_ONLY,-0.9160830393283947,0.5599418273703235,-1.209314683380981,0.03840277513320263,-0.039711981664950484,0.40222038193283505,0.913874690388193,0.6876643333081732,0.4909956456032122,-0.030217248308992084,115,0.053690680367352826,0.4382183489865349,-0.2537886406551815
1789320755.4572358,LIDAR_ONLY,-0.9158615759869866,0.5593363213324204,-1.2096385494236166,0.03838389483112535,-0.03972128822712235,0.40221050223838495,0.9138794273690142,0.6876645741098661,0.4909959178444213,-0.03021726142836474,115,0.05336758203768632,0.4388182513964372,-0.25362778987599915
1789320755.5718105,LIDAR_ONLY,-0.9157774689723431,0.5606768072169276,-1.2100050756781595,0.03841768137487439,-0.039717191451493335,0.4022012515143722,0.9138822570447775,0.687664822294282,0.49099619843229536,-0.030217274950014403,115,0.05354241697241159,0.4383054210044453,-0.2535854253097243
1789320755.6808789,LIDAR_ONLY,-0.9160498460482106,0.5607651166657804,-1.2104745619952872,0.03839247016266578,-0.03971457187140535,0.40220489884812827,0.9138818251603688,0.6876650655752398,0.4909964734765452,-0.03021728820456259,115,0.054045573605227534,0.4386721926948436,-0.25368409132796355
1789320755.7918084,LIDAR_ONLY,-0.9163681890416403,0.5611516498883876,-1.2106708010765657,0.03844133755897126,-0.03976413474961722,0.4022135722265755,0.9138737984377432,0.6876653137822831,0.49099675409008114,-0.030217301727546948,115,0.053735650240031255,0.43821788996867655,-0.2536238784087416
1789320755.8910096,LIDAR_ONLY,-0.9127115763700343,0.5617310407818289,-1.2114403074692766,0.03848671466950639,-0.039844937561755576,0.40217128627046544,0.913886978922562,0.68766553742417,0.49099700693121073,-0.030217313912199756,115,0.054476755412546436,0.4379068471236188,-0.253654967617715
1789320756.0042017,LIDAR_ONLY,-0.9127928015705519,0.5624760594556982,-1.2119039149807707,0.03853278109827249,-0.03985990105085149,0.4021667829773784,0.9138863669727628,0.6876657979418258,0.4909973014627417,-0.030217328106002493,115,0.05323933575107693,0.438737994897494,-0.2537218705083507
1789320756.1187396,LIDAR_ONLY,-0.9118155599605479,0.5622641044090338,-1.2120059433319186,0.03852183346172516,-0.03985857502768158,0.402159837758442,0.9138899426285494,0.6876660461826579,0.49099758211459527,-0.03021734163097827,115,0.05347607010284042,0.43874768451308166,-0.25375033593002444
1789320756.2319322,LIDAR_ONLY,-0.9112965169274208,0.5628158823077193,-1.21228327758119,0.03851434349105065,-0.03983489778075794,0.4021579270952446,0.9138921314568289,0.6876662944349624,0.490997862779458,-0.030217355156629766,115,0.05328355583670795,0.43847420583375757,-0.2537342587100578
1789320756.3404002,LIDAR_ONLY,-0.908886090764699,0.5632966857435269,-1.2129222414155698,0.03856508062545169,-0.03989103690054075,0.40212924672833045,0.913900163396997,0.6876665377825225,0.4909981378992365,-0.0302173684151026,115,0.05224963475282483,0.4387709903881948,-0.25370027648530535
1789320756.4517457,LIDAR_ONLY,-0.9090418525062,0.5636259001006252,-1.2130139416476178,0.03848620112096974,-0.03991612083038116,0.4021332096077289,0.9139006496067924,0.687666783599348,0.49099841581071324,-0.030217381808159235,115,0.052389093321851675,0.43905917312330195,-0.25365006989193245
1789320756.5668075,LIDAR_ONLY,-0.9083379131046388,0.5638533513495446,-1.2136941240254986,0.03853784716156856,-0.039951274559464,0.4021248916612036,0.9139005971678164,0.687667034344125,0.4909986992935905,-0.030217395469760377,115,0.05261860162660723,0.43930913124031573,-0.25363766951472755
1789320756.6727376,LIDAR_ONLY,-0.9084256186210725,0.5643033337932702,-1.2141722811343751,0.03853409616931456,-0.039963729947691304,0.4021437845142316,0.9138918974898801,0.6876672752668326,0.490998971672032,-0.030217408596262964,115,0.05285468642656086,0.43888512523952894,-0.2537783429603247
1789320756.7854648,LIDAR_ONLY,-0.9083646661606097,0.5646220938428215,-1.2147283063721517,0.038563378012432356,-0.039960878241905036,0.4021451533860816,0.9138901847019097,-1.4140896672958055e-09,-1.291116949464488e-09,0.19964720034540415,115,0.05396565185429845,0.43856095796086314,-0.25374747645030366
1789320756.891998,LIDAR_ONLY_SAFE,-0.9128031330226154,0.561052171380891,-1.064505882765775,0.06276006894234831,-0.04044818725355787,0.3909684655211306,0.9173705777178083,-1.6991619144624303e-09,-1.5513986206805441e-09,0.14124900041503521,11,0.05299893660365001,0.438701946383876,-0.25372012883249945
1789320757.007169,LIDAR_ONLY,-0.8929987618486541,0.5833360139477027,-1.1951185434715463,0.0626231779108479,-0.04078195569547652,0.3895163060863305,0.9179826888187264,0.0023175191030091907,0.0024969513770555923,-0.002719352726497648,116,0.008492548326259213,0.6062961962065743,-0.0969734293399362
1789320757.1082613,LIDAR_ONLY_SAFE,-0.9006052622567917,0.5991402683748427,-1.2220906535762603,0.04436690145618412,-0.039632435296809224,0.38808290143432933,0.9197024028140485,0.002159551570314458,0.0024262630989002193,-0.00248376884266438,90,0.01898222048911288,0.650063182730452,-0.21428615355021274
1789320757.2225556,LIDAR_ONLY_SAFE,-0.9031548106733623,0.5963855834706507,-1.222284631743769,0.0443342068718911,-0.03954262826551412,0.3880931727812622,0.9197035108617717,0.002159631219927709,0.0024285222289754244,-0.002483920547897714,131,0.004971224195210954,0.6632176433288057,-0.2365697800549382
1789320757.336371,LIDAR_ONLY_SAFE,-0.9014283023359188,0.5961964858792185,-1.2230190470154307,0.044378834459409655,-0.03963772323761992,0.38809714972713577,0.919695586768924,0.002160534493669432,0.0024308248693599988,-0.0024840267449005304,139,0.007854896136232643,0.6565106427636271,-0.23294766026154826
1789320757.442681,LIDAR_ONLY_SAFE,-0.9012086651808177,0.5966925813878308,-1.2237970057698453,0.044403243297856554,-0.03964735340202626,0.3880934817209392,0.9196955413605991,0.002161668498642292,0.002431710087066205,-0.0024841099440180286,142,0.013009848188959554,0.6572700689760286,-0.23028780933554388
1789320757.5618603,LIDAR_ONLY_SAFE,-0.9034134811679628,0.5952676415150019,-1.2248444564624286,0.044466411388238265,-0.039774384115300716,0.38812064232969795,0.9196755425823192,0.002161677194526069,0.002432556088113616,-0.002484053981410869,142,0.015062753382530457,0.6577888216356507,-0.22865743727217153
1789320757.6659257,LIDAR_ONLY_SAFE,-0.9039620468886571,0.5924808912447486,-1.226303597485455,0.04445309603571901,-0.039754158239953784,0.38812637421876983,0.919674641811583,0.002160932604329091,0.002432696494437503,-0.0024839609272046675,143,0.01607691928183249,0.656203607930687,-0.2292438349414509
1789320757.784058,LIDAR_ONLY_SAFE,-0.9036943559952659,0.5917307881335012,-1.2276321192271926,0.04450781803530404,-0.03986892420994415,0.38814141694874227,0.9196606784380318,0.002160793951400017,0.002432255831218491,-0.0024839859830568106,143,0.017702949225489654,0.6571803330332172,-0.22890561090378642
1789320757.889968,LIDAR_ONLY_SAFE,-0.9026556825628785,0.5921209474103067,-1.228691123106174,0.04459953590886266,-0.04003651366367719,0.38813884397610543,0.9196500403780041,0.002160642130797511,0.0024322583193204655,-0.0024839808191219476,143,0.019831445530417602,0.6584830126199317,-0.22742887619599492
1789320758.005438,LIDAR_ONLY_SAFE,-0.9046299293371882,0.591011692265631,-1.230239565004217,0.04466725241958863,-0.04012602303629558,0.3881644825108552,0.9196320314961063,0.0021604714707121183,0.002432261222863455,-0.002483975086061338,143,0.019170079664432103,0.6585873603342428,-0.2277365207703967
1789320758.1356285,LIDAR_ONLY_SAFE,-0.9041981074907809,0.5920562059230196,-1.231805898569847,0.044717229509500495,-0.04021567196353992,0.38816265623646123,0.9196264575451114,0.0021602531108960155,0.002432264825133354,-0.002483967894974376,143,0.02131153318368907,0.6601684897341292,-0.22556569224657813
1789320758.2221856,LIDAR_ONLY_SAFE,-0.9044534602759006,0.5932416026733371,-1.2319103707230648,0.04476766884075989,-0.04025234759738376,0.38814382104482087,0.9196303488490305,0.002160124609601878,0.0024322668894825594,-0.0024839637323636615,143,0.02131153318368907,0.6601684897341292,-0.22556569224657813
1789320758.3314211,LIDAR_ONLY_SAFE,-0.9071867546141552,0.5900076885175682,-1.2339281314508856,0.04480763128586125,-0.040309856044863576,0.38818503942164295,0.9196084856358222,0.0015201357780278244,0.0025317725351564485,-0.0024766997921343153,143,0.021398356475452008,0.6604169746828383,-0.2252988451682921
1789320758.4390566,LIDAR_ONLY_SAFE,-0.9063368297017548,0.5823733867333173,-1.2344617175287704,0.04464142941789156,-0.03965661759533235,0.387750489649747,0.9198282737754947,-0.018306512199121387,0.0035402053430871605,-0.0021853471428525673,138,0.022824663406447634,0.6603688284577707,-0.2249040317751132
1789320758.5506473,LIDAR_ONLY,-0.9180084569057371,0.5602303048721863,-1.2396899679635232,0.04462973298653349,-0.03961327432601789,0.3879964581353424,0.919726983351664,-0.045115581832905684,0.0036987988638048086,-0.0017513750999886696,138,0.00809809240190685,0.6552988562715282,-0.22333873705851642
1789320758.6593916,LIDAR_ONLY_SAFE,-0.9382432197308921,0.5420154351479824,-1.2408178882891583,0.04460768986649989,-0.039424504973462594,0.38818580315235096,0.9196562643962883,-0.07133221485897741,0.0038617142838831275,-0.0013290029212244536,134,-0.010510360810144585,0.6412295434646539,-0.2250285023208804
1789320758.7724373,LIDAR_ONLY_SAFE,-0.9497677082174314,0.5207361236304628,-1.2448192150213497,0.04454949678022389,-0.039459932576203186,0.38838699979263036,0.9195726151043155,-0.09765102848829703,0.004239593287539242,-0.0009171858727028692,135,-0.023949438031524328,0.627704470531837,-0.22516241441163168
1789320758.8814726,LIDAR_ONLY_SAFE,-0.9622676279498794,0.5074760414573134,-1.245848275762609,0.044316520884746816,-0.039148787686531614,0.38812613437837606,0.9197073024673913,-0.12154026453114412,0.005568907448732396,-0.0005834837729615377,134,-0.03544152483943381,0.6117509510460807,-0.22590823275909877
1789320758.9961686,LIDAR_ONLY_SAFE,-0.9742141884436004,0.48985246456798526,-1.2491952670721933,0.04444194526600409,-0.038426825726199924,0.38159745577741133,0.9224595786861277,-0.14040065002302873,0.012284146990587719,-0.0005438496955162964,128,-0.052906160917329734,0.5915649387087266,-0.2268217311031435
1789320759.0940416,LIDAR_ONLY_SAFE,-1.0005842115844645,0.49100304545675355,-1.2513616073775564,0.04556823833363515,-0.036611911544031504,0.35478099021551457,0.9331203312381314,-0.14104126645655468,0.0284305476553079,-0.0010677727371909973,116,-0.06262999351431688,0.5801018548512281,-0.2270814480275005
1789320759.2126863,LIDAR_ONLY_SAFE,-1.0258453154296838,0.49009296962621063,-1.2514868330162428,0.04628551638646653,-0.03434309867075725,0.3207534825742903,0.9454075343273891,-0.1372602724593802,0.05002284833397282,-0.0018725271934347254,104,-0.07537821677328277,0.5852549680621246,-0.2269909107921789
1789320759.3044856,LIDAR_ONLY_SAFE,-1.0323147792824114,0.4927896974010991,-1.2520891113403663,0.047084687449547295,-0.03274245039305003,0.28659403799426564,0.9563340533182841,-0.13024024433374853,0.06472243367338139,-0.002406203891043332,105,-0.09765149796133027,0.5900311839837311,-0.22978266033139128
1789320759.426945,LIDAR_ONLY_SAFE,-1.0353647083415063,0.5032452793289348,-1.252791265698525,0.048059359318185585,-0.03142135628043286,0.258937689703228,0.964185806368554,-0.11774444112644106,0.0775308285571903,-0.003044861171372912,107,-0.10480999295616567,0.616145583253894,-0.22971681587958417
1789320759.5396857,LIDAR_ONLY_SAFE,-1.0363181413908178,0.5143674369753498,-1.25123220871626,0.048743736103884897,-0.030258911594480107,0.23803784408206488,0.969559916273623,-0.1027284934334286,0.08369420833064904,-0.003537343156390149,107,-0.11084438853628661,0.6290709125270052,-0.2294151277361853
1789320759.6465054,LIDAR_ONLY_SAFE,-1.0483054335855133,0.5052957030634332,-1.257801104536352,0.04914023717854252,-0.02925898469265905,0.22303722109338855,0.973130796404949,-0.09380235240112834,0.08828743137630232,-0.004040079139289207,112,-0.10666736539354195,0.6472887614441102,-0.2296198107903055
1789320759.7577012,LIDAR_ONLY,-1.0704005305025812,0.5006718862950507,-1.260867288361044,0.049519900058778134,-0.02730034074736155,0.20899068432429255,0.9762813962986853,-0.1033204218463865,0.10005595644302409,-0.004037598038596102,125,-0.09985240332618688,0.6696366618707357,-0.22842186098371137
1789320759.86854,LIDAR_ONLY_SAFE,-1.0700716706585176,0.515493010658688,-1.2590468359616083,0.050410772118369196,-0.026767820293204188,0.20219295441599716,0.9776810558846435,-0.12573813689316266,0.1114561686178657,-0.00405380970687777,125,-0.1164306559063979,0.6588681997088188,-0.22887958195129543
1789320759.9910135,LIDAR_ONLY_SAFE,-1.0914395770501708,0.5094084088060361,-1.2613383465794743,0.050487028367874026,-0.02658458520843774,0.20232098997294798,0.9776556330386703,-0.15187972627623658,0.12299190143262603,-0.004012864247445153,140,-0.13620483610432743,0.6522116269572698,-0.23028055755455692
1789320760.09562,LIDAR_ONLY_SAFE,-1.1049720274482862,0.49489472687112646,-1.263589806067647,0.05036714436373982,-0.026578287741646767,0.20254193909314,0.977616237742477,-0.17458626502784005,0.13301154347322713,-0.0039773644063614,141,-0.15688280021321616,0.6441376197546891,-0.2308021548833913
1789320760.2270536,LIDAR_ONLY_SAFE,-1.1284824141477299,0.4791551872211667,-1.2668116449668534,0.050180054969624584,-0.026261235500871578,0.20272151189748785,0.977597206525883,-0.2038629572925657,0.14592974896210958,-0.003931731277827047,141,-0.17714489208571524,0.6361288108121645,-0.23154385319645465
1789320760.3190408,LIDAR_ONLY_SAFE,-1.147089818144787,0.4693429423092669,-1.268692909344305,0.05011861973423324,-0.026204719056614704,0.20286572374525086,0.9775719588779206,-0.22312136501604007,0.15442738659336389,-0.003901811312692016,138,-0.1981669967571352,0.627302587462249,-0.2325003767833311
1789320760.4317493,LIDAR_ONLY_SAFE,-1.1654246023164179,0.4486775152230147,-1.2719283128428578,0.049747465223908105,-0.026247004649618346,0.20321986823056065,0.9775162247283022,-0.24674848517014156,0.16485239785401315,-0.0038652221850000307,139,-0.2221472375716498,0.6174426009842571,-0.23413231928850145
1789320760.542007,LIDAR_ONLY_SAFE,-1.1866634817682575,0.4397145517396539,-1.273778850890816,0.04969959628420068,-0.026182123023358997,0.20336727246235414,0.977489743708035,-0.27156893360470163,0.17580179578379818,-0.003826768335928571,141,-0.2442223921103356,0.6070087592438048,-0.23543489942674503
1789320760.657347,LIDAR_ONLY_SAFE,-1.2066112592300953,0.4277727785882499,-1.2765987258418283,0.049678679212517375,-0.026097187755748128,0.203544062771032,0.9774562804205635,-0.29562803374483215,0.18641723536292515,-0.003790179105256322,139,-0.2665994027950616,0.599101864341222,-0.23632562581442781
1789320760.7642596,LIDAR_ONLY_SAFE,-1.219814232057369,0.41681400281631475,-1.2774578581730074,0.049491507617504586,-0.026076866746276732,0.20369093016188844,0.9774357230346292,-0.32037544920237576,0.19733882524434243,-0.0037535931263038558,140,-0.28966567513571406,0.5884490190673928,-0.23876724701715765
1789320760.8723264,LIDAR_ONLY_SAFE,-1.248553077101318,0.4011075258153478,-1.2801289930453539,0.04929106409502173,-0.02563300445984104,0.2038839543855178,0.9774173485399502,-0.34430911682477755,0.20790680916041304,-0.0037216848280203912,138,-0.30992195689832996,0.5799069650128191,-0.23969842681763148
1789320760.98638,LIDAR_ONLY_SAFE,-1.2710678428677924,0.3832577651800474,-1.2839255069898319,0.04884146188043995,-0.02529031137852078,0.2039529610486612,0.9774344486620279,-0.36796581333762995,0.21891344172358454,-0.003715409417306595,140,-0.3331717945113348,0.5690176451300868,-0.24133502058948028
1789320761.0929897,LIDAR_ONLY_SAFE,-1.313348623843514,0.36182321939222095,-1.289208836116987,0.04851597196517389,-0.023788578702830604,0.20292126583933487,0.9777030550518577,-0.3874398559412998,0.23038850728333599,-0.003807753079430737,137,-0.3553679652247423,0.5587851810177241,-0.24272478040831338
1789320761.205849,LIDAR_ONLY_SAFE,-1.3296064058211028,0.35154471392970466,-1.2902195529762532,0.04820024420949617,-0.021859659746792666,0.1881782033893613,0.9807078339154081,-0.39154984976948526,0.24505711741142644,-0.004303626809927408,130,-0.37197313733819837,0.5509058964666208,-0.24391132554044295
1789320761.3140917,LIDAR_ONLY_SAFE,-1.3525847742672763,0.35459706919996004,-1.2916789278676943,0.048497969719888574,-0.01981132089826431,0.1526027752029303,0.986898095802033,-0.38207244480035024,0.2627081955003962,-0.00499494320350069,118,-0.38798491065173685,0.5511840508764922,-0.24448235208827934
1789320761.4245884,LIDAR_ONLY_SAFE,-1.3673120724689087,0.3611606637031466,-1.2952243213627568,0.0490754009504075,-0.017445216278872598,0.1167984128216443,0.9917889897618771,-0.37019280332651644,0.27768053098789985,-0.005665594711214583,104,-0.4067237866969121,0.5650448364022166,-0.24628379409927728
1789320761.5349057,LIDAR_ONLY_SAFE,-1.3708907336484328,0.3913135938810928,-1.2943657817966467,0.05014632006803097,-0.015069688389070064,0.08111874118726772,0.9953280870666135,-0.35626225341863954,0.28780581008245704,-0.00620954733328638,99,-0.40515730888459406,0.5891245946109689,-0.2446058843783626
1789320761.6497838,LIDAR_ONLY_SAFE,-1.3425773385093054,0.39622119586229315,-1.2953028443045354,0.05055966359624625,-0.013757953105767254,0.053351371608285236,0.9972001154687502,-0.3400419790023659,0.29082565679469885,-0.006592809080964712,94,-0.4078272040420286,0.6068656931686156,-0.24482661156859012
1789320761.7584922,LIDAR_ONLY_SAFE,-1.342099360405777,0.4121342860383284,-1.296638687859141,0.05114586014142641,-0.01266818930850163,0.03186838812654194,0.9981022111027777,-0.3268803161754363,0.29124666340569005,-0.006954490761450119,97,-0.39794720967111213,0.6234950251603851,-0.2431673449227778
1789320761.8707364,LIDAR_ONLY_SAFE,-1.3390266036373122,0.4087567744984247,-1.299911407592832,0.05127525891253829,-0.01190799344362349,0.017218002294065702,0.9984651160218871,-0.32657542585569116,0.30246092637903377,-0.0071879013517216345,99,-0.39043479698811034,0.6379602636105276,-0.24316149048700086
1789320761.9789011,LIDAR_ONLY_SAFE,-1.3543563977899618,0.40167004544520973,-1.301497500777592,0.0510679759782717,-0.011464995411581684,0.01004474582691109,0.9985788495611991,-0.3410232770288164,0.3214642724982816,-0.007592724724858307,97,-0.3930540393145521,0.6425885048323237,-0.24416415881478526
1789320762.0886786,LIDAR_ONLY_SAFE,-1.3768760932816906,0.4026263097026512,-1.3030464015053842,0.051208079561272664,-0.011557584423632895,0.01013364323740835,0.9985697091864313,-0.35923745233468146,0.34100634883458847,-0.007951862197626405,109,-0.41276151944770695,0.6442224912414206,-0.24449900332547211
1789320762.1991007,LIDAR_ONLY_SAFE,-1.399082251388276,0.39726960697580976,-1.3043737821130985,0.05112922085543859,-0.011608001246504393,0.010275130265339284,0.9985717193971634,-0.3772592764466247,0.3603409472289709,-0.008307248375691967,111,-0.43659543827189773,0.646014897673777,-0.2456208104699989
1789320762.3081338,LIDAR_ONLY_SAFE,-1.4147519510578828,0.3920543378863241,-1.3032300861728427,0.05092531573899675,-0.011687110070183023,0.01038730945185606,0.9985800556176967,-0.3950876596783054,0.37946801622855775,-0.008658907616994366,110,-0.4626074701872661,0.6441475938126915,-0.24755589860093885
1789320762.4710393,LIDAR_ONLY_SAFE,-1.431012127867386,0.3898023911755349,-1.3039004264130185,0.05088174440452184,-0.011762829705841988,0.010467503912282487,0.9985805502239219,-0.4225334112178729,0.4089125823780281,-0.009200430676560373,109,-0.5109734341763758,0.6439399183557627,-0.25041808364420326
1789320762.5325725,LIDAR_ONLY_SAFE,-1.4606301903759675,0.38427343577165934,-1.305957404519955,0.050929992255890344,-0.011726439238667374,0.010605795864805347,0.9985770594228924,-0.4316138463539575,0.41865424549397423,-0.009379682534907549,109,-0.5109734341763758,0.6439399183557627,-0.25041808364420326
1789320762.6484475,LIDAR_ONLY_SAFE,-1.4746065326644677,0.3840112383892424,-1.3079986311321687,0.05090029379001363,-0.011873934312803773,0.010656020072472083,0.9985762960396369,-0.44994226164615975,0.43831792603917674,-0.009741680876223575,107,-0.5387354827343539,0.643979245210306,-0.25135510477141576
1789320762.756305,LIDAR_ONLY_SAFE,-1.4944457601019336,0.377670246000776,-1.3084148967956004,0.05088103315823953,-0.01195652135737532,0.010762236611312445,0.9985751530680618,-0.4677058697048665,0.45737536849157145,-0.01009276885974851,110,-0.5622856516207823,0.6440613745501573,-0.25225650560604285
1789320762.8697014,LIDAR_ONLY_SAFE,-1.5202962462301859,0.3753144800869462,-1.3090931214617285,0.05080420900158012,-0.011851496364756353,0.0108602534926172,0.9985792553802207,-0.4865330054771523,0.4775734570992421,-0.01046555999360163,105,-0.5890125123245296,0.6412842125102943,-0.2541045876530823
1789320762.9690733,LIDAR_ONLY,-1.5359319695304523,0.3759559940000758,-1.3101166840199079,0.05087461305119246,-0.012018721715449815,0.01097861485497938,0.998572377993245,-0.5038651026282779,0.496175086479106,-0.010811009562292029,110,-0.6134610671424108,0.6428034243278415,-0.2553111474311895
1789320763.0796797,LIDAR_ONLY_SAFE,-1.5542205876663848,0.3716900297695958,-1.3105475187032893,0.05072812522277328,-0.012061425045211615,0.011086092776486997,0.998578128082231,-0.5218243481519089,0.5156153861148427,-0.011179465278737026,108,-0.6362063002989123,0.6444821200750167,-0.25659492304426745
1789320763.190554,LIDAR_ONLY_SAFE,-1.586317101171865,0.37040500151855926,-1.313729558170298,0.050355347295018615,-0.011756261343464205,0.01086919767378096,0.9986030191522308,-0.5377419223428449,0.5342832496224278,-0.011561082247438348,106,-0.661448348198019,0.6429847156074119,-0.2582618609153218
1789320763.3000221,LIDAR_ONLY_SAFE,-1.6063306840146296,0.35942624631235864,-1.3174062804767173,0.050110987039330514,-0.011117662399930298,0.0037601685551215073,0.9986746956307356,-0.5465351149275708,0.5519258200256469,-0.012055175692332262,104,-0.6920369215544373,0.6413562850121303,-0.2604775154303086
1789320763.414027,LIDAR_ONLY_SAFE,-1.6130174111095932,0.35569610488590553,-1.3181484817767095,0.04986677802392276,-0.00973983304393145,-0.024921586713235067,0.9983973931343592,-0.5346956550648354,0.5655334361432701,-0.012701712590491049,97,-0.7121444817353845,0.6425246673980977,-0.26104555071309615
1789320763.5205574,LIDAR_ONLY_SAFE,-1.6285634503080926,0.3400573289897356,-1.3174056467355768,0.049166718976480166,-0.009040417858074709,-0.06088871084386841,0.9968919046124364,-0.5189924154388047,0.5767898531646253,-0.013321469486556832,64,-0.7156247429812294,0.6537394987881823,-0.2615723354865774
1789320763.629209,LIDAR_ONLY_SAFE,-1.6263681642692769,0.36486532044329767,-1.318182004114933,0.04955800553875322,-0.006594241132914708,-0.09672463625714156,0.9940547594633937,-0.5030590132087367,0.5836384964916672,-0.013766722284322713,75,-0.7173552721186812,0.6769878572107598,-0.2605861086357206
1789320763.7410936,LIDAR_ONLY_SAFE,-1.598850034267543,0.37453765142787615,-1.3146471096910242,0.04975611608593652,-0.005872012609341035,-0.1244267055919597,0.9909630887755054,-0.48974730289379864,0.5846472360936241,-0.014021358358593354,77,-0.709875567136441,0.7003419328371949,-0.2597379805168957
1789320763.8514721,LIDAR_ONLY_SAFE,-1.5889541219665129,0.3928154017446666,-1.3168486622332014,0.05026594588231988,-0.0034141924173763222,-0.14537060709625346,0.9880936517188842,-0.478694191782357,0.5813027936161573,-0.014102909822789368,72,-0.7011461872649221,0.7131168458419526,-0.2600556515800248
1789320763.96041,LIDAR_ONLY_SAFE,-1.558633640218073,0.39333222560679476,-1.314156720357944,0.049895000332219455,-0.0031069898031106536,-0.1592422634457309,0.9859729900402403,-0.47058924052591605,0.5775171646198186,-0.014215918037214989,67,-0.6953218509053986,0.7174445125162227,-0.2590744054409713
1789320764.06982,LIDAR_ONLY_SAFE,-1.5728414619735602,0.39687680770872064,-1.320873139516236,0.05055657155031402,-0.0019526949427865392,-0.16851267925459143,0.9844001711631188,-0.4693556835004824,0.5838495589943733,-0.014576021023750052,75,-0.6806446485087766,0.7264959690968192,-0.2585133124816365
1789320764.1795776,LIDAR_ONLY_SAFE,-1.5803567778618755,0.3972553710728712,-1.3209791911054234,0.05099055409648819,-0.0020559630927196953,-0.16848885072848055,0.984381655451223,-0.4736652569921114,0.5938389801618037,-0.014592688546821178,75,-0.6847433732967201,0.730435678747302,-0.2593066579689541
1789320764.2833374,LIDAR_ONLY_SAFE,-1.5853201523399552,0.3993565395589778,-1.321899593831832,0.05109017513148012,-0.0020728344124657703,-0.1684682512569685,0.9843799803332817,-0.47563814502355145,0.598628084423908,-0.014720868267506806,77,-0.7029188429394532,0.7253863735368999,-0.25881547661797566
1789320764.3911388,LIDAR_ONLY_SAFE,-1.5860165413240508,0.3977936446852854,-1.323397965847295,0.0511393026678222,-0.002103235368718157,-0.16846081674219185,0.9843786371849942,-0.47580731697875567,0.5990438397561816,-0.014731654746527649,108,-0.7084232548832466,0.7285350563368419,-0.2591154281238545
1789320764.505214,LIDAR_ONLY_SAFE,-1.5845482255284273,0.3961075309404111,-1.3244250086931437,0.051162617268399886,-0.002066466755899811,-0.1684827000287529,0.9843737583359359,-0.4740340266213705,0.594743594491408,-0.01461480797492759,105,-0.709609495543135,0.7292664567628762,-0.259156781595814
1789320764.6158123,LIDAR_ONLY_SAFE,-1.5780628151291374,0.3947174325431004,-1.3248107632284527,0.051206693846505336,-0.0021022427393055133,-0.1685247212524409,0.9843641975445687,-0.47056231076667365,0.5865458310085748,-0.014396790192675271,104,-0.7066325831433112,0.7282853504207686,-0.25869795746164487
1789320764.7283328,LIDAR_ONLY_SAFE,-1.5815465770388082,0.36119648194156223,-1.3259690994376854,0.05026874369541302,-0.0028247151957648017,-0.16859322924715595,0.9843990031706471,-0.4652594985030921,0.5756279019966379,-0.014115425978924387,82,-0.7018061250101407,0.7231325681699242,-0.25916961611461065
1789320764.8351219,LIDAR_ONLY_SAFE,-1.5701444495977015,0.3590675082198464,-1.3255756328815533,0.05045102280948191,-0.002037331064317545,-0.18262091388653257,0.9818860144593461,-0.45868557906885044,0.5557876431258535,-0.013555017456773837,67,-0.6831447959453332,0.724068961577615,-0.25875725417976736
1789320764.9480112,LIDAR_ONLY_SAFE,-1.5511356525842783,0.35057224611237975,-1.3265186931532165,0.05057656411958031,-0.0010318487288609429,-0.19673854476783104,0.9791500862751813,-0.45122964331917303,0.5254047222070861,-0.012653794809258267,64,-0.6712018654379103,0.7154854068126474,-0.25838125039655624
1789320765.0632837,LIDAR_ONLY_SAFE,-1.484744841813572,0.31457294771716754,-1.3283774020374335,0.05066913791962743,-0.0017804001116797092,-0.2013388818709861,0.9782086297333844,-0.44012523638058065,0.48940453575152415,-0.011623269362569931,68,-0.6457514134408784,0.7023617502064845,-0.2569420865391767
1789320765.1750565,LIDAR_ONLY,-1.4587326923087298,0.30695136249920224,-1.3307732864926203,0.050764678673239395,-0.0015183766368455055,-0.20142910611806142,0.9781855433096883,-0.42796968835536864,0.45308515957391915,-0.010599127255508864,70,-0.6117213352700398,0.6860130742207747,-0.25583059336649305
1789320765.282175,LIDAR_ONLY_SAFE,-1.4251996461642187,0.28450030458773556,-1.331169906304448,0.05052894059148158,-0.0016537931567014233,-0.2012848656278472,0.9782272200261435,-0.4160491648996039,0.4174687167938873,-0.009594876260309172,71,-0.5787738208127835,0.6704364154015297,-0.25420152647720096
1789320765.3933618,LIDAR_ONLY_SAFE,-1.395131003781879,0.2792123773408114,-1.332897139630787,0.05075174567103125,-0.0013467107867176536,-0.20135617685463714,0.9782014806387711,-0.4039961040415323,0.3814668299969868,-0.008579787486208384,69,-0.5429770271626144,0.6543150753672528,-0.25254659441739885
1789320765.503989,LIDAR_ONLY_SAFE,-1.3746179114866652,0.26757378223055545,-1.3358883453557011,0.05086595950415351,-0.0009044914374223889,-0.20139219222815563,0.9781886428335279,-0.39169293375611186,0.34470698379629006,-0.0075433674726003985,71,-0.5079107697508125,0.6388394250554883,-0.2502540834215825
1789320765.6156046,LIDAR_ONLY_SAFE,-1.3526738489540344,0.25859183571079064,-1.3383643833801948,0.051029504765082244,-0.0004455036371207914,-0.20141616608104584,0.9781755053215923,-0.3793764324325414,0.3079597250827648,-0.006512846897006416,71,-0.4754533334882149,0.6226036571721303,-0.24900887839604965
1789320765.7244608,LIDAR_ONLY_SAFE,-1.3342284291006599,0.2202450367686732,-1.3392828611724923,0.05074121193006359,-0.0006461002118593127,-0.2014054351951783,0.9781925999721248,-0.3674874885768393,0.274722582057101,-0.005714625380583857,72,-0.4410901322467886,0.6076635242913319,-0.24717658467478318
1789320765.8309002,LIDAR_ONLY_SAFE,-1.3038073367198493,0.20750202798460868,-1.3404458752381905,0.05107840533408918,0.0004842750582170939,-0.20830730052449947,0.9767286371016212,-0.35506519731592256,0.24977071398150383,-0.004874937989056333,73,-0.41496390213671935,0.5823247181605357,-0.24667477375938018
1789320765.9448798,LIDAR_ONLY_SAFE,-1.284939149339151,0.21489074034002434,-1.340435202653804,0.051154302914786905,0.0017993408620961106,-0.22239430546491032,0.97361222905351,-0.3405636604882878,0.22678075436002426,-0.004271327787642512,71,-0.38989830960336735,0.5579436564445565,-0.24637136607193835
1789320766.0549302,LIDAR_ONLY_SAFE,-1.250980798565688,0.2114402241391677,-1.3388743043043054,0.05086705444078032,0.002553374496047892,-0.23609495729901833,0.9703943498337037,-0.32855561581190773,0.2046578132381792,-0.0038190337573691113,61,-0.3651693293322432,0.5574843603086007,-0.24446686555589595
1789320766.1712766,LIDAR_ONLY_SAFE,-1.2402583369515234,0.19138361875748017,-1.3426496903379166,0.05068321320619825,0.0024677342758229253,-0.2428446047358572,0.9687371264369526,-0.3193032658999935,0.18362759599677947,-0.003290465713624832,60,-0.3322208785293928,0.5594851561170878,-0.24280891525927958
1789320766.2772467,LIDAR_ONLY,-1.1934850864207516,0.205305098378608,-1.3387299998267197,0.05189600867274864,0.002014557551682354,-0.24736028184675338,0.9675306903692533,-0.3147269145724085,0.16843332216272433,-0.002885643954882791,63,-0.3128089474318552,0.5595248608232547,-0.24227026211424316
1789320766.3868856,LIDAR_ONLY_SAFE,-1.1831634256111672,0.19124284071826253,-1.340888425374477,0.05182889319343288,0.001963108641645555,-0.24722670521774046,0.9675685341421483,-0.3111537193403193,0.15335131440306218,-0.0024336384093165547,63,-0.29744581034872225,0.5567747501950217,-0.2417050647179375
1789320766.498683,LIDAR_ONLY_SAFE,-1.1767380746475962,0.17480216863538284,-1.3440006273256693,0.052053647443024126,0.0017751482725310316,-0.24714602864509566,0.9675774424620726,-0.306992692139146,0.13736562271725677,-0.00195938535673576,84,-0.28233658336880163,0.5502971515355009,-0.24088955243159166
1789320766.6119394,LIDAR_ONLY_SAFE,-1.176516840821979,0.15862770292328682,-1.3474765351058764,0.052182969642199206,0.0017954974499353631,-0.2470090041523807,0.9676054287445259,-0.30258356866185215,0.12068901099483975,-0.0014701064154357402,89,-0.26484281491404893,0.5454443314911209,-0.2396375520582011
1789320766.720399,LIDAR_ONLY_SAFE,-1.1772267542853057,0.136242728664684,-1.3527576270573796,0.052039998610298635,0.0016670491909000099,-0.24692496974895625,0.9676348065288436,-0.2983966196038731,0.1050125083940048,-0.001012275796145365,77,-0.2548500299633086,0.535878507107763,-0.2380122303131635
1789320766.8413417,LIDAR_ONLY_SAFE,-1.1354026138475264,0.1378466580268394,-1.3541075355207317,0.05270278489999944,0.001668225513337654,-0.2533563156466011,0.9659348895289996,-0.2960042809269337,0.08260873748783813,-0.00030139367127218764,73,-0.2391678373816585,0.5287563289369084,-0.23668681654806012
1789320766.948062,LIDAR_ONLY_SAFE,-1.1175400204599926,0.13918690302229722,-1.3557555380947959,0.053054397598085716,0.003304089955900296,-0.2670621504815255,0.9622120980663519,-0.2962966288636979,0.058226737936232204,0.0005195109836117762,63,-0.2238483396598236,0.5178664568020053,-0.23805852018274398
1789320767.0608885,LIDAR_ONLY_SAFE,-1.0586825090242364,0.13547134861787571,-1.3564709733930753,0.05374893847689071,0.0038261077147010714,-0.2799066709365483,0.9585137808490716,-0.2967564807782807,0.032806011542811805,0.0013426152448509782,56,-0.20598680935290298,0.49908796372060843,-0.23741924435065356
1789320767.1695263,LIDAR_ONLY_SAFE,-1.057399632898667,0.10704879734290998,-1.362519694729605,0.05373621442552363,0.004193848788616383,-0.2866346704196491,0.9565225541538327,-0.29687049408687133,0.00724885959744608,0.002157808852847831,52,-0.18660146924228949,0.4851923275181357,-0.23517738430298124
1789320767.2890618,LIDAR_ONLY_SAFE,-1.0141950897660872,0.08871664623949727,-1.3641393835828617,0.054021848063136875,0.004484253110263393,-0.2898805474282559,0.9555264515588154,-0.294653603930907,-0.014282667276751222,0.0027644510535391603,57,-0.16884283820403329,0.467873816792269,-0.23651373109942006
1789320767.3948026,LIDAR_ONLY_SAFE,-0.999474708465048,0.07936274954591377,-1.3653141803603581,0.05401490197038169,0.004716882265444704,-0.2899390235362834,0.9555079821841629,-0.29213912457266733,-0.03190579896746903,0.003513288687264901,62,-0.14924449089650824,0.4545324841568892,-0.2366330269573712
1789320767.5029895,LIDAR_ONLY_SAFE,-0.9930561715944379,0.07098767018488983,-1.367546717801155,0.054196155160386124,0.004749181319467422,-0.28985828609533926,0.9555220541800691,-0.2894185716018791,-0.050097750232722435,0.004081371537353537,69,-0.13680520400085372,0.44020807804667533,-0.23497521779086794
1789320767.6174712,LIDAR_ONLY_SAFE,-0.9837395651950204,0.06181774556242802,-1.3703388458631356,0.05430888886755707,0.004853523442956298,-0.2898335128753901,0.9555226437476356,-0.2865550506049838,-0.06925106833946616,0.0046798014254483405,73,-0.12275801298724688,0.43033863561568764,-0.2339646315839081
1789320767.7292771,LIDAR_ONLY_SAFE,-0.9779271187996967,0.0545782466219809,-1.3719876178706922,0.05434636243648426,0.00500340146171101,-0.2898104654441245,0.9555267306479684,-0.2837450524782083,-0.0880494535648324,0.0052671333526765896,73,-0.10716831812186484,0.41907150725015735,-0.2336251352188746
1789320767.8390546,LIDAR_ONLY_SAFE,-0.9706096317741503,0.04676836192440556,-1.373265931202133,0.05422977346612263,0.005280751400973345,-0.2898567283657444,0.9555178294284002,-0.2809323244803037,-0.10686863248037363,0.005855122739188923,95,-0.09343445194065585,0.4085448649699631,-0.23305097038882253
1789320767.9519463,LIDAR_ONLY_SAFE,-0.9579280607581494,0.041732590682258736,-1.3748648038907816,0.05432428523266362,0.005481052749450467,-0.2899009868716999,0.9554979057567485,-0.27809030260416223,-0.1259112661183639,0.006450276915326639,92,-0.07754555340628008,0.3989437256958303,-0.23227901833501213
1789320768.061916,LIDAR_ONLY_SAFE,-0.9488413051816217,0.0312106927986194,-1.3763736171466379,0.05432562176739336,0.005573911129183844,-0.28989094117498204,0.9555003404285073,-0.2752879685249125,-0.1446559314048565,0.007035453268717906,89,-0.06258498069160924,0.38817079891000184,-0.23143180623955656
1789320768.1778734,LIDAR_ONLY_SAFE,-0.946812514230286,0.00417031733169072,-1.3818564667729047,0.05443437624156934,0.005540291623771854,-0.28982446044398946,0.9555145137465288,-0.27309412217011264,-0.1652162793093828,0.00769264296930762,87,-0.04845551184128584,0.37711979929212114,-0.23137586538569796
1789320768.2859995,LIDAR_ONLY_SAFE,-0.9367033970296169,-0.0144596285797245,-1.3845866686484254,0.05430935800235811,0.006028569331581036,-0.29655699614148034,0.9534506269465285,-0.27327262523647744,-0.19079194622623538,0.00855819279083117,69,-0.035211250474171715,0.36448452047595753,-0.22957511500261513
1789320768.4010725,LIDAR_ONLY_SAFE,-0.887935666669538,-0.023854625784246325,-1.3856934698099637,0.05456183058908791,0.006081479401561243,-0.30285256958381307,0.9514548561794921,-0.2721238309225113,-0.2188440371586312,0.009484369760847766,61,-0.018423905670257465,0.347522003098245,-0.22888201321894952
1789320768.509696,LIDAR_ONLY,-0.8790262338973962,-0.04498745973071,-1.3890884933269216,0.054670465161332595,0.0061460254110327715,-0.3028104546014116,0.9514616099427118,-0.2686667992832982,-0.2480607367888616,0.01041217082599874,61,0.0039745755341858095,0.3309923986999911,-0.2291218967059928
1789320768.6229954,LIDAR_ONLY_SAFE,-0.8641449270001907,-0.059759245488131905,-1.3907403814325423,0.05471132611719402,0.006235517254469819,-0.3028216611216857,0.9514551122751773,-0.2652516704133089,-0.27643560117206745,0.01131235194497171,62,0.02518894637786372,0.31399146544637496,-0.2279043071728185
1789320768.7315083,LIDAR_ONLY_SAFE,-0.849449592584759,-0.07088409655872238,-1.3915615875111034,0.0546806940217496,0.006460796118372226,-0.3028509028581735,0.9514460628184899,-0.2616187548369139,-0.3066101738789577,0.012269669946328901,67,0.04828054191959519,0.2979925436932614,-0.2275359047795526
1789320768.851883,LIDAR_ONLY_SAFE,-0.8306824135055392,-0.07970885215424747,-1.39325862373129,0.05470163769729759,0.006726421077972796,-0.3029090810351637,0.9514244976450565,-0.2580173801607907,-0.33651460731168914,0.013218326239340134,94,0.06937260169819999,0.28132915258933217,-0.22680490968634712
1789320768.9666991,LIDAR_ONLY_SAFE,-0.8111047426060991,-0.10908147322845527,-1.4010018209161477,0.054870945942267366,0.006698589240080845,-0.30289406062487684,0.9514197266358141,-0.25365605313865924,-0.3657737270191206,0.014109142983895304,93,0.09364027881230264,0.26405794885094297,-0.2254097088964065
1789320769.0880673,LIDAR_ONLY_SAFE,-0.7854036134513602,-0.12030042940065223,-1.4036304769745924,0.05520002496971087,0.007358110327304903,-0.3095508303462089,0.9492508092636673,-0.2473906882848417,-0.3910711379539933,0.014835488922760182,63,0.11580225642711348,0.24096301393199834,-0.22420703141367765
1789320769.201847,LIDAR_ONLY_SAFE,-0.736632553261175,-0.1034772808907716,-1.4062420139513632,0.05627232180589019,0.008620825338873987,-0.31530469790201265,0.9472814020395267,-0.2439218060566488,-0.41478383311537603,0.015431201555342486,62,0.14132393579422675,0.22307694907227607,-0.22351700903425586
1789320769.313832,LIDAR_ONLY_SAFE,-0.7177974224337278,-0.10900713126633021,-1.4076533282050816,0.05619750183303573,0.009568503018798006,-0.3153625047914762,0.9472575020074274,-0.2418057796663736,-0.4358493587351283,0.015989007019581475,68,0.16501238334187018,0.2106435432798218,-0.22255464410774622
1789320769.427811,LIDAR_ONLY_SAFE,-0.7117342092112471,-0.11872322714363916,-1.4107931909410707,0.056602104305088545,0.010318883704154111,-0.315379102233141,0.947220008394013,-0.2400427990580814,-0.4560920360921091,0.016710831802546275,68,0.18097830253445654,0.18823631918416692,-0.2225854825002097
1789320769.539079,LIDAR_ONLY_SAFE,-0.7008331076174377,-0.12400761551274006,-1.4122244194316047,0.056916487327850825,0.010877969778566044,-0.31539911481147026,0.9471882503599253,-0.23797422825711925,-0.47697191169863706,0.017222679866986154,68,0.19620064353173017,0.16649862201389648,-0.22225116617234725
1789320769.6545131,LIDAR_ONLY_SAFE,-0.6921928247741784,-0.13622653468315554,-1.4150119042971971,0.05696646996734725,0.011349180548051962,-0.3154091976258948,0.9471763592137087,-0.23587969663669112,-0.4981799376498263,0.01773491693102816,68,0.2131000162384597,0.14786984024338462,-0.22220839828758435
1789320769.7664707,LIDAR_ONLY_SAFE,-0.67635274190679,-0.14275753623104714,-1.4170094038626506,0.05699857619886822,0.011811958232783608,-0.31552348939005165,0.9471307024889093,-0.23377617814726423,-0.519482190587679,0.018254408320782567,68,0.22476224171875045,0.1289757630120325,-0.2224712775705812
1789320769.8845093,LIDAR_ONLY_SAFE,-0.6627364793620273,-0.1524358105977078,-1.4192623387409586,0.0571569705839199,0.012210083813928876,-0.3155152335995306,0.9471188583982264,-0.23162910491731914,-0.5412844462219593,0.01878805187393988,65,0.24308489535889688,0.10811247774754563,-0.22277007911811994
1789320770.002768,LIDAR_ONLY,-0.6441735230425812,-0.1579148753240341,-1.4202258948668023,0.057551296374121416,0.012428992613331948,-0.31549120459105084,0.9471001363393228,-0.2294985340694743,-0.5629458400751135,0.019315342555639006,64,0.26304124022759867,0.08895682684512164,-0.22398591235713697
1789320770.124754,LIDAR_ONLY_SAFE,-0.6229026254093863,-0.17383813940645793,-1.423780856998171,0.05786104646424499,0.012417459315039354,-0.3153314303877011,0.9471346234912269,-0.22725453724476535,-0.58602816321008,0.019876772486036975,65,0.27705991832665233,0.07026738032462644,-0.22211503189129184
1789320770.2291746,LIDAR_ONLY_SAFE,-0.6143458408590056,-0.1841896214553156,-1.4275646899724044,0.05817855749832444,0.012867237676518196,-0.3152443495683124,0.9471381576661568,-0.22539833017157854,-0.60562108361564,0.02035445041740995,66,0.2942033114378509,0.04973425599031728,-0.22000574373352078
1789320774.8068283,LIDAR_ONLY_SAFE,-0.04581784922577836,-0.7036732836265347,-1.570052328228832,0.060530475124349316,0.028169899516221435,-0.34538439201059734,0.9360834044560007,-0.17615452786858699,-1.5231733566293937,0.03862308263768123,73,0.9493652703504201,-0.6047406470638591,-0.18942598673879327
1789320774.842355,LIDAR_ONLY,-0.0384325155171079,-0.7223895753361536,-1.5740701748867236,0.06054371820806115,0.0282131721313846,-0.3452808955453421,0.9361194252205401,-0.17601593251500308,-1.5293138982664694,0.03873625028274573,67,0.9625631641857849,-0.6195029756372329,-0.18922765582681106
1789320774.9640207,LIDAR_ONLY,-0.025439404682302116,-0.7414406801299998,-1.577444883493184,0.06060555943735374,0.028240865015068454,-0.3451324634586698,0.9361693235603462,-0.17546245735186394,-1.5538515946620897,0.03918653820394197,63,1.2226461211118067,-0.47081884745941904,-0.25594382149724737
1789320775.0637174,LIDAR_ONLY,-0.0032049019038442456,-0.7621274387692026,-1.5812852114840164,0.060472631717032516,0.028107083378333526,-0.34511654406424824,0.9361878143248444,-0.17492035891635696,-1.5781271337241691,0.03962966064402609,68,1.2058125370760455,-0.48870557752193344,-0.25946300034883224
1789320775.17337,LIDAR_ONLY,0.0107923979970138,-0.7702808303499988,-1.5851953739103075,0.06079829398867929,0.02840509434685647,-0.3451050696598111,0.9361619565856697,-0.17443557844305363,-1.5999889792850048,0.04002796005912647,90,1.2055515536235433,-0.5013398730730954,-0.26345042747006125
1789320775.2977762,LIDAR_ONLY,0.018132689979907288,-0.7847751340766375,-1.587862457230261,0.060985943487738614,0.028481900442363407,-0.3450104041438765,0.9361823097434498,-0.17387105664281127,-1.6253498031316311,0.04049009273958773,87,1.2067260578618317,-0.5128377527380177,-0.2642327469021768
1789320775.4123483,LIDAR_ONLY,0.02793186910736549,-0.7969250162605688,-1.5900367745564103,0.061026044432455996,0.028612539919860323,-0.3449944079046495,0.9361816079024319,-0.17335774399403586,-1.650621452390329,0.04095382952334528,87,1.2110998339256371,-0.5292401391796074,-0.2653316497042268
1789320775.5053387,LIDAR_ONLY,0.04396837619046785,-0.8205438892432053,-1.5958494723047743,0.06105920857885323,0.028517529807576634,-0.3449031882838509,0.936215954923346,-0.17302835612557954,-1.6688695303414565,0.0412884912301557,78,1.2110998339256371,-0.5292401391796074,-0.2653316497042268
1789320775.6231005,LIDAR_ONLY,0.054613944909050596,-0.8448905895200659,-1.5998269037001054,0.061017900355924866,0.02816641616408083,-0.3448252690802194,0.9362579786791569,-0.17231603339852505,-1.6939250839536921,0.041737789575389844,90,1.2167775344863652,-0.5452545193131605,-0.26701138037696315
1789320775.7243676,LIDAR_ONLY,0.062347475460152554,-0.8614513481124898,-1.6027245150401725,0.06121280041671549,0.028079898350054294,-0.3447520059435564,0.936274835062701,-0.1718445836337674,-1.7160761817273253,0.0421391027889947,74,1.2218516952786134,-0.5631223222270697,-0.2713568601693018
1789320775.857734,LIDAR_ONLY,0.07226134892907633,-0.8718845521984327,-1.6048952202497795,0.06137442066906159,0.028200669475852955,-0.34471961558860614,0.936272550786946,-0.17139047852143635,-1.7455406872680532,0.042675102473941226,67,1.2223199810908314,-0.5822518162112692,-0.2752671895140642
1789320775.9347727,LIDAR_ONLY,0.08151097712657006,-0.8962750157190088,-1.6104016923234596,0.06125858211088709,0.028111046300717375,-0.34470824448915854,0.9362870186939715,-0.17122260578164886,-1.760362170216063,0.042944549713480606,66,1.2311371160995517,-0.5969089457670749,-0.2753810540713588
1789320776.0489895,LIDAR_ONLY,0.09358100705951165,-0.9164954562319857,-1.6165995473947932,0.061412217308949975,0.0280671407210106,-0.34458326520033095,0.9363242753025384,-0.1709552134752475,-1.7844400702484082,0.04337814381915388,85,1.24202653810397,-0.6136781772548481,-0.27805233068473123
1789320776.1630044,LIDAR_ONLY,0.11073314092429402,-0.9344519092662948,-1.6206368928594819,0.06142893265024459,0.02790127739277538,-0.34447988634886473,0.9363661745569286,-0.170540685030186,-1.8074920597304385,0.043774459936464116,77,1.2567592532677223,-0.6302984600863857,-0.27984233674563147
1789320776.2826843,LIDAR_ONLY,0.12592661411070483,-0.9495873795662743,-1.6245984373726292,0.061514687125760595,0.027998799276757132,-0.3444787488465402,0.9363580522962367,-0.17007079254128737,-1.8329021661236262,0.044238401354014426,76,1.2732772728468225,-0.6446429549196913,-0.2800072432295483
1789320776.3987622,LIDAR_ONLY,0.14012791386831425,-0.9614285497849838,-1.6279463156517338,0.061631311909007475,0.02816165187861127,-0.34449269623768264,0.9363403681326221,-0.16963325647492844,-1.8572118778635882,0.04473263002566834,78,1.2981257848098233,-0.653615845699596,-0.2782913074775029
1789320776.5215247,LIDAR_ONLY,0.15130394258411412,-0.9690294667965794,-1.6302089966942552,0.06171233553689682,0.028380813368570408,-0.34449593773756465,0.9363272216257711,-0.16916887029434818,-1.8823696205518203,0.045195785837862434,70,1.3060564640288999,-0.6742754877039544,-0.28061585632727276
1789320776.6335294,LIDAR_ONLY,0.1764427790096233,-0.9924566477696587,-1.63607944971937,0.061750427036826164,0.02816601890274086,-0.344376003401797,0.9363753138677597,-0.1687039796864157,-1.9063468679352473,0.04563436968931443,68,1.320894981300093,-0.6849050910457757,-0.28138848956169155
1789320776.7552202,LIDAR_ONLY,0.18606591854960858,-1.0094481447661565,-1.6404217519030146,0.061803628652415746,0.02834433929327229,-0.3443720007419088,0.9363678951247939,-0.16815164866852345,-1.9321677485264739,0.04610519358148171,70,1.3395114375643586,-0.6995713823894203,-0.2811014820884054
1789320776.8672,LIDAR_ONLY,0.20473970616373005,-1.0165430648458607,-1.6439252158524402,0.062056563171740346,0.028647006344712688,-0.34446358271844757,0.9363082677065119,-0.1677036538541737,-1.9572159870611217,0.046559636626393314,79,1.3572996767597068,-0.7155129217147373,-0.28239334138020594
1789320776.9807627,LIDAR_ONLY,0.21408729287862743,-1.0290459340696387,-1.6467121989621567,0.06226285182239777,0.028878399609908928,-0.344401352562254,0.9363103564909461,-0.1672547264533418,-1.9823820583526928,0.04698995688524052,73,1.37231739232299,-0.7290796617018094,-0.2811955951292028
1789320777.1019282,LIDAR_ONLY,0.23677013500395955,-1.052100517016906,-1.6516168326585485,0.06245610310545895,0.028749342407093707,-0.34424808624447806,0.9363578192192632,-0.16677480750791085,-2.007727202286832,0.04745760318206489,66,1.38308003966505,-0.7472185405814493,-0.2811506512618276
1789320777.2127957,LIDAR_ONLY,0.25202428699793733,-1.0660667322697246,-1.655516551676695,0.06250471209643912,0.028937208131669723,-0.34429147356461876,0.9363328362190387,-0.1663489494607877,-2.031735684250675,0.04790763701813548,67,1.4019177366161435,-0.7673518486684037,-0.28106427318428856
1789320777.3278897,LIDAR_ONLY,0.26864740331975717,-1.0792650599099192,-1.6587706688633082,0.06252459576839518,0.029071492905391426,-0.34430073551646506,0.9363239432734122,-0.165906142884873,-2.056987681259904,0.04837674248730152,66,1.41864742481132,-0.7792673539290668,-0.2806366149629091
1789320777.4470487,LIDAR_ONLY,0.28354306434965404,-1.0868586278789016,-1.6617990587931644,0.06275853667564008,0.029262174521337357,-0.3443042663503445,0.9363010538227362,-0.16546887844583585,-2.0822168998098145,0.04884152446709568,70,1.4340755762850383,-0.7924812635963059,-0.2808722338033737
1789320777.560472,LIDAR_ONLY,0.3060813031205372,-1.1077117009183648,-1.6666948819316783,0.06284735945066697,0.02911723160622571,-0.344128837354187,0.9363641062828731,-0.16505910085842085,-2.105965202190878,0.049277145142156475,69,1.448833968567192,-0.806820750172546,-0.28107620057578864
1789320777.6787171,LIDAR_ONLY,0.3234466363405039,-1.1199434079970256,-1.6708636748344161,0.06280634535033748,0.02936936902879612,-0.3442184130909989,0.9363260581847005,-0.16461324964446458,-2.131765524471507,0.049749070943634996,67,1.4664849684501164,-0.8196753974698618,-0.28003599172257304
1789320777.7844973,LIDAR_ONLY,0.33446491759384567,-1.1315812718645089,-1.6736751541490993,0.06284859532328031,0.0296164012247578,-0.3442077832630638,0.9363193497869797,-0.16420743005508678,-2.15517782027157,0.05017902744370034,64,1.4807584788878174,-0.8333022444301242,-0.28091027651885353
1789320777.9001353,LIDAR_ONLY,0.35508098319019105,-1.1536805449623087,-1.6788919184768023,0.06289476730979215,0.029543159177901353,-0.3440606575798278,0.9363726362386786,-0.16376168027602372,-2.180673015628509,0.05064534310769492,106,1.4983405193530546,-0.8465004458254336,-0.28108153855361734
1789320778.0138147,LIDAR_ONLY,0.37337819312949044,-1.1636518335896677,-1.6816197831293138,0.06302577581888665,0.029664035856634047,-0.3440630041338634,0.9363591435691248,-0.16329665693767229,-2.2054747155793417,0.05109686943946602,93,1.5183115801870941,-0.8647791918938462,-0.28126537821336195
1789320778.1201885,LIDAR_ONLY,0.3961570561755661,-1.1716548814009697,-1.68490326681963,0.06305652358513318,0.02988023021926453,-0.3442378029260572,0.9362859508248762,-0.162933162559883,-2.2293204517693477,0.05153010514436747,92,1.5369542275601284,-0.8796542973312274,-0.2820485958991876
1789320778.2418618,LIDAR_ONLY,0.40718448811083524,-1.1833910938891126,-1.6880749508568171,0.0631633452415167,0.030112275549283238,-0.34424040724781413,0.9362703587623632,-0.16254813676340535,-2.2562114927845975,0.052019819015111005,84,1.5541495621415755,-0.8950818992665649,-0.28236561688647843
1789320778.3402276,LIDAR_ONLY,0.42403219344604154,-1.2133903448281536,-1.6946616023966337,0.06328008788922108,0.02978535585863674,-0.3439834868536746,0.9363673551684162,-0.16227634382236186,-2.278553509054937,0.0524257448197229,85,1.5682959212608885,-0.9110434733112358,-0.28268080132585643
1789320778.4837773,LIDAR_ONLY,0.4406590301934325,-1.224436936144626,-1.6973241104757284,0.06333185264616233,0.029997301191329973,-0.34408453271866113,0.9363199627827135,-0.16178326229687065,-2.3109847730391855,0.05299983277684256,87,1.5916844275478241,-0.9301503814023673,-0.2819412782888626
1789320778.5968692,LIDAR_ONLY,0.45234528865563767,-1.2376011401525469,-1.7005359709589638,0.06332260874104838,0.030160535484477474,-0.34409175713245727,0.9363126892203351,-0.16136707251284607,-2.3360985832910566,0.05344792679547471,94,1.6104119555585463,-0.9469447435082211,-0.2804769590308917
1789320778.688149,LIDAR_ONLY,0.47758103941111524,-1.2548247881211363,-1.7044637665692979,0.06355992553734716,0.029933452020545943,-0.3439343948102954,0.936361712364563,-0.1610846250680669,-2.3551501800853996,0.053837498878855305,92,1.6268200518672111,-0.9638163976370483,-0.2791334329827958
1789320778.8008292,LIDAR_ONLY,0.4927676990695257,-1.2601490528951231,-1.7075577866252725,0.06386322391254975,0.030160474660435924,-0.34399110259235777,0.9363129582233959,-0.1606976784007073,-2.379396335995052,0.05429344296808776,95,1.6465320077561143,-0.9817772612900744,-0.2793272965858762
1789320778.9164734,LIDAR_ONLY,0.5062947633713208,-1.2758128040605388,-1.7117829788581451,0.06383239679784376,0.03040865064833158,-0.34404534819705634,0.9362871020519062,-0.16030000867256408,-2.404166289314187,0.05474761700675626,88,1.659208456210363,-0.9980066875016104,-0.2791780825849913
1789320779.0250514,LIDAR_ONLY,0.5240894945227749,-1.2953646211398955,-1.7157036410890472,0.06393391485249618,0.030413006016132914,-0.3438972748199361,0.9363344316899374,-0.15986530789428988,-2.428323928857046,0.055190031978580634,86,1.6804397638010202,-1.0155637862851339,-0.2789664386857304
1789320779.1377196,LIDAR_ONLY,0.535682793375198,-1.3086150499712854,-1.7190643064425477,0.0641345513863405,0.03035497830006351,-0.34385567543516804,0.9363378712205868,-0.1594471967749097,-2.4536760725179754,0.05565418234308346,83,1.6976167065837953,-1.0323883988305629,-0.2783672759322093
1789320779.251014,LIDAR_ONLY,0.5515615881402139,-1.3220047609446854,-1.7239461149549782,0.06425275579044322,0.030341890071766537,-0.3438528415392499,0.9363312322279922,-0.1590586655128706,-2.4788822383094598,0.05611359531086474,80,1.7169407776599488,-1.0486096384791315,-0.2769369752985881
1789320779.3679433,LIDAR_ONLY,0.5737308942277596,-1.3366391124151054,-1.727985613692547,0.06447425952517587,0.030308079678557982,-0.34379042452830133,0.9363400205948312,-0.15866479845039946,-2.5047450571472973,0.056561818666460595,80,1.7400944779319276,-1.0610554112029458,-0.27756142804827066
1789320779.4765482,LIDAR_ONLY,0.5939631299563362,-1.3504395976032455,-1.7307135737439616,0.06453166878564055,0.030211390070936758,-0.3437676973180762,0.936347534793759,-0.15826451063511882,-2.5294020909364097,0.057014825295478216,84,1.7575794679400982,-1.0808710501385734,-0.27723352327840467
1789320779.5937753,LIDAR_ONLY,0.6075897930991718,-1.363676671442545,-1.735658174150809,0.0646948670648201,0.030194280631000305,-0.34373812078356286,0.9363476832420884,-0.1578868390793331,-2.5544417115563505,0.05748532164811178,78,1.777880532281011,-1.1007850503906278,-0.27624821813024036
1789320779.7008667,LIDAR_ONLY,0.6309503577155062,-1.3850819166160322,-1.7409556911025459,0.06487765354194075,0.030011684014967805,-0.3436452221401916,0.9363750051094358,-0.15751629549071386,-2.5790234395122607,0.057940776353823914,82,1.7950767404613888,-1.1133617011797359,-0.2750244521725655
1789320779.8159614,LIDAR_ONLY,0.6426164938425609,-1.3990485877393446,-1.7445521494302942,0.06491871720151024,0.030137030240067843,-0.34360110106950614,0.9363843243610194,-0.15713650973806303,-2.6043515750374984,0.058408078853893444,76,1.8113691973849912,-1.1316411730331222,-0.27456422205137676
1789320779.9278073,LIDAR_ONLY,0.6511885350871724,-1.417207419682939,-1.7477261168542513,0.06496246105138966,0.030242292214986508,-0.34350937752481475,0.9364115494632926,-0.15677154845271926,-2.628710098465921,0.05885543510347403,79,1.8270168155167041,-1.1485997229317937,-0.2743817586551585
1789320780.0389361,LIDAR_ONLY,0.6762462282865006,-1.438710597479767,-1.7536676148823056,0.06519601737221715,0.030004509551835205,-0.34337316240770416,0.9364529246382264,-0.15639101976417327,-2.654376759464341,0.05932674977140137,82,1.8475567974164102,-1.1668266402802585,-0.2741447525382084
1789320780.1490035,LIDAR_ONLY,0.6922667384000174,-1.4506848159485317,-1.7577368159450404,0.06532034213410402,0.030210166136036283,-0.34341938893223717,0.9364206971606969,-0.15602674395556276,-2.6788624450331517,0.059775923275634246,77,1.8707037927781198,-1.1857429339978793,-0.27377005117535524
1789320780.2612455,LIDAR_ONLY,0.7036660397868948,-1.459596508975789,-1.7599988188320768,0.06545777474812499,0.03041441966553639,-0.3434337236266481,0.936399231245609,-0.15564499131424558,-2.7043903829879197,0.06024320498015574,77,1.8876418138738307,-1.2013798228393089,-0.27328149837976556
1789320780.3718123,LIDAR_ONLY,0.7228580148335305,-1.4848802895935131,-1.7664560111335073,0.06561234071523586,0.030191889302497617,-0.3432349312591806,0.9364685005539264,-0.1552678330830814,-2.7289560879451216,0.060692767055218144,80,1.9046807468691371,-1.215483704988594,-0.27130496408775645
1789320780.4922402,LIDAR_ONLY,0.7359766375613132,-1.4993088349071126,-1.771542029943273,0.06573448578607889,0.0303292706906007,-0.3432501929322465,0.9364499013667478,-0.15494321147949672,-2.7545330711851284,0.0611580659445035,74,1.9267110289121672,-1.2336998275536382,-0.2702021358096902
1789320780.599749,LIDAR_ONLY,0.7475522282934219,-1.5177862826733555,-1.7754802389542417,0.06583000261940207,0.030372211644139075,-0.3431309940316057,0.9364854833097283,-0.15460979645156825,-2.779123031768209,0.06160385195282979,83,1.9441098965584935,-1.2509126684763294,-0.2696618235397812
1789320780.7446296,LIDAR_ONLY,0.7693195068840515,-1.5346317726731884,-1.781228741920639,0.0659927331434269,0.030255447599060622,-0.34301482293569985,0.9365203672687697,-0.15414283158966036,-2.812655156770674,0.06220673261782947,81,1.9608692913344856,-1.2685770443849262,-0.2702643875837132
1789320780.812822,LIDAR_ONLY,0.7820497793487038,-1.5523260960456613,-1.786321005463262,0.06608682374466694,0.030287923844635904,-0.34298228436625355,0.936524599787656,-0.15392658810894774,-2.826812654462882,0.062455823788981735,82,1.9815543420083395,-1.2867433800577248,-0.269513404807192
1789320780.9319887,LIDAR_ONLY,0.8033375457547115,-1.5771633322589425,-1.7923119215964887,0.06636141851531116,0.03008649267759747,-0.34276447573177504,0.936591415328647,-0.1535474165290846,-2.853181255982343,0.06294251943392672,80,1.9990792106423654,-1.304252435471235,-0.2686361682135715
1789320781.0410147,LIDAR_ONLY,0.8093515852861533,-1.5920154694335333,-1.7954827573066807,0.06663108828546781,0.030180218549473097,-0.3426495888592353,0.936611291698321,-0.15320709132049254,-2.8776903708644115,0.06342496839704467,81,2.0188247571840967,-1.322511406716182,-0.26772126178158123
1789320781.1540709,LIDAR_ONLY,0.8279394961162885,-1.6204276721368314,-1.8026177595390986,0.0667052529730562,0.02996105239875226,-0.34240018501396907,0.9367042531489645,-0.15285339719095167,-2.902521656776165,0.06388682735436067,97,2.034219246864525,-1.3360110726405852,-0.266803570189925
1789320781.2654765,LIDAR_ONLY,0.8410513210165489,-1.637494085564968,-1.8093491701455435,0.06654839868226306,0.03013667060165103,-0.34241729574149776,0.9367035215557555,-0.15250239308756497,-2.926872797426058,0.06433411918504253,108,2.0513292435854202,-1.354360385626853,-0.26670134860796446
1789320781.3794544,LIDAR_ONLY,0.846285108931623,-1.6551300883480042,-1.8126382148199847,0.0666310664336634,0.030254707869753986,-0.34229779229070034,0.9367375166131339,-0.1521161638286233,-2.951965590170423,0.06479458606510316,105,2.068460442472616,-1.3712555129727233,-0.26525465971921086
1789320781.4854004,LIDAR_ONLY,0.861657375996064,-1.6845874979709718,-1.8194230122797181,0.06655074721355812,0.03011144444837948,-0.3420736546383219,0.9368297143883361,-0.1517899605412356,-2.9770678797580237,0.06525535046278697,90,2.0865953683399217,-1.3883853297805842,-0.26563515623603773
1789320781.6023,LIDAR_ONLY,0.8736998433316148,-1.7035333527605931,-1.8234754101477602,0.06646551316546641,0.03034374814468455,-0.34209221167658843,0.9368214937854508,-0.15143650803830092,-3.002719152032185,0.06572303381462727,87,2.1102224876129374,-1.404983631681311,-0.26412172860560373
1789320781.7091558,LIDAR_ONLY,0.8867309196328852,-1.732932179188517,-1.8309194015812824,0.06633307280892888,0.030287152091620195,-0.34185187106218706,0.9369204395898225,-0.15109462888414202,-3.0280094284883146,0.06616477449618036,89,2.1284825621787355,-1.4202356428714105,-0.26435236391233186
1789320781.8159504,LIDAR_ONLY,0.8963527656232322,-1.7476240651066894,-1.8349828733558853,0.0665367100800799,0.030467858832865274,-0.3417338084327419,0.9369432106397454,-0.15074004021891016,-3.05267127648737,0.06661886434746046,78,2.1464410410561894,-1.437590108822828,-0.26343498918738817
1789320781.9256065,LIDAR_ONLY,0.9248194581133835,-1.7629596866704373,-1.8402781424153984,0.06663797174165609,0.03040818817884894,-0.34174107248177193,0.9369353030988034,-0.15039226244781215,-3.0784851380648366,0.0671030945600011,79,2.165364709873841,-1.4524492137000484,-0.2611998368734316
1789320782.0321786,LIDAR_ONLY,0.9329272592890336,-1.7785849938889329,-1.8456015946378954,0.06683033680423973,0.03054030017100121,-0.3416478224136828,0.9369513122825998,-0.15006802466997116,-3.1025990074405088,0.06755013355438684,75,2.1822592682507165,-1.4709007471622315,-0.26136873569408386
1789320782.1421502,LIDAR_ONLY,0.9456381717822211,-1.8070679566048995,-1.8517833016147989,0.06690146742396112,0.030310255729667227,-0.34137764969678247,0.9370521769579448,-0.149741237057318,-3.1269791596701335,0.0679997160424272,73,2.1992932565515093,-1.485368346914179,-0.2606428406645664
1789320782.2460713,LIDAR_ONLY,0.9540453060356575,-1.8244043469226545,-1.8582326039863737,0.06697394552965692,0.030447448534456904,-0.34130626755424937,0.9370685541763311,-0.14942426786129276,-3.1506392311932765,0.06843499872999803,70,2.2166093696667497,-1.5047359040709243,-0.2611856388400004
1789320782.3586378,LIDAR_ONLY,0.9678850405261299,-1.8471854917163686,-1.8633189038206828,0.06695847490984734,0.03043831222336387,-0.341183946715059,0.937114500096267,-0.14907075337180717,-3.1773487059931775,0.06892579136316687,70,2.236285785383338,-1.5187614017353892,-0.2589100157625048
1789320782.4716308,LIDAR_ONLY,0.9799725416908427,-1.8663729830620517,-1.8695955877468395,0.06732835129039175,0.030397541849142493,-0.3409537728511229,0.9371730935855085,-0.14873585716252236,-3.2026052449739293,0.0693892317383699,70,2.254866142160376,-1.5341935341482222,-0.257528995427493
1789320782.5843966,LIDAR_ONLY,0.995897684037184,-1.8848023744215923,-1.8765991178598067,0.06753006115947645,0.030283304369212265,-0.34087312234242784,0.9371916168963544,-0.14840214229568227,-3.2274036868239864,0.06984336945415728,74,2.270765167523854,-1.5503409629181049,-0.2571792590840278
1789320782.6964326,LIDAR_ONLY,1.0101393701802286,-1.9101261095560649,-1.8840908976944362,0.06760739185416972,0.03020347839916825,-0.3407091245299743,0.9372482504231663,-0.14806770863705812,-3.2529667726544496,0.07031028954585919,74,2.289202872670039,-1.5673791639627146,-0.257095603250734
1789320782.8028944,LIDAR_ONLY,1.0235363296548672,-1.9361110592116697,-1.8912808979740339,0.06770838181377646,0.02997298440165345,-0.3404702389901928,0.9373351650291261,-0.14777169673046975,-3.277282933545158,0.07075436349740041,75,2.306761357278215,-1.5865282936703435,-0.25809639285668373
1789320782.9147651,LIDAR_ONLY,1.0304621006994907,-1.9647067414225128,-1.898071473342057,0.06784259691736934,0.029895524378605202,-0.34024808705036563,0.9374085976372323,-0.1474551617519988,-3.302862931758984,0.07121909378210282,71,2.324389559382909,-1.6025798854841624,-0.2591032437512305
1789320783.0264554,LIDAR_ONLY,1.0561089037035944,-1.9895084277004997,-1.9027672407507525,0.0679392379798328,0.029630663729995503,-0.34018771066227266,0.9374319203142175,-0.14712820627782583,-3.3276116928878334,0.07166310974978596,72,2.341996233751381,-1.6183747072176482,-0.2585172827828426
1789320783.137543,LIDAR_ONLY,1.0676675963378475,-1.9994948105419799,-1.9067883293674655,0.0681688096266536,0.029832523036735042,-0.34015696109342436,0.9374200103385005,-0.14679059735158678,-3.3521549040542875,0.0721013812667555,72,2.3628864050099434,-1.636928270885249,-0.2580393033500149
1789320783.250464,LIDAR_ONLY,1.0867271548351451,-2.0224659920762225,-1.9117536128990007,0.0682045584559079,0.029625809886566108,-0.34000182424624553,0.9374802446471205,-0.146486967534935,-3.377022026516384,0.07258933889713709,70,2.3763118040320355,-1.6517387843805518,-0.256929156040717
1789320783.3674786,LIDAR_ONLY,1.1034337063892203,-2.036360073958736,-1.917422310301672,0.06816107535459384,0.029732205384861935,-0.34006166872379534,0.9374583325323027,-0.14614960713538294,-3.402848428517047,0.07307499031096745,75,2.398145247588125,-1.6687854577293268,-0.256428284912775
1789320783.4616222,LIDAR_ONLY,1.118103636513504,-2.0588920538463586,-1.9233184248529742,0.06824561573733141,0.029522060325506708,-0.33985505313210795,0.9375337469911906,-0.14587326168093717,-3.4240422807287487,0.07346449941670219,100,2.4138808645499874,-1.6836438697809524,-0.25562574976134583
1789320783.5820498,LIDAR_ONLY,1.1305997218476398,-2.071911804314544,-1.9261932810211253,0.0683929875323182,0.02961032755622796,-0.3397965341826072,0.9375414354128063,-0.14552550938123507,-3.450675837333676,0.07395421803330776,95,2.430134670724658,-1.7009936925881115,-0.25581084038587515
1789320783.6902192,LIDAR_ONLY,1.15631619218331,-2.0986028050414625,-1.9335208006821285,0.06837061175720026,0.02922903104073765,-0.33969708080566197,0.9375910710349568,-0.1451989393493341,-3.4759003471062333,0.07441831588156594,98,2.4452437985531428,-1.7173667454474313,-0.2553200842408795
1789320783.8076804,LIDAR_ONLY,1.1673410122976997,-2.1115723526819625,-1.9381492085193268,0.0684915963618496,0.02945283370552643,-0.3396308392373987,0.9375992346698138,-0.14489074697069568,-3.5012170730155585,0.07488351937677942,84,2.465767890312589,-1.7361729601164444,-0.2548498524165466
1789320783.9166048,LIDAR_ONLY,1.179512888208765,-2.137092232075157,-1.9453597718921274,0.06855908377429498,0.029288538524752696,-0.33938798635299705,0.9376873830133214,-0.1445757501604594,-3.526563170481388,0.07534562748978492,92,2.4790241849964634,-1.7513493616929292,-0.2530128886089628
1789320784.0347743,LIDAR_ONLY,1.2040948672537586,-2.1598501406167947,-1.9512704085580432,0.06863398388330119,0.029050233836519248,-0.3393479221803963,0.9377038167151704,-0.14425725314627438,-3.5519881393938397,0.07579312001637042,91,2.4971951226527365,-1.76805825578745,-0.25351430047302503
1789320784.1382494,LIDAR_ONLY,1.213510635949027,-2.174479857939312,-1.9557851555193833,0.06853152986767133,0.02920986858467241,-0.33927868314974563,0.937731405121657,-0.14396850235153802,-3.5742985123680806,0.07620925259655385,84,2.517424320378037,-1.7856512812275092,-0.25194773623901345
1789320784.2569554,LIDAR_ONLY,1.2332340404743596,-2.1907606193954003,-1.9608676017488085,0.06891796177550608,0.029153216705660828,-0.339098606676869,0.9377699821652583,-0.1436843347928197,-3.6012178023200216,0.07669755546242246,83,2.535272407974478,-1.8020639283171822,-0.25242746426771034
1789320784.3640633,LIDAR_ONLY,1.2514586971825936,-2.210055169431845,-1.966571148746353,0.06890267171795586,0.029477100024338093,-0.3390583278358547,0.9377755449623524,-0.14342283165894135,-3.6264526260755034,0.07717288158909777,79,2.5525855322519817,-1.8241789053970678,-0.2507619374994119
1789320784.4643302,LIDAR_ONLY,1.263393738838145,-2.225253245008317,-1.9718225368429398,0.06905525566910847,0.02985762787913871,-0.3389356386281908,0.9377966339188926,-0.1431836456021455,-3.6493429092254037,0.07760620721114903,82,2.576903525535511,-1.84187137238076,-0.2483778239992665
1789320784.5826957,LIDAR_ONLY,1.2774496268053963,-2.2505130603378936,-1.977525775682256,0.06949402537429039,0.029861979768352385,-0.3386398795206113,0.9378709264071778,-0.1428958848272257,-3.6769801080647992,0.07814391113239388,74,2.599246037493988,-1.858733373806106,-0.2438476465712483
1789320784.6903315,LIDAR_ONLY,1.298504701477707,-2.26615552787558,-1.9837271740776485,0.06976431689384532,0.03011523685854618,-0.3386666695381088,0.9378330872502071,-0.14264229683157556,-3.7018283626098385,0.07862665991152434,75,2.616081742242359,-1.878162334721017,-0.24217082523249928
1789320784.8065255,LIDAR_ONLY,1.3156117288021747,-2.2852545533142017,-1.9895502200488675,0.07006914299503786,0.030326236482871433,-0.3385062483836324,0.937861479316623,-0.14237602989663825,-3.727897975332286,0.07912800136204823,69,2.6365915636366157,-1.901813272078967,-0.24607791464408985
1789320784.9103062,LIDAR_ONLY,1.3285876940608674,-2.305291675716442,-1.9934090489077947,0.07038409596357438,0.03067200291121794,-0.33824157120540116,0.9379221432407415,-0.14213532919717925,-3.7516744189193645,0.07958635328001323,71,2.655625447584698,-1.9227949123691084,-0.2445570574191931
1789320785.025149,LIDAR_ONLY,1.3472837370433395,-2.3208724601801842,-1.9981146979963316,0.07046595200718278,0.031194598627548285,-0.3383167167688339,0.9378716574131795,-0.14187590729624097,-3.7771528848768674,0.0800750024804946,67,2.6750789351479813,-1.9430853270865145,-0.24286292614360308
1789320785.1621523,LIDAR_ONLY,1.3594711013006506,-2.337132106632919,-2.0025782724904664,0.07093554483645022,0.03136195577758473,-0.33815722063885023,0.9378881971420522,-0.1415625797213402,-3.8092939138203934,0.08069499525961435,61,2.6968826478805434,-1.966166110485457,-0.2429295345780328
1789320785.244805,LIDAR_ONLY,1.3731225380803251,-2.355081649792521,-2.008189915269311,0.07149346116010923,0.031472257336654035,-0.3379472716025928,0.9379178128417474,-0.14138001159093042,-3.826164856078344,0.08101249295222451,66,2.7132252085124544,-1.9837428055465003,-0.2419229940394082
1789320785.3541677,LIDAR_ONLY,1.4008108589164334,-2.37530355626867,-2.0127762056566354,0.0718651709467441,0.03139878759298853,-0.3379307762477845,0.9378978109618635,-0.14109840515836625,-3.8515899175124004,0.08148031214005641,67,2.7329678896655882,-2.006870902349239,-0.24175006938078092
1789320785.4692724,LIDAR_ONLY,1.4133941431406105,-2.3848892536315107,-2.017935595074506,0.07220225203893928,0.031814947821226416,-0.3378712569248972,0.9378793406614884,-0.14081962993495134,-3.8755991396004106,0.08193160314235515,75,2.7580480631145066,-2.0288711848053294,-0.2407275548770319
1789320785.5802393,LIDAR_ONLY,1.432960833855477,-2.4017216995126067,-2.024081249001589,0.07288159668370592,0.03214355973438293,-0.33762485277487747,0.937904325195901,-0.14029325795624212,-3.90013843304326,0.08241949104622898,90,2.776208806421594,-2.046741432162692,-0.239271597340877
1789320785.689848,LIDAR_ONLY,1.4591696744286853,-2.424700011915366,-2.029984374338653,0.07342757526361768,0.03197109972913292,-0.3374956355960923,0.9379141410207043,-0.1399798773134365,-3.924720152247547,0.08297320221239682,88,2.7973189153770393,-2.065128956762024,-0.23650951430096362
1789320785.7996724,LIDAR_ONLY,1.47767599579254,-2.445528368726632,-2.035912443920949,0.07419533012403876,0.03204055714077103,-0.33729908342541254,0.9379220564664585,-0.13969747159380505,-3.9489852435455415,0.08344808565194414,84,2.816608240550662,-2.08307338629114,-0.2346235878550039
1789320785.9053786,LIDAR_ONLY,1.4852009539860629,-2.4545630465689423,-2.040419309411834,0.0747798768562944,0.03260387667674396,-0.3371244778804644,0.9379189963194208,-0.13938675956359672,-3.9733161413218445,0.08393649299972925,85,2.8368881818059104,-2.10609511144496,-0.23424263675416174
1789320786.019698,LIDAR_ONLY,1.5063504441529427,-2.4877138039030173,-2.0470470627607784,0.07525648085525471,0.03190233174020644,-0.3369224754182021,0.9379775844213398,-0.13874949312552928,-3.999479919666487,0.0843635699458366,84,2.8533975751024934,-2.127731131250706,-0.23297204085526665
1789320786.1284423,LIDAR_ONLY,1.518195440460825,-2.5202948738478446,-2.054972304533502,0.07553765674772565,0.03133098377734046,-0.3365226499136,0.9381177633771443,-0.13816518526351018,-4.02383006093756,0.08474025808805435,86,2.8700570709875888,-2.1464758830125406,-0.23082883425297449
1789320786.2411964,LIDAR_ONLY,1.5261007250802883,-2.545261469374688,-2.0608666587190028,0.0755922793446196,0.031356541453321944,-0.3365018405292312,0.9381199741674895,-0.13756333370571858,-4.048321763293604,0.08511578996298302,78,2.8868384560446736,-2.1657003450013406,-0.22949220759229905
1789320786.3512244,LIDAR_ONLY,1.5433612522226063,-2.5668676134208757,-2.066836570392115,0.07578744764764617,0.031279267408578566,-0.3363631007919467,0.9381565618994863,-0.13735265798009724,-4.073916532967592,0.08539360113967484,76,2.9064148802482417,-2.187010528159366,-0.2286982525704537
1789320786.4664254,LIDAR_ONLY,1.5607730942867426,-2.5871650481663493,-2.0720224367557796,0.07603166468488323,0.03111536776834402,-0.3361604975930254,0.9382148686265294,-0.13713091416129392,-4.098828085628202,0.08565736935286186,77,2.9251390632136456,-2.203240008284703,-0.2279069085783824
1789320786.570516,LIDAR_ONLY,1.5887537777941632,-2.606362357012985,-2.0762561693814616,0.07588984792141569,0.030884221037982943,-0.33619180207751775,0.9382227710353296,-0.13690637665914324,-4.123755930114385,0.08590790315263142,80,2.9439536394625683,-2.219673834144821,-0.22730222517212656
1789320786.685752,LIDAR_ONLY,1.6029331040668884,-2.616387061144243,-2.0804904892100216,0.07596056355259506,0.031056178854412746,-0.3361766631107392,0.938216796758331,-0.1366867104698811,-4.1486665317384,0.0861634982000738,83,2.9641313253494093,-2.2365281568215822,-0.22643709420468655
1789320786.7923558,LIDAR_ONLY,1.6194326165818942,-2.6264177930542614,-2.0831445840013565,0.07603450085163758,0.03120178566880701,-0.33616527392222784,0.9382100574285663,-0.13646316960339225,-4.174325398745003,0.0864241889752295,83,2.9830397815626064,-2.249056027092544,-0.22482992163948023
1789320786.9030676,LIDAR_ONLY,1.6431323726852696,-2.6462396179931997,-2.0881577012142647,0.07578346609543057,0.031090349871556833,-0.3361970815341812,0.9382226701478311,-0.1362514052184927,-4.1984801306495125,0.08667202212378594,90,2.9984571197486622,-2.262864303357034,-0.2248960184914222
1789320787.0124397,LIDAR_ONLY,1.6616449402488558,-2.6625429847747535,-2.0925454471861387,0.07573653937602524,0.031086231940302814,-0.33613148253721625,0.9382500995120814,-0.1360369241669024,-4.222888238029755,0.0869220129988255,90,3.015186452457223,-2.2789602919133185,-0.22382094697043017
1789320787.125825,LIDAR_ONLY,1.6790718260566202,-2.679945056610123,-2.0962156299908994,0.07565173845744981,0.031041860141304382,-0.33602194435083277,0.9382976448345265,-0.13581392458433522,-4.248302911236907,0.08718201021878381,91,3.0345697206747344,-2.294346218527258,-0.2229194622476095
1789320787.2429254,LIDAR_ONLY,1.7023044299302943,-2.6963857833054425,-2.100661994102139,0.07570288411589923,0.031066489455838193,-0.3360212502261619,0.9382929531686104,-0.13558264744281467,-4.274734106801643,0.08745198756229804,90,3.0526808676548174,-2.311066976674673,-0.22276637442726235
1789320787.347071,LIDAR_ONLY,1.7179337091759719,-2.7093203047538537,-2.1038808665986632,0.0757868058146836,0.031091132623610403,-0.33596619155985946,0.9383050781410875,-0.13537729603544535,-4.298183158763288,0.08769112893600889,90,3.0689935907145753,-2.3261671613113535,-0.2216011513340532
1789320787.4862885,LIDAR_ONLY,1.73318831663944,-2.7231560995367277,-2.1090618356568447,0.0756848287558783,0.031162446897007083,-0.33590977787713017,0.9383311407632818,-0.13510851330996299,-4.328860518355041,0.08800106870761487,91,3.0868528196271785,-2.3395707057936113,-0.2205668971054727
1789320787.5730126,LIDAR_ONLY,1.75814075242767,-2.744381144160237,-2.113851428857288,0.0755892446756883,0.030940988484462997,-0.33589249547204103,0.9383523606868202,-0.13493966604618501,-4.348050692452037,0.08819332192260626,87,3.1013220259892234,-2.353235739950329,-0.22015487916114979
1789320787.6876802,LIDAR_ONLY,1.7767480777644395,-2.76340848496957,-2.119819970054688,0.07540264264235282,0.030795446651377595,-0.33574344481561186,0.9384255011514969,-0.1347119195884793,-4.373674900527525,0.08844382225795436,88,3.1217247304416422,-2.3710196329495234,-0.21935096035608434
1789320787.7997112,LIDAR_ONLY,1.7945833039207288,-2.7791220751276113,-2.123325273753582,0.0755684652250958,0.030753382498707762,-0.3356358911916184,0.9384520153275925,-0.13449658075587365,-4.397706724066853,0.08867713426038332,92,3.137748033390581,-2.3856208506299983,-0.21876965802376183
1789320787.9155128,LIDAR_ONLY,1.812935156642183,-2.7969319507805577,-2.1277832306962083,0.07566230000774932,0.030512459172543464,-0.3354860696507169,0.9385058887737976,-0.1342695817667468,-4.422586458081248,0.08894096360482498,92,3.155093917365651,-2.401467004704306,-0.21764441069834775
1789320788.027647,LIDAR_ONLY,1.8290955085033944,-2.815232113141995,-2.131608992189991,0.075691019198217,0.03047347584116853,-0.33536326188561555,0.938548730466529,-0.13406512491898523,-4.447035884724505,0.08922703675656465,92,3.1727375313330017,-2.4157934213491896,-0.2178549756312225
1789320788.1394467,LIDAR_ONLY,1.8461778120448984,-2.8342452815892387,-2.135613246903623,0.07588035011603281,0.030111380341152516,-0.33522104669309677,0.9385959338790061,-0.13384026208585156,-4.472588072786633,0.0894920405798114,89,3.188837885286746,-2.434468062557093,-0.2179538605493991
1789320788.2529347,LIDAR_ONLY,1.8692079990098611,-2.8538243659977387,-2.1398597493857325,0.07587099141002951,0.029872803530551044,-0.3351452405666986,0.9386313845153347,-0.13362713944894003,-4.496475250708654,0.0897398117468671,98,3.203800072387161,-2.4521876266912277,-0.2180539718064702
1789320788.3633556,LIDAR_ONLY,1.878213859597934,-2.8642331909396486,-2.143232532530495,0.07613305259672541,0.029650702992832664,-0.33508516392153975,0.9386386562644914,-0.1332879816326301,-4.522208161869845,0.09000333810357672,96,3.2214934610289747,-2.469079460076713,-0.21838599365516737
1789320788.4740179,LIDAR_ONLY,1.88990749469003,-2.8813989813125436,-2.147874051177882,0.07642080482352315,0.02944091877348828,-0.33491213453834207,0.9386836288286216,-0.13294677292758153,-4.546931936594963,0.09025558657094197,98,3.2347514037489393,-2.484924540178496,-0.2180750942311945
1789320788.5841775,LIDAR_ONLY,1.898731421129608,-2.8998404080922042,-2.1524013051953643,0.07651702973942562,0.029333951853903764,-0.3347054779570551,0.938752846309415,-0.13266347033769574,-4.572223674121639,0.09051876413822174,95,3.253154863539771,-2.503055619108339,-0.21808647605145395
1789320788.69055,LIDAR_ONLY,1.9202833445535836,-2.9187143844725987,-2.157686648101894,0.07651548295225628,0.029080732995233352,-0.334656729597267,0.9387782300268285,-0.1324884050860481,-4.596558800952395,0.09076054281499724,95,3.270269637490533,-2.5216189775484854,-0.21830907843677408
1789320788.8067849,LIDAR_ONLY,1.942515881174706,-2.9407999743630375,-2.1610327138725016,0.07623973944229223,0.028703963514467027,-0.3345755413323735,0.9388411962363394,-0.13229434452171726,-4.623054781452635,0.09103348443692495,96,3.287937965208623,-2.537663129864876,-0.21759035437568933
1789320788.914693,LIDAR_ONLY,1.961694542745896,-2.9587978252912572,-2.164223266438106,0.0763865103071451,0.02855344016833542,-0.33448295886828144,0.9388668448317735,-0.13212019436160152,-4.647033258236349,0.09128456405381588,103,3.3061482364313877,-2.5527702325832453,-0.21612682515804532
1789320789.0284278,LIDAR_ONLY,1.976717792316031,-2.9766551008173283,-2.168605457832982,0.07656040133027966,0.02838908259010174,-0.3342920196826838,0.9389256682583085,-0.1319369376031957,-4.672269652625436,0.09154692259507205,103,3.3268822019416078,-2.570372981557219,-0.21595998969838928
1789320789.1370835,LIDAR_ONLY,1.9928313394265056,-2.988603171502916,-2.171127294855858,0.0765617868135156,0.028344629750966025,-0.33422730793281213,0.9389499355110409,-0.13175516751328337,-4.697008817825362,0.09180095701948085,104,3.346609006767626,-2.5841973852350764,-0.21505209918644688
1789320789.249951,LIDAR_ONLY,2.006204044020789,-3.001293331437399,-2.174743097415934,0.07662937203087553,0.02836806400360724,-0.3341284881101203,0.9389788845975645,-0.13157079275549646,-4.722507063204726,0.092063473324142,110,3.368714466594936,-2.5997474044549516,-0.21407649186964528
1789320789.3621469,LIDAR_ONLY,2.0219850157037773,-3.013066764472147,-2.1766957746747058,0.07673272980449752,0.028366215521356743,-0.3340747408466819,0.9389896237562844,-0.1313937841132496,-4.747010459812817,0.09231561438362942,109,3.3866169705931175,-2.6149964622543704,-0.2131973212000866
1789320789.4784591,LIDAR_ONLY,2.041294993196686,-3.032331267064033,-2.1803370635440777,0.0764485477980288,0.028098021598076794,-0.33406432090572774,0.9390245738103139,-0.1312058878981257,-4.773020425669175,0.09258275587630174,108,3.40469291675617,-2.6287370111467414,-0.21159206082858045
1789320789.5902603,LIDAR_ONLY,2.058028685963678,-3.0468656085153785,-2.1837234051919006,0.07659317308213152,0.028077637906501158,-0.3340400828284722,0.9390220205888409,-0.1310330656356572,-4.797036518791832,0.09282890569206577,112,3.422143951391876,-2.647104006306483,-0.21063335166741923
1789320789.7061353,LIDAR_ONLY,2.0753248487453755,-3.0648518193071466,-2.1869503815591136,0.07649332387893977,0.027981977339972618,-0.333972113981064,0.9390571907126404,-0.13084932785405834,-4.8225586195734405,0.09308920175317009,112,3.4415327230620827,-2.664654060472698,-0.21128044027245596
1789320789.832455,LIDAR_ONLY,2.097251435055183,-3.082143092310967,-2.1903738049867996,0.07648828602162322,0.027723177347212465,-0.33399227429340844,0.9390581069622721,-0.13065801394487092,-4.848828127106141,0.09335503915166163,112,3.460840472792145,-2.6811312111892143,-0.210970623159746
1789320789.9537675,LIDAR_ONLY,2.112917706810253,-3.098281037597533,-2.1940316311359616,0.0766936021675429,0.027495119966391427,-0.3337915312876932,0.9391194404362085,-0.13045141606061345,-4.8768101495691925,0.0936354382355228,114,3.480956174486212,-2.6990257569387404,-0.2106100412563273
1789320790.0575922,LIDAR_ONLY,2.1297881959043496,-3.114133886719312,-2.19737732965902,0.07666497094629975,0.027379199356285397,-0.33365239430266214,0.9391746064755546,-0.13028624813426093,-4.899216613203888,0.09386466830960435,122,3.4981513243231066,-2.7125326353850188,-0.2106180030518135
1789320790.164501,LIDAR_ONLY,2.150849213726078,-3.1295780070510633,-2.200051906183814,0.07668447611346323,0.027130445109644404,-0.33368821961995543,0.9391675048457653,-0.1301265947639945,-4.922327491643913,0.09411053487699012,119,3.517425533305662,-2.7276128844539036,-0.20991472543891015
1789320790.2831197,LIDAR_ONLY,2.165210081857809,-3.144314975110004,-2.2023528605510667,0.07659881090904969,0.027023567514906026,-0.333568699501041,0.9392200336871394,-0.12993019858196503,-4.948380393126836,0.09438564777022132,118,3.5366571077051345,-2.745830754450062,-0.20836564575412872
1789320790.392568,LIDAR_ONLY,2.175932672298058,-3.155446249401393,-2.2042262384826152,0.07679256460957296,0.02700401864409379,-0.33344418981891744,0.9392489857720155,-0.12976722477061092,-4.9715315387433305,0.09462717943014115,115,3.5524919547788816,-2.761246924235228,-0.2078235993081868
1789320790.512347,LIDAR_ONLY,2.1966832960237004,-3.173860082425409,-2.206901431706498,0.07674956289940499,0.026884219594216233,-0.33346743945242285,0.9392476830722583,-0.12957957379103882,-4.997686310695557,0.09489588866115266,119,3.5701163750154694,-2.7791853083774694,-0.20923420911350574
1789320790.6262429,LIDAR_ONLY,2.2129246567343017,-3.187520757270065,-2.2102035440672196,0.07662507539565062,0.02709738868360973,-0.33345115056554964,0.939257504379737,-0.12940292825105806,-5.0221851284850185,0.09514737002944973,124,3.5902392475150298,-2.795707377667328,-0.20879808047882947
1789320790.7394853,LIDAR_ONLY,2.226948662195182,-3.2022957593624755,-2.2121239224689253,0.07639906506705275,0.02707086129217092,-0.33343447133583887,0.9392826010582597,-0.12922508009171546,-5.047026209119377,0.09540366723290614,130,3.6058230815052386,-2.811349867637895,-0.20874405061555332
1789320790.8572073,LIDAR_ONLY,2.2481065145047165,-3.2212290396340943,-2.215816787645202,0.07648691529579435,0.02684932812287821,-0.3333466204331159,0.9393129915069333,-0.12903998350513582,-5.072905708613611,0.09566983743241561,130,3.6233027974011254,-2.827139801648639,-0.20883779066504823
1789320790.9626188,LIDAR_ONLY,2.257464272456734,-3.2331140367182827,-2.2182832643446524,0.07660386417392981,0.026887220827024227,-0.33321959456235817,0.9393474475131759,-0.12886577551535244,-5.097041876885512,0.09591339865925838,135,3.6388272329492923,-2.841692411495969,-0.2079351758036337
1789320791.0783858,LIDAR_ONLY,2.270327726089012,-3.2459154130079257,-2.221320997388867,0.07688685355532737,0.026775464316477995,-0.3331244695625573,0.9393612585367056,-0.12868789242102027,-5.1223467785733146,0.09616626973898892,131,3.653263222913576,-2.8571980643728785,-0.2083786210683374
1789320791.190477,LIDAR_ONLY,2.291735830106819,-3.2634973073522104,-2.223616003141707,0.07665447256641635,0.026637733237525156,-0.33313972894675187,0.9393787542843492,-0.1285124912001518,-5.146823610388754,0.09641988255981163,128,3.6699846321526692,-2.874024025811605,-0.20826390324277164
1789320791.3049695,LIDAR_ONLY,2.3036950533608676,-3.2738310670341764,-2.2263794315342667,0.07679866704751813,0.02672809301984522,-0.3330638176744194,0.939391328009466,-0.12833075294408441,-5.172540941400236,0.09668822041880226,128,3.68977312403192,-2.891858193744679,-0.20874439833036096
1789320791.4157271,LIDAR_ONLY,2.319133403155638,-3.2884133299590745,-2.2295528118185497,0.07679359277623453,0.026821485042154033,-0.33301109610762786,0.9394077719062408,-0.12815698035876236,-5.197020112044758,0.09694178853941479,134,3.7085260823946804,-2.907991300985044,-0.20811158091290669
1789320791.5394993,LIDAR_ONLY,2.3347849873380553,-3.304907577985304,-2.2324580988762643,0.07672430690929696,0.026840277524139252,-0.3330564666547004,0.9393968119230561,-0.12797834545988718,-5.222259980643866,0.09720201817320953,139,3.7266084480781374,-2.9242567261937262,-0.20795122352566509
1789320791.6613722,LIDAR_ONLY,2.351063958058379,-3.3165548114502106,-2.2360021431929265,0.07684122542189757,0.02701193112796731,-0.3330091733232192,0.9393991016256005,-0.12779834421816222,-5.247759600119059,0.09746451578001372,136,3.74296685435029,-2.939052586027612,-0.20793667114648526
1789320791.781151,LIDAR_ONLY,2.3676961318382683,-3.32994471156668,-2.2383754841502452,0.07672568508822739,0.026991114289209802,-0.3329558388038602,0.9394280485505991,-0.12762492536709708,-5.272264062176067,0.09771644043600923,136,3.7623334627264597,-2.956286390811969,-0.2079580943121008
1789320791.8951695,LIDAR_ONLY,2.385580020567893,-3.3440560298148654,-2.241248655437787,0.07675579195691243,0.026905603251911055,-0.3329764432727215,0.9394207391473568,-0.12744804166871287,-5.297275260156712,0.09797325917876737,129,3.7812861053915072,-2.9712843081755187,-0.20658353814440897
1789320792.0081468,LIDAR_ONLY,2.396602127131818,-3.353202290334297,-2.243233562917278,0.07691273581220878,0.02702225529634975,-0.3329132159314737,0.9394269633381535,-0.12727134950056454,-5.322292924004136,0.09822949038568349,131,3.7986055388624096,-2.988303855379907,-0.2058802933633245
1789320792.1160846,LIDAR_ONLY,2.41299982020621,-3.363230981594619,-2.245744824861702,0.07688311594258779,0.027102471411739534,-0.332956432957138,0.9394117607730879,-0.12709820191068538,-5.346813606178597,0.09847942684504284,134,3.8143174672212052,-3.0010620986885312,-0.20520505399174518
1789320792.2310343,LIDAR_ONLY,2.428783074710594,-3.380075525142655,-2.2494722909345266,0.07678875028006106,0.02689689911826688,-0.3328686343909137,0.9394565007955273,-0.12691285626754023,-5.372827608941442,0.09874189836863717,132,3.828757034802294,-3.017116019796372,-0.20656882241085478
1789320792.3388603,LIDAR_ONLY,2.445851952929028,-3.3960805484673826,-2.2541938905938723,0.07679174911324872,0.026826031103311363,-0.3327564362495332,0.9394980284481084,-0.12673902546166566,-5.396802996091845,0.09898243418319336,136,3.8486965145916736,-3.0330027855178883,-0.20636092754377203
1789320792.4577816,LIDAR_ONLY,2.467762308641663,-3.406669895963878,-2.256335996984356,0.07680532529094053,0.026894319675285754,-0.3328844078359881,0.9394496306858818,-0.1265551462315848,-5.422437519720857,0.09924714217401735,136,3.867174919861051,-3.0493539948919066,-0.20643336017956063
1789320792.5730631,LIDAR_ONLY,2.4816590017522184,-3.418051872973059,-2.2584952233172864,0.07676026643521335,0.02716865914707148,-0.3328951247531418,0.939441622120574,-0.12638654242059474,-5.446785409138096,0.09950496966390175,138,3.885604272567679,-3.063192991449392,-0.20487435331017106
1789320792.6823027,LIDAR_ONLY,2.4915374577820866,-3.425228013592873,-2.2595590151712037,0.07691588228222741,0.02718397658300291,-0.33284106022525034,0.9394476074257748,-0.12620504573530636,-5.472116725629278,0.09977414045167574,146,3.9037777677572936,-3.082039312448554,-0.20566859912386698
1789320792.8000364,LIDAR_ONLY,2.507748819852018,-3.4355691129413777,-2.2635351516373317,0.07702944242019283,0.027242264200030397,-0.33280852132877436,0.9394481423541402,-0.1260316731693661,-5.497023124083866,0.10003064746685009,141,3.9214652260104543,-3.098856529718617,-0.20559351035720308
1789320792.913415,LIDAR_ONLY,2.5228215016736812,-3.4579679012935274,-2.267634535273633,0.07720125568446244,0.026792816647277954,-0.3325591794765073,0.9395352591801758,-0.12584579502885024,-5.523693965777708,0.10030416140747156,144,3.937120885844295,-3.1155160538499054,-0.20518993753849
1789320793.014807,LIDAR_ONLY,2.533750715339908,-3.479554762470335,-2.2713541021378454,0.07742029149206509,0.02643842932870976,-0.33232925546915776,0.939608628035753,-0.12569990914262577,-5.546197165589986,0.1005361093026662,146,3.9550473933275243,-3.133502956322603,-0.20589280800007417
1789320793.1284754,LIDAR_ONLY,2.5505546885081825,-3.4888361057529598,-2.273205663983359,0.07763162269294194,0.026382974095056282,-0.3323345365417616,0.939590882063855,-0.12551804635814282,-5.5722981024341935,0.10080530934626404,145,3.972460984747371,-3.149799607464608,-0.2052078039210106
1789320793.2346015,LIDAR_ONLY,2.572251241981935,-3.4993575990733876,-2.2766000418292256,0.07769809373833249,0.026409833676424275,-0.3323973571707713,0.9395624108384177,-0.12535003549279566,-5.596419036117529,0.10105311048416227,142,3.9915529874996243,-3.166112902787893,-0.20542515378855455
1789320793.3531644,LIDAR_ONLY,2.5844516974378555,-3.5120312392762485,-2.2817224915108905,0.0779692122403313,0.026249792679038743,-0.3323015509335791,0.9395783254067048,-0.12516525676296938,-5.622804081585834,0.10131783696519737,144,4.008877789372308,-3.1794325779292407,-0.20491339510568948
1789320793.4621978,LIDAR_ONLY,2.599982535130714,-3.531123691642358,-2.2858692794971276,0.07811731621258021,0.026159508916270297,-0.33213398347848255,0.939627789084443,-0.12500260825108417,-5.646584462591426,0.10155745131697726,144,4.029225754441939,-3.1969491650788093,-0.20474681963933825
1789320793.5779414,LIDAR_ONLY,2.609945488804208,-3.545277914969552,-2.2890356318161658,0.07839346320852791,0.026107909708636957,-0.33191882519675864,0.939682252390042,-0.12482465356548374,-5.672057393628988,0.1018223704986153,146,4.046083276463508,-3.213789933826396,-0.20496719676870245
1789320793.687249,LIDAR_ONLY,2.618599875318234,-3.5596016761366465,-2.2919587352017383,0.07852961545356256,0.026139850531081376,-0.33177709289298324,0.9397200478559609,-0.12465817476205564,-5.696281323972487,0.10207470663983348,145,4.063256456257644,-3.2302388364614987,-0.2047951293283375
1789320793.8097758,LIDAR_ONLY,2.626224523664204,-3.5748954547764082,-2.2956682580470567,0.07884013129331477,0.02606356796054477,-0.331568506559138,0.9397697854160676,-0.12447355090778406,-5.723016771230779,0.10235130343762365,140,4.07765482751861,-3.2453763556155693,-0.2045865477226234
1789320793.928814,LIDAR_ONLY,2.641866330163582,-3.588350572998507,-2.299648457942005,0.07912105609776755,0.02598976838754488,-0.33138069559400396,0.9398144630770319,-0.12430182987643532,-5.748010635668731,0.10260902943238578,145,4.094940915721733,-3.2607183800616166,-0.20404135384849045
1789320794.04323,LIDAR_ONLY,2.655404610050032,-3.6019758042647534,-2.303066838803509,0.07929969385622405,0.025984923595937775,-0.3312662714045326,0.9398398798357948,-0.1241311090259046,-5.772760430815032,0.10286369596598322,141,4.113352858162862,-3.27640288484529,-0.20446856557567375
1789320794.1663287,LIDAR_ONLY,2.667792046222913,-3.6113601591183446,-2.3047212665923666,0.07955227665635428,0.026086372600732464,-0.3311725199516751,0.9398487636168832,-0.12395537310872419,-5.798266843574857,0.1031258794432819,142,4.132665537009085,-3.294062889190248,-0.20552677070409844
1789320794.2958162,LIDAR_ONLY,2.679637521326413,-3.624333223675018,-2.308746125962302,0.07970323392556587,0.02622987241542245,-0.3310879579613155,0.9398617730219074,-0.12376781637158046,-5.825531591652503,0.10340574228483529,145,4.150930271454914,-3.3095632704470344,-0.20539525409822246
1789320794.4087512,LIDAR_ONLY,2.6915006629578104,-3.640189092446959,-2.3107868923952046,0.07970986450848815,0.02616554141948985,-0.33091143791201194,0.9399251684050536,-0.12361478029010745,-5.8477986337463586,0.10363354668650598,143,4.171576085103736,-3.326571841023643,-0.20529050369403357
1789320794.5511074,LIDAR_ONLY,2.7020299406048123,-3.6502319477566716,-2.3141952575447373,0.07964408614314436,0.026349793773806297,-0.3308905617783474,0.9399329465640147,-0.1234111650797336,-5.877321877601515,0.103933535269705,141,4.189431847148835,-3.3430793141268147,-0.20547227667370216
1789320794.6474283,LIDAR_ONLY,2.7101060670422554,-3.6670907452174313,-2.318235789099805,0.07971177362544526,0.02644079719427884,-0.33070786200846125,0.9399889506770861,-0.1232688370533144,-5.897824782309367,0.10413980174873388,145,4.20747132702039,-3.3577859398887786,-0.20477196447494025
1789320794.771786,LIDAR_ONLY,2.7250713850777135,-3.677297739356953,-2.320495276595566,0.07969104597978353,0.026533179992696488,-0.33065300771470285,0.9400074021194429,-0.12307909380676117,-5.924767712908194,0.10441137269038261,148,4.224323511009482,-3.374315069651273,-0.20476443351257023
1789320794.892046,LIDAR_ONLY,2.7407923194000117,-3.6852030571498187,-2.3218311690276425,0.07969228051027111,0.02673287901630903,-0.3307019926946501,0.9399844071229903,-0.12291686881896682,-5.948642094308031,0.10466290432146694,145,4.2427245536141776,-3.392569813193383,-0.2055364395445469
1789320795.001706,LIDAR_ONLY,2.751136258204737,-3.693713213881342,-2.3230894074709103,0.07962616542772118,0.02694106264944037,-0.3306660475710793,0.9399967116465444,-0.12274575404958768,-5.973225148241752,0.10492140546577233,143,4.2632182920896655,-3.411905441089608,-0.20629359413111803
1789320795.1203396,LIDAR_ONLY,2.7644073542808676,-3.706684564416059,-2.327105452138694,0.07970658568429981,0.026921514196804483,-0.3306036043179219,0.940012419643433,-0.12257434536419948,-5.998599068643795,0.10518930600816592,145,4.283091013647902,-3.4286634593769194,-0.20683817253054176
1789320795.2361526,LIDAR_ONLY,2.778568047087045,-3.7165846151830437,-2.331076278616055,0.07999405921705333,0.027276239543119512,-0.3305076986018837,0.9400114990845864,-0.12240982202744088,-6.022514159637195,0.10543522443313855,147,4.3004031673816066,-3.4442412678010395,-0.20853201980022643
1789320795.351803,LIDAR_ONLY,2.791211735260474,-3.7250865785867986,-2.333368596293612,0.08007681048573277,0.027535157515811925,-0.33046605640668236,0.9400115451876253,-0.1222418436868829,-6.047475528033185,0.10569076900936444,143,4.317118087793301,-3.4621247517313534,-0.20825718185148068
1789320795.470534,LIDAR_ONLY,2.8033228779589576,-3.7435398422631634,-2.336417518884051,0.08008834568081707,0.027427687089159845,-0.33027557671492824,0.9400806466961601,-0.12206946151187278,-6.073017198602243,0.10595467527165053,145,4.335543648034501,-3.479521805004646,-0.20776380212488543
1789320795.591214,LIDAR_ONLY,2.819878009824714,-3.7480149633728868,-2.3403234633928,0.08024101185703629,0.027745213871876964,-0.33035613656981994,0.9400300027946051,-0.1218997339182254,-6.097866950934266,0.1062105742449064,148,4.3543548723644205,-3.4951304336318394,-0.20800347041558132
1789320795.7082574,LIDAR_ONLY,2.8319350781971298,-3.764188517056093,-2.3440239343525344,0.07995772359581482,0.028001109946882596,-0.33025218355899416,0.9400830790593108,-0.12172393181863866,-6.123499352189814,0.10647324264584007,146,4.372803191840666,-3.512886154530715,-0.20802595351137962
1789320795.8264244,LIDAR_ONLY,2.8439932263002543,-3.784306630871199,-2.3474434423417327,0.07993125078989348,0.028077213750467827,-0.3300364460996813,0.9401588214025681,-0.12155888282026403,-6.147852550998604,0.10671625713980229,144,4.391607430547716,-3.5294508875121506,-0.20852827165117732
1789320795.952356,LIDAR_ONLY,2.858468617082394,-3.7886725651483903,-2.3507105606969976,0.08041453230554026,0.028375748265057284,-0.3300429559995866,0.9401063594612763,-0.12137988507259088,-6.174359648333325,0.10698635644254745,150,4.410056433416736,-3.5456647039209326,-0.20832095620349217
1789320796.067392,LIDAR_ONLY,2.8756197791652345,-3.802357778740528,-2.3522159566161904,0.08033142905135333,0.0285371042570692,-0.3299746696733893,0.9401325505273852,-0.12122063268738134,-6.1978337775796115,0.10723114962573366,150,4.428994889463219,-3.562299029890603,-0.20831706214544746
1789320796.1863997,LIDAR_ONLY,2.892876750885936,-3.8142494758246723,-2.3573118653006793,0.08083381712106616,0.028371642718054174,-0.32987991850546,0.9401277483756918,-0.12104852691949497,-6.223309414706795,0.10749598178612865,142,4.44546791661145,-3.578617704549408,-0.2074551935411738
1789320796.3064365,LIDAR_ONLY,2.910622977230104,-3.827996637417034,-2.3625948784963584,0.08111687762354741,0.028253356615368826,-0.32982460523594825,0.9401263371406644,-0.12088079566220937,-6.248046792430773,0.10775156271867145,146,4.463436247822033,-3.5956757346473998,-0.2069828050391552
1789320796.4360576,LIDAR_ONLY,2.9325669178027707,-3.8378178700641605,-2.3667363943999655,0.08176148209595785,0.02772691026737732,-0.3298394754441937,0.9400809533924174,-0.1206896081412484,-6.2762922986786895,0.10804255149633055,146,4.48271911526164,-3.612269837806439,-0.20751073031370132
1789320796.5443366,LIDAR_ONLY,2.9415299496188645,-3.848547216938299,-2.370902753173865,0.0818438957895788,0.027948275555744025,-0.32976692029047144,0.9400926810147937,-0.12054415566012719,-6.297793950490873,0.1082637412314282,146,4.499464318462087,-3.6283775002295,-0.20644692076145227
1789320796.6627152,LIDAR_ONLY,2.958647043793885,-3.8640285214914685,-2.3730873215969917,0.08194405249249462,0.027783974125870275,-0.32965485761599356,0.9401281284447665,-0.12037181634513389,-6.323302078261565,0.10852588429522844,144,4.519039902312224,-3.6455389658713773,-0.20612836237555177
1789320796.807891,LIDAR_ONLY,2.968602963516497,-3.8693198934445263,-2.3756843733989066,0.08205545084535389,0.028004816122323067,-0.3296563289038346,0.9401113434451088,-0.12017607007791485,-6.352319874822874,0.10882352995054802,147,4.53726447847731,-3.6620556222882534,-0.20632471709689393
1789320796.9470878,LIDAR_ONLY,2.981468462140761,-3.883269097837794,-2.3786368264184707,0.08211879868702977,0.02798594936614078,-0.32955249756355537,0.9401427768641835,-0.12000067558427815,-6.378340992130427,0.10908923997200401,147,4.553716175826822,-3.676809786766417,-0.20461153255072476
1789320797.0811062,LIDAR_ONLY,2.997987171388599,-3.8945860137172175,-2.3831466236991994,0.08252573433571948,0.02787324896008399,-0.32945130841331677,0.9401459570457733,-0.11982210556271047,-6.4046071581854624,0.10935500492140651,145,4.573573213054592,-3.6924171884900274,-0.20395205116016496
1789320797.2730887,LIDAR_ONLY,3.0176160889459682,-3.9085654986257206,-2.386603820862372,0.082521997844444,0.027703756618407606,-0.3294433086473757,0.940154098075661,-0.11957736021874575,-6.440059694350502,0.10971206029903363,143,4.591504504402503,-3.7076545231799556,-0.20334182361742678
1789320797.3562953,LIDAR_ONLY,3.0290193400824297,-3.916098548636905,-2.3893534025320196,0.08225348401994001,0.027915716048085647,-0.32949223437948005,0.9401542132265972,-0.11949191265620193,-6.452503263107965,0.10984091025274481,143,4.610089965193453,-3.7246080384708953,-0.20301860526798127
1789320797.4823854,LIDAR_ONLY,3.0447323545008063,-3.9287822805772787,-2.3927685947613835,0.08240868227938798,0.02771885677414996,-0.329383628790764,0.9401845027167473,-0.11933440040473263,-6.4766204101941325,0.11009669231130312,145,4.629059164494047,-3.741382759933514,-0.2037548444450382
1789320797.618245,LIDAR_ONLY,3.0589694945797743,-3.929733448395027,-2.395435329335855,0.08278618861975612,0.027962088672122933,-0.3294466775027904,0.9401220427440679,-0.11914262870075076,-6.504186328201719,0.11038815835869152,148,4.645051667523154,-3.7591543065250774,-0.20290650429683846
1789320797.7445464,LIDAR_ONLY,3.0728474091415836,-3.943400648579237,-2.398143085106885,0.08290183237803972,0.027728512323232073,-0.3293187854876262,0.9401635779573994,-0.11899160789675169,-6.527109375731479,0.11062524350408354,144,4.663847455676598,-3.7754963802691224,-0.20205191268546735
1789320797.881919,LIDAR_ONLY,3.085471519664216,-3.9551711775190403,-2.4014882645483095,0.0830055168870408,0.02784385183717061,-0.3292217644209687,0.9401849998339311,-0.11882133953151715,-6.552532218071323,0.11088672105037573,143,4.683548868096996,-3.7923684328655147,-0.2007815891687512
1789320798.0201895,LIDAR_ONLY,3.10023277255557,-3.9683220647406023,-2.40415886757633,0.08289281853562183,0.02792400125917484,-0.3292091687642077,0.9401969761653552,-0.11865162796610024,-6.578021039222763,0.11114786330455038,144,4.701495050687338,-3.807824228914167,-0.20076882070707258
1789320798.1522727,LIDAR_ONLY,3.110903458799906,-3.9766852745757872,-2.407767418321322,0.08330754221493802,0.0280763799756855,-0.329140018306797,0.9401799926857456,-0.11848755507528448,-6.602590862621971,0.11140211441823575,143,4.721131221530958,-3.8254427108087854,-0.20002710042390992
1789320798.261186,LIDAR_ONLY,3.1271010619599298,-3.9900003266061863,-2.4109600291637743,0.08319681336232884,0.028144048807173073,-0.3290774340955492,0.940209681471204,-0.11834822882410087,-6.62342847182084,0.11161643574266518,147,4.740042277181667,-3.8411890627970693,-0.1996101482612139
1789320798.389627,LIDAR_ONLY,3.1443082760508267,-3.9909578107925694,-2.412939817287192,0.08360060177426323,0.02834562484332764,-0.3291716821678056,0.9401348140527717,-0.11816071555220023,-6.651322594276292,0.11190052827395647,149,4.757360640086436,-3.8594178428027037,-0.19938080948241968
1789320798.4944618,LIDAR_ONLY,3.1626795439090514,-4.000289513679725,-2.4158239701033595,0.08390948683924243,0.028442752721577626,-0.3290896401403217,0.9401330845089475,-0.11802295431036916,-6.672142270762582,0.11210786091593528,150,4.77928266614845,-3.8759701776727997,-0.19944267918139408
1789320798.6156943,LIDAR_ONLY,3.178953123647047,-4.009129732742567,-2.4187999914878633,0.08426979625864531,0.028451715810360375,-0.3290420211928505,0.940117253110109,-0.11784941738587307,-6.698139662283471,0.11237447979004839,150,4.795501426062864,-3.8904240469480524,-0.1991275192732041
1789320798.7357564,LIDAR_ONLY,3.192799520379808,-4.0174647779702735,-2.421033003060147,0.08433045769421237,0.028529722998275425,-0.32905311313625313,0.9401055672349072,-0.11768378548579576,-6.723113022176119,0.112634948288298,145,4.813351523795333,-3.9068180614790715,-0.20036160035601003
1789320798.8547897,LIDAR_ONLY,3.2085531222563186,-4.028154211616159,-2.4237421080082244,0.08461233108587382,0.028348064530652167,-0.3289969274379093,0.9401053996238908,-0.11751338949464783,-6.748846252825806,0.11290197499608867,142,4.832001812869415,-3.921647595380614,-0.19951474978924458
1789320798.9654667,LIDAR_ONLY,3.2218982988285125,-4.037043802299965,-2.426833186790711,0.08491642986505789,0.028247433436046254,-0.3289976329643419,0.9400807624598586,-0.11735071937495459,-6.773337028337857,0.11315503008227105,143,4.851429233846148,-3.937099408471843,-0.1991517016206649
1789320799.0879776,LIDAR_ONLY,3.24139024629086,-4.052250018840232,-2.4303175992594443,0.08492252834194708,0.02823162049768161,-0.32894228677802456,0.9401000541183528,-0.11718317841969007,-6.798583743689343,0.1134150026068866,144,4.871521796700195,-3.9563323718703307,-0.19852817978756415
1789320799.2093813,LIDAR_ONLY,3.258776899319323,-4.058366636156548,-2.4320930187918424,0.08502486711925425,0.028397965953848442,-0.3290273826502259,0.9400560137392767,-0.11700253429653701,-6.8258376183551945,0.11369532727259792,145,4.893464528236588,-3.973720790824899,-0.19815920822415942
1789320799.333741,LIDAR_ONLY,3.2729837969034707,-4.070301112960838,-2.43495721969103,0.08484402675436789,0.02881871433010763,-0.32894404295051427,0.9400887135987933,-0.11683698967050513,-6.850848081969751,0.11395226783406501,148,4.910894645828621,-3.9895748766109485,-0.1981893170596348
1789320799.4517586,LIDAR_ONLY,3.284244990599054,-4.078680883113378,-2.437010429060746,0.08508129866096643,0.028971888777577098,-0.32890378436214635,0.940076647359715,-0.11667490871173218,-6.875364748035492,0.11420357635702534,147,4.9287920365172155,-4.004805888767776,-0.19765476706631463
1789320799.5642478,LIDAR_ONLY,3.3004422537640035,-4.084010787534603,-2.43955681819444,0.08527588368039128,0.029005985746789597,-0.3289488315783557,0.9400422025933836,-0.11651107005967828,-6.900134907748283,0.114456275179221,144,4.94773192968344,-4.023236291106684,-0.19769110183716432
1789320799.7429452,LIDAR_ONLY,3.320203013812142,-4.0947791383012735,-2.443469397439201,0.08565941766773812,0.028721461795240783,-0.32891775834627596,0.9400269411254283,-0.11625346153719726,-6.938642557721827,0.11484486340668434,147,4.96623521779709,-4.0395245152737065,-0.19658800917746866
1789320799.80718,LIDAR_ONLY,3.3358768789035476,-4.100750984724301,-2.44617008189248,0.08576581450053732,0.028766381176920566,-0.3289694996966496,0.9399977599156178,-0.11616770111640994,-6.951121487397847,0.1149706216961126,147,4.983403019686658,-4.055960727983592,-0.19746249495608445
1789320799.917282,LIDAR_ONLY,3.351016280415958,-4.116139684985718,-2.4490914965361186,0.0854311844334592,0.02879457814641298,-0.32891856087000015,0.9400451932278971,-0.11601859893025135,-6.973528426949271,0.11520190212067805,149,5.002845286550078,-4.073408552220542,-0.1984274658819679
1789320800.0418823,LIDAR_ONLY,3.366616627491134,-4.124505532506399,-2.4535866897839758,0.08579605212459533,0.028779178706681948,-0.3288838337122883,0.9400245849101557,-0.11585032774946503,-6.9993771710778585,0.11547478224253566,148,5.022290838752782,-4.089028173026281,-0.1955257174182337
1789320800.1714864,LIDAR_ONLY,3.3802170518568544,-4.130105510744038,-2.4567751246357346,0.08627664459924295,0.028794441474704127,-0.328863720092078,0.9399871671166875,-0.11567310342837739,-7.025968795675081,0.11575668482907389,149,5.0405319792670955,-4.106495526051014,-0.1946643983090339
1789320800.2885468,LIDAR_ONLY,3.396244665114937,-4.142638888351694,-2.460063565061919,0.08635278462200693,0.028639116863056382,-0.32878053249293393,0.9400140206544754,-0.11551668367285439,-7.049891811106328,0.11600305871672277,147,5.058106656348876,-4.120967868453384,-0.19406184810767388
1789320800.4055452,LIDAR_ONLY,3.412610726596873,-4.147861914571964,-2.4631388839320167,0.08669809382972446,0.028653697083210132,-0.3287871275353951,0.939979484316961,-0.11535130354078307,-7.075331318786813,0.11626377697658752,148,5.0746074502783065,-4.137801921289638,-0.193070037178628
1789320800.5474133,LIDAR_ONLY,3.4259854212367573,-4.155117111695037,-2.465937610015141,0.08705927783052418,0.02866143756507755,-0.3287637759994218,0.9399540327755038,-0.115164000394103,-7.104353162585651,0.11656302517032635,145,5.093077884579917,-4.153964721276442,-0.19158763795134068
1789320800.6404386,LIDAR_ONLY,3.4418913513456477,-4.166074190759854,-2.4695244038416386,0.08726835123887185,0.028463757648963642,-0.32873080613596034,0.93995218307622,-0.11504222675411527,-7.122910653982638,0.11675457391326094,145,5.112436350035945,-4.170961680219284,-0.19053486649257886
1789320800.7708445,LIDAR_ONLY,3.461469068022234,-4.176526857866281,-2.4722760131491683,0.0874477612148241,0.028415854490320722,-0.3287000772559395,0.9399477046538491,-0.1148579804406666,-7.151030669618339,0.11704385758887512,149,5.130785961468142,-4.187075177027482,-0.1913676283819037
1789320800.883758,LIDAR_ONLY,3.477550294889467,-4.18128709125233,-2.4749306938096267,0.08776946258797504,0.028695990634407084,-0.3287181772925272,0.939902878746526,-0.11469673805638134,-7.175402949360084,0.11729042268189252,144,5.153467452415012,-4.205424092121497,-0.1922010810779085
1789320801.0043612,LIDAR_ONLY,3.496782387527129,-4.190849537671508,-2.47663533379039,0.08799694106813234,0.02870879755530512,-0.3287200631136376,0.9398805580562598,-0.11452857467083838,-7.201452875413093,0.11755186445865251,148,5.170668330572845,-4.2215554867895335,-0.19218820711968704
1789320801.121602,LIDAR_ONLY,3.509038418042017,-4.197169813311662,-2.47753731138169,0.08809902328076767,0.028965179125928966,-0.3286901762285902,0.9398735811512078,-0.11436842905451254,-7.22593641867133,0.11780541589684518,145,5.189483609240423,-4.239924721451803,-0.19367223566895597
1789320801.2351527,LIDAR_ONLY,3.5230682230437256,-4.205363719308169,-2.4797696292929428,0.08824424483190958,0.029122942405079927,-0.3287022617035099,0.9398508555248081,-0.11420961061738283,-7.25041205086908,0.11806054781663047,147,5.209315418933531,-4.257186724728792,-0.19414269265298198
1789320801.3594942,LIDAR_ONLY,3.5384395118823178,-4.2173854126763874,-2.4830350773642023,0.08832865394654958,0.02917684865068023,-0.3286049373411347,0.939875287232213,-0.11404041015175831,-7.276396502793186,0.11832953782442063,147,5.226826198901845,-4.27318551547804,-0.19250864238339724
1789320801.4786618,LIDAR_ONLY,3.5526820056111625,-4.226713942800661,-2.48672005275713,0.08858235477878995,0.029269753483841036,-0.32852616323195566,0.9398760599275472,-0.11388388648687726,-7.300390168983892,0.11857710162676618,147,5.247023667627409,-4.28811505711721,-0.19288239488943285
1789320801.5984077,LIDAR_ONLY,3.5706313015547755,-4.236158042827686,-2.48943297684609,0.08868595592269332,0.029300059477405896,-0.3285758155041428,0.9398479883483745,-0.11372430856481447,-7.324889057368012,0.11882928606982107,146,5.266690140725505,-4.303013093352189,-0.1921850722917254
1789320801.7367744,LIDAR_ONLY,3.588688443285689,-4.251066369846724,-2.4944132900865363,0.08855432602358577,0.029361091203045756,-0.32851718896311005,0.9398789891372459,-0.11353538955550592,-7.353895759687939,0.11912754093027925,144,5.284511976906188,-4.319191888513649,-0.1919038753293199
1789320801.8302028,LIDAR_ONLY,3.6001992798449205,-4.257930412857951,-2.496433515978502,0.08873167661679499,0.029490083627616365,-0.3285207596224433,0.9398569758370162,-0.11340052929910949,-7.374656069324682,0.11934073924202895,144,5.303249801656313,-4.337893362350643,-0.19036835609232966
1789320801.938191,LIDAR_ONLY,3.610041439944316,-4.263092295850678,-2.4996658186697536,0.08914551003029003,0.02966158688317652,-0.3284890939161062,0.9398234852796492,-0.11325116629436374,-7.397672513670892,0.11957652578032317,146,5.322458025741476,-4.353034822907805,-0.18833992103904892
1789320802.0923936,LIDAR_ONLY,3.630695191402566,-4.278917701987721,-2.5030181554888626,0.08928312277920375,0.029493096419431465,-0.32838516099784987,0.939852045423536,-0.1130147095652568,-7.433949262794918,0.11994541629884345,147,5.340461845755636,-4.371105481083453,-0.1883306481493484
1789320802.1582675,LIDAR_ONLY,3.6469422595125303,-4.286631834201357,-2.5063846864674604,0.08956082706831536,0.029557515473620316,-0.3283318865541579,0.939842212185457,-0.11292781551321518,-7.447201699107203,0.12007898968539407,147,5.36335369936978,-4.388086102719597,-0.18680463948427078
1789320802.275272,LIDAR_ONLY,3.6603762423953676,-4.296658082175231,-2.5097577731326126,0.08954307062149992,0.029727322199393696,-0.3283158560248688,0.939844148516755,-0.11275772126840375,-7.472664619549665,0.12033574646313908,143,5.384027103410528,-4.406565746240312,-0.18767745722579843
1789320802.3881056,LIDAR_ONLY,3.6772187704600645,-4.311743213505526,-2.513536701665122,0.08948641954985564,0.02971782901450516,-0.3282835711242567,0.9398611218072151,-0.11259901105785987,-7.49705558476455,0.12059007104493394,147,5.402339114338235,-4.426059938219765,-0.18847461100343227
1789320802.5103624,LIDAR_ONLY,3.689333723335895,-4.319093306347418,-2.5192178940474887,0.08988610852408946,0.0298851482084613,-0.3282063150559349,0.9398446574665189,-0.11242213309775984,-7.524140458343132,0.12087530244594474,144,5.421815437375213,-4.441559297638339,-0.18680699127789252
1789320802.6185758,LIDAR_ONLY,3.7049770643114,-4.328153266153934,-2.5226258138290683,0.09008614133169467,0.029930747033478734,-0.3281918212733465,0.9398291153030256,-0.11227737553363772,-7.546779835086622,0.12111473967825587,146,5.441678646076699,-4.458521211098618,-0.18719328288525836
1789320802.7249577,LIDAR_ONLY,3.724221045466951,-4.337892050765353,-2.5256890995562697,0.09038697922256347,0.029853865616223794,-0.32815770534577293,0.9398145886912936,-0.11210904027318777,-7.572698257387632,0.1213813726301526,149,5.459973500298159,-4.475528283315722,-0.18720112338479047
1789320802.8465092,LIDAR_ONLY,3.7427082771572895,-4.348969867158426,-2.52878313906367,0.09046218404586844,0.029764744579084866,-0.32813468217719244,0.9398182183753762,-0.11193671202966546,-7.599647182316816,0.12165745631155261,145,5.478092892469876,-4.4935812924752545,-0.18740150386897347
1789320802.9482298,LIDAR_ONLY,3.7598145455499323,-4.357432006744076,-2.531510168553431,0.09073850669167277,0.02984933352549734,-0.3281288704393563,0.9397909262573464,-0.11179442139250628,-7.621907382517984,0.1218873879849679,145,5.495289338043352,-4.509001140662657,-0.18703631965060785
1789320803.072837,LIDAR_ONLY,3.773300868815642,-4.36952979430848,-2.534144501934753,0.09067635553098846,0.029958997585121713,-0.32807739418111787,0.9398114068464161,-0.11161998266024908,-7.64899274109106,0.122166824074692,148,5.513730672648855,-4.527134789013697,-0.187846984604294
1789320803.1847677,LIDAR_ONLY,3.786473469485177,-4.378853425652195,-2.5375974914827246,0.09103196010056731,0.030000621117350478,-0.32805235509342673,0.9397844419282957,-0.11145677488834042,-7.674354355443273,0.12242759806207484,148,5.532772728599385,-4.54383910274526,-0.18843029773838854
1789320803.296983,LIDAR_ONLY,3.8089623047091377,-4.396177003034034,-2.5419393897019726,0.09118321979613196,0.02975259371713059,-0.32795145002446846,0.9398128803232919,-0.1112889353872373,-7.700224957596825,0.12268805621310067,146,5.551682457796263,-4.559922168599366,-0.1882339294644463
1789320803.4117851,LIDAR_ONLY,3.827016119035508,-4.4039923813555655,-2.5451047822341297,0.09157755823035317,0.029820341612536314,-0.32798688710768414,0.9397600225270754,-0.11113556886359821,-7.724508269674776,0.12293298301714786,146,5.572123293708931,-4.578916625993816,-0.18783407430719162
1789320803.534209,LIDAR_ONLY,3.842962885247501,-4.409836835269251,-2.5480794500535073,0.091954740164283,0.029895213490313065,-0.32798488844362594,0.9397215092378752,-0.11096961719065909,-7.750239595076268,0.12320017518296775,142,5.587933842287833,-4.5944629395817485,-0.18687756133499459
1789320803.6594296,LIDAR_ONLY,3.8584187125574387,-4.419627749776352,-2.5508734806402433,0.09209407925822612,0.029944440743334168,-0.3279119976915165,0.9397317344881503,-0.11081091054272296,-7.7752212639613605,0.1234602173985592,143,5.607829889441739,-4.610235890149413,-0.1872445548033766
1789320803.7904706,LIDAR_ONLY,3.873245732656289,-4.432625024847789,-2.554312271893838,0.09225001824458433,0.029859850119496142,-0.32784089987372156,0.9397439373865114,-0.11063821859489194,-7.802208879045806,0.123739615359365,148,5.626139927961755,-4.626067299483774,-0.18716728556603787
1789320803.9178386,LIDAR_ONLY,3.88682112868111,-4.442330836573337,-2.558359494505297,0.09265913127424034,0.029753710207573936,-0.3278068639984283,0.9397189271457199,-0.11046409388815798,-7.829453071868679,0.12402035854946222,147,5.642301103795745,-4.642133835022157,-0.18809453972965665
1789320804.0478036,LIDAR_ONLY,3.9055452095180407,-4.458576322643512,-2.5619514280773608,0.09284340503225494,0.029566621859765007,-0.32768085723183066,0.9397505907514137,-0.11030911253722592,-7.853704566258416,0.12426991559239584,150,5.661550450684626,-4.659223117422948,-0.18743100991730843
1789320804.1629004,LIDAR_ONLY,3.921452573522498,-4.468094423467102,-2.565219496853546,0.09308558246694856,0.02953565123740452,-0.32765977466930846,0.9397349582230244,-0.11017035324403353,-7.875461064246617,0.12449359347638071,148,5.682404246899753,-4.67623287312395,-0.1882678372313198
1789320804.2775757,LIDAR_ONLY,3.943169466163082,-4.481571078095831,-2.5700227126628503,0.09313537514102689,0.029455212125465854,-0.3276812263368544,0.9397250695189308,-0.11001265750702252,-7.900224783604417,0.12474784870577933,148,5.703578115420615,-4.690389111023932,-0.18715577293091262
1789320804.3930223,LIDAR_ONLY,3.956520455006507,-4.489005127872343,-2.5732257477442446,0.09328850496058093,0.029559343192261524,-0.3276636084070416,0.9397127538763846,-0.10985344889303758,-7.9252438784201065,0.12500382374265528,147,5.721612970354692,-4.707556228230776,-0.18547601455739718
1789320804.515015,LIDAR_ONLY,3.9697078051139614,-4.496081455984122,-2.5745466936719454,0.09355825327068638,0.029624689153372477,-0.32767521601416993,0.9396798304995012,-0.10969004482476667,-7.950761838746294,0.12526303159250596,149,5.73965993812466,-4.724212778271648,-0.18463247377874087
1789320804.6302004,LIDAR_ONLY,3.986226241724324,-4.5079759084226225,-2.5765929579865285,0.09360018491630129,0.02963417986480005,-0.3275935101581774,0.9397038431706124,-0.10952836225331194,-7.9757576400318815,0.12551492482929957,149,5.757382134593961,-4.739406686698639,-0.18546301667263979
1789320804.7457035,LIDAR_ONLY,4.0054137460528025,-4.521726936166717,-2.5814213968770665,0.09384690980495244,0.029571197634240598,-0.3275041990798717,0.9397123503368409,-0.10937449483611267,-7.999444958042168,0.12575543540262918,147,5.774724996218711,-4.754369234936432,-0.18343555474994663
1789320804.8625982,LIDAR_ONLY,4.022402100113471,-4.530364755452671,-2.583909451684839,0.09407119490341322,0.029437297688537433,-0.3275056428243877,0.9396936254505641,-0.109215922926967,-8.025067188191136,0.12602642183085716,147,5.793018075866672,-4.770772509953489,-0.18318740680856668
1789320804.9777625,LIDAR_ONLY,4.034320237978431,-4.540013418958213,-2.5874445978721425,0.09427633033079508,0.029460120059918347,-0.3274151983550035,0.9397038697119258,-0.10905980493590837,-8.048660338147732,0.12627419138445115,145,5.813261597619318,-4.788094676631202,-0.18278651020272144
1789320805.0924058,LIDAR_ONLY,4.049616129769403,-4.551298714454767,-2.59151124036936,0.09447984916108447,0.02947320436491084,-0.3273837780206418,0.9396939662549155,-0.10890154871552095,-8.074066786682003,0.12653983886407227,144,5.8309790358189,-4.803382807879269,-0.18270456824700698
1789320805.2105284,LIDAR_ONLY,4.0620253985249475,-4.5576724912631,-2.594805272963892,0.09485345652966157,0.02939529650903377,-0.3273791978401975,0.9396603637213982,-0.1087448913568541,-8.098748631165773,0.1267938214651891,147,5.848380008575131,-4.819438789301145,-0.18359806851966237
1789320805.3223317,LIDAR_ONLY,4.082035529957076,-4.573861185449193,-2.5985488604699998,0.09495992065885468,0.029158413738897482,-0.32723892648771835,0.9397058504488843,-0.10858835811978781,-8.123980468614599,0.12705232421727905,147,5.865577741329211,-4.835240816542677,-0.18358451644372267
1789320805.4405391,LIDAR_ONLY,4.097525008846944,-4.5825492651256186,-2.601087453377583,0.09520599618371012,0.029177448581177892,-0.32719841888713397,0.9396944660168643,-0.10842642688494752,-8.150013583094239,0.12732142946147584,148,5.886714195844547,-4.851408936745087,-0.18235479902846147
1789320805.5586221,LIDAR_ONLY,4.116443327683423,-4.593226625105102,-2.6042815885479955,0.09551979139579962,0.029103323291076698,-0.3271530275946628,0.9396807237358676,-0.10827432220923017,-8.17409545889751,0.1275695315502081,146,5.905826343240558,-4.869215126800828,-0.1834784472786904
1789320805.6740193,LIDAR_ONLY,4.134092262617575,-4.60495554886038,-2.609031071844581,0.09567219317088586,0.029102347859115557,-0.3271389269367368,0.9396701587714915,-0.10811508935727529,-8.199209788570997,0.1278273204973013,148,5.925270114179062,-4.8891214379415855,-0.18380556001556836
1789320805.7888882,LIDAR_ONLY,4.150261266514248,-4.618635941237402,-2.6138877766057114,0.0957677366324356,0.02903303235121047,-0.3270842596530272,0.939681600724429,-0.10795824102692078,-8.224062342747612,0.1280764843805,145,5.945193370245342,-4.905650131651156,-0.18484981563686712
1789320805.9121997,LIDAR_ONLY,4.166789277313358,-4.629459802801417,-2.6164102058473433,0.09611837445508085,0.029036047719762335,-0.32707979281021266,0.9396472610294551,-0.10779952462880393,-8.249576142066909,0.12833592156961376,148,5.963937591904914,-4.921505732808221,-0.1846220503808685
1789320806.0309727,LIDAR_ONLY,4.185162356737873,-4.640474453380647,-2.6195659042388786,0.09640263982244417,0.028925624315227657,-0.326979862706535,0.9396563247686114,-0.10763480364626085,-8.27580399084377,0.1286090369378068,148,5.985265395996532,-4.939206580703431,-0.18450016662226412
1789320806.1800182,LIDAR_ONLY,4.20219095277857,-4.6504054241651955,-2.6223686438785956,0.09673665813471768,0.028880236946927252,-0.3269169327647135,0.9396452894356082,-0.10742520847127765,-8.30928211136648,0.12895635024559376,148,6.003110267057932,-4.955402538892444,-0.18467013402941318
1789320806.2700806,LIDAR_ONLY,4.220435760796203,-4.65998339051167,-2.6248608795987924,0.09697194339686571,0.028861855261960164,-0.32690604274395374,0.9396253906329699,-0.10731206088280283,-8.327276052162235,0.12914231637240245,145,6.02459851680477,-4.9706501326092924,-0.18379322107540258
1789320806.375839,LIDAR_ONLY,4.234593523064483,-4.670668511225024,-2.627573897340211,0.09713171317896878,0.02885054501556476,-0.326861095101055,0.9396248724126893,-0.10717093501076481,-8.349772206778168,0.12937409567537536,148,6.0433134386238,-4.988061776461687,-0.18458880518070903
1789320806.4963033,LIDAR_ONLY,4.250455873303852,-4.684306893913625,-2.631413869213876,0.09738165690712439,0.02876995865702646,-0.3267757721931723,0.9396311494860375,-0.10700934961148442,-8.37552429897567,0.12963908171932512,149,6.061588360095132,-5.0053630902446145,-0.18479256513648457
1789320806.6104982,LIDAR_ONLY,4.263482496775856,-4.699472970514097,-2.634675589202083,0.09728883854147566,0.02883583861404444,-0.3266769466778583,0.9396731074240166,-0.10686333129014747,-8.398782163078618,0.12987813590523548,149,6.081684629636192,-5.023266934257193,-0.1834505334071861
1789320806.7243376,LIDAR_ONLY,4.282481192896566,-4.713507891658397,-2.6372943980777848,0.09752550367977793,0.02872320721655633,-0.3266610301152526,0.939657557253302,-0.10670202833555749,-8.424547851891365,0.1301425550002464,148,6.100932097583715,-5.038786468429086,-0.18202172399956462
1789320806.8422973,LIDAR_ONLY,4.299579805018555,-4.723074486603286,-2.6400519958315,0.09785454402389103,0.028609269626040875,-0.32662360986836547,0.9396398327986627,-0.10654398495667372,-8.449817617892739,0.13040077990186716,147,6.120367370386638,-5.057550838202929,-0.1829559189056712
1789320806.9555914,LIDAR_ONLY,4.317000782690794,-4.730673379488369,-2.642863413127813,0.09806245358040117,0.028596160092786885,-0.3266217096596772,0.9396192173453718,-0.10639093559900747,-8.474082231340674,0.13064677369612024,149,6.138348732652005,-5.073218395869376,-0.18374340706862335
1789320807.105978,LIDAR_ONLY,4.333785206545342,-4.742038715651672,-2.6453841549971684,0.0980771897749776,0.028652903524761447,-0.3265980245251194,0.9396241835658198,-0.10617477859888223,-8.507797924431891,0.1309871192075895,150,6.156404575449086,-5.087771008075076,-0.1841214372483726
1789320807.1952069,LIDAR_ONLY,4.352713990044745,-4.755690675550775,-2.6484976115393506,0.09809726133525562,0.028764183114613366,-0.32652051496693474,0.9396456259643841,-0.10606433994720482,-8.525228991149705,0.13116740716820355,150,6.17594006569472,-5.1058122554329675,-0.18341571768253537
1789320807.3025773,LIDAR_ONLY,4.365595846825774,-4.770147599573794,-2.651142737097472,0.09810713719395067,0.028742437475761756,-0.3264073740694044,0.9396845683912635,-0.10591944160988934,-8.548854865891084,0.13141720846075444,148,6.196012518793147,-5.1226687063541245,-0.18349875565928292
1789320807.4229517,LIDAR_ONLY,4.383514022810118,-4.784360159070832,-2.6541725385417343,0.09845080920693465,0.028670120672172776,-0.32631697182827396,0.9396822315250876,-0.10575677110123474,-8.57420120078374,0.1316849745236047,149,6.212969365572298,-5.139162152497791,-0.18241364239086136
1789320807.5327919,LIDAR_ONLY,4.3979286916589695,-4.79439326565022,-2.6556754777059615,0.09874983405623036,0.02863834980963338,-0.32628267108423276,0.9396637343987404,-0.1056055620446785,-8.598881049689776,0.13193989888707366,149,6.231472626899511,-5.15644634855174,-0.18243986481222546
1789320807.652353,LIDAR_ONLY,4.414414999930109,-4.806018074548157,-2.657539675541956,0.09885240818486667,0.028638093184743873,-0.3262440612246258,0.9396663628812395,-0.10544751791606116,-8.624318429062935,0.13220170867672365,149,6.251560815485186,-5.173579817221153,-0.18192724598602958
1789320807.7700722,LIDAR_ONLY,4.434276852494876,-4.818900995195491,-2.6605222524963947,0.09904114603225476,0.02857733826389407,-0.32621542905710316,0.939658278830905,-0.10529424811051617,-8.649313177065887,0.13245801768586016,148,6.2708679995967405,-5.190833721825196,-0.18226686116558682
1789320807.884576,LIDAR_ONLY,4.449737316201642,-4.828221919925995,-2.6634111829562706,0.09927487435595579,0.028584091191038958,-0.3261849094319348,0.9396440038180801,-0.10514288798466087,-8.673855461827648,0.13271190835357258,146,6.2889065029266185,-5.205941010522439,-0.18155443819246866
1789320808.0039651,LIDAR_ONLY,4.464880917857498,-4.842933146583769,-2.6669429189069582,0.09926421032112137,0.028645645315472423,-0.32611733892663614,0.9396667094269084,-0.10497810311810443,-8.700449462157406,0.132985656762964,145,6.3088439361140844,-5.2216904276918195,-0.18117251606927945
1789320808.1274924,LIDAR_ONLY,4.482075700145535,-4.855945502183865,-2.6708273401362765,0.09946126384256643,0.028635746072731734,-0.3260260899952515,0.9396778382425042,-0.10482606823490734,-8.72481347908467,0.13323488421559027,148,6.325441659811625,-5.238842399406359,-0.18035667863661167
1789320808.2459195,LIDAR_ONLY,4.49501630795083,-4.865434703523792,-2.6737391328854594,0.09951183537445223,0.028726335495812202,-0.32599453426937147,0.9396806669799511,-0.10467603108119666,-8.749147810642985,0.13347815905136273,145,6.344870656024191,-5.255575001556648,-0.18108345439407236
1789320808.3656921,LIDAR_ONLY,4.514696749636406,-4.878411184247609,-2.6776385890903045,0.0996388221968979,0.028712613531026162,-0.326032784780235,0.9396543588915437,-0.10452034300625752,-8.774402821079557,0.13373671106589083,146,6.363212428503089,-5.272272638291459,-0.18269192217262786
1789320808.481377,LIDAR_ONLY,4.531980800016673,-4.893426376625228,-2.681755784927442,0.09986864066482945,0.028472346307014014,-0.3259214099600667,0.9396759093629968,-0.10436657329120838,-8.7993846407377,0.1339969748599514,147,6.383750414723936,-5.288026250225398,-0.1816367944784058
1789320808.6063876,LIDAR_ONLY,4.54736520060102,-4.905274612219598,-2.6851365380476833,0.10004558648920188,0.02839641962184579,-0.32584146651138707,0.9396871089242421,-0.10420534608182497,-8.825619894243077,0.13426945696150755,149,6.402111929615105,-5.305129759379928,-0.18223681564753655
1789320808.7136853,LIDAR_ONLY,4.562755102719854,-4.917478167947301,-2.6880781889947944,0.10035742848686416,0.02842290055845101,-0.32571326115461574,0.9396975028057559,-0.10406353564443524,-8.848610532494956,0.13450702748985502,149,6.418572080816415,-5.3209215859991765,-0.18214941759119874
1789320808.8594546,LIDAR_ONLY,4.581585754403667,-4.931057499768089,-2.6916357845832866,0.10068600879986248,0.02802558470957191,-0.3256140918201354,0.9397086556171489,-0.10386801939548863,-8.880357577440021,0.13483399536787286,148,6.435641264931075,-5.337253801168439,-0.18269238390080175
1789320808.9618683,LIDAR_ONLY,4.598121449771941,-4.940705631178302,-2.693568341912096,0.10107180304693018,0.028044013836838633,-0.32557022455370066,0.9396818891522889,-0.10374786246200293,-8.899860964821796,0.1350346303888658,146,6.4562581598661115,-5.354028747311871,-0.18172702333865667
1789320809.0839283,LIDAR_ONLY,4.616720445832686,-4.953611767772702,-2.6975592758744704,0.1013767583389762,0.027893681544720113,-0.32550186657450936,0.9396771947084132,-0.10359699955825857,-8.924371031737127,0.13528651730304442,146,6.4769198299043165,-5.3711930211281285,-0.18181148328325336
1789320809.2003987,LIDAR_ONLY,4.635548738721791,-4.969827183885336,-2.701516823413566,0.10149831337037217,0.02770987392590777,-0.32544419694511767,0.9396894859179429,-0.10344039311154471,-8.949888114398696,0.1355481808412597,148,6.496532272871487,-5.386052361203095,-0.18099318388658914
1789320809.3673978,LIDAR_ONLY,4.651496832310853,-4.985103517751074,-2.7047306262566058,0.10164664878054396,0.027623122574845182,-0.32536935835801756,0.939701922171383,-0.10327573718263738,-8.976658610384792,0.13582119821480765,148,6.515878671498545,-5.403203783258732,-0.18086454284119297
1789320809.477038,LIDAR_ONLY,4.671773316823677,-5.001087288692251,-2.708831762502935,0.10181356661231496,0.027462323700853348,-0.32529743074876055,0.939713466956223,-0.10313002631206108,-9.000166660204764,0.13605895572562682,148,6.533995595348341,-5.422368627111702,-0.18002609047605916
1789320809.6008317,LIDAR_ONLY,4.684804513156852,-5.0116856161507854,-2.7122434663347876,0.10202024665668623,0.02753735430560538,-0.3251926498338383,0.9397251214498861,-0.1029711985381278,-9.025382308306707,0.13631370213291785,149,6.554034608410925,-5.438488050333962,-0.1805473879383868
1789320809.7149253,LIDAR_ONLY,4.705175309179968,-5.022046562202275,-2.7160749093722822,0.10257552229373702,0.027337757813671284,-0.325126860622352,0.9396932657658784,-0.10282170254210038,-9.049779503613209,0.1365676719199716,149,6.571503882659288,-5.455039882210586,-0.18145873355236736
1789320809.849723,LIDAR_ONLY,4.723031876984028,-5.032549739235671,-2.718716082891829,0.10260836783130373,0.02762368954223375,-0.3250654536067343,0.9397025622496292,-0.10265722252878964,-9.076373861552229,0.13684726058399216,149,6.5909006080152155,-5.470014869281596,-0.1811581123898025
1789320809.9603987,LIDAR_ONLY,4.738362286925602,-5.045878072997052,-2.7226064811052715,0.10264437352841303,0.02767087620260914,-0.3249304403756878,0.9397439353943186,-0.10252711238803143,-9.097771934966556,0.1370739475928599,149,6.6103300328366394,-5.486432023153715,-0.18073530564958146
1789320810.0814016,LIDAR_ONLY,4.757459794998056,-5.063663608007486,-2.7265391987736605,0.10270724973325489,0.027620460456456473,-0.324870871786552,0.9397591434410468,-0.10236573331262686,-9.124200188865933,0.13734588878144546,149,6.63010548360307,-5.50374468835361,-0.18086235431053338
1789320810.200849,LIDAR_ONLY,4.772135878462227,-5.078157548126984,-2.7298011849010853,0.10288386236453143,0.027718795772961623,-0.324782349173324,0.9397675270466149,-0.1022128822082545,-9.149659081168855,0.1376067902215362,150,6.647553308859673,-5.520762450909085,-0.17978966478092026
1789320810.3169239,LIDAR_ONLY,4.787258305393187,-5.094901179095133,-2.735719867922831,0.10324485861547512,0.027505119196343266,-0.32456758536208835,0.9398084113901561,-0.10206232470149255,-9.17491740874565,0.13786715180942472,149,6.665545470429133,-5.53717216503421,-0.17954831912944066
1789320810.4394083,LIDAR_ONLY,4.804603307130973,-5.104321416329999,-2.7387196088316426,0.10349994796807825,0.02746044953123714,-0.32455942553691713,0.9397844773017343,-0.1019148131918039,-9.199222070973695,0.1381183928160428,150,6.685215691091837,-5.5519565069377546,-0.17713199447044445
1789320810.5652475,LIDAR_ONLY,4.822603145991839,-5.116449394277623,-2.7416436289008024,0.10358734780931562,0.02762407105943631,-0.3245146437295189,0.9397855170606955,-0.10175774866114244,-9.22506636550181,0.13838447956444955,148,6.704917008913576,-5.568442006074725,-0.17753061599183836
1789320810.684556,LIDAR_ONLY,4.83985483172972,-5.128126812862248,-2.744715847575147,0.1039994218959985,0.027546550347141797,-0.32450527117648337,0.9397455170353023,-0.10160678661062922,-9.249680209668348,0.1386349597390006,148,6.7246280998957415,-5.585376321303695,-0.1767199132508518
1789320810.8152812,LIDAR_ONLY,4.854020380084682,-5.139373649165078,-2.7472047849242087,0.10439102356443211,0.02758316712224202,-0.3244175091048245,0.939731324835401,-0.10145597325134736,-9.27474139196764,0.13888627752706303,148,6.743834002747453,-5.6014974295477025,-0.17364408913973378
1789320810.9442384,LIDAR_ONLY,4.869518498316423,-5.154409622565382,-2.7509471788360895,0.10455152924910839,0.027445072552004027,-0.3243069553649359,0.9397556833699988,-0.10129894663670463,-9.300732452349145,0.13915439514209388,147,6.762962426762904,-5.617962306993826,-0.17338630043266695
1789320811.0877588,LIDAR_ONLY,4.885695776111232,-5.171539574422669,-2.7552761310941603,0.10484220055371568,0.02718671552005871,-0.32410194791472174,0.9398015337507004,-0.10115280149756899,-9.324963222776569,0.13940678568217935,147,6.782389361200439,-5.6337104398739735,-0.17403740618805288
1789320811.190734,LIDAR_ONLY,4.902172254414026,-5.1867232760612865,-2.7603001011011106,0.10522645971903175,0.026899238308461203,-0.3239258268443173,0.9398275809193137,-0.10100780996622752,-9.34895179082499,0.1396553222842148,146,6.8013442010567555,-5.651436966885919,-0.1734971322006887
1789320811.3105593,LIDAR_ONLY,4.922570755589754,-5.198247450870162,-2.763552770161718,0.10544038088392926,0.026791827374499214,-0.3239083790199165,0.9398126866911709,-0.10084732449499818,-9.375443452816077,0.13992887760970257,148,6.821636777826163,-5.668946758144121,-0.17269258468916937
1789320811.4162822,LIDAR_ONLY,4.935889718021898,-5.207004087390803,-2.765724646947603,0.10566039186895221,0.026862566063489114,-0.3238917225696329,0.9397916982956702,-0.10070518214424552,-9.398942191804537,0.1401708435337498,147,6.843155872735061,-5.685918366449061,-0.17294717854131395
1789320811.5284104,LIDAR_ONLY,4.950940050680316,-5.218712812406933,-2.768749844259053,0.10587161952107399,0.0267594612601578,-0.323758660781551,0.9398167166963927,-0.10055082134590716,-9.424447235034366,0.14043319678966612,150,6.86094885168137,-5.702142382746862,-0.1720875802350343
1789320811.6487494,LIDAR_ONLY,4.971152047796143,-5.231822549818248,-2.7718300828843834,0.10600888765644881,0.026625112465877638,-0.3237745408908587,0.9397995881010672,-0.10038570951799766,-9.451710486199968,0.1407132358937786,147,6.880733805912661,-5.717687177343363,-0.17478205033277092
1789320811.7518182,LIDAR_ONLY,4.991264046561233,-5.24931456524252,-2.7768251824111694,0.10614408137300105,0.026442994693507832,-0.3236669345670874,0.9398265358506674,-0.10024976162475602,-9.474226915539225,0.14094390142435903,147,6.899176632107435,-5.732790014769738,-0.17436488694335
1789320811.8623059,LIDAR_ONLY,5.004684050163507,-5.265129474940458,-2.781352891377299,0.10626148718847654,0.02655141229442664,-0.323522684645599,0.939859878580509,-0.10009961303466933,-9.49899522085924,0.14119614142512804,147,6.9181029164588965,-5.751419697226508,-0.173568828221741
1789320811.9767122,LIDAR_ONLY,5.0260067113980025,-5.280351914497081,-2.785153591220509,0.10641405396226669,0.026425468840458495,-0.3234771711083441,0.939861832126202,-0.0999461910233325,-9.523998770565978,0.14144881607043466,146,6.935703926233234,-5.767370805690204,-0.17511669090626444
1789320812.0942373,LIDAR_ONLY,5.042397162775742,-5.292437747944016,-2.788873681305367,0.1065655813624664,0.02639038109001217,-0.3233597651477991,0.9398860499754019,-0.09979560716532586,-9.548450498350212,0.14169670403244541,148,6.956195194175796,-5.785288702055141,-0.17337914527984113
1789320812.2018368,LIDAR_ONLY,5.058581622007725,-5.302656406024459,-2.7924165919120623,0.10681239832359339,0.026417015495264703,-0.32325063845993673,0.939894822622153,-0.09964165123790841,-9.574087069466698,0.1419663945304369,148,6.9750931313992375,-5.801938244026995,-0.17262055075275454
1789320812.3099883,LIDAR_ONLY,5.073922145505855,-5.3152350395469385,-2.795182332950017,0.10697216843616345,0.026362945042640647,-0.3231670165220651,0.9399069261054369,-0.09949269841111921,-9.598193002940846,0.14221902783769458,147,6.99536126573724,-5.8180553625185185,-0.17238119591789822
1789320812.4214306,LIDAR_ONLY,5.0882696418648266,-5.324902548589635,-2.7980956350739037,0.10729202387198704,0.026342918040863705,-0.32313692452454457,0.9398813756487381,-0.09934209096565291,-9.623599181514503,0.14248543518967477,147,7.014901814743766,-5.834287972378319,-0.17273968756783645
1789320812.5363805,LIDAR_ONLY,5.104851845580496,-5.33950546913564,-2.802774118526046,0.10759483810486535,0.02613949121547074,-0.32302002452196005,0.9398926223617338,-0.09919295701669087,-9.64828698464106,0.14273945259147441,146,7.0348291054780265,-5.8498390981267505,-0.173738698929752
1789320812.6546133,LIDAR_ONLY,5.120413312866752,-5.352714455804735,-2.80687279313531,0.10788917572048598,0.026035152341135855,-0.3228913760254266,0.939905982475553,-0.09904150167031771,-9.67400570435087,0.14300310270220662,147,7.052355790575856,-5.865756380181639,-0.17258151673313799
1789320812.769961,LIDAR_ONLY,5.139540005589732,-5.365978287129854,-2.810722908597858,0.10817529738970444,0.025933258874917525,-0.3228359285591506,0.9398949592109357,-0.09889812346315774,-9.698266132345715,0.14325344540369056,148,7.070576112510425,-5.881368584935303,-0.17124303913943947
1789320812.8778915,LIDAR_ONLY,5.154845763012477,-5.379295854786168,-2.8141624391726894,0.10816110477170758,0.026046874195734825,-0.32277846851114356,0.9399131853659656,-0.09874792402174618,-9.723330999798762,0.1435123410276544,148,7.090910980637746,-5.897875559630661,-0.16967461596840147
1789320812.9949272,LIDAR_ONLY,5.17213642476784,-5.395776838665545,-2.818945502384735,0.10828689385338264,0.025911804051635075,-0.3226408193701923,0.9399496947744103,-0.09859370486489152,-9.749178811705724,0.14377840337731837,150,7.109810033783276,-5.91448089917662,-0.16966470671327996
1789320813.1039946,LIDAR_ONLY,5.184821134777,-5.404531520869188,-2.8215773413757845,0.10866377547001983,0.025870366985855448,-0.3225252436652124,0.9399470065973474,-0.09844366876268014,-9.774039300862647,0.14403017270791865,148,7.128342744532992,-5.931524580718677,-0.1695566089460622
1789320813.2169023,LIDAR_ONLY,5.201875544482973,-5.41542337998931,-2.823707433498236,0.10910386490365488,0.025619872259646632,-0.3224607513510818,0.9399250143743277,-0.09829880724725007,-9.79858654839379,0.1442771206392003,150,7.146512151333924,-5.946345485386936,-0.17015430508040136
1789320813.3279762,LIDAR_ONLY,5.218960642197182,-5.431376951634635,-2.8290856804416844,0.10937598580346362,0.025460894866124986,-0.32229757884200455,0.9399536729194257,-0.0981463885053365,-9.824079411547165,0.14454085955117948,149,7.168596269819666,-5.962766344597479,-0.17028579995806956
1789320813.448992,LIDAR_ONLY,5.236418879302392,-5.4451061420015305,-2.8311423790631736,0.10933708613364893,0.02546790475175723,-0.3222014011066563,0.9399909810994285,-0.09799863185933093,-9.849063316312757,0.14480120624279516,150,7.188086253513181,-5.9801323418462955,-0.16995435975000894
1789320813.561099,LIDAR_ONLY,5.253421865442291,-5.455636754626799,-2.8343339537182053,0.10956381468386149,0.025473750090681497,-0.322116808991629,0.9399934148350659,-0.09784846849271872,-9.874300142276745,0.14506267445319748,148,7.2055261102946,-5.996525132948734,-0.16985420415227145
1789320813.6839414,LIDAR_ONLY,5.266148656826454,-5.4654373166751045,-2.837324905548282,0.10981182330141147,0.025546250755435495,-0.32206683377787143,0.9399796312239203,-0.09769838942652367,-9.899543577237308,0.1453229841670762,149,7.22469254812873,-6.014723821984926,-0.16944254903924055
1789320813.803233,LIDAR_ONLY,5.2843402887644695,-5.478285867009592,-2.8418394436653904,0.11022891392365398,0.025470837627721215,-0.3220186724766667,0.9399493590306444,-0.09755131795645336,-9.924293815198967,0.14557779878138846,150,7.241848190515156,-6.030873141298078,-0.16929429290579392
1789320813.910401,LIDAR_ONLY,5.304907547876044,-5.494350011206017,-2.847339358876454,0.11055070485264647,0.02541987484337509,-0.32202124456159203,0.939912064860609,-0.09740708862642847,-9.948550234474666,0.1458272654122646,148,7.26052370282973,-6.049385178080832,-0.16925050343215842
1789320814.026022,LIDAR_ONLY,5.324193664309414,-5.510278371068745,-2.8522273666176328,0.11065519915270226,0.0253364293757084,-0.32185278674642337,0.9399597203659991,-0.0972569326022887,-9.973813888937254,0.14608673486743473,148,7.279233855125353,-6.063868393375449,-0.16932622276341144
1789320814.1367986,LIDAR_ONLY,5.342435337261422,-5.523784356520783,-2.8574415179724637,0.11108228896843407,0.025114570216888222,-0.3216857304537091,0.9399724859073366,-0.0971087244067088,-9.998832521783754,0.14634282389576247,148,7.297374839256669,-6.081072733271205,-0.1685331295832882
1789320814.2706754,LIDAR_ONLY,5.357641595980627,-5.5324985447811725,-2.8609046094974766,0.11140024062122748,0.025178894339960924,-0.32160202844342983,0.9399617784625187,-0.09693247507553263,-10.028349847357045,0.14664259984826544,147,7.317552958697747,-6.097176042553643,-0.16898687870190846
1789320814.3637402,LIDAR_ONLY,5.371175766128335,-5.541775472734047,-2.8636598245945386,0.1114855635337801,0.025203958908165465,-0.3215530063620165,0.939967762042114,-0.09681159901144756,-10.048341897971907,0.14684439333642668,147,7.3350631976176155,-6.113772663165144,-0.1686451153661381
1789320814.4746017,LIDAR_ONLY,5.388905022037195,-5.553604882415878,-2.8675222570528063,0.11164637031888741,0.02522842787001201,-0.32143896412344924,0.9399870247854857,-0.09665830565480935,-10.073772424698348,0.14710373188161335,149,7.353400838159262,-6.1304563388577735,-0.16821668850585048
1789320814.594715,LIDAR_ONLY,5.40445507886125,-5.567986193982529,-2.8705457574228004,0.11192517938833012,0.02517585767571141,-0.32135938812025233,0.9399824860475644,-0.09651750083063357,-10.098154387368593,0.14736143650660397,148,7.372397648660481,-6.146096535872976,-0.16989935379995713
1789320814.7044702,LIDAR_ONLY,5.419898162684931,-5.577826890561007,-2.874630159299946,0.11239947096176958,0.025007546920368807,-0.32131669683276615,0.9399449781029847,-0.09636165042930542,-10.123501543701838,0.14762828798998845,145,7.391237620623454,-6.1664910658714245,-0.17050260201252646
1789320814.8219154,LIDAR_ONLY,5.435282555094983,-5.593938003206061,-2.8801664855764746,0.1129455521443754,0.024745254935024906,-0.3212041544942324,0.9399249255896176,-0.0962189141879296,-10.148182357019872,0.14788467682086615,149,7.411359964213125,-6.182472030074355,-0.16955986720641386
1789320814.9410973,LIDAR_ONLY,5.454025030299449,-5.60861867578859,-2.8852775668162685,0.11331438984395913,0.024614243782038865,-0.32109193172121975,0.9399223156414924,-0.09607190032887464,-10.173127529732609,0.14814141794461755,147,7.4316386208978935,-6.199163422782841,-0.1708778185198769
1789320815.0573022,LIDAR_ONLY,5.472414180554733,-5.620111258220365,-2.8897711591933817,0.1134937114657875,0.02464269709001154,-0.3209957666677551,0.9399327809578889,-0.09592250613880393,-10.199118669214362,0.14840800512735827,149,7.449469617273493,-6.2149956970419975,-0.16945839105225388
1789320815.1699648,LIDAR_ONLY,5.489040019670124,-5.630970402395276,-2.892909015141917,0.11368834949568504,0.0245791664444246,-0.32088923447795903,0.9399472979704734,-0.0957825492133057,-10.223390034754312,0.14865883601993957,149,7.469546809739599,-6.230734954419675,-0.16905530208360064
1789320815.2803147,LIDAR_ONLY,5.510460098384347,-5.646860677328479,-2.8965092413327547,0.11394744604195456,0.024366376241589455,-0.3207971652241375,0.9399528913905881,-0.09563400300149244,-10.248710574722656,0.1489198899030428,149,7.48854144012707,-6.247126667927592,-0.17047511560606643
1789320815.394313,LIDAR_ONLY,5.52445269798345,-5.655256130761344,-2.8987893215587768,0.11399545510620951,0.02446381848242013,-0.32081340270489844,0.9399389971935903,-0.09549381068949149,-10.272554714921151,0.14916514330982947,148,7.5082133301130085,-6.264588352170381,-0.17063782647708442
1789320815.51922,LIDAR_ONLY,5.53749868609944,-5.668656959146258,-2.9030113472050814,0.11409309388804606,0.024467742023899806,-0.3207009323992562,0.9399654288778675,-0.09532619988271081,-10.30091780853137,0.1494509297354874,145,7.526130467533749,-6.279325415330647,-0.16982669182428242
1789320815.6398787,LIDAR_ONLY,5.556569737079019,-5.6857530416507736,-2.9091182974725776,0.11462040797837139,0.024137281451816227,-0.3205295963833398,0.9399682609329534,-0.09516558088697565,-10.328684964303985,0.14973356307453042,146,7.545604903649953,-6.296901455777274,-0.1687228316331058
1789320815.7341363,LIDAR_ONLY,5.574194934490084,-5.7009205015431945,-2.9136300239676145,0.11497448456898712,0.02396072512356919,-0.32035588246528796,0.9399887553154745,-0.09504896388718576,-10.348672145541055,0.14994148800266072,149,7.565487508718768,-6.314415283611543,-0.16774768333989934
1789320815.8471348,LIDAR_ONLY,5.5928544840146905,-5.715254145977512,-2.9172600824185837,0.11511386442277989,0.023835254582018094,-0.32028597906067036,0.9399987076979479,-0.09490645227738828,-10.373157918680343,0.1501960278068991,147,7.585977000346616,-6.332164402614574,-0.16848289135807998
1789320815.9807224,LIDAR_ONLY,5.612992703942804,-5.727276188709713,-2.9210927779930835,0.11535735796575103,0.023784423394929297,-0.32027595700934064,0.9399735594838206,-0.09472548046687954,-10.403903132667043,0.15048030652424704,150,7.6036739559248305,-6.349021618809571,-0.16718400264747682
1789320816.0758274,LIDAR_ONLY,5.629694285048123,-5.738505883641529,-2.925150777488882,0.11559276451886691,0.023946810090491974,-0.32023110148109507,0.9399557993446183,-0.09460974970323835,-10.423919366745931,0.15061297387135456,145,7.6206616252809996,-6.365798956375428,-0.16583642681594674
1789320816.1835444,LIDAR_ONLY,5.647860857291285,-5.750727117763472,-2.9302709440808994,0.11608139674428246,0.023883652304754907,-0.3201128092882857,0.9399374818635778,-0.09446769830715278,-10.44844927216312,0.15077566016556623,146,7.6425226252850855,-6.385859298925898,-0.16670423005608045
1789320816.2991621,LIDAR_ONLY,5.663709676054762,-5.761895557717519,-2.9342340073182447,0.11634617297337325,0.024050929060403417,-0.320005619067481,0.9399369790635006,-0.09431781011340108,-10.474242257313987,0.15094628444504943,149,7.663379686286145,-6.405170004315055,-0.16538351941476942
1789320816.4135175,LIDAR_ONLY,5.681042601196882,-5.781943689615133,-2.940116616767918,0.11662836496691915,0.023995751105707064,-0.319754645839042,0.939988826996558,-0.09417800182869807,-10.498289893063344,0.151105073512257,150,7.68412848367388,-6.4252469423108245,-0.16489256316987727
1789320816.5267332,LIDAR_ONLY,5.697930229845259,-5.797964127898423,-2.945295947877042,0.11686578777251581,0.023995904057806182,-0.3195914239026119,0.9400148435023029,-0.09402786164987806,-10.524098264005076,0.1512747942459063,147,7.7047941720908595,-6.443356095879719,-0.1655202678059684
1789320816.6384566,LIDAR_ONLY,5.715662848156054,-5.813954104785507,-2.95009791352317,0.1170968834748463,0.02400538353496536,-0.3194522374546729,0.940033153365891,-0.09388463856741927,-10.548651538786023,0.15143465820214105,146,7.724891055787246,-6.46149923206185,-0.16363631158591038
1789320816.754485,LIDAR_ONLY,5.736450169894777,-5.828558864837412,-2.952271645613007,0.11706991347759556,0.024035421679716857,-0.3193709524100712,0.9400633641514334,-0.09373016394225234,-10.575673539700805,0.15160884580875356,149,7.745023175506527,-6.480849774337795,-0.1638507108631791
1789320816.8653963,LIDAR_ONLY,5.7563607503083665,-5.840684508882373,-2.955973996910958,0.11709575787791435,0.02416677781116504,-0.31934511075217753,0.9400655565309806,-0.09359152922966829,-10.599398494174066,0.15176605643270896,148,7.767034783567606,-6.498991991598283,-0.16391051442419635
1789320816.9759457,LIDAR_ONLY,5.77177449108478,-5.851048600594055,-2.960515992018365,0.11731671787572819,0.02460260068085419,-0.3192636280626011,0.9400543790350164,-0.09344613876321961,-10.624562361880663,0.15193284416603894,148,7.7874565812118455,-6.517952102301861,-0.16239782995371269
1789320817.094021,LIDAR_ONLY,5.7883394059648685,-5.861684286705141,-2.965878302360758,0.117615559413777,0.02482517723742808,-0.31920196387608313,0.9400321255236793,-0.09330831332743003,-10.64896047463771,0.15210256280395185,148,7.806880460469463,-6.534708428389342,-0.1606298955989419
1789320817.2029903,LIDAR_ONLY,5.80401163932804,-5.875524488549953,-2.969695254267285,0.11765542263261278,0.025006952119124955,-0.3190653307496404,0.940068704183091,-0.09316553445375228,-10.673675327442917,0.15226820737018587,148,7.82692909535997,-6.554886271708023,-0.16059836468354727
1789320817.3142807,LIDAR_ONLY,5.8189015028244695,-5.889263100287086,-2.975128859829609,0.11834322707217605,0.025090616194928854,-0.31877189471189254,0.9400796884982103,-0.093018323050291,-10.698946094958298,0.15243626114553555,149,7.845522730573706,-6.572731572503582,-0.15977428637407273
1789320817.4253645,LIDAR_ONLY,5.837192226174303,-5.902069099160004,-2.978992791239978,0.11857466512325102,0.02521617509878288,-0.31869588338570237,0.9400729371795059,-0.09287623108980586,-10.723734084550216,0.15260072387443124,147,7.867134146774244,-6.59067273345278,-0.16005956780569364
1789320817.545423,LIDAR_ONLY,5.853897357976303,-5.916010793008189,-2.983584794575345,0.11855768423520817,0.025441801220355723,-0.3185527465687136,0.9401175128211248,-0.0927162002270345,-10.749509924364057,0.15277149701521,149,7.886528779462192,-6.6120338764904485,-0.16003722046395108
1789320817.657687,LIDAR_ONLY,5.872909210439611,-5.928752835132354,-2.989088844814943,0.11906821181628253,0.025402536924333554,-0.31838272214034324,0.9401116499092997,-0.09252899029747624,-10.774782000687575,0.15293860706889764,146,7.907982327316206,-6.62984280374846,-0.16102790977618092
1789320817.7949064,LIDAR_ONLY,5.887078439314589,-5.939195887069228,-2.9927160976719676,0.11925586858059109,0.025804623204509585,-0.3182904012244539,0.9401081744771387,-0.092332593691593,-10.803370959836295,0.15312624717035742,145,7.926811106246484,-6.648891442734159,-0.16118595394975999
1789320817.917735,LIDAR_ONLY,5.908455242841067,-5.954433149393274,-2.9970939870585798,0.11936461324050453,0.025787718715853666,-0.3183152567811293,0.9400864215431156,-0.09219082596840888,-10.829476282282043,0.15329361219603302,148,7.948575095234676,-6.667195513725335,-0.1640579111029735
1789320818.0153222,LIDAR_ONLY,5.927704286445159,-5.965804393533324,-3.0006816237003187,0.11994831915231195,0.025507902497205723,-0.31822259041162543,0.9400511319042402,-0.09207520837836437,-10.850239004439652,0.15343204187138135,149,7.969410295285128,-6.684230125662668,-0.16440320411991924
1789320818.1308682,LIDAR_ONLY,5.942338892779428,-5.979011402304011,-3.003031850444176,0.12013717574348495,0.02556802135957681,-0.31803958477177424,0.9400873139269207,-0.09194027762114136,-10.875237511289193,0.15359996383707278,145,7.98731385038141,-6.7011833435344865,-0.16741122702642414
1789320818.2506175,LIDAR_ONLY,5.960390769799043,-5.993087847455529,-3.0074499471952576,0.12074095718608766,0.025325385877242215,-0.3179198221035783,0.940057036993812,-0.09180028667269519,-10.901250968983785,0.15377321446079179,146,8.00581535219912,-6.717946890864905,-0.16805562728740658
1789320818.3969045,LIDAR_ONLY,5.975989170358647,-6.0058694268075365,-3.0115088910151946,0.12101139660273143,0.02531817416630119,-0.31778636529191334,0.9400675816044802,-0.09163875946362549,-10.931998442645957,0.15388366509606508,147,8.027491567734558,-6.7358699203989865,-0.17134169019355808
1789320818.4941065,LIDAR_ONLY,5.99280124986809,-6.018828577033186,-3.015357255999364,0.1211273253172804,0.025339468825135842,-0.31766510129630465,0.940093062307956,-0.09153736859775963,-10.9509978926623,0.153939917250378,146,8.045504074980512,-6.7515317889556545,-0.1730240315409168
1789320818.6133535,LIDAR_ONLY,6.009181639075664,-6.033450915288992,-3.0190330040962743,0.12114658314390807,0.025423490275022137,-0.3175252118230384,0.9401355707511161,-0.09140915632307132,-10.975001973053756,0.15401082002476127,147,8.06490730736014,-6.767443068504829,-0.17421273192045048
1789320818.7391143,LIDAR_ONLY,6.026073810629461,-6.046527139143377,-3.022811924083005,0.1211650343262595,0.0254482265897263,-0.3174593464104579,0.9401547668319292,-0.09127543400006632,-11.00001178168532,0.15408440810228854,147,8.084261778216561,-6.783662074789258,-0.17437927504967946
1789320818.8663795,LIDAR_ONLY,6.041588417478612,-6.057378385559739,-3.025460887909243,0.12132777250183913,0.02555478582833889,-0.31747517957112664,0.9401255420938688,-0.09113479781002909,-11.026277592539875,0.15416107665774986,147,8.102075710133644,-6.799691201544172,-0.17525893487978833
1789320818.9752283,LIDAR_ONLY,6.059313234890969,-6.069160949688147,-3.029880489460039,0.12132526039962548,0.02557614671523664,-0.31747361483442443,0.9401258138101131,-0.09100598517985195,-11.050294175001877,0.15423024872578564,145,8.117717166856002,-6.815443161352744,-0.17575211976526395
1789320819.0921717,LIDAR_ONLY,6.079621567305234,-6.084415691937924,-3.035262630820775,0.12153675600563262,0.02539227801860801,-0.31731726352310247,0.9401562654297759,-0.09087142501900279,-11.075301317749888,0.15430063208250405,148,8.13643151240595,-6.830916367110267,-0.17574570031384662
1789320819.2090907,LIDAR_ONLY,6.096922502057411,-6.099118128419063,-3.0388971999149397,0.12160275503642541,0.025472197276125225,-0.3171501001748075,0.9402019735634396,-0.09073858656666303,-11.100020417216836,0.15437044130752042,148,8.153467046361955,-6.844456941776781,-0.1764336858849235
1789320819.3425558,LIDAR_ONLY,6.111943495850238,-6.111125484878135,-3.041745091141243,0.12171407368784593,0.02552639324089495,-0.31708539126039537,0.94020792496323,-0.09058673774394632,-11.128925074626448,0.15445931754643383,148,8.171440251637813,-6.861188415091016,-0.1767923584596495
1789320819.446552,LIDAR_ONLY,6.126744552426335,-6.1221254819707775,-3.0454538389489207,0.12214750634647707,0.025394894859523565,-0.31693896955145673,0.9402046455894971,-0.09047058344747272,-11.150070579949546,0.15452455178813307,147,8.190848238379951,-6.877994359815171,-0.17615079330399247
1789320819.5652843,LIDAR_ONLY,6.143196509071511,-6.134436347559196,-3.0496531406250886,0.1224204902885592,0.02527547691288071,-0.3168992304439533,0.9401857537573974,-0.09033571653024339,-11.175741713596551,0.15460573051382914,147,8.210171074370978,-6.8948131717271535,-0.17680711446857514
1789320819.6861777,LIDAR_ONLY,6.158314521425196,-6.1466837281128175,-3.0537697876849275,0.12254630233902568,0.025269578108788184,-0.3167525631637471,0.9402189457431883,-0.09020428478510828,-11.200456654710562,0.15467874672432216,147,8.22574135914847,-6.9100807989224196,-0.17548326152025737
1789320819.7997026,LIDAR_ONLY,6.173459080983514,-6.157098543024898,-3.0565034970299,0.12266428537773985,0.025328122514865978,-0.31666785302826445,0.9402305196924368,-0.09007541789184385,-11.225449251729271,0.15475186970006938,148,8.24378842104576,-6.9272378277879385,-0.17475636855295656
1789320819.9248548,LIDAR_ONLY,6.195894087405603,-6.17361492206635,-3.0618682163125532,0.12297279670809455,0.025227369022567,-0.31665510567451916,0.940197221423382,-0.08994483423534909,-11.250459234583273,0.15482632610760266,150,8.262070863860307,-6.943187914383655,-0.1762682438239777
1789320820.0407488,LIDAR_ONLY,6.210604860295137,-6.182703653781571,-3.0656075995291174,0.12320604448747953,0.025163326396120685,-0.3166218836126313,0.940179589453005,-0.08981647002738052,-11.274996880079376,0.15489943310568405,150,8.28077927107023,-6.960485926551916,-0.17548649611230033
1789320820.2500434,LIDAR_ONLY,6.2252329218089315,-6.194400854735447,-3.0690072861787634,0.12326344371704168,0.025266683628759827,-0.31658544374721737,0.9401815648845692,-0.08958112631609844,-11.319385001886907,0.15502992083071962,149,8.295185856472816,-6.975291742098738,-0.17633706457637197
1789320820.3053362,LIDAR_ONLY,6.240557855461638,-6.211351934792616,-3.0727457900148543,0.12325567687355213,0.025331382236143393,-0.3163412042900055,0.9402630491840025,-0.08952668466321798,-11.329672557280198,0.15505846559951514,149,8.313623337789773,-6.991435588770262,-0.17499394073011126
1789320820.4102786,LIDAR_ONLY,6.256385355215776,-6.223943159046878,-3.075238917105622,0.12350115525200774,0.025266486705362044,-0.3163254529483805,0.9402378832603956,-0.0894090337098255,-11.35197168815808,0.15511933476939196,149,8.334100501712303,-7.007231913728239,-0.17509459191658464
1789320820.5295506,LIDAR_ONLY,6.273768597527596,-6.238981053935919,-3.07985888667837,0.12372965576660615,0.02518409348554592,-0.31615199289095575,0.9402683931252105,-0.08927957062556116,-11.376722987848687,0.15519254831042334,146,8.351742831338647,-7.024098959817206,-0.1768121206293956
1789320820.6525137,LIDAR_ONLY,6.289942883083379,-6.2511527342977065,-3.0836686267014652,0.1239507447060291,0.025125469823247436,-0.31605294221812014,0.9402741416035281,-0.08914705320167435,-11.401957498171791,0.1552697928923381,149,8.371147533657009,-7.041299995811692,-0.17665675596260416
1789320820.7912366,LIDAR_ONLY,6.30635923061646,-6.260851278249466,-3.086799887106614,0.12416639663592458,0.025082217187495714,-0.3160146619937971,0.9402597097251142,-0.0890060224370379,-11.428695276087517,0.1553504352608715,149,8.389971854614855,-7.057749851586791,-0.17767755009935385
1789320820.9248617,LIDAR_ONLY,6.32727099418785,-6.274271784632722,-3.092260636362046,0.1247160981835317,0.024845668797993978,-0.31595997877501747,0.9402116141637193,-0.08887685895482478,-11.453190133059817,0.1554233266865423,148,8.406865558877367,-7.0727434898969745,-0.17659083706721376
1789320821.072753,LIDAR_ONLY,6.345290652379595,-6.287066092760219,-3.0960986385155125,0.12459520979345286,0.02503987637983165,-0.3159622108372287,0.9402217395967076,-0.08873589410794526,-11.47994106544934,0.1555024530522247,148,8.426391080683244,-7.087425713917522,-0.17739396175358085
1789320821.2910898,LIDAR_ONLY,6.365054086406455,-6.299116418181637,-3.0988739735840722,0.12484177867965132,0.0249747308166149,-0.3158256851315568,0.9402366349637317,-0.08853015262481212,-11.518954315450786,0.1556173307527079,150,8.442996303882964,-7.10253613519462,-0.17721508591059246
1789320821.3561168,LIDAR_ONLY,6.380900083930589,-6.310233803425073,-3.10283603123247,0.12494570179123803,0.024982290645311992,-0.31577181998395815,0.9402407215506182,-0.08847207362732382,-11.529960775124996,0.15564958601669796,150,8.460932976524662,-7.118545344982118,-0.17709557858415242
1789320821.4884894,LIDAR_ONLY,6.396499888607959,-6.324289439016354,-3.1068933322471883,0.1251180801717947,0.024908905823204753,-0.3156562423852347,0.9402585543711098,-0.08833595478114169,-11.555729737458256,0.15572453107980988,145,8.481134976233687,-7.136502688724004,-0.17991598694497843
1789320821.6168258,LIDAR_ONLY,6.409898537648887,-6.33413944976018,-3.111025920005775,0.12539903677054925,0.02484253104183579,-0.31557047935839383,0.9402516699192657,-0.08821246674426855,-11.578995408279244,0.15579087307760717,145,8.496544483428368,-7.151676264646056,-0.17930685233624197
1789320821.7550216,LIDAR_ONLY,6.421772792473205,-6.34812824462869,-3.1161526244064253,0.12546333118491879,0.024924066082953188,-0.3154011796674002,0.9402977397198656,-0.08807308170606248,-11.6047423515841,0.15586321641280118,149,8.51412703417088,-7.167262397138072,-0.17815526490886424
1789320821.8735902,LIDAR_ONLY,6.4371610506938755,-6.362560184913806,-3.1197032228712707,0.12552253620295786,0.024940361671366644,-0.31524961422784387,0.9403402320405494,-0.08795168438176633,-11.627693217055333,0.15592957686599201,146,8.51412703417088,-7.167262397138072,-0.17815526490886424
1789320822.0157769,LIDAR_ONLY,6.456963724499473,-6.377820520202032,-3.1240783611652803,0.12562730193815566,0.02486229577874019,-0.31523649368735884,0.9403327072393312,-0.08781820980686203,-11.653349600234383,0.15600906737684156,150,8.550150600650772,-7.200579507637008,-0.17796379827133446
1789320822.259317,LIDAR_ONLY,6.473769982359341,-6.390492071193184,-3.1276977393830814,0.1253713313901033,0.02506186861119571,-0.3152130928974212,0.9403694157474656,-0.08758513716214181,-11.69744095031291,0.15614700286762764,150,8.569374640069277,-7.216493612291043,-0.17625005663278345
1789320822.327503,LIDAR_ONLY,6.491043528808664,-6.401917376308141,-3.1312801013901383,0.12546018659807784,0.02502807560988354,-0.3151544602180704,0.9403781171500634,-0.0875064103396549,-11.712420593874358,0.15619115253162724,150,8.5863748066491,-7.232605213379535,-0.17577374017695926
1789320822.4250424,LIDAR_ONLY,6.506776682177598,-6.410581779017147,-3.135003737861094,0.12572154837392563,0.024943840075593762,-0.31508478180102234,0.9403687986073059,-0.08741009454586265,-11.730903444777955,0.15624559525480616,148,8.605859727587683,-7.250683708811856,-0.17727431099458896
1789320822.5394757,LIDAR_ONLY,6.52277457315176,-6.421719370541226,-3.1379969585372356,0.1258714864961722,0.024987089208058786,-0.31499187728743466,0.940378717061956,-0.08728569567988305,-11.755403168505442,0.15631766117076693,148,8.625233407183435,-7.266206786590343,-0.17778414746332505
1789320822.639102,LIDAR_ONLY,6.539379946697494,-6.434798500903738,-3.1428137638418843,0.12616046748172502,0.02482883730319226,-0.3148870868807823,0.940379278694878,-0.08717749939815805,-11.776417477363948,0.15638027249916495,148,8.643114795814236,-7.2816027271579395,-0.17786639791051578
1789320822.7497368,LIDAR_ONLY,6.556008983870085,-6.447160622015323,-3.1469750941551573,0.12651494142859374,0.02463565229492794,-0.31475800883745697,0.9403799498628214,-0.08705630350609905,-11.799709097049211,0.15644971562280197,149,8.662092098669167,-7.298182021812173,-0.17792603168708035
1789320822.866972,LIDAR_ONLY,6.570840529100532,-6.456672668111794,-3.1504039114143443,0.1267609639431041,0.02462823875254137,-0.314766748047679,0.9403440871296272,-0.08692216287450823,-11.825532800612613,0.15652619288948824,148,8.679538966219404,-7.3153250782120045,-0.1794354404846438
1789320822.9835718,LIDAR_ONLY,6.592797295466982,-6.4690283956359895,-3.1537851925160743,0.12678437059464978,0.024573312114396503,-0.31477056535258185,0.9403410907177582,-0.08679265953287117,-11.850124221523112,0.1565959139369692,149,8.699130939896733,-7.330465277663232,-0.17903348460843446
1789320823.157062,LIDAR_ONLY,6.614801336400252,-6.483632363490097,-3.158194745614472,0.1268480961213761,0.02450121479033106,-0.3147864690510001,0.9403290540478817,-0.08658613896020352,-11.889921869817012,0.156708418086104,148,8.718130875892376,-7.345179934083073,-0.1790362744191586
1789320823.2195935,LIDAR_ONLY,6.630188136640371,-6.4924872074621875,-3.161058629786696,0.1269547957800405,0.0245254229152247,-0.31475248766470715,0.9403253984489391,-0.08653050811485585,-11.900665419128698,0.15674124764418557,146,8.734922594829092,-7.3619167863808475,-0.180688524057809
1789320823.3409145,LIDAR_ONLY,6.646107868589599,-6.504630308737007,-3.163132539089274,0.1268389628477641,0.024665127091938046,-0.3146583910821908,0.9403688669510541,-0.08640198471887817,-11.925398931636549,0.1568168687409473,147,8.754236320916858,-7.378483041178867,-0.18009876575106026
1789320823.4564545,LIDAR_ONLY,6.659828362520012,-6.514653732402729,-3.1657754940414455,0.12682286236194928,0.024793893449052935,-0.31459970662371217,0.94038728671874,-0.0862731928435731,-11.950138464998728,0.15689121871307982,148,8.773176678585731,-7.3948532106993605,-0.18015555982513906
1789320823.5710368,LIDAR_ONLY,6.676984368366574,-6.527037886668984,-3.1709003732336547,0.1270684197799972,0.024611708980786313,-0.31447840481345635,0.9403994966936357,-0.08614312757189181,-11.975133692382338,0.156965540897676,147,8.789595523434361,-7.410220385993331,-0.1801536732517682
1789320823.6944916,LIDAR_ONLY,6.691917514760147,-6.542245532018973,-3.17340444727893,0.1272678941151669,0.024482860616518113,-0.31434928078454255,0.9404190567687172,-0.0860104872947372,-12.00063500889632,0.15704097928844077,150,8.806335000259132,-7.4267452036772355,-0.17666627595818263
1789320823.8126433,LIDAR_ONLY,6.708858915504658,-6.552633874354241,-3.1777151325172683,0.12795566722238302,0.024210739796644995,-0.3142086413764375,0.940379772745324,-0.08588297291019914,-12.025142057997524,0.15711322096633337,148,8.825249666995372,-7.4426498592813735,-0.17568005614224033
1789320823.929895,LIDAR_ONLY,6.727921667252213,-6.56393028031924,-3.1811182319172153,0.12835038010281907,0.02401224238150059,-0.3143016281072895,0.9402999939978629,-0.08575404987012818,-12.049905264443964,0.15718589488599877,149,8.84345614374935,-7.459027058205659,-0.17402148413069607
1789320824.0671873,LIDAR_ONLY,6.747806449231358,-6.577856570143727,-3.1856696311237362,0.12836636438309082,0.02398685950297464,-0.3143317297211269,0.9402883976508359,-0.08560404461337362,-12.078676981656306,0.15726947461830706,149,8.859988625012356,-7.475299303132002,-0.17406934182001746
1789320824.1747718,LIDAR_ONLY,6.766719636766409,-6.590487644654529,-3.1896865316832086,0.12853394367742774,0.023890254592441987,-0.314231963320403,0.9403013103713305,-0.08548856348470346,-12.100690484539044,0.15733204415842045,148,8.878449216494193,-7.492451282019099,-0.1722892728723895
1789320824.2936804,LIDAR_ONLY,6.784198351685954,-6.602952345961061,-3.1927072075444034,0.12867183520274136,0.023828229546890622,-0.3141808656157136,0.9403010996394614,-0.08535855460249168,-12.124933620615,0.15740024944268652,147,8.898459220043375,-7.509132684592666,-0.1708047341133602
1789320824.4104078,LIDAR_ONLY,6.802737259788719,-6.616255770597691,-3.196778732344044,0.12882129663209277,0.023693241291776333,-0.314020989093752,0.940337451269329,-0.0852292287092896,-12.14987420886777,0.15747288024877196,149,8.918152597096846,-7.526830071887338,-0.17016728904394213
1789320824.526887,LIDAR_ONLY,6.8184812398874906,-6.62441295746355,-3.2006067334460786,0.12912923633297663,0.023678988185181882,-0.3140008458825766,0.9403022995971109,-0.08509712990643883,-12.175520586685838,0.1575523535112364,150,8.936475650132733,-7.542629063395982,-0.16940100775472255
1789320824.6459382,LIDAR_ONLY,6.832533818161128,-6.634540795521499,-3.2041905639593664,0.1291868760440899,0.02376594734516213,-0.31395685946601115,0.9403068760776959,-0.08497060609805569,-12.19966011229412,0.15762953838265736,149,8.955430393779006,-7.55801374676031,-0.16743200124499064
1789320824.7594318,LIDAR_ONLY,6.849248662550318,-6.648186496660281,-3.2080146087521544,0.12944491796497765,0.023688068645830326,-0.3137956679798263,0.9403271597555636,-0.08484127246793317,-12.22487031120169,0.15770556600180735,146,8.973099289962692,-7.574600774995525,-0.1674879063974192
1789320824.881725,LIDAR_ONLY,6.864323741021655,-6.660273482700712,-3.211775990919088,0.12965240624345126,0.023667013899616823,-0.3137563346865146,0.9403122292368861,-0.08471016864496883,-12.25060034427444,0.15778128105014927,145,8.991668832025441,-7.590365438424646,-0.16696977397280827
1789320825.001282,LIDAR_ONLY,6.887426628766127,-6.676318393966951,-3.2169411839280686,0.12976001224672962,0.023718609197556792,-0.31381316887871863,0.9402771197034197,-0.08458461907461397,-12.275601986529386,0.15785489637711808,149,9.009559867650479,-7.606472432898246,-0.16375823858349176
1789320825.1424384,LIDAR_ONLY,6.906678168502045,-6.688037362114973,-3.2207413688847404,0.12999273523999125,0.023704600294610873,-0.313807293539488,0.940247288340211,-0.0844311281948924,-12.30587949444286,0.15794530296170223,148,9.027840942210563,-7.623764668851676,-0.16298822922819378
1789320825.236367,LIDAR_ONLY,6.928176092002437,-6.700724059823608,-3.2249571163202915,0.13049932141950832,0.02350342801079811,-0.3137296974984574,0.9402080582979043,-0.08433232451829625,-12.325169222787302,0.15800255045552333,148,9.04804161347484,-7.641522759031135,-0.1625468081858872
1789320825.3555603,LIDAR_ONLY,6.947687754113024,-6.713618677903227,-3.2289085987043995,0.13085140470963685,0.0233608409681024,-0.3136273992826483,0.9401968067452581,-0.08420205725905153,-12.35049796067442,0.15807732711145647,147,9.069502759865241,-7.659725322436694,-0.15986448683657659
1789320825.47548,LIDAR_ONLY,6.9623688171655544,-6.723298206126607,-3.2312128803469213,0.13111157992190656,0.02327901337250707,-0.3136073806138985,0.9401692677232507,-0.08407974580644134,-12.374080520654465,0.15814321549040883,148,9.090854995158319,-7.675158805082906,-0.1581710088943341
1789320825.5939367,LIDAR_ONLY,6.979125044683658,-6.737102534542122,-3.2356807839927324,0.13133606525422375,0.023076014772208813,-0.31345400665465156,0.9401940869936999,-0.08394580712844363,-12.400365902404408,0.15821669734219374,149,9.109274710770396,-7.691011979198191,-0.15933263056155653
1789320825.7149076,LIDAR_ONLY,6.994147363663384,-6.746571403427328,-3.2377847594875697,0.13142328863425592,0.023132072979936424,-0.31339306508430315,0.9402008366095372,-0.08381716471998413,-12.425604994554154,0.15829326568711907,147,9.125511399642424,-7.708995176002734,-0.15904484119063506
1789320825.8278387,LIDAR_ONLY,7.012358661385501,-6.761348447741546,-3.241959771013381,0.1310893846543388,0.02336252302770223,-0.3133855710711348,0.9402442499654787,-0.08369437971295918,-12.449590900133668,0.1583663487792228,150,9.144532314613883,-7.726257144444492,-0.15853762200509722
1789320825.931722,LIDAR_ONLY,7.031919439302952,-6.772522000438935,-3.2459679258660175,0.13141382228551207,0.02329787577648804,-0.31341572994497463,0.9401905107581516,-0.0835649439387236,-12.474831661227435,0.15844203710759563,148,9.162833604493313,-7.741671889349887,-0.15709250728260887
1789320826.0403907,LIDAR_ONLY,7.049497818316431,-6.78387854266166,-3.2479709095173783,0.1315119094071759,0.02335230835546088,-0.31336291179475145,0.9401930508624626,-0.0834406997771075,-12.499078600711087,0.15851400069302676,147,9.180175460344511,-7.758088446032926,-0.15578241739490878
1789320826.1568556,LIDAR_ONLY,7.067406807430075,-6.798419936105878,-3.2518389290330663,0.1313690523858678,0.023392415628343374,-0.3132552273072932,0.940247908549105,-0.08331258886185465,-12.524081110213588,0.1585879135659498,149,9.198598626725277,-7.773707737039322,-0.15553482376339164
1789320826.2700284,LIDAR_ONLY,7.082935821067373,-6.809398358640438,-3.2548705295006446,0.13122690059299882,0.023643354044863736,-0.3132883742175274,0.9402504384207448,-0.08318565263461743,-12.54883928520406,0.1586608546237749,147,9.217539969815746,-7.789877928393324,-0.15508277507276866
1789320826.3816442,LIDAR_ONLY,7.10162641218675,-6.824601647900427,-3.2594504116321836,0.13126878916047394,0.023553890595380263,-0.3131654983950315,0.9402877696988063,-0.08305347029928445,-12.574604174442849,0.1587363801421964,148,9.236865023441501,-7.805404989936888,-0.15496020275946057
1789320826.495776,LIDAR_ONLY,7.115067769553369,-6.833993670488952,-3.2622685647888865,0.1314402266861467,0.023659774899587104,-0.31307188823239074,0.9402923346805506,-0.08292099137359366,-12.600373402837207,0.15881101462648128,149,9.25441657511414,-7.822488659643337,-0.15598653592464706
1789320826.608003,LIDAR_ONLY,7.133890882739058,-6.845630747208434,-3.267327961173911,0.1319281829571261,0.02334572934539656,-0.31294013159909023,0.9402757071719479,-0.08279641926438026,-12.624385442834516,0.15887905574138533,149,9.273274275483246,-7.838572873748773,-0.15725934012903148
1789320826.7225208,LIDAR_ONLY,7.152927669617888,-6.857672425187946,-3.2709642172583346,0.1322129088124852,0.023205983227480246,-0.3129875027278615,0.9402234054850817,-0.08266508399479348,-12.649366964362763,0.1589495800268505,148,9.290418411330107,-7.852556396273715,-0.15568955052212086
1789320826.8271236,LIDAR_ONLY,7.173226395293167,-6.87244626694066,-3.275025275556723,0.1325439428488416,0.023059435253137434,-0.31288687709228513,0.9402138947087129,-0.08253813856016984,-12.674296655765783,0.1590236013429378,149,9.30852988172319,-7.86826341466034,-0.1557728323438847
1789320826.9348059,LIDAR_ONLY,7.191629011976547,-6.8846500035528795,-3.2780332105218246,0.13291731719640273,0.022939365707453672,-0.312849617828298,0.9401765200827653,-0.08241276427201169,-12.69869465675227,0.15909945432293904,149,9.327416370177803,-7.883355345763077,-0.15746404035238434
1789320827.0504894,LIDAR_ONLY,7.211647737707563,-6.898008972429094,-3.2821103412314363,0.13337425217604842,0.022605696754981027,-0.3127750564921011,0.9401446991644768,-0.08228172476808313,-12.724347639443772,0.15918186736121545,150,9.34654930360252,-7.898392870599066,-0.15808726798915076
1789320827.1595867,LIDAR_ONLY,7.2289410877408695,-6.90948141166797,-3.285216471464968,0.13360026307705697,0.022557036007331322,-0.3127252218490072,0.9401303555634157,-0.08215744609627897,-12.748817608874749,0.1592539802413478,147,9.36630666800674,-7.915943630340956,-0.15917012516206672
1789320827.2755144,LIDAR_ONLY,7.245851940804321,-6.91908642039149,-3.2881717252800184,0.1338809894896037,0.02253153467958179,-0.3127210621226121,0.9400924145546399,-0.082030435417977,-12.7740509333491,0.15932859644724218,148,9.383901147876225,-7.933193140664795,-0.15811763587835326
1789320827.3855894,LIDAR_ONLY,7.265299486750021,-6.932039084743056,-3.2913421472282267,0.1341716185845385,0.022233776410813245,-0.3126192369503277,0.9400919362708703,-0.08190914010429334,-12.798554584382302,0.15940065265473144,148,9.402516404652728,-7.950296314519645,-0.15665335441953865
1789320827.5019414,LIDAR_ONLY,7.292313337303278,-6.947954387500401,-3.2972016245223523,0.1347459663735672,0.02163614321112997,-0.3125176988278821,0.9400574928015447,-0.08177728877722018,-12.824830507816785,0.15947909651346404,149,9.421791756809911,-7.968238751789673,-0.15625386261983354
1789320827.613937,LIDAR_ONLY,7.308417625711193,-6.95793967204533,-3.299516476381747,0.1348060476504903,0.021740525147254067,-0.3125886397983869,0.940022883419425,-0.08165576627659046,-12.848880705163936,0.15955058049561324,145,9.442777434583638,-7.983632616250842,-0.15520546036920246
1789320827.7245858,LIDAR_ONLY,7.325319674908928,-6.9698245152050475,-3.303023377141173,0.1348886974746425,0.021652985416352383,-0.31254377917277054,0.9400279642736997,-0.08152548323992954,-12.874465067994093,0.15962568277795244,140,9.46177745199257,-8.001710348468665,-0.15745246933690116
1789320827.8309314,LIDAR_ONLY,7.340557429535462,-6.982454077782858,-3.307272690752602,0.13492511784924394,0.02162902129938472,-0.3124444369970529,0.9400563131007595,-0.08140264652209978,-12.898540998062145,0.15969216946392925,144,9.482213956875958,-8.017437488949872,-0.15772155540081093
1789320827.946774,LIDAR_ONLY,7.354538468404796,-6.9962791635336465,-3.310151422018486,0.13484030046659842,0.02177724641226176,-0.3122878547752827,0.9401170888078938,-0.08127182013837433,-12.924561942689584,0.15976632497261456,149,9.500390358858562,-8.033789040929541,-0.15714064209484635
1789320828.0554588,LIDAR_ONLY,7.375564528321312,-7.012908539642491,-3.3142706482295616,0.13510239794511514,0.021459230291806075,-0.31211919094527285,0.9401427839155239,-0.0811496704816379,-12.948796963792534,0.15984036341817445,149,9.515661112325297,-8.049864783308974,-0.15587127927840547
1789320828.1707356,LIDAR_ONLY,7.393810389055866,-7.022072719465172,-3.3169835978849114,0.13539404292881152,0.0213300399797127,-0.3120927679122939,0.9401125394072235,-0.08101820798068746,-12.974782610187301,0.15991909997046463,146,9.534210301964976,-8.065842320172125,-0.1571866951783714
1789320828.2794225,LIDAR_ONLY,7.408852619469338,-7.032505837150523,-3.3206545777298726,0.13569672567881735,0.021221894664716617,-0.31201916833858484,0.9400957761931417,-0.08089802570566315,-12.99852499013135,0.1599900903461329,147,9.55235908609572,-8.080375569270348,-0.15583887884819575
1789320828.4062488,LIDAR_ONLY,7.433743429018971,-7.04746814175904,-3.3244145155704703,0.13612322925692893,0.02096304562636403,-0.3120338934702095,0.9400350347197464,-0.08075640970308653,-13.026522972324479,0.16007313421773334,147,9.571404174367501,-8.096202417711675,-0.15648372081863862
1789320828.5136564,LIDAR_ONLY,7.453468441253264,-7.060454975722902,-3.32850689607694,0.13652784154168893,0.020658799813423768,-0.3120607984138157,0.9399741595211905,-0.08064006823155524,-13.049526805309064,0.1601410842575407,148,9.591066523766953,-8.112723677270244,-0.15591170981002736
1789320828.6300738,LIDAR_ONLY,7.471325141426045,-7.074834865317464,-3.3332652537169376,0.13663913493542115,0.02046771731645051,-0.311899137358926,0.9400158229874174,-0.08051350622180878,-13.07453674760004,0.16021469670176677,143,9.61191321924905,-8.129976298086653,-0.1566098036108551
1789320828.7460592,LIDAR_ONLY,7.487861683445513,-7.0859410496474355,-3.3363347151658984,0.13704995178075052,0.020299637412157238,-0.31184174159330186,0.9399787038214671,-0.08038682460746441,-13.099552918630724,0.16028790846167143,147,9.631449144586977,-8.147654255039885,-0.1565490163201933
1789320828.8506985,LIDAR_ONLY,7.504973789002367,-7.096397377395359,-3.338954972693371,0.13717866038899584,0.020277871001981904,-0.3117125698147382,0.9400032430268523,-0.080264824961026,-13.123570830149196,0.1603571805184542,148,9.648496780695467,-8.16494703319094,-0.1556182132789026
1789320828.9659429,LIDAR_ONLY,7.519084204560962,-7.109000002016715,-3.3410949345000103,0.13683170927883603,0.020440289547023833,-0.31161000629408453,0.9400842950908533,-0.08013367089648614,-13.149079109338297,0.1604292326148587,147,9.666343536835504,-8.180245953368209,-0.1534735263922646
1789320829.0727963,LIDAR_ONLY,7.533669916289673,-7.118809050190795,-3.343619210774045,0.13687170399814697,0.020601159877071517,-0.311494969361975,0.9401130851756853,-0.0800052596641147,-13.17404745473952,0.16050039774188027,148,9.683735059549907,-8.195671600656587,-0.15380271189980962
1789320829.184125,LIDAR_ONLY,7.554020676300765,-7.137418383589991,-3.3477408678189198,0.13675240539735783,0.020552747713771007,-0.3113920086682527,0.9401656136644233,-0.07988367801183309,-13.198468805826845,0.16057475400054183,148,9.703433728106084,-8.211799446125342,-0.15145820757371503
1789320829.3015378,LIDAR_ONLY,7.573501525660768,-7.151281475208972,-3.3501119537297943,0.1368634411705678,0.02035614038814046,-0.3113293954055712,0.9401744697532742,-0.07975538637080316,-13.223601820147698,0.16065261344385598,149,9.722496921036253,-8.229153886421289,-0.1508361160827933
1789320829.4151883,LIDAR_ONLY,7.591070671678434,-7.163009744194369,-3.354700282292837,0.13695073307422861,0.020341777645052593,-0.3113429498084543,0.9401575806199942,-0.07962714086467418,-13.249281096738601,0.16073355554529317,149,9.74172216862175,-8.244311691152058,-0.1504385858802222
1789320829.5210176,LIDAR_ONLY,7.6083457777665044,-7.174772359982974,-3.3584708496630054,0.13741111189560648,0.020120139301050752,-0.311224426291368,0.9401344174115361,-0.07950525155571558,-13.273504209556096,0.16080503767782092,148,9.757502523186169,-8.257414439268008,-0.15101817407330448
1789320829.648601,LIDAR_ONLY,7.625482168824312,-7.188211382154648,-3.3625220921992294,0.13775266644325573,0.01990959466417146,-0.3110663879205207,0.940141219835702,-0.07936768128814593,-13.301746565228502,0.16088836926450367,147,9.776423643075107,-8.274039806301474,-0.1503143517921319
1789320829.7481585,LIDAR_ONLY,7.6377666301737,-7.199345275114449,-3.3654851708759805,0.13769774455035935,0.020012651207352565,-0.3109651204578919,0.9401805777594036,-0.07925078723032225,-13.325502883119722,0.16095885273890764,149,9.794835793973471,-8.290615385555931,-0.15042569750297502
1789320829.8540242,LIDAR_ONLY,7.6553141026235005,-7.211838431710499,-3.3692546786121795,0.13787537531309216,0.01984807967656759,-0.31085423041126575,0.9401947043303565,-0.07913728172018183,-13.348530053332595,0.16102734397469465,148,9.814430748438415,-8.3081591153651,-0.15005323900511772
1789320829.9631965,LIDAR_ONLY,7.666822128972083,-7.220969832926082,-3.3713919517547377,0.13799887740883388,0.02000061430110946,-0.3107858730675031,0.9401959510459241,-0.0790088777387623,-13.374338324042744,0.16110391451460324,149,9.833789594248982,-8.326648314031218,-0.14995656616294237
1789320830.09732,LIDAR_ONLY,7.685603367421243,-7.2332054616045,-3.375785778378607,0.13833020592469544,0.019762042906341277,-0.3108179446884026,0.940141702643105,-0.07885617906982789,-13.404693442906414,0.16119162807511375,148,9.852068824234202,-8.34254458641516,-0.1486838097340262
1789320830.1855795,LIDAR_ONLY,7.7101977916502955,-7.249183120073879,-3.38053085398534,0.13880155822942045,0.019412654376977537,-0.31070582023571025,0.9401165723221666,-0.07875799943174971,-13.424240365101102,0.16124500962298283,150,9.870332245729545,-8.357603340878685,-0.1470570149784852
1789320830.2891154,LIDAR_ONLY,7.727271252245142,-7.257894457363224,-3.3837205568116486,0.13913264410428486,0.01932285755687244,-0.3107011822858112,0.9400710131934643,-0.07863841843091648,-13.448498830203544,0.16131563690998574,149,9.892747326298016,-8.375146463105107,-0.14675147546312722
1789320830.400354,LIDAR_ONLY,7.742579233670299,-7.269915608446185,-3.3864648988768415,0.13908041307944027,0.019501952853183083,-0.31063854497373655,0.9400957434799737,-0.07851187620997441,-13.473983228375028,0.16139361974514965,148,9.91015583872442,-8.391691302069159,-0.14692913695837312
1789320830.5072308,LIDAR_ONLY,7.764553314565987,-7.284783218467977,-3.390854690215932,0.13934763114600845,0.01920004187431252,-0.31043250524541843,0.9401304461472749,-0.07838863155487558,-13.498721027554716,0.16146834482341982,150,9.927996248658,-8.407451846231627,-0.14648399086136094
1789320830.6173604,LIDAR_ONLY,7.781754328830544,-7.296302413038388,-3.3949777784509023,0.139654223823441,0.019112662903388977,-0.31031642531407866,0.940125055545966,-0.07826281845189376,-13.523964552800903,0.16154367785746493,145,9.945140794627223,-8.425485439951627,-0.14683131558422044
1789320830.7267103,LIDAR_ONLY,7.79662459379291,-7.308660109375818,-3.3982535136069543,0.13986635271882572,0.01910833576735,-0.3101946216386058,0.9401338051510634,-0.07813521026711936,-13.549205339134605,0.16161990530115128,149,9.966014118105067,-8.441233448261574,-0.14823508006801162
1789320830.835837,LIDAR_ONLY,7.817281842201035,-7.32352250425353,-3.4034272443666547,0.14028272540240902,0.018819376511516835,-0.31014032416073223,0.9400955096961511,-0.07801372412376867,-13.573698713340507,0.1616918969222854,149,9.983845753125372,-8.457265300278141,-0.1479490907506696
1789320830.9544048,LIDAR_ONLY,7.830919616437234,-7.335497040327337,-3.405972062167204,0.13986778995746757,0.019150281450663362,-0.31015897046709445,0.940144500112385,-0.07788583604214663,-13.599449634550899,0.16176727641346883,149,10.001703362082075,-8.473161138899926,-0.14860685970208465
1789320831.0601413,LIDAR_ONLY,7.845537595718935,-7.349208737577247,-3.4097170185170746,0.1399538135270736,0.019134531844214275,-0.31009170377608797,0.9401542081060824,-0.07776514657341992,-13.623706978131796,0.16183766871299043,147,10.021240845621701,-8.487627472512717,-0.14862506114497415
1789320831.174538,LIDAR_ONLY,7.866467023934317,-7.364762574521729,-3.4129189984129846,0.14004279613248077,0.01898748651044999,-0.3099147389103411,0.9402022895172862,-0.07763767684238006,-13.649216666058448,0.1619105266439786,147,10.03911831212409,-8.50616820488799,-0.1475207492382109
1789320831.284368,LIDAR_ONLY,7.881765742688937,-7.375971604614852,-3.4152294513239747,0.14033639678279905,0.0187494174218693,-0.3098596668589946,0.9401814409667925,-0.07752499547186169,-13.673452976562563,0.16196790666732375,147,10.057605783552903,-8.523597248805533,-0.1445921948400235
1789320831.40237,LIDAR_ONLY,7.899761348004735,-7.388693359395513,-3.4195535327441284,0.1409148025740344,0.018504850157199767,-0.30971156370516256,0.9401485713670384,-0.07741662955467371,-13.699400257630442,0.1620379038244116,149,10.076876383473904,-8.540380966643703,-0.1450208439882996
1789320831.5052743,LIDAR_ONLY,7.919383415738225,-7.4017775245295265,-3.4237930565821437,0.14135420342971616,0.018333863868517,-0.30958164849001735,0.94012874731422,-0.07731623174445376,-13.723287281777404,0.1621062334535317,146,10.095618996614458,-8.55795318147547,-0.14564571606471943
1789320831.6193955,LIDAR_ONLY,7.937482716926232,-7.413884434341454,-3.427227887870802,0.14173400344315376,0.018160799430347842,-0.30954056023233384,0.9400884528612612,-0.07720079032220176,-13.748562705503799,0.16219749201012593,150,10.115968295593321,-8.575852876701978,-0.14623971208315983
1789320831.7942595,LIDAR_ONLY,7.958048114054711,-7.427821714113386,-3.429577774475949,0.14233296387293798,0.01788257062413694,-0.3093680856476282,0.9400600665094436,-0.0770394660195948,-13.790555826427338,0.1623502083689887,147,10.154477460937754,-8.611174012981573,-0.14700664654389012
1789320831.8384006,LIDAR_ONLY,7.984891376555262,-7.447858890652639,-3.433363042322666,0.14280817653287206,0.017510549068245878,-0.30940720775329467,0.9399821196049393,-0.07700727740073524,-13.798274848814806,0.16237612457610842,147,10.154477460937754,-8.611174012981573,-0.14700664654389012
1789320831.945836,LIDAR_ONLY,7.997044247740557,-7.456959803338255,-3.43548911438514,0.14305741157966212,0.017456102033813956,-0.3093772676001725,0.9399550881750487,-0.07689630602362525,-13.823714771845196,0.1624584540540091,148,10.174782596365818,-8.630108296975356,-0.14854907967307968
1789320832.0533955,LIDAR_ONLY,8.013510935760799,-7.467727379033832,-3.437457560620336,0.1434392131220972,0.017253852455587415,-0.30921325566902175,0.9399546048788306,-0.07678954122987879,-13.847506993423286,0.1625405365204135,147,10.19236787739185,-8.649286967305784,-0.1485111569843571
1789320832.1677184,LIDAR_ONLY,8.030032581350554,-7.48158767196334,-3.4412463026776883,0.1436176207536508,0.01716958004683428,-0.30906068052193997,0.9399790850255081,-0.07660967373385619,-13.873307233178226,0.16262099235673622,146,10.211873182038019,-8.667208048821344,-0.1493056520607752
1789320832.2803268,LIDAR_ONLY,8.043362788283558,-7.490771735861512,-3.4432609790948794,0.1440138262466239,0.01699637670585419,-0.3090127765289601,0.9399373622590725,-0.07632350398109428,-13.898023822240669,0.16269326090526706,146,10.23188733686666,-8.684649898167708,-0.14991709446254084
1789320832.3924007,LIDAR_ONLY,8.062918885977576,-7.505234516553985,-3.4474195047441114,0.14439817321069331,0.016699341828136528,-0.30916148439696944,0.9398348132099514,-0.07602254698785267,-13.923446228051521,0.16277766504643737,146,10.250192468054843,-8.70121183194259,-0.1506936535576053
1789320832.5049906,LIDAR_ONLY,8.090933686869212,-7.530963197630254,-3.4541666546667265,0.14443300972566922,0.016509114676809235,-0.3090182376149502,0.9398799304461837,-0.07596487205708241,-13.948548750897425,0.1628584332685884,146,10.271008999090174,-8.718174088360856,-0.15281035975245655
1789320832.6267128,LIDAR_ONLY,8.10554135942363,-7.541146266418851,-3.456938181781412,0.14475839937627713,0.016378425449374595,-0.30904250244588904,0.9398241775309892,-0.0759049352203285,-13.975140859725643,0.16294772158638493,149,10.289562704883751,-8.738086914653627,-0.15340667633733726
1789320832.7259426,LIDAR_ONLY,8.122586038319767,-7.552820888163288,-3.4595789555048166,0.14472659332578355,0.01643497117077082,-0.30894469623223775,0.9398602447049773,-0.07585551990052045,-13.997958312832147,0.1630257284463708,144,10.309182430713946,-8.757280224319322,-0.15165061537908497
1789320832.8398123,LIDAR_ONLY,8.147112974346348,-7.57058621355518,-3.4645685721397697,0.14488543261005982,0.016277266761770576,-0.30871765823048,0.9399131180597761,-0.07580076514898254,-14.023769398255395,0.16311339661502572,148,10.32990703423352,-8.777198365262919,-0.15273379953815894
1789320832.9468448,LIDAR_ONLY,8.161824025099069,-7.582034204858055,-3.4666536025774066,0.14511806235771493,0.016292842781005342,-0.3086373433246659,0.9399033362836564,-0.07574657072878345,-14.047810422878662,0.1632035449647033,146,10.349417438894946,-8.794323918864254,-0.15240059834326325
1789320833.0602503,LIDAR_ONLY,8.176523976419073,-7.5944650581667466,-3.4700675765595714,0.14518749044277957,0.016282129008555087,-0.3084475542558499,0.9399551006125032,-0.07569694877302849,-14.073814796482283,0.16327495336476439,145,10.369661871821144,-8.812470051558186,-0.15370640521958606
1789320833.1697888,LIDAR_ONLY,8.195997727145363,-7.610121490162592,-3.473663116546589,0.14531102282515518,0.01643063224563635,-0.30840858270288407,0.9399462149956849,-0.07564509582667153,-14.09880432693977,0.16332247450652038,148,10.388009850830343,-8.82736360531764,-0.15510031200067076
1789320833.2845275,LIDAR_ONLY,8.2084383350358,-7.621617698897816,-3.4751199968097524,0.14516204110976466,0.016805009669836127,-0.30835838550886757,0.939979084638168,-0.07559758917269019,-14.123556319452495,0.16336355004700898,148,10.405252492298683,-8.844459634458604,-0.15757673846334486
1789320833.3945038,LIDAR_ONLY,8.227880423403478,-7.6370502912347105,-3.4800357703429983,0.1453140495334607,0.016606179212282177,-0.3082045957255429,0.9400095685650287,-0.07552594901431033,-14.148813398544995,0.16336364426195837,148,10.422459117205191,-8.86070540322784,-0.15783677580265607
1789320833.510532,LIDAR_ONLY,8.240333499902555,-7.64934677645848,-3.481296473190887,0.14480923846230453,0.017089597590941093,-0.30812900763474504,0.940103581933488,-0.07545061278652601,-14.174814574394988,0.16335760719958026,147,10.440839736450044,-8.877230208619954,-0.15697102587015938
1789320833.6141458,LIDAR_ONLY,8.254625176780669,-7.661320512604265,-3.4845016640951303,0.14494209075932205,0.017185975556221308,-0.30797346773011036,0.9401323182109995,-0.07538354414560951,-14.198065978582214,0.16335674481167087,147,10.458394065401663,-8.891678181920614,-0.15673051541537292
1789320833.7277226,LIDAR_ONLY,8.276331689046737,-7.678134807982509,-3.4886516824547606,0.14517148512834294,0.016920944403757483,-0.3078095237156816,0.9401554226063058,-0.0753112535075728,-14.223310407334466,0.16335536587098315,149,10.477539238319956,-8.907365295954408,-0.15700904245178768
1789320833.836754,LIDAR_ONLY,8.290754328977016,-7.68844451281272,-3.4924915548724407,0.14520630690541905,0.01710984804967098,-0.30774926631316973,0.9401663526303801,-0.07523575485434238,-14.2482880638477,0.16335298636054968,148,10.495847201645567,-8.925073165888998,-0.15558180737674643
1789320833.9499621,LIDAR_ONLY,8.312500491937758,-7.705052423226514,-3.4956649307270165,0.14477977909339784,0.017273752189392977,-0.30768414748512596,0.9402504445291785,-0.07516390190644606,-14.273018780872077,0.1633524151785519,149,10.512934702744746,-8.940975591509776,-0.1547224433957995
1789320834.0613925,LIDAR_ONLY,8.33407639490275,-7.720259106707143,-3.50076536390755,0.14490917486597515,0.017072589670219646,-0.30765867145502657,0.9402425216932824,-0.07509059768877967,-14.298250535103307,0.1633513559544872,148,10.530924139830255,-8.956615265577346,-0.15568759954736347
1789320834.1741176,LIDAR_ONLY,8.351260448447915,-7.733915329838089,-3.5045659185069473,0.14496266621132597,0.017072046927110635,-0.3076253646437704,0.9402451837932538,-0.07501656832087572,-14.3237301243233,0.16334996885814348,148,10.552069058316883,-8.97261366448253,-0.15567503467323604
1789320834.3167381,LIDAR_ONLY,8.365716810474428,-7.745379126404264,-3.5076755467241845,0.14508806665009694,0.017068262276501763,-0.30748215812921903,0.9402727528599325,-0.07492048733929824,-14.356701855459248,0.16334800465710544,145,10.572534246578005,-8.990630790239512,-0.15682894624348662
1789320834.3935797,LIDAR_ONLY,8.383803182997138,-7.758202329314379,-3.511892661843163,0.14542125165346165,0.016780877819882727,-0.3073182352364247,0.9402800455174534,-0.07487235488886085,-14.37318809166015,0.16334705341027533,149,10.589715199859194,-9.006687054290884,-0.1569450001223521
1789320834.5034368,LIDAR_ONLY,8.396328862246285,-7.766748481625582,-3.5151411467195572,0.14581651137201554,0.01672903739304275,-0.30719118035570453,0.9402612738121602,-0.0748009234901162,-14.397670292106648,0.16334588215590135,146,10.60687739999994,-9.022501159358558,-0.1550606103276066
1789320834.6126459,LIDAR_ONLY,8.410107908600319,-7.774813534237498,-3.5174377274364406,0.14596880715309105,0.016744023100212512,-0.3071051949019364,0.940265464798621,-0.07472915118214757,-14.422904461510416,0.16334511579850539,147,10.623626170024636,-9.038538685082665,-0.1553952530303299
1789320834.727494,LIDAR_ONLY,8.42889864163611,-7.787511461432792,-3.5216321691116996,0.1462950830798883,0.016583521198654885,-0.30702053778327454,0.9402452471938219,-0.07465672647115823,-14.447627257325335,0.1633459422988604,148,10.640317174126624,-9.053229528993617,-0.15598881564190514
1789320834.8395612,LIDAR_ONLY,8.44522691247486,-7.803015144993501,-3.5263725473162215,0.14621645612892487,0.016697383799770225,-0.30691276797217565,0.9402906455915633,-0.07458438474761325,-14.473109217431539,0.16334750567718115,148,10.659457967089413,-9.067829216851377,-0.15545090199869957
1789320834.9527497,LIDAR_ONLY,8.463771602737303,-7.81882262028389,-3.5305671099061744,0.14612522241813575,0.016738409332489285,-0.30689453112957243,0.9403100508816379,-0.074510783858764,-14.498604142987142,0.16334760039162843,147,10.679055135619103,-9.084132773782274,-0.15674566212760757
1789320835.0572562,LIDAR_ONLY,8.480813090356493,-7.832145362367025,-3.5339798422747744,0.14606384568800507,0.016859227247428676,-0.3068324179687897,0.9403376982355202,-0.07444096781058075,-14.522599109166178,0.16334713767109696,148,10.697659362732857,-9.100408521005381,-0.156784993640141
1789320835.1714268,LIDAR_ONLY,8.499775804138462,-7.845892299900396,-3.536028057902811,0.14563952016658546,0.017124009708749225,-0.3067216837159739,0.940434850053729,-0.07436597028731384,-14.548342728845444,0.1633464458250391,148,10.715394929653328,-9.118129723475274,-0.15726553991890885
1789320835.280238,LIDAR_ONLY,8.515261674779776,-7.854858964570888,-3.538957805766825,0.14597970042020045,0.017185342100228766,-0.30666258056678475,0.940400261996054,-0.07429384408269443,-14.57308597440071,0.16334564974150964,147,10.734993198130377,-9.135069208228119,-0.15758046306406115
1789320835.392387,LIDAR_ONLY,8.531412145710377,-7.869389761612866,-3.5423041876091172,0.1460606401769853,0.017214240102002176,-0.3065048220627107,0.9404385962842582,-0.07421804560230752,-14.599078531854277,0.16334470287483865,148,10.752607327746068,-9.150447465823174,-0.15900118722087653
1789320835.500797,LIDAR_ONLY,8.548908559038033,-7.883234365478469,-3.546605671808214,0.14625834810402696,0.017135806445547755,-0.3064213933463819,0.9404364887896492,-0.0741490532517643,-14.62357746391419,0.16335200458995347,147,10.772856184879808,-9.16775492204577,-0.16010576401201157
1789320835.6063955,LIDAR_ONLY,8.566646492491351,-7.894879194695965,-3.5502100846516056,0.1466455800744688,0.01696704796045663,-0.30637184166297543,0.9403953890593929,-0.07407833978917064,-14.64807884667243,0.16335285348395268,146,10.792374478679102,-9.183469343095458,-0.16020244053760416
1789320835.7174077,LIDAR_ONLY,8.585205127835529,-7.911140372528059,-3.5554800879341184,0.1467963528414688,0.016840041420417458,-0.3063920881166249,0.9403675516184807,-0.07400501256792708,-14.673330719938715,0.16335211699882973,147,10.810516695982065,-9.19898101423178,-0.15950820429335713
1789320835.8259826,LIDAR_ONLY,8.601141051307762,-7.923041002778216,-3.5592024683944263,0.1469241702997621,0.016788818991954984,-0.3062964257560067,0.9403796697651843,-0.07393315772130721,-14.698082794575418,0.16335140187483196,147,10.829839856635616,-9.215483253420771,-0.15998318982699075
1789320835.9397204,LIDAR_ONLY,8.618806762648564,-7.93581485906487,-3.5628216307819205,0.14717707335323096,0.016681095067027415,-0.3062327592876369,0.9403627742981019,-0.07386034973292296,-14.723085434425403,0.1633507002369088,148,10.846937972640804,-9.232512926119592,-0.1555712378756474
1789320836.0467649,LIDAR_ONLY,8.634641137932036,-7.949192159878733,-3.5658377781035204,0.14734033032351018,0.016732708879392027,-0.30606814805721555,0.9403898831115438,-0.07378743478196578,-14.7480903907069,0.16334967942662143,148,10.862794236840168,-9.248573101897414,-0.15424776984503602
1789320836.171408,LIDAR_ONLY,8.650387894576635,-7.961775981302048,-3.5691276912641374,0.14731236467397354,0.016782310443970647,-0.30596630213246157,0.9404265219727227,-0.07371191947686317,-14.774098165698499,0.16334874182729137,146,10.880114077635204,-9.264469914473594,-0.15335380076905356
1789320836.2944126,LIDAR_ONLY,8.667595063803388,-7.975987542895417,-3.5717998892814045,0.14704378320959258,0.017048769581126312,-0.30599663326945536,0.9404538934487637,-0.07363641635162278,-14.800102859090595,0.16334787334694628,146,10.899721644244712,-9.281522035567685,-0.15191654855540843
1789320836.4047577,LIDAR_ONLY,8.684982367799652,-7.988402441869282,-3.575237388812184,0.14681416449461215,0.017211357562454555,-0.30606465641508523,0.9404646704518582,-0.07356893126623709,-14.823354391135261,0.1633472397823109,148,10.91980195613024,-9.297794717409019,-0.15350190467172134
1789320836.5200613,LIDAR_ONLY,8.706032529754951,-8.002555796201275,-3.5795619776728786,0.1467263488467072,0.017283590835186397,-0.3059667039047122,0.9405089218841267,-0.0734963770623542,-14.848356842959978,0.16334656859521324,150,10.938347355795969,-9.313014096952356,-0.15505400288846202
1789320836.6300147,LIDAR_ONLY,8.723187662795164,-8.014769702673242,-3.5826514306797437,0.14667832552292853,0.01736579481708877,-0.30592932051869676,0.9405270590680148,-0.07342527701971263,-14.872860566658831,0.1633458523271356,149,10.956879818830814,-9.330854109439624,-0.15474309992423393
1789320836.7458477,LIDAR_ONLY,8.740147304979933,-8.030458005587343,-3.5858587694721225,0.1468536702356564,0.01723165025124021,-0.3056408409486288,0.9405959526343664,-0.07335200270800073,-14.898114964064511,0.16334505540500596,148,10.97630863400817,-9.346752051733338,-0.15521701441063476
1789320836.8823102,LIDAR_ONLY,8.761383226055278,-8.0411609808545,-3.589684901281802,0.14727651885611218,0.016922169214170977,-0.30557193339974065,0.9405578454837623,-0.07325772614113842,-14.930618309592326,0.16334398290530394,149,10.994455001103516,-9.36231300883914,-0.15738299306442907
1789320836.9630482,LIDAR_ONLY,8.769084686956704,-8.046663539544571,-3.5908035673199867,0.14722914076426383,0.017186902659185748,-0.30552955235210827,0.9405742305242689,-0.07320622615491705,-14.948366993341342,0.1633434612501541,149,11.01270778811632,-9.377787079202477,-0.15341517683096287
1789320837.0704575,LIDAR_ONLY,8.785937025218654,-8.05836854785576,-3.593502313464755,0.14700749337625157,0.017364546072595917,-0.3055350617346496,0.9406038461976052,-0.07313337131089898,-14.973360270098672,0.16334302023751507,148,11.031958052292687,-9.394212554299918,-0.15481698630325144
1789320837.182882,LIDAR_ONLY,8.80324947155436,-8.06938325740089,-3.5975350098734573,0.14742011698427768,0.017070115190244428,-0.3053257728560354,0.9406126156423793,-0.07305921179350319,-14.998852819123579,0.16334260114713545,149,11.051922876437716,-9.410916441626856,-0.15157902079008748
1789320837.2891657,LIDAR_ONLY,8.821519597861684,-8.085825837839156,-3.6024551716403503,0.14760030034911525,0.017040919340153424,-0.3053374559515446,0.9405810950672632,-0.07298721090118745,-15.023596552450433,0.16334207579919732,149,11.068317075534694,-9.426654456446464,-0.15196651773638928
1789320837.3978932,LIDAR_ONLY,8.839283882829783,-8.095496576274709,-3.606767642541292,0.1481163932483669,0.01681875471867276,-0.30522906840867264,0.9405391429064408,-0.07291740023132721,-15.047591096038191,0.16334153062040208,148,11.086024111778313,-9.445080363623138,-0.1513905784243934
1789320837.5125418,LIDAR_ONLY,8.85668550110729,-8.108619012774927,-3.610328600382186,0.14827670532452003,0.016721500442704564,-0.30515865753496957,0.9405384648234782,-0.07284178241350675,-15.073586370147954,0.16334090681610308,150,11.104403976929788,-9.46273130083442,-0.15058169285551873
1789320837.6293643,LIDAR_ONLY,8.874172071146123,-8.120990378170301,-3.6134122773846378,0.14817266540007662,0.016973128528901944,-0.30526017345558615,0.9405174111296631,-0.07276980276920553,-15.098333255232395,0.16334028637611542,148,11.122653759952938,-9.478243274342658,-0.1501703979608426
1789320837.7452219,LIDAR_ONLY,8.89254025574451,-8.130808989504796,-3.6167819167848174,0.14843613722972965,0.016903810290695417,-0.3051328640685088,0.9405184259903269,-0.07269709193887802,-15.123331534839611,0.16333963856336778,148,11.140632577890273,-9.49462784794538,-0.15091714397761594
1789320837.857856,LIDAR_ONLY,8.91114201201245,-8.142579101620974,-3.6198125667421452,0.1484244324901439,0.01695959460649763,-0.30515900048236144,0.9405107891009907,-0.07262364450768105,-15.148581216396643,0.1633389662284475,148,11.159863360296203,-9.51091015105382,-0.15127172477047457
1789320837.9732282,LIDAR_ONLY,8.924938128675846,-8.156439715772677,-3.62438456606076,0.14807659242811638,0.017109596472918442,-0.30504898070500835,0.9405985880566944,-0.07254509331475559,-15.175582321773046,0.16333823167591693,147,11.181022293660998,-9.527883501811772,-0.15345890385813682
1789320838.0800335,LIDAR_ONLY,8.945595937438947,-8.173050761808565,-3.6293301803713542,0.1480783210486605,0.016962395917190346,-0.30491154483556093,0.9406455431171459,-0.0724759902249773,-15.199334320826013,0.1633375835023439,146,11.199511974777609,-9.543856600859604,-0.15561787453438436
1789320838.1857646,LIDAR_ONLY,8.960295878783393,-8.18207818762193,-3.6327932513028283,0.14845971985106177,0.016841947342401988,-0.3048177496862913,0.9406179882756048,-0.07240545234487486,-15.223587184468913,0.1633369439873542,146,11.217542351364749,-9.561803994325086,-0.15392793154222068
1789320838.2959838,LIDAR_ONLY,8.975344226726323,-8.19111983619111,-3.6356547098969085,0.14855174280400787,0.016803022340446255,-0.3047312652006905,0.9406321779310469,-0.07233337586961577,-15.248341454116105,0.1633363011320112,148,11.235085852418267,-9.576913250421667,-0.15475508420321366
1789320838.4102037,LIDAR_ONLY,8.989837512469057,-8.20095826351778,-3.638140097890987,0.14865366688102974,0.016843553232963094,-0.3046596761817512,0.9406385404320529,-0.0722599691956263,-15.273597811734078,0.16333548867826403,149,11.254314849291283,-9.593544863861014,-0.155068715675188
1789320838.5740347,LIDAR_ONLY,9.005583699105486,-8.214193270122072,-3.641812890521345,0.1486736137746269,0.01679969761925231,-0.3045962813069586,0.9406567025972158,-0.07215175115574894,-15.31085517171001,0.1633343082381254,148,11.274247207341942,-9.611064899669376,-0.15414538360478047
1789320838.6376257,LIDAR_ONLY,9.023817767852163,-8.227283356465959,-3.6453373424744107,0.14895035910863866,0.01669711273575731,-0.30452423154105623,0.9406380756444139,-0.07211546088089162,-15.323356147929687,0.1633339408669813,144,11.290985196227249,-9.62641066289319,-0.15437579304029672
1789320838.7640944,LIDAR_ONLY,9.040045618267454,-8.239204874349724,-3.648989659229889,0.14920164471974884,0.016668129027400145,-0.30445493230583026,0.9406211973383867,-0.07203418858894448,-15.351357612730226,0.1633332085222724,146,11.310117107753033,-9.643414575111178,-0.1544828322876856
1789320838.8683827,LIDAR_ONLY,9.063791688804601,-8.256336842304467,-3.655049504202589,0.14959284066603487,0.01663578602260999,-0.3045589190136915,0.9405259685378645,-0.07196742960775193,-15.37436000102532,0.16333257710294452,148,11.3277783517618,-9.65996541890989,-0.1548429183987643
1789320838.9807734,LIDAR_ONLY,9.079939542601387,-8.267911387833346,-3.6575474933635665,0.149680911792211,0.016808344671849565,-0.30451730434936225,0.9405223631292574,-0.07189704167788287,-15.398613633997783,0.16333185399894837,148,11.347269976187441,-9.677033159616082,-0.1552678413414745
1789320839.0882754,LIDAR_ONLY,9.09889006261679,-8.279057599453123,-3.6602703826975382,0.14995416277873552,0.016752013882179465,-0.30435439691869415,0.940532572627061,-0.07182592850787076,-15.423117545897744,0.16333107078522377,148,11.367476767588157,-9.694183025003548,-0.15645341253834447
1789320839.2018905,LIDAR_ONLY,9.114944353184024,-8.290396704130591,-3.6635880171351474,0.15023714018887124,0.016788498415892777,-0.3042301197431612,0.9405269705169921,-0.07175484131218476,-15.447619646663172,0.16333025423610165,147,11.386160363414366,-9.711267217656502,-0.154953770257803
1789320839.3121476,LIDAR_ONLY,9.13204585181616,-8.301206553764304,-3.667295459354179,0.15060139439102457,0.016762283901256766,-0.30416889194019253,0.9404889850613712,-0.0716805459487189,-15.473117116134922,0.16332953626467986,147,11.402924727143336,-9.725539668804526,-0.15672158032668276
1789320839.431099,LIDAR_ONLY,9.154593970782797,-8.316286995834542,-3.6719291904700606,0.15085232691512257,0.016697377552934524,-0.3041257274978952,0.9404638828370943,-0.07160353080936496,-15.499608972461514,0.1633291344778014,150,11.422772120948887,-9.741691388046094,-0.15795725736970762
1789320839.5381184,LIDAR_ONLY,9.170568081856219,-8.328152500720305,-3.6750289818381474,0.15102571315523577,0.016669079953372964,-0.303924598919339,0.9405015757090359,-0.07153517424622235,-15.523102522356153,0.1633287005955284,149,11.440422631686404,-9.757395384265907,-0.15782806281797035
1789320839.6591263,LIDAR_ONLY,9.19249562095932,-8.343132783757671,-3.6790822805904386,0.15086974938007552,0.01671070785827306,-0.3039039401798249,0.9405325438856681,-0.07146025474780537,-15.548846255358427,0.16332813817989583,145,11.45861307608614,-9.773343183790333,-0.15742981734013095
1789320839.7824335,LIDAR_ONLY,9.206974789033948,-8.352650400286956,-3.681469397510785,0.15082269950779845,0.016819375107997407,-0.3038225540202016,0.9405644462782966,-0.07137953356873267,-15.576590422387953,0.1633274926425916,147,11.476099364327636,-9.79082557738049,-0.15806124066226335
1789320839.8871875,LIDAR_ONLY,9.22248789743467,-8.366304229259837,-3.6840328857226554,0.15060376714320817,0.016938552296116245,-0.3037437916025856,0.9406228254891922,-0.07130900464339696,-15.600836545739174,0.16332689924664556,146,11.495819355465898,-9.809105921570543,-0.15763855796502654
1789320840.006838,LIDAR_ONLY,9.239274387705187,-8.382188450421358,-3.6874829323759752,0.15035278389065412,0.01715390104854771,-0.30369522317178693,0.9406747554164433,-0.07123556987053453,-15.626083882298538,0.16332625802178982,149,11.514924817303992,-9.826347203360243,-0.15683145368512114
1789320840.1158006,LIDAR_ONLY,9.258822478746474,-8.39818890426092,-3.692143710680585,0.1502046348179036,0.017303739329807378,-0.30350664499972774,0.9407565384973073,-0.07116431163642943,-15.650582653890288,0.1633256173426616,147,11.534912608475398,-9.843664721738667,-0.15793154392603567
1789320840.235494,LIDAR_ONLY,9.281783278935858,-8.416395560390184,-3.6952035816039213,0.14964755491350118,0.017484999559499875,-0.3035633347012052,0.9408236741940007,-0.07108722497458446,-15.677082763589357,0.1633249074646097,150,11.553980115316055,-9.86024810570143,-0.1572103534796779
1789320840.341839,LIDAR_ONLY,9.297710346113526,-8.426404302279659,-3.6983048570196106,0.14972214345787319,0.01741841604314755,-0.30352316259506984,0.9408260032063394,-0.07101885337847443,-15.700583982435694,0.16332426831269403,149,11.57400794392289,-9.876826232737498,-0.15670945995678554
1789320840.4568586,LIDAR_ONLY,9.315221228232689,-8.438299758647728,-3.70183125764897,0.14979863216302555,0.017513596520903663,-0.303529606794219,0.940809981631964,-0.07094247530223725,-15.726836366977585,0.16332356147864976,147,11.590808626799305,-9.893349478517424,-0.15681323904913128
1789320840.5800688,LIDAR_ONLY,9.331047275915203,-8.448839885407414,-3.7053723335831292,0.14999623469152334,0.017460994768591597,-0.30343944661647854,0.9408085594195783,-0.07086308150124573,-15.754090038407348,0.16332287674039386,145,11.609487968022314,-9.909825475944146,-0.15573209890417658
1789320840.6940525,LIDAR_ONLY,9.346389143112386,-8.459649652106275,-3.7080396012734855,0.15003597000500787,0.017425203020465754,-0.3033321820772198,0.9408374765710731,-0.0707875074490367,-15.780095748472146,0.1633221098987266,147,11.625419586445048,-9.924311063925389,-0.15579358422865774
1789320840.8057983,LIDAR_ONLY,9.36336916126888,-8.470055547651041,-3.710841718333019,0.15026713429408298,0.017346604531261654,-0.30320109667390216,0.9408442903254625,-0.0707162407864151,-15.804601923053216,0.16332131778602332,148,11.64481704551978,-9.94013804934586,-0.15513621790992232
1789320840.9013858,LIDAR_ONLY,9.379597481833652,-8.481279573966129,-3.7149308083283095,0.15065369511822957,0.01720424222006473,-0.3030082845467243,0.940847202096551,-0.0706545360036597,-15.825856164031709,0.16332064281637865,149,11.66461382911823,-9.957966168553943,-0.15707060002768483
1789320841.006771,LIDAR_ONLY,9.398567984215665,-8.493229986970812,-3.7170982217601427,0.15039735117801242,0.01736965259691057,-0.3030747692344013,0.9408637606905768,-0.07058775514789517,-15.848858171276078,0.1633199725312589,147,11.683814193130623,-9.975016531917808,-0.157645031071885
1789320841.1713138,LIDAR_ONLY,9.413952886017928,-8.500239951612109,-3.718959930078023,0.15105977619004038,0.017224211164782503,-0.3029755046229539,0.9407922800308433,-0.07047890462052672,-15.886361407293137,0.16331897617760532,147,11.703107709038681,-9.99224993204778,-0.15933351919625813
1789320841.2464583,LIDAR_ONLY,9.436751708105444,-8.516285995182873,-3.7224002390657476,0.15121614073219597,0.017203518742955975,-0.30310686172581147,0.9407252245473443,-0.07043391528967946,-15.901863665958546,0.16331852895153703,147,11.722082536572225,-10.006815736415938,-0.15795416021227174
1789320841.3564048,LIDAR_ONLY,9.449136082684793,-8.527024974797916,-3.724506308820813,0.1510000705613642,0.017504313741891268,-0.30304134140788436,0.940775490267789,-0.07036280609762538,-15.926367886068956,0.16331777425069965,145,11.740615579368813,-10.023965125830895,-0.15729952722784563
1789320841.4696443,LIDAR_ONLY,9.467486565524446,-8.543451444089154,-3.7281838405822008,0.15132694655789863,0.01753569653719767,-0.30277282461642635,0.9408088388542112,-0.07029242674001121,-15.950621679186442,0.16331698435756498,145,11.757375209650935,-10.039268925971252,-0.15674752296800382
1789320841.578483,LIDAR_ONLY,9.479473050195786,-8.551934656818991,-3.7306581051892005,0.15156760006482878,0.01757982122978588,-0.30274162863746573,0.9407793146036172,-0.07021779542613572,-15.976372649446914,0.16331614766691305,146,11.77547801147274,-10.055578542479996,-0.15585261162939976
1789320841.6898017,LIDAR_ONLY,9.495700378398755,-8.56505528553334,-3.7349905911450603,0.15154030295864399,0.017494392379154983,-0.3026531984947363,0.9408137564127091,-0.07014636486676314,-16.00086770261682,0.1633155879917195,147,11.792516685652329,-10.072785542659002,-0.15639862359473505
1789320841.810944,LIDAR_ONLY,9.517597634908805,-8.580208637285322,-3.7390117396767537,0.15175717671450853,0.01747736749347351,-0.30257150441030345,0.9408053920232522,-0.07007146089020613,-16.026609854643713,0.16331520989860432,149,11.812443366891829,-10.090643299435252,-0.15531487098901192
1789320841.9343958,LIDAR_ONLY,9.529943475088539,-8.591130546139535,-3.7431657562361917,0.1513662772092856,0.017661114805300582,-0.3024957689394282,0.9408892840931816,-0.069996546622502,-16.05235309392686,0.1633146893848548,146,11.832475716578461,-10.108829540168612,-0.15509609189997445
1789320842.0670147,LIDAR_ONLY,9.551463290201283,-8.607801172003281,-3.7489364510468564,0.1508976871374674,0.01773871891171097,-0.3025488015103426,0.9409460391396467,-0.06991290452216728,-16.08109633021875,0.1633140458292105,149,11.85011357210795,-10.125530524729573,-0.1548653181852609
1789320842.1679993,LIDAR_ONLY,9.568663590603373,-8.61815428131525,-3.7510374701049694,0.15114192580199118,0.017682875021000785,-0.30243817212679847,0.9409434553874415,-0.06985254611317111,-16.101842282951853,0.16331355431933597,148,11.868068570700721,-10.141545594428441,-0.1542336615717773
1789320842.289223,LIDAR_ONLY,9.581357959449027,-8.624380760446632,-3.752894762598401,0.15129753746967237,0.01771242404747979,-0.30248736551743727,0.9409020772069194,-0.0697769209269941,-16.127838512254677,0.16331291110691834,146,11.887535828650194,-10.158638709368,-0.15514714748052155
1789320842.4055164,LIDAR_ONLY,9.60611109507337,-8.643628718728635,-3.7587236447727874,0.15139980011380808,0.01758140497707801,-0.3023125882699303,0.9409442564243998,-0.06970711116390038,-16.15183640035003,0.16331229551805218,148,11.906593252598245,-10.173377702506915,-0.15299956808208257
1789320842.5158508,LIDAR_ONLY,9.623928226929777,-8.652497386902091,-3.7616089715065524,0.15151554247491797,0.017507033089200135,-0.30222607331935486,0.9409548048588249,-0.06963583967850095,-16.17633559175357,0.16331164924892608,150,11.92627615882272,-10.191311404861379,-0.1534497971646228
1789320842.6339831,LIDAR_ONLY,9.640812960991534,-8.66381437666676,-3.764291386831072,0.15143569632685153,0.017549293240091874,-0.30219702739130466,0.940976199922524,-0.06956382982207343,-16.201086079176847,0.16331098104820285,147,11.945142095685737,-10.206503696913325,-0.1528515933490481
1789320842.7736022,LIDAR_ONLY,9.662018928415614,-8.677402726381814,-3.7671637992457416,0.15173161843912328,0.017451912240168392,-0.3022522412410798,0.9409126045439873,-0.0694779870259142,-16.23058813536809,0.16331017465641032,148,11.964552661939345,-10.223341385470944,-0.15223627355129415
1789320842.9497135,LIDAR_ONLY,9.676805380434859,-8.690171980009769,-3.7705965568504154,0.15191157396664554,0.017490389358287294,-0.30213864917020505,0.9409193358905298,-0.06936886740738073,-16.26809260709986,0.16330919387856363,150,11.981544229949707,-10.239620677135138,-0.15216735014387953
1789320843.0082557,LIDAR_ONLY,9.694072439475661,-8.70136064194559,-3.774115651403212,0.1521585656178496,0.017377189312159966,-0.3020461484042829,0.9409112223981952,-0.0693396945990421,-16.27809428645545,0.1633089415830712,148,11.99926071063174,-10.256115270065841,-0.15167154161211102
1789320843.122384,LIDAR_ONLY,9.711091779558295,-8.712642711209634,-3.777490678933088,0.15232568778315575,0.017366184440873345,-0.30208649395325493,0.9408714315199416,-0.06927066352305108,-16.301849903647017,0.16330821248565652,148,12.018232338898224,-10.270814686804117,-0.15159473008294277
1789320843.2433085,LIDAR_ONLY,9.72544283725583,-8.725799126536426,-3.7808394797834755,0.15237075703538067,0.01739650316451368,-0.30198996835484865,0.9408945600284602,-0.06920015183130913,-16.326105766417513,0.1633074289491483,150,12.03793628825859,-10.287281462714782,-0.1523622312934317
1789320843.3636985,LIDAR_ONLY,9.744254755536092,-8.738142650959812,-3.784233695875906,0.15247750517485906,0.017320576717337607,-0.3019398223117056,0.9408947612460202,-0.06912608636501043,-16.351609936400603,0.16330662832235976,146,12.054568169841026,-10.303723856130796,-0.15093000520825686
1789320843.4818676,LIDAR_ONLY,9.758613569504915,-8.748175256353312,-3.787347422121349,0.1523371237662218,0.017423210367650002,-0.30193801124653774,0.9409161863989828,-0.06905277946466448,-16.376861295963582,0.16330593998294596,148,12.073230795538981,-10.319673817272047,-0.1500085356087758
1789320843.599834,LIDAR_ONLY,9.781288794828452,-8.767413297665422,-3.792970698293963,0.1518731999297942,0.01750572173105398,-0.30211145181821814,0.9409339783056238,-0.06898093190373919,-16.40161321885123,0.16330528491667468,147,12.09292885490546,-10.337770389328371,-0.14971769340117638
1789320843.7207372,LIDAR_ONLY,9.797442271111011,-8.777290212630835,-3.795726842787553,0.15205444308078617,0.017474429858157257,-0.30204943488625924,0.9409251986876618,-0.06890690528071192,-16.427116635951606,0.16330454851361917,148,12.111345928475357,-10.355626891204366,-0.14893919468287228
1789320843.8900201,LIDAR_ONLY,9.812178442680235,-8.78823161781699,-3.7987682856860556,0.1521730639901913,0.01742391265707608,-0.301933231772747,0.9409442541483638,-0.06879514297755682,-16.46562265637593,0.16330332430107447,149,12.131584466863327,-10.372959308463159,-0.14858979011222986
1789320843.9558387,LIDAR_ONLY,9.827191303241666,-8.79880114836424,-3.80218340080531,0.15213706446409853,0.017267433981356408,-0.30185008989458784,0.9409796345142523,-0.06876104114751558,-16.47737379329238,0.1633029314122427,149,12.149204869178805,-10.388670081935295,-0.14973323123760415
1789320844.0735025,LIDAR_ONLY,9.84394869028253,-8.810986087572745,-3.805948345541373,0.1523346179975958,0.017152101935597314,-0.3016960347066359,0.9409991882042246,-0.06869069609348954,-16.501623120524247,0.16330216919394006,146,12.168349943494402,-10.40337509316626,-0.15034832430426864
1789320844.1926892,LIDAR_ONLY,9.862323118412483,-8.821503682542703,-3.809374532229716,0.15223014103860025,0.017153692826733027,-0.3017083975504023,0.9410121029133167,-0.0686163075257776,-16.527116444551776,0.16330169348858797,149,12.18640880577765,-10.418112340283335,-0.14901535043421388
1789320844.3069437,LIDAR_ONLY,9.876540643185576,-8.831723294254694,-3.8123464326576437,0.1521983068153274,0.0171182710158107,-0.30166983175391765,0.941030261367582,-0.06854576997434844,-16.551359239629182,0.16330130972995738,149,12.206090959685513,-10.433635713269759,-0.14902834759521275
1789320844.429275,LIDAR_ONLY,9.895850618330675,-8.845307889737631,-3.81579110429276,0.15216487442538507,0.017085097196645742,-0.3017042347254866,0.9410252415284069,-0.0684693861122634,-16.57760265366201,0.16330075493251345,148,12.224499889544882,-10.449798913812318,-0.14901418124557028
1789320844.5437274,LIDAR_ONLY,9.912618521952204,-8.858069941585617,-3.8199543727803924,0.15235911409389244,0.017037861699617973,-0.30160238162717334,0.9410273189541555,-0.0683981024870084,-16.60209712095807,0.16330019743504678,146,12.243552356133183,-10.469518066520182,-0.14861545544285015
1789320844.6610813,LIDAR_ONLY,9.928632943052122,-8.869677598654356,-3.823313695121894,0.15267321584163587,0.016947510271276094,-0.3015511460758356,0.9409944619180968,-0.06832755982368025,-16.62634265337691,0.16329961658582098,148,12.262910883948365,-10.486454711166243,-0.1485683360129884
1789320844.8054976,LIDAR_ONLY,9.948481486606923,-8.881854656798174,-3.826868074822204,0.15282997739520116,0.016935601803116998,-0.3015947711037763,0.9409552473119057,-0.06824466139013802,-16.654839000259887,0.16329890299928213,149,12.280467882594293,-10.50274028632494,-0.14741074851142177
1789320844.9315398,LIDAR_ONLY,9.963616196200775,-8.89272228465637,-3.8300995594696183,0.15296356696836153,0.016976603249863647,-0.301510408259984,0.9409598375240625,-0.0681777590686635,-16.67783737169835,0.1632983076288349,149,12.299450921788285,-10.519810188506794,-0.14772426604803673
1789320845.070707,LIDAR_ONLY,9.984717594154956,-8.906982050784704,-3.8338010494208725,0.15307214165285046,0.01685159072708541,-0.30150384449660456,0.940946531474315,-0.06809339330570433,-16.706836956727944,0.16329753677223202,149,12.316796642415405,-10.535319727318388,-0.1466186699198874
1789320845.2059329,LIDAR_ONLY,10.002906899673132,-8.920404064712812,-3.837720513570117,0.15293138366444817,0.016812861009448465,-0.30148521055795935,0.9409760822730711,-0.06801919581777484,-16.732337974489305,0.1632968451478304,147,12.337802366097858,-10.5530261371026,-0.14693190424515
1789320845.3354883,LIDAR_ONLY,10.019773544720428,-8.929817191111756,-3.8420074389979684,0.15301191826304925,0.016802195177897758,-0.3015068989693686,0.9409562311715358,-0.06794935469110314,-16.756339918013452,0.16329619445816987,147,12.35726143607464,-10.569262974371535,-0.14498919270490782
1789320845.461426,LIDAR_ONLY,10.034851437290111,-8.9396239234726,-3.8451377728801894,0.15322322290675397,0.016743833384775173,-0.3014156646900614,0.9409521162551784,-0.067883167766836,-16.779092532008303,0.16329559853802939,148,12.374818102076878,-10.587074920973444,-0.14681861583616487
1789320845.595695,LIDAR_ONLY,10.051247484275926,-8.950022300736743,-3.847882218611394,0.15338306365384052,0.016736142471521734,-0.3013102908240249,0.9409599598085333,-0.06780670803539254,-16.80534707451606,0.16329491528731924,147,12.3927545218497,-10.60330408867497,-0.14614283934960104
1789320845.8322494,LIDAR_ONLY,10.070093247505858,-8.962574362102451,-3.851312648200568,0.15340776463335198,0.016591706010276687,-0.3011538726612075,0.9410085642665661,-0.06767077491019358,-16.85210857699579,0.16329342499952545,149,12.410047608835683,-10.617138237565984,-0.1454954632088455
1789320845.9003158,LIDAR_ONLY,10.085361537186582,-8.97265520124992,-3.8544905447921542,0.153708303600117,0.016526193812032255,-0.3009942195820237,0.9410117544965473,-0.06762720505268677,-16.867111089644077,0.1632929430559363,147,12.428575133609524,-10.633465904035905,-0.14584010244974066
1789320845.983394,LIDAR_ONLY,10.107742322480743,-8.987700320375126,-3.8585232977441426,0.153711072460931,0.01651639471220924,-0.30120101105550695,0.9409453043869029,-0.06758582345093248,-16.881362308498545,0.16329252527611765,147,12.44755503593634,-10.648267395151606,-0.1468108635237448
1789320846.1033673,LIDAR_ONLY,10.126425660837768,-8.99730340047266,-3.8618739769422126,0.1544188169161984,0.016329230782808162,-0.30107725268121827,0.9408722937371327,-0.06752050096689506,-16.90386371356405,0.16329193687318058,146,12.44755503593634,-10.648267395151606,-0.1468108635237448
1789320846.2366793,LIDAR_ONLY,10.148208739189915,-9.012393874031227,-3.86632478436871,0.1548313839939481,0.016150712028748793,-0.3011138639659631,0.9407958534979682,-0.06744211938225873,-16.930866798070422,0.16329119570932296,150,12.485169549423892,-10.680402042863347,-0.14375475273746133
1789320846.371619,LIDAR_ONLY,10.168937175573225,-9.026763309945391,-3.8710565221237605,0.15514316132942454,0.015911782426614583,-0.3009825450253804,0.9407905836384446,-0.06736737054708565,-16.956621037138124,0.16329042123384557,147,12.505105298034287,-10.698875645183085,-0.14251878050812514
1789320846.5052102,LIDAR_ONLY,10.18227703826871,-9.037183175349085,-3.8738422089662903,0.15531080636116174,0.015999708141532534,-0.3009341879951868,0.9407769008976088,-0.06729625197337483,-16.981125160245174,0.16328963207315866,149,12.523603564559556,-10.717481736886224,-0.14206016008156955
1789320846.6056075,LIDAR_ONLY,10.197804493362788,-9.051911009648549,-3.87750075389527,0.1551727955754676,0.01603415773436271,-0.30084301033136845,0.9408282481057868,-0.06723603914944828,-17.0018771437506,0.16328894325897825,148,12.542363210832223,-10.734598240170675,-0.1407810480388028
1789320846.756767,LIDAR_ONLY,10.214783508816355,-9.062760030574625,-3.88023348524938,0.15545356833748286,0.015961914696050652,-0.3007759392521635,0.9408045704275455,-0.06713931402295849,-17.035122973709324,0.16328806040371113,149,12.560132786236142,-10.751976497040221,-0.13981888990147537
1789320846.8445098,LIDAR_ONLY,10.23652067075096,-9.07764125564967,-3.884558022731558,0.1557362858273518,0.01577222201168336,-0.3007506930344951,0.9407690826811788,-0.06708911731842476,-17.05236770834167,0.1632878099331556,150,12.57830266546345,-10.767829180498028,-0.14068442345287874
1789320846.9579399,LIDAR_ONLY,10.255631662434846,-9.090838939298694,-3.8882196483310723,0.15591712605041425,0.015576720490238807,-0.3006210967833022,0.9407838071266708,-0.06701420393130084,-17.07811040362862,0.16328735832540367,148,12.598787987129825,-10.784559471295887,-0.14107017908565972
1789320847.084051,LIDAR_ONLY,10.270482957573867,-9.102366431702835,-3.8906317559537955,0.15610703722582614,0.015638360014871896,-0.3006839929137857,0.9407311895701356,-0.0669392742984353,-17.103853999483007,0.16328680165645865,149,12.617478707528363,-10.801197113815112,-0.14071384720743405
1789320847.1981199,LIDAR_ONLY,10.290379620650913,-9.11427758225134,-3.89421445623239,0.15628777383061138,0.015634662809501283,-0.30078621627293506,0.9406685607428985,-0.06686944700689301,-17.127848754566802,0.1632862491011203,150,12.636337417269061,-10.818063887846527,-0.14107823840466835
1789320847.3147578,LIDAR_ONLY,10.303825054068145,-9.122431161271741,-3.897157041830239,0.1564585941322326,0.015656960846319654,-0.3006590244957323,0.940680455249548,-0.06679817317163633,-17.152344551095624,0.16328565558601313,150,12.653439172431558,-10.833594278626867,-0.14012643388371124
1789320847.4259274,LIDAR_ONLY,10.320909873253127,-9.130715560345108,-3.899622526027791,0.15671782079691365,0.015534595996273638,-0.30056161076873256,0.9406704625446702,-0.06672617338402277,-17.1770916656654,0.16328503130900973,150,12.669983184798058,-10.848537311428608,-0.14136353098608453
1789320847.5481765,LIDAR_ONLY,10.335558803349478,-9.141708755192239,-3.903291588310045,0.1569211549196633,0.015419834010541008,-0.3003764124600975,0.9406976085306946,-0.06665344125300765,-17.20209017417819,0.16328438034923345,149,12.688940168213161,-10.864693007428814,-0.1396214892015025
1789320847.6668398,LIDAR_ONLY,10.354383507460213,-9.153570957263174,-3.907169301639398,0.15697430251314015,0.015318633305503886,-0.3003260489317209,0.9407064750267355,-0.06658215411552823,-17.22659005566472,0.16328372567669525,148,12.705553109067363,-10.88057029125771,-0.13809351939104972
1789320847.7977831,LIDAR_ONLY,10.369771069437236,-9.16431490655866,-3.908783071226147,0.15721027885143976,0.01534990459214565,-0.3003066718269348,0.9406727441085418,-0.06650212454810206,-17.25409135680636,0.16328297625887,146,12.725059883435321,-10.896591193483902,-0.1404975443001188
1789320847.9062498,LIDAR_ONLY,10.38131090159845,-9.174142569040606,-3.911952249086997,0.15717900194957116,0.015512253472902393,-0.3002914549580081,0.9406801653152531,-0.06643518527130363,-17.27709340157533,0.1632823503672262,146,12.743013532687305,-10.912323297333234,-0.1410148129585539
1789320848.0306404,LIDAR_ONLY,10.397049428398793,-9.185404169114703,-3.9156576979123896,0.15720536807590357,0.015360570340565573,-0.30013775765022466,0.9407272992528852,-0.0663610066146007,-17.3025965351581,0.16328168231924137,148,12.76193597399854,-10.92867985385994,-0.1400216109954334
1789320848.1461802,LIDAR_ONLY,10.414387406448895,-9.197372478888807,-3.9198449508914055,0.15741500322371738,0.015108851755023158,-0.3000175186462842,0.9407346745305226,-0.06629035516327164,-17.32685112397237,0.163281037670832,149,12.780989674148351,-10.943440703212367,-0.13996743414232543
1789320848.2605145,LIDAR_ONLY,10.434620497877777,-9.212549601001118,-3.9240091559525134,0.15739793685041945,0.015035088093300243,-0.3000780764424629,0.9407193968659568,-0.06621751420978847,-17.351857336905088,0.16328023437438863,148,12.798348676102872,-10.96058718799905,-0.14209660631025564
1789320848.3820822,LIDAR_ONLY,10.450086655570328,-9.224658707431061,-3.927825118918496,0.15707617787549155,0.014982596625471785,-0.3001044647499424,0.940765595873667,-0.06614355310508913,-17.377362893367923,0.16327941662518425,147,12.816503041339738,-10.979654942211358,-0.14221903445352913
1789320848.5243778,LIDAR_ONLY,10.4686451529182,-9.236931902928712,-3.9318092284635497,0.15706230455350034,0.014981067041269112,-0.3001313789568765,0.94075935046328,-0.06605425549599558,-17.408115473114833,0.1632785186391526,150,12.835945668907625,-10.994846686475102,-0.14109002402752427
1789320848.6117358,LIDAR_ONLY,10.489287813317658,-9.248884946247147,-3.936140646307277,0.15690619586519158,0.014870496429875034,-0.30013297577855536,0.9407866447209763,-0.06599981805317601,-17.426866548424112,0.16327803318791748,148,12.854203197279682,-11.011595399140349,-0.14099992772046482
1789320848.7288835,LIDAR_ONLY,10.503237329536754,-9.260607656297621,-3.9399263329438923,0.1568011689075956,0.014856591021796303,-0.3000228426767007,0.9408395022556263,-0.06592505549596103,-17.452619347270563,0.16327732054147193,148,12.875934684100676,-11.029633922272806,-0.1415359702283961
1789320848.8398526,LIDAR_ONLY,10.518752163892195,-9.27113085557863,-3.942936031580762,0.15652657230355665,0.01488002042416741,-0.29994396641009774,0.9409100032252042,-0.06585464734486364,-17.476873090367896,0.16327658868858894,150,12.892790200713332,-11.045608023414564,-0.14322981129375006
1789320848.9575324,LIDAR_ONLY,10.533444942767808,-9.279231817384813,-3.9459753639310358,0.1566545896194802,0.014795778297654464,-0.2999098035405683,0.9409009162690706,-0.06578206473582433,-17.501876966469787,0.1632757817677269,147,12.911099025831065,-11.061919132769013,-0.14328598181889982
1789320849.0771284,LIDAR_ONLY,10.548092119375596,-9.288663311006689,-3.9489235612149733,0.1565931027805988,0.014829753976624728,-0.2998461710002521,0.9409308966629937,-0.06571097362813522,-17.52637848359024,0.16327496695762014,149,12.929027046727843,-11.077360907635112,-0.14253623349740194
1789320849.1929846,LIDAR_ONLY,10.567494751560428,-9.301356913462797,-3.952563770195619,0.15640998285722746,0.01464022331127999,-0.2998404577123239,0.9409661423467169,-0.06563669733196169,-17.55187463887042,0.1632743064045385,147,12.948821803537331,-11.09350772635826,-0.14413310538959986
1789320849.3158822,LIDAR_ONLY,10.591421757359921,-9.317921744244538,-3.957981900223726,0.15644843639233885,0.014420576660449616,-0.29981044860795547,0.9409727034429154,-0.0655617552573893,-17.577616715547112,0.1632739333904197,149,12.96781427646404,-11.109587050271404,-0.14363827236403104
1789320849.4359148,LIDAR_ONLY,10.611205254534678,-9.329293874811453,-3.9608657259945748,0.1571456348460672,0.01410480722756237,-0.29981497910806687,0.9408598631912881,-0.06548828315861757,-17.602860007332243,0.16327344105107916,148,12.987294290515687,-11.128054872161348,-0.146765906765401
1789320849.556274,LIDAR_ONLY,10.62644090060811,-9.338319051872487,-3.9638455764193563,0.15746873577984488,0.01393167433217717,-0.2997730188707197,0.9408217912332467,-0.06541916412930393,-17.62660431428172,0.16327291591447873,144,13.005917103264863,-11.14570746731608,-0.14532234927821383
1789320849.6714597,LIDAR_ONLY,10.642174703992053,-9.348438492181941,-3.967849611624307,0.15796169585850042,0.013710380777103123,-0.299727865200795,0.9407567884010339,-0.06534424066986161,-17.652348992623452,0.1632723139545421,147,13.026286182732203,-11.161562919465194,-0.14390595152953806
1789320849.7812755,LIDAR_ONLY,10.659481532536246,-9.360682274395,-3.9718806033112055,0.15825003753183098,0.013566296702577522,-0.299657967579146,0.9407326844971888,-0.06527441922628657,-17.676345205720636,0.16327172554988795,148,13.045070662327321,-11.178527460806256,-0.1453010002074209
1789320849.8893025,LIDAR_ONLY,10.676647661870199,-9.373340929823904,-3.9753695392404103,0.15849604336469214,0.013417405531308234,-0.2995415238501104,0.940730489011651,-0.06520169082939284,-17.7013426074909,0.16327108997014533,150,13.061247753083,-11.192532042187715,-0.14556533392132195
1789320850.001761,LIDAR_ONLY,10.694374564688292,-9.388146986967426,-3.980450695142636,0.15839046152126535,0.013315567203435042,-0.2996697251924522,0.94070888864314,-0.0651311395520975,-17.72559141381016,0.16327045546628377,147,13.078589308939964,-11.20877190635257,-0.14461172538714137
1789320850.114855,LIDAR_ONLY,10.712264430663234,-9.399248190998955,-3.983522743364985,0.1587392992119842,0.013197016347169556,-0.29961416348179015,0.9406694566564431,-0.06505403085270366,-17.75209153733466,0.16326974541351202,148,13.095924967095232,-11.223960422856587,-0.14512442075036214
1789320850.2598536,LIDAR_ONLY,10.731967592701467,-9.413812128247331,-3.9876205140332925,0.15880473567355574,0.01308215812684896,-0.2995387135444978,0.9406840448070243,-0.0649579901513418,-17.78509351671461,0.1632688482639043,150,13.116632800236122,-11.241192582123128,-0.14482118503547659
1789320850.3329132,LIDAR_ONLY,10.75530405502576,-9.42962888656286,-3.992272874023681,0.15897358806194684,0.012877736534841628,-0.2995662299866049,0.9406495819656023,-0.06491215042182118,-17.800845046599314,0.1632684264677326,150,13.136805263574258,-11.260653055812785,-0.143925031953689
1789320850.4492016,LIDAR_ONLY,10.774056892118988,-9.442233807316724,-3.9958028800257117,0.1590867362615169,0.012692202946091549,-0.29944359843109386,0.9406720202539628,-0.06483938123746577,-17.825848262040083,0.163267789853774,146,13.15670318455966,-11.278067346760906,-0.14334624579048078
1789320850.5603008,LIDAR_ONLY,10.791336644525114,-9.452153393225371,-3.9987753280516305,0.15917906807607496,0.012634562727429332,-0.2993956170484157,0.9406724491571534,-0.06476657811641956,-17.850853495164927,0.16326708652274105,145,13.17450125843185,-11.294190143193212,-0.14407404289076214
1789320850.6727242,LIDAR_ONLY,10.805225619035847,-9.461903625524192,-4.002068754839291,0.1590911504732762,0.012691572830774808,-0.29934418395999207,0.9407029230046524,-0.06469163063262065,-17.876610054692488,0.16326625295069305,145,13.19302128337358,-11.3102909832623,-0.14387723879901998
1789320850.7814345,LIDAR_ONLY,10.825178372020988,-9.473720601200469,-4.0044187342044175,0.15893165521512312,0.01272187647521626,-0.2994196149540704,0.9407054677263691,-0.06462194555028697,-17.900615029684126,0.16326548625691883,147,13.211835132079024,-11.327791511663074,-0.14425529173551954
1789320850.8961518,LIDAR_ONLY,10.843204286231789,-9.48681953776206,-4.009139107332116,0.15848317784340823,0.012576515172272592,-0.2992805104586838,0.9408273431753384,-0.06455006376368583,-17.925367144513114,0.1632647687218726,148,13.229167824586286,-11.343574041572582,-0.14411700279584097
1789320851.0083184,LIDAR_ONLY,10.859518689112821,-9.496193402958083,-4.012110260322382,0.1584126768244484,0.012594673395362323,-0.29935298466727894,0.9408159164226383,-0.06447602381428494,-17.950869076936723,0.16326410078056816,147,13.247105941096565,-11.358822939226918,-0.14261113603311257
1789320851.131895,LIDAR_ONLY,10.876986920947683,-9.506308547721083,-4.014838212092062,0.15863233124589876,0.012502847412809184,-0.2992621261304392,0.9408090359652976,-0.0643961804117903,-17.97837282585184,0.16326331865045807,149,13.263137709222207,-11.373469228866176,-0.14173843587988894
1789320851.2335231,LIDAR_ONLY,10.894567968082649,-9.517369810807509,-4.019277154956795,0.1586105064547114,0.012403377944147573,-0.2991829847471643,0.9408392025715834,-0.06433085731565152,-18.00087672000256,0.16326262345612177,149,13.279353615132921,-11.388552478273514,-0.13931246162002664
1789320851.349513,LIDAR_ONLY,10.914125059113871,-9.53378566945066,-4.0242069611430775,0.1586623906865581,0.012301844379339991,-0.2992729760533462,0.9408031654977921,-0.06425682952853157,-18.026380664555376,0.16326179139177788,148,13.298495950013406,-11.404480360722234,-0.13909195725992718
1789320851.4572692,LIDAR_ONLY,10.93166523269143,-9.546440454499967,-4.027480671327558,0.1587732153817371,0.012206454916224291,-0.2991635321012727,0.9408205193321484,-0.06418652808587991,-18.050631494507208,0.16326100180949696,148,13.317799314357478,-11.422732754494708,-0.1392200165436506
1789320851.5723019,LIDAR_ONLY,10.948317975954094,-9.55888412142188,-4.030916076900252,0.1588259561176533,0.012182649179484098,-0.29920894168053347,0.9407974850841695,-0.06410925855456379,-18.07712602050224,0.16326040702391817,148,13.336771105700562,-11.43873390929101,-0.13941796536927345
1789320851.6779802,LIDAR_ONLY,10.96616633010741,-9.572376105444699,-4.035704644078352,0.15858251301287524,0.012129322083296912,-0.2990739117725409,0.9408821719053834,-0.06403942996368225,-18.101118658805195,0.1632600588157013,150,13.356154027753345,-11.455495821860207,-0.13938051056799725
1789320851.7905746,LIDAR_ONLY,10.981753137856003,-9.585714095954696,-4.039086688981947,0.15820894158249996,0.01224468484802103,-0.2990933665661188,0.9409373818551706,-0.06396885994756196,-18.125362272715492,0.16325957090195709,147,13.373287612732417,-11.470911899130465,-0.13956422562722356
1789320851.903796,LIDAR_ONLY,10.999920265071479,-9.594649494220814,-4.042483682914101,0.15857552057124272,0.012133293365284632,-0.2990451915477711,0.9408924279001444,-0.0638931947643668,-18.151356061635596,0.1632589928199878,149,13.392584012014716,-11.48812634995142,-0.13946753459749378
1789320852.0210536,LIDAR_ONLY,11.017022225589496,-9.606251381528397,-4.0457680162272425,0.15859379243243257,0.01205313417389473,-0.29895351676978604,0.9409195107815875,-0.06382045173080438,-18.176351079868102,0.16325840335207226,149,13.413250157179322,-11.505909444844175,-0.13906613094689407
1789320852.1303017,LIDAR_ONLY,11.032034708409194,-9.616951797224482,-4.048921811229783,0.1585228780335211,0.01215160872493221,-0.2989098783623566,0.940944057934778,-0.06374916879666093,-18.20084747651869,0.16325779797233197,148,13.432765373596128,-11.522850422004549,-0.14046133251581802
1789320852.2455513,LIDAR_ONLY,11.051583387180884,-9.631554737525065,-4.0529109099131535,0.15838010530186233,0.012072612312936324,-0.29889535777336823,0.9409737293772037,-0.06367206485330909,-18.227345117815666,0.16325711856344718,150,13.45104687028953,-11.538833888516235,-0.1383848138877259
1789320852.36634,LIDAR_ONLY,11.070322018741646,-9.643685203175304,-4.056448536713343,0.15828960618012525,0.012193078824222344,-0.29907125300202936,0.9409315145279827,-0.06359276950666681,-18.254594347608762,0.1632563981039681,146,13.470135416775861,-11.557031459791268,-0.1389329959116408
1789320852.4820995,LIDAR_ONLY,11.08560600121047,-9.654127028286208,-4.0590521851386026,0.15803071210982106,0.012322121434345624,-0.29905911566233023,0.9409772073183735,-0.0635178264389831,-18.280345060278577,0.16325570080519317,146,13.488059509017953,-11.572146101724915,-0.13809427080033954
1789320852.578093,LIDAR_ONLY,11.105098097214972,-9.667066419120438,-4.062698312443066,0.15777907746398,0.01226205629925114,-0.2989370937525949,0.941058987879443,-0.06345524452696438,-18.30184658014446,0.1632551127099282,149,13.506515258141986,-11.588817578912794,-0.13868732383537344
1789320852.687815,LIDAR_ONLY,11.118757666483855,-9.676967754517884,-4.066763248155381,0.1577010581501642,0.01226653692209356,-0.2988681904716632,0.941093891731559,-0.06338393215209043,-18.326349141035102,0.16325445652815446,148,13.52582207721925,-11.606361419414597,-0.13882976662125174
1789320852.82477,LIDAR_ONLY,11.137904099477245,-9.688488802848271,-4.069819410070859,0.15796835902499828,0.012169602616609232,-0.2987767355508061,0.9410793593596167,-0.06329511176889865,-18.356853824548242,0.16325367261464857,149,13.544546727681924,-11.622224439842073,-0.1405399527762317
1789320852.9123437,LIDAR_ONLY,11.155107745718233,-9.701963732464318,-4.0741442706419955,0.15811017702306987,0.011975428305735803,-0.29873063429613556,0.9410726694425124,-0.06324057735861935,-18.37560843050692,0.16325308985490905,147,13.561411307815932,-11.637686765605414,-0.13972603803738604
1789320853.022049,LIDAR_ONLY,11.169270553605593,-9.713494368001443,-4.077120122004141,0.15819834784627362,0.012224608689364234,-0.29868068257831454,0.9410705029569535,-0.06316859030836051,-18.400364487962662,0.16325228688780558,149,13.579459718975267,-11.653368308851567,-0.14179990163513834
1789320853.133268,LIDAR_ONLY,11.18944216907617,-9.726622844853734,-4.080814320621532,0.15834932576636354,0.012057047604505133,-0.2987345877720486,0.9410301614194229,-0.06309377893440819,-18.426118784437826,0.16325147653045033,150,13.596897961123013,-11.668058268711022,-0.13819710432944568
1789320853.2436798,LIDAR_ONLY,11.215051437315644,-9.745919833222427,-4.086026458445197,0.15836008455425526,0.011920808780884187,-0.29900808198847667,0.9409432208393613,-0.06302190201089164,-18.45087013500623,0.16325079911701035,146,13.616636032648403,-11.686910641810325,-0.13807380073858266
1789320853.3554983,LIDAR_ONLY,11.23329679897449,-9.759854481253411,-4.089535460719865,0.15836986699322014,0.01179454322644551,-0.29889954976884475,0.9409776475169913,-0.06295148530273731,-18.475121961366163,0.1632501590449672,149,13.636323101061087,-11.704179853142518,-0.1359921372363129
1789320853.464004,LIDAR_ONLY,11.243624430068868,-9.76965579729424,-4.092386088073017,0.15824550561542958,0.011866677795075166,-0.2988526228986974,0.941012567236588,-0.06287525901686952,-18.501375434909455,0.1632494029275514,148,13.65291904636495,-11.720853083825514,-0.134840807516238
1789320853.57281,LIDAR_ONLY,11.25861053921239,-9.77959635246331,-4.095777182041323,0.1584573978434542,0.01178830714865259,-0.2987492898886793,0.9410107069923596,-0.06280483921683289,-18.525629373206886,0.16324864489847046,149,13.672290864005245,-11.737836725873766,-0.13403659853760802
1789320853.6852705,LIDAR_ONLY,11.276309049454294,-9.789046363291876,-4.098415662822394,0.15857468388536217,0.011620063569524483,-0.29866870885407043,0.9410186215504667,-0.0627300775397148,-18.551382602455043,0.16324779385903243,149,13.690658974708052,-11.754543502430389,-0.13173714601046546
1789320853.7914515,LIDAR_ONLY,11.291539549716557,-9.797841368962262,-4.10155352637582,0.15867910274203048,0.011516047678270688,-0.29854082936007764,0.9410428769210535,-0.06266043537957208,-18.575382069206654,0.16324703389580458,147,13.707418073163497,-11.770023582419693,-0.131620971051291
1789320853.906235,LIDAR_ONLY,11.31010613304924,-9.809694008922913,-4.104687437562754,0.15867570838713288,0.011416196573108725,-0.2985921031965208,0.9410283980477551,-0.06258312665945945,-18.601875180338485,0.16324653470666828,149,13.727810483011444,-11.78746345179508,-0.1321244746209637
1789320854.0152338,LIDAR_ONLY,11.331215589848414,-9.821566224571436,-4.108068206979028,0.15863388077525645,0.011291440305733282,-0.29860006474651046,0.9410344290085159,-0.0625125691360216,-18.626117963737173,0.16324615186037153,149,13.747032467571977,-11.80466943779615,-0.1314560096036235
1789320854.1271818,LIDAR_ONLY,11.353699613659558,-9.833652653173594,-4.111189497846468,0.15873477666866054,0.011120169016499619,-0.29871168892472166,0.9409840271846995,-0.062439801122440186,-18.651111686237975,0.1632456240304249,149,13.766069317759905,-11.821275818306855,-0.13230101024269003
1789320854.234851,LIDAR_ONLY,11.369902010920933,-9.842302494349354,-4.114512423171276,0.15883220730752712,0.011219443594560348,-0.2986744412690338,0.9409782314909724,-0.062367767973173185,-18.675856067419353,0.16324506180385118,147,13.784851957845648,-11.838896322440732,-0.13404440905125525
1789320854.3423276,LIDAR_ONLY,11.38913002398135,-9.851214687430891,-4.117078233952162,0.1591058347554579,0.011012231180373887,-0.29857435405982474,0.940966215763859,-0.06229574913570124,-18.700601477268496,0.1632444695365153,150,13.803074559529355,-11.854632912354745,-0.13345626683541653
1789320854.5185344,LIDAR_ONLY,11.405309926988052,-9.861110234274957,-4.12043842086245,0.15913624095063433,0.011068085254620953,-0.29844587640234554,0.9410011759627795,-0.0621764559623495,-18.741596753913605,0.16324343467035934,148,13.839217526197288,-11.88459690378458,-0.1316211477918572
1789320854.5773015,LIDAR_ONLY,11.426038506102989,-9.875337188704624,-4.12462784887557,0.1591235371500488,0.010965111005459703,-0.2983826686224319,0.9410245742440795,-0.06214663143820126,-18.751846157318948,0.16324316762096736,148,13.839217526197288,-11.88459690378458,-0.1316211477918572
1789320854.6904252,LIDAR_ONLY,11.443400249358964,-9.886821983678958,-4.128318937046468,0.15914402037163516,0.010990306446455395,-0.29842245839955533,0.9410081988308769,-0.062065878888496934,-18.779595680396238,0.16324243083988127,148,13.85876445719952,-11.902390954557905,-0.1310035671767429
1789320854.7858026,LIDAR_ONLY,11.461763295254713,-9.90010315758629,-4.132337966370179,0.15945668064858085,0.01076398537204598,-0.2983746936955592,0.9409730313763133,-0.062004758735328555,-18.80059635254635,0.1632418624947745,149,13.878362126680141,-11.919036513059366,-0.13023347086482742
1789320854.901964,LIDAR_ONLY,11.477784710301977,-9.912365186327044,-4.136735096895708,0.1596062264868212,0.010736371207488165,-0.29826375996322996,0.9409831625977849,-0.061931259453547605,-18.825848166529955,0.16324117622185555,148,13.897792310515195,-11.937030154815982,-0.1294265957750212
1789320855.0166702,LIDAR_ONLY,11.493968960182077,-9.925544210901883,-4.140476582847613,0.15942167632590845,0.010745378781875892,-0.2982642943275322,0.9410141745380729,-0.06185922121704089,-18.85060085790499,0.1632405242167732,147,13.916236767738921,-11.9530121783846,-0.12899946668736412
1789320855.12714,LIDAR_ONLY,11.513256948112097,-9.940911794496968,-4.144371444799582,0.15919772910860003,0.010786241788234494,-0.2983522325653848,0.9410237432488094,-0.061784207838456146,-18.876354984950744,0.1632398646254586,148,13.934135179353895,-11.968623943550792,-0.12775865439467346
1789320855.2320817,LIDAR_ONLY,11.528601910143793,-9.95406913949751,-4.1480242668533895,0.15892838773055407,0.010750463730157088,-0.298231083698807,0.9411080787129544,-0.061714429395253484,-18.90036107954806,0.1632391030399856,148,13.953229164206006,-11.987142176968515,-0.12553013187283682
1789320855.3463972,LIDAR_ONLY,11.543124689186719,-9.964096366656149,-4.150402151751019,0.15898127144768096,0.010778905395358453,-0.29819778799925245,0.9411093718371472,-0.06164022414894593,-18.92586720736939,0.1632382963898734,150,13.972734154697601,-12.005331821091195,-0.12604473067152153
1789320855.4556901,LIDAR_ONLY,11.563513373572713,-9.97701857215151,-4.153365636831389,0.15916953769888087,0.010606335788493982,-0.29823689057457564,0.9410671182281712,-0.06156904070989139,-18.95037078901522,0.16323752486101814,148,13.993540780884137,-12.021916910830132,-0.12552586748980196
1789320855.571858,LIDAR_ONLY,11.577212416182299,-9.991645938148391,-4.158462044050384,0.1587455601058752,0.010763778543356953,-0.298250669459562,0.9411325764126246,-0.06149207895016304,-18.97687244292628,0.16323682012086171,148,14.011369020649362,-12.037273494677613,-0.12433834435345603
1789320855.6804187,LIDAR_ONLY,11.598050613132793,-10.005418095411816,-4.163264879824217,0.1588442006433486,0.01051766131017478,-0.2981829189867428,0.9411401837914932,-0.061423111243009004,-19.00062496694607,0.16323617582834196,147,14.030086315951863,-12.054147363023256,-0.12201344507231636
1789320855.7988927,LIDAR_ONLY,11.613458595850071,-10.01563635171514,-4.165484289029603,0.15877698072331342,0.010623063250105556,-0.29810830039190483,0.9411739808117427,-0.06134761323541503,-19.026629070860356,0.16323540579941126,145,14.047316230537874,-12.071015680180462,-0.12106957648890487
1789320855.9038417,LIDAR_ONLY,11.634627040025494,-10.028214517945157,-4.168840995122471,0.1588723464343999,0.010505509448992312,-0.2981176129777298,0.9411562572931796,-0.06127719767961422,-19.05088326004674,0.16323463178764003,146,14.066736099676566,-12.088774288696413,-0.11967119743306734
1789320856.015932,LIDAR_ONLY,11.65317612725495,-10.03987441694803,-4.17285883822735,0.15924103231704748,0.010354878281179404,-0.2981346078194771,0.9410902325190235,-0.06120245062073257,-19.076635985254878,0.1632337779595502,148,14.085718340410734,-12.104543222241452,-0.11904791924335652
1789320856.121544,LIDAR_ONLY,11.672444594931076,-10.05109736823026,-4.175174103423338,0.15904958052605192,0.0103677299392289,-0.2980448652582132,0.941150890879676,-0.0611310482846604,-19.10113410486027,0.16323306534897397,148,14.104429488406973,-12.121336291518581,-0.11812278542238046
1789320856.2348182,LIDAR_ONLY,11.689171432647123,-10.062684883823136,-4.178585607546323,0.15895755189064217,0.010425607403633788,-0.29808030135010105,0.9411545767589042,-0.061059120531489514,-19.125876816066114,0.16323266724541763,148,14.121446278029003,-12.135031511056017,-0.11686288586411507
1789320856.3425918,LIDAR_ONLY,11.711387390993453,-10.077807825135155,-4.183705730343519,0.158832012430857,0.010311340090641778,-0.29806760207528205,0.9411810520222933,-0.0609841869619622,-19.151619446927466,0.16323222361030632,148,14.1401359046288,-12.150650910366723,-0.11533597187797426
1789320856.4592724,LIDAR_ONLY,11.727175038384893,-10.089062989523912,-4.187013646413788,0.15892059400681527,0.010234432289834816,-0.2980227172886462,0.9411811521572866,-0.06091287264228834,-19.17611332175066,0.16323169646935087,148,14.16042499650972,-12.17042696105051,-0.11402209202265816
1789320856.568818,LIDAR_ONLY,11.74340920112135,-10.098283800239535,-4.190100997403078,0.15913550581030944,0.010189082792687702,-0.29793272166157414,0.9411738238740323,-0.06084084029798481,-19.20085783627073,0.16323112899966458,150,14.180213694371337,-12.188288823540756,-0.11319541717501183
1789320856.6765993,LIDAR_ONLY,11.760127782546395,-10.109492747457658,-4.19248279826637,0.15930729107872543,0.009975602121863644,-0.2978394058597638,0.9411765842224123,-0.06076808946334003,-19.225853473315777,0.16323052479412758,148,14.198607321387469,-12.204320538283943,-0.11247209901006122
1789320856.7999012,LIDAR_ONLY,11.777100035020217,-10.12338120076202,-4.197100295935779,0.15904957659373808,0.010015810062047256,-0.29784363715847284,0.9412184037397301,-0.060684427754593026,-19.25460017598722,0.1632297987092907,145,14.21643714638555,-12.219292259799445,-0.11231855079509659
1789320856.8973248,LIDAR_ONLY,11.79922116803499,-10.138791279871057,-4.200766267658811,0.15903086136993033,0.009896520405262158,-0.2977571126112029,0.9412502036681032,-0.06062331403642973,-19.275598961106436,0.16322925128436971,149,14.235083829374817,-12.234444643089281,-0.11208102937371743
1789320857.041797,LIDAR_ONLY,11.813231630719958,-10.148397757448613,-4.203034155959606,0.15910469073687694,0.009910827323832545,-0.29783227958084263,0.9412137940590112,-0.06052726355174462,-19.308599005854838,0.1632283672018221,148,14.255687749037616,-12.25357054371707,-0.11176326105548444
1789320857.1181002,LIDAR_ONLY,11.827961385759881,-10.160346706219356,-4.20609907450276,0.15918602607357465,0.009937734185053374,-0.2978928427185972,0.9411805909596753,-0.06047777502965315,-19.325599875475245,0.16322790325715036,150,14.273980457467548,-12.268454081486807,-0.11186270411685255
1789320857.235667,LIDAR_ONLY,11.843906835717798,-10.172152880596233,-4.209487674385751,0.1593125888005751,0.009756684652461104,-0.2978185521821455,0.9411845813284353,-0.06040426519171796,-19.3508520358263,0.16322721561208103,149,14.292059927707172,-12.284730400920376,-0.11161240164147301
1789320857.3438425,LIDAR_ONLY,11.858398145771188,-10.181894481124104,-4.211868777975263,0.15947915276451907,0.009678217014182254,-0.2977595068160106,0.9411758645702852,-0.06033296761456447,-19.37535499335545,0.16322657312584585,143,14.312046014339762,-12.301867022137076,-0.11079132978155498
1789320857.4594753,LIDAR_ONLY,11.87383227788693,-10.192360432891958,-4.214318020845592,0.1597083740845854,0.009620051885471359,-0.2977501323320938,0.9411405572735667,-0.06025721034049117,-19.401359815720333,0.16322588485161868,150,14.330426555437285,-12.316534661718826,-0.10995189199600965
1789320857.5635111,LIDAR_ONLY,11.892714581081432,-10.205433298993903,-4.217183226963516,0.1597815932248321,0.009517028341912447,-0.297607550320579,0.9411742743138796,-0.06018658070080701,-19.425615946637397,0.16322510150784253,148,14.34767623066733,-12.332994770185874,-0.10781192244211527
1789320857.678809,LIDAR_ONLY,11.907595975126053,-10.214630591005367,-4.219585903786263,0.15967142952109253,0.009554345025973849,-0.2976302992549805,0.9411853983414779,-0.06011253938164253,-19.451121566123007,0.16322428575993056,149,14.366854244348682,-12.351072552799252,-0.10661486897830626
1789320857.7855005,LIDAR_ONLY,11.932796630194296,-10.229609085668505,-4.2222230597027295,0.15975924294575894,0.00938918297005677,-0.2978854600152807,0.94109143033397,-0.06003918724116966,-19.47637405464818,0.16322352543291505,146,14.385687244521316,-12.367000398812085,-0.10619996086309091
1789320857.909206,LIDAR_ONLY,11.952155660493554,-10.242003341771406,-4.225033815903565,0.1599654496691555,0.00925400208020404,-0.29789969371748964,0.9410532348601063,-0.05996222404018983,-19.502875506099866,0.16322283513634928,144,14.405400752503764,-12.38441584625782,-0.10508796593040437
1789320858.0119271,LIDAR_ONLY,11.966200024232558,-10.253046083641504,-4.228515706407497,0.1598797269212702,0.009413426781237577,-0.2978311651103647,0.9410879116239976,-0.05989542515142213,-19.525878002828666,0.16322219873169208,149,14.424457594773193,-12.401115560459438,-0.10278720191957423
1789320858.1213925,LIDAR_ONLY,11.986432591737197,-10.265971688583361,-4.23150742343957,0.16012264428278686,0.009225601261580531,-0.2977048183310987,0.9410884486655323,-0.05982281694909308,-19.550881826866917,0.16322144649082976,148,14.44216493599376,-12.418093268425206,-0.10446725283321423
1789320858.2320075,LIDAR_ONLY,12.002105025923093,-10.278985088503102,-4.234147629192123,0.1599595124544514,0.009350901333300816,-0.29763925601666164,0.9411356906936627,-0.05974948573221528,-19.576135755490075,0.16322063156261152,148,14.460382700366297,-12.433997004877064,-0.10421585922051799
1789320858.3411748,LIDAR_ONLY,12.021699979107742,-10.291662667015878,-4.237965333015522,0.16014363217105226,0.009318433030903564,-0.2975131717032566,0.94114456729239,-0.05967764629454733,-19.600887308703086,0.16321980674553066,149,14.478963382181234,-12.450952566731088,-0.10489527153742496
1789320858.4544847,LIDAR_ONLY,12.039387735806718,-10.304278906583175,-4.242823737287704,0.1600891580775962,0.009420496008135316,-0.29740523661348844,0.9411869319937682,-0.05960262251216639,-19.626633385122283,0.1632191403408843,150,14.497881518760282,-12.466820839720732,-0.10295780896945664
1789320858.5647433,LIDAR_ONLY,12.060154746779812,-10.318596163451389,-4.24620420482477,0.16027783985118468,0.009307427267076318,-0.29752879623496253,0.9411168903283377,-0.0595320239906324,-19.650875866056975,0.16321879373361065,149,14.517492378633442,-12.482419079730816,-0.10428267579023373
1789320858.678376,LIDAR_ONLY,12.083087086949309,-10.335796227877696,-4.250760015433396,0.16017470902648276,0.009353247588192504,-0.29774534473695574,0.9410655073029226,-0.059457075805339876,-19.676618958364735,0.16321829951485445,149,14.537432764832056,-12.499161651871166,-0.1060506871585247
1789320858.7858214,LIDAR_ONLY,12.104790634004583,-10.349935572235704,-4.255174034266674,0.1601823854755743,0.009191838617122909,-0.29761023250849133,0.9411085288065523,-0.059387207097042066,-19.700613194155842,0.16321776949879754,149,14.556627028549531,-12.517157074822874,-0.10661962070159273
1789320858.923103,LIDAR_ONLY,12.118468626841112,-10.358790387597589,-4.2581168676536265,0.16033196378412928,0.009294947313184261,-0.29759755968367113,0.9410860522895309,-0.05929916379264269,-19.73085703763353,0.16321705972881986,147,14.573217611542812,-12.53298891515223,-0.10642716871167043
1789320859.0187612,LIDAR_ONLY,12.136779776182115,-10.37097350950019,-4.261564849457985,0.16063353369584873,0.008958710220121657,-0.297458319520789,0.9410819079715883,-0.05923950658482613,-19.75135389410765,0.16321655517589487,148,14.59137588651515,-12.549065554484342,-0.1038381151868351
1789320859.1252568,LIDAR_ONLY,12.154553423396141,-10.38086136499124,-4.2649189050860965,0.16065061097933706,0.00890723070501895,-0.2973625827808298,0.9411097368506222,-0.059168210630666074,-19.775851351308752,0.16321593211613747,146,14.612647003042287,-12.567938083546208,-0.1044591413243931
1789320859.2317033,LIDAR_ONLY,12.168089854213463,-10.389662623085878,-4.26825243805645,0.16069652193789477,0.009006524271053019,-0.2973262649549945,0.9411124282069232,-0.0590969099250267,-19.800350139989373,0.16321529105302582,150,14.630034424033013,-12.583298952709074,-0.10362492698848175
1789320859.348575,LIDAR_ONLY,12.185917390075334,-10.40284366859268,-4.271835461988417,0.16080364133447544,0.008848321954366497,-0.297265258379876,0.9411149038733319,-0.05901977730388239,-19.826850262407437,0.16321458099796582,147,14.647890737072913,-12.598458370525043,-0.10416478913098492
1789320859.4568248,LIDAR_ONLY,12.203578391827115,-10.415745873179826,-4.275149250787687,0.16106844576839824,0.008749601398661449,-0.29738013192005497,0.9410342487881767,-0.05894918151075221,-19.85110154066951,0.16321392166405596,148,14.667884811123175,-12.617046451270062,-0.10351722684800048
1789320859.5806243,LIDAR_ONLY,12.223652673805738,-10.42770923825956,-4.280117157045784,0.1611304153190959,0.008688960328004269,-0.2974281415723424,0.9410090285583539,-0.05886693602885271,-19.879354179764388,0.163213164407561,149,14.685821710993444,-12.632650811593338,-0.10327330363358153
1789320859.6765952,LIDAR_ONLY,12.242887399521718,-10.440325141958995,-4.283127840835724,0.16101753250643333,0.008542779111915035,-0.29726498804322143,0.9410812409320717,-0.058805062008645825,-19.900606979014405,0.16321262695616046,147,14.7032148941623,-12.649942373909548,-0.10367807855360502
1789320859.7913957,LIDAR_ONLY,12.258680669009165,-10.44783361694512,-4.285614181568117,0.16117433094464062,0.008390484889560368,-0.29722584465198437,0.9410681336007399,-0.058730056160928995,-19.92636242938372,0.1632118995857784,149,14.725358939753685,-12.668276639862398,-0.10194825926444091
1789320859.9000568,LIDAR_ONLY,12.272041516825984,-10.45719828711211,-4.2887452271970785,0.16118029983278562,0.008441525592413048,-0.2971564780931677,0.941088560720377,-0.05865871686110699,-19.950868718473732,0.16321110461595273,147,14.743388983211206,-12.683111232275092,-0.10260984970611209
1789320860.011556,LIDAR_ONLY,12.290666232128924,-10.468239420751013,-4.291194734325517,0.1612402958286644,0.008317360798363808,-0.29703897962432385,0.9411164822136393,-0.058586106444982466,-19.975873938890658,0.16321030426510272,148,14.759785943489677,-12.698224037949338,-0.10095536580302726
1789320860.1241958,LIDAR_ONLY,12.310757144868145,-10.484616913813875,-4.295072859662639,0.16111313681465286,0.008217636912780133,-0.2970341742206133,0.9411406520464362,-0.05851347638513786,-20.00087603377109,0.16320958182676404,147,14.777821622790729,-12.715793923172493,-0.10101976055041278
1789320860.2352307,LIDAR_ONLY,12.331269332290525,-10.499722676740799,-4.299558882465643,0.1605612272692865,0.008246389038226977,-0.2970476249925229,0.9412304701038489,-0.05844086562140449,-20.025877949457236,0.16320892659450126,146,14.796556947706804,-12.729953523717773,-0.10047035594517591
1789320860.3410895,LIDAR_ONLY,12.349175176685995,-10.516153649518918,-4.3041641641873785,0.15983139776350502,0.008456785451360783,-0.2970266577894387,0.9413594274405657,-0.058368983867945506,-20.05063127090188,0.1632082252111796,146,14.815856543414547,-12.747190365660344,-0.09919416057731638
1789320860.4572127,LIDAR_ONLY,12.36664698138693,-10.53014277851616,-4.309330189437983,0.15951430921501306,0.008778934545516587,-0.29697782825979746,0.9414256662031246,-0.058295653644454784,-20.075885611848282,0.16320744716086694,147,14.833474371689283,-12.764328537273366,-0.09972490060961332
1789320860.5701296,LIDAR_ONLY,12.385724393965242,-10.546045377429433,-4.313132179202602,0.1595539298945389,0.00861147898309393,-0.2968565714912305,0.9414587414472311,-0.05822160304774833,-20.101389530819592,0.16320661356126404,146,14.853587781273784,-12.781346167663465,-0.10046135269981293
1789320860.6747544,LIDAR_ONLY,12.407011776430918,-10.557095073413977,-4.315059403964809,0.15993553205129776,0.008463642022872975,-0.2968265558732319,0.941404795016263,-0.05815128348278026,-20.12564028796198,0.1632058237172232,146,14.872577872105676,-12.800026265199214,-0.09987433142554307
1789320860.7902298,LIDAR_ONLY,12.421002266315183,-10.56940742929268,-4.318071219312474,0.15979297378525678,0.008450798971751276,-0.2967831072254342,0.9414428165274935,-0.05807689514707609,-20.151134958615582,0.16320525117303586,148,14.890843370571977,-12.816569441272067,-0.09845151689361657
1789320860.8993134,LIDAR_ONLY,12.438492989005763,-10.581267096822165,-4.320091860051616,0.1597088565026659,0.00836034130012506,-0.2966429063246477,0.9415020828310593,-0.05800413427616358,-20.176127270308637,0.16320488948096845,148,14.908596547238439,-12.83249104528641,-0.09923244042012787
1789320861.0229576,LIDAR_ONLY,12.457969964245601,-10.593810181309667,-4.324215223343921,0.16003741527081425,0.008274006917145487,-0.2966581703709487,0.9414422427717661,-0.057918985324562494,-20.20536965530728,0.16320429165200578,149,14.926911442618724,-12.848000803499858,-0.09888923586664358
1789320861.133618,LIDAR_ONLY,12.478790386843158,-10.605469110138886,-4.326742081988916,0.16031172189636161,0.00808978595698054,-0.29670319946590445,0.9413829819008253,-0.057852759101267914,-20.228114319353562,0.1632037808165504,147,14.946731394938563,-12.863508446811334,-0.09610183534164156
1789320861.2835488,LIDAR_ONLY,12.502419523209086,-10.620648544469411,-4.331656268694027,0.160335009224874,0.007839801578494126,-0.29675758840699706,0.941363987016145,-0.05774870693230075,-20.263857745244227,0.16320292481288695,149,14.965651882051786,-12.881549286655883,-0.09434673965360428
1789320861.3415618,LIDAR_ONLY,12.516316916567908,-10.6323947046806,-4.335049854331636,0.16019479194061648,0.007850444836127712,-0.2967034122207319,0.9414048461355784,-0.05771450970420908,-20.275606187204318,0.16320263134746146,149,14.984209469229901,-12.898745696012215,-0.09439323519042768
1789320861.458391,LIDAR_ONLY,12.53309511606579,-10.644669075497905,-4.338202297184669,0.16005745896085813,0.007731502605955041,-0.29662825075348653,0.9414528743136187,-0.05764101990319051,-20.300853907042818,0.16320198430765182,149,15.002424324399147,-12.915831546751791,-0.0940431574123454
1789320861.5618696,LIDAR_ONLY,12.547394065796114,-10.655338816666116,-4.341852938438461,0.16006159829491243,0.007685321217790511,-0.29652249587202945,0.9414858628948605,-0.05756825012025535,-20.32585307059534,0.1632013248480689,150,15.020658851891879,-12.93306983252709,-0.09206645349778068
1789320861.6704202,LIDAR_ONLY,12.562724946593839,-10.66521142497251,-4.343214738375448,0.16008869671860576,0.007705283410447674,-0.2964235556792627,0.9415122481566377,-0.05749692473626533,-20.350353544993702,0.16320066349056514,149,15.039874462923816,-12.948390080094585,-0.09079719256934633
1789320861.7842445,LIDAR_ONLY,12.580946066524,-10.675905739813048,-4.34514405994572,0.16043633512257657,0.007461301325786466,-0.2964797839197742,0.9414373314681367,-0.057421949504194686,-20.376105245927505,0.16319995973817775,148,15.058767615344022,-12.965208987639949,-0.08998423356861968
1789320861.8918986,LIDAR_ONLY,12.601171074870916,-10.687970968990449,-4.347582806247804,0.16061841555306922,0.0072092535225084815,-0.296460859644595,0.9414142074281956,-0.057349498434292254,-20.400852322635945,0.1632060065491207,150,15.078850292531316,-12.981022034599361,-0.08966509647555009
1789320862.003582,LIDAR_ONLY,12.618415256091142,-10.699654876512907,-4.350330006992938,0.16073421211609745,0.00700972502283162,-0.29649634290206806,0.9413847754538104,-0.05727369088938136,-20.426836806560882,0.163236111453574,149,15.097636102532878,-12.998411232342807,-0.09029521159265122
1789320862.1125042,LIDAR_ONLY,12.639432747346392,-10.712997331315924,-4.353074294711076,0.16088136813864715,0.006683971693136714,-0.29644510361697773,0.9413781442384149,-0.057204514328760434,-20.450575358926233,0.1632635646456014,147,15.115375814602862,-13.014067804384396,-0.09072800248677729
1789320862.2269747,LIDAR_ONLY,12.656835106789922,-10.724749994821238,-4.356657254117301,0.1612423767899677,0.006464985038952106,-0.29633290972283416,0.9413532315293589,-0.05712937138651297,-20.476313065072848,0.16329328267057452,146,15.13402636135953,-13.03129833325073,-0.09020299250057481
1789320862.3386347,LIDAR_ONLY,12.673726436393714,-10.736866572614934,-4.358856579101832,0.1613253660039416,0.006258221070823084,-0.2962416171867409,0.9413691439596411,-0.05705739125709608,-20.501049962186904,0.16332190829744656,147,15.151900362521868,-13.046195223268745,-0.08918995288283403
1789320862.4494119,LIDAR_ONLY,12.689480262473602,-10.748917415501115,-4.361329790610321,0.161280543947343,0.0060595352564492555,-0.2961775196120982,0.9413982924633708,-0.056986138655116425,-20.525535862590342,0.16335029373261623,146,15.169791364382444,-13.062393590611904,-0.08670288005868629
1789320862.558955,LIDAR_ONLY,12.708100828734246,-10.762212470564526,-4.3642380066761275,0.1612318619737636,0.005931629192115283,-0.2960320872652179,0.9414531883046543,-0.05691270060514236,-20.550772237726484,0.16337954849075242,146,15.187281264275903,-13.077169730763528,-0.0854239990157598
1789320862.6709304,LIDAR_ONLY,12.729475016507225,-10.776269956145406,-4.3688189700443205,0.1612720249908654,0.005669616890556111,-0.29599076066355334,0.9414609174052162,-0.05683853681593409,-20.576259846588318,0.16340903181320982,147,15.206290288535337,-13.093191052891921,-0.08621637008184335
1789320862.7902162,LIDAR_ONLY,12.752231690701716,-10.792794196207849,-4.372434941274482,0.16156519070049977,0.0053052491829692055,-0.2960426685136489,0.9413964530973843,-0.05676000986924182,-20.603247299412107,0.1634401801591539,147,15.22599880759386,-13.110729641934638,-0.08848717721806189
1789320862.9072187,LIDAR_ONLY,12.774086150723146,-10.805359380332803,-4.373782748448933,0.16226200635495888,0.004835950153546212,-0.29620191932727225,0.941229025193452,-0.05669093217614782,-20.626985328380265,0.1634675601415326,147,15.244137643543034,-13.127439440616026,-0.08659662048275232
1789320863.0270536,LIDAR_ONLY,12.791320673334571,-10.817191499426285,-4.376958144918193,0.16221636666780215,0.004897843872892522,-0.2961142720130848,0.9412641496522933,-0.056612391136877355,-20.653968396261696,0.1634987652223795,148,15.26039888146617,-13.142462078309416,-0.08523486967331903
1789320863.134225,LIDAR_ONLY,12.8082502277123,-10.828425042816736,-4.379790419980073,0.1622081419834256,0.004844903090768444,-0.2960444997412852,0.9412877879592714,-0.05654005670278889,-20.67869855786788,0.16352762033833668,148,15.28026582104955,-13.16014871640098,-0.08426403698448427
1789320863.249783,LIDAR_ONLY,12.825549243684183,-10.841703291781249,-4.3826079063955365,0.16236967539673486,0.004694413072977415,-0.2959245566240149,0.9412984159045099,-0.05646715395766226,-20.703676959609982,0.16355684940367998,148,15.297107619231534,-13.17521904330401,-0.08347608397948492
1789320863.3572502,LIDAR_ONLY,12.84432715293491,-10.852429138850102,-4.386484248518577,0.1624129564354951,0.004440155846307641,-0.2958242349219584,0.9413237161735493,-0.05639424549157354,-20.72865562449081,0.1635859924793908,146,15.312702622368361,-13.189975962655616,-0.08217708554417139
1789320863.4561887,LIDAR_ONLY,12.85913952423127,-10.861769003812364,-4.389301126680654,0.16267756801626254,0.004521659120287097,-0.29585870643952417,0.9412668002681523,-0.05632936568363184,-20.750887095876337,0.16361189074858137,147,15.332668543730223,-13.20801567346889,-0.08342095063786836
1789320863.570973,LIDAR_ONLY,12.878005384177296,-10.874776264338838,-4.392131436605307,0.1625862502927803,0.004354881876598873,-0.29582779461644526,0.941293079838551,-0.0562572045604863,-20.775617377452328,0.16364066716187786,148,15.351929257845649,-13.223412802289882,-0.0840023473695764
1789320863.694838,LIDAR_ONLY,12.890569808741278,-10.885893436710274,-4.398056539868785,0.1617846007940012,0.004787228172130941,-0.29578007575510573,0.9414440887161901,-0.05617630662901345,-20.803346688872217,0.16367289283957953,148,15.372535487808129,-13.240926535690878,-0.08296963669175764
1789320863.8288164,LIDAR_ONLY,12.90667466147781,-10.896967183503492,-4.400409154770385,0.1617686278347786,0.004633691872108261,-0.29584806296223676,0.9414262390594282,-0.056085216842219815,-20.834575423177498,0.16370913822276362,150,15.39014291857809,-13.256578992285377,-0.08114495693044232
1789320863.9029512,LIDAR_ONLY,12.92271924700104,-10.905305464090448,-4.401675706887508,0.16195579672886015,0.004506447158664658,-0.29582695594050845,0.9414013086770694,-0.05603857295745232,-20.85056534452091,0.16372768385981556,150,15.408874553730307,-13.274254034349207,-0.07982772765522533
1789320864.0155036,LIDAR_ONLY,12.934964157637951,-10.91452335150605,-4.4044630763856505,0.16187792680865493,0.004531293656254553,-0.2958258518886483,0.9414149295312286,-0.05596568113134072,-20.8755505792455,0.16375664626027064,149,15.428415855600266,-13.291093383489606,-0.07942841221153074
1789320864.1304762,LIDAR_ONLY,12.95186904661227,-10.924826526528975,-4.407306647813887,0.16193027136800553,0.004363378241333376,-0.2957417179187878,0.9414331545189236,-0.055892779029726114,-20.90053675412595,0.1637855949081524,150,15.444511653737074,-13.306044956545378,-0.0783271210560735
1789320864.2447484,LIDAR_ONLY,12.969120554402227,-10.937326662644203,-4.411100656457839,0.16199015623442578,0.004175257434957421,-0.29570874022420973,0.9414340643207622,-0.055817319898030876,-20.926282501356585,0.1638381323744116,148,15.463327697070039,-13.322996771508436,-0.07746638319358244
1789320864.3530834,LIDAR_ONLY,12.980276943299343,-10.945905009642084,-4.414459501208925,0.1620819978861061,0.004337163000894787,-0.2956814962658133,0.9414260819333411,-0.05574615693642854,-20.950534951273564,0.16389508422610463,148,15.482112836133902,-13.338559985729898,-0.07589085724800805
1789320864.4683838,LIDAR_ONLY,12.99690384664576,-10.959329700418479,-4.417619370853049,0.1620696700682186,0.0043213023487259205,-0.2957182848254552,0.9414167219727302,-0.055669487090619224,-20.976790950105705,0.1639565450158478,149,15.500873026991151,-13.353598177862583,-0.07724577640059317
1789320864.5764136,LIDAR_ONLY,13.015520651874922,-10.974306449870255,-4.42187684313632,0.1620688064574941,0.0042836422765979215,-0.29576741301834375,0.9414016091863908,-0.05560081317183435,-21.00029589508607,0.16401156392658406,147,15.519801604937697,-13.370278991670538,-0.07736682932402467
1789320864.7017918,LIDAR_ONLY,13.032860686205801,-10.986584285843865,-4.424735384387543,0.16215584551027842,0.004318487029233169,-0.2958108176360053,0.9413728233840952,-0.05551983540242243,-21.028049125629884,0.1640765882506166,147,15.53590621292334,-13.387448885665487,-0.07668994275042572
1789320864.8025587,LIDAR_ONLY,13.050788322468003,-10.999682537826038,-4.428877627701017,0.16222450491770263,0.004355956637367469,-0.2958199390884092,0.9413579549160402,-0.05545420185691961,-21.050550368943004,0.16412939924904252,150,15.555728180834468,-13.4057719263181,-0.07634099719183728
1789320864.9184957,LIDAR_ONLY,13.070227174232494,-11.01324305221668,-4.430355374998644,0.16215427936551333,0.004217037389464921,-0.29570657980606285,0.9414063017308241,-0.05537617798290195,-21.077303050959117,0.16419216453950708,148,15.575208638352034,-13.422881243593531,-0.07738348241721174
1789320865.025094,LIDAR_ONLY,13.087967773248995,-11.024292051309882,-4.432572293376584,0.1626653506173569,0.004168510476837392,-0.2956820250166203,0.9413260579156447,-0.05530617941453482,-21.101306614186722,0.16424842237757292,147,15.595261919140194,-13.440360694341145,-0.0766684819241202
1789320865.1383362,LIDAR_ONLY,13.105069403996216,-11.035867224455794,-4.436581460434582,0.16257322678657507,0.004391425822130482,-0.29564184801386706,0.9413535781067576,-0.05523691113319934,-21.125060365275484,0.1643040454568631,149,15.614314555679018,-13.455573514042383,-0.07643356753663787
1789320865.2490458,LIDAR_ONLY,13.1263392298853,-11.049836392380604,-4.438520018788335,0.16300158314028568,0.0041912818251005485,-0.29568752653633346,0.9412660642460496,-0.055161108289059596,-21.151062631007605,0.16436490268641743,149,15.636796419281927,-13.473362719376006,-0.07535844542635
1789320865.3589904,LIDAR_ONLY,13.146043868663876,-11.064894774031577,-4.443459072549413,0.1627227122246985,0.004276596116308802,-0.29560356187415804,0.9413403018352112,-0.05508871378244219,-21.175810120133402,0.16442292851492052,148,15.655372125970707,-13.488822713054214,-0.07596946921107237
1789320865.467977,LIDAR_ONLY,13.164051185297012,-11.079955843158729,-4.448587053652738,0.16251768795931085,0.004402874648921194,-0.29570194837524655,0.941344237525396,-0.05501427578805457,-21.20130205026776,0.16448303254828628,148,15.6738003972371,-13.507033802506003,-0.07765863344559264
1789320865.5923855,LIDAR_ONLY,13.17891697783944,-11.089807990962184,-4.450623738322202,0.16273832445812847,0.0044359563414519895,-0.2956645027685693,0.9413177262999526,-0.05493317388962246,-21.2290437066247,0.16454839081114342,149,15.69244336793164,-13.524477735247265,-0.07696579160317435
1789320865.7007227,LIDAR_ONLY,13.198619081144177,-11.101912161568412,-4.454118650368253,0.16288698453059866,0.004275076845560323,-0.2955741310990215,0.9413211391515393,-0.05486374755898382,-21.252787460952618,0.1646042327657263,148,15.709390378820434,-13.540765861746577,-0.07544369050409214
1789320865.8193455,LIDAR_ONLY,13.213130878993104,-11.113592945878718,-4.457275874883517,0.1629637781998087,0.00425860157440189,-0.2955737450087748,0.9413080433996949,-0.05478848550285874,-21.27853154040191,0.1646647433001932,149,15.728086086334041,-13.557008478395268,-0.07396782211111534
1789320865.9436986,LIDAR_ONLY,13.226590949652264,-11.123295560749096,-4.4595311569901686,0.16306072660846596,0.004376620110202468,-0.2955859690924241,0.9412868741834355,-0.05471177037475783,-21.304776892362362,0.16472639812962345,149,15.747573104446458,-13.574338967682943,-0.0726556694392008
1789320866.067764,LIDAR_ONLY,13.243512733580834,-11.135815184349608,-4.462824357495682,0.162875624618242,0.004194972491580076,-0.2955430177520266,0.9413332341785442,-0.05463943904095761,-21.329523964568,0.16478450783195314,148,15.766506327519576,-13.590807124568784,-0.07064326798319631
1789320866.1784685,LIDAR_ONLY,13.263937205025734,-11.1480087939188,-4.464725810653274,0.16316769297410993,0.004003556220009001,-0.29571294990084707,0.9412301136109273,-0.05456783219943909,-21.354022477751727,0.1648420138358826,147,15.785498204636765,-13.606853644375077,-0.070049916901785
1789320866.2970896,LIDAR_ONLY,13.283885145175823,-11.160539690240935,-4.466981764359232,0.16332873682854357,0.0036838984950452224,-0.29569720148914824,0.9412084347525562,-0.054493291353076276,-21.379522365296975,0.16490185165063792,148,15.804421270114709,-13.623540462904531,-0.06826980992104877
1789320866.4582572,LIDAR_ONLY,13.301592548047443,-11.170237330987504,-4.468889819512012,0.16352191238154676,0.003632410555764089,-0.29561273928014836,0.9412016245948173,-0.054392422148490785,-21.4140242586095,0.16498279031200908,146,15.822921423046488,-13.641428196057966,-0.06685132758641196
1789320866.532562,LIDAR_ONLY,13.316839222265713,-11.180328846161478,-4.471246861535694,0.16361738383040852,0.003567620371394973,-0.29558644393220557,0.9411935390539459,-0.054347832503944815,-21.429275682215128,0.16501856891599143,146,15.841794736994483,-13.657184765892046,-0.0662850652040649
1789320866.6528597,LIDAR_ONLY,13.333151732700726,-11.193590696989082,-4.475880178414014,0.1633068411067628,0.00367310455964931,-0.2955372008497261,0.9412625281315161,-0.0542747316718281,-21.454278608975702,0.16507724850105093,147,15.862640678066024,-13.67504423871649,-0.06556565401743511
1789320866.770787,LIDAR_ONLY,13.35009189323557,-11.207840246198892,-4.479190301159749,0.16304534210020016,0.0037459301404439817,-0.2955183827055321,0.9413134812111843,-0.054203030749003095,-21.47878270736764,0.16513472418372369,149,15.879612702659406,-13.69152267905896,-0.06550862533351398
1789320866.8901885,LIDAR_ONLY,13.36606844177273,-11.219682617713024,-4.481569112832236,0.1634462962909659,0.003743785032616871,-0.2954658945140067,0.941260430211232,-0.05412698931518631,-21.504787695593578,0.16519562903071638,147,15.899523111085989,-13.70962551831965,-0.06556013764593056
1789320867.0084,LIDAR_ONLY,13.388546223113845,-11.237644798281462,-4.4877520541177205,0.16304462937482617,0.0036923499965260597,-0.295609031812104,0.9412853529587291,-0.054053400193157894,-21.530041459926373,0.16525481429086777,149,15.917661897925994,-13.724833006176048,-0.06351067916244607
1789320867.1263454,LIDAR_ONLY,13.407992343942022,-11.251155510049909,-4.490753241181567,0.16328941685644194,0.0035290062544176964,-0.2956866797784451,0.9412191561263183,-0.053981932063238175,-21.554542885477588,0.16531228033447498,149,15.936623517118022,-13.740773328919866,-0.062422894474437905
1789320867.244708,LIDAR_ONLY,13.422270641069357,-11.262342759189371,-4.494764306751798,0.16295440893097937,0.0036851476403526387,-0.2957077528960339,0.9412699958959715,-0.05390755979601712,-21.58004425550266,0.16537214073830672,148,15.954836156156782,-13.757626579177106,-0.06200800094181565
1789320867.3602977,LIDAR_ONLY,13.443077360528108,-11.274757973640357,-4.496785750693197,0.16313011935038965,0.0035824562155408017,-0.29561966245055676,0.9412676268420211,-0.053836832214380126,-21.604296855938056,0.16542902232827125,148,15.973906044768754,-13.774801701388165,-0.060758011704522955
1789320867.4799862,LIDAR_ONLY,13.456883649072692,-11.287468951108096,-4.500049499787128,0.16285451877874513,0.003770864292286939,-0.29560991677121845,0.9413176740093356,-0.053761729776861306,-21.63005058910198,0.16548936306032958,148,15.99252607670444,-13.792702391336134,-0.058746076050966795
1789320867.5964277,LIDAR_ONLY,13.474715277762114,-11.30184277961798,-4.5043603797607314,0.16270515499034216,0.003880914650738706,-0.29554653690618143,0.9413629563371428,-0.053691007860829296,-21.654303798986376,0.16554614046888746,148,16.011931635492196,-13.80974794858442,-0.05657350254176409
1789320867.7118874,LIDAR_ONLY,13.49201855511339,-11.313231562375346,-4.507076591618425,0.16275919490857607,0.003817795428284375,-0.2955125059657179,0.9413645562313474,-0.0536174407484792,-21.67955427248516,0.16560524403026744,148,16.030867394010595,-13.827044909261422,-0.05586544155981393
1789320867.8314857,LIDAR_ONLY,13.510413202255956,-11.327755057566328,-4.511330313015526,0.16274009082108898,0.0037777124706706807,-0.29559014991580396,0.9413436434165714,-0.05354570508574105,-21.704049039194768,0.16566280252453724,146,16.049881059707072,-13.842848854028531,-0.054186964026664966
1789320867.9635274,LIDAR_ONLY,13.527763011839589,-11.343110565576406,-4.5147498920714195,0.16276105231373914,0.003796193853695793,-0.29564543250248004,0.9413225839224144,-0.05346168091107109,-21.73278962562284,0.16573060228716316,147,16.06979582519053,-13.860152551564203,-0.05249825782749378
1789320868.0710273,LIDAR_ONLY,13.543072380523453,-11.352661670451743,-4.516901893915067,0.162931710772075,0.0038867689101980724,-0.2956251818939227,0.9412990505054751,-0.05339810619810223,-21.754533642955074,0.16578177234566355,148,16.08742654291047,-13.875272740164398,-0.05155318740187736
1789320868.254036,LIDAR_ONLY,13.55823003593006,-11.360500306618965,-4.51935430071104,0.16324886482962744,0.0039173644033802055,-0.295655456798699,0.9412344624232167,-0.053276808014933064,-21.796023730891584,0.16587930853666596,146,16.107884877487898,-13.894969677990494,-0.05082668729203084
1789320868.3133497,LIDAR_ONLY,13.577629928517059,-11.370021901010158,-4.521404979033626,0.16350659948948737,0.0038354322481759903,-0.2955174960990839,0.9412333881042374,-0.05324320213279732,-21.807521504010463,0.16590632256568658,149,16.125614040904257,-13.911782136969508,-0.04898379593152226
1789320868.4181938,LIDAR_ONLY,13.5922843130346,-11.37845198686624,-4.524214371265589,0.16335906684398435,0.0039328460498683215,-0.29544708195308467,0.9412807072107757,-0.05317964694995364,-21.829268077805235,0.16595740056288238,146,16.144836850328826,-13.92933493918062,-0.047591399304596944
1789320868.5401185,LIDAR_ONLY,13.609860003159836,-11.390288326326885,-4.52723671832855,0.16311149035077838,0.0038672238559421973,-0.2954235038833743,0.9413313123701272,-0.05310513426208119,-21.854765428325873,0.16601726652708215,148,16.164221302446798,-13.946221773678667,-0.04705420067128538
1789320868.6559153,LIDAR_ONLY,13.62651006596635,-11.400694788691844,-4.5292994904222486,0.16338828064337865,0.0038655248151243924,-0.29543992270451996,0.9412781626802204,-0.05303499843370474,-21.87876428055302,0.16607359592707055,148,16.185037533362056,-13.964156498472178,-0.04567286175708202
1789320868.7997215,LIDAR_ONLY,13.642346493401,-11.411381032508809,-4.532241148906581,0.16327814229712276,0.0038484538125179257,-0.2954585251257989,0.9412915051044183,-0.052942928200633246,-21.910264639439276,0.1661475096360024,147,16.20313581486307,-13.980091800947317,-0.0450929744246832
1789320868.9149935,LIDAR_ONLY,13.659702270305434,-11.423659678393,-4.534831232432212,0.163206907887073,0.0039627483526952405,-0.29550626647123757,0.9412883980585672,-0.05288080595859121,-21.9315159228241,0.16619736456123113,145,16.20313581486307,-13.980091800947317,-0.0450929744246832
1789320869.054726,LIDAR_ONLY,13.680512675125025,-11.4374530399414,-4.537998328030779,0.1634411478028727,0.003843010193943294,-0.29546313923233397,0.9412617892130241,-0.052804064735137615,-21.957768405878,0.16625895999841778,145,16.241946851276264,-14.012862175305036,-0.041727156812955545
1789320869.2530706,LIDAR_ONLY,13.696844236051303,-11.448082044275486,-4.540670926861286,0.1635048797646628,0.00380176268437224,-0.29546875658972255,0.9412491247129839,-0.052685576849924504,-21.998274496549755,0.16635399650015883,149,16.261375933533046,-14.028853872568364,-0.04091127804432833
1789320869.3200479,LIDAR_ONLY,13.713611088715282,-11.461260261450418,-4.544641125315827,0.16334150427961305,0.003908539302490099,-0.29536565110107854,0.9413094116441364,-0.05265420997120068,-22.009026756601077,0.1663791724484192,149,16.261375933533046,-14.028853872568364,-0.04091127804432833
1789320869.451522,LIDAR_ONLY,13.728383586843714,-11.4749226694296,-4.548581433854292,0.16278404226716192,0.004150888694167244,-0.29535010387971733,0.941409816097353,-0.0525855706889265,-22.032531195305197,0.16643424052160996,143,16.278254646289973,-14.044991363044765,-0.039856997938249566
1789320869.5906892,LIDAR_ONLY,13.745578422290063,-11.486426105277749,-4.553216580177463,0.1633423857409229,0.004208184584505043,-0.29542612193118006,0.9412889899938648,-0.052505325282752174,-22.060034536794024,0.16649870156759733,145,16.299616262087373,-14.064177778483218,-0.039993182587769516
1789320869.7315166,LIDAR_ONLY,13.76531317143185,-11.50129571509871,-4.55613296761184,0.16362777554067193,0.004070665867344006,-0.29535587196899243,0.9412620727748698,-0.05242293495290176,-22.088286083480988,0.16656500631380425,147,16.334753657979547,-14.095446104241699,-0.038179727956748837
1789320869.8516417,LIDAR_ONLY,13.780269042082613,-11.51278501883025,-4.5584919035390605,0.16377416515041157,0.003977664246731913,-0.29538187120024095,0.9412288516522804,-0.05235294753231867,-22.11228844251047,0.1666213216266092,148,16.354465866962308,-14.112525091096257,-0.037893211183819386
1789320869.971106,LIDAR_ONLY,13.799980605624015,-11.526625177368985,-4.56091117111079,0.16412532005284114,0.003862573145748712,-0.295368955631391,0.9411722158539677,-0.0522887956758004,-22.134291614223965,0.166672897851795,147,16.354465866962308,-14.112525091096257,-0.037893211183819386
1789320870.2211936,LIDAR_ONLY,13.816248626655907,-11.536069815678065,-4.563024401446827,0.16454001866055112,0.00380515507656958,-0.2953293543853944,0.9411124669731747,-0.05214957369860082,-22.182048168283185,0.1667847098310336,148,16.391484202738262,-14.147314613337327,-0.03521410349891954
1789320870.2859132,LIDAR_ONLY,13.832886330236835,-11.546296159656247,-4.565571676110542,0.1647088435540533,0.003681996105658394,-0.29531933484809764,0.9410865689322325,-0.05210589634408143,-22.19704811807918,0.16681982387434846,148,16.40814022666088,-14.162546970288258,-0.03485863856124616
1789320870.3603015,LIDAR_ONLY,13.851325794889057,-11.559078269172373,-4.5672939883364965,0.16486757004612035,0.0036801355006861576,-0.2952598400637539,0.9410774504764795,-0.052067920930812,-22.210046374472082,0.16685030944728202,147,16.426291645976363,-14.178571130935056,-0.03270480808292904
1789320870.4823885,LIDAR_ONLY,13.870538285668486,-11.571217986915565,-4.5704235115501355,0.1647987332689307,0.003522478374781424,-0.29534968718482313,0.9410619171653277,-0.05199986986937516,-22.23328947533869,0.1669050793781096,148,16.445885795290778,-14.194719963311334,-0.030448647192566396
1789320870.603622,LIDAR_ONLY,13.890079343980897,-11.5834576622762,-4.573270763267876,0.16476341383143975,0.00350216121676885,-0.2953771825081787,0.9410595477348666,-0.05193194411997713,-22.25653208115431,0.1669598866078019,147,16.445885795290778,-14.194719963311334,-0.030448647192566396
1789320870.7417936,LIDAR_ONLY,13.906798613255972,-11.592583415771125,-4.576169482882376,0.16462086117885785,0.003543365851220519,-0.2953549302669078,0.9410913248937139,-0.05185010903275736,-22.284524513972276,0.16702573901758128,147,16.485652200138055,-14.231189858041665,-0.029912083133328063
1789320870.8313997,LIDAR_ONLY,13.921859683361602,-11.601214929375221,-4.579180346084716,0.164829854780231,0.0034715431642252667,-0.295285145220345,0.9410769099140551,-0.0517945828635851,-22.303519867214103,0.1670703959606123,149,16.50219563362356,-14.246143505713327,-0.028347197726062704
1789320870.9618347,LIDAR_ONLY,13.936599671598625,-11.610181768901576,-4.580986806765204,0.16481322722298894,0.003624351127620944,-0.29531065845769816,0.9410712402430158,-0.05171203521066205,-22.331764176771454,0.1671367618217341,148,16.520391274047704,-14.26274678106601,-0.0286908973242074
1789320871.1066735,LIDAR_ONLY,13.954284384792565,-11.619295914744482,-4.583827951285426,0.16486079245319374,0.0035131008556262694,-0.2952727075576063,0.9410752389717219,-0.05161999488723615,-22.363259935885676,0.1672107267481853,149,16.53964538142947,-14.278538861513342,-0.026884858489558922
1789320871.1898885,LIDAR_ONLY,13.9669588834289,-11.627405172017708,-4.585644607027642,0.1647666693578783,0.0035491825783524117,-0.29524772282308315,0.9410994262773307,-0.05157543327174283,-22.378508716987827,0.16724652466304868,148,16.558876856380575,-14.295458883113781,-0.02632617058111806
1789320871.3068016,LIDAR_ONLY,13.98492297466314,-11.639211784080038,-4.588164736605399,0.16471450312319852,0.0035558964443001793,-0.2952432136970578,0.9411099472575927,-0.051503104493527865,-22.403257876176212,0.1673046104229211,149,16.577740604232073,-14.311636062340305,-0.026085297450889177
1789320871.4233196,LIDAR_ONLY,14.002935372485723,-11.653231669296128,-4.591289421372501,0.16434524663140512,0.0036019618685159123,-0.29533921853858736,0.9411442034956052,-0.05142784052617841,-22.429008405564904,0.16736502855202381,148,16.5961927717311,-14.328076039432858,-0.026298064164299105
1789320871.5493913,LIDAR_ONLY,14.013297043677465,-11.661350983146118,-4.5932097564026035,0.1642918517910099,0.0038040533630735885,-0.2953539819376685,0.9411480977862386,-0.05134671848428504,-22.456760331796964,0.16743013028424708,148,16.61588630420306,-14.345127796223345,-0.024983155552072058
1789320871.6578426,LIDAR_ONLY,14.03299122152783,-11.675408894541004,-4.596104531130913,0.16431947485771675,0.0035840239789085957,-0.2952484027468002,0.9411772657847544,-0.051283138802849626,-22.47851258659773,0.16748116704955923,146,16.634318184466366,-14.361484832079215,-0.023242424802058674
1789320871.7933497,LIDAR_ONLY,14.04835888236892,-11.687035818089514,-4.599494723835823,0.16441362082831207,0.0036502722581242928,-0.2951998523252085,0.9411757986613025,-0.05120047991167598,-22.506766482669516,0.16754748008164466,148,16.653796079557477,-14.378944903790106,-0.021526527795232037
1789320871.9001338,LIDAR_ONLY,14.073656172241025,-11.705586562082965,-4.60332772672889,0.16433179720013927,0.0033691813958368214,-0.2952157517964635,0.9411861499920955,-0.05113624186798563,-22.528770939199312,0.16759902108458555,148,16.67279697042508,-14.395251937019722,-0.02046832806117605
1789320872.0164337,LIDAR_ONLY,14.089721194466174,-11.716416170817396,-4.606102602684379,0.16474965721086923,0.0033957706399049313,-0.29515328485054515,0.9411325930136493,-0.05106470207414596,-22.55327531407877,0.16765643415130974,149,16.691539538402324,-14.413126144511306,-0.019348383963732847
1789320872.1462836,LIDAR_ONLY,14.108168941791915,-11.729745818059406,-4.610799427627709,0.1646142736082762,0.003434089873935005,-0.295212586699901,0.941137543935588,-0.05098301761227275,-22.58127818719316,0.16772207394507788,150,16.71191529037005,-14.429699873055544,-0.018377897044341375
1789320872.2588503,LIDAR_ONLY,14.127825271462008,-11.744886922763882,-4.615243360893823,0.16453710676193162,0.00328801193430647,-0.29524376938281216,0.9411417779041378,-0.05091011536170595,-22.606279208837062,0.16778075635761017,148,16.73290459230193,-14.448106426534254,-0.016754364634746957
1789320872.3698628,LIDAR_ONLY,14.14328172820441,-11.753647191544275,-4.617706985723982,0.16464824791287283,0.0033444171947102593,-0.2952566042154785,0.9411181153287792,-0.050840860586404635,-22.630031162461368,0.16783648921230737,150,16.751179644672618,-14.465026564548848,-0.015502897613016431
1789320872.4799764,LIDAR_ONLY,14.161867409779557,-11.76744477187863,-4.62153622434941,0.16434457617005843,0.003405878110474689,-0.29516981896826244,0.9411981928627061,-0.050772334146288706,-22.653534217339555,0.1678915847729135,148,16.770608117313547,-14.482092484103342,-0.013470088592328002
1789320872.6015527,LIDAR_ONLY,14.176595228018918,-11.777719915309584,-4.6251655135154035,0.16420560657241914,0.0033320571725803227,-0.29518651624231296,0.9412174758226227,-0.050698703088937175,-22.678787956150025,0.167950727896372,146,16.7898964605064,-14.49943032728443,-0.013490340150727616
1789320872.7192733,LIDAR_ONLY,14.189791261027093,-11.786743721826825,-4.627566568451067,0.16422660672163103,0.003391936580674187,-0.2952293954207561,0.941200149006802,-0.05062582466002978,-22.70379025002403,0.16800924011223586,146,16.80626781923785,-14.514880170923352,-0.012910410362887514
1789320872.8448021,LIDAR_ONLY,14.206118289447339,-11.801427515503628,-4.629371301625621,0.1639599000620211,0.0034374577885631138,-0.2953313776394562,0.9412144880085436,-0.05054990916457275,-22.729787940679422,0.1680701669938811,147,16.826102718609683,-14.531820142723985,-0.012264910499970742
1789320872.9713085,LIDAR_ONLY,14.224113737262641,-11.813099851568962,-4.6324184381379245,0.1638339744611091,0.003351951969995151,-0.2952572496452723,0.9412599799004401,-0.050477523017321,-22.754530233586067,0.16812849366118038,148,16.845347869341857,-14.547380345174874,-0.00997681789398681
1789320873.095184,LIDAR_ONLY,14.242933798837884,-11.825892628253364,-4.63607602600333,0.16376548553103096,0.003239701184164309,-0.29534994072587656,0.9412432111830843,-0.05039937159741156,-22.781272062824677,0.16819151494957457,148,16.863100474108684,-14.563847251069324,-0.007941828321740462
1789320873.2148197,LIDAR_ONLY,14.258120344661453,-11.836327171043258,-4.638391002277638,0.16377757345045582,0.003301183670037515,-0.2953382618581447,0.9412445589238044,-0.050324844690541354,-22.80676541913933,0.16825147267019633,149,16.879202164795398,-14.579176102032699,-0.007117670981424916
1789320873.3303173,LIDAR_ONLY,14.275438841492033,-11.84821358092484,-4.6409735333426045,0.1636528518827651,0.0033660675081153605,-0.29525726754151366,0.9412914318233687,-0.05025252240136559,-22.83150971652938,0.1683096336679794,146,16.898713215286765,-14.596115358941104,-0.0058369870056959455
1789320873.4445198,LIDAR_ONLY,14.29040877464544,-11.856546965899526,-4.643763982180805,0.1636132381516847,0.003517217108682457,-0.29524355276514447,0.9413020673704834,-0.05018021214878676,-22.85625518154623,0.16836776786153324,148,16.917484406753417,-14.611604706026062,-0.005041923733388332
1789320873.5654771,LIDAR_ONLY,14.310287029590723,-11.869711396367851,-4.647467146551195,0.16365987509865274,0.003335938499744217,-0.2951441946548324,0.9413257784415393,-0.05010571475218362,-22.881751929386507,0.1684276415275311,148,16.93731035217435,-14.628470972002424,-0.005172251565737685
1789320873.6808593,LIDAR_ONLY,14.327279586439865,-11.882530129171133,-4.65237153365825,0.16333666340645445,0.0035081459157867765,-0.2951664734949927,0.9413743039960301,-0.0500326742528701,-22.906750177642486,0.1684863240383113,148,16.956459471982054,-14.644732810162875,-0.0036852707544857794
1789320873.811671,LIDAR_ONLY,14.34190104747824,-11.892028697648865,-4.655925227371133,0.16314226874284346,0.003719539609158483,-0.295122076726205,0.9414211199050858,-0.049947203762537695,-22.93599987097738,0.16855496455540417,146,16.974835925573515,-14.661339072304807,-0.0025337767834413263
1789320873.9026227,LIDAR_ONLY,14.361811249782807,-11.905731398316664,-4.659478222482433,0.1631333925210812,0.00377422204692219,-0.2952318226757423,0.9413880296519935,-0.049889482527832485,-22.955750632455068,0.16860130274240948,147,16.992553070926185,-14.677775949758031,-0.0012164419966155277
1789320874.0087667,LIDAR_ONLY,14.377519740493431,-11.915677034644718,-4.6635394113845035,0.1632477496774647,0.0039004863650788186,-0.2952335282662898,0.9413671559061307,-0.04981567859184863,-22.981002539246834,0.16866054402790037,146,17.010319683223404,-14.694543273931531,-9.287517017033986e-05
1789320874.1172493,LIDAR_ONLY,14.396737869606863,-11.928397583677821,-4.666665358554181,0.16351953444485962,0.0038172096106077586,-0.2951424461113564,0.9413488871131309,-0.04974554984907208,-23.0050051248978,0.1687168691363955,148,17.02972998687891,-14.711491076895932,-0.00025462012344739483
1789320874.2317193,LIDAR_ONLY,14.413466755097371,-11.940426262447064,-4.66973571079542,0.16346401750085804,0.003964614039266961,-0.29507081370480265,0.9413803756811507,-0.049671635812279374,-23.030258992609994,0.16877613458045443,148,17.048557923197393,-14.728512080777696,0.0004433558383720843
1789320874.341002,LIDAR_ONLY,14.43214845220515,-11.954278927025648,-4.673205431542272,0.16328743872912338,0.003880213762673326,-0.2950112047197889,0.9414300533678631,-0.04959863053394428,-23.05526416957682,0.1688346972805309,149,17.06718038958141,-14.745420389405924,0.0007434285677505995
1789320874.4548407,LIDAR_ONLY,14.450876310614705,-11.967980868478554,-4.677065590088848,0.16339443307454496,0.003772751687033855,-0.29516175151670404,0.9413647359161844,-0.04952493254949836,-23.080518505402097,0.16889387916600673,149,17.086653856236982,-14.76248630543786,-0.000901876782525269
1789320874.5713062,LIDAR_ONLY,14.466316249025775,-11.97831199069408,-4.680251516902824,0.1632772429075833,0.0038495226873237207,-0.29511803796258435,0.9413984633473185,-0.04945056081967121,-23.106020726421892,0.1689536660506491,149,17.105457316128934,-14.778832300174912,0.000617248588669627
1789320874.6814137,LIDAR_ONLY,14.48822053059693,-11.993307160780933,-4.682613102419388,0.1634325709668308,0.003705627307646843,-0.29519751258940524,0.9413471684954795,-0.04937912559740951,-23.130522158141652,0.16901117869629947,147,17.125671741780796,-14.797100988424516,0.0032912501321688925
1789320874.7982905,LIDAR_ONLY,14.502523887800264,-12.003305669192502,-4.68609743778377,0.16346827641957848,0.0037411725165914607,-0.29521687085706366,0.9413347573493593,-0.049307694845986794,-23.155024845436586,0.16906865627842468,149,17.144519931877724,-14.814039531949172,0.0036176495648267888
1789320874.9094956,LIDAR_ONLY,14.521421265124234,-12.016123592532477,-4.688579750790806,0.16339168803548076,0.003732709035310841,-0.2952020458428886,0.9413527369133989,-0.04923262420601836,-23.18077879356181,0.16912900653236967,148,17.16347523558888,-14.831087491564075,0.005338689272545673
1789320875.0250447,LIDAR_ONLY,14.540215597405076,-12.025312045921009,-4.690114449502683,0.1638732427058009,0.0034778749552619725,-0.29519078634976786,0.9412735332330804,-0.04915901351249523,-23.20603262354128,0.1691881323354887,148,17.18353780040914,-14.84763656506689,0.0056275274281629315
1789320875.1348116,LIDAR_ONLY,14.556745883693408,-12.035664539449698,-4.693636579506719,0.16409699060875488,0.0033957877727778304,-0.2951809761780672,0.9412379282631548,-0.04908908912574242,-23.23003397723209,0.1692443040050014,148,17.199840141974306,-14.863005895830621,0.0073231360523756325
1789320875.2480237,LIDAR_ONLY,14.571105484869397,-12.046518493595986,-4.695897615165347,0.16397732164589943,0.003403155064204767,-0.295165437590185,0.9412636299005932,-0.049015303199899385,-23.255279997964863,0.169303559050845,149,17.22029557964586,-14.882590991459796,0.008019961764903324
1789320875.3563216,LIDAR_ONLY,14.58766285605359,-12.057200902330285,-4.697134885300373,0.1643606553987637,0.0034553604127775333,-0.2952076763695124,0.9411833313727035,-0.048942977939843535,-23.28002191329331,0.16936192867229555,148,17.239155131916394,-14.897771644458354,0.00740523644702002
1789320875.4805343,LIDAR_ONLY,14.607379969141022,-12.069484116416405,-4.700145099811465,0.16457807487827433,0.003235578422733682,-0.29514718274984203,0.9411650911590713,-0.04886044219705532,-23.308263672298008,0.16942843542116628,148,17.256835642008667,-14.914050358030227,0.008826508746992204
1789320875.5781872,LIDAR_ONLY,14.618478836795054,-12.079472045831045,-4.702640822406286,0.164390562673431,0.003562206198487325,-0.2951419266682043,0.9411983301693075,-0.04879688663987414,-23.330008041019155,0.1694795697572316,147,17.273489771130883,-14.929984458607887,0.00894911813883252
1789320875.6903434,LIDAR_ONLY,14.636309546973497,-12.092399435850858,-4.705443969358471,0.16442983016536336,0.0033984533586223368,-0.29511595044177397,0.941200221664555,-0.0487238452636882,-23.355002398366235,0.16953831492675925,148,17.291055449626032,-14.944983577499,0.011349102950286792
1789320875.799709,LIDAR_ONLY,14.655232831265337,-12.105554406464273,-4.709331127287627,0.1647110943717919,0.003351748803809852,-0.29509570827010134,0.9411575554238356,-0.048650080782140004,-23.380248003441714,0.16959761968210407,148,17.30957298173422,-14.961572663343333,0.013521077231536009
1789320875.9055963,LIDAR_ONLY,14.668650185847595,-12.116394891915762,-4.711642044109211,0.16471577856661956,0.003451863570644962,-0.29505599719112546,0.9411688240962046,-0.04857850714845918,-23.40474514153823,0.16965514205986837,147,17.32814705612214,-14.97634100560847,0.014283007373557628
1789320876.0268917,LIDAR_ONLY,14.686958406281754,-12.131309280700108,-4.716198597499174,0.16462375211838667,0.003350693077936234,-0.29511348113587,0.941167267995562,-0.048504735972098284,-23.42999365477505,0.16971440816541092,146,17.34448934819954,-14.991923538586553,0.015006243020845585
1789320876.1486814,LIDAR_ONLY,14.700639375155925,-12.139500535169626,-4.718894880913718,0.16459341730151927,0.0033856873381863366,-0.2951501896000876,0.9411609371841185,-0.048428761690726976,-23.45599361170488,0.16977541890164616,149,17.362245693673415,-15.008181809537067,0.016556598060320775
1789320876.2461581,LIDAR_ONLY,14.719389579527565,-12.15263780101803,-4.722492410100836,0.1646960672403885,0.003260606113861226,-0.29522406758685676,0.9411202493841001,-0.04836446523272517,-23.477994636198684,0.16982703339333727,149,17.38248635608606,-15.025858792861245,0.017302106710693738
1789320876.3680289,LIDAR_ONLY,14.734546419409972,-12.163265926736866,-4.72524751130328,0.16466385333896322,0.0033170262490768926,-0.2952317059017178,0.9411232929700492,-0.048284819404562945,-23.50524697410266,0.16989096568201256,147,17.4011365327852,-15.043932257923798,0.017489733921919354
1789320876.474507,LIDAR_ONLY,14.747314341163309,-12.171215302295154,-4.728184213531081,0.16475417038385126,0.0034893969104182725,-0.29519547691471004,0.9411182273547928,-0.04821246366976825,-23.529999900783736,0.16994906432721252,149,17.420364897879075,-15.05937186704761,0.019607130356192697
1789320876.5908961,LIDAR_ONLY,14.76389603180912,-12.182215460144992,-4.730949699559942,0.1647648466051724,0.003503004955967328,-0.2951112528435405,0.9411427217614599,-0.04813715877160049,-23.555754363819855,0.17000946282004234,150,17.436964088927557,-15.074090789414333,0.019649431473577214
1789320876.6965814,LIDAR_ONLY,14.781714201246327,-12.194261355408916,-4.733786013388579,0.16476610259979121,0.003354155568578919,-0.2952234265001855,0.9411078628510051,-0.04806466840707106,-23.580249825340033,0.1700691455967495,148,17.454627578851667,-15.090907953364276,0.01883003335349977
1789320876.804251,LIDAR_ONLY,14.800341360761252,-12.20524592472563,-4.7367949837401335,0.16495569494984635,0.003387568710347183,-0.2953546551365897,0.9410333526347471,-0.0479906813138255,-23.60447572961885,0.1701319023780606,148,17.473163098544344,-15.107152431068315,0.020042524112728676
1789320876.938388,LIDAR_ONLY,14.821069304226416,-12.220410747179915,-4.740537452111608,0.16503706594080098,0.0030720252259838726,-0.2953854670668314,0.9410104969512151,-0.04790053670579292,-23.634453499504044,0.17022415033606714,148,17.49347862868944,-15.123925466777639,0.021830433409053836
1789320877.083685,LIDAR_ONLY,14.836733026619227,-12.233270883204645,-4.744299607913805,0.16480863499811396,0.003133373382016991,-0.29542658654465,0.9410374210220781,-0.04780443898338063,-23.666921670936063,0.17032838521268076,150,17.511972380067906,-15.142175393983699,0.023665869829743728
1789320877.1555972,LIDAR_ONLY,14.85473318846233,-12.244972831054344,-4.746679500833893,0.16474808769264793,0.002953930233579764,-0.2953477365085906,0.9410733533774309,-0.04775833325747626,-23.68240702839251,0.17037759547709402,146,17.53057497402311,-15.159019839185786,0.025132084137873448
1789320877.256742,LIDAR_ONLY,14.867822300226495,-12.254862728620969,-4.750547208514665,0.16477211598877778,0.0029800483634943916,-0.29540356369308646,0.941051541448053,-0.04769421242722344,-23.70388760743353,0.17044562189032414,150,17.546683363723993,-15.174538917124346,0.025901415040587114
1789320877.3695235,LIDAR_ONLY,14.882568942910243,-12.262227162104077,-4.752687062313034,0.1653737882774114,0.002912247529816192,-0.2953942698277494,0.9409491241921818,-0.047616087447078,-23.72986730968793,0.17052750754256701,150,17.56564532070559,-15.190808944861274,0.027660200484251066
1789320877.484495,LIDAR_ONLY,14.900894701768038,-12.270913479691119,-4.755735871760478,0.16563653916445242,0.0027309892130552758,-0.29541448756595196,0.9408971033687408,-0.04754264606310751,-23.754105563028638,0.1706041479728773,150,17.583371062664007,-15.206339101586133,0.030352793561589663
1789320877.5950198,LIDAR_ONLY,14.91913660532794,-12.283909063327167,-4.7593206587571,0.1655869014711677,0.002587348476314859,-0.2954825377227687,0.9408848779685816,-0.04746316334347764,-23.779876818400087,0.1706850951512947,146,17.60240705768734,-15.222808460174898,0.03126913375721822
1789320877.6941094,LIDAR_ONLY,14.93777183535681,-12.296495269860484,-4.762329986937073,0.16595073787247047,0.0023442458644475357,-0.2955659115142468,0.9407952216405343,-0.04739107796388731,-23.802429758376952,0.17075419624538454,147,17.620057331493342,-15.237411999361788,0.032390253537479666
1789320877.8140295,LIDAR_ONLY,14.954018782325845,-12.30662178497986,-4.76623406921322,0.16648034876918266,0.0022444406614141963,-0.29570864285172965,0.9406570334094126,-0.04729986808096204,-23.83003067895177,0.1708388929507597,149,17.63931084430948,-15.254908665253117,0.032496051364285385
1789320877.94156,LIDAR_ONLY,14.972728990020668,-12.316003311732983,-4.7677213333537205,0.16668589668353334,0.002114111536169654,-0.29564060936919245,0.9406423190942622,-0.04720470517225411,-23.859137336858005,0.17093046273358453,147,17.65653405735322,-15.271352482140387,0.032434369134704905
1789320878.0341842,LIDAR_ONLY,14.988775615283412,-12.326549045061718,-4.769832546327699,0.16674388382265082,0.0020170792315281536,-0.29568761654060005,0.9406174791187177,-0.047137325031240226,-23.8802082932389,0.17099743316689148,148,17.677000297362007,-15.288212767491473,0.03444925972437963
1789320878.1393797,LIDAR_ONLY,15.004835446936305,-12.335892833900104,-4.772512232747928,0.16681583430399582,0.0019063077752839357,-0.29560081218746054,0.9406322359191405,-0.04705822576381481,-23.905034458599793,0.1710771514720877,150,17.696418107430027,-15.304712489452438,0.03466904962483495
1789320878.252094,LIDAR_ONLY,15.020849691232936,-12.346780853385829,-4.774420977030864,0.16698264687275843,0.0018943383532644853,-0.2955419602108427,0.9406211548122355,-0.04697745640026493,-23.93010591304208,0.17115696414227097,148,17.71445808217697,-15.319934866228852,0.03529654595288521
1789320878.354604,LIDAR_ONLY,15.03773577186999,-12.357526352740951,-4.7775982286611205,0.16712286350341746,0.0019296193363022931,-0.2955436705036322,0.9405956431373025,-0.046906034639274216,-23.95291279627865,0.17122959386228928,145,17.733157466714133,-15.33615843824279,0.03697101880680956
1789320878.4621181,LIDAR_ONLY,15.051892965471238,-12.36779733727198,-4.778871973649352,0.16741602788751384,0.0018111885737496442,-0.2956567421758012,0.9405082051786202,-0.04682723152085133,-23.977718368275845,0.17130908717777127,149,17.749820998719315,-15.35072095773463,0.03757316143783255
1789320878.582718,LIDAR_ONLY,15.066595096914911,-12.378089863323787,-4.781253575583499,0.16729945441739316,0.0017987552077607953,-0.29558350142491924,0.9405519925643292,-0.04673886442628292,-24.00551964717624,0.17139755904390114,147,17.76869431196721,-15.368358667866142,0.037664532930007454
1789320878.6890934,LIDAR_ONLY,15.078690869253588,-12.386318769942175,-4.783370869737567,0.16721663975705858,0.0018895706342908173,-0.29553293571192035,0.9405824306357579,-0.046660721273699704,-24.030309852331225,0.1714765615128618,150,17.786663735176614,-15.386099140776853,0.03868362925613652
1789320878.8068588,LIDAR_ONLY,15.093427375113246,-12.399033356987989,-4.786615028764245,0.1671233015931442,0.0017344744008029973,-0.2955645660601426,0.9405893795662589,-0.04657821555752609,-24.0571050486864,0.17156270611430785,146,17.80394656665701,-15.402507975930206,0.04077102523369705
1789320878.9106288,LIDAR_ONLY,15.105010500408168,-12.408232512672967,-4.78839553076457,0.16690070342254124,0.00173099804522159,-0.2956293909527806,0.9406085381537405,-0.04650561027922322,-24.080379749472016,0.17163541678573202,148,17.823328044788784,-15.420154088246868,0.042090414445252515
1789320879.0265749,LIDAR_ONLY,15.11717942505547,-12.416359628558554,-4.790398135809506,0.16708683769705207,0.0018468373693011737,-0.2956496814586292,0.9405688936561433,-0.04641685633842124,-24.10589534786627,0.17171187552181055,146,17.842018928013193,-15.435201708250956,0.042067516607106295
1789320879.1371884,LIDAR_ONLY,15.129916781249596,-12.426832052201794,-4.793771396047032,0.16685416861925756,0.0019847302041716463,-0.295729127254995,0.9405849406371506,-0.046330593752171106,-24.130887877875992,0.17179017957298875,150,17.861062257666468,-15.451196449085618,0.04259100869312436
1789320879.2491775,LIDAR_ONLY,15.151011983885196,-12.44217888045187,-4.797474128617927,0.16681972946486884,0.0017864537997301696,-0.2957499792217086,0.9405848904986984,-0.04624184898075859,-24.1566305955287,0.17187012537297638,148,17.877160879989525,-15.464799309124608,0.04320048528899308
1789320879.3573081,LIDAR_ONLY,15.165820199605536,-12.452731435206935,-4.800094592186593,0.16688533625926713,0.0018232447615598544,-0.29569143339582904,0.9405915885954386,-0.046157131946292645,-24.180876076688307,0.17194428690714633,149,17.897656767254936,-15.482496494620587,0.04334782463245076
1789320879.4688997,LIDAR_ONLY,15.182361084558423,-12.464771544295399,-4.8028489852598355,0.16678576601349862,0.001820616642829835,-0.29565159646528016,0.9406217768677597,-0.046069581813413446,-24.20587269785038,0.17202194782839367,146,17.916089511223873,-15.49926938005841,0.04535009155040587
1789320879.6096613,LIDAR_ONLY,15.198075653477684,-12.477969190932601,-4.806029258182257,0.16665091698595183,0.001892889893151893,-0.29566040762154566,0.940642765453844,-0.04595069871531893,-24.23986201115988,0.17212970453281823,149,17.934661534322224,-15.514662170946023,0.046315112324334086
1789320879.6792686,LIDAR_ONLY,15.214315426098612,-12.487221251272407,-4.808547768011324,0.16686581005772844,0.0019095707643536442,-0.2956212650335545,0.9406169372455692,-0.045897444010974744,-24.255111988197992,0.17217828890366593,149,17.95317699833966,-15.531950712229047,0.04629131311568583
1789320879.7962997,LIDAR_ONLY,15.237376089933777,-12.50207439774356,-4.812723721675288,0.1671087604841975,0.001737506199369355,-0.2958565305163529,0.9405001629943871,-0.045815010901913616,-24.28161140880223,0.17226143242951877,148,17.973472994138728,-15.548852961162458,0.04432193285347271
1789320879.9024231,LIDAR_ONLY,15.254764902849598,-12.512317362947034,-4.815576454314505,0.16749808258807755,0.0016572023283892498,-0.2957279319130965,0.9404714968015583,-0.0457162823839604,-24.30518443794216,0.1723349610394148,147,17.991654376563112,-15.564366041591345,0.045472740136782173
1789320880.0150774,LIDAR_ONLY,15.275491002749963,-12.525602302021596,-4.819626472290259,0.16793550404001029,0.0015354972678710255,-0.2958022999136187,0.9403703037084815,-0.0456222547198816,-24.330250985565424,0.17241238104824344,146,18.013166510498674,-15.581891424366926,0.04632503501947783
1789320880.1216054,LIDAR_ONLY,15.290031933415884,-12.535726695221474,-4.822721484703365,0.1679416869704815,0.0015964996764938975,-0.29577709688207127,0.9403770254139058,-0.04552866560882815,-24.355610714352146,0.17248703442989616,149,18.033031841829693,-15.600829398806622,0.047029069508966306
1789320880.232623,LIDAR_ONLY,15.308783634714624,-12.546490503183648,-4.825572328946612,0.1679807412071495,0.0016346385440207131,-0.2956875130332325,0.9403981567275369,-0.04543155884157679,-24.380970828482223,0.17256904984095156,149,18.052481411304452,-15.617648684187648,0.04842855499353015
1789320880.3404438,LIDAR_ONLY,15.323449640780293,-12.556940973816547,-4.827019542166434,0.1673910729577474,0.001813033237797144,-0.2955962156542235,0.9405316682044442,-0.04533791722699067,-24.40582066451889,0.17264898785427535,148,18.070453043505896,-15.633787440271602,0.04849687853536752
1789320880.4487002,LIDAR_ONLY,15.337016347220462,-12.567400970256838,-4.829189304726816,0.16709289773195146,0.0019995511057348107,-0.295482230973924,0.9406201233769071,-0.045245685085795434,-24.43066322833274,0.1727288780643889,150,18.08849322079315,-15.649472516392223,0.04818643589560161
1789320880.5638433,LIDAR_ONLY,15.356680454236365,-12.58056915136424,-4.833303642999754,0.16726091058406245,0.0018719037042678774,-0.29560488899972875,0.9405519833409371,-0.04515088993460445,-24.456243128976404,0.1728105619403771,148,18.10730542441764,-15.666986617111265,0.04888173766638028
1789320880.67202,LIDAR_ONLY,15.372049544069197,-12.59142417649969,-4.8360704962161725,0.16737412030364182,0.001951703747599903,-0.2956805202845708,0.9405079077973292,-0.0450577024972805,-24.48156331699895,0.1728911368684478,148,18.129670444635256,-15.684933189574984,0.05217989614169179
1789320880.785168,LIDAR_ONLY,15.389983414092288,-12.603653502595133,-4.839494955095816,0.1677271940634374,0.0018453701761475358,-0.2957996218523742,0.940407766180454,-0.04496339331387261,-24.50738013532649,0.17297354135988066,148,18.148863493714437,-15.701985071335475,0.052711972931958125
1789320880.8909097,LIDAR_ONLY,15.406875488835956,-12.61475703200027,-4.841943952259472,0.16801868351883817,0.0017303954657232263,-0.29574415515791647,0.9403733952053616,-0.044876146621548374,-24.531435736650433,0.1730505089802891,150,18.167341257210364,-15.720593259736287,0.0535242994168145
1789320881.0025926,LIDAR_ONLY,15.424006514614332,-12.626780742347746,-4.844851953066063,0.16805757345280703,0.0015870601976257265,-0.29564684244670764,0.9403972978461683,-0.0447862701718383,-24.55648422120397,0.1731306384498576,147,18.184206699261562,-15.735049606214552,0.05476010318298001
1789320881.1132512,LIDAR_ONLY,15.439031500024177,-12.635435884916209,-4.8479483862550135,0.16843452711393378,0.0015883193229526149,-0.2956143493990896,0.9403400681386426,-0.04469792719603219,-24.581508003060275,0.17321195016152258,147,18.205072894724047,-15.753333450202216,0.055095768972016415
1789320881.227871,LIDAR_ONLY,15.454458921589891,-12.641681950660631,-4.851014575707366,0.1688457431280665,0.0016223237024225534,-0.2955308224821423,0.9402925162184183,-0.044610821301866624,-24.6060096431905,0.17329167639488494,149,18.222569879874634,-15.77028546393437,0.0547617322412506
1789320881.34026,LIDAR_ONLY,15.46798855495842,-12.651350866795832,-4.854313346442758,0.16905560812530093,0.0017142874687561852,-0.2956951680047089,0.9402029728726273,-0.04451806835218872,-24.632009438413913,0.17337636734745165,149,18.241370784406733,-15.785328182081392,0.056483702687996795
1789320881.4529598,LIDAR_ONLY,15.484388561618713,-12.662455850816464,-4.85786369122313,0.1686499629578768,0.0017684129396116086,-0.295650610387482,0.9402897315654847,-0.04442953368719618,-24.656759496281033,0.17345728623640172,149,18.25993121328214,-15.80198781533992,0.05807372374197703
1789320881.5788164,LIDAR_ONLY,15.501636248490486,-12.674216222004413,-4.861781475989786,0.16852482299801438,0.0016998633359518564,-0.29558759518022676,0.9403321052020385,-0.04432353628492919,-24.686262236859413,0.1735537570328856,148,18.278169213708846,-15.817186535960754,0.0595838690367022
1789320881.666665,LIDAR_ONLY,15.521042673918599,-12.688113075437847,-4.865136709018488,0.1680067601998102,0.0016971598793882807,-0.2956233989447325,0.9404135548639603,-0.04425244637585385,-24.7060138588441,0.17361795474691968,148,18.296577745648946,-15.834988462188623,0.05968914096677431
1789320881.782916,LIDAR_ONLY,15.533111190163158,-12.694916066379335,-4.8664058359309585,0.16777835364536708,0.0017796313507072615,-0.29559944221881895,0.9404617093322987,-0.044160572854369196,-24.731513579935076,0.17370060736803095,148,18.31532692463692,-15.852335277874516,0.06064264979358455
1789320881.8896997,LIDAR_ONLY,15.548941138727304,-12.70459033528607,-4.868357702878582,0.16752946237662608,0.0018185449499553122,-0.29552900683678396,0.9405281379353452,-0.04407399070528767,-24.756515866941722,0.17379049284251225,147,18.334170408238464,-15.867677443937563,0.060632279643585744
1789320881.998381,LIDAR_ONLY,15.56264812346957,-12.715235848868968,-4.870367828869018,0.16739232064041237,0.0019535928372937605,-0.2954644650511423,0.9405725619842873,-0.04399177756158627,-24.78101558411975,0.17388595617114933,150,18.353119923321717,-15.885003467340558,0.06252305436477013
1789320882.1459386,LIDAR_ONLY,15.579860686822348,-12.728597644201928,-4.873310969376478,0.16734096157618308,0.0018644755425472677,-0.29545511943936853,0.9405848173911688,-0.04388440330798951,-24.81377749549252,0.17401633413902978,148,18.372650899029285,-15.900481124613817,0.06253584441292154
1789320882.225709,LIDAR_ONLY,15.597468402715513,-12.740656365317694,-4.877296796315936,0.16754373953611765,0.0017437575986178869,-0.29552393805931604,0.9405273290477021,-0.04382586620606971,-24.83153560861341,0.17408614950699194,149,18.38964219638161,-15.91529237525891,0.06370025309791529
1789320882.3353255,LIDAR_ONLY,15.610983722860825,-12.751120038954454,-4.881037627233993,0.16745859107764507,0.0018281641491080913,-0.29558034497170094,0.9405246077357808,-0.04374470594667036,-24.85628113038981,0.17418431167635984,148,18.409235965100276,-15.934043901831924,0.06465359112330639
1789320882.446647,LIDAR_ONLY,15.62771745743886,-12.76071740088131,-4.88410391980268,0.16787480721224432,0.0017132825146385804,-0.29555048477022405,0.9404600069745458,-0.04366048073968945,-24.88202057094108,0.17428725256639477,150,18.429588674568098,-15.951431125271247,0.06451521597504867
1789320882.5503285,LIDAR_ONLY,15.647369908892022,-12.773348167083345,-4.887048255933497,0.1681019358053968,0.0016251265154521247,-0.2955272096003792,0.9404269065313373,-0.04358203449663939,-24.906012707066044,0.17438304478906466,147,18.448826281643775,-15.96890799962538,0.0649282796493564
1789320882.6646194,LIDAR_ONLY,15.666031598442416,-12.785357587107292,-4.89065414576775,0.1684381528995735,0.0014324286065755482,-0.29563582627950646,0.9403329171182409,-0.043498676442314324,-24.93150678497326,0.17448471486952324,149,18.46906790243405,-15.986588117130266,0.06599967234484176
1789320882.774693,LIDAR_ONLY,15.684201484387348,-12.79666423923062,-4.8931684163419815,0.16861329391774216,0.001472938217712115,-0.29560935525108195,0.9403097875994143,-0.04341697003830579,-24.956503403404863,0.1745843096055534,147,18.486481382868927,-16.00273855898993,0.0673844210957402
1789320882.882986,LIDAR_ONLY,15.700799489933187,-12.805403209073692,-4.897377138610396,0.16898122907007293,0.0016498777983241053,-0.29558630508606654,0.9402506891094443,-0.043335261869250755,-24.981502567680764,0.17468385682301954,147,18.504012749446442,-16.01785433383619,0.06886131881285887
1789320882.9995902,LIDAR_ONLY,15.716446446045135,-12.815082618547113,-4.9001161054577675,0.1693514914638995,0.0017458489859993346,-0.2956219868994381,0.9401726784011006,-0.043253529092681944,-25.006504294702193,0.17478336173513428,147,18.522537182487653,-16.033808777887327,0.06985875444325995
1789320883.1080573,LIDAR_ONLY,15.738219738217737,-12.828892297029356,-4.9034967642964675,0.16946032119338833,0.0016187527266216526,-0.2954926095854682,0.9401939676795495,-0.04317176280502649,-25.031508582507122,0.1748827991208894,148,18.540867684059087,-16.05035412793477,0.0703207615583526
1789320883.2214253,LIDAR_ONLY,15.754755057913236,-12.839704254281935,-4.905108481847249,0.1691993295053357,0.001555142502269457,-0.2953574353431381,0.9402835496882133,-0.04308831768188909,-25.057015143021736,0.17498409807091767,149,18.560812472681015,-16.066868211498083,0.0713333959343765
1789320883.3275568,LIDAR_ONLY,15.771753610373692,-12.848121079169484,-4.908107095551578,0.1694242141011581,0.0016548235562976982,-0.29522249825706315,0.9402852619062265,-0.04300877714315057,-25.081271296454425,0.17508026906329505,148,18.578665861055402,-16.083951435905302,0.07195517708996844
1789320883.4427545,LIDAR_ONLY,15.790114002147178,-12.860442887714461,-4.910482487574535,0.1697713321782422,0.0015043969349879628,-0.29524203492360745,0.940216768822198,-0.04292551007429039,-25.10652026505233,0.17518043467868377,146,18.59621082477762,-16.10035820841787,0.0748241211120118
1789320883.5467417,LIDAR_ONLY,15.81062133332873,-12.875890464363815,-4.914588981626244,0.16976276339259794,0.0014796041021190507,-0.2954615176058173,0.9401494065046668,-0.04284310353372864,-25.13175877240704,0.17528112894689557,149,18.61590437462624,-16.116994286789954,0.07582604668489232
1789320883.6628742,LIDAR_ONLY,15.83002463096778,-12.889601085582811,-4.920521773514199,0.16974935027100838,0.001552661820290014,-0.29544050222369145,0.940158314843652,-0.042760728825191024,-25.156993471374324,0.17538233957067975,147,18.633331284881073,-16.133304726828673,0.07707649973174671
1789320883.767722,LIDAR_ONLY,15.845216041940848,-12.901285627785597,-4.923511508926411,0.16966593426039528,0.0016561950389210405,-0.2954125364251624,0.940181982965209,-0.04267849183730987,-25.182239424686735,0.17548347662773633,147,18.651363712667912,-16.15095806606039,0.07835264166677958
1789320883.8744423,LIDAR_ONLY,15.862651734778106,-12.913233526001948,-4.926592797270353,0.16970637128795682,0.0015904414346747482,-0.2953165122129559,0.9402049647043416,-0.04259946901226361,-25.20649375715498,0.17558005843427307,148,18.66985279061266,-16.167734054879233,0.08098727766922757
1789320883.9877706,LIDAR_ONLY,15.878340206513675,-12.923291329630187,-4.929086480132516,0.16989502396817047,0.001579650955090016,-0.2952589084616323,0.9401890036092532,-0.042519648104163726,-25.23099764212516,0.1756775941650196,147,18.689953461421673,-16.185015316182284,0.08103831600668714
1789320884.1065102,LIDAR_ONLY,15.891866247327178,-12.932861023597837,-4.9322411381387266,0.16976370950787728,0.0016480942810481558,-0.2952236753660942,0.9402236692525353,-0.04243497736993122,-25.2570005065026,0.17578116466227267,148,18.70897177873392,-16.201678071967933,0.08184068125271872
1789320884.2127526,LIDAR_ONLY,15.908878031596858,-12.944693025353299,-4.934685514480398,0.16967386407300267,0.0014821552931231481,-0.29520786527549725,0.9402451272650698,-0.04235358463539321,-25.282001871711596,0.17588089346464522,149,18.726979609321695,-16.217414219781126,0.08347533887521447
1789320884.3160346,LIDAR_ONLY,15.925996636897588,-12.961860038064085,-4.936022228677714,0.16909469667718816,0.0014400218653188585,-0.2953789634452782,0.9402957927411301,-0.04227339800719984,-25.30650428270299,0.1759788954286239,149,18.74598023276699,-16.23392956603353,0.085069065138515
1789320884.426171,LIDAR_ONLY,15.942493536156645,-12.976046808701053,-4.940364054183678,0.16860639093430077,0.0014594412128593186,-0.29543544509126585,0.9403657016029358,-0.04219329360058911,-25.331018430039627,0.1760764015279213,149,18.765992376863935,-16.25010064957835,0.08595503654509318
1789320884.534949,LIDAR_ONLY,15.961577724054832,-12.989476110539893,-4.943152492263201,0.1685140088269183,0.0015049544879518347,-0.29553924659272146,0.9403495720552422,-0.04210953391736598,-25.356532085774848,0.176176683099726,149,18.786325997959604,-16.268190874960027,0.08603765798373968
1789320884.649127,LIDAR_ONLY,15.976875507529963,-12.998668387115519,-4.944566901893814,0.16819267822169282,0.0015552882161740543,-0.29531602415476427,0.9404771395140881,-0.042027033889745255,-25.38177636898761,0.17627712250157274,147,18.805679720225054,-16.28567157780809,0.08656160305533446
1789320884.7564278,LIDAR_ONLY,15.989521228694864,-13.008586453305588,-4.946437075805737,0.16810367954634975,0.001745765029598686,-0.2952301444390613,0.9405196792422424,-0.04194545300500045,-25.406766430764172,0.17637710232173276,150,18.822890710954628,-16.300956236389315,0.08824526698926745
1789320884.86466,LIDAR_ONLY,16.00385204132367,-13.02001740114451,-4.9504511613651685,0.1681675177496538,0.0016748739104084228,-0.29519057892294986,0.9405208147013217,-0.04186556060059218,-25.431259057197856,0.1764748619376254,147,18.84385876996247,-16.31948002539341,0.08954847375992095
1789320884.9800398,LIDAR_ONLY,16.02147641025295,-13.03434690858895,-4.953260120000905,0.1679688785468765,0.0016147491205068343,-0.295124855342061,0.9405770400048632,-0.04178322647538256,-25.456504030564982,0.17657550026577598,147,18.86274943435347,-16.334495282554986,0.09077006270184106
1789320885.0880585,LIDAR_ONLY,16.037962522561084,-13.04685993484941,-4.955833050689187,0.168032113731871,0.0017586271885646,-0.29515307924786316,0.9405566308286364,-0.04170250776170635,-25.481251508212345,0.1766740955424057,145,18.882222278683066,-16.353169144213492,0.09162644339741173
1789320885.2031682,LIDAR_ONLY,16.05128103699095,-13.05796504598138,-4.960067417484962,0.16807978441986324,0.0017932403167775386,-0.2952407367318459,0.9405205355188027,-0.04161851039651025,-25.50700142282578,0.17677663244450298,145,18.903852026761278,-16.371480041723288,0.09236049352041306
1789320885.314257,LIDAR_ONLY,16.072689366359082,-13.071283106651267,-4.961964835176573,0.16832250088054018,0.0015911879146490596,-0.2953438032226394,0.9404451295617027,-0.041538579712369794,-25.53150388498597,0.17687413437466742,149,18.921160088810236,-16.387731094423547,0.094691815969105
1789320885.4310815,LIDAR_ONLY,16.090122764099686,-13.083885324556825,-4.965050801551516,0.16858463122806513,0.001409019576040499,-0.295375856940643,0.9403883984365782,-0.04145535535655488,-25.55700907310065,0.17697553103685365,147,18.941195966190183,-16.40534388773188,0.09626123118288435
1789320885.539069,LIDAR_ONLY,16.10770159408668,-13.094920061115177,-4.968131013635485,0.1688027438707061,0.001485193095304991,-0.29527324990727727,0.940381377820927,-0.041376170254636316,-25.58126578342997,0.1770718162201949,147,18.958099502912155,-16.42057766505685,0.09652883050399846
1789320885.6534822,LIDAR_ONLY,16.11830962822757,-13.101788721810985,-4.972305912779849,0.1694157298942105,0.0017262166960372056,-0.2953109667325574,0.9402588811427482,-0.041289449774442294,-25.607521666074486,0.17717593348440847,148,18.97694685110769,-16.43748605491323,0.09778062418234833
1789320885.7585807,LIDAR_ONLY,16.133327518202222,-13.116910487068452,-4.975096474939655,0.16907472285583527,0.0015566321571917254,-0.2954080481572827,0.9402900616679166,-0.04121047516539314,-25.631766840724726,0.1772721829118936,149,18.99445862725304,-16.454529385797358,0.09936497977216058
1789320885.8794904,LIDAR_ONLY,16.151089596692763,-13.125838613968769,-4.977992681006743,0.1697539778167541,0.0014768744419015787,-0.2954096125605627,0.9401673078043558,-0.04112512357796795,-25.658002952479197,0.17737699779760902,149,19.012627396084238,-16.470906733741373,0.10047521195314321
1789320885.9803357,LIDAR_ONLY,16.169033061905225,-13.135220080887231,-4.9812663299667195,0.17022028506165918,0.0013840229159726403,-0.29531514160261296,0.9401128156632715,-0.041047032926812776,-25.681988955360705,0.1774733436300251,147,19.03199756164576,-16.487822161468063,0.1015992892940822
1789320886.0922523,LIDAR_ONLY,16.189720634737334,-13.148411667240264,-4.982995462398145,0.1700636614352142,0.0011448341965747423,-0.2952299431831592,0.9401682408281934,-0.04096742459747986,-25.70648816258133,0.1775713197315812,148,19.049960667168584,-16.501874176704153,0.10392546642298668
1789320886.2000468,LIDAR_ONLY,16.20465850938538,-13.158560658933204,-4.985529896425965,0.1700574005666872,0.0011514820938308514,-0.29523508242536745,0.9401677513650293,-0.04088371352778937,-25.73224260458467,0.177673837093334,146,19.06905684621427,-16.517891185567592,0.10488332027076865
1789320886.3545494,LIDAR_ONLY,16.218815740452847,-13.169716731809162,-4.9895945233626655,0.16993528776235714,0.001245763459180928,-0.2952501900318744,0.9401849665532155,-0.04077079046236251,-25.766996839891565,0.17781222016760267,147,19.087810310697424,-16.535154317267803,0.10593456184413708
1789320886.4225209,LIDAR_ONLY,16.232608615002242,-13.181479143401235,-4.993730023106466,0.1694734358665478,0.0013139716401004962,-0.295207545530828,0.9402816243422926,-0.040723685054175535,-25.781497861189703,0.17787000935228456,147,19.105908822924608,-16.552006203860824,0.1077299520878777
1789320886.5314941,LIDAR_ONLY,16.246095952626302,-13.19039332097424,-4.9953301031123205,0.1699245107842802,0.0013924771975540686,-0.29514000535624746,0.9402213031410699,-0.04064409510387071,-25.80599873205074,0.1779678009628045,147,19.124291457491104,-16.568590211280096,0.10986410091701679
1789320886.6443412,LIDAR_ONLY,16.264428330972915,-13.2062815048973,-5.00045218698198,0.1697799946159766,0.0013170983525715911,-0.29526418531261794,0.9402085298229349,-0.040560351905986364,-25.83150254252002,0.1780698125613406,149,19.14346430891566,-16.58585178162319,0.11170055005621286
1789320886.7559004,LIDAR_ONLY,16.280815393340028,-13.218513862523409,-5.003731165277164,0.16981299899408886,0.001297369783479609,-0.2952135713072931,0.9402184903097112,-0.04047828963872793,-25.856771067848346,0.17816987064164896,147,19.162616877882254,-16.603015514455347,0.11345057482564276
1789320886.868277,LIDAR_ONLY,16.29907480873873,-13.22907823545474,-5.008295208441537,0.1697591027492672,0.0013418216970758695,-0.2951423468834903,0.9402505206722316,-0.04039554348359217,-25.882028964209486,0.17826929456314053,150,19.18190026768863,-16.620519056504683,0.11525451610108295
1789320886.976826,LIDAR_ONLY,16.31178922565286,-13.236330739823483,-5.010646943264542,0.17026276360379608,0.0012775004782872854,-0.2951989388849192,0.9401417689921789,-0.0403148966825021,-25.90677057824614,0.17836805953548923,150,19.202546731540487,-16.638681559095758,0.11537812837934608
1789320887.0907829,LIDAR_ONLY,16.328700421510195,-13.244675886221042,-5.01378374102754,0.17061180224021438,0.0014268498396573736,-0.29507006670969943,0.940118733335218,-0.040232732539974544,-25.932010935893075,0.1784689605831064,147,19.22190147478935,-16.655351646753132,0.1166979765999909
1789320887.202753,LIDAR_ONLY,16.347719256148892,-13.256054411984804,-5.015945850714469,0.1709957591166485,0.0012479047917448366,-0.2950840571276154,0.9400448352748171,-0.04015221036121759,-25.956754014895946,0.17856768927659974,149,19.239642153149404,-16.670719905830406,0.11647232203476
1789320887.3189285,LIDAR_ONLY,16.36514098418621,-13.267542952953145,-5.018871477698265,0.17131382591283106,0.001336235062318248,-0.2949496225083034,0.9400289930152026,-0.04006843464098833,-25.98249931278327,0.17867031617716642,150,19.258963770394338,-16.688368173294784,0.11935448298983937
1789320887.4252799,LIDAR_ONLY,16.38414039559218,-13.27772856830387,-5.021961531695624,0.17151653369684253,0.001381195901573859,-0.29492613577207766,0.9399993326620245,-0.039991186153918515,-26.00624738082147,0.17876490484477994,150,19.277442863405884,-16.704685106788688,0.11929738640060647
1789320887.5406363,LIDAR_ONLY,16.402389190620468,-13.290335060175233,-5.024635950028046,0.17158035655921194,0.0012972131799292858,-0.29485117397351135,0.9400113210421572,-0.03990659725542954,-26.032247942443806,0.17886841481254862,148,19.29640716731923,-16.720135088780772,0.12141361200896959
1789320887.64937,LIDAR_ONLY,16.42107794496893,-13.30178658553724,-5.027160145805931,0.17176849072597822,0.0011479358577617777,-0.2949306532753789,0.9399522209110123,-0.03982767307275625,-26.056501021685357,0.1789649053348148,146,19.31454415390441,-16.734770621462776,0.12356515023998513
1789320887.7607048,LIDAR_ONLY,16.435791449339117,-13.31022941692552,-5.029333920386678,0.17212113873348395,0.0010027328101758104,-0.2949052111882895,0.9398958583492061,-0.039747083591896215,-26.08125658166539,0.1790632938090054,150,19.33172354635783,-16.752431171938458,0.12698583964428697
1789320887.872207,LIDAR_ONLY,16.45124551961937,-13.32352294079158,-5.0319427216925865,0.172140857516852,0.0008723622249288337,-0.2949039689046788,0.9398927669057676,-0.039665635721623266,-26.106263588938894,0.17916250859660782,149,19.350623855822782,-16.769177398581782,0.12804843362139115
1789320887.9842923,LIDAR_ONLY,16.46835750836118,-13.337611292410712,-5.033226570217006,0.1725008811901995,0.0007708780437825448,-0.2948651187322875,0.9398390359474543,-0.039580837725846085,-26.132017461461306,0.1792646019892892,149,19.367903875388613,-16.785377223856255,0.1296824300647769
1789320888.0974982,LIDAR_ONLY,16.48530723096282,-13.348208890243537,-5.036820454686123,0.1724375521121892,0.0008167951352782798,-0.29484574419739623,0.939856696840506,-0.03950114674772377,-26.156509788320257,0.17936202087080502,144,19.387235520718132,-16.80344784704941,0.1322062035610561
1789320888.2154422,LIDAR_ONLY,16.50123361978859,-13.360346465430602,-5.04105096693818,0.1728171849102285,0.0009162052810728772,-0.2949169427719124,0.9397645332920666,-0.0394143603888238,-26.183244393027053,0.1794689732893386,146,19.403872612607874,-16.81826460607543,0.13343996617440432
1789320888.3188505,LIDAR_ONLY,16.52394743017035,-13.371740992653448,-5.043198576419313,0.17332817089768152,0.0007528082186976111,-0.29484616795306834,0.9396927772928986,-0.03933898746565942,-26.20648316540929,0.17956234873551477,150,19.424431587104312,-16.835681186284294,0.13475663563170082
1789320888.433302,LIDAR_ONLY,16.538629682573244,-13.381695652368345,-5.048102425068012,0.17348286148908146,0.0008497856951858246,-0.29495312941702784,0.9396305795795146,-0.03925550524821633,-26.232235456054063,0.1796651386839564,147,19.443216328879746,-16.852127180645983,0.1345795684801072
1789320888.5443192,LIDAR_ONLY,16.558867001649226,-13.389547441735537,-5.048242158912563,0.1739173120631413,0.0007442682885670287,-0.2948424158514186,0.939585102289487,-0.039176871149388434,-26.256489880983796,0.17976166933550264,148,19.460408414580474,-16.868006485663216,0.13618935570584104
1789320888.6563377,LIDAR_ONLY,16.57667037569758,-13.399056079624657,-5.051970288294138,0.1740436701044365,0.0007717162901531384,-0.29466048349617124,0.9396187550365033,-0.039095835425208475,-26.281493270300217,0.17986122580852185,150,19.47987219967585,-16.88444720943581,0.13685021461173016
1789320888.8034863,LIDAR_ONLY,16.59217314920798,-13.40915452119539,-5.0565872486101995,0.17386397722052538,0.0007627929833473375,-0.2946495746770843,0.9396554494678028,-0.03898648827389735,-26.315245643353624,0.17999579435202528,147,19.497480407620102,-16.901357292328605,0.13912608173285626
1789320888.8834128,LIDAR_ONLY,16.61350674137501,-13.425081821925744,-5.061917054911582,0.1737690783883435,0.0005824807291796617,-0.2947140204371919,0.9396529222377868,-0.03893221453404218,-26.33199643805938,0.1800627456023842,149,19.516010157498958,-16.916164338600506,0.14116369240530405
1789320888.9898133,LIDAR_ONLY,16.63540225331311,-13.440514812393063,-5.064857819764053,0.1735715276284109,0.0007870880753266174,-0.2948255005910515,0.9396543138252159,-0.03885196428118433,-26.356503130064073,0.18016072739888309,145,19.53400617928178,-16.932837483613053,0.1421669880019374
1789320889.1001563,LIDAR_ONLY,16.65207515920753,-13.456467323589242,-5.069687029560033,0.173182506844417,0.0009009377505169539,-0.29480049363794086,0.9397338328404908,-0.03877066075680988,-26.381523415183853,0.18025937288063912,145,19.55378378974055,-16.95043205379998,0.14361130934114216
1789320889.213326,LIDAR_ONLY,16.666829094650932,-13.468030477406499,-5.072462582840492,0.17316860605171536,0.000873691145926537,-0.2947855721140298,0.9397411010567174,-0.03868911390077388,-26.406526500870317,0.18035805008551836,149,19.572459520550925,-16.968722518177888,0.1440693403902929
1789320889.329841,LIDAR_ONLY,16.67864685779974,-13.479850516626758,-5.076010378008151,0.17294722499943804,0.0010711054780136477,-0.2947779588012759,0.9397840523774609,-0.03860709277454018,-26.431766807733172,0.1804589713005334,148,19.59084263901231,-16.986981297038586,0.14539138569928398
1789320889.4389503,LIDAR_ONLY,16.694761971219258,-13.490995097745078,-5.077611607240096,0.17251289195033384,0.001147637094864162,-0.2945492116496028,0.9399355014875376,-0.03852755971409501,-26.45625803300238,0.18055685876455244,148,19.607755595122917,-17.00264919711602,0.14664314044664473
1789320889.5546892,LIDAR_ONLY,16.708632200926903,-13.499537815570688,-5.079570592734067,0.1723255828377098,0.0012617220462997519,-0.294479883469511,0.9399914360189164,-0.03844481540886825,-26.481751666766513,0.18065854682513882,149,19.62774798312642,-17.02051593348535,0.1477012151913102
1789320889.6679654,LIDAR_ONLY,16.72449101840507,-13.505707479919732,-5.081000651670909,0.17263132245651236,0.0012994908622447178,-0.2944068290174481,0.9399581676108282,-0.03836368712511866,-26.50674796962496,0.18075816411081555,150,19.647570278199815,-17.036585316458993,0.15010023647000914
1789320889.7925305,LIDAR_ONLY,16.748356080459352,-13.518650966846629,-5.085225773219162,0.17303134222885558,0.00123263346147664,-0.294497770100411,0.9398562116766138,-0.03827767319554558,-26.533246735323868,0.18086370968643992,149,19.6675287032662,-17.05179029096257,0.15112968889479708
1789320889.9111333,LIDAR_ONLY,16.76273657822629,-13.526985625115158,-5.08929826836809,0.17332172204590343,0.001294867032067383,-0.29453527636552856,0.9397908676735978,-0.03819651013104794,-26.558248186404246,0.18096323291989694,148,19.685344515688598,-17.06756704042177,0.15257227012751923
1789320890.0207558,LIDAR_ONLY,16.77783769749087,-13.537269413832853,-5.0902120780632565,0.17299298323827386,0.0014965166138643422,-0.294390426565371,0.9398965182055979,-0.038117767144231776,-26.582502149339852,0.1810596996476881,148,19.704118399295577,-17.084227261676833,0.15443026129931614
1789320890.1414714,LIDAR_ONLY,16.792127453094476,-13.545064688373875,-5.093808690487134,0.17306759911136532,0.001555567034586191,-0.29426893839943263,0.9399207297651753,-0.038036548711522525,-26.607508569155936,0.1811590350329545,145,19.722058648793084,-17.10050509281884,0.15542605318321906
1789320890.2595952,LIDAR_ONLY,16.805406471575676,-13.55494556693088,-5.096179094099819,0.17313414149413814,0.0016259374529597036,-0.29423873040628246,0.9399178128460944,-0.037954477117067606,-26.632765581090162,0.1812591648681743,146,19.741321508079427,-17.117898943670166,0.1577606181517509
1789320890.3727038,LIDAR_ONLY,16.82235744109243,-13.566088668070389,-5.0990152242874585,0.1733014498691194,0.0014883688944872114,-0.29411695395360055,0.9399253213039591,-0.03787241175219121,-26.657766402958355,0.1813582952928548,145,19.762845395990524,-17.13473745735862,0.15855079548485806
1789320890.4927335,LIDAR_ONLY,16.842478342510585,-13.580614841531006,-5.102087448005951,0.1733421778311609,0.0012932455280892554,-0.2941301403236625,0.9399139734326418,-0.03778806047431432,-26.683754852139263,0.18146190027062778,147,19.780195068012166,-17.15305533092701,0.16149443229838328
1789320890.612566,LIDAR_ONLY,16.86489225442479,-13.597361548046077,-5.106207944787502,0.173363718007008,0.0011411854408727544,-0.29441138153349006,0.9398221413640551,-0.037710443188526455,-26.70773963124014,0.18155801007955563,148,19.801428723085888,-17.169975555210666,0.16315764378994416
1789320890.730937,LIDAR_ONLY,16.888275460915683,-13.61299312343907,-5.109003374621816,0.17339328667778994,0.0009351405576744945,-0.2944712144224835,0.9397981685041523,-0.03763043882579295,-26.732481395937956,0.18165734117284327,147,19.821451240468814,-17.187915382952493,0.1648565423979002
1789320890.848185,LIDAR_ONLY,16.90439841293441,-13.62413102074932,-5.111966909560879,0.17312497386019712,0.0009758197003023089,-0.29448429443770463,0.9398434931047541,-0.037548769075507485,-26.75773518385127,0.1817579823908763,149,19.84001822483863,-17.206057074301135,0.16629956642198201
1789320890.9713783,LIDAR_ONLY,16.920514809556046,-13.63347989069564,-5.113462510980671,0.17323394243399678,0.0011821412281166445,-0.2943007370352177,0.939880673230075,-0.037464682895070905,-26.78373923168187,0.18186148804419433,150,19.857106407714067,-17.221660260969024,0.16767018648104454
1789320891.0856414,LIDAR_ONLY,16.937851018597684,-13.64173155341827,-5.115744443054883,0.17310180421016697,0.0011265244331316855,-0.29417611038148866,0.9399441006797717,-0.03738628306820864,-26.80799173777186,0.18195808513670056,148,19.874598022455654,-17.237610490487306,0.16926748906070926
1789320891.2006018,LIDAR_ONLY,16.951906122887376,-13.65170899426774,-5.118771587634318,0.17323080041742178,0.0011911370861629174,-0.2941812513944503,0.939918646642983,-0.03730628459378574,-26.832742940077253,0.18205679268060643,148,19.891878606939727,-17.252038126188157,0.17151176223727466
1789320891.323454,LIDAR_ONLY,16.97299615393573,-13.66255730436247,-5.120816782178565,0.1732163310830974,0.001177193660328757,-0.29390327056038856,0.9400082895459508,-0.037223621009283184,-26.858244521701863,0.18215877740723102,147,19.911420477443393,-17.269302999465967,0.1735586108354819
1789320891.48701,LIDAR_ONLY,16.99171361560172,-13.67633860096809,-5.125116122795926,0.17350341790206333,0.0011178810649793882,-0.2940699589979159,0.9399032788181934,-0.03710735108489205,-26.894016481007046,0.1823008330540406,146,19.93164211034164,-17.285513754012968,0.17469393909270375
1789320891.5567493,LIDAR_ONLY,17.00753138331472,-13.68826280573143,-5.126453904295037,0.17407292910135605,0.0008659368442172712,-0.29415503039948226,0.9397716124666332,-0.03706240677635368,-26.907774418580452,0.1823548030127954,146,19.95260031274979,-17.301962673572486,0.1759270628469924
1789320891.6782856,LIDAR_ONLY,17.026998548142252,-13.704224981023778,-5.12908122613889,0.17466594828475296,0.0007372193124754843,-0.29427375041358544,0.9396245116188681,-0.0369803939199764,-26.933021565607007,0.18245495013365348,148,19.97139009598487,-17.320009169694423,0.17733054698729708
1789320891.8002145,LIDAR_ONLY,17.041801421791234,-13.716706800826296,-5.131173467665648,0.1745986138043227,0.0008276662123841556,-0.2941670928497013,0.9396703467230437,-0.03689940459959379,-26.958011241254894,0.18255494816791687,147,19.988251835323766,-17.337735900994797,0.17903799677832347
1789320891.9142156,LIDAR_ONLY,17.060003803845383,-13.725413256695909,-5.134187149553246,0.17500817010795736,0.0006900207442288213,-0.293955453735722,0.9396605001200502,-0.03681929454711462,-26.98275314083383,0.18265374311698307,148,20.008257072446426,-17.354892373121732,0.18042912597586946
1789320892.0332067,LIDAR_ONLY,17.075697385711134,-13.737008108605046,-5.137630396749485,0.17517440106698196,0.0005517472754980848,-0.29387281367280915,0.939655465673347,-0.03673674701815764,-27.008247356998982,0.18275541801153225,147,20.026788786780816,-17.371103450898627,0.18207030644452193
1789320892.1457057,LIDAR_ONLY,17.08940637243109,-13.745965260704939,-5.1392999832776525,0.1750511177343865,0.0006906148275740659,-0.2938196399691535,0.9396949762553266,-0.03666068496491308,-27.03174430286127,0.1828490451229611,147,20.046150190934902,-17.3882984699834,0.18437443649796295
1789320892.268102,LIDAR_ONLY,17.10960858197103,-13.759100501449614,-5.143828135799058,0.17520131261088862,0.000665464263652625,-0.29396125700092585,0.9396227097080887,-0.036573296562242494,-27.05874366633193,0.18295655821892537,145,20.06446438517686,-17.403874046174295,0.1861213775160247
1789320892.3844712,LIDAR_ONLY,17.135149539245823,-13.772034419507152,-5.14672703259105,0.17543409009170166,0.00039205687415035134,-0.2938129927517356,0.9396258040386997,-0.036492354063300814,-27.083745839783198,0.1830560594166738,150,20.085316447528626,-17.42067274261051,0.18892263179790056
1789320892.5000083,LIDAR_ONLY,17.15759249260292,-13.785129861333731,-5.148721474457109,0.17616888980426545,0.000122895436467008,-0.2940292301898493,0.9394207358557767,-0.03641623552221933,-27.107250299778986,0.18314952166570375,149,20.102718705059154,-17.436413292720953,0.1894374750764289
1789320892.611931,LIDAR_ONLY,17.174705158234115,-13.799291524496768,-5.151904195708016,0.17551298170835916,7.90356182959547e-05,-0.2938927976633851,0.9395861910898866,-0.03633116251987473,-27.133507493741938,0.18325377586461866,150,20.120195382244567,-17.45218966807608,0.19128905192765502
1789320892.732977,LIDAR_ONLY,17.190977615480318,-13.810839118302082,-5.153940499185589,0.17561742918448006,5.84609666427434e-05,-0.29384643422909934,0.939581177035701,-0.036247873051546475,-27.159013967125187,0.1833549041052232,147,20.136465345823922,-17.467418429709276,0.1914949653072231
1789320892.8832588,LIDAR_ONLY,17.20242325797644,-13.819708434897372,-5.156183620964749,0.1759234750957071,0.00013508103750149624,-0.2937884981843873,0.9395420325871141,-0.036154439797339774,-27.187759062463662,0.1834689939429311,148,20.155010769451387,-17.48398932859446,0.19257949952305112
1789320893.0071275,LIDAR_ONLY,17.21804915819766,-13.832136492447143,-5.1602503775146165,0.17566607628760095,0.0002260819274327071,-0.2936719417745632,0.9396266115553765,-0.03607867511418128,-27.21124612371127,0.1835628419426245,149,20.155010769451387,-17.48398932859446,0.19257949952305112
1789320893.1404586,LIDAR_ONLY,17.230887437040874,-13.840444967664867,-5.162659350353104,0.17579823763463587,0.00023168540331631101,-0.2936042314774851,0.9396230527317566,-0.03599950977895622,-27.23573066977551,0.18366120423748847,148,20.192938489806064,-17.51910496816261,0.19464646076296452
1789320893.3391354,LIDAR_ONLY,17.251678899286333,-13.85110335501417,-5.163999131367576,0.17606465469772592,8.690773295870161e-06,-0.2935613261999971,0.939586603273131,-0.035866468396378054,-27.27698222196898,0.18382597197165562,149,20.210891506548794,-17.534324808573373,0.1961737222816954
1789320893.402176,LIDAR_ONLY,17.270344474163704,-13.861498849136778,-5.167803330262319,0.17658768522808932,-0.0002882598408240072,-0.2938062653083416,0.9394118291769663,-0.03583340146563685,-27.28723413725672,0.18386677194727333,149,20.210891506548794,-17.534324808573373,0.1961737222816954
1789320893.53096,LIDAR_ONLY,17.287435212975076,-13.871012859320516,-5.170944158393262,0.17675252731363222,-0.0003892350724535337,-0.2937560449900727,0.9393964970214082,-0.03575599702973531,-27.311237758887373,0.1839623335208749,146,20.22985159751369,-17.549382761067214,0.19864307771428033
1789320893.665039,LIDAR_ONLY,17.30146116731213,-13.880125177976252,-5.1738134881222,0.17663349761420621,-0.0004181250344592999,-0.2937359603325187,0.9394251531120299,-0.035668155327227724,-27.338490293114887,0.18407092576748446,150,20.26732872562423,-17.582911689513157,0.20135523565181276
1789320893.7908685,LIDAR_ONLY,17.32252687169314,-13.89234290252186,-5.175825947652125,0.17673502862839474,-0.0006797708814922425,-0.29355720002202573,0.9394617809589156,-0.03558918827313608,-27.362991288494527,0.18416875037153294,150,20.285572452086495,-17.599165106899765,0.20328452587399173
1789320893.9116275,LIDAR_ONLY,17.343179925433503,-13.904198212885932,-5.178934288542039,0.17661012684036628,-0.000840040349889194,-0.2934296959215528,0.9395249709193606,-0.03551418716084134,-27.385994812999375,0.18426080612404444,147,20.285572452086495,-17.599165106899765,0.20328452587399173
1789320894.0526652,LIDAR_ONLY,17.35999950163676,-13.914474314005602,-5.181569445725865,0.17679014073012095,-0.000899281546085471,-0.2933555309860658,0.9395142201548673,-0.03542216918804976,-27.414516825106713,0.18437372098347715,150,20.325097939253578,-17.633766095119288,0.20572027058001496
1789320894.1781306,LIDAR_ONLY,17.37815183012269,-13.930765109970965,-5.185221670762083,0.17644684562418378,-0.0010041208349384633,-0.29348314840414486,0.939538793245609,-0.03534494101260112,-27.438274767341316,0.18446715516525367,149,20.325097939253578,-17.633766095119288,0.20572027058001496
1789320894.3354645,LIDAR_ONLY,17.399691960306157,-13.946110563176498,-5.188055956245493,0.17697473700920555,-0.0013208438687605099,-0.2936863718853324,0.9393755972989863,-0.03524958327522658,-27.46776458799582,0.1845849256221519,147,20.36494769006373,-17.666961888559353,0.2089176169612785
1789320894.443806,LIDAR_ONLY,17.417100439291584,-13.957620912529862,-5.191803119650704,0.17699580840815407,-0.0012506691669145165,-0.29364967099319783,0.9393831967616654,-0.03518740357313156,-27.487007276494325,0.1846618873845367,148,20.38407772211691,-17.684059041515283,0.21077333409085014
1789320894.5722475,LIDAR_ONLY,17.434871108880955,-13.968898953150122,-5.19370406686017,0.17675554077953468,-0.0011355413461737018,-0.2933881733996584,0.9395102815077637,-0.03510024332920261,-27.513999823971144,0.18476960159002115,145,20.38407772211691,-17.684059041515283,0.21077333409085014
1789320894.6943643,LIDAR_ONLY,17.451242198548563,-13.976266099420977,-5.1971742430408066,0.17719162043107345,-0.0013124503067360363,-0.29337942605793355,0.9394306358050712,-0.035019539371788505,-27.53899563248032,0.18486923473499167,147,20.402712723074995,-17.70224607876953,0.2116502074958252
1789320894.823958,LIDAR_ONLY,17.467344223565778,-13.985525187407157,-5.200786691330179,0.17754185813474196,-0.001497691507343259,-0.2933379921823771,0.9393771701891759,-0.03493962590948893,-27.56374394937478,0.18496782322808342,145,20.42156936538549,-17.720583419217707,0.2140001116059323
1789320894.9366362,LIDAR_ONLY,17.483039317718138,-13.993195161531505,-5.204215235995086,0.1778596696694135,-0.0016667738732373818,-0.2932961492382332,0.9393298295124918,-0.03487018964307885,-27.585244507686433,0.18505343147384123,146,20.459139226932592,-17.75192843685466,0.21777747885856935
1789320895.0511372,LIDAR_ONLY,17.50555944131058,-14.009391002402374,-5.208391379394929,0.17791029793424293,-0.001890676523076688,-0.2934232145333691,0.9392801330828511,-0.0347886294350262,-27.610497695775482,0.1851539098519827,144,20.47780897048924,-17.767672905203323,0.21977347331422994
1789320895.1681788,LIDAR_ONLY,17.528727803825166,-14.021519567237096,-5.211890990888471,0.17807716327330284,-0.002075799404072106,-0.29333999909945974,0.9392741132947807,-0.03470784607613582,-27.635503499396428,0.1852532931071653,148,20.499369121680918,-17.784877170480527,0.2215224242413327
1789320895.300951,LIDAR_ONLY,17.55073756044465,-14.037706377154816,-5.216748725320193,0.1780448569319422,-0.0019695289194856113,-0.29333123300753583,0.9392832041605972,-0.034620550040526804,-27.662511440819003,0.18536042915845974,144,20.51710195940971,-17.800579803815552,0.22309737188450043
1789320895.4113832,LIDAR_ONLY,17.572503449157914,-14.054207294090043,-5.220657958942755,0.17782847566234178,-0.0019374224482380453,-0.29323936774176457,0.9393529437034172,-0.03454900547866435,-27.684265702406964,0.18544667594230133,148,20.534112016018373,-17.817432131939157,0.2242642198836354
1789320895.529255,LIDAR_ONLY,17.59354392823492,-14.068127683661624,-5.225504785846216,0.17815188105883123,-0.002193033025804998,-0.29322628144516305,0.9392951856318598,-0.0344661515939302,-27.710007914468886,0.18554893949348605,145,20.55379146934642,-17.83580704418332,0.22683797383315915
1789320895.6489215,LIDAR_ONLY,17.614084203066522,-14.080700776531353,-5.228479643350141,0.17837051983320523,-0.0021529098867656663,-0.29319928553836255,0.939262211309092,-0.034385749550018815,-27.734992879233488,0.18564884647762175,147,20.571521981547384,-17.851852036863015,0.2288576392260827
1789320895.7703834,LIDAR_ONLY,17.628908081793565,-14.089903689624798,-5.231223240504917,0.17852324055303082,-0.002066970535664272,-0.29312994523121166,0.9392550321526079,-0.03430367434773304,-27.760478217120923,0.18575132586990079,149,20.590399299481852,-17.86815388940416,0.23017574263830462
1789320895.8819728,LIDAR_ONLY,17.64455505973199,-14.103249644266395,-5.2329310455110685,0.17836589640834732,-0.002112147046868529,-0.2930410889126948,0.9393125497097125,-0.03422648188836082,-27.78447922145714,0.18584722045542246,145,20.608299453752537,-17.885210267225258,0.230454596419115
1789320896.0024347,LIDAR_ONLY,17.666140163987606,-14.116799253705626,-5.234745662285486,0.17857916283393901,-0.002190417810590638,-0.2931647387699617,0.939233262088436,-0.03414444013466056,-27.80998380047202,0.18594873294006042,150,20.62757006437493,-17.900757632062792,0.23127507585518564
1789320896.1586123,LIDAR_ONLY,17.686660247089932,-14.125415657287698,-5.23552596713963,0.17951299075399488,-0.002189117000858734,-0.29319597104390543,0.9390454815827263,-0.034037504049826806,-27.843237684790605,0.18608116445632067,146,20.647506030075157,-17.917247261402885,0.2324253275052588
1789320896.2387323,LIDAR_ONLY,17.702951069449373,-14.135321505610849,-5.238189886662887,0.1797911733618694,-0.0022839708908887523,-0.2931327423141396,0.9390117746021741,-0.033982846450103174,-27.860238671872494,0.18614894125534512,146,20.667641745542827,-17.93405694724503,0.23470965462950613
1789320896.3574364,LIDAR_ONLY,17.71945449260253,-14.14568063149419,-5.24056126505399,0.17959949783736737,-0.0023449338452092064,-0.2929559817763321,0.9391034630983387,-0.033904876518530386,-27.884489369769557,0.18624580934445087,149,20.68488068402244,-17.95177312753248,0.23651513376806999
1789320896.4790912,LIDAR_ONLY,17.72994198513338,-14.160995745742776,-5.242491433755877,0.17915738182198193,-0.0023723944191240375,-0.29298696993596074,0.9391781725163533,-0.033821781792074276,-27.909994939273137,0.18634785708949264,148,20.702681902272225,-17.967417456891187,0.23754156692489461
1789320896.5914297,LIDAR_ONLY,17.75073939151437,-14.174325374135124,-5.2449915416456925,0.17913873598898497,-0.0024414003628287816,-0.29274435096742984,0.9392572053538879,-0.033743840899550154,-27.934266126248456,0.1864436947300457,148,20.72159087155909,-17.984697788891335,0.24027095106050347
1789320896.7133517,LIDAR_ONLY,17.770439762389607,-14.189291153603447,-5.24767913259459,0.17898437408494605,-0.002643040235657989,-0.2927565313616273,0.9392822906436815,-0.03366116151942826,-27.959773027871154,0.18654410649157604,147,20.739523870815226,-17.999899548267113,0.24100845342980926
1789320896.8358552,LIDAR_ONLY,17.794472318727443,-14.203955581637265,-5.2527417626916115,0.17954432699701925,-0.0028369346350127366,-0.29298130910106585,0.9391047539878018,-0.03357813927222504,-27.985513464762924,0.18664697590412627,145,20.759306965029356,-18.017138912192998,0.24168128687504628
1789320896.9577336,LIDAR_ONLY,17.813994657611694,-14.21728093935976,-5.25606193302617,0.1795151093159226,-0.002752134229310486,-0.2931149420069406,0.9390688910068016,-0.03349683149164899,-28.010754032613686,0.18674787327303094,149,20.778946995845946,-18.033614645124132,0.24274116275000057
1789320897.070241,LIDAR_ONLY,17.830386197267636,-14.22931181462463,-5.261088594764302,0.1796105084799054,-0.0028107167707471714,-0.29311392492406185,0.939050793157876,-0.033418752528467516,-28.03499756134331,0.18684460670397213,147,20.797170019617003,-18.050780967300575,0.24524403289443913
1789320897.1865375,LIDAR_ONLY,17.84288166308877,-14.235775000787681,-5.263633756298651,0.17971930966526822,-0.002684003643365883,-0.29303663838545657,0.939054468293311,-0.03333744835922202,-28.060243301973188,0.18694524792221234,146,20.815214305315067,-18.06869115341165,0.24504405906652293
1789320897.3031237,LIDAR_ONLY,17.858427094371997,-14.244801117311559,-5.266686060414292,0.17973709951958225,-0.002712201591092659,-0.29288822458797603,0.9390972829885733,-0.03326099602169283,-28.08399172564322,0.18703983928261775,146,20.834561873064644,-18.085694944061334,0.24586796644825415
1789320897.4204636,LIDAR_ONLY,17.87601209481269,-14.254153420106661,-5.27005903360226,0.18004243722788887,-0.0026022934568822004,-0.2927340576730609,0.9390871739854992,-0.03317808568580366,-28.109742769100947,0.18714235150589312,147,20.85266715237946,-18.102522249505633,0.24743535543767015
1789320897.5444372,LIDAR_ONLY,17.890998874692666,-14.265325698560362,-5.273374884853521,0.18024492287616176,-0.002612550568271787,-0.29269445997910315,0.9390606452484503,-0.03309433570269692,-28.13574676615211,0.18724579213283277,146,20.871723970084044,-18.11855629308857,0.24908250370297963
1789320897.6665576,LIDAR_ONLY,17.912849444061735,-14.279675761690626,-5.276509262860241,0.18048154087330728,-0.002755163976445649,-0.29269459388616337,0.9390147481191515,-0.033016986816903085,-28.15975288100358,0.18734116763503167,146,20.89097454838621,-18.133663818799,0.251722216885236
1789320897.7680354,LIDAR_ONLY,17.927559878001222,-14.293413291489157,-5.280407864077455,0.18084007778585276,-0.002876325984097723,-0.2928676193511004,0.9388914476928943,-0.03293959405306174,-28.183759954112993,0.1874363602439532,148,20.91117355941809,-18.14964970840119,0.2531328447791761
1789320897.913302,LIDAR_ONLY,17.94595222842525,-14.307139763776082,-5.284158558587834,0.18115190788532265,-0.002811176651032113,-0.2930740092779315,0.9387671216234106,-0.0328298524848485,-28.217510526653435,0.18757016037518676,149,20.930239719135542,-18.165968585052852,0.25484319159042623
1789320897.988888,LIDAR_ONLY,17.96222396844992,-14.317820589447352,-5.2873110711699765,0.18127936361383204,-0.002926556441437968,-0.2931740391469407,0.9387109301405984,-0.03277834396894458,-28.233502683099953,0.1876339300141142,149,20.947288868202026,-18.18283042292294,0.2576051179522973
1789320898.1033237,LIDAR_ONLY,17.984666581143745,-14.329550355892504,-5.291772944921616,0.18173578710502653,-0.0031096168544055736,-0.2930728809757807,0.9386536743681833,-0.03269811553095453,-28.258486714416566,0.18773395881481972,146,20.964348370780517,-18.20010765005706,0.2573009185616613
1789320898.2118068,LIDAR_ONLY,17.99358730906708,-14.338102018118963,-5.295405618420368,0.18179630457291443,-0.0027723284988073684,-0.29308687594673816,0.9386386423891296,-0.03261714865049273,-28.283724649700645,0.1878354350685183,147,20.98364194528906,-18.216848338409402,0.258178938880014
1789320898.3283522,LIDAR_ONLY,18.01207804930405,-14.343860043414725,-5.298201695455791,0.18209106652681478,-0.002644225158104537,-0.2927774819510881,0.9386784314273025,-0.03253855267127376,-28.308227769141126,0.18793319561700092,147,21.00165496064129,-18.234765628558904,0.26063751758742565
1789320898.441038,LIDAR_ONLY,18.02405005468558,-14.348144851857004,-5.301259243169134,0.18290416230773904,-0.002526246543576415,-0.2928102952825678,0.9385104242710577,-0.03245754233796326,-28.333482507862314,0.1880337091959533,150,21.02109661363658,-18.25029068176323,0.261741176773706
1789320898.551982,LIDAR_ONLY,18.042437964539097,-14.361871168415536,-5.303889930643995,0.18328490785742318,-0.0027215432302703795,-0.29295304010035444,0.9383910443147365,-0.03237737284171523,-28.358485766785556,0.1881332829880644,147,21.04126603256119,-18.267151598067386,0.2626828553191096
1789320898.6625054,LIDAR_ONLY,18.05844844036825,-14.373410717128252,-5.307318842796879,0.1836469092499263,-0.0028004900914426808,-0.29306894168689507,0.9382838405283981,-0.032296432973018555,-28.383737477408516,0.18823396489819114,148,21.061104974484437,-18.283931571307978,0.26411011252696825
1789320898.7828736,LIDAR_ONLY,18.074601323187117,-14.385104144159612,-5.310633534463495,0.18382215626922135,-0.002657199697565094,-0.29292559880676367,0.9382947019556277,-0.03221300072403771,-28.409738703738793,0.18833792043828224,148,21.077995232826336,-18.29850745532772,0.26683191822919133
1789320898.8869677,LIDAR_ONLY,18.08539016537933,-14.39359096316966,-5.3132290120733705,0.18436469663489266,-0.002641968329255471,-0.2929567511696509,0.9381785654033002,-0.03213535707760007,-28.43374775765664,0.18843389819563897,149,21.095789559395815,-18.31575238027273,0.26780234214640275
1789320899.00613,LIDAR_ONLY,18.10408478714039,-14.403189719838382,-5.315678214872323,0.18443647697257126,-0.0026471912767993913,-0.2927016321028697,0.9382440689418754,-0.03205144870274593,-28.45977060252937,0.18853622652711527,148,21.114527821123236,-18.3329785242335,0.26876849219852805
1789320899.1105719,LIDAR_ONLY,18.12397056821388,-14.416029557056897,-5.319062345722297,0.18435437706338043,-0.002790937904061049,-0.2926240991211907,0.9382839713736456,-0.03197403371197642,-28.48377222267925,0.1886310252023867,148,21.131714654402952,-18.348967152530236,0.2688337508562687
1789320899.2269342,LIDAR_ONLY,18.141689498061307,-14.431430843663218,-5.323611940615617,0.18438913576323573,-0.0028109017426751434,-0.292793732751298,0.9382241605850073,-0.03189209296503891,-28.509262005089887,0.18873301182230767,150,21.148985932052675,-18.363147710597186,0.2714897870893869
1789320899.3350692,LIDAR_ONLY,18.165072078582085,-14.439781275973361,-5.326223693272273,0.18468336732806012,-0.002838287585634405,-0.2925563707420567,0.9382402506257055,-0.031813408490256226,-28.53375334994183,0.18883090805810424,149,21.169768567448727,-18.37961544208518,0.27349985406989485
1789320899.4499905,LIDAR_ONLY,18.18431043060348,-14.454615380896193,-5.330838371619115,0.18481165036065772,-0.0027201057701331443,-0.29262100419798914,0.9381951837532154,-0.03173315098811502,-28.558747313671926,0.18893061157960217,148,21.189996721254957,-18.396787583925146,0.27554580841621634
1789320899.5644433,LIDAR_ONLY,18.205452470008264,-14.471588612484855,-5.335468160743798,0.1846123524956615,-0.002933416418486017,-0.29257974684076565,0.938246644605099,-0.031653692662999375,-28.58349391661568,0.189029237506598,149,21.210939937272137,-18.414543886779303,0.27681117357241125
1789320899.683765,LIDAR_ONLY,18.221582904348175,-14.484137757220003,-5.338494375709091,0.184471653539199,-0.0029817771348354402,-0.29261033586480883,0.9382646265263951,-0.03157100479203498,-28.60924304341215,0.18913179934887364,150,21.229748357822487,-18.432322271809596,0.2775123587178781
1789320899.8014624,LIDAR_ONLY,18.236385301336863,-14.495761137114446,-5.3426784950840425,0.1845561300925358,-0.002957009691907448,-0.2926125680188304,0.9382473959337028,-0.03148668514460512,-28.63549502637862,0.18923629931650834,149,21.247350255809152,-18.447825397860086,0.27912665656595553
1789320899.9050868,LIDAR_ONLY,18.250869923032653,-14.506066026705406,-5.346437051131871,0.1849050603487686,-0.0028961956923849582,-0.2925194895692373,0.9382079081579321,-0.0314111854020631,-28.658999399516286,0.18932977183892066,147,21.266089916488184,-18.464825413590454,0.28128229222918544
1789320900.0222018,LIDAR_ONLY,18.26960485288153,-14.516728091655745,-5.349655356187588,0.1847402275934922,-0.0027741875550673085,-0.2924351851489028,0.9382670273856165,-0.03133243359599379,-28.683506241434273,0.18942709593616852,148,21.284146456566223,-18.480346936404413,0.28298022227186764
1789320900.1269407,LIDAR_ONLY,18.285114964353202,-14.529207819568583,-5.353200434953819,0.18446603319795918,-0.002721802850783705,-0.2923947130464098,0.9383337392249937,-0.031250331482022095,-28.709013605317846,0.1895281798304338,149,21.30170956796598,-18.495014485758514,0.2835390928988592
1789320900.2442422,LIDAR_ONLY,18.30241155988452,-14.54466594096777,-5.356621700950573,0.18404403177200207,-0.0025418042475362605,-0.2923723075395844,0.9384240871718139,-0.03116833305237443,-28.734263003747202,0.18962826556816065,147,21.31993797961777,-18.513277279018205,0.28558985235151635
1789320900.353029,LIDAR_ONLY,18.323775588942297,-14.558637736336172,-5.358345912866829,0.183347134490413,-0.002445979081424469,-0.29237830968464557,0.9385588790728246,-0.031090520485408113,-28.758500290138038,0.18972495013978682,149,21.337160827302903,-18.530416486168914,0.2869390528430621
1789320900.48681,LIDAR_ONLY,18.338476750626032,-14.57091927131021,-5.361370387617251,0.1828802303284719,-0.0021947006652588406,-0.29231894582666385,0.9386690782990473,-0.03099459271721204,-28.788479578505054,0.18984530423551677,148,21.35832028510057,-18.548558118487207,0.28848706916763167
1789320900.5801826,LIDAR_ONLY,18.353021395726262,-14.583353704299334,-5.364113624471251,0.18325832385986882,-0.0021898641320816053,-0.29229900444149537,0.9386015572295121,-0.030929852865701865,-28.8087248474185,0.18992654512239676,148,21.378352008106496,-18.56553591717111,0.28840246372895484
1789320900.6943655,LIDAR_ONLY,18.368269687428462,-14.594688404890093,-5.36724852857173,0.18316811565534197,-0.0021215818321495415,-0.29223557376249687,0.9386390731934747,-0.030849877045860438,-28.833729164380745,0.19002616841004594,149,21.399890555184633,-18.583177272686555,0.29134102272433554
1789320900.7963653,LIDAR_ONLY,18.380613382121666,-14.604357017377236,-5.370438206829458,0.18335164454870093,-0.0020550506864970308,-0.2922440702048622,0.9386007429349599,-0.030772306876265268,-28.857983056169626,0.190122713659677,149,21.416620958069853,-18.59855402472118,0.2936353544994031
1789320900.9084947,LIDAR_ONLY,18.39888272570942,-14.617615885367087,-5.372075393838669,0.1835844093560038,-0.002218428440622393,-0.2922363691928806,0.9385572692902779,-0.030691567385075474,-28.88323559813063,0.19022330802597912,145,21.43401579934833,-18.612170808721803,0.29492082481565823
1789320901.022885,LIDAR_ONLY,18.418154497293596,-14.628344323298935,-5.374829765548751,0.18368448897577833,-0.0023926628600657784,-0.2921432592968371,0.9385662468475874,-0.030610847123338877,-28.908486584175574,0.1903240445440122,145,21.45128556848412,-18.628528513716926,0.29724609792154344
1789320901.1297824,LIDAR_ONLY,18.433991052474944,-14.63998972258996,-5.3772080774017015,0.1838534992748505,-0.00269070766651412,-0.292260491497486,0.9384958476233627,-0.0305313579135163,-28.933238181723848,0.1904230901350631,147,21.46988372389782,-18.645470533564637,0.2985812285924567
1789320901.2452419,LIDAR_ONLY,18.45395207850595,-14.6525341819224,-5.380847691689821,0.1841494589216398,-0.00283941407404855,-0.292394423896736,0.9383956603590403,-0.030449396243491134,-28.958752543518575,0.1905247927770287,147,21.486420427946463,-18.6593912943956,0.30074820563177174
1789320901.3624282,LIDAR_ONLY,18.475380173598076,-14.662590144781946,-5.3827559690368165,0.18396283777257577,-0.0029225191113444768,-0.29222480690742486,0.9384848402764017,-0.030366303000199185,-28.984522256542032,0.19062586990631386,149,21.506136867596044,-18.6758827464055,0.3012676138433476
1789320901.4715827,LIDAR_ONLY,18.49104451004493,-14.674041479613779,-5.386138010953973,0.18409474042995438,-0.002902335182911902,-0.29227084929181657,0.9384446993034561,-0.03028681907355678,-29.009268870836188,0.1907240822471663,146,21.525456596601284,-18.695197277379645,0.3036793215014749
1789320901.5770144,LIDAR_ONLY,18.510631663989606,-14.688291795598573,-5.389899870833214,0.18432661776790296,-0.003127178673085296,-0.2923723380212369,0.9383668444141596,-0.03020912263185259,-29.033508597795564,0.19082112794713746,148,21.54558682209938,-18.712809687151605,0.3044911660886061
1789320901.6940718,LIDAR_ONLY,18.52600396441793,-14.70192464996651,-5.394103999460291,0.1847225795991172,-0.003247906826945459,-0.29242796754662426,0.9382712312993731,-0.030127502259527456,-29.059000210970446,0.1909229334452576,149,21.565283094789127,-18.729839918284824,0.30606230854661487
1789320901.8003435,LIDAR_ONLY,18.542595942365427,-14.714408904653714,-5.397285016555437,0.18484399415098451,-0.003369313762354663,-0.29238939702782973,0.9382589120582782,-0.030049068984525,-29.08349473513595,0.19102063154282128,147,21.584643966122805,-18.74772826108728,0.3084155346753772
1789320901.91912,LIDAR_ONLY,18.56020654135957,-14.724165251829366,-5.400903990726007,0.18483978028853335,-0.0034511759929130785,-0.29219198571253346,0.9383209410923958,-0.02996583366654404,-29.109491593337175,0.1911242343039216,147,21.60352960671924,-18.764097864577373,0.3091412120776209
1789320902.0260248,LIDAR_ONLY,18.5776771853763,-14.734073260674615,-5.404099442890961,0.18525411304477427,-0.003553912548526561,-0.2921722054834165,0.938245002996844,-0.029889014457579785,-29.13349131546839,0.191219803211731,148,21.622467714512567,-18.78034789693234,0.310575291307497
1789320902.1401522,LIDAR_ONLY,18.591887306192707,-14.745031460075118,-5.406925979666621,0.1852612406518532,-0.003578263194341047,-0.29228974457486434,0.9382068929404691,-0.029808166437229416,-29.158743797702673,0.19132029949609164,147,21.640511870000132,-18.796540996720125,0.31019517202065977
1789320902.2479534,LIDAR_ONLY,18.60810809875569,-14.750091897565516,-5.407523248481638,0.18564822845639395,-0.0037267071658475984,-0.29217305405763055,0.9381661651367201,-0.02972968270236305,-29.183248922251078,0.1914177289811928,147,21.657062767321193,-18.811314034560876,0.3116799523195345
1789320902.3646367,LIDAR_ONLY,18.62236681070148,-14.761642450837885,-5.4114027556400695,0.18565234735208608,-0.0036092068408078277,-0.2922733777903092,0.938134559742729,-0.02964794592955032,-29.208756475040254,0.19151897555518535,148,21.675402024084107,-18.828255684331005,0.3151593974495041
1789320902.4713256,LIDAR_ONLY,18.64113636416105,-14.77541402580502,-5.414902550054799,0.18560436997706525,-0.0036444110875697715,-0.29221832015066374,0.9381610679843657,-0.029568680239320327,-29.233262997001194,0.19161610248295768,146,21.693620140202075,-18.84617279958828,0.3157704285174928
1789320902.5864913,LIDAR_ONLY,18.65894350078164,-14.787091670752138,-5.420032296929117,0.18615432734823908,-0.0037014913352118235,-0.29227129405129865,0.9380353703592416,-0.029485060536005525,-29.259258431119058,0.1917191927033423,148,21.712615338074986,-18.862998999930156,0.3176333950700775
1789320902.6939743,LIDAR_ONLY,18.67458786121137,-14.799864481756863,-5.42328525193328,0.1861292880387806,-0.0035629758407700533,-0.29223851565582953,0.9380510877903251,-0.02940866709978328,-29.283244151955326,0.19181500847286964,146,21.731362068087055,-18.87921903992398,0.3199078275717797
1789320902.809898,LIDAR_ONLY,18.687476783215498,-14.810467794909394,-5.425818131265646,0.18594235413262214,-0.003601025527797937,-0.2922509656842293,0.938084136211354,-0.02932630916397888,-29.308976002197063,0.19191847324250066,148,21.749296657396478,-18.894799182633463,0.3217557704379317
1789320902.9137294,LIDAR_ONLY,18.705971506657985,-14.821018960366287,-5.426978857151838,0.1859482946001284,-0.0036540746103300536,-0.29211923027306935,0.9381237843582879,-0.029248210529269417,-29.333473233235257,0.19201663361435695,148,21.767448063851123,-18.909189058608792,0.3243228116649427
1789320903.029962,LIDAR_ONLY,18.725384988953124,-14.83573811962667,-5.430374635990886,0.1857406951379593,-0.00378833520068645,-0.2922745128710804,0.9381160119153962,-0.029166074745452367,-29.359228558109308,0.19211917061308015,150,21.787230018147362,-18.925283037483027,0.32603582430370487
1789320903.1320078,LIDAR_ONLY,18.74276439890746,-14.846763440466681,-5.433058809363805,0.18557741157602445,-0.003777886063166493,-0.29213594020014777,0.938191528597979,-0.0290895495848168,-29.383232413333083,0.19221473394017172,148,21.804484553718694,-18.941903672945447,0.32773205986682585
1789320903.2454796,LIDAR_ONLY,18.772327925996287,-14.855933132557544,-5.434248659482998,0.18607895747102868,-0.004185663118323607,-0.29205988176448633,0.9381141333944764,-0.029009077410864975,-29.408484867399284,0.19231535778593056,145,21.822898291624124,-18.960009586591546,0.33059724018263625
1789320903.3607435,LIDAR_ONLY,18.787066958921436,-14.870659762487655,-5.439715114759985,0.18635140763379304,-0.0041087265920118935,-0.29229399930080674,0.9379874675129919,-0.02892702746425864,-29.434235801179444,0.19241816746736234,145,21.841070647867962,-18.977644453141465,0.33319809030351516
1789320903.4732132,LIDAR_ONLY,18.807762028017194,-14.885830933180902,-5.4438493023219054,0.18631580779703372,-0.004205362137641651,-0.2922164112343032,0.9380182853759167,-0.028848888800970682,-29.458488914203443,0.192515278267902,149,21.8607877724718,-18.99548387498587,0.3354064313584803
1789320903.5822148,LIDAR_ONLY,18.82185942667852,-14.897796200647344,-5.447945058512465,0.1863339377496022,-0.0043691694362908646,-0.2921718291570344,0.9380278227473837,-0.02876597204141132,-29.484509609635502,0.1926185126774231,149,21.88055796400456,-19.012504228724993,0.33774789827203766
1789320903.6916971,LIDAR_ONLY,18.83575700128354,-14.908026326436202,-5.450741289805018,0.1864342706634245,-0.004216090353462529,-0.29207080412527875,0.93804004854907,-0.028688724878279656,-29.508523663278407,0.19271265518099606,148,21.89975700443065,-19.028821254615103,0.3391843936904075
1789320903.8082926,LIDAR_ONLY,18.854298498765353,-14.918964922147596,-5.452517475909327,0.18618875891607015,-0.004102586762043194,-0.29191562103005636,0.9381376151896853,-0.02860479904910293,-29.534766850254197,0.19281717930212625,148,21.918016164500564,-19.045369189103575,0.3411427601195175
1789320903.9155073,LIDAR_ONLY,18.87153839898965,-14.931191513977026,-5.455963058567308,0.18657151019547175,-0.004006971705640294,-0.29207434760498396,0.9380125751994236,-0.0285289629044954,-29.55850714694311,0.1929122154548052,145,21.936565703247677,-19.060931711193735,0.34191733780982275
1789320904.0295355,LIDAR_ONLY,18.89471003454827,-14.942528065352974,-5.45881072738231,0.18650855063491056,-0.004277464443364451,-0.29195555512169435,0.9380608816444613,-0.028447577945485136,-29.583999496339423,0.19301400971283103,149,21.95590928226544,-19.07732381517336,0.3432419615806644
1789320904.1387215,LIDAR_ONLY,18.907836693375028,-14.949768007156456,-5.462234249168632,0.18670271895166288,-0.0039046599886080093,-0.29189076167739314,0.938044045668337,-0.02836860276269408,-29.608744846399613,0.19311267359766976,147,21.972944477111426,-19.094629500813095,0.34437948293257753
1789320904.2543874,LIDAR_ONLY,18.925885481933953,-14.961989342693077,-5.465875061851197,0.18669831984332122,-0.0039614198255639955,-0.2918618813594998,0.9380536694293882,-0.028287220457006462,-29.634242757663987,0.19321426676054032,144,21.991642239665186,-19.11237277087929,0.3444998602579425
1789320904.3596964,LIDAR_ONLY,18.93919753997773,-14.972897919852851,-5.469492764031035,0.18685313969798104,-0.003696704677426649,-0.2919009883165429,0.9380117544995693,-0.028210605095578226,-29.658243306904833,0.1933098385129871,147,22.011145898631508,-19.12831296724052,0.3453815934274348
1789320904.4718034,LIDAR_ONLY,18.953917114057333,-14.984650024829488,-5.473097883101273,0.18702124417421961,-0.003631477751686747,-0.29192252308790606,0.9379718050724429,-0.028128378608081997,-29.683996730867182,0.1934123145728635,147,22.028813502294923,-19.143278717164275,0.34802837951681675
1789320904.58167,LIDAR_ONLY,18.972228711477996,-14.998375738784686,-5.476377231736281,0.1868398455244365,-0.0036261336912518562,-0.29189948515667,0.9380151458500704,-0.028050120073888962,-29.708502750049682,0.19350970658153263,148,22.047159721085645,-19.16016131072053,0.3503505790045125
1789320904.6992111,LIDAR_ONLY,18.993758961016923,-15.009821165930717,-5.479036465838025,0.186667059000346,-0.0035469581737232183,-0.2916815774554244,0.9381176288424552,-0.027965419558730525,-29.735011101501446,0.19361484310644672,149,22.066443750166346,-19.173915117093163,0.3514395555587862
1789320904.8005326,LIDAR_ONLY,19.014708188855504,-15.025843756507035,-5.482727186729309,0.18695991446866225,-0.0037995785385857126,-0.29189701357909614,0.9379913043564981,-0.027889769703248427,-29.758266037839473,0.19370699540013042,150,22.08387307463535,-19.190060669849675,0.35172385487682556
1789320904.9187906,LIDAR_ONLY,19.032342672618878,-15.031026756529505,-5.484065553947065,0.18749182660789232,-0.003844068891789524,-0.29183417455661775,0.9379045008157542,-0.027806268542122273,-29.78450666390623,0.19381121599315787,147,22.101319525099257,-19.207424778398124,0.35453530200913835
1789320905.0264432,LIDAR_ONLY,19.048129660772318,-15.038438795246769,-5.486967813796768,0.18814483621721065,-0.003955543519702021,-0.2918547833052836,0.9377668472184804,-0.027730069533474483,-29.80849054183362,0.1939071593350986,145,22.120761854171484,-19.224675561437365,0.35558819610218484
1789320905.1405895,LIDAR_ONLY,19.06537732265085,-15.052961826365307,-5.49175830787928,0.18813507140883615,-0.004123394944479015,-0.2918753282694858,0.9377616889528512,-0.02765292000564662,-29.83272425428643,0.19400474080404265,148,22.138996057222926,-19.240789535634434,0.3578822127667953
1789320905.2490497,LIDAR_ONLY,19.0821624423748,-15.066432103317911,-5.4952504725554485,0.18818012676150403,-0.004247478469716238,-0.29193907346767445,0.9377322518723079,-0.027573473843541044,-29.857724435913745,0.19410472888588637,148,22.159068068886892,-19.258862645601923,0.36056314005221485
1789320905.3610327,LIDAR_ONLY,19.096957343429285,-15.08261877935946,-5.5004499849982755,0.18794668600496742,-0.004033449178306761,-0.29202109414553035,0.9377544748395091,-0.027493198025701437,-29.882979346979283,0.19420525188956306,149,22.177084321435515,-19.277315803106088,0.3633957959379423
1789320905.4708116,LIDAR_ONLY,19.118895654097674,-15.09390507774278,-5.50370044185075,0.18801072074970349,-0.00433132520015519,-0.2919159239333766,0.9377730545602762,-0.027410563151469683,-29.908982735932934,0.194308801393959,149,22.1968406060698,-19.293509790994733,0.3656616454134848
1789320905.577552,LIDAR_ONLY,19.135194505968908,-15.104924229692779,-5.50625874983237,0.18796375801579746,-0.004252907870920037,-0.29188480067643635,0.9377925152086134,-0.02733351745436749,-29.933234281339242,0.19440547963152432,149,22.215142978467814,-19.310193378380465,0.36685182043165154
1789320905.6921403,LIDAR_ONLY,19.153325258492952,-15.117878178295284,-5.5094971211483585,0.1878390730126622,-0.004118684369300147,-0.29185872682172903,0.9378262113349195,-0.02725250212893368,-29.95873482639778,0.19450737664690618,150,22.232104727666353,-19.325724610571815,0.3685023867099323
1789320905.8027456,LIDAR_ONLY,19.166728802807473,-15.122022084387119,-5.510030636021394,0.18778529515721015,-0.004014432362533834,-0.29171229040002433,0.9378829921078099,-0.02717350373984119,-29.983240292999234,0.1946054838913527,148,22.25093917131225,-19.342138200937246,0.3706019039298696
1789320905.9188757,LIDAR_ONLY,19.180582765837062,-15.132798675474767,-5.512905727867263,0.18792921814209648,-0.004089737467108795,-0.2917288917725187,0.9378486747450938,-0.02709254859355699,-30.00876424048372,0.19470623966705775,149,22.27119754900053,-19.35963527257068,0.37264545762999385
1789320906.0280309,LIDAR_ONLY,19.191604783968362,-15.142629026306613,-5.516547040155054,0.18809374341027302,-0.004002925073918019,-0.29170609234104505,0.9378231581550333,-0.02701399462862497,-30.03327288420056,0.19480253807376197,147,22.28990937954801,-19.375693620823903,0.37410829370312
1789320906.1409743,LIDAR_ONLY,19.20658981978111,-15.15578444223721,-5.520611990003779,0.18817275087584887,-0.0037851822076008204,-0.29185630943934565,0.9377614743973629,-0.026931163378985115,-30.059263470082477,0.19490638013712047,147,22.307366200505324,-19.391519417867208,0.37534133151530713
1789320906.2517366,LIDAR_ONLY,19.22255111526739,-15.168875908580732,-5.5240269351366695,0.18786260165286123,-0.003755918574928203,-0.29181164843679913,0.9378376713549499,-0.0268532082378517,-30.08375385831832,0.19500434524773433,145,22.327173560928582,-19.406461420783838,0.37802554728055826
1789320906.3629515,LIDAR_ONLY,19.244355525508105,-15.179864784469752,-5.526215354912782,0.18789431620633773,-0.0036346656795647344,-0.29162849764184867,0.9378887644629874,-0.026774481483429827,-30.10849698916915,0.19510309989721575,148,22.344838208505646,-19.422400319381047,0.37964102205987027
1789320906.474306,LIDAR_ONLY,19.26430967524863,-15.192603315191656,-5.528192092017034,0.18779541667347693,-0.003694921152306324,-0.2914680657310687,0.9379582057283272,-0.0266949519877622,-30.13349266511806,0.19520276193095956,148,22.362543342050348,-19.44105842635995,0.3805584722490159
1789320906.5886443,LIDAR_ONLY,19.27551748009059,-15.201073875869051,-5.5301970094873765,0.18771153168157956,-0.0035233378050150256,-0.29147580643167303,0.9379732518731402,-0.026613042772156953,-30.159240996256827,0.19530534031296357,148,22.379255802971176,-19.45732926205088,0.3821257101817259
1789320906.6988196,LIDAR_ONLY,19.29535044357009,-15.21021487961286,-5.533080002845991,0.18839949876614395,-0.0035308078958273333,-0.29151953030455635,0.9378216918536698,-0.02653510745998114,-30.183742217982118,0.1954028787322506,143,22.398955010565324,-19.47398829065658,0.38278583898971763
1789320906.8081691,LIDAR_ONLY,19.31037257712955,-15.220727304539976,-5.537194194176254,0.18882594388997034,-0.0035397726192044733,-0.29149191918354705,0.9377444715777101,-0.026455547986339784,-30.208746336536276,0.19550234113660153,148,22.418126168699516,-19.490280056820495,0.38402817519956045
1789320906.9150026,LIDAR_ONLY,19.33045526307442,-15.237929495789908,-5.5424140543346425,0.18898722280467103,-0.0035934242077336545,-0.2917377426820716,0.9376353269868891,-0.026376739059204485,-30.233503083514698,0.19560068852935086,148,22.43689957237617,-19.505937135117524,0.38606366177008233
1789320907.0270011,LIDAR_ONLY,19.346187799600216,-15.25259682036241,-5.5481723537205365,0.18850613382853873,-0.003306760214634548,-0.29168002399957804,0.9377511751235003,-0.026298675218737855,-30.258010861460622,0.1956978305097185,147,22.45732637434024,-19.524595791657433,0.38810567499579074
1789320907.1361787,LIDAR_ONLY,19.36047484529173,-15.265784182279535,-5.551881230902889,0.1885444570425255,-0.0030491887860369495,-0.29165242790422863,0.937752926662378,-0.026216390796216016,-30.28351338138985,0.19579883447980032,148,22.475349415936652,-19.540157631817323,0.3891961434684407
1789320907.2671025,LIDAR_ONLY,19.37815168100233,-15.27632886270055,-5.552750846289656,0.18814061684442757,-0.0027326720170862814,-0.2913784449690309,0.9379201685668536,-0.02612413093974364,-30.312498565964127,0.19591432909631454,148,22.49368349092969,-19.55884546839494,0.3900065434065077
1789320907.3638964,LIDAR_ONLY,19.393650031943203,-15.286897605600682,-5.555513554510533,0.18809146823479342,-0.002664840956179363,-0.29131833905260535,0.9379488917481535,-0.02605844778602405,-30.333233424595047,0.19599743883876053,148,22.511502633380317,-19.57628936604769,0.39140314835168694
1789320907.474823,LIDAR_ONLY,19.411764370827253,-15.290431086522029,-5.557477846554444,0.18880412955798828,-0.0028200814613726327,-0.2911555308303709,0.9378558016397226,-0.025980092313918915,-30.357970146474567,0.19609704263060304,147,22.531251093873266,-19.59101864231008,0.3938634473548171
1789320907.5822206,LIDAR_ONLY,19.429119607548653,-15.303780276109903,-5.56055239788663,0.1889461119659031,-0.0027702111291609344,-0.291228001539162,0.9378048538063631,-0.02589850822372254,-30.383723791522637,0.19619980781848362,148,22.549685302167305,-19.606472249187803,0.3948635504086576
1789320907.6920931,LIDAR_ONLY,19.446277228483662,-15.318515876343993,-5.564634271717852,0.18916479951262535,-0.003004154275297026,-0.29143079810909067,0.9376970425440921,-0.0258196632531648,-30.408201464612535,0.19633952152074158,148,22.566226440976052,-19.622690955735187,0.39716853076797753
1789320907.8074512,LIDAR_ONLY,19.467681302543923,-15.333842830949735,-5.568116135971129,0.1894940459873987,-0.0033377942835474683,-0.29166669613870067,0.9375560804710198,-0.025738591443137504,-30.433660279828462,0.1965194152691828,148,22.587281821543073,-19.636255741602657,0.40002887438859025
1789320907.9159276,LIDAR_ONLY,19.48542216069959,-15.345972567882537,-5.571031867096198,0.18949223829004547,-0.0036409324253839992,-0.2916954694839411,0.9375463659582101,-0.025660644362757168,-30.458121859097734,0.19669244896206037,147,22.60743220401557,-19.65480745439623,0.4035749982094455
1789320908.0300806,LIDAR_ONLY,19.505809426258267,-15.357378171144825,-5.572732608701819,0.1892384552667473,-0.0037995358355902057,-0.291531110667003,0.9376481120809412,-0.02557713127694615,-30.484082975904577,0.19687624020307287,147,22.623059834549345,-19.672865822431753,0.4072828775945947
1789320908.1388168,LIDAR_ONLY,19.51918353334653,-15.368237454065255,-5.575031179932569,0.18898411690240477,-0.003834620611040613,-0.2915086896810216,0.937706234960524,-0.025499638408384276,-30.508308664698447,0.1970477335709495,147,22.639534242315513,-19.689029226328735,0.4104935378336807
1789320908.2537897,LIDAR_ONLY,19.535250882423448,-15.373476821534128,-5.576673776916337,0.18892435567610855,-0.00398391291545343,-0.29135999123863665,0.937763867813039,-0.02541621960919968,-30.534296460149108,0.19722978541781255,146,22.657706349880502,-19.705919833474898,0.41307034053165975
1789320908.3610406,LIDAR_ONLY,19.549315944183967,-15.382522060285895,-5.580022262374408,0.18937377207685238,-0.00419250633478217,-0.29146479381097173,0.9376397342843066,-0.025339388546694888,-30.55826355108,0.1973980184942618,146,22.676856237598614,-19.722371247661002,0.41495107187944624
1789320908.4784658,LIDAR_ONLY,19.566473504060678,-15.393935952558131,-5.584343870953614,0.1896765956925851,-0.004679220226720949,-0.29161135878481803,0.9375306444976685,-0.025256643753206895,-30.584215413342065,0.197581638008524,148,22.6933594169933,-19.737497175287768,0.41803310171980945
1789320908.584423,LIDAR_ONLY,19.58454532775034,-15.411080095457027,-5.589014479513094,0.18966541264083814,-0.004978032614394011,-0.2918825119743474,0.937446984977079,-0.025180246735867134,-30.60817163951285,0.19775124744245,146,22.71231793067991,-19.751990742062134,0.4211620072726593
1789320908.6996179,LIDAR_ONLY,19.59818287031778,-15.423264898223282,-5.594245065312927,0.18943445621969188,-0.0049780776898215775,-0.29193855645259037,0.937476231589709,-0.02509902981534562,-30.63362745832331,0.19793132593674734,145,22.732107240018507,-19.767695421139493,0.42184080285319714
1789320908.809838,LIDAR_ONLY,19.616374987329554,-15.43232015380665,-5.596894497203624,0.18956183845262845,-0.005304445778213051,-0.2918625655513209,0.93747235430558,-0.025020957390503806,-30.658087013602348,0.19810425575743817,147,22.749458821308753,-19.786108966923813,0.4241195774207426
1789320908.957682,LIDAR_ONLY,19.627849375881496,-15.442491444077453,-5.599752805569482,0.18912209125879492,-0.005238203210562556,-0.2917655066980411,0.9375917474712863,-0.024911703603839458,-30.69228325098839,0.19834586914192698,148,22.766973219716004,-19.80316617748649,0.42697979989034346
1789320909.0334115,LIDAR_ONLY,19.642106797844125,-15.449161579093065,-5.6019886260920195,0.1890713362320545,-0.0051982601297839446,-0.2916115264771947,0.9376501082667719,-0.024861461451276573,-30.70800971601385,0.19845690250735337,146,22.787081868175896,-19.820737297820592,0.42858533227106044
1789320909.1483202,LIDAR_ONLY,19.66194721664792,-15.459149402965783,-5.60683803371459,0.1895083542800453,-0.005524123303307033,-0.2916498971349031,0.937548081551554,-0.02478009220856124,-30.733473281942462,0.19863656268966162,145,22.8030168785681,-19.837042051025513,0.4311070783124154
1789320909.2549174,LIDAR_ONLY,19.67979186223384,-15.47438458759627,-5.610444924342906,0.1894439926918971,-0.00582268562703561,-0.2918162334316401,0.9375075231009146,-0.024701851052767454,-30.757939120120096,0.19880892759364982,147,22.82059970533367,-19.851043629116475,0.43085122483616634
1789320909.3664455,LIDAR_ONLY,19.69611718950218,-15.486578691193193,-5.61568915268106,0.18964248613340717,-0.006021174429921318,-0.2919261569917869,0.9374319131412328,-0.02462041909435808,-30.78340085038401,0.19898800335137312,147,22.839061706668996,-19.86665019703009,0.4335703044878255
1789320909.4726126,LIDAR_ONLY,19.708433785370843,-15.497642358231575,-5.620447956169358,0.18969185505070876,-0.006169931674881037,-0.2919771695368329,0.9374050696149492,-0.024541513069679888,-30.807853606586647,0.19916014401725504,147,22.857126486861873,-19.884594334637505,0.4366135486662448
1789320909.5901957,LIDAR_ONLY,19.724560577358485,-15.506919675809618,-5.623348020600645,0.1900197840761304,-0.0064661933143133924,-0.2918863109440182,0.9373649510661121,-0.024460950258266043,-30.833283835352194,0.19934010410392008,148,22.87458811854683,-19.900789959848975,0.4381765687178406
1789320909.7003798,LIDAR_ONLY,19.74491226791447,-15.518487282692508,-5.628283009826734,0.19032343259160592,-0.007101746827779935,-0.29192933506822255,0.9372853458393384,-0.024383170212077893,-30.857709762450902,0.19951408171213275,147,22.894910880325448,-19.9148772095613,0.441612586967725
1789320909.8211775,LIDAR_ONLY,19.763409533472405,-15.526990652916169,-5.632575287716574,0.19070881212126525,-0.007869153541104588,-0.29201858174871953,0.9371730754323392,-0.024295648495828714,-30.88514978526029,0.19970899797336084,146,22.91138347690015,-19.92969130053559,0.44291499480014357
1789320909.9215324,LIDAR_ONLY,19.78384230941965,-15.536002579174422,-5.636512293939324,0.19067441967091334,-0.008138507998484845,-0.2918904768801031,0.9372176800922105,-0.02422441582494901,-30.90736209189711,0.19986945344379717,146,22.926628452419084,-19.946372017228814,0.44433010332271106
1789320910.0355995,LIDAR_ONLY,19.801391025437898,-15.549372841511254,-5.642125168293627,0.19069108048713845,-0.008126018555948314,-0.292080937918922,0.937155059394911,-0.024142288875303952,-30.932865980463376,0.2001272894691907,145,22.944184039874354,-19.96085047104756,0.44396915800942943
1789320910.141484,LIDAR_ONLY,19.816038290139115,-15.559646701783116,-5.6469905397298366,0.19130006587883286,-0.008182419819037378,-0.29218320491270205,0.9369985632686965,-0.02406238301171465,-30.95786660235309,0.20038097664567656,145,22.963260314826712,-19.97680284815301,0.44633913536545844
1789320910.2515595,LIDAR_ONLY,19.83697488726901,-15.573267900600813,-5.651192920290318,0.19178659533238668,-0.008265386714399598,-0.29218428426677895,0.9368980356798614,-0.02398409909188702,-30.98236534097841,0.20062974917849424,149,22.982613033806057,-19.994336027108005,0.4477147832899848
1789320910.368295,LIDAR_ONLY,19.85352714474852,-15.587072416694882,-5.655118872248232,0.19180854918767234,-0.008238177704355263,-0.29215288147416896,0.936903573871384,-0.023901331656235772,-31.008115010485355,0.20089155731442154,147,23.002008054786575,-20.01081213583462,0.4489326550851877
1789320910.478033,LIDAR_ONLY,19.86977101511747,-15.592471009572636,-5.6563791097360445,0.1923181101085758,-0.008307795856217553,-0.2920106334710556,0.9368428443405596,-0.023821609464049973,-31.033129742570377,0.2011453268697776,144,23.02272285299308,-20.025703815818733,0.44996419153285516
1789320910.5909905,LIDAR_ONLY,19.88484358905565,-15.603923010908602,-5.660614685790355,0.19260512037220773,-0.00832288786569282,-0.2920192995144186,0.9367810447778556,-0.023742528362985377,-31.057648920917472,0.2013924359755985,149,23.041428074934853,-20.043519973020263,0.45247564147127395
1789320910.7054706,LIDAR_ONLY,19.903647810525595,-15.61148267796131,-5.662160523535437,0.19309161023793617,-0.008362485602490876,-0.2921643131449652,0.9366353148450041,-0.023663916625951256,-31.082144701524633,0.20164044646456178,145,23.06121307576156,-20.06256747420909,0.45313418245093934
1789320910.815713,LIDAR_ONLY,19.91942210106279,-15.622731865909808,-5.665331524969781,0.1935303780829165,-0.008399019356015185,-0.2921462195253661,0.9365500710853516,-0.02358148428813045,-31.1078813801154,0.20190219760382513,149,23.07926453067147,-20.07671242371878,0.45480146098639707
1789320910.9253612,LIDAR_ONLY,19.936163719106577,-15.633425905235649,-5.668565933126953,0.19388592526949566,-0.008425303340523662,-0.2922166011129509,0.936454334327097,-0.023503929608320928,-31.13212133210002,0.20214845137902823,147,23.096802163456264,-20.094304877289076,0.4565433556438488
1789320911.040321,LIDAR_ONLY,19.953905214546104,-15.650417881406957,-5.673971085295217,0.19364971348266513,-0.00839152183810777,-0.2922720781482144,0.9364862001995793,-0.02342157339832325,-31.157863801401092,0.20240979719908997,147,23.114142676549935,-20.111580807832535,0.4604555939169371
1789320911.1491961,LIDAR_ONLY,19.965847825457885,-15.658608709178717,-5.676881485309553,0.19398411165276833,-0.008330467285740056,-0.29225988949510745,0.9364213393197506,-0.023342406374331215,-31.182609380795935,0.20266093371997362,147,23.13211301991103,-20.127584778629434,0.4632072174871271
1789320911.2621026,LIDAR_ONLY,19.981906897484272,-15.66868356685117,-5.6785319921634,0.19390419232456105,-0.008291984824959164,-0.2921408145762516,0.9364753876345852,-0.02326164568496343,-31.2078578599732,0.20291708929424396,148,23.1492420420864,-20.142115089295476,0.46517485683131066
1789320911.3773906,LIDAR_ONLY,20.005800318082766,-15.687903855460025,-5.681539468057202,0.19325545228973887,-0.00849086431183547,-0.2921713123131727,0.9365981847327728,-0.023182468520721575,-31.232609472535596,0.20316811931173015,148,23.169768075751715,-20.159190504418998,0.4664601169880305
1789320911.5029514,LIDAR_ONLY,20.024928440265,-15.700995408066568,-5.685524060984973,0.19358237106927348,-0.00858062857325459,-0.2923417889316539,0.9364766504663777,-0.023092040498963115,-31.26086503632853,0.20345454051273987,147,23.189581647570137,-20.175631588025443,0.4680814146384451
1789320911.6046255,LIDAR_ONLY,20.041753683286217,-15.714737665718879,-5.6885158328858765,0.19379660828164613,-0.00865091656182097,-0.29232341604857726,0.9364374280702694,-0.023023162705912967,-31.282371200672223,0.20367235417294813,149,23.207343964112557,-20.19092407705266,0.4689675317849145
1789320911.7155657,LIDAR_ONLY,20.05850330619178,-15.730752516073128,-5.693596970274806,0.19409502008312307,-0.008606127797412171,-0.2925190831942736,0.9363149276340992,-0.022940316467592245,-31.307876203047694,0.20393045485778882,148,23.227357183298345,-20.206805653544436,0.47106595176652555
1789320911.8378518,LIDAR_ONLY,20.06791708783527,-15.739919893434395,-5.696504787601094,0.19433734285657944,-0.008487232946523406,-0.29254080554405243,0.9362589605125244,-0.02285928777052705,-31.333115777059085,0.20418599571953788,148,23.24545672367985,-20.22464921016887,0.4726171671353992
1789320911.9481976,LIDAR_ONLY,20.086800547807826,-15.748435828692504,-5.69939452045234,0.19495640851782256,-0.008606244674281907,-0.29245874024719604,0.9361548037496049,-0.022782486527354637,-31.357344116145104,0.20443222349477472,148,23.263276929616865,-20.241668784921018,0.4743575059754373
1789320912.062558,LIDAR_ONLY,20.105339166809213,-15.759704659729776,-5.702211321851273,0.1952206271456019,-0.008582243430336804,-0.2924244487550714,0.9361106738013797,-0.022699386574638256,-31.383318383957384,0.2046971206241001,150,23.281504183214622,-20.257857251837414,0.4759640759939238
1789320912.1711454,LIDAR_ONLY,20.12599117470784,-15.767474044641123,-5.705394637354015,0.19554566592688674,-0.008612329832507482,-0.29233859674475254,0.9360693698467948,-0.022623020818928752,-31.407313033906515,0.20494132754088007,148,23.300513033083128,-20.274026165604365,0.4784829875500869
1789320912.2848194,LIDAR_ONLY,20.138922373304244,-15.77758463069729,-5.708362929228405,0.19547535896945556,-0.008587395902614847,-0.2923561258106286,0.9360788088448398,-0.022541820214119213,-31.432817607149044,0.20520003876863654,145,23.31950165613976,-20.290254786398613,0.47915150676994145
1789320912.4021988,LIDAR_ONLY,20.157167842131834,-15.790544642262791,-5.712951128542345,0.19538209959918085,-0.008582629789582873,-0.2923517758076907,0.9360996810191746,-0.02246303576329249,-31.45757026431552,0.20545113047303487,148,23.339673395194435,-20.306887719201537,0.4816327197364695
1789320912.514417,LIDAR_ONLY,20.17102631177995,-15.801363285287561,-5.717172290390837,0.19584604668235778,-0.008678845761389277,-0.2924810657784385,0.93596144674674,-0.022381899440539324,-31.483070719359198,0.20570992994905282,149,23.36044063631434,-20.324566057961682,0.48242259837159757
1789320912.6316254,LIDAR_ONLY,20.184299350367287,-15.813854866275737,-5.720821258295717,0.19595531254007376,-0.008648963380400552,-0.2924840418535101,0.9359379232517512,-0.022303168908829343,-31.507819319404465,0.20596133236272313,149,23.378276604368665,-20.339828477160914,0.48440959596317706
1789320912.7413507,LIDAR_ONLY,20.208167116884432,-15.82780620615795,-5.723407820956983,0.19561720037952782,-0.00880475071333312,-0.2924842181532871,0.9360071417525683,-0.022223268876624652,-31.532570964576248,0.20621302687777507,146,23.39502946899319,-20.355733227081835,0.4868297996814058
1789320912.8598082,LIDAR_ONLY,20.225440418742224,-15.837025227700952,-5.724968710517686,0.19521309009090523,-0.008772429501045918,-0.2923727252728174,0.936126638577471,-0.022142381029584213,-31.558092087370916,0.20647147848745534,149,23.411163078180603,-20.37308883311765,0.4893630763759977
1789320912.9704268,LIDAR_ONLY,20.239748432466694,-15.845408601194794,-5.7285007491393465,0.19560766070733943,-0.008743935642061443,-0.29240273583949566,0.9360351631940267,-0.022062047332142024,-31.583106663179386,0.2067235048897184,145,23.430418883387613,-20.389254851210598,0.49150309179045215
1789320913.0864327,LIDAR_ONLY,20.253573287716964,-15.857144745452324,-5.733030864972862,0.19575361746271894,-0.0086741345875725,-0.29249253250846025,0.9359772428142703,-0.021982301768271095,-31.60809827055398,0.20697703576606902,150,23.449438962909912,-20.404363481075514,0.4945848036208896
1789320913.260272,LIDAR_ONLY,20.265554351711256,-15.868513256114099,-5.736681486691153,0.1957855959952175,-0.008625202177955637,-0.29246588244485183,0.9359793341169136,-0.02185167765681434,-31.649079167452076,0.2073936653089778,149,23.48741479806253,-20.436602337573202,0.4970171857649536
1789320913.3111162,LIDAR_ONLY,20.28767446735919,-15.887974782947678,-5.742001918008382,0.19545791145115715,-0.008754231611168624,-0.2925590755182615,0.9360174974924079,-0.02182063444261402,-31.658825908727238,0.2074926405991252,149,23.48741479806253,-20.436602337573202,0.4970171857649536
1789320913.4177015,LIDAR_ONLY,20.309596114348242,-15.90192107669586,-5.74401473441928,0.1952172863247592,-0.008807474656221177,-0.2924619213787069,0.9360975718661235,-0.021745008155353962,-31.682569913624,0.20773367398556913,148,23.50613939939485,-20.45554865721478,0.4978939326223564
1789320913.5327568,LIDAR_ONLY,20.32658597595072,-15.905484261835394,-5.74590488821422,0.195771421867996,-0.008769605420547898,-0.29232385453748966,0.9360253246942071,-0.021663011474256616,-31.7083164381406,0.20799493804289435,147,23.523484562859032,-20.47163579281566,0.5006338102958849
1789320913.6408432,LIDAR_ONLY,20.340089415266462,-15.91194498707027,-5.746712355562229,0.19560778767739787,-0.008697703639344053,-0.2922363264495873,0.9360875348249257,-0.0215849710264701,-31.732816053505527,0.2082434826105526,145,23.542320815696176,-20.48751334399403,0.5021504753218531
1789320913.7527611,LIDAR_ONLY,20.35611899379839,-15.924413465062342,-5.749791057168068,0.1958039260097659,-0.008694148842386527,-0.29223549330770293,0.9360468208301719,-0.02150450734381805,-31.75806876186994,0.20849957877562633,150,23.558010453064846,-20.502070354553386,0.5029519930284504
1789320913.8614182,LIDAR_ONLY,20.37129947508073,-15.939524552606843,-5.754311290154246,0.1956684681619066,-0.008535079927967268,-0.2923958965611564,0.9360265181350332,-0.021426409236741356,-31.782574442208045,0.20874794643272132,147,23.578089998038028,-20.51837371858585,0.5061895416916098
1789320913.9743826,LIDAR_ONLY,20.39228724036343,-15.95771147423755,-5.759034299633518,0.19532077716080243,-0.008566766074079413,-0.29251202360972894,0.9360625623173238,-0.02134422533316903,-31.808331974344057,0.20900870786000098,146,23.598844485190344,-20.53587171186155,0.5076659474904053
1789320914.0974448,LIDAR_ONLY,20.402977858934214,-15.969371068638084,-5.762897628619058,0.1950588503234865,-0.008401976597930322,-0.2925379053828424,0.9361105840732422,-0.021255135778374373,-31.83583332722247,0.20928691512769254,147,23.616518462135794,-20.55297235656759,0.5094539726682936
1789320914.1969495,LIDAR_ONLY,20.426046345369766,-15.979020684614323,-5.76582258817275,0.1955365209020123,-0.008709095548970399,-0.2924505355969388,0.9360354186019455,-0.021187477164017407,-31.857069152787403,0.2095021896363457,148,23.63466339866428,-20.569374472245393,0.511068827225024
1789320914.3094099,LIDAR_ONLY,20.438802915018478,-15.9891547714141,-5.767189856530586,0.19531616557205378,-0.008639880011482469,-0.29240325121384436,0.9360968361335225,-0.021105354243371677,-31.88304352685612,0.20976634763215832,143,23.653621041175885,-20.586719500817253,0.5134992239482193
1789320914.4189494,LIDAR_ONLY,20.451833823479806,-15.998944181839688,-5.770149752809574,0.19534264058553086,-0.008619680032847157,-0.2923368245322861,0.9361122448230143,-0.021029365850062695,-31.907020131878554,0.21001108490741724,145,23.672330769065177,-20.602873974720538,0.5154586083929069
1789320914.5286608,LIDAR_ONLY,20.46604483582261,-16.012231876327633,-5.772701053381682,0.19517776922258023,-0.00855098530494691,-0.2923908866646951,0.936130380047056,-0.020947004139988817,-31.93301894593034,0.21027538695852924,147,23.690803882151958,-20.61846518196417,0.5174345547378179
1789320914.643097,LIDAR_ONLY,20.48068880694135,-16.025611450856026,-5.778149214321124,0.1955579723770777,-0.008615927149874001,-0.29260325629654405,0.9359840701869735,-0.020869326568134866,-31.957522934472586,0.21052391526335765,149,23.707257409660784,-20.6358605385413,0.5180816678491811
1789320914.7529235,LIDAR_ONLY,20.493969666505997,-16.039058964960383,-5.781559750600576,0.19550716226058143,-0.008545122296775122,-0.2926058218261566,0.9359945317271824,-0.020788512359376024,-31.98302472949454,0.21078263940925618,149,23.72694128893272,-20.651817597495405,0.5210331937646011
1789320914.8773274,LIDAR_ONLY,20.511932065293216,-16.050980362719315,-5.7843944944197,0.19555010148113422,-0.008501832644731781,-0.29263349479304507,0.9359773044137384,-0.020710107999917057,-32.007774226261915,0.21103387406957858,149,23.745201858760456,-20.669567576741322,0.5232016689451683
1789320914.9988835,LIDAR_ONLY,20.535040541852535,-16.060694587468724,-5.786926569909499,0.1956676624725376,-0.008686996335735341,-0.2925397394539227,0.9359803431682885,-0.02062599440791893,-32.034272351342906,0.21130319524058727,146,23.765159925804824,-20.686039860799866,0.5252979009295389
1789320915.1127782,LIDAR_ONLY,20.549657499105358,-16.0707834701144,-5.789904555865006,0.19584537170323632,-0.008765928586576462,-0.292574985419077,0.9359314220526327,-0.0205474676892239,-32.05877820284334,0.21155225722667792,146,23.78313432261071,-20.702320733685347,0.5283748193066613
1789320915.2309816,LIDAR_ONLY,20.56418376546912,-16.08124349810236,-5.794075840332995,0.19611025855729064,-0.008806173766560154,-0.29264053641406995,0.9358550818580146,-0.020466668119335243,-32.084304072566326,0.21181008540572518,147,23.800825612543118,-20.717765913653878,0.5292807534369364
1789320915.3473785,LIDAR_ONLY,20.57671077848254,-16.092151840821646,-5.798614889775294,0.1966044562679767,-0.008956196200837927,-0.29280080166631944,0.9356998262630736,-0.020391557004592248,-32.10781084083791,0.2120471664799006,143,23.81988221691714,-20.732992677408507,0.5306380065743573
1789320915.4686866,LIDAR_ONLY,20.592226674409492,-16.106731980386062,-5.802144374167269,0.19648692472737322,-0.008874960202844256,-0.29285654719482324,0.9357078423619757,-0.020309023294151116,-32.13379924348527,0.21231120344540563,147,23.838700339604493,-20.748669535264185,0.5328231424595608
1789320915.590578,LIDAR_ONLY,20.607306013478578,-16.11916242864494,-5.806011655385432,0.19664033561084412,-0.008913892616611713,-0.2929071579433172,0.9356594026433139,-0.02023131070575246,-32.158287252065264,0.21256019716050512,148,23.858968582085314,-20.764914872117473,0.5355613976141861
1789320915.7160423,LIDAR_ONLY,20.626631944595868,-16.13296807791464,-5.807980966810307,0.19614064978112733,-0.008850230280376684,-0.29287650717354075,0.9357744762886239,-0.020149693502199056,-32.1840282620009,0.21282160319104823,146,23.875884025003675,-20.781622901851566,0.5374473159568417
1789320915.8948438,LIDAR_ONLY,20.653845202302787,-16.146845397229633,-5.811724907857591,0.19619457089906847,-0.008964982073713169,-0.2927904700346064,0.9357890040511604,-0.020026839364091942,-32.222770696637646,0.2132148251872933,147,23.89309087605508,-20.799596024481243,0.5376448407542812
1789320915.955779,LIDAR_ONLY,20.664409689362916,-16.157515402587528,-5.81387421424361,0.19588040742417426,-0.008631473987545569,-0.2927436111968409,0.9358726097859552,-0.019991168227557227,-32.234019835175914,0.21332896404965745,147,23.914044664936178,-20.81606407883428,0.5402348785048239
1789320916.0687776,LIDAR_ONLY,20.679017619445098,-16.17079443692044,-5.8178911055614995,0.1958289148246758,-0.008511319679333877,-0.29275314128751234,0.9358815052249938,-0.019912697782860797,-32.25877027846263,0.21358002384194363,148,23.932483698301695,-20.834795201518457,0.5434937998385679
1789320916.1836286,LIDAR_ONLY,20.695048607431882,-16.187428746121377,-5.823884729104027,0.19584496101686855,-0.008490621071655494,-0.29290013970781015,0.9358323400894331,-0.019834193519970886,-32.2835239715174,0.21383101414320432,149,23.951559501332877,-20.85215096218601,0.546042732655011
1789320916.2960768,LIDAR_ONLY,20.711885974664657,-16.201989786723136,-5.826750045925959,0.19534721723038495,-0.008428473659372097,-0.29287669778868,0.9359442640694565,-0.019755636388681677,-32.3082806480128,0.21408186221606237,147,23.970236438930122,-20.867592041130344,0.5465997304601643
1789320916.418088,LIDAR_ONLY,20.730143190398657,-16.21658578027527,-5.829560252573487,0.1949989327404639,-0.008389124854058837,-0.2929422020012239,0.9359967441721885,-0.019672920901641328,-32.334287851773404,0.21434501570953066,149,23.987377494165173,-20.884915104913805,0.5495779287843868
1789320916.535733,LIDAR_ONLY,20.753241055560533,-16.22543177854787,-5.8340255006740245,0.19609100983651556,-0.008884311714002183,-0.2929923294481867,0.9357482993578933,-0.019593828711398836,-32.358785245804356,0.21459282175777109,143,24.00602703295931,-20.901582959645566,0.5524593166609244
1789320916.6537962,LIDAR_ONLY,20.765723825882866,-16.23521366038324,-5.8377206732842835,0.1963112886000235,-0.008937355911545666,-0.29304542784618615,0.935684978428079,-0.01951538413137431,-32.38351465613656,0.21484384386747934,149,24.025631994602115,-20.917803603933255,0.5547556545043169
1789320916.7963831,LIDAR_ONLY,20.777555845316932,-16.249178315432484,-5.841582871366857,0.19586360969626465,-0.008759683233335836,-0.2929876850957299,0.9357985524292323,-0.019416307545777445,-32.41498073217353,0.215164393391476,149,24.043009485078105,-20.933457757621294,0.5568123751282531
1789320916.8871343,LIDAR_ONLY,20.79190475100803,-16.263454687793505,-5.846523090430123,0.19595094831177212,-0.008925280606356969,-0.29310045442592514,0.9357433883480724,-0.019359708752102606,-32.43296927719343,0.215347956147812,149,24.060961867675946,-20.95082989177972,0.5588003881800764
1789320917.001452,LIDAR_ONLY,20.812912852718416,-16.278443141352707,-5.849847530474147,0.1960133802543053,-0.009044008333152833,-0.293128441259826,0.9357204056763622,-0.01927847544911357,-32.4587224177936,0.2156094458839181,147,24.07909636084258,-20.967031248406805,0.5610265767149294
1789320917.1266823,LIDAR_ONLY,20.82824427935389,-16.28844668805208,-5.853042581762821,0.19674064265085303,-0.009172946620407798,-0.29325258547250693,0.9355276039184085,-0.01919723291114178,-32.484476426355826,0.21587065789583143,147,24.097934363054712,-20.98265599251669,0.5636566068059999
1789320917.2579927,LIDAR_ONLY,20.85294453162314,-16.301005047973856,-5.855104870928771,0.19698459063016757,-0.00930587183406632,-0.29326624411407753,0.9354706739748155,-0.019118392417129024,-32.509477778715315,0.21612434620801313,147,24.114819208796757,-20.99719796166283,0.5652610438814287
1789320917.379982,LIDAR_ONLY,20.86673027580771,-16.311940308449238,-5.858220201669226,0.19682167596994216,-0.009217957576463019,-0.293298027201837,0.9354958708439135,-0.019038798930199607,-32.534726777870304,0.21638073820513384,147,24.13275766345694,-21.014118174341725,0.56662359407191
1789320917.4985058,LIDAR_ONLY,20.88322460186932,-16.32723576068844,-5.864009674452549,0.19700051180552733,-0.009310973530469899,-0.293391944158543,0.9354278546329191,-0.018964146407350668,-32.558225687051596,0.21661969057666428,145,24.152203166647112,-21.029531417734578,0.5686974218885803
1789320917.6134439,LIDAR_ONLY,20.897065855895875,-16.341638465860903,-5.868531297339187,0.19677163056507,-0.00928879423546091,-0.2933889319641115,0.9354771928312163,-0.018883571432167304,-32.58373752387144,0.21687878708941138,144,24.170603329816732,-21.046045853348875,0.5702972939660118
1789320917.7539954,LIDAR_ONLY,20.9085397575619,-16.351043537166838,-5.871167993977739,0.19665469520990972,-0.009088786907014822,-0.2933358447605409,0.9355203936756677,-0.0187905997189195,-32.61301583932972,0.21717387069317082,146,24.18895845288627,-21.06395458731907,0.5735006883971138
1789320917.884834,LIDAR_ONLY,20.924278528485765,-16.3632614890384,-5.87335654523599,0.19630276702440846,-0.008967938282998479,-0.2932836765572571,0.9356118237851482,-0.018709887513786258,-32.63851294719363,0.21743183239092945,144,24.206013850146157,-21.079670269195915,0.575757903525354
1789320918.0182192,LIDAR_ONLY,20.94938690112703,-16.379418428515944,-5.876866432195582,0.1969115680646423,-0.009321552547165303,-0.29338459202953115,0.9354487822324106,-0.018631735401462957,-32.66324986993529,0.21768351685204967,146,24.226730970206475,-21.098861190111293,0.5778102114467364
1789320918.146163,LIDAR_ONLY,20.967911525384597,-16.392617594110412,-5.881179586693466,0.19730037188734117,-0.009371577457224233,-0.2934958727648327,0.9353314436386116,-0.018556767080764744,-32.68698967585227,0.21792479422343086,144,24.248121060260885,-21.115864177290494,0.5794050046345572
1789320918.2780473,LIDAR_ONLY,20.977799256518065,-16.40540706402498,-5.88565858784333,0.1973268121852281,-0.009262933612089998,-0.29356184665873286,0.9353062436656929,-0.01847552727590855,-32.71273209106159,0.2181861746860363,146,24.2648243680185,-21.13250607499403,0.5803235299745877
1789320918.4096236,LIDAR_ONLY,20.988624539607017,-16.418062731802678,-5.8886377116990385,0.1973272182037395,-0.009043292925684456,-0.29352089824901156,0.9353211588006163,-0.018398228173109224,-32.73722796183015,0.2184347851705947,146,24.282145357085582,-21.149096359260202,0.581817766578195
1789320918.544275,LIDAR_ONLY,21.004777242166522,-16.42921059567998,-5.891059962718331,0.19774932786091162,-0.009120398567924891,-0.29354073398986796,0.9352250312888388,-0.018310657058453875,-32.764976874382334,0.21871631784286147,144,24.282145357085582,-21.149096359260202,0.581817766578195
1789320918.7474842,LIDAR_ONLY,21.035795593248412,-16.44256817774963,-5.894786175691302,0.19817649387696165,-0.00944311839968026,-0.293562455646948,0.9351245849746749,-0.018189091344838842,-32.80348196095461,0.219106787422572,147,24.31720203041809,-21.180811421257005,0.586096062289856
1789320918.810547,LIDAR_ONLY,21.050310695758842,-16.45316690621957,-5.898592649576622,0.19853949959955655,-0.009432060388946693,-0.29363462511161,0.9350250318954788,-0.018151187301103475,-32.815485135940335,0.21922842636973106,147,24.3372308334536,-21.195483705964552,0.5882961251305737
1789320918.9233406,LIDAR_ONLY,21.062584776526364,-16.464177538505314,-5.901249676172077,0.19878159815235685,-0.009416152621511435,-0.293728168200109,0.9349443702764416,-0.018089528119137374,-32.834991221590016,0.21942594169572302,148,24.3372308334536,-21.195483705964552,0.5882961251305737
1789320919.0649266,LIDAR_ONLY,21.07863865176845,-16.478699207055605,-5.905321187024971,0.19903269437303556,-0.009473625920085485,-0.29378034077127557,0.9348739745863339,-0.017998904457554102,-32.863247322462016,0.21971178312675044,147,24.3746643833384,-21.228378325539644,0.5924866339038418
1789320919.164594,LIDAR_ONLY,21.092924119602856,-16.493777237826052,-5.910845979060136,0.19933856672703942,-0.00950965578700995,-0.29393893930686826,0.9347585796456621,-0.017930836042524045,-32.88473800633681,0.21992919831352997,147,24.39018249215722,-21.246564050496996,0.593469544242907
1789320919.2784052,LIDAR_ONLY,21.119076743222145,-16.505864186395083,-5.912290530451805,0.19966957427229823,-0.00979370539111125,-0.29379013781481467,0.9347317793716996,-0.01785504148514777,-32.908964042848616,0.22017532719633287,148,24.40999550271404,-21.26421561971594,0.5977079562390587
1789320919.3970623,LIDAR_ONLY,21.135531216063686,-16.51435836243797,-5.915007985808171,0.20020320432967498,-0.009831505163085289,-0.29373939383810027,0.9346331831205138,-0.017776538908028203,-32.933934284575926,0.22042996022550143,150,24.430056793468932,-21.280200590060193,0.5995747738775842
1789320919.5185866,LIDAR_ONLY,21.14970468786977,-16.525447561128164,-5.918096588395981,0.20018730135746154,-0.009770737571840986,-0.29370081201153303,0.9346493514074063,-0.01769669188004988,-32.95942216941707,0.2206898639318168,147,24.447842642688745,-21.29416348223617,0.6005031150993625
1789320919.6335855,LIDAR_ONLY,21.165994148514205,-16.54284015753176,-5.9230251867348045,0.20018343630378677,-0.009701250920483294,-0.2938714452353396,0.9345972668671134,-0.017619749290965575,-32.98392665335429,0.220938484303744,147,24.464561574696834,-21.309304305901776,0.6021705473879208
1789320919.7555306,LIDAR_ONLY,21.18297433613724,-16.56243902565303,-5.9306698451733775,0.2001001710044396,-0.009711025672415143,-0.2940187467090873,0.9345686674225717,-0.017537328325934604,-33.010179731658674,0.22120478753140846,146,24.483391005922684,-21.325739228860375,0.6037755604507324
1789320919.8764906,LIDAR_ONLY,21.20715434655071,-16.584019952915877,-5.9397907419387055,0.19979407886972259,-0.009896763832774744,-0.2942368553767529,0.9345635628742633,-0.017462009751953278,-33.03418003594829,0.2214483670018793,146,24.501649617846237,-21.342428266422477,0.605608138000348
1789320919.996067,LIDAR_ONLY,21.224312717755105,-16.59342130683857,-5.941727123358664,0.19961300084193254,-0.009784602299225644,-0.29406221465756793,0.934658400359945,-0.017386717677829386,-33.058178278991434,0.2216921417374769,146,24.52100294675625,-21.35962576320359,0.6079189557395612
1789320920.1126826,LIDAR_ONLY,21.236649388647354,-16.605361271037623,-5.94554971870287,0.1993069114504626,-0.00962841594815508,-0.2941004888994323,0.93471329886951,-0.017305086689681504,-33.08392870870822,0.22195400365047335,147,24.53897674734095,-21.376078438703615,0.6097910567986184
1789320920.2346287,LIDAR_ONLY,21.24987381177685,-16.616991485181174,-5.9503860417675964,0.19914475157511966,-0.009614651094165651,-0.29414789646068595,0.9347330856518213,-0.01722682947434008,-33.10894797261112,0.22220769696229029,146,24.558713545980392,-21.392412081416143,0.6122308894416857
1789320920.3549504,LIDAR_ONLY,21.266478044370874,-16.63335733619311,-5.954150276519809,0.19873186898791012,-0.009502632168562071,-0.2941273191552256,0.9348285748504918,-0.017149134967813978,-33.13347016305183,0.2224545545686147,148,24.57712104413118,-21.40949503464391,0.6151935815167401
1789320920.4684324,LIDAR_ONLY,21.281072159138752,-16.649017682237375,-5.959871196998943,0.19859595559077373,-0.009461856709810628,-0.29408400775725857,0.9348714970903858,-0.017068839972206748,-33.15896590055426,0.22271264772352597,147,24.595754474303895,-21.426312874051508,0.6181033510908878
1789320920.587026,LIDAR_ONLY,21.29154867013838,-16.66315101181117,-5.963013191886805,0.1984373758781676,-0.009259799787964543,-0.294224617540094,0.9348629516650337,-0.016989467710283507,-33.1842022484403,0.2229694790481805,145,24.615213624648415,-21.44459750416875,0.6200673287779384
1789320920.7085052,LIDAR_ONLY,21.313042333415158,-16.6777358956976,-5.965646954715345,0.19793363340329373,-0.009118349243167284,-0.29410032000217645,0.9350102321629788,-0.016910966146458165,-33.20919168374898,0.22322340579783495,147,24.63438550224894,-21.46056813764058,0.6221979102408355
1789320920.81809,LIDAR_ONLY,21.322441864175143,-16.68693350993394,-5.970959801887298,0.19806509382021067,-0.009069381336473102,-0.29419142553134114,0.934954207475426,-0.016834830966010905,-33.23343468542307,0.22346954999572555,149,24.65412319163512,-21.47487769239416,0.6237986259034439
1789320920.939713,LIDAR_ONLY,21.344772754067062,-16.701461386579076,-5.973433350340398,0.19819045202180713,-0.009260665048002275,-0.29407786916870937,0.9349614920816001,-0.01675475473133861,-33.25893046698702,0.2237283138632597,144,24.66918236581792,-21.48983953445711,0.6254468434614008
1789320921.0929139,LIDAR_ONLY,21.35484020001987,-16.71598299741841,-5.978650510992222,0.198228590194689,-0.009209866343837525,-0.2942063023556722,0.9349135019056884,-0.01665190128707962,-33.29167992066038,0.22406056214445397,143,24.689248478194983,-21.507221575938743,0.6274444777030308
1789320921.1825733,LIDAR_ONLY,21.369071234919357,-16.734909053691226,-5.983971353707465,0.19744723944364198,-0.008940319341964252,-0.2943269918106047,0.935043464346909,-0.016595360398437356,-33.309682169096234,0.22424312097074559,145,24.70838800920321,-21.52552566224276,0.629763286284784
1789320921.299494,LIDAR_ONLY,21.3868994272917,-16.749525862782967,-5.9889674162476085,0.19757857929244796,-0.00892718764529509,-0.2943483349616614,0.9350091272446603,-0.01651914673890746,-33.333938041086924,0.2244889686722495,148,24.729007345627807,-21.541779571302115,0.6329682914436016
1789320921.424067,LIDAR_ONLY,21.404811936202496,-16.76339618793063,-5.991724369455209,0.197127118757298,-0.008792601911918909,-0.2943242840871814,0.9351132578456115,-0.016438101622402473,-33.35969628943911,0.2247497205366063,144,24.744899372097404,-21.55568989576447,0.6346734861326866
1789320921.5352151,LIDAR_ONLY,21.418485292137607,-16.780641136595705,-5.996391519314093,0.19660877726543685,-0.008521562788346074,-0.2944141562889812,0.9351965976448383,-0.016360251560486594,-33.38395018882706,0.22499498230464537,145,24.76450992152637,-21.570654681734766,0.6366216316753713
1789320921.6528583,LIDAR_ONLY,21.437263127547965,-16.795096541535756,-6.001567504323002,0.1969502856647925,-0.008681855040835526,-0.29449491174068193,0.935097833025216,-0.016278559776896476,-33.409934037493066,0.22525809358596194,146,24.783714359143264,-21.586749948833102,0.6398967247733419
1789320921.7740033,LIDAR_ONLY,21.449523781106954,-16.80993502075435,-6.0071310628499885,0.19711718035782774,-0.008592543119866777,-0.2945478507266826,0.9350468164978719,-0.01620181671600615,-33.43465669665098,0.22550954699227332,148,24.801540374530628,-21.606376611902657,0.6415651034784091
1789320921.8981626,LIDAR_ONLY,21.466947727562875,-16.82668109139142,-6.011995341323654,0.19715276866883247,-0.008732708585175586,-0.29461226073458613,0.9350177225228603,-0.016123017207584592,-33.45987589224818,0.22576716091535645,145,24.820463102327107,-21.625043970367834,0.6439560726495072
1789320922.0124102,LIDAR_ONLY,21.488871403964225,-16.837663140792763,-6.014275141194842,0.19673629217497102,-0.008676963630710676,-0.29442107168563875,0.9351661746400346,-0.01604968298812795,-33.48337208958187,0.22600632040844357,144,24.838428389760278,-21.640788103541873,0.6456568633448717
1789320922.1293864,LIDAR_ONLY,21.500255306183348,-16.849470218278356,-6.018704040029152,0.19641303943377839,-0.00849768310684143,-0.29451972070098786,0.9352047056342333,-0.01597000345818067,-33.50887750536604,0.22626501961914047,146,24.859729816721888,-21.655370041596942,0.6475361828467905
1789320922.2520792,LIDAR_ONLY,21.52059108732078,-16.867024555706017,-6.024929294733586,0.195904915872727,-0.008506239795899104,-0.2945794683348684,0.935292384581945,-0.015889577905397162,-33.534630287228296,0.22652627711393625,147,24.87587535851138,-21.669183434079404,0.6498164992767342
1789320922.3672197,LIDAR_ONLY,21.530372767619316,-16.881256281056874,-6.030180092666956,0.19553849192348616,-0.008306495653039406,-0.29463366055343737,0.9353537867433567,-0.015813100139917657,-33.5591302264769,0.22677498010275843,140,24.895099685065897,-21.687121169685216,0.6507265356871644
1789320922.482501,LIDAR_ONLY,21.546357419909974,-16.898720389878978,-6.036791024828153,0.19578366419028873,-0.00824987520009118,-0.2948904830480556,0.9352220588732345,-0.015735066108587936,-33.584128187507424,0.22702904450607514,146,24.912003219888163,-21.705300630072355,0.6526309017341221
1789320922.6084,LIDAR_ONLY,21.561479900939467,-16.912352253566322,-6.043478693359146,0.19589493322080684,-0.008203463385961602,-0.29499692612109335,0.9351655959807317,-0.015652789660977398,-33.609375374542466,0.22729877385653424,144,24.931839593760593,-21.722350776536388,0.6554526496967994
1789320922.7355917,LIDAR_ONLY,21.582799314612632,-16.921087590067835,-6.04586670057812,0.19625557411672237,-0.008537705774385248,-0.2949475533571498,0.935102560138115,-0.015636816972827122,-33.63431943701673,0.2276115511646142,147,24.948907324426905,-21.7375364355089,0.65810010566547
1789320922.847583,LIDAR_ONLY,21.59237842122027,-16.92999608914676,-6.049949098824928,0.19638151301301068,-0.008523036994866269,-0.2950172205233542,0.9350542758480811,-0.015568496091677694,-33.65858077508739,0.22791435538221544,142,24.96578034773129,-21.751010871406404,0.6614410589106747
1789320922.9565616,LIDAR_ONLY,21.610669464715652,-16.94445131785301,-6.0544004701254535,0.19681980327117493,-0.008819000230056325,-0.29514300930023735,0.934919672665218,-0.01549466150178988,-33.682635106513374,0.22821110612476309,145,24.98131961500011,-21.768582303149213,0.6644732206351118
1789320923.069997,LIDAR_ONLY,21.630717866450603,-16.963814313454208,-6.060395803304622,0.19709678925862978,-0.008839372847436985,-0.2952099201919741,0.9348399992361536,-0.015415519107303488,-33.70770085790567,0.22852729889788242,149,25.00231441811675,-21.784357762163964,0.6667312183748736
1789320923.1803832,LIDAR_ONLY,21.63966753137166,-16.980127140685916,-6.067734654887283,0.19736175511066206,-0.00894825280845632,-0.29555485358180617,0.9346740581162785,-0.015337086109756426,-33.733011098164454,0.22884830545649834,143,25.019062118779512,-21.798871164115216,0.670046876566303
1789320923.2935636,LIDAR_ONLY,21.65662516287466,-16.98983188344123,-6.06851474285922,0.19814722865303938,-0.00905355564540796,-0.2955355896804141,0.93451293417456,-0.015257894133009806,-33.758064019404266,0.2291666578740261,145,25.033807672525963,-21.813766015940466,0.6719910225807033
1789320923.436597,LIDAR_ONLY,21.669947394029176,-17.00192617167709,-6.07375387481163,0.1982986990319214,-0.008829339757082468,-0.29548172167054726,0.9344999844196418,-0.015154741595503063,-33.79162043994482,0.22959239967740655,146,25.051276800275772,-21.827920427298643,0.6723130304425353
1789320923.5174778,LIDAR_ONLY,21.683088882610885,-17.01613526255272,-6.078718566943292,0.19795636661863242,-0.008761831856692787,-0.29547173976304136,0.9345763522682704,-0.015102652386489085,-33.80839355332708,0.2298047119190862,146,25.067991801897044,-21.841798735454223,0.6737327758745739
1789320923.6252246,LIDAR_ONLY,21.69180445285539,-17.026772154665565,-6.081836860845679,0.19835143897456445,-0.008589059251779883,-0.2954886824924488,0.9344888299154601,-0.015026764087127512,-33.83341810996174,0.23012163129568913,149,25.087482175980437,-21.859595441855472,0.6768061405656844
1789320923.7363093,LIDAR_ONLY,21.706345491262244,-17.041099411417534,-6.0878207209687805,0.19864863731775473,-0.008786150517617,-0.2956229858294,0.9343813850351426,-0.014951211227538508,-33.85818214023241,0.23043527568380257,145,25.103371260094196,-21.8762895190472,0.6780662093113657
1789320923.8474267,LIDAR_ONLY,21.72953227989272,-17.055365672502763,-6.093542219570639,0.198688200193455,-0.008884410561635376,-0.29565584367295433,0.9343616475727649,-0.014873457934659107,-33.88343410987709,0.23075488195381222,145,25.124167705513816,-21.893441751452098,0.6788576818091164
1789320923.9688454,LIDAR_ONLY,21.742843114387426,-17.065793381717626,-6.096506747661859,0.1991401158804972,-0.008701443494772107,-0.29564942386609877,0.9342691888828686,-0.014797418523630881,-33.90868706044886,0.2310750121719144,144,25.14195959933115,-21.908401530989842,0.6811266282852574
1789320924.0769985,LIDAR_ONLY,21.753319692924403,-17.07729590444436,-6.099580168037101,0.1993325112147492,-0.008467336172904107,-0.2956514420718752,0.9342296714361933,-0.014723059570317915,-33.93341396377714,0.2313889667071842,144,25.15891442566162,-21.923155299736827,0.6833064500977662
1789320924.1923797,LIDAR_ONLY,21.770305115435058,-17.095730523372804,-6.104571015937905,0.19893962662149786,-0.008490657261064063,-0.29574804773538527,0.9342826263822327,-0.014648394011566354,-33.95862143995288,0.23171006217018603,148,25.172775818706732,-21.93959527673366,0.685632671117038
1789320924.2971032,LIDAR_ONLY,21.78222871704827,-17.107652493414104,-6.108349532740835,0.19905857982282452,-0.008265524694946357,-0.2957080639225401,0.93427196459683,-0.014575173023043078,-33.983325214170705,0.2320241995032188,145,25.195165574519187,-21.95438464889558,0.6867883949250564
1789320924.4112995,LIDAR_ONLY,21.790179315330153,-17.124600164690673,-6.113207841082216,0.19878372262826033,-0.007985033945477456,-0.2957685321382204,0.934313783612199,-0.014502726951121758,-34.007773481873045,0.2323349021267483,142,25.209233670478085,-21.97014106970303,0.6873406906116267
1789320924.5273707,LIDAR_ONLY,21.812620934440922,-17.141984510770083,-6.116800889931872,0.19818042765575805,-0.008090750602867779,-0.2956992221560679,0.9344629622757445,-0.014428028041254634,-34.03296701998378,0.2326548960697518,147,25.226172821016455,-21.987477183705447,0.689195670337461
1789320924.644555,LIDAR_ONLY,21.8240797201173,-17.157359467153565,-6.121781801525562,0.19781653476889818,-0.007726553165093653,-0.29567026492784715,0.9345523063936598,-0.01434945454772503,-34.059408248623505,0.23298967870581178,148,25.245770034692356,-22.00450987379882,0.690946002747145
1789320924.7524738,LIDAR_ONLY,21.83188313094819,-17.170011394552546,-6.127577222617462,0.19762969431292415,-0.0072294671485574,-0.2956851951702012,0.9345910892404701,-0.014279317540029118,-34.08285655282086,0.23328618371606852,145,25.26389622749459,-22.018716913907653,0.6926504607657687
1789320924.8695614,LIDAR_ONLY,21.84226202801128,-17.18782261155984,-6.132787110841392,0.19725024402367025,-0.006810151539418528,-0.2956815725971298,0.9346755430068238,-0.014202201379818508,-34.10830432669114,0.2336080634815087,144,25.28093963472856,-22.031332097745675,0.6946970639760935
1789320925.0028305,LIDAR_ONLY,21.857356494125767,-17.201520254077526,-6.135661685840157,0.19791363273149634,-0.006887850433944659,-0.2958310739252245,0.93448741414514,-0.014145122343704852,-34.13823928555851,0.23397490785296635,146,25.29793905386102,-22.049663322718747,0.6971769213486482
1789320925.0943773,LIDAR_ONLY,21.87951336688534,-17.209243557810986,-6.137841942480182,0.19801505472783607,-0.007018608592568171,-0.2957444195803223,0.9344923838756819,-0.014099991096463288,-34.15799305595755,0.23422202615243234,146,25.318946402555337,-22.06654427734466,0.6989267655524946
1789320925.2174141,LIDAR_ONLY,21.893046452662407,-17.219407400925647,-6.140797973321737,0.19770114895646884,-0.006746497573088045,-0.2956058914915678,0.93460467438766,-0.013997631850550127,-34.18430508487139,0.23455466882133197,142,25.33868888860277,-22.079892602078303,0.6990900962663424
1789320925.3259382,LIDAR_ONLY,21.903444425893877,-17.23325940061373,-6.14584704408079,0.19736420445421218,-0.006589862418744902,-0.2956665824950533,0.9346578071728466,-0.01390764270108652,-34.2076322960532,0.23484571226989262,140,25.357365600801906,-22.09861644963142,0.7011999523731448
1789320925.4407759,LIDAR_ONLY,21.921587011260097,-17.24488193931767,-6.150723046560448,0.19736660486130417,-0.006828376172513142,-0.29572513489350905,0.9346370638684217,-0.013804657993237754,-34.23373065709673,0.2351772077795645,143,25.373050323326588,-22.115436434555523,0.7034842015447098
1789320925.5452006,LIDAR_ONLY,21.93144501403802,-17.259996007541307,-6.157124208850683,0.19704505485006743,-0.006747982177892126,-0.29589000739225496,0.9346533125288072,-0.013707250037630556,-34.258316276699354,0.23549003594000906,139,25.393600231573984,-22.12856782927055,0.7055447740386969
1789320925.668332,LIDAR_ONLY,21.946517946308518,-17.27758345486351,-6.162543057910123,0.19672237297698333,-0.006604059734602688,-0.2959487170767819,0.9347037237680899,-0.013600524460631008,-34.28564531150439,0.23583698176515627,143,25.41454245282745,-22.145354656760116,0.7077857270092429
1789320925.7704194,LIDAR_ONLY,21.968862744839893,-17.29304097537518,-6.1674270654557,0.1958279715354483,-0.006475318274913783,-0.295836763293245,0.9349278503187971,-0.013514136081392444,-34.30794701686971,0.23611937062644,146,25.431538533700664,-22.16078209586689,0.7089083871398119
1789320925.8847117,LIDAR_ONLY,21.97841100555032,-17.30466510405617,-6.171077147863204,0.19552911118293692,-0.00628140908048286,-0.2958115235312232,0.9349997075540243,-0.01341852200665089,-34.33274154336215,0.2364331137150359,145,25.453879460265753,-22.178509975678047,0.7103858378998299
1789320925.9928563,LIDAR_ONLY,21.994562316485773,-17.31684017160083,-6.175626469732088,0.19545427532518972,-0.006301177879871448,-0.29572016108323834,0.9350441207468955,-0.013320714204495251,-34.358274476164375,0.23675573623639534,145,25.471840894292782,-22.19354015459504,0.7130579263905412
1789320926.1067336,LIDAR_ONLY,22.007305419711113,-17.330909029322253,-6.180045288373997,0.19533565892887877,-0.006254113657455999,-0.295814428729767,0.9350394056768206,-0.013228546235414737,-34.38255142403759,0.23706269688050302,139,25.489179549422616,-22.209326957846244,0.7141649279057393
1789320926.218421,LIDAR_ONLY,22.024676394779057,-17.344287641963366,-6.184530496679209,0.19488589938078082,-0.00618334991988381,-0.29575930323044036,0.935151157278307,-0.013132199536468131,-34.408075015103414,0.23738550594373334,139,25.50640416955111,-22.224126155758732,0.7152667636968024
1789320926.3258727,LIDAR_ONLY,22.04288904536992,-17.356714577636005,-6.188348043613723,0.19481637902036378,-0.006146657425986695,-0.2957710158974031,0.935162180171386,-0.013036660519156335,-34.43334655131157,0.23770521465859382,143,25.528897593739913,-22.240432709204516,0.7176410284672156
1789320926.4409182,LIDAR_ONLY,22.05822448569792,-17.372004229165007,-6.1948112816049274,0.1952681556271194,-0.006273724981200866,-0.29597125025874854,0.9350037469406829,-0.012942686244577353,-34.4586103492385,0.23802635870960934,143,25.54745433478697,-22.25560118987228,0.7188145595290316
1789320926.553865,LIDAR_ONLY,22.07819338703759,-17.38637071243275,-6.19795241364875,0.1951329245915147,-0.006240336626375436,-0.29589678531110447,0.9350557696638773,-0.012848571604952189,-34.48386231923238,0.23834802615530368,142,25.564915826302208,-22.274182743870877,0.7197670250735401
1789320926.6625142,LIDAR_ONLY,22.087058136864194,-17.398736398462333,-6.202575061037779,0.19485645628522624,-0.006056052266334123,-0.295893844951831,0.9351155640852808,-0.012754697627503447,-34.509108276567105,0.2386696246841205,140,25.58567735511759,-22.288356905024486,0.7218391966047012
1789320926.7696939,LIDAR_ONLY,22.10420766491418,-17.414375375885747,-6.206978956665531,0.19508848257962186,-0.0062661891335249395,-0.2959278228675177,0.9350550478401871,-0.012665462530891486,-34.5331003440581,0.23897485903641702,147,25.60083282428122,-22.303560175978166,0.7237501085018165
1789320926.884689,LIDAR_ONLY,22.118749116341853,-17.426336913496524,-6.210769637662896,0.19548808072265247,-0.00622328187808119,-0.29596104266803686,0.9349613587100208,-0.012569459402227007,-34.558588876659556,0.23929786724185453,145,25.61875063864423,-22.3192845649677,0.7250249970145215
1789320926.99231,LIDAR_ONLY,22.135301968105676,-17.439584753100338,-6.21594390128465,0.19527686306440628,-0.0063107277780565015,-0.295882390456614,0.9350298029925658,-0.012478058649175394,-34.58282331397861,0.23960425115003872,145,25.637199136153317,-22.33598434439641,0.7282097001186242
1789320927.1120036,LIDAR_ONLY,22.145169394503828,-17.448741887351492,-6.220125816392986,0.19551379737378324,-0.0063228466740497605,-0.2959285667208647,0.9349655929738562,-0.012378588552611522,-34.6090527134475,0.23993578098435342,141,25.656848398177377,-22.353263171225063,0.729848538142923
1789320927.2198257,LIDAR_ONLY,22.166700427273746,-17.464156362501498,-6.223944321351351,0.19540819981792412,-0.006338057643013712,-0.2959792531166171,0.9349715215950491,-0.012295095443318027,-34.633276028567195,0.2402408015962217,141,25.673157775686434,-22.366283683209595,0.730970392966298
1789320927.3309715,LIDAR_ONLY,22.1838138427736,-17.4754940794209,-6.228706646127465,0.19548912437434826,-0.006212823366241041,-0.29597303574007483,0.9349574135713214,-0.01229261255152167,-34.658166153072315,0.24055155172103526,143,25.693381229906826,-22.384318426224514,0.7338318502018383
1789320927.4371598,LIDAR_ONLY,22.200896522425023,-17.488592032600778,-6.232403226756595,0.1953062347434499,-0.006222160834756432,-0.2959272068721672,0.9350100788856346,-0.01230373050261993,-34.682586324443285,0.2408625144499593,140,25.711337505365833,-22.40082951923591,0.7347045423841293
1789320927.570774,LIDAR_ONLY,22.21661303310292,-17.49841404182284,-6.23391276763887,0.19561486780877435,-0.006160956082921266,-0.29587198915177665,0.934963438936342,-0.01220462895086101,-34.71190161643992,0.24123485982282117,146,25.73059474425052,-22.41741572052894,0.737247730801772
1789320927.6637833,LIDAR_ONLY,22.231352053404436,-17.50986657262678,-6.238035153642736,0.1956151499108589,-0.006175873916172442,-0.295824618627265,0.934978270721174,-0.012140612084626648,-34.73268937406685,0.24150155039841786,141,25.75004305900973,-22.43327501009493,0.7391110158178851
1789320927.7791111,LIDAR_ONLY,22.243064456262076,-17.51916035338885,-6.241862477269992,0.1957036709360811,-0.0061283020773610876,-0.29582968315331915,0.9349584566499185,-0.012057541288504545,-34.759452787298684,0.24184811839199552,137,25.767257574795718,-22.446222379605995,0.7403877490262657
1789320927.8827953,LIDAR_ONLY,22.259065278077443,-17.536451555300157,-6.247019074272996,0.19557161529239667,-0.0063282741231811155,-0.2959680756748471,0.9349409577186534,-0.011984793202067967,-34.78295561400199,0.24215165374994163,139,25.78290868037957,-22.459539165927353,0.741357550999881
1789320927.997869,LIDAR_ONLY,22.273392020201626,-17.54851593204824,-6.252593250044628,0.19558275094573235,-0.006439204401184213,-0.29600080706802995,0.9349275086306181,-0.011923874972499443,-34.8079448820453,0.242512021863622,143,25.801663956106673,-22.476922024164928,0.7440245109967911
1789320928.104685,LIDAR_ONLY,22.293521641074374,-17.562240953621338,-6.2569244870988125,0.19583333205554732,-0.006642277913632882,-0.2959892699599279,0.934877285138926,-0.011869892670031662,-34.83343895275739,0.24289931682266352,145,25.819868848291225,-22.490806718557,0.745180400567726
1789320928.221486,LIDAR_ONLY,22.304136748850645,-17.57686006540744,-6.262870971156557,0.19610482907881535,-0.006678489163635436,-0.29619964150431727,0.9347534788205786,-0.011815879004449636,-34.858934030990724,0.24328661485217085,137,25.83898720904301,-22.50762518774227,0.7462152725367629
1789320928.3271205,LIDAR_ONLY,22.3205932817944,-17.58898329130213,-6.266097826133374,0.19637470259088438,-0.006805983220761813,-0.29625259476373045,0.9346791186661321,-0.011763447227157067,-34.88367999214185,0.243662535616133,142,25.855163355487136,-22.523744479249586,0.7482584097829225
1789320928.436278,LIDAR_ONLY,22.332257608052068,-17.59527379045689,-6.268163548190306,0.1966596125858071,-0.006691342353347946,-0.2961843947396782,0.9346416570150301,-0.011711547658537394,-34.90817642581136,0.24403469915157533,142,25.872080448795472,-22.53819956982065,0.7503293034252652
1789320928.5506818,LIDAR_ONLY,22.35193728177525,-17.615225050584304,-6.27363163772661,0.19676507937140844,-0.006925110551098721,-0.2962583844884974,0.9345943055701144,-0.011658401242944996,-34.93317351546669,0.2444145909185086,139,25.890981584650355,-22.554110897680086,0.7513253145892393
1789320928.659603,LIDAR_ONLY,22.36462824468661,-17.628621713823566,-6.278057493978793,0.1970773733873956,-0.006864457709670613,-0.2962753930558134,0.9345235575354431,-0.011604614641465547,-34.95842368453965,0.2447982878388132,142,25.910568165551297,-22.5738129324333,0.7542284726463786
1789320928.7744431,LIDAR_ONLY,22.38053614015359,-17.639507857527857,-6.28185112469008,0.19750783360188853,-0.006928498500030274,-0.29627046815818103,0.9344337650533375,-0.011551184391839928,-34.98342797695667,0.24517793817930744,140,25.930760474738804,-22.58940652254118,0.7558317246998244
1789320928.885448,LIDAR_ONLY,22.396395522374842,-17.655414876335623,-6.286217624694309,0.19792326804855792,-0.006980698140506571,-0.296482837833056,0.9342781045753494,-0.011499137961510295,-35.0081827572599,0.2455536681916617,142,25.95052709848691,-22.605354332759298,0.7570774136727922
1789320928.996504,LIDAR_ONLY,22.40953857774263,-17.66801727212005,-6.2906088941041896,0.19803523842125112,-0.006963533400478099,-0.2966149148992688,0.934212580628905,-0.011446848634076787,-35.032931288815924,0.24592938543136839,138,25.968135726026624,-22.62118514989206,0.758391069917202
1789320929.1096087,LIDAR_ONLY,22.427785603827356,-17.680134518213876,-6.294028326782335,0.19814696421840383,-0.007075955377298154,-0.29656165857871436,0.9342049529346177,-0.011393553251758948,-35.058176549619375,0.24631289114621152,141,25.987103737532845,-22.63940025294268,0.7594002004569921
1789320929.276077,LIDAR_ONLY,22.44160978425723,-17.69493311379429,-6.29905715795257,0.19829234611333219,-0.007029379969261475,-0.29662244484137046,0.9341551576191434,-0.01131229472884597,-35.09667314042882,0.24689753662947292,133,26.02450957247681,-22.67617060107681,0.7637291399074765
1789320929.3506978,LIDAR_ONLY,22.459244612249417,-17.710775802014744,-6.304286774508696,0.19840271867572007,-0.00707896038876494,-0.2966474153454305,0.9341234182434208,-0.01127799584574296,-35.112922707087975,0.24714421541525047,137,26.02450957247681,-22.67617060107681,0.7637291399074765
1789320929.4613125,LIDAR_ONLY,22.4755859195207,-17.71785630624016,-6.305866749394084,0.19882538772054298,-0.007115159386153893,-0.29658249358115807,0.9340538872066578,-0.011224246393987516,-35.13842059427108,0.2475310374698743,138,26.042026093972154,-22.691253972663244,0.7655322156505622
1789320929.554253,LIDAR_ONLY,22.485231609928388,-17.728679447092645,-6.3091214972024385,0.19913696516159385,-0.006949230926096099,-0.29663995024938306,0.9339705119605273,-0.011181565481175812,-35.15866427588611,0.24783800375376824,137,26.0592219006111,-22.706517016049492,0.7675969445829584
1789320929.6728308,LIDAR_ONLY,22.499908572387962,-17.747018420117822,-6.31396152179716,0.19935078357564517,-0.006948517698721488,-0.29678809460295513,0.9338778346719202,-0.011125959453999468,-35.18489464849637,0.2482363713633902,131,26.075903631637097,-22.72030632376671,0.7688907878222028
1789320929.823867,LIDAR_ONLY,22.517834943290026,-17.759934906753976,-6.318014676890805,0.1995314387734653,-0.007010322995339145,-0.29683664695949913,0.9338233587431477,-0.011051071699807957,-35.22035925165237,0.24877709827174602,131,26.096372807263563,-22.741098091807615,0.770145288830368
1789320929.8850694,LIDAR_ONLY,22.534166161547354,-17.772177083086437,-6.320586870588455,0.19952117527839466,-0.006840254055370899,-0.29681623776307403,0.9338333001880799,-0.011025733470153357,-35.23235424790833,0.24895943181831628,131,26.114984500343457,-22.754889657377316,0.771490213216893
1789320929.995499,LIDAR_ONLY,22.549999299535664,-17.785175533972108,-6.32553659191856,0.19950115039319335,-0.006867042326535855,-0.2968462327542506,0.9338278475292366,-0.010971664978924059,-35.25784600197463,0.2493466907930846,131,26.134917999554226,-22.77068335417191,0.773601063942058
1789320930.1088245,LIDAR_ONLY,22.559497600195307,-17.79352008946099,-6.3284644514475685,0.19959389751107812,-0.006603140324174977,-0.29684833436234487,0.9338092637152933,-0.010918660903429286,-35.28283796278881,0.24972636956723246,134,26.14903775098517,-22.786054237910797,0.7753270215752428
1789320930.218818,LIDAR_ONLY,22.58043437348911,-17.80690991374998,-6.333731442288004,0.19919436474854382,-0.006618070387798488,-0.29676658681722234,0.9339204458333816,-0.010865682721506606,-35.3078304398468,0.2501060587216984,136,26.16691094085995,-22.800474601978106,0.7784672091691766
1789320930.3300772,LIDAR_ONLY,22.598664811367133,-17.814849984166784,-6.335484285607272,0.19958400989728348,-0.006636066741259641,-0.29665542493138797,0.9338724455032948,-0.010813245993027423,-35.33257382318328,0.25048195552857855,136,26.183994415496667,-22.81339883727309,0.7796210052942065
1789320930.4418995,LIDAR_ONLY,22.609161381127272,-17.825304997025874,-6.3389279758224975,0.19966702586965057,-0.006525257543562672,-0.2966457300138591,0.9338585603071288,-0.010760281191339163,-35.35756803275281,0.2508616545170778,135,26.203495509908283,-22.832277136292326,0.7828655331806216
1789320930.558718,LIDAR_ONLY,22.629846938298222,-17.83182166540059,-6.339259410991625,0.20000770635064707,-0.006528537653057372,-0.29657222801604904,0.9338089789491545,-0.010707311668098185,-35.382563028213056,0.25124136251682244,131,26.218318240871646,-22.847913268843627,0.7847732056686266
1789320930.6631925,LIDAR_ONLY,22.646362443699132,-17.848698755838026,-6.344712130231501,0.19957668435547096,-0.006434233002299809,-0.2966178602474219,0.9338873554608124,-0.010653277950169876,-35.40805848232072,0.25162868726152154,132,26.23772492728447,-22.861251587036325,0.7867199197620509
1789320930.7718494,LIDAR_ONLY,22.65975155882225,-17.86068094774972,-6.348425672962884,0.1996424011099225,-0.006437779277094092,-0.2966253064706593,0.933870919473474,-0.010601370716459807,-35.43255445735922,0.2520008830639461,128,26.25589624458641,-22.87973382689651,0.788255540482821
1789320930.8873372,LIDAR_ONLY,22.674819561503725,-17.872734290682992,-6.353213196365873,0.19966871780976242,-0.006424254076106672,-0.29664001369215237,0.9338607146488661,-0.010546801921259202,-35.45830146241619,0.2523922003912965,126,26.271722218134883,-22.893280274437252,0.7905975900620565
1789320930.993645,LIDAR_ONLY,22.69293393544966,-17.887395781781425,-6.35759779543219,0.1997277711633107,-0.006314170433846961,-0.2966116077549253,0.9338578600744907,-0.010494368898437578,-35.483053382726204,0.2527682466701755,125,26.292547507615556,-22.909203229897265,0.7924531909358744
1789320931.1070795,LIDAR_ONLY,22.70788515864132,-17.896604798668513,-6.360070181980732,0.19967126119026807,-0.006227712954817171,-0.29655161676325914,0.9338895767922123,-0.010440010947461317,-35.508559235131514,0.25315545587937227,124,26.307835248188272,-22.924653280632906,0.794931464252913
1789320931.2126932,LIDAR_ONLY,22.728674157366637,-17.90289813035821,-6.359059065206037,0.19998747690363247,-0.006277444960012854,-0.2964308974025294,0.9338599069622938,-0.010388884030290507,-35.53281395464558,0.2535235450602587,124,26.324727706177292,-22.938926568866908,0.7962155714099366
1789320931.3260818,LIDAR_ONLY,22.742162563557443,-17.919937498020815,-6.36462813030728,0.20001025491628419,-0.00623019320012683,-0.2965262006813663,0.9338250879744484,-0.01033603337943284,-35.557811229544605,0.2539030857109026,131,26.342248640663694,-22.954224428214292,0.7975353919276806
1789320931.438588,LIDAR_ONLY,22.761110710188344,-17.93471656832052,-6.368955957492886,0.2002830248602536,-0.006297243960277736,-0.29654432019144666,0.9337604193975694,-0.010283208078759612,-35.58280714578338,0.2542828029304027,131,26.35948838309993,-22.972335437119973,0.7999705175445612
1789320931.5535367,LIDAR_ONLY,22.78886846069572,-17.950783283115534,-6.3718531121058755,0.2009309397521396,-0.0065667430242529745,-0.29659488027102315,0.9336032949456599,-0.010229337646967263,-35.60830520947813,0.2546700348191276,130,26.377452541480533,-22.988430306716243,0.8011477538803097
1789320931.6590774,LIDAR_ONLY,22.800768244749055,-17.962019518849033,-6.3756894113524725,0.20102985167459056,-0.006515219496440677,-0.2966283679842156,0.933571722985238,-0.010177572430232457,-35.632804769931504,0.255041960478421,124,26.39775300039648,-23.00512257500229,0.803199378714742
1789320931.7702127,LIDAR_ONLY,22.810979336742253,-17.96918683629617,-6.377690454687801,0.2011445615978244,-0.006354999346060796,-0.296649093311513,0.9335415334951027,-0.010125374055134029,-35.657552459836175,0.25541732925105487,128,26.41210348065988,-23.020117127156105,0.805356982484921
1789320931.880824,LIDAR_ONLY,22.831395862547794,-17.981258104724215,-6.380296047593126,0.2012420371914068,-0.006491499778294799,-0.29660424889549675,0.9335338357203873,-0.010072147410097515,-35.682792920257604,0.2558000474991136,125,26.430301154429777,-23.035560167900105,0.8068994386989868
1789320932.006104,LIDAR_ONLY,22.847645544250373,-17.994965029880635,-6.384805027145639,0.201448607843321,-0.006537548637591396,-0.2965856703036142,0.9334948628816095,-0.010014246634193091,-35.710017902186394,0.2562139707727452,129,26.445686734685566,-23.048683332433484,0.8083655618401293
1789320932.1072745,LIDAR_ONLY,22.86124471388169,-18.006273195556993,-6.389912160578294,0.20176148662552693,-0.006535918716340238,-0.296602954880704,0.9334218078860307,-0.00996622967921866,-35.73274261693414,0.256560815111291,122,26.46358659969964,-23.066563901320933,0.8097507480592043
1789320932.2236452,LIDAR_ONLY,22.87880628863294,-18.012174730673806,-6.390200228445123,0.2019182975165984,-0.006675181258975325,-0.2964991833080107,0.9334198826791944,-0.009911824879455827,-35.75848116659647,0.2569521355546344,121,26.48590979886204,-23.086315215744186,0.8117865016574113
1789320932.3333192,LIDAR_ONLY,22.895664498289978,-18.024236309368778,-6.393974371634795,0.20213049472454037,-0.006704842404444518,-0.2965567927585043,0.9333554397224744,-0.009860867650200292,-35.78247355296424,0.25731660724283395,118,26.501180105380225,-23.09738890087752,0.8133224472051651
1789320932.4425466,LIDAR_ONLY,22.911621534724706,-18.03499015718229,-6.397039376464676,0.2022451088186747,-0.006794770655145904,-0.2965989243068355,0.9333165728469063,-0.009806748144170332,-35.807965463994165,0.25770388173146774,116,26.51873138198326,-23.112868539810854,0.8150741999952636
1789320932.5546882,LIDAR_ONLY,22.927601417117145,-18.0468686846752,-6.401325088038454,0.20243315023702876,-0.006853908724185783,-0.2965857134098039,0.9332795713083571,-0.009753709619365364,-35.8329581379604,0.2580835710806806,125,26.536893511548005,-23.127576625487865,0.8163381483954995
1789320932.6659558,LIDAR_ONLY,22.940489983312574,-18.05662252893542,-6.405010414074247,0.20267060134430717,-0.006846068546151607,-0.29658978696736454,0.9332267982451274,-0.009702269074873107,-35.85720184276007,0.258451874304844,124,26.554048065471456,-23.144839073385224,0.8175796370292101
1789320932.7730029,LIDAR_ONLY,22.956848495541873,-18.06838721703781,-6.4090022808600695,0.2027035643576146,-0.006898554299745378,-0.29657906816069046,0.9332226590017135,-0.009648175925709934,-35.88269608851569,0.2588391685459539,113,26.573551386765892,-23.161131878028957,0.8188437336523964
1789320932.8811529,LIDAR_ONLY,22.97498193544209,-18.07348776066346,-6.409360143929441,0.20260661817226538,-0.00689192864372399,-0.2963715058339929,0.9333096967899023,-0.009595669113985947,-35.90744119509505,0.25921508371404456,108,26.589987051192054,-23.17709856119227,0.8213798939766446
1789320932.9973555,LIDAR_ONLY,22.99502325850588,-18.08434475808604,-6.410824936807979,0.20233661273732503,-0.0067603872597060246,-0.29616348048440916,0.9334352602818504,-0.009539449364552699,-35.9339364061655,0.2596176138202346,116,26.607004947494566,-23.190711944787175,0.8229511785297386
1789320933.1006873,LIDAR_ONLY,23.013195570370396,-18.097691585079776,-6.414908665598087,0.20246320226140663,-0.006852216116605021,-0.2961282791531264,0.9334183098429966,-0.009489080982065606,-35.957682464982575,0.2599784563861979,115,26.623514324899794,-23.208218547261826,0.8239054677166716
1789320933.2143774,LIDAR_ONLY,23.027561252351585,-18.106641423066264,-6.419089231646417,0.20314126887037887,-0.007065174470452607,-0.29621842363693884,0.9332407801256232,-0.009436566647230887,-35.982430290381956,0.2603546257988256,108,26.64122672161537,-23.223273905786808,0.8257514587425433
1789320933.3241098,LIDAR_ONLY,23.044761179806688,-18.121160839370283,-6.424044616376351,0.2028256291217745,-0.007069608197853198,-0.29631355407792087,0.9332791985686794,-0.009382501382948952,-36.00793432498901,0.26074200545021764,102,26.65867175853308,-23.238561277246323,0.8286933566409309
1789320933.4409835,LIDAR_ONLY,23.059901793422306,-18.13084194899889,-6.426224279112392,0.20246882367759536,-0.006969403756038074,-0.2962641604025351,0.9333731033787492,-0.009329308436648434,-36.03294098623645,0.2611215141740889,105,26.673436921512774,-23.25248868652302,0.830037919921318
1789320933.5464008,LIDAR_ONLY,23.080128892070242,-18.136346070043405,-6.426039327903103,0.20238457784450234,-0.0071579407435071836,-0.2961022718090836,0.9334413164010444,-0.009277018443350951,-36.05769421281264,0.2614971504678363,107,26.6881720695076,-23.266601900125053,0.8312243984116404
1789320933.6606143,LIDAR_ONLY,23.105744645229112,-18.142620518502287,-6.424835777158567,0.20201148917696612,-0.007130986005173304,-0.29574157865328243,0.933636666982806,-0.009222526877018355,-36.08343954288978,0.2618881529054339,112,26.70510224605712,-23.281323457281296,0.832696253293137
1789320933.7784393,LIDAR_ONLY,23.11967475131462,-18.15575819142227,-6.428853228089932,0.201746489923647,-0.0069950821367689205,-0.2957378752749962,0.933696166725139,-0.009163312759832495,-36.11143499172728,0.26231340460623476,100,26.723812090270606,-23.296927128116756,0.8341418386042334
1789320933.8761113,LIDAR_ONLY,23.13626373263742,-18.168208538624935,-6.4315178961253965,0.20172260635707912,-0.006957027138397428,-0.29576398148260824,0.9336933421179878,-0.009119416737071062,-36.132183495099824,0.2626284683793717,102,26.73958606428053,-23.311451923464116,0.8342818574477944
1789320933.989971,LIDAR_ONLY,23.159132084535027,-18.17616536812314,-6.432182007592275,0.20155643969378012,-0.006951532126802015,-0.29552398622660364,0.9338052534569485,-0.009064971958714668,-36.15793257944436,0.2630192732046833,114,26.75544950306205,-23.32669324721616,0.8364140508910509
1789320934.1086078,LIDAR_ONLY,23.17802708151935,-18.186186612764878,-6.433239567686957,0.2016211462103049,-0.007071881966110101,-0.2954870669217452,0.9338020642343239,-0.009013757513685147,-36.18217865545148,0.2633869175728937,108,26.772218673113084,-23.33983880150492,0.8380693906469118
1789320934.2230287,LIDAR_ONLY,23.194682595667302,-18.199118906165378,-6.436933554211166,0.20144104442376254,-0.006985223611586183,-0.2954967888283919,0.9338385085573784,-0.008954144748307316,-36.21041304411261,0.26381510235446776,108,26.788054719095797,-23.354056547424104,0.8391529651022489
1789320934.3224318,LIDAR_ONLY,23.22511858391375,-18.213671388945404,-6.438423632591581,0.2013749624254445,-0.0072185517537213025,-0.29529577197549023,0.933914570007412,-0.008907197473314032,-36.232388336469086,0.2641497239997304,102,26.803710322841933,-23.36841991780657,0.8408160830143482
1789320934.4315336,LIDAR_ONLY,23.250396862616856,-18.228151039919126,-6.442357137223393,0.20147152182803263,-0.007475165050070125,-0.2952573248763511,0.9339038815138483,-0.008853424861936993,-36.25786244984255,0.26453840632464454,100,26.822698567894072,-23.386409531639845,0.8423392088163166
1789320934.5345743,LIDAR_ONLY,23.268943051188135,-18.237060682470922,-6.443984804135821,0.20156806251034873,-0.0074560014101929615,-0.2950673106705819,0.9339432565163828,-0.008800415596764574,-36.28285365375914,0.26491816082843167,103,26.837441059926007,-23.39959847614804,0.8433069452131985
1789320934.64206,LIDAR_ONLY,23.29499865792114,-18.252010650011073,-6.447143870381086,0.2015072132928827,-0.007751341376408463,-0.2950120620712054,0.9339714358214058,-0.008748325482827932,-36.30734617456928,0.26529022294648447,99,26.854312491999888,-23.41500578031007,0.8461661385911458
1789320934.7521834,LIDAR_ONLY,23.316481947578964,-18.260709621846157,-6.447738019073764,0.20145408537056092,-0.007665606003652986,-0.29486869326726073,0.9340288773388999,-0.008693611545048802,-36.33308830921357,0.26568129350032943,98,26.87063040119244,-23.43023389249318,0.8475225969331107
1789320934.8612893,LIDAR_ONLY,23.333639314272165,-18.270459294813158,-6.449367100444661,0.20138130437470153,-0.007604931291211728,-0.29468466000325777,0.9341031454968793,-0.008642104662586858,-36.35733144485877,0.26604959150379237,103,26.884682393208596,-23.443614023038737,0.8487146494982896
1789320934.9769373,LIDAR_ONLY,23.360513283929567,-18.28581426264205,-6.451949317688633,0.20147365863421357,-0.007796036725362891,-0.2946546546241173,0.934091120392579,-0.008588481283043695,-36.38257504173183,0.2664330829476691,99,26.90141309128672,-23.458581725617346,0.8501812148504222
1789320935.0879116,LIDAR_ONLY,23.383663626274135,-18.299776603712665,-6.4545269692043385,0.20127930487411985,-0.007721673456440139,-0.2945279332072366,0.9341735993642172,-0.008535387932236224,-36.407569406745964,0.2668127859697328,98,26.919518791814085,-23.47484189313954,0.8530539952140718
1789320935.200526,LIDAR_ONLY,23.40727431728811,-18.307999562220665,-6.454091403083017,0.2009223790217505,-0.007708771258343651,-0.294143308791931,0.9343717067349916,-0.00848069762411574,-36.43331412125027,0.2672038993110294,101,26.93935461991444,-23.491946277396565,0.8542378965582123
1789320935.3069596,LIDAR_ONLY,23.43406346955729,-18.325999698782965,-6.458400747574804,0.20058842202818739,-0.007866343583193009,-0.29419521300125323,0.9344258034932577,-0.00842919602589505,-36.45755936958749,0.2675722772606629,97,26.953640122998298,-23.504073438581905,0.8547493023127747
1789320935.424155,LIDAR_ONLY,23.458438306559483,-18.332437975971654,-6.462235131799507,0.20092761321904828,-0.00792807074291317,-0.29392451592200236,0.9344375949630925,-0.008374012836500466,-36.48355485723175,0.26796736751920835,88,26.972838537058365,-23.521627269136044,0.8565956050745818
1789320935.5333734,LIDAR_ONLY,23.477737573549494,-18.34007357244113,-6.465479295924144,0.201363493361084,-0.008074083895818724,-0.2938643771218159,0.9343614293031745,-0.008323104882123025,-36.50755403479104,0.2683321720433124,83,26.986280927306932,-23.53400355766556,0.85728374429247
1789320935.6477094,LIDAR_ONLY,23.49355628332343,-18.345819089548826,-6.473347347850662,0.20125699122534074,-0.007909079503725715,-0.29379462054374134,0.9344077219735966,-0.008270948525229235,-36.53206048934412,0.2687041695121697,81,26.999978917796657,-23.54541632305419,0.8592856875463167
1789320935.7591379,LIDAR_ONLY,23.51572672962911,-18.350195094836096,-6.478964330752691,0.20135725974329374,-0.007877855128163287,-0.29362685358126484,0.934439117440627,-0.008216774477716876,-36.55756785948665,0.2690912446494356,83,27.01614925415962,-23.559182787786373,0.8608385165034926
1789320935.8773334,LIDAR_ONLY,23.536237493375182,-18.349875361016785,-6.47930014729164,0.20144962136046657,-0.007834846010697174,-0.29326905818940213,0.9345319281599824,-0.008160610643892119,-36.58406862319831,0.26949343255719177,86,27.033470822123345,-23.574128428783055,0.8620929262173422
1789320935.9818118,LIDAR_ONLY,23.563482817950863,-18.355101102494313,-6.48235058189317,0.20129092603539125,-0.007918989932878855,-0.29293671361010315,0.9346696392381483,-0.008110303893608478,-36.607813596156035,0.2698541217593108,85,27.048918365951653,-23.587235063327764,0.8637505892845836
1789320936.0990667,LIDAR_ONLY,23.58683191588345,-18.36324333179094,-6.491170947980599,0.20117966517277067,-0.008061807191812409,-0.29279036791122287,0.9347382254108285,-0.008056293969088787,-36.63331003459339,0.2702413900750714,94,27.068342405138456,-23.604707493747277,0.8650662950012116
1789320936.2037566,LIDAR_ONLY,23.60774288411078,-18.373322853339616,-6.498236956325886,0.2010837398042102,-0.008241504633459507,-0.2926999288395168,0.9347856218647521,-0.008005448281786953,-36.65730884614259,0.27060576650184875,89,27.08393376394066,-23.621805551791976,0.867512030170699
1789320936.317201,LIDAR_ONLY,23.626915859500542,-18.375741479556996,-6.5034671576702845,0.2007705876512864,-0.00830834903187592,-0.2924861822127602,0.9349192348460512,-0.007952027316538102,-36.68255757614712,0.2709888195212181,91,27.098787545635798,-23.635041510839038,0.8687010412874444
1789320936.4264476,LIDAR_ONLY,23.648741378962654,-18.383206824508598,-6.509363015316889,0.20065592007081215,-0.008367956410774655,-0.29233783836310956,0.9349897150809884,-0.007899165645356768,-36.70755140901935,0.2713676823608439,85,27.119976059760926,-23.652550495437424,0.8711970110027316
1789320936.536761,LIDAR_ONLY,23.66307976160655,-18.392232707387105,-6.517197747949964,0.2002778856575371,-0.00839134266295401,-0.2922948059794155,0.9350840070722606,-0.00784690028752219,-36.732284199379734,0.2717428483093187,85,27.134193856559122,-23.66499725168166,0.8731555573117903
1789320936.645552,LIDAR_ONLY,23.67942248704847,-18.400965418424025,-6.526205382129228,0.19985445355948234,-0.008323047429733714,-0.2922220690793076,0.9351979398057567,-0.007792480431497217,-36.75775169986931,0.27213124583701803,91,27.149819591427587,-23.679487540710845,0.8749549051296429
1789320936.7529693,LIDAR_ONLY,23.696964871100135,-18.404905166254053,-6.530884592842324,0.1997756432793029,-0.008359748018078988,-0.2920594930563959,0.9352652348297013,-0.007740810135918819,-36.78223092441214,0.2725044542039528,88,27.163807853371736,-23.69305930309506,0.8758508694286491
1789320936.8693416,LIDAR_ONLY,23.71544000834068,-18.414608606285707,-6.535435403954799,0.19959764457626258,-0.008382087229775221,-0.2919887089688495,0.9353251385095906,-0.007686575212836513,-36.80772310021448,0.27289172313676213,77,27.176390532705195,-23.70546740239441,0.8774429916184435
1789320936.983473,LIDAR_ONLY,23.74010003028075,-18.424426690568996,-6.54074800272721,0.19926796906404795,-0.008363627732638587,-0.29180459551658383,0.9354530476040166,-0.007631745579684213,-36.833465336634035,0.27328277206324403,80,27.19169825996735,-23.71808466763472,0.8788493805800308
1789320937.0950627,LIDAR_ONLY,23.76088039683187,-18.431220687682636,-6.546864740229809,0.19889773332141453,-0.00829720569475333,-0.29161427301498466,0.9355917719984527,-0.0075790751402052825,-36.85820795583481,0.27365865620009083,85,27.212742851681774,-23.733691136882694,0.8815905473489345
1789320937.203715,LIDAR_ONLY,23.779477939055194,-18.44234778927012,-6.553501207005101,0.19861925924647975,-0.008246955049583546,-0.29154859420495943,0.9356718414091032,-0.0075269509506748905,-36.88270119634429,0.27403075109736086,96,27.23201819098242,-23.751485803909862,0.8826457709743293
1789320937.3176987,LIDAR_ONLY,23.796054762873375,-18.454133063934712,-6.561088990182729,0.19835385027679273,-0.008203140111887577,-0.2915395353817183,0.935731349203439,-0.007472703306364972,-36.90819485491939,0.274418040526477,93,27.249912546042786,-23.765723525401658,0.884211927531287
1789320937.4237952,LIDAR_ONLY,23.81327262225963,-18.46276445449626,-6.565399285107272,0.1980986259348568,-0.008072664845247827,-0.291456369830837,0.935812455019727,-0.007421644845773942,-36.93218944017065,0.274782558988076,93,27.264821665961655,-23.78252589070411,0.8858700426602477
1789320937.5429027,LIDAR_ONLY,23.83656644734031,-18.473540774926118,-6.570448374092942,0.19783515377136363,-0.008024539035583292,-0.291320072627716,0.9359110395703802,-0.007366330098121723,-36.95818391347436,0.2751774820903006,84,27.28088411037725,-23.79622234461488,0.8880477258069517
1789320937.6586032,LIDAR_ONLY,23.85827164352485,-18.48540111599036,-6.5756687584877085,0.19768748162926503,-0.007958883341518673,-0.29121062249264473,0.9359768635658051,-0.007314217960164654,-36.98267880896386,0.27554969443541827,81,27.298071606509716,-23.814693649546093,0.8894972454664504
1789320937.7692516,LIDAR_ONLY,23.881687880352075,-18.49803122208241,-6.58225259188095,0.1974211089338425,-0.008026098529598631,-0.2911001376230664,0.9360668765454511,-0.007261102018635515,-37.0076745670008,0.2759296651510149,81,27.31831515773819,-23.833396955186924,0.8922940641030331
1789320937.8822782,LIDAR_ONLY,23.902245371578733,-18.50715762788039,-6.586662809501348,0.1973532196667642,-0.008030421650930191,-0.29097724432187555,0.9361193632769903,-0.007207992204612809,-37.0326760882593,0.27630966675702173,85,27.333433322507204,-23.845500063207126,0.8945754291676271
1789320937.993883,LIDAR_ONLY,23.917145214320165,-18.51184184234679,-6.590644183759638,0.1970964730205793,-0.007925009453535324,-0.29083814028890415,0.9362175765821219,-0.0071526961340731415,-37.05843507510168,0.2767004013179657,98,27.348593813044623,-23.860459322641404,0.8964525586887075
1789320938.114635,LIDAR_ONLY,23.9362238141642,-18.523449521619725,-6.596574416517178,0.19671524183761593,-0.007841394486272217,-0.29073124778587056,0.9363316547688376,-0.007095701182154648,-37.085442007911276,0.27711019834181494,84,27.36973031401575,-23.877915971363297,0.8990435907218636
1789320938.2146313,LIDAR_ONLY,23.959195323177404,-18.536388584743566,-6.601862910020985,0.19651479482003348,-0.007957041833314164,-0.2906203510474966,0.9364071937245746,-0.007048444591880018,-37.10768968323966,0.277447914618,86,27.386891972036192,-23.89406721592378,0.9007360160462687
1789320938.3250299,LIDAR_ONLY,23.9746062547169,-18.54016290084682,-6.604662546150802,0.19660164633692792,-0.007869666309087853,-0.2905103383690337,0.9364238379657487,-0.006995430360222543,-37.132683438396064,0.27782759892784625,87,27.404516112506045,-23.909147602444918,0.9012510026180094
1789320938.435506,LIDAR_ONLY,23.99232254838858,-18.54932134853802,-6.60847709063638,0.19657007196204265,-0.007806733519372282,-0.29039866939698156,0.9364656291253073,-0.006942378766087831,-37.15767985329402,0.2782072371370467,79,27.422485354547195,-23.926867867187116,0.9030403148439762
1789320938.5515516,LIDAR_ONLY,24.008083799152214,-18.558519681986137,-6.612681813463348,0.19644252831965875,-0.007715960581751699,-0.29031004944907984,0.9365206202794223,-0.006890392072367954,-37.182178455334444,0.2785791282855462,79,27.439017438124495,-23.94197334383027,0.9039167362856481
1789320938.6601684,LIDAR_ONLY,24.02446277084921,-18.568013561000004,-6.618176540017645,0.19611065195779773,-0.0075092891764793595,-0.29017814366977074,0.9366327282884779,-0.006836376489363971,-37.2076757898179,0.27896577668470035,83,27.45899993719583,-23.961203171419683,0.9056755581251343
1789320938.788831,LIDAR_ONLY,24.040163722494878,-18.57785516195128,-6.622651319440931,0.19608762886445572,-0.007455727818932849,-0.2901694697521562,0.9366406636233333,-0.006781293726491583,-37.23366575522783,0.2793596122424141,97,27.477223071072856,-23.97651954501766,0.9077843943138951
1789320938.910513,LIDAR_ONLY,24.054740837735473,-18.587055988454637,-6.627402910438751,0.1960290658630708,-0.00732813317393292,-0.29013105528276645,0.9366658286505094,-0.0067285305599119605,-37.258391882043064,0.27973508787760404,94,27.49749420689825,-23.991733779560985,0.9097732417859621
1789320939.0414755,LIDAR_ONLY,24.081852847386575,-18.596243586733937,-6.6301039376749555,0.19594690068560397,-0.0074230701995690864,-0.28993981290551385,0.9367414878358031,-0.006669695751997537,-37.28610288877328,0.28015854035723897,102,27.515490604818968,-24.007925884692312,0.9117111153259815
1789320939.1491973,LIDAR_ONLY,24.09910993407417,-18.605657219491505,-6.634206707823976,0.1956852801041937,-0.0074146403635058766,-0.28986987362793687,0.9368178855155077,-0.0066194473781842345,-37.309840650353486,0.2805196875191245,103,27.53274374163213,-24.025610920550903,0.9136007977915184
1789320939.2660394,LIDAR_ONLY,24.11876407882094,-18.612149107258862,-6.6373724478631555,0.19573633425599762,-0.007430434676539367,-0.28974589778716986,0.9368454465962084,-0.006571438698648707,-37.3323346964158,0.2808613449938749,88,27.54939933181001,-24.03840327418059,0.9160782305070854
1789320939.3847296,LIDAR_ONLY,24.142212681274057,-18.61596958173948,-6.638175810224046,0.19572523576241693,-0.007379849691838928,-0.289446610097476,0.9369406757139707,-0.006514908463507468,-37.35882707129327,0.28126378282742587,86,27.565723414454695,-24.055226951868953,0.9183173771444748
1789320939.5052736,LIDAR_ONLY,24.164532629299607,-18.620454775274645,-6.639460498624031,0.19562812229605467,-0.007327339102516682,-0.28923743438887084,0.9370259625094388,-0.006460545678989002,-37.38431976515712,0.2816510562317434,98,27.5830251107968,-24.073373073906893,0.9204168407050357
1789320939.6171758,LIDAR_ONLY,24.179443140641226,-18.620884692911712,-6.640854273958273,0.19563152295518146,-0.007224346971403659,-0.28906887861513714,0.9370780647594203,-0.006409395188189532,-37.408313296584566,0.28201555732882244,97,27.60081853008987,-24.089547280176408,0.9219482328768671
1789320939.741912,LIDAR_ONLY,24.195061811374746,-18.622614413845497,-6.642759911181178,0.19547400779458443,-0.007189330703215039,-0.28889226694500086,0.937165665130846,-0.006353986324267827,-37.434306783384876,0.28241044311752694,98,27.617716541111683,-24.106382468048107,0.9230083665546859
1789320939.8606296,LIDAR_ONLY,24.214717967899087,-18.627666042182746,-6.644324562350743,0.1954528131399704,-0.0072308485262763495,-0.2887350293530561,0.9372182219151267,-0.006302838560565807,-37.4583010702834,0.28277497017142406,95,27.63726484544922,-24.121808741392474,0.9254720211216377
1789320939.9847152,LIDAR_ONLY,24.229569647614873,-18.631896399719015,-6.647060273640406,0.19562071579925117,-0.007217397291292007,-0.2886544673176563,0.9372081109465968,-0.006247430787277589,-37.48429489860457,0.2831699218350116,96,27.65273683406596,-24.133534672014754,0.9261866763356406
1789320940.1053157,LIDAR_ONLY,24.25541518437017,-18.64151465027992,-6.649333288465224,0.1955619852202615,-0.007221934995479496,-0.28843179042651484,0.9372888860234001,-0.006195240423216661,-37.50878911115859,0.2835422071868402,93,27.67509242827412,-24.149610580532343,0.9290527974726639
1789320940.242939,LIDAR_ONLY,24.273535097239566,-18.648008616395288,-6.651596878215768,0.1955502509329474,-0.007179724534936303,-0.28831465863324857,0.937327695383454,-0.006139470185024795,-37.53503539213434,0.2839413079798833,85,27.693562640914728,-24.16501581656833,0.9312236155187401
1789320940.3507097,LIDAR_ONLY,24.29721118379099,-18.65201136565767,-6.653094984758958,0.19547235246920697,-0.007161246377216423,-0.2880458963444385,0.9374267105057377,-0.006089986103207323,-37.55829166763675,0.28429426380550554,89,27.71309172144309,-24.18315545839654,0.9330474935846806
1789320940.46512,LIDAR_ONLY,24.322211171284227,-18.65816415784459,-6.653753762417534,0.19529432219191487,-0.0071663550378863634,-0.28775863184195644,0.9375519936918256,-0.006034431980845176,-37.58405217815568,0.28468510365305444,84,27.728401025843343,-24.20228898462953,0.9356858210902282
1789320940.5836105,LIDAR_ONLY,24.342170841747375,-18.663530347080577,-6.656150410557018,0.19522720595210846,-0.007100391508245581,-0.2875642859713958,0.9376261002821561,-0.005982624795020222,-37.60855768084771,0.2850568950724177,80,27.747896831557423,-24.21586166301074,0.9374678686388794
1789320940.7074115,LIDAR_ONLY,24.366626226599884,-18.673902083681014,-6.659111308706529,0.19517211781740892,-0.007105079301404321,-0.28731631453743567,0.9377135477721401,-0.0059263012460923775,-37.635052238079474,0.2854591790185538,78,27.76537320005567,-24.22918280631714,0.9399614545080636
1789320940.8193853,LIDAR_ONLY,24.384650267600396,-18.68380586266604,-6.662866882758146,0.19523898850299848,-0.007065948748124209,-0.2872191809410633,0.9377296795111904,-0.005876878759058041,-37.65829675317823,0.2858122975246555,77,27.785373029279082,-24.248963299517282,0.9423572394138868
1789320940.9411201,LIDAR_ONLY,24.408083952417016,-18.690411652398833,-6.664848633413324,0.19530320191999942,-0.007136114078924015,-0.28700799812415995,0.9377804349678078,-0.0058226418358395815,-37.68379391260968,0.28619947556579023,79,27.80515657832731,-24.26351751057657,0.9442903217349203
1789320941.0776138,LIDAR_ONLY,24.428490286836787,-18.70166692479766,-6.668269640136454,0.19510086287450312,-0.007219959050469235,-0.2868910131057346,0.9378577035436129,-0.0057690036464007055,-37.7090424138374,0.28658254746711903,92,27.82704861325523,-24.28402708342394,0.9460048833322914
1789320941.2014425,LIDAR_ONLY,24.448494087388813,-18.71342256890637,-6.672765687115875,0.19483985732622172,-0.007242922288123713,-0.28685677728136366,0.9379222565871737,-0.005713831856647117,-37.73503736063646,0.28697648437507645,86,27.84565313668543,-24.301114750576726,0.948608179178615
1789320941.3141987,LIDAR_ONLY,24.46461272582589,-18.725585868128093,-6.677557668511967,0.19461258126563363,-0.00719240222844659,-0.28679662466423933,0.9379882241502348,-0.005664009782868865,-37.75852351527015,0.28733228545004713,84,27.868436507885786,-24.319573352955842,0.951431321931901
1789320941.4397385,LIDAR_ONLY,24.475535076657483,-18.735798066327987,-6.683127186581632,0.1946956327606974,-0.007223354745351615,-0.28685256120963754,0.9379536459002681,-0.005604670873334952,-37.78623689463739,0.287754069446567,90,27.885226219879147,-24.335270992103656,0.9532561191541697
1789320941.5447645,LIDAR_ONLY,24.49368652796756,-18.741961289975702,-6.686163286099428,0.19458148657660693,-0.007229219232906284,-0.28669450789675727,0.9380256087190566,-0.00555754263829053,-37.8084547814555,0.2880940660878367,89,27.901222638602928,-24.354460713577158,0.9551593957615345
1789320941.6566744,LIDAR_ONLY,24.51049875650322,-18.751821996797133,-6.688596022388574,0.19462873980671594,-0.007332787697349051,-0.28669765680126746,0.9380140390476563,-0.005505002259388145,-37.83319485640234,0.28847022125524713,80,27.924109128724737,-24.3697139669267,0.9582385339581541
1789320941.7766953,LIDAR_ONLY,24.53477110911288,-18.755698324759837,-6.689123474984843,0.19455747520371408,-0.007430021223351829,-0.2864498905730356,0.9381037489625936,-0.005449366010252435,-37.85918844419563,0.288865015433036,81,27.938929990356176,-24.38647016331839,0.9598134010171046
1789320941.915894,LIDAR_ONLY,24.549274252797183,-18.7660766348982,-6.694142018991705,0.19447791938860162,-0.007416140004215312,-0.2863866342621641,0.9381396673490083,-0.00538896113398428,-37.88743054584524,0.2892940342173146,83,27.957401094248116,-24.40050761843579,0.9629232481819003
1789320942.0411718,LIDAR_ONLY,24.565672952124515,-18.77466838048129,-6.696927459239127,0.19455644174744446,-0.007316660851785909,-0.2863004223126558,0.9381504813366288,-0.005336066377994678,-37.91217363990448,0.2896699167044233,83,27.957401094248116,-24.40050761843579,0.9629232481819003
1789320942.1809182,LIDAR_ONLY,24.577076599556598,-18.789936737420106,-6.703840464131033,0.19443203503772877,-0.007285178543760133,-0.2863589096447035,0.9381586671729731,-0.005276771583975257,-37.9399162312105,0.29009137429326864,99,27.990200267602145,-24.429795366451277,0.9665115482729154
1789320942.3036711,LIDAR_ONLY,24.58448624205803,-18.80601394808454,-6.7114427819889,0.19450876247118634,-0.007206720624421595,-0.2865276624227654,0.9380918415412827,-0.005228695588327656,-37.96241042447305,0.2904331078595358,99,28.0074080985693,-24.447198265641383,0.9679497938105633
1789320942.435131,LIDAR_ONLY,24.597379987279346,-18.822710985217494,-6.7181485512313,0.19434234130741987,-0.007270227917854585,-0.28659066996504046,0.9381065963152385,-0.005173143202531566,-37.988403661157214,0.29082803541083024,94,28.02800585497835,-24.46498762013595,0.9703451014742129
1789320942.5471706,LIDAR_ONLY,24.60824646574952,-18.83559122923788,-6.724245958325838,0.19437549617160324,-0.007218347371858597,-0.28665271501748424,0.9380811707535587,-0.005127215654980408,-38.00989779061427,0.2911546757812341,94,28.02800585497835,-24.46498762013595,0.9703451014742129
1789320942.6851757,LIDAR_ONLY,24.618198858181533,-18.85267190518934,-6.7319583577606465,0.19431446418269854,-0.00711640118466872,-0.28673795234462707,0.9380685436196973,-0.005066397557149757,-38.038390518104706,0.29158788881375575,86,28.04549782067852,-24.474893863244215,0.9726518873279004
1789320942.8120687,LIDAR_ONLY,24.62770151025763,-18.870311086589997,-6.740158030766256,0.1943853089814461,-0.00705842019460811,-0.2868799077747249,0.9380109001881105,-0.005013815832807286,-38.063141681670935,0.29196402049323256,83,28.083458242515764,-24.50890892262848,0.9770994196145695
1789320942.9320228,LIDAR_ONLY,24.635498841478668,-18.89067316296718,-6.749104941962416,0.19430558188529745,-0.007036755815869616,-0.28708466643330377,0.9379649349600883,-0.004962285944749803,-38.08715438112145,0.2923281246733067,82,28.083458242515764,-24.50890892262848,0.9770994196145695
1789320943.0510936,LIDAR_ONLY,24.644263062989758,-18.90842419293053,-6.756897885817888,0.19423158818292702,-0.007040756402194071,-0.2872376435992675,0.9379333952902856,-0.004913493196023105,-38.10991300298127,0.29267334361562575,82,28.11759848345128,-24.538602756136083,0.9795659418260055
1789320943.1819046,LIDAR_ONLY,24.65710986975581,-18.922632248138093,-6.762561475854092,0.19429501461445361,-0.0070680374317218415,-0.287305923460829,0.9378991398264279,-0.004854949654463411,-38.13741369365544,0.293090625159425,82,28.13589413857059,-24.55234452091988,0.981075412514667
1789320943.2895014,LIDAR_ONLY,24.671509506325698,-18.93145245258939,-6.766104372812291,0.19435196739468674,-0.007060454194217986,-0.28726334646810536,0.9379004384967157,-0.004810735636726293,-38.15815650068349,0.2934057007478157,77,28.15683069627823,-24.570021011672313,0.9851324930222995
1789320943.4082882,LIDAR_ONLY,24.68234713014285,-18.945569428140953,-6.77154196181835,0.1945308705731712,-0.006924616419443268,-0.28734669764615395,0.9378388270024532,-0.0047526126427537285,-38.185399499834375,0.29381953106703507,80,28.173765416790275,-24.58619768904641,0.9867580941522544
1789320943.5123513,LIDAR_ONLY,24.691687778690262,-18.957225389071972,-6.776283957945339,0.1944340726793824,-0.006866261457154056,-0.2873922588209431,0.9378453686001264,-0.004705136122125211,-38.207646874240844,0.29415727802604696,81,28.190226590948697,-24.601817722508752,0.9885306469556637
1789320943.6252792,LIDAR_ONLY,24.699644067640843,-18.97373013908251,-6.7836929908121775,0.19447832715252436,-0.006768152127766252,-0.2875229866744859,0.9377968354171997,-0.004651376792248724,-38.23289406647372,0.29454009896003297,80,28.206468656906928,-24.615817152960375,0.9911734324982859
1789320943.7471645,LIDAR_ONLY,24.71282672577455,-18.990434545818374,-6.7898949330969,0.19446881594803395,-0.006708605340294852,-0.2875591515853353,0.9377881469594719,-0.004597066965952856,-38.25838625301536,0.29492614787451976,81,28.226121274665864,-24.63769848332564,0.9934793417877419
1789320943.8581524,LIDAR_ONLY,24.72426729937638,-19.002105684998003,-6.795071704734985,0.19451945942380958,-0.006693866404461131,-0.28760230732362174,0.9377645146198257,-0.004544747022181092,-38.28311520944759,0.29530070624436355,90,28.24497571886716,-24.656023230895926,0.9957462209007486
1789320943.9784198,LIDAR_ONLY,24.739831763554665,-19.015402836828862,-6.800042411836384,0.19468259802844742,-0.006704145311581284,-0.28763028400262947,0.9377220058125446,-0.0044922887515199544,-38.30732409705559,0.2956699445824248,87,28.261995265098168,-24.671366844911685,0.9969990053594401
1789320944.1009915,LIDAR_ONLY,24.75183664707548,-19.027853931264175,-6.805374440073032,0.19478852188266368,-0.006640694981943942,-0.28764248883899923,0.937696716176094,-0.004437257904296429,-38.33328780980767,0.2960673222726674,97,28.2806702462465,-24.686112755580545,0.999485563106847
1789320944.2089987,LIDAR_ONLY,24.759702954304505,-19.045547258016068,-6.812590212507525,0.19487522645198085,-0.006473427550460722,-0.28778003043764977,0.9376376671893806,-0.004385400782534077,-38.35753184839382,0.2964356596430844,87,28.297877394612833,-24.69945221665158,1.001723681555507
1789320944.3338933,LIDAR_ONLY,24.773517572811578,-19.06319467674519,-6.818907676921279,0.1948554867781368,-0.0064589756089891825,-0.2878456045379915,0.9376217408180637,-0.004326847894121258,-38.38477606876237,0.2968494193170989,88,28.313493734557476,-24.71595424260156,1.0034318764674823
1789320944.4516425,LIDAR_ONLY,24.78463786600212,-19.077412406457608,-6.82464795271033,0.1949775216860257,-0.006361817344754223,-0.2879329830827882,0.9375702056754439,-0.004270506613573755,-38.41101921058363,0.2972480587218139,83,28.331786930851592,-24.731521051406503,1.0049236469222855
1789320944.5640585,LIDAR_ONLY,24.79790642701369,-19.095576297830334,-6.831543113502529,0.19508476169579625,-0.0063299042347013754,-0.28803979281650594,0.9375153043127873,-0.00421848516273414,-38.435262560003224,0.2976163457337175,84,28.35424856499971,-24.749945380032063,1.0073887885611874
1789320944.6881623,LIDAR_ONLY,24.80707494935155,-19.11659749169454,-6.840228079356991,0.19517847641573324,-0.006297141774773624,-0.2882292420442841,0.9374377912054106,-0.004162721568174765,-38.46125531111675,0.2980112238947503,89,28.372441791593335,-24.767466292580465,1.0091225196908984
1789320944.8119807,LIDAR_ONLY,24.818146875209365,-19.13082733559839,-6.846666820652761,0.19522950732136762,-0.006086911877439842,-0.2882767591278917,0.937413942248339,-0.004110714667359877,-38.48549830506397,0.29837954482458867,92,28.39216007231053,-24.782394810406668,1.011454774207528
1789320944.9282079,LIDAR_ONLY,24.830703157323402,-19.14719157071368,-6.852253651872021,0.19524403484525166,-0.006097351891581078,-0.28832877023094344,0.9373948524577935,-0.004058176387855633,-38.50999065068382,0.2987517126365122,96,28.41043051796884,-24.799105975384645,1.0140136371213273
1789320945.03647,LIDAR_ONLY,24.855743761689055,-19.14737549370536,-6.850038287218299,0.19545085309536725,-0.004806693671272481,-0.29504484865329245,0.935267019093157,0.0011506084733886868,-38.53061536700121,0.29889116330027654,80,28.42761245515556,-24.817810107355335,1.0166188416185533
1789320945.1654851,LIDAR_ONLY,24.86292910687435,-19.146360777604126,-6.849144656674888,0.19528704793736118,0.001067819228619717,-0.3219980920640112,0.9263795428317393,0.01579825576538818,-38.540042645364835,0.2989474957012114,71,28.457372874354245,-24.818256430774355,1.0228559761771447
1789320945.2916803,LIDAR_ONLY,24.862863512199986,-19.14336653950286,-6.8468519455757795,0.1956891244854153,0.005387312302273408,-0.34194104037084977,0.9191044926091866,0.025324958680511524,-38.5362507946132,0.29880321093374096,63,28.494924945415676,-24.83344583820055,1.0253984896523352
1789320945.4163127,LIDAR_ONLY,24.84591952547673,-19.14580642709789,-6.851561509659126,0.19506137071888863,0.006303664419435656,-0.3478527287502465,0.9170113437516261,0.028161295164329796,-38.515154156769924,0.2984476970117022,74,28.60056865308302,-24.75177332984465,1.031789480109285
1789320945.5197513,LIDAR_ONLY,24.823672921329226,-19.14080825441777,-6.851688979900519,0.19525344270771136,0.006307534117934335,-0.34806480009108437,0.9168899623519123,0.031152813005967214,-38.49158368102793,0.29805387650044474,77,28.47486977985157,-24.891024284428468,1.0231088803537371
1789320945.6398954,LIDAR_ONLY,24.796664306852914,-19.137667235408397,-6.852794215405158,0.19525779057921583,0.006201339443250122,-0.34840245747433735,0.9167615100085055,0.034616797638220786,-38.4643157194298,0.297597113444544,76,28.47342163909201,-24.826900375297562,1.0209447090292911
1789320945.7560325,LIDAR_ONLY,24.771919382948035,-19.13192053629024,-6.852673483700608,0.19526787360564685,0.006237997705266774,-0.3486223983940398,0.916675497796328,0.03794324905655022,-38.43813047003476,0.29715761688557696,89,28.462818367302273,-24.80787638337376,1.0188187139956006
1789320945.8714418,LIDAR_ONLY,24.747311517639385,-19.121392344994316,-6.85028867065203,0.19506050697767954,0.006181765564499899,-0.3487939768986433,0.9166547583858086,0.04125859951424402,-38.412023114488264,0.2967148946533734,85,28.448218848008615,-24.7899195024019,1.0178845042526603
1789320945.99699,LIDAR_ONLY,24.727225829573452,-19.104160896926768,-6.846248569581172,0.1949145437238321,0.006241228264036009,-0.3487640451904951,0.9166967920185218,0.044757813655769974,-38.38544982275564,0.2962418934366296,90,28.435850018871207,-24.7700417942967,1.015410194465495
1789320946.1258812,LIDAR_ONLY,24.712220290297303,-19.071085110582583,-6.836033136238586,0.19503544594908329,0.006619113362731646,-0.3497489957624382,0.9162930765453265,0.05002925953522302,-38.36359220454664,0.295764773762968,78,28.421226831859524,-24.756074539368417,1.0129655471945338
1789320946.245406,LIDAR_ONLY,24.703042489209206,-19.080999154569437,-6.841900164154606,0.19537273018638698,0.008369372150886248,-0.36241203288325957,0.9112721702821504,0.03916109425239133,-38.36508500426206,0.2958757630297819,81,28.417525197104606,-24.72986002141334,1.0099890994898602
1789320946.3668625,LIDAR_ONLY,24.7031213280608,-19.08649495246987,-6.8423983902872445,0.19492252109095487,0.014588377527117707,-0.3873022002166939,0.9009935603099395,0.02304228247969972,-38.37508232327927,0.29637903172853547,75,28.40208603045882,-24.72828650723733,1.0066871379978535
1789320946.4892874,LIDAR_ONLY,24.71182514314528,-19.12982211734111,-6.857779438094787,0.1934532825095416,0.018823721842170477,-0.40642325059486883,0.8927718837184516,0.010978560901950388,-38.390331668302885,0.29675401347214203,70,28.412862617502324,-24.73955424067211,1.0112684305456074
1789320946.6076272,LIDAR_ONLY,24.720348361297454,-19.14430862652153,-6.8634005581599435,0.19336236398768866,0.02036031093122379,-0.412849879015405,0.8898041533555808,0.0031263962699280973,-38.41190950076303,0.2971752173916504,77,28.401662498650087,-24.774820763796026,1.0134004477835556
1789320946.7289257,LIDAR_ONLY,24.735139106786665,-19.152332845065477,-6.865787758192663,0.19330512969921765,0.020288067632638768,-0.41283143308185405,0.8898267971932993,-0.003931276662161809,-38.43734458471518,0.2976454020119193,88,28.40813235580542,-24.787249184572808,1.0146947986221169
1789320946.8394818,LIDAR_ONLY,24.748379077945224,-19.162284486156214,-6.86809097170065,0.19317143568253708,0.020423039338509086,-0.41276905902549665,0.8898816774221905,-0.010696622189540483,-38.46173084841422,0.2980955360345473,115,28.421600592237077,-24.80547250587124,1.016972015531854
1789320946.9621599,LIDAR_ONLY,24.764201063969697,-19.187433781966824,-6.8762231860791525,0.19337243956166097,0.02038592678520533,-0.4131065680219064,0.889682233757785,-0.018092803438506375,-38.48837889385785,0.2985854955740838,107,28.43219716993352,-24.8251142962755,1.0184792624854873
1789320947.074554,LIDAR_ONLY,24.776753336684425,-19.193013241281907,-6.878801688287717,0.193829239911302,0.02030677101579197,-0.4131196915490334,0.8895785413670626,-0.02498368645428102,-38.51244255729431,0.2990195596303482,94,28.44306366732487,-24.84702125324842,1.019668728590038
1789320947.1956265,LIDAR_ONLY,24.792501048076264,-19.187766945135277,-6.877369602541464,0.1935087736416734,0.020236717532122448,-0.41316239759034207,0.8896300708747545,-0.030435689752289538,-38.53509313474795,0.29939750844228846,93,28.456243841744215,-24.86449269233967,1.0215342695059506
1789320947.3240914,LIDAR_ONLY,24.812424531657115,-19.191897451983284,-6.877748102933149,0.19286960115636245,0.022943694340830323,-0.4259263448914072,0.8836637666936595,-0.0224725668352109,-38.544236801638625,0.29934553283282067,88,28.481618161780535,-24.877463546349553,1.0243329715852854
1789320947.436161,LIDAR_ONLY,24.81673957531685,-19.169368157078093,-6.869036557987195,0.19226276819217464,0.027641183073493232,-0.4506065853114948,0.8713350091895162,-0.004782175818144371,-38.53867639854575,0.29919057686316824,80,28.50196266402626,-24.877769027800017,1.027106840774381
1789320947.5509305,LIDAR_ONLY,24.820402395736263,-19.15993057384056,-6.86518228726445,0.19172470184409465,0.03096796120340356,-0.4687145315637096,0.86173621949104,0.008765386865829061,-38.5271576196352,0.2988619040753846,99,28.518285809746274,-24.868123824279063,1.0260263810546533
1789320947.6712608,LIDAR_ONLY,24.78270533610679,-19.18776195999933,-6.882596290726178,0.19077634065873547,0.03200252488981969,-0.4748264651180925,0.8585569604103129,0.019784703395607686,-38.502656309795704,0.29835815718459263,94,28.508820455533176,-24.858808638780488,1.0252297018023455
1789320947.7745516,LIDAR_ONLY,24.777990134247855,-19.166440681308302,-6.874607132056116,0.1906349173497353,0.03186682998714901,-0.4746788661217366,0.8586750302011886,0.029827589844723876,-38.47963717479776,0.297888335134885,100,28.504909097479594,-24.832157771231863,1.023522010178586
1789320947.898892,LIDAR_ONLY,24.76526825593816,-19.134564516319966,-6.864781498071622,0.19056163542545312,0.03198530720890154,-0.4744721870331495,0.8588011102453867,0.04071780739371758,-38.45467614090287,0.2973786477138937,101,28.47998187353308,-24.822948811707363,1.0209419008720535
1789320948.0179422,LIDAR_ONLY,24.761068731446706,-19.10798434296045,-6.854029650511899,0.19063790482602264,0.031789210229740385,-0.47419982764932134,0.8589418832574576,0.05181269916507729,-38.42924647945499,0.29685891312124035,103,28.476221510184043,-24.798446589544763,1.020918555347453
1789320948.130772,LIDAR_ONLY,24.74636910438632,-19.079149366580957,-6.845354769869601,0.19077929700817275,0.03180638828126813,-0.4741263152888961,0.8589504355014572,0.06182230409972556,-38.40630212747209,0.2963876671707935,140,28.466144860040977,-24.772653348914236,1.019038377327478
1789320948.2451696,LIDAR_ONLY,24.74626692293668,-19.050006075633423,-6.834213918205491,0.19085317670097343,0.031323667261450354,-0.4739320824349773,0.8590589467849613,0.07282584374778417,-38.381113679896096,0.2958592288639513,135,28.454747310194797,-24.750490768398762,1.0180988519376188
1789320948.356242,LIDAR_ONLY,24.736584082683994,-19.0176627515801,-6.822476730790041,0.1911292180791173,0.031743739189301755,-0.47369440021656695,0.8591132476118698,0.08278690788631311,-38.3599187172947,0.2953778916764972,127,28.447308840047793,-24.728596978223433,1.017046878734277
1789320948.4741228,LIDAR_ONLY,24.71731739960633,-19.019336801900803,-6.826932889253064,0.1907729915699114,0.032917603881965046,-0.47961421655463715,0.8558576402187564,0.08539678544995219,-38.347180442577255,0.2949671763757795,109,28.440053404437283,-24.703453611593737,1.015106396332177
1789320948.5704734,LIDAR_ONLY,24.717158972012456,-19.022754029867027,-6.829766739772142,0.18976752746986922,0.037244242950544716,-0.5033138223305459,0.8421854594660425,0.06826890338592743,-38.350624641963755,0.2955094829569104,103,28.41538445994763,-24.695043151995147,1.0118682285746223
1789320948.6935241,LIDAR_ONLY,24.727502134337996,-19.02967351438048,-6.832819697328823,0.18875943045688712,0.042742252047663104,-0.5269852481398327,0.8275442740702668,0.04896313117290182,-38.35585386755553,0.2957784451298115,96,28.40762969153586,-24.692701757329733,1.015907872741022
1789320948.8018394,LIDAR_ONLY,24.729219730193424,-19.05488662642171,-6.844938242410019,0.18692306112774906,0.045134640204090345,-0.5408960948179364,0.8188125842236337,0.03443779018906667,-38.36829931028553,0.2961399591969295,94,28.41473232764871,-24.720686449898707,1.0142915740661413
1789320948.9196196,LIDAR_ONLY,24.722517574063122,-19.088217580498345,-6.860401411102755,0.18552294458954763,0.045484308593569237,-0.546530752705746,0.8153628339883291,0.019183244817641526,-38.3900912750368,0.29665226513197596,108,28.410579650214515,-24.740257207192844,1.014294887053807
1789320949.0276477,LIDAR_ONLY,24.737534202800344,-19.104068872620047,-6.865855756763406,0.1855607185311828,0.04530761530139054,-0.5466131641846759,0.8153088301213895,0.0056521548882239175,-38.41116607251644,0.29713268516781405,122,28.412290390731457,-24.763781895910842,1.0147074751277203
1789320949.138364,LIDAR_ONLY,24.746745480936895,-19.125284268986448,-6.874138483891258,0.18553259304946043,0.04530137885300234,-0.5468164207789211,0.8151792710544657,-0.00887412822361583,-38.4337864504873,0.297647397320833,122,28.423407425090243,-24.78422482615693,1.0167537637770785
1789320949.247731,LIDAR_ONLY,24.7547616704326,-19.141785371351666,-6.881594367435872,0.18562406069268975,0.0453103877705565,-0.5469295209186507,0.8150820670335801,-0.022920222159783815,-38.45554608856851,0.2981365099689308,121,28.423854737034908,-24.808702364724695,1.0168714157881054
1789320949.3602023,LIDAR_ONLY,24.77055884639509,-19.158522959521118,-6.886427729175715,0.1859279644997063,0.04544764591650313,-0.5470165864056502,0.8149467207705998,-0.03692641069277998,-38.47688685714324,0.29860507164475514,114,28.42836910693167,-24.831584829161837,1.01863837640887
1789320949.4699142,LIDAR_ONLY,24.782773107836782,-19.16610507808599,-6.8887760276743375,0.1856356550493736,0.047036336833874995,-0.5527861962662245,0.8110205964148872,-0.04181448126358363,-38.493125959510316,0.29885678077204936,112,28.436928086253833,-24.853048234690625,1.019036046675154
1789320949.5861182,LIDAR_ONLY,24.81219343884849,-19.135036249276588,-6.874184213292951,0.18487194330424933,0.051169700338895674,-0.572087179647875,0.797446101770319,-0.02597935715301028,-38.49723388518305,0.298729016402176,108,28.446260887511308,-24.870748408968648,1.0203886139305858
1789320949.7085464,LIDAR_ONLY,24.821143677711042,-19.117569316247305,-6.867543280779028,0.18491755595554463,0.05550476658861067,-0.5938664400093042,0.7810552924192035,-0.006706044864057459,-38.493590443305195,0.29852575306654916,103,28.46745288041622,-24.871198708773495,1.0225258000450956
1789320949.8104804,LIDAR_ONLY,24.804707048579242,-19.128249729427395,-6.878452126852226,0.18369778686134405,0.05658540130216371,-0.6051566293475451,0.7725533440600949,0.008638762123825444,-38.47911698418518,0.2981323796026494,119,28.597762088166633,-24.767276669918644,1.031431612988943
1789320949.936483,LIDAR_ONLY,24.795490467406097,-19.113132305726833,-6.874679314063552,0.1833721588056278,0.055928782276893144,-0.6062887055442925,0.7717905338998489,0.029282959397688248,-38.455278147619175,0.29752417952773225,124,28.473410403418715,-24.847659217074074,1.0223400641726366
1789320950.0224013,LIDAR_ONLY,24.788840420709136,-19.07985886008464,-6.864095497179581,0.18347504160247258,0.0561324332209195,-0.6059645766889027,0.7720058230660628,0.042395976216910186,-38.44013584161158,0.29713771356887675,131,28.462078393891726,-24.836947429593426,1.0219674669645071
1789320950.1302607,LIDAR_ONLY,24.784210805120164,-19.052718608939795,-6.854486653477172,0.1838373896642577,0.05627530369763934,-0.6058315892722776,0.7720135943071187,0.060043789372590944,-38.41975718821272,0.2966173485484263,127,28.47390369395655,-24.791314524091224,1.0214483169080417
1789320950.2314494,LIDAR_ONLY,24.78995654148728,-19.022180115430675,-6.84299787198615,0.18396934813724425,0.056081469886353395,-0.605564108326326,0.7722060983884325,0.07558033559648772,-38.40181654875349,0.29615841986128016,128,28.474797670412364,-24.764882596131176,1.0210755367092668
1789320950.355043,LIDAR_ONLY,24.78611189740244,-18.990864866492487,-6.831764841044775,0.18420904987998324,0.056440754353893695,-0.6053417037214972,0.7722971506653591,0.09524356385062083,-38.37910996581993,0.29557211422919727,126,28.472791662614235,-24.73963988438459,1.0203579094289115
1789320950.4572928,LIDAR_ONLY,24.77919334192699,-18.965990322667565,-6.822248426124551,0.18444854709102862,0.056725315972174846,-0.6052100047230005,0.7723223563946929,0.11034533363150173,-38.36172024222298,0.29510566870119526,124,28.466844482917356,-24.71375039879778,1.0200670503843774
1789320950.5908208,LIDAR_ONLY,24.774644848414745,-18.948017641353115,-6.818316559376773,0.18506361240241023,0.05614207059429935,-0.6054962848171848,0.7719933784343892,0.12745632389570366,-38.344082728812566,0.2945200778932889,126,28.46079976878689,-24.691778419619116,1.0182148349136007
1789320950.7093492,LIDAR_ONLY,24.795717123329876,-18.894854985846926,-6.794790172270688,0.18514586560400748,0.05814616841742608,-0.6152025991848457,0.7641111133233995,0.1151912264101318,-38.33816731006773,0.2945947521605313,123,28.458440265824827,-24.663400430330263,1.0165578635947747
1789320950.8185534,LIDAR_ONLY,24.791027611810353,-18.898937407119448,-6.797350854936704,0.1831365179610581,0.06387659089200656,-0.6369031081047472,0.7461469210628876,0.09600845620525197,-38.335247431121715,0.2949062315817898,113,28.463365927314765,-24.641988138537833,1.020732643204392
1789320950.9373124,LIDAR_ONLY,24.765644996601868,-18.91767177252211,-6.8073152017887235,0.18154959197756368,0.06853702172228053,-0.6532091232435635,0.7318881496633177,0.07890532779010047,-38.336335902294095,0.29512569182254256,108,28.436749503637156,-24.66831381774681,1.0175875638831597
1789320951.0521607,LIDAR_ONLY,24.7663104897512,-18.963667908621044,-6.826944165689541,0.18055801246196237,0.06987701134648025,-0.6640559392393033,0.7221812217041348,0.0605799029015051,-38.345492055770535,0.29548207544977123,120,28.42966338158648,-24.685126527959394,1.0159238132362531
1789320951.1608796,LIDAR_ONLY,24.75457778487703,-19.041867011042832,-6.86144416125897,0.17974346658617849,0.06935435186568574,-0.6682531557422356,0.7185540897785062,0.04122009015120133,-38.360656555133275,0.2959422049257119,138,28.417977439050222,-24.710140579351282,1.015566427684459
1789320951.2645085,LIDAR_ONLY,24.754158644538254,-19.067468210332684,-6.87332200255953,0.17974131065436127,0.06921167908055205,-0.6685131344359883,0.7183265231144353,0.02178456323250659,-38.376374821668044,0.2964109603417684,139,28.411823191288274,-24.740259351538022,1.0147330148019462
1789320951.372128,LIDAR_ONLY,24.748803854295645,-19.091421479264884,-6.884979269736528,0.17985616196770096,0.06928883568291455,-0.6687713791322373,0.7180499012641947,0.0017641925436405123,-38.39256435463209,0.2968922436447129,139,28.41494265226114,-24.754789482128363,1.015285998078877
1789320951.4799204,LIDAR_ONLY,24.743968772351206,-19.119683680978067,-6.897778843071948,0.1798789407585441,0.06927729191477025,-0.6690827318811766,0.7177551960069405,-0.017838577926159185,-38.408187969894655,0.29734920344224025,142,28.412619445262983,-24.778931836060192,1.016334316512037
1789320951.587988,LIDAR_ONLY,24.734242593742636,-19.13827534415456,-6.907150874559153,0.17960536732109142,0.06965915943191595,-0.6693827682789149,0.7175069498394783,-0.03454874718653535,-38.422562761770685,0.29773773282133986,139,28.415132175856748,-24.800946046255216,1.0172269588267286
1789320951.7025132,LIDAR_ONLY,24.745016618713013,-19.146497521647017,-6.909825966121043,0.17853996417766632,0.07215873391602455,-0.6795813560052296,0.7078741264385692,-0.03560028314890068,-38.434986891856305,0.2978825554682633,133,28.41980743178594,-24.814856323767298,1.0191957661866566
1789320951.8133724,LIDAR_ONLY,24.7705919830703,-19.12899201041061,-6.899467777025121,0.17762953183563696,0.07699059904313482,-0.6988895915842781,0.6885299818119708,-0.020493557849582657,-38.441432304865884,0.2979022977463136,112,28.42971740371642,-24.830104702805087,1.0197369965215783
1789320951.9261057,LIDAR_ONLY,24.76782935419144,-19.15264602707649,-6.909100224223348,0.17585717695022315,0.0797330140942393,-0.7136670857280717,0.6733470060280562,-0.005942605730251335,-38.4416871655302,0.2977271114892261,118,28.44239453343808,-24.82917257439641,1.0205319429500486
1789320952.0333252,LIDAR_ONLY,24.781170658614755,-19.13925410057771,-6.904123069943106,0.17555085039093543,0.08002797137132234,-0.7183133144743709,0.6684335456678202,0.009659033110963569,-38.43349389718571,0.2974260284032856,131,28.44059952860847,-24.82972847610699,1.019155518175101
1789320952.142695,LIDAR_ONLY,24.778630039109597,-19.118564824559805,-6.8975902075366955,0.17577674822401715,0.07996427928079258,-0.7182287377185452,0.6684726839132015,0.026920238033885227,-38.423024936507296,0.2970616260501858,134,28.443775461962073,-24.817514406272178,1.018779836559448
1789320952.2501638,LIDAR_ONLY,24.778708271686302,-19.10222682392493,-6.890852883440454,0.17560755633522335,0.07979859584334116,-0.7181323419061991,0.6686404936643612,0.043630849215642975,-38.41289008420183,0.2967088165129262,138,28.453271035834025,-24.79311589374784,1.0197346586013436
1789320952.3720596,LIDAR_ONLY,24.77531698102872,-19.083458435600054,-6.883212406844063,0.1756286212534476,0.07985302753644657,-0.7180402667827451,0.6687273410504769,0.06235901321024496,-38.401531778779294,0.2963133053620572,139,28.454997743612857,-24.772562613983723,1.0184122530159296
1789320952.4729307,LIDAR_ONLY,24.776740801800802,-19.070213528682938,-6.8763041675576435,0.17547264421358352,0.07968080731199238,-0.7179517120667068,0.6688838906860345,0.07765570089566935,-38.3922545283815,0.2959900494810716,141,28.463546919230144,-24.756567066078105,1.0186523281944515
1789320952.584672,LIDAR_ONLY,24.77059388437714,-19.04976750013096,-6.869245069632865,0.1755258240010055,0.07983823490725561,-0.7178659522565713,0.6689432083117579,0.09462357836414645,-38.381963696883375,0.29563110898998807,147,28.46675676570976,-24.736729781299495,1.0180238079451842
1789320952.6945305,LIDAR_ONLY,24.769049052437822,-19.03780970273033,-6.863595652910205,0.17569788671852166,0.07974182720747516,-0.7177963399415064,0.6689842359598888,0.1115485032992766,-38.371699751617555,0.2952717915069633,148,28.471801683443925,-24.718062111490138,1.018543045463831
1789320952.8029878,LIDAR_ONLY,24.76003113597533,-19.023882725422528,-6.858839797068656,0.1760388339265836,0.07985067406760292,-0.7178349251740471,0.6688402043844915,0.12839704814641134,-38.36148608317928,0.2949109526043996,148,28.47539815861525,-24.70217024719568,1.018515685957732
1789320952.9124165,LIDAR_ONLY,24.75637806024015,-19.014912813962688,-6.854396376876174,0.1759381792712758,0.07998590175521779,-0.7177717778496341,0.668918296593604,0.14570373539773337,-38.35100681510886,0.29452990596581524,144,28.477659862009773,-24.679602586493306,1.0178887240810128
1789320953.01817,LIDAR_ONLY,24.744157344979456,-19.004880724440355,-6.85196464646642,0.17589306104141594,0.08011054449800736,-0.7178404084661509,0.6688415953802986,0.16098922484933453,-38.34178258182458,0.2941787111513885,141,28.478138504075687,-24.659301048134186,1.0169592062828028
1789320953.1312509,LIDAR_ONLY,24.7387448370335,-18.983792405054874,-6.845143549308627,0.1760651739941906,0.08063537499456516,-0.7178474443849223,0.6687256817230195,0.17024131177513502,-38.336012796805065,0.2937562653066682,138,28.481323696257007,-24.63872484452718,1.0171386523409962
1789320953.2353983,LIDAR_ONLY,24.76037885199072,-18.934007690515525,-6.821459371338611,0.17512990957936067,0.0838867007327842,-0.7269866335035959,0.6586220243189577,0.1593691482714472,-38.32912453469104,0.29377789547127914,136,28.477091391383357,-24.626880242673593,1.0192789717764468
1789320953.3461878,LIDAR_ONLY,24.75574239540229,-18.934408625847986,-6.820557888249864,0.17339165153425076,0.08731013691605165,-0.7409922906882533,0.642839560318514,0.14846048105538204,-38.32221897627686,0.29413881685448673,123,28.47499019932246,-24.61356793351414,1.0186000645913742
1789320953.459417,LIDAR_ONLY,24.762793799133927,-18.94992873846954,-6.823666105836633,0.17305237907593476,0.09136026148923897,-0.7552335272229767,0.6255625436957669,0.13452981093408417,-38.31440733032624,0.2941377586011169,122,28.452788719345037,-24.61749488992328,1.0202465238870997
1789320953.5688853,LIDAR_ONLY,24.76290023682124,-18.903580561125604,-6.8046169204041425,0.17148641864723352,0.09556340697721927,-0.7681366480515375,0.6094474000162775,0.11921758421671372,-38.3077493153019,0.29419968007986175,119,28.448354355302254,-24.624216979861565,1.0170955954399628
1789320953.6855752,LIDAR_ONLY,24.72941876836871,-18.931045304296855,-6.822662188346033,0.16792237470182478,0.09768090244034888,-0.780247818376521,0.5945366761534722,0.10108873990545666,-38.306084212648635,0.29440154329309853,111,28.43726719337129,-24.631243759066457,1.0154787157288352
1789320953.8132935,LIDAR_ONLY,24.723320599212663,-18.968171575839875,-6.8404468749072125,0.16700385013695104,0.09772781193489238,-0.7849292374782604,0.5885958553758682,0.07258659570988701,-38.31439137689003,0.2948670170569026,127,28.422933163653184,-24.655001407326786,1.0138876689590959
1789320953.9188387,LIDAR_ONLY,24.715163467042846,-18.99709083901413,-6.853318274294749,0.1669714489524969,0.09792872102740903,-0.785128601437611,0.5883056858787452,0.04140820650266391,-38.324738300152354,0.29538925398163307,127,28.407391533350836,-24.687640027400963,1.0132800752957831
1789320954.0418146,LIDAR_ONLY,24.705362376678906,-19.027392747633016,-6.8656846668073745,0.16696910147173688,0.09792896667825146,-0.7855507437219407,0.5877425164789059,0.007378375680057288,-38.33408408668799,0.2959044620270338,132,28.399870078540552,-24.71146098006851,1.0139441925330066
1789320954.1434133,LIDAR_ONLY,24.69471841542235,-19.049061919225775,-6.876799721079745,0.16584721488441012,0.09899595593556124,-0.7899218636045552,0.5819948036048047,-0.01647975017088836,-38.33841851708213,0.2961192382385119,133,28.381919096184642,-24.72829552469133,1.0139592814057208
1789320954.2543383,LIDAR_ONLY,24.695076001937956,-19.06263336291592,-6.883624440847667,0.16501110145444112,0.10037574757264445,-0.7939919675105858,0.5764310897450743,-0.0379395296755279,-38.343402687473855,0.2963216072148207,132,28.36400325433999,-24.75162445298108,1.013299997620527
1789320954.365077,LIDAR_ONLY,24.692315444423787,-19.112022488950988,-6.905758295886115,0.16459980469484303,0.09984382025985215,-0.7971848853334049,0.572218816927846,-0.05446342941005171,-38.34965006294381,0.2968266858147385,135,28.36091822033893,-24.78694532194563,1.0127740040506814
1789320954.477976,LIDAR_ONLY,24.686268514424267,-19.123601504174044,-6.910556721817254,0.16457214822105554,0.09947398125959797,-0.7973785162688205,0.5720213605060621,-0.06963753029555943,-38.35429751323842,0.2971580715667584,139,28.349455907675228,-24.803147610187775,1.010882004872084
1789320954.582945,LIDAR_ONLY,24.68363788649256,-19.13726687680808,-6.91679664562713,0.1643324497350224,0.09958731142648403,-0.7974638630737108,0.5719515717772659,-0.08480574770514794,-38.35875409640119,0.297408814352831,143,28.34375953423791,-24.807442038694518,1.0121123361437203
1789320954.691015,LIDAR_ONLY,24.67972835548113,-19.148092339848187,-6.92202384365692,0.1642423772132386,0.09977787057361483,-0.7975288856476004,0.5718535604757882,-0.10048877534844902,-38.363361047831056,0.297664797176909,143,28.337936181257948,-24.821530886794644,1.0126127350824565
1789320954.803263,LIDAR_ONLY,24.675087316739273,-19.163592016344516,-6.929101160697167,0.16415700427513694,0.09969408224613156,-0.7976542658053889,0.5717177976545599,-0.11650533354854295,-38.36806514900699,0.2979264449862598,148,28.33232614134339,-24.835335035906937,1.0126367697136973
1789320954.9106152,LIDAR_ONLY,24.671665644940205,-19.176240480889273,-6.935682903857586,0.16419039397918467,0.09991575876871969,-0.7977268983065148,0.5715681511358892,-0.13191504420503303,-38.372588845986584,0.29817813149828776,144,28.325108227315326,-24.85264235874319,1.0124918331234758
1789320955.0231793,LIDAR_ONLY,24.665623999734546,-19.19273800633012,-6.942117944766261,0.16414009361047402,0.10005294278929255,-0.7978326910208019,0.5714109164578965,-0.14813758469162402,-38.37735031137963,0.29844297527529173,144,28.317787680922198,-24.86681321103504,1.0131012221082163
1789320955.1242833,LIDAR_ONLY,24.662930514981458,-19.206477252109174,-6.9487175480262495,0.1641942120446532,0.10018149350377997,-0.7979147867471831,0.5712581922218579,-0.1636084496036977,-38.38189024219441,0.2986952303452562,143,28.31118289218301,-24.882713166450987,1.0133993480550025
1789320955.234747,LIDAR_ONLY,24.65543019770233,-19.216997356416208,-6.953730712723114,0.16427740351054812,0.1003984865672264,-0.7979826632921491,0.5711013462390118,-0.17914382026540462,-38.38644603491503,0.2989481827843792,135,28.305006207686336,-24.897329103180176,1.0129104432706209
1789320955.3515413,LIDAR_ONLY,24.650770543031662,-19.2309936948505,-6.959962659213565,0.16425554760460515,0.10053851801111949,-0.7980629075630659,0.570970854815922,-0.19556514524983512,-38.39126560221239,0.29921412624178784,136,28.298419326756935,-24.909605132378402,1.0136872239574841
1789320955.4656723,LIDAR_ONLY,24.644015956158135,-19.247521710845387,-6.9686973770295655,0.16417970680637625,0.1005096404014372,-0.7982573619493185,0.5707258712841577,-0.21394062989380358,-38.39535481137723,0.2994930197703008,137,28.289531534110193,-24.925703363808992,1.0129873970418681
1789320955.577792,LIDAR_ONLY,24.645439036715956,-19.220160768176253,-6.956800316522468,0.16345251979538158,0.1028423313650225,-0.802382364899987,0.5647028148942163,-0.2396927335565318,-38.39598595808019,0.29980520998351506,141,28.282967542176763,-24.938995636685565,1.012920531217578
1789320955.6945045,LIDAR_ONLY,24.65129458255909,-19.212105576234798,-6.954229007600909,0.16353122264412273,0.10477711060125669,-0.8068467175881782,0.5579226385725474,-0.2660244827376644,-38.39733486883695,0.300127556924424,130,28.2699990023028,-24.945738665849227,1.0122749214412916
1789320955.8026347,LIDAR_ONLY,24.640356290309427,-19.230285663673513,-6.961168523685078,0.16331790596053097,0.10652546685792773,-0.8110578076191113,0.551511395352307,-0.2894346329350309,-38.402712817973544,0.3004531714703995,128,28.25799493610347,-24.966956474061615,1.0126705245765595
1789320955.9086306,LIDAR_ONLY,24.635662261768058,-19.25184188732561,-6.972109507521913,0.16241728059910585,0.10713042290213128,-0.8150056299125241,0.5458108854378885,-0.31217933451052576,-38.40910474630858,0.30076961229718485,128,28.244100488423314,-24.990141726448893,1.0119310461183222
1789320956.0257838,LIDAR_ONLY,24.628235848858857,-19.268251112919522,-6.980310427800382,0.16240757771895098,0.10715858133145145,-0.8151615896393705,0.5455752926252324,-0.33228794950387114,-38.413547140771534,0.30117803309105395,140,28.23042964715463,-25.02641017786627,1.0123172792437505
1789320956.133024,LIDAR_ONLY,24.625280448521536,-19.282817049796833,-6.986500085514707,0.1626372061776134,0.10717471549087111,-0.8152752819286573,0.5453337823776735,-0.3505478451314713,-38.41745524768005,0.30145411601226535,140,28.219459042110334,-25.03848993117373,1.0120294531180174
1789320956.2417998,LIDAR_ONLY,24.617640899707315,-19.298940298603956,-6.9940575204514674,0.16275618848472154,0.10712955307579702,-0.8154345053500561,0.5450690318227729,-0.37011010063693583,-38.42165023709113,0.3017560721941566,142,28.210886931764232,-25.0547390599178,1.0117993921717443
1789320956.3493707,LIDAR_ONLY,24.61212776939516,-19.312108393308364,-7.001859224399458,0.16307277364702508,0.10706762673327479,-0.8155658759378964,0.5447899556768848,-0.3885533531680422,-38.42560280939379,0.3020353349151268,141,28.199575609063647,-25.074579954556174,1.0116702708952832
1789320956.4654531,LIDAR_ONLY,24.604963238721634,-19.32726164071366,-7.00979411077449,0.16320257589567252,0.10711712303762928,-0.8157144864559842,0.5445187946793101,-0.4089136520133465,-38.42996458618019,0.302343746579088,145,28.187336284171913,-25.090501283532433,1.0110208837994794
1789320956.5714731,LIDAR_ONLY,24.60248520521561,-19.34321014681,-7.016767741256296,0.16332438055283724,0.10696299855280238,-0.8158417188610118,0.5443219207633799,-0.42685585650233976,-38.43380468034806,0.30261527939939076,143,28.179708820393287,-25.10661278312495,1.0114000592298473
1789320956.6821892,LIDAR_ONLY,24.59744843503428,-19.349099550554406,-7.0203718234246875,0.16317001183714433,0.1069317705495131,-0.8159298660508308,0.5442422230684477,-0.4468692232177315,-38.437492395318856,0.30290922802723763,140,28.173318826316272,-25.12558488479748,1.011355163013945
1789320956.7926042,LIDAR_ONLY,24.590983667557424,-19.377087906150006,-7.0337512801578965,0.16273552375335346,0.10755245906504915,-0.8200036024764729,0.5380926591056501,-0.4723779913932372,-38.43937048489367,0.30324121636935925,133,28.16236886619838,-25.138097528948702,1.0109495945309734
1789320956.9263546,LIDAR_ONLY,24.56144986843756,-19.436645660340588,-7.064067087297678,0.16121619652433677,0.10687296525380002,-0.824358921463545,0.5319961239328228,-0.5077477296629861,-38.444756129982856,0.3037429954052947,134,28.145612078316354,-25.16511919370919,1.009106703755829
1789320957.0097601,LIDAR_ONLY,24.55256503377929,-19.462525775918916,-7.075493164913673,0.1612628612290705,0.10683622426034567,-0.8245860612685694,0.5316372243697708,-0.5293082536053365,-38.448894388488576,0.30406202372884883,136,28.138769043242814,-25.17237980347178,1.0089818559833919
1789320957.116228,LIDAR_ONLY,24.543139313299726,-19.487760941686904,-7.0874415737697705,0.16133584067035242,0.10677526957684128,-0.8248055703986336,0.5312867016605708,-0.5578753876904577,-38.454370447039054,0.30447913494300577,139,28.11169238410199,-25.21339755280344,1.0077705471533993
1789320957.230191,LIDAR_ONLY,24.525586408208774,-19.499303162947218,-7.093642740374232,0.1611613172533213,0.10664606805482474,-0.8251026142433099,0.530904249331719,-0.5856410366608912,-38.45815350960379,0.3048559006087755,138,28.098671206673192,-25.231859580856952,1.0076722716339936
1789320957.3444793,LIDAR_ONLY,24.513419524322977,-19.519516568913883,-7.103367622287341,0.1602576025421765,0.10797521521315077,-0.8290292714071203,0.5247564395767684,-0.6112796294350009,-38.45899537558733,0.3051620948350052,134,28.0808595134137,-25.245076782680776,1.0065279207433688
1789320957.4553914,LIDAR_ONLY,24.486369330156954,-19.582416671489575,-7.132545459320349,0.15893754144057348,0.10788904832205191,-0.8332428678180007,0.5184642074467838,-0.6368575984122762,-38.46235766626481,0.3054578204724384,131,28.06739545120831,-25.269767020144794,1.0056075986340385
1789320957.5663674,LIDAR_ONLY,24.481318805752558,-19.628525545497826,-7.154197585489793,0.15798716370315596,0.10657879812373121,-0.836680426289317,0.5134655588838066,-0.6606844080101697,-38.468088087293324,0.3058638794903985,139,28.042728167647965,-25.305977949956258,1.003923917641005
1789320957.6756816,LIDAR_ONLY,24.47051364465729,-19.68746389067687,-7.182035540867633,0.15757587766879116,0.10604944150676844,-0.8400196868300406,0.5082226721339507,-0.6848747338863906,-38.4734245533877,0.3062417773065459,135,28.035457033477133,-25.321347585636254,1.0041622504984349
1789320957.7823677,LIDAR_ONLY,24.446998392179474,-19.732636406397475,-7.204288390500666,0.15606764438266585,0.10559807655256023,-0.8433596992385933,0.5032259475677251,-0.7083776767045004,-38.477886855230636,0.3065815061582382,133,28.025729126435238,-25.34646349589433,1.0035808195743967
1789320957.8913472,LIDAR_ONLY,24.440096957456973,-19.747582323382794,-7.211410824542785,0.15602275045875758,0.10561460270253922,-0.8434936896096366,0.5030117817944141,-0.7312918598900403,-38.481333760486834,0.30691525879023757,137,28.013393808575447,-25.36692324604475,1.0037404883844956
1789320958.002179,LIDAR_ONLY,24.428257532496037,-19.765446714389824,-7.220722378205632,0.15607252212910386,0.10560449781470863,-0.8436549441179001,0.5027279514240148,-0.7537183805967245,-38.484555785023545,0.30726107058963853,136,28.00248313557005,-25.382467532244807,1.0036257233215549
1789320958.1111517,LIDAR_ONLY,24.413726072338854,-19.786556943021278,-7.230655733231459,0.15621250620040095,0.10571016409878274,-0.8438361729824932,0.5023579672694141,-0.775217227702168,-38.487697138023286,0.30756490571867123,137,27.98896339010431,-25.39987879489947,1.0032604216342154
1789320958.2261379,LIDAR_ONLY,24.398638101617536,-19.80585443596666,-7.240411304750158,0.1560254702332244,0.1055788390082887,-0.8440129624743338,0.5021466723652185,-0.7971310230112267,-38.490904572053395,0.3078810298522788,142,27.97600875757816,-25.417785903481022,1.0038312749933769
1789320958.3305936,LIDAR_ONLY,24.383030549177708,-19.82530867923656,-7.250948501396365,0.15612458701740115,0.10573390665874079,-0.8441970068050215,0.501773721923308,-0.819075066609123,-38.494116330799635,0.30819043553996284,142,27.96325563075692,-25.43378929012909,1.0033953983944959
1789320958.4407613,LIDAR_ONLY,24.3713215824345,-19.843127746081553,-7.259059291087344,0.15623987260219765,0.10583237791734204,-0.8443143560115137,0.5015195691361137,-0.8412567618829303,-38.49736259967602,0.30850319624082173,145,27.948988255603535,-25.452766652388085,1.0038328809352053
1789320958.5535257,LIDAR_ONLY,24.357338419437376,-19.855424221161005,-7.266395156113434,0.1563982446030017,0.10604595783969692,-0.8444031943174602,0.5012754625327578,-0.8627975993280255,-38.500514781637435,0.30880691787699754,144,27.938199600044857,-25.470270125761957,1.003101808564649
1789320958.6669018,LIDAR_ONLY,24.345007210992033,-19.871785246830978,-7.274384491287944,0.15643084822842643,0.10615302808637064,-0.8445171600437761,0.5010505870091606,-0.8856786029240212,-38.50386146690221,0.30912953977159335,144,27.927401150492894,-25.489757759190468,1.003020842971258
1789320958.7698731,LIDAR_ONLY,24.32915060064018,-19.891991372950226,-7.2841658552075526,0.15645901680613963,0.10620512464303025,-0.8446983693538144,0.5007251864751979,-0.9070537626389127,-38.50698276421896,0.3094309324444414,142,27.912998169737445,-25.509631979590708,1.0017321499282459
1789320958.8771937,LIDAR_ONLY,24.32023009793884,-19.90785725682335,-7.292031952838615,0.15657476765988443,0.10628520575449486,-0.8448290134332462,0.5004515313508251,-0.9287347824125551,-38.51015105540003,0.30973584387634784,146,27.900711796579742,-25.528053706328848,1.0014708823525165
1789320958.9948027,LIDAR_ONLY,24.31063676128534,-19.92530151128859,-7.300357901099596,0.15653682355857276,0.1063241618444005,-0.8449907812766884,0.5001819419328231,-0.9526337403148459,-38.513141901356136,0.31006590136259815,140,27.88888427537273,-25.544436733940984,1.001284055254122
1789320959.101012,LIDAR_ONLY,24.316390424471834,-19.946390948153212,-7.307602188163953,0.15672482170674057,0.10677063566731831,-0.8460257672186698,0.49827478646049156,-0.9771348833114301,-38.51469159536512,0.31038126581418285,139,27.876602415485536,-25.562549389633674,1.0013980742765853
1789320959.2186854,LIDAR_ONLY,24.319265409823696,-19.950442058864475,-7.309043130559138,0.156532076053351,0.10730486966924417,-0.8461654367740258,0.49798336088740636,-1.0027804274895544,-38.51715311279741,0.3107233084998795,138,27.867465174472503,-25.575918148659166,1.0009770419300366
1789320959.3309066,LIDAR_ONLY,24.303812936447496,-19.978308561908683,-7.321778105920001,0.15654248700571902,0.1073108144708032,-0.8464229051388645,0.49754105812079674,-1.0297584452169941,-38.52072210850359,0.3110976173086866,144,27.85147090419862,-25.598891616527716,1.0000215985109977
1789320959.4483342,LIDAR_ONLY,24.29077200351023,-20.00105647290674,-7.332429002943333,0.15659355222737267,0.10727189555908653,-0.8466193988725466,0.4971989473808863,-1.0583719770794406,-38.524507186490666,0.31149508109962026,138,27.832828063451142,-25.623505352839647,0.9999169514664533
1789320959.5784602,LIDAR_ONLY,24.27743165286727,-20.023295374034028,-7.343557337179958,0.1568209717296941,0.10738357585099217,-0.8467931490069679,0.49680711876750716,-1.0867519549390439,-38.52825778200146,0.31188938222175794,139,27.820125859783424,-25.644575856619742,0.9996146480640891
1789320959.6920655,LIDAR_ONLY,24.26549831432312,-20.04459284978424,-7.354561721402251,0.15702867114452979,0.10751825535413106,-0.8469572605495607,0.49643249289965985,-1.1105639118205877,-38.53140178315927,0.31222009184670685,143,27.80405290960154,-25.669819824994832,0.9994636650905312
1789320959.8024085,LIDAR_ONLY,24.25877055526261,-20.061456506841633,-7.360960118575996,0.1568293747659011,0.10745608760738753,-0.8471058239507957,0.49625543772868985,-1.137120531302839,-38.53434786952876,0.3125491790883371,145,27.790741593170445,-25.693301358977042,0.9996591636753825
1789320959.9161868,LIDAR_ONLY,24.25733572811545,-20.0612361824959,-7.362927956470075,0.1565008039562642,0.10734382786932828,-0.847451225476284,0.4957935270030736,-1.1631577284048067,-38.53605704485912,0.31286512823385115,142,27.776704113137722,-25.709771632236603,1.0001747621922978
1789320960.0227356,LIDAR_ONLY,24.24667992556629,-20.078285330531195,-7.3708468780729754,0.15625434053245468,0.10727431355813577,-0.8476241109818186,0.49559072751382305,-1.186610667115903,-38.53885891632313,0.31318155764579103,142,27.759397299596476,-25.72517067156688,0.9989654233175299
1789320960.1441073,LIDAR_ONLY,24.23577251572033,-20.09301902000827,-7.379848856670576,0.15651945690957036,0.10752094311804607,-0.8477198128463875,0.4952898396973482,-1.2096896955208833,-38.54173900905084,0.31352136253412205,144,27.744641778281895,-25.747228317609693,0.9981098710428332
1789320960.2718093,LIDAR_ONLY,24.2279839297295,-20.11313082296341,-7.387303054166608,0.1563899397536803,0.10747119224139608,-0.8478753889646746,0.4950752007221278,-1.2335725939870572,-38.54475070603494,0.3138701491421101,143,27.73096038922537,-25.76980971484688,0.9975332474077083
1789320960.384834,LIDAR_ONLY,24.217941617680257,-20.135860385005117,-7.398487026974759,0.15625100947338255,0.10743567345890805,-0.8480592616575265,0.49481176908383157,-1.2557990975467062,-38.54747323776889,0.3141886676527836,143,27.71852857875123,-25.788818397466702,0.9978146910582295
1789320960.4992115,LIDAR_ONLY,24.204952281003603,-20.15580616802696,-7.408295146909332,0.15628181073053082,0.10756009951722498,-0.8482187106494441,0.49450160720752534,-1.2794462431878388,-38.55036875998359,0.3145134456617858,144,27.7044832964536,-25.808920286702055,0.997444899334051
1789320960.6258337,LIDAR_ONLY,24.19864933383018,-20.173746133248876,-7.4163698582285384,0.15636815055303882,0.10746799939260882,-0.8483353053432949,0.4942942851250367,-1.302655501629126,-38.55321034305048,0.3148322364216366,146,27.692468075394356,-25.826319819637472,0.997794579415703
1789320960.7385533,LIDAR_ONLY,24.188974310633103,-20.19376439938686,-7.425413211109373,0.1563806546674795,0.10733509628778072,-0.8485000761436262,0.49403632329508335,-1.3240462335099963,-38.55582896871375,0.315126042464056,140,27.681031814957173,-25.84372921153707,0.9971750443481198
1789320960.861674,LIDAR_ONLY,24.17290030564803,-20.211468605903118,-7.435041533499064,0.1562470345315219,0.10734204960590382,-0.8486946878687741,0.4937427218398601,-1.3479915731828076,-38.55875944729443,0.31545490122100384,142,27.667804789405608,-25.864447174537432,0.9973240395118735
1789320960.9759257,LIDAR_ONLY,24.161891062889435,-20.23346267213868,-7.445538135215137,0.15611857257864437,0.10720389001963118,-0.8488836193217438,0.4934885187194146,-1.369656310923607,-38.56140761836051,0.3157525277392419,147,27.652482756248236,-25.885259468852432,0.9967971210094186
1789320961.0903368,LIDAR_ONLY,24.152412719279393,-20.254607925701517,-7.4550682726534605,0.15590502186377414,0.10718068237302446,-0.8490481302475372,0.49327801289624706,-1.3932097586174144,-38.564284719825714,0.31607611921888834,146,27.640367822827308,-25.906239974292735,0.9961566370082721
1789320961.21779,LIDAR_ONLY,24.14046173498203,-20.27278321490094,-7.464544749733145,0.1558447588979786,0.10718848911044145,-0.8492184877818338,0.4930020273140743,-1.4168235828791398,-38.5671684271899,0.316400607023819,145,27.62971249048762,-25.92524858710897,0.996291466638685
1789320961.37032,LIDAR_ONLY,24.13240987665831,-20.29495524052497,-7.474100487460983,0.15574823241199595,0.10714897762789238,-0.8493868718687528,0.49275097827488,-1.446340153093743,-38.570529214390675,0.3168011954115958,143,27.617339209157894,-25.943839322748055,0.994985438268387
1789320961.4647262,LIDAR_ONLY,24.11992365434254,-20.307179856509283,-7.481367409451785,0.15621590139232133,0.10750348852910961,-0.8495234941439446,0.49228998060464296,-1.4642003451003367,-38.57179396903771,0.3170334747069996,144,27.605904498291537,-25.963123481367518,0.994582803382714
1789320961.587657,LIDAR_ONLY,24.108094288624685,-20.312366473721422,-7.484476013569997,0.15607457174246372,0.10740194787273925,-0.8497060215734382,0.4920418951170596,-1.4906095408386963,-38.57400067010155,0.3173805461196554,143,27.588050020341623,-25.977622376172285,0.993507299919401
1789320961.7151947,LIDAR_ONLY,24.096965837002468,-20.329670322741208,-7.494864112797964,0.15619478435068565,0.10737900305699108,-0.8498635154705629,0.49173666135050964,-1.5164304335321284,-38.57698532434717,0.31773178590617324,142,27.572479107748567,-25.99216840949972,0.9932846745749355
1789320961.8383658,LIDAR_ONLY,24.087015217352004,-20.348515876328385,-7.505325514293285,0.15620842507396582,0.1076106786003445,-0.849983686312635,0.49147390855412515,-1.5418099579055562,-38.579899959946324,0.31807716823451043,144,27.561133267195423,-26.013441801718127,0.9926183582135942
1789320961.980841,LIDAR_ONLY,24.08041657285001,-20.37239599993283,-7.516525510340298,0.1564316008542541,0.10778202708147647,-0.8500917812727545,0.4911783304512715,-1.5701320824370906,-38.58311906143824,0.31846201197456897,141,27.5437220260101,-26.035370752076073,0.9921728050286217
1789320962.0932477,LIDAR_ONLY,24.072436588133208,-20.39548849125393,-7.528427417705313,0.15667465462167013,0.1076682800734849,-0.85025504008129,0.4908431122890102,-1.5956236525395076,-38.58599478463574,0.31880836336119694,145,27.52782796122688,-26.05746172319451,0.9916249319414847
1789320962.212175,LIDAR_ONLY,24.063750761512075,-20.420618105188083,-7.539290261424706,0.1566844093731106,0.10759948544350596,-0.8504346781477764,0.49054378478926874,-1.620585540909225,-38.588834336659836,0.31914766539721473,138,27.512101017990627,-26.080923377322602,0.9917306525517352
1789320962.3350437,LIDAR_ONLY,24.049234739380083,-20.434531233000577,-7.5464743571252075,0.15676912973012544,0.10815937136992158,-0.8505143342091913,0.49025540043248717,-1.6463570920880917,-38.59221206772384,0.31950475110501575,143,27.497601507975183,-26.10072506890214,0.9912519226574695
1789320962.465923,LIDAR_ONLY,24.03957281224393,-20.45072051234326,-7.551159011870374,0.15671470433391915,0.10822545712098076,-0.8506850933989507,0.48996185948021054,-1.673817576002652,-38.59615352425262,0.319884794207039,140,27.481445218550782,-26.120925775738677,0.9902563401040532
1789320962.579468,LIDAR_ONLY,24.017888469168955,-20.4486702199198,-7.552123963277609,0.15676290135163432,0.10956288921898294,-0.8507205762798097,0.4895874458765821,-1.6970389826461083,-38.59753609162419,0.32018722913508707,139,27.462364924137578,-26.136162725984473,0.9882335972065724
1789320962.6928542,LIDAR_ONLY,24.01296383441106,-20.45794750178986,-7.556592131954959,0.15681783223290172,0.10989366619015677,-0.8507949617112827,0.4893664095049406,-1.72089766944172,-38.59938214223088,0.32049770303241953,143,27.44866300805752,-26.15754816998163,0.9877816018100721
1789320962.828365,LIDAR_ONLY,23.99680098673749,-20.484545196105554,-7.569735878588374,0.15685607308769672,0.10971091698422714,-0.8510401450195155,0.48896866831643665,-1.7464469778490217,-38.60195075691173,0.32084246272318273,146,27.435658989317293,-26.17514200141072,0.9875812506779768
1789320962.962184,LIDAR_ONLY,23.987015288923956,-20.504423995199257,-7.5815972417150475,0.15705798144652328,0.10969540112735554,-0.8512026262375288,0.48862439411247766,-1.771314683763494,-38.604451145370085,0.3211764054118009,148,27.421821559009853,-26.197107586552427,0.9881377508085845
1789320963.0898485,LIDAR_ONLY,23.97879396849898,-20.52718726774613,-7.59381081533533,0.15716151248096744,0.10954546175229551,-0.8513830909880362,0.48831023252009426,-1.7959642390441448,-38.60692889625478,0.3215071072157513,142,27.409009439257794,-26.217789500807324,0.9880049333928179
1789320963.2200792,LIDAR_ONLY,23.968213403473673,-20.554132044526682,-7.607913477181645,0.15732683328200342,0.10911350707720653,-0.8516404733089806,0.4879047184900188,-1.819917793002789,-38.609336295088795,0.3218283250779421,142,27.392966915416803,-26.23990393277162,0.9876523681320172
1789320963.3404975,LIDAR_ONLY,23.95652444786596,-20.573860321810724,-7.617947402098401,0.15727956768386916,0.10900776732246656,-0.8518053153304436,0.4876557689880742,-1.8426983047807608,-38.61162433040237,0.3221336724103619,148,27.378290373180732,-26.262538214436145,0.987784705905511
1789320963.4608786,LIDAR_ONLY,23.945159733263303,-20.600218589862003,-7.630171843939743,0.15714227739617587,0.10878124717071619,-0.8520327473928346,0.48735320075787414,-1.8664639044204079,-38.614008574073814,0.3224521710717354,145,27.36465271337378,-26.280759131279737,0.9875974846272173
1789320963.5907044,LIDAR_ONLY,23.93492220184235,-20.621526190813952,-7.640858283573033,0.15712631556269271,0.10864426990407315,-0.8521992032562123,0.4870977946410568,-1.8909810763217099,-38.61646591848007,0.32278078998629733,143,27.35210870826355,-26.299897778388377,0.9878418179418466
1789320963.7079985,LIDAR_ONLY,23.928532971804056,-20.640628973293857,-7.652549773779764,0.1574602436666375,0.10848979208406108,-0.8523340751701618,0.4867883122896702,-1.9148370569664213,-38.618854908053386,0.3231003321224834,146,27.33664568401408,-26.31916842368971,0.9860808321855341
1789320963.8359792,LIDAR_ONLY,23.915229714314602,-20.662962381687567,-7.661482335259526,0.1571671659387506,0.10851725664488339,-0.8525044197538911,0.48657856638073477,-1.9392377602481914,-38.621299540905994,0.3234267429685437,145,27.324968107412865,-26.339732751901394,0.9852879264045182
1789320964.0277834,LIDAR_ONLY,23.900048841557147,-20.686151598370156,-7.672200020980184,0.15718749979541807,0.10884626924259551,-0.852529595804255,0.48645438414908676,-1.9773954181191193,-38.62436468199952,0.3239265159513995,146,27.308521194847465,-26.358352795120716,0.9839349169434036
1789320964.1021094,LIDAR_ONLY,23.887363200966433,-20.701550541614075,-7.678486017327886,0.1570863786187235,0.10914790424138704,-0.8527464459721014,0.48603919958591624,-1.9878448320728643,-38.625230935095345,0.32406351019411994,146,27.291727486949036,-26.37625679987357,0.9834684300170807
1789320964.242024,LIDAR_ONLY,23.87856832191958,-20.71368064935955,-7.684575465195863,0.15732709183362728,0.1098221867571239,-0.8526163040555733,0.4860377675959668,-2.0137813448228923,-38.627963687740255,0.32441423342306636,146,27.27822967096265,-26.39042665061181,0.9825033737356835
1789320964.4024572,LIDAR_ONLY,23.865209573612194,-20.736644175428193,-7.696539037003955,0.1573168640178825,0.10986974015060559,-0.8528081692828114,0.48569359775409565,-2.048033960905657,-38.631380455088575,0.3248705484507833,149,27.262617824882998,-26.40926626665391,0.9815917756020921
1789320964.502774,LIDAR_ONLY,23.84882582598332,-20.762256558588614,-7.7101655929870185,0.15732894422251206,0.10987788297706176,-0.8530415968456685,0.4852777433525065,-2.0665802843193637,-38.63319933147789,0.3251173044337991,149,27.24664480337073,-26.431553713477665,0.9806869232575445
1789320964.6170478,LIDAR_ONLY,23.83430109379028,-20.786156528255958,-7.721898083482683,0.15717388954251382,0.10986348066987806,-0.8532433282653374,0.48497650131925635,-2.088644526567869,-38.63538860672854,0.325411137715277,146,27.23093203734166,-26.453527316445808,0.9798025549806796
1789320964.7506113,LIDAR_ONLY,23.827238739746427,-20.799823706445466,-7.728187486751302,0.15712928259276207,0.11005647084687069,-0.8533199117792498,0.48481242758170806,-2.118118196890231,-38.638430667752424,0.32579994311998806,143,27.214897339863786,-26.472495342767612,0.9781491732108204
1789320964.8708713,LIDAR_ONLY,23.81286061532735,-20.82115468762724,-7.737817940833347,0.15692984393511544,0.11034425877145228,-0.8534954264427851,0.48450255487451,-2.141182145574761,-38.64098802648436,0.3261061860530702,147,27.202118885775665,-26.493331086079692,0.9774709453489172
1789320964.9870622,LIDAR_ONLY,23.795917350153793,-20.845631866202933,-7.748843377550333,0.15664186061307114,0.1104831961930617,-0.8537352270408198,0.48414145967082856,-2.162831961052904,-38.64321574369222,0.3264113321428343,146,27.18373994470438,-26.512386199933932,0.9768643140112891
1789320965.1254358,LIDAR_ONLY,23.787947724659535,-20.856593335990137,-7.7558958889659895,0.1568487251374344,0.11075348031212606,-0.8538315679575464,0.4838427405476606,-2.1902054033909533,-38.64593032662157,0.32677495137607093,145,27.165034419991162,-26.532417994855937,0.9763830350451662
1789320965.2714689,LIDAR_ONLY,23.77622057937238,-20.86877390046406,-7.762294678274391,0.15671608058657255,0.11102265404831624,-0.8539300969544684,0.48365011101930205,-2.216829842506678,-38.64781829204276,0.32712302935994325,146,27.149291160846424,-26.54822561035555,0.9753401094115234
1789320965.3862317,LIDAR_ONLY,23.76105307120529,-20.8887521199276,-7.77359866236962,0.15658207663231913,0.11106024855053687,-0.8541168736185251,0.4833549841157328,-2.23925346549725,-38.649555827846925,0.3274141153123717,147,27.134861120707964,-26.566760547776795,0.9750145580959625
1789320965.501279,LIDAR_ONLY,23.749363850617502,-20.90856379477867,-7.784632136988949,0.15670363410829002,0.11107881780838742,-0.8542963859742779,0.4829939463418083,-2.263212426716941,-38.65154343302001,0.3277294235630341,146,27.116822138189693,-26.580655537869852,0.973763437107084
1789320965.6264575,LIDAR_ONLY,23.73830345296268,-20.931262191086013,-7.79601084616335,0.1569522975293295,0.11105339828035227,-0.854452215869426,0.48264327388504874,-2.2885116588905685,-38.653712985487104,0.3280663402625789,147,27.099191758565937,-26.600905289813927,0.9731379175389455
1789320965.8855238,LIDAR_ONLY,23.72644341684382,-20.951366299262823,-7.807082647939639,0.15701230247025308,0.1110697331157965,-0.8545861458122688,0.48238280508773035,-2.334755980625644,-38.65767550935255,0.32867733847192687,144,27.072074898290975,-26.646836449770717,0.9730688931009919
1789320965.9505775,LIDAR_ONLY,23.71310126218859,-20.973408462335108,-7.819522960601416,0.15706697684543164,0.1110185938939074,-0.8547577218145335,0.4820726849686518,-2.349787071722589,-38.658960792810795,0.3288754859751748,144,27.072074898290975,-26.646836449770717,0.9730688931009919
1789320966.045742,LIDAR_ONLY,23.709253874028633,-20.986248519336687,-7.828724013464567,0.15759744378089052,0.11098061584818907,-0.8548263499262944,0.4817865295868851,-2.3640903082284566,-38.660183138988714,0.32906403727740974,139,27.06166814577033,-26.672265628000194,0.9726063038209457
1789320966.290399,LIDAR_ONLY,23.69799521063701,-21.008281181964765,-7.8396548204691605,0.15755733985653997,0.11100011870427004,-0.8549663033161962,0.4815467562955924,-2.4068390745525305,-38.66383173611271,0.32962735039983415,147,27.0358851884236,-26.713686282492525,0.9700861081916031
1789320966.3567338,LIDAR_ONLY,23.684770693759415,-21.031067457830645,-7.8527544007259875,0.15774251620882487,0.11090995756798311,-0.8551650620302808,0.48115381799911244,-2.4219476478775213,-38.665119982231026,0.3298265394607346,147,27.0358851884236,-26.713686282492525,0.9700861081916031
1789320966.4835587,LIDAR_ONLY,23.669968591554515,-21.055260206742453,-7.862991405380527,0.15726413198195935,0.11098808867342684,-0.8553322144369022,0.48099525975943425,-2.4405483945792072,-38.66670709248329,0.3300719597534016,145,27.023562089254707,-26.737156229746038,0.9682043661793092
1789320966.701619,LIDAR_ONLY,23.660743357999802,-21.07167315138331,-7.8715381594302025,0.1573693554031087,0.11107488342020494,-0.8554318558949309,0.48076355537140314,-2.479891685988672,-38.670025641500494,0.33059029435999704,143,27.00799097882893,-26.760174132571848,0.9676227020991707
1789320966.767243,LIDAR_ONLY,23.64158664251836,-21.100231432713,-7.886679906085589,0.1573143859152605,0.11104811380300145,-0.8556907920919894,0.4803267312297787,-2.4893730361645856,-38.670835333844245,0.33071479208247895,143,26.990523285509248,-26.777981723910457,0.9662336611951219
1789320966.9081085,LIDAR_ONLY,23.625729879880218,-21.12644531285374,-7.900321826451108,0.1574301555885725,0.1111740519991684,-0.8558902405478772,0.4799041283510083,-2.5145952803166423,-38.673034392553866,0.33104603806606414,147,26.967350432219984,-26.801988965391317,0.9655758412658229
1789320967.1301875,LIDAR_ONLY,23.616004381910816,-21.142312653272853,-7.9078855662752074,0.15743763684856568,0.11145406274356022,-0.8559615418872832,0.479709517532682,-2.5555712431390503,-38.67668254021607,0.3315871954507049,146,26.950869394851253,-26.820596559715682,0.9636377255162591
1789320967.1997638,LIDAR_ONLY,23.604124197505627,-21.162405740171472,-7.918359830875688,0.1574514468071631,0.11153718309077384,-0.8560928687005226,0.47945124762233765,-2.567592859788588,-38.67773545555612,0.33174550064922625,146,26.937946424121986,-26.840157754016058,0.96290143980549
1789320967.3364878,LIDAR_ONLY,23.588042542287187,-21.18798775334404,-7.930732024119603,0.15731345617419817,0.11167663035629631,-0.8562801091725161,0.47912960811694366,-2.590880157340091,-38.679772081906876,0.3320512178509568,145,26.92335647772198,-26.863866100037836,0.9617617351839824
1789320967.505846,LIDAR_ONLY,23.579071377885377,-21.206233406946914,-7.9402441340495225,0.1573608834980588,0.11176065199612435,-0.8563887857681909,0.4789001530805718,-2.6238033133068317,-38.6827226913098,0.3324816816189658,145,26.909214488466255,-26.88479061327064,0.9607936010562906
1789320967.5835414,LIDAR_ONLY,23.56507400426019,-21.226861321828142,-7.952341832463912,0.15752775299740066,0.11185662780471292,-0.8565510659820884,0.47853252054243495,-2.636741284986348,-38.683899715413936,0.3326511732765265,145,26.892879702088454,-26.90344354595368,0.9602963228500385
1789320967.7203426,LIDAR_ONLY,23.555074319807574,-21.24104606039107,-7.9595324351080325,0.15742017611782547,0.11198252949118669,-0.8566088797434994,0.47843497822000364,-2.662300887443312,-38.68616750052826,0.33298791406640077,150,26.8787209893393,-26.92308177921068,0.9600609836299332
1789320967.8483613,LIDAR_ONLY,23.54807809643711,-21.256718972185595,-7.966634200761463,0.15751976470731796,0.11213656769762691,-0.8566840001668332,0.47823157337183425,-2.6876089887577765,-38.688354424314944,0.33332845292708213,148,26.8627413887604,-26.942475819626555,0.9593384518018847
1789320967.9712958,LIDAR_ONLY,23.529334626813554,-21.28131611124423,-7.978489436286345,0.15741717861650295,0.11242250130840056,-0.8568316594215094,0.4779335942251447,-2.712520693213049,-38.6903183915712,0.333654399926854,148,26.84958815316303,-26.962115348226195,0.959259626617932
1789320968.0849128,LIDAR_ONLY,23.51188647645109,-21.30612121599784,-7.990776168668922,0.1574657867433585,0.11260703720511143,-0.8569797728445363,0.4776084694731749,-2.7364083294386976,-38.6921931261541,0.33397109791662904,146,26.83244744959073,-26.98170000010722,0.9581460007552246
1789320968.2112033,LIDAR_ONLY,23.50608327739436,-21.318283264696117,-7.996417297353196,0.157618784539481,0.11281813394695837,-0.856955487676295,0.4775517558909256,-2.7626153615930336,-38.69420780794928,0.33431075663610416,148,26.819139557336953,-27.000334099671154,0.9575034431876668
1789320968.3258655,LIDAR_ONLY,23.49431067286207,-21.33676066476392,-8.007279755228057,0.15793321373937658,0.11301778428343501,-0.857038492963929,0.47725161289589474,-2.785737821660441,-38.69604404587764,0.33461263536596053,150,26.807022647642942,-27.022925918307244,0.9582350516013564
1789320968.4489338,LIDAR_ONLY,23.478769520424624,-21.362357344971596,-8.018875923844845,0.1578436384754922,0.11323773998201354,-0.8571653076033773,0.47700129504833816,-2.810781571709713,-38.69805831350668,0.33494317102346804,143,26.796815447628262,-27.048998190282127,0.9575922995302772
1789320968.5782087,LIDAR_ONLY,23.473692745724275,-21.374258038913865,-8.025394872721757,0.15815369961630216,0.11345523576588148,-0.857160988779259,0.4768546488081541,-2.8378328734460356,-38.70023248488441,0.3352985412365103,146,26.77844517217777,-27.070797270469992,0.9565732524230317
1789320968.692396,LIDAR_ONLY,23.46225757700312,-21.39658648430139,-8.037024376481206,0.15822560742578598,0.11348090258722257,-0.8573290150936891,0.4765225092072939,-2.861445400890017,-38.702126349557645,0.3356073783092063,146,26.76514155109129,-27.09042320395056,0.9569158727198885
1789320968.8107321,LIDAR_ONLY,23.451702007973473,-21.416044186739562,-8.049895382218098,0.1585715621817727,0.11355569107266564,-0.8574541960214125,0.47616432711566575,-2.8848274818496487,-38.70399975223182,0.33591408131038397,145,26.751325122588046,-27.111064010333727,0.9569790637473357
1789320968.9241917,LIDAR_ONLY,23.44390922938237,-21.4364936564545,-8.05850554546591,0.15845522563350964,0.11367655419372127,-0.8575523908888991,0.4759973522791994,-2.9099617065887564,-38.7060128959839,0.3362436940525668,148,26.737380502221164,-27.133038113007853,0.9568453433464844
1789320969.0468035,LIDAR_ONLY,23.425908451052262,-21.46842797000983,-8.077398408276952,0.15852052139871683,0.11356397254172601,-0.857829539605813,0.4755028384938413,-2.935606624679905,-38.70806651491025,0.3365796971751458,149,26.718554079922836,-27.149146069929728,0.9566871194920102
1789320969.157542,LIDAR_ONLY,23.418982835748917,-21.486366766050246,-8.085825628928896,0.15853606697921216,0.11373442064132934,-0.8579080149050171,0.4753153006056895,-2.9592696226175104,-38.70996150216807,0.3368896308899016,146,26.7050732728498,-27.169088455236373,0.9562001526657141
1789320969.2765007,LIDAR_ONLY,23.404199885858414,-21.511367120216164,-8.097184760362287,0.15821781804401414,0.11381585554255776,-0.8580922573986377,0.47506920640367456,-2.9841917441555195,-38.71195705480162,0.3372159585333031,146,26.68943923563415,-27.186805780810126,0.9554875838708884
1789320969.4383538,LIDAR_ONLY,23.38724072110304,-21.53878011311803,-8.113223849686939,0.15815535933855956,0.11376505475139238,-0.858317336289558,0.47469542325021624,-3.020353787308928,-38.71485412025879,0.33768921170395044,149,26.67433741839535,-27.206509494080407,0.9549838417491912
1789320969.5016112,LIDAR_ONLY,23.376260748105324,-21.56019178691268,-8.123326128853673,0.15812285897877948,0.11378254157910538,-0.8584751607515944,0.474416581785144,-3.032331663414288,-38.715814036829066,0.3378459237870157,149,26.658789552572383,-27.226959140442723,0.955418604540525
1789320969.6288211,LIDAR_ONLY,23.360776282604217,-21.585528428814378,-8.13745839279411,0.1580550564231868,0.1137260851279407,-0.8586915627293299,0.4740609420717943,-3.0590438870685013,-38.71795589931138,0.33819495739798733,149,26.645766587375693,-27.24976055499157,0.9547417777934775
1789320969.7797468,LIDAR_ONLY,23.35007828749183,-21.606219701811064,-8.148008633261933,0.15812545573138595,0.11371210470364745,-0.858845626578992,0.47376163542413063,-3.09101194463907,-38.7205217512558,0.3386113997330484,147,26.63458705772867,-27.270195061224335,0.954725189104141
1789320969.8699894,LIDAR_ONLY,23.33181408695994,-21.633087725933322,-8.164176002186485,0.15822569229558325,0.11373054063608629,-0.8590689071209449,0.4733187163447398,-3.109997575710299,-38.72204685156995,0.3388584889309247,146,26.61815772599801,-27.287078964767456,0.9529375739892105
1789320969.9965236,LIDAR_ONLY,23.321140000506514,-21.65383673803087,-8.174388316298277,0.15800688233807444,0.11381915190250845,-0.8591976915256875,0.4731367166802057,-3.134697537495381,-38.72406664831243,0.339180890268436,146,26.604510020740964,-27.309885784798382,0.9529410804654119
1789320970.130533,LIDAR_ONLY,23.30994553189032,-21.676267236287337,-8.186265137304078,0.15805478343306137,0.11378840318174083,-0.8593853401337137,0.4727871845751944,-3.162570948859978,-38.726377515913086,0.3395429129328358,146,26.590600977739992,-27.32916676911737,0.952668936461332
1789320970.2372737,LIDAR_ONLY,23.290416488608088,-21.705383694424945,-8.20183732137247,0.1579040232893386,0.11393135416259528,-0.8596084910614323,0.4723972989579899,-3.1846555413897075,-38.728155615496476,0.3398343980677643,146,26.576467761046167,-27.34879813424332,0.9517951910947268
1789320970.357807,LIDAR_ONLY,23.28229976556192,-21.72472359996534,-8.21032487980447,0.15780281822232398,0.11401190844979142,-0.8597137826106706,0.47222004116934885,-3.21003661496434,-38.730229848834696,0.3401705996495429,148,26.561762996615254,-27.37324992200326,0.9504756625188345
1789320970.4819255,LIDAR_ONLY,23.2653968259709,-21.750690273148734,-8.225783733118089,0.15772189076554927,0.11401917539098652,-0.859897607364471,0.4719105187059916,-3.233706585891322,-38.73205402425241,0.34048036499035417,145,26.549212757199054,-27.39306645395223,0.9506292058696478
1789320970.6015396,LIDAR_ONLY,23.25646241307404,-21.772057591832358,-8.237146001953684,0.1579159570413149,0.11408530784190601,-0.8600200764504793,0.4716063624978517,-3.2583772040957766,-38.73400794735352,0.34080610291298874,149,26.533383455398322,-27.41323396291661,0.9493100295902642
1789320970.724854,LIDAR_ONLY,23.241934058961586,-21.7948619225105,-8.247296519828133,0.15756640140343411,0.11421481792623765,-0.8601564814737725,0.47144313749752254,-3.284555845985929,-38.73600359335231,0.3411482067208026,144,26.519296348796402,-27.433588950688243,0.9489809629480415
1789320970.854686,LIDAR_ONLY,23.233228892075758,-21.81426278549113,-8.253839770163633,0.15739871102118294,0.11438250158318577,-0.8602402303540684,0.47130567064360906,-3.3124140019733,-38.73819589983123,0.3415056885104816,143,26.499863619119417,-27.448975776733608,0.9470621256891794
1789320970.9542513,LIDAR_ONLY,23.2189992889907,-21.83377199466888,-8.261211811329886,0.15684205061231776,0.11433189465968407,-0.8602428605076584,0.47149868501285513,-3.335278115340058,-38.739995055326126,0.34180324061698586,146,26.483437141147608,-27.466271104665424,0.9462709437961176
1789320971.1080873,LIDAR_ONLY,23.20972035648208,-21.850718542277303,-8.27055596794478,0.15732894173698905,0.11444431373083903,-0.8602332730526346,0.4713266585710467,-3.3710770549864493,-38.742811673938064,0.3422588905592351,150,26.451755253602066,-27.50950008999911,0.944404119191171
1789320971.1604455,LIDAR_ONLY,23.196343878459054,-21.868415625275357,-8.280377634519068,0.1574589889406669,0.1145420709196842,-0.8601849492423317,0.4713476783523817,-3.382266374944243,-38.74369171410229,0.3424018936032368,150,26.451755253602066,-27.50950008999911,0.944404119191171
1789320971.274692,LIDAR_ONLY,23.18834499144811,-21.883471022394495,-8.287938520582006,0.15773287333017985,0.11473374666712444,-0.8601461452694142,0.47128029539213434,-3.407630750242782,-38.74568752029112,0.3427248574605845,145,26.435893374460925,-27.530290410346353,0.9432788737564944
1789320971.4256897,LIDAR_ONLY,23.17263229483928,-21.907463275634026,-8.299181349688917,0.1575468714278352,0.1149330738603301,-0.8600982706045478,0.4713813071594835,-3.4414522051181398,-38.74834896160195,0.3431556143096481,148,26.420572459952517,-27.552688344998657,0.9429504612153645
1789320971.4980478,LIDAR_ONLY,23.162216887837996,-21.926507227954346,-8.308221791470821,0.15763571218768857,0.11511148394589561,-0.860177869210122,0.4711627763607694,-3.4576184907694376,-38.7496210570118,0.3433617170964653,148,26.40897996549907,-27.571212007895053,0.9427125819336714
1789320971.6037283,LIDAR_ONLY,23.149369949182915,-21.948527380562105,-8.322815088107356,0.15793946584774562,0.11500706693653719,-0.860311149609432,0.47084310076721025,-3.4817451235977077,-38.75151973904189,0.34366907014561765,146,26.394453088413677,-27.592183917727183,0.9419702272389441
1789320971.7372427,LIDAR_ONLY,23.14025405080254,-21.96592756010109,-8.332207212557613,0.15809053414017388,0.11514880168846603,-0.8604132474780014,0.47057112113828703,-3.512589961010315,-38.75394747409774,0.34406146640578594,148,26.378925596012778,-27.611193546025564,0.9406524344443138
1789320971.8215396,LIDAR_ONLY,23.120110557160395,-21.994333279606394,-8.344997305074484,0.1577287518141412,0.11528924301422823,-0.8605938031467739,0.470327904000742,-3.531496816040257,-38.75543574267045,0.34430192186522923,141,26.356985453152973,-27.62534631164275,0.9400858252016592
1789320971.9332142,LIDAR_ONLY,23.11363606481285,-22.0064473122548,-8.348363658835138,0.15752606353682053,0.11554100360290918,-0.860590237574157,0.4703405774383943,-3.556379013675825,-38.757393869292166,0.34461900460295797,147,26.343088440572398,-27.649096396691117,0.9405907188463912
1789320972.0574749,LIDAR_ONLY,23.093797500427616,-22.03601664264462,-8.361466058359367,0.15718064275747132,0.11580377857246534,-0.8607345034276905,0.4701274774141314,-3.584752787373547,-38.75962711989519,0.3449799229901034,147,26.328883292131085,-27.66956627132841,0.93961543351163
1789320972.1528397,LIDAR_ONLY,23.08501623979476,-22.05370817257852,-8.372225323246965,0.15746230753611887,0.11576110075609009,-0.8607970900796176,0.46992909993700316,-3.6061689807746506,-38.76131277118249,0.3452521356083935,147,26.313567111525508,-27.68973246959666,0.9386074460436681
1789320972.2666955,LIDAR_ONLY,23.063611892104742,-22.085255427491045,-8.388446462594137,0.15723423534477074,0.11586654624758504,-0.8609652265474076,0.4696713929678629,-3.631856735951222,-38.76333398320773,0.34557853385361736,150,26.302375724273414,-27.71187805114565,0.9380136289166008
1789320972.3709543,LIDAR_ONLY,23.053221534545802,-22.103455190947184,-8.39621424890075,0.15711394876995163,0.11612818621814477,-0.8610412947507943,0.4695075507395732,-3.6560415948798797,-38.76523889828089,0.3458834869088997,150,26.28501699774084,-27.73373547525248,0.9380517202030076
1789320972.4860306,LIDAR_ONLY,23.041907922324565,-22.122736578975395,-8.4067124033281,0.1571410579586682,0.11624784073566395,-0.8610585086587351,0.46943729303744225,-3.681416413527095,-38.76724704612215,0.34620351703929675,144,26.273969449956358,-27.755303950630278,0.9378271394816743
1789320972.5956385,LIDAR_ONLY,23.032227424055677,-22.139104007877748,-8.415294425516453,0.1572507690377803,0.11651360607520223,-0.8610624218090317,0.46932747733831287,-3.705792837939618,-38.769220330568636,0.3465173612477943,147,26.259326582693884,-27.77696216855785,0.9378112241030179
1789320972.7077045,LIDAR_ONLY,23.02353577614392,-22.154040213616785,-8.424495591892887,0.15757962750435978,0.11658693007513303,-0.8611366454235441,0.4690627107753597,-3.7299317361003212,-38.77117613778415,0.34682482219461086,146,26.241355519992275,-27.79698293798444,0.9371480551759215
1789320972.8129437,LIDAR_ONLY,23.008036934473704,-22.176990383559147,-8.432426464313934,0.15697518179626158,0.11705564644067577,-0.861175728165492,0.46907689471452435,-3.7532776997947894,-38.773010415242695,0.34712416270854884,143,26.22874102790614,-27.81817920291981,0.9375286412922683
1789320972.9354749,LIDAR_ONLY,22.99525486230933,-22.198470526583282,-8.441931709297268,0.15682724275664142,0.11721209052553115,-0.8613000491228019,0.46885900561367433,-3.779939184169451,-38.77509106415884,0.34746491805037744,147,26.213450205716565,-27.840786037154793,0.9376953956058615
1789320973.0448365,LIDAR_ONLY,22.980193520499544,-22.22341482124706,-8.45517888097498,0.15677253681450343,0.11720199696578341,-0.8614165951690994,0.46866567313518237,-3.80556050380317,-38.77708732623377,0.3477898666820036,148,26.201756542635124,-27.862324746870897,0.9377839716051224
1789320973.15437,LIDAR_ONLY,22.965342181387072,-22.247021392704795,-8.466617191457082,0.15689841217444675,0.11738682886261516,-0.8615243205527732,0.4683791901470421,-3.829962610116375,-38.77898881344342,0.3480948423384763,147,26.188381845621137,-27.88648967031681,0.9368089895962083
1789320973.266764,LIDAR_ONLY,22.951602079424763,-22.26826020764448,-8.47942251589795,0.1569001557905188,0.11730736956844523,-0.8616682013407988,0.46813377677321655,-3.855609270526403,-38.78098734559099,0.3484155075649632,145,26.1735979520009,-27.907235799426296,0.9357986479727763
1789320973.388553,LIDAR_ONLY,22.94135499829726,-22.285970735503295,-8.48687981699357,0.15696566885500932,0.11762927234858506,-0.8617292266406538,0.46791866071032345,-3.8830010093107568,-38.78312507020712,0.34875593947202,147,26.160596873159815,-27.926948559332196,0.935176794717822
1789320973.4863052,LIDAR_ONLY,22.93132902745919,-22.30357329779259,-8.496342713559628,0.15708644534858138,0.11772014532747499,-0.8618130951734659,0.4677007644417058,-3.9051713506163823,-38.78485555092615,0.3490309193754661,143,26.147678105385474,-27.9484075357215,0.9345706347497015
1789320973.6258898,LIDAR_ONLY,22.91372086574589,-22.328391948314067,-8.511391190081698,0.15716426713856074,0.11772097433185384,-0.8619531407176378,0.46741624762534556,-3.9363204746762523,-38.787286928874124,0.3494170902965854,148,26.135443112342937,-27.970545365853344,0.9344109966806234
1789320973.7088807,LIDAR_ONLY,22.903835974829462,-22.345187382987536,-8.5179488735919,0.15708384475522777,0.11801081067567214,-0.8619565844943524,0.4673638419127187,-3.9530183883215346,-38.78859027594619,0.34962400160867224,146,26.120586687250267,-27.98802838371821,0.9336818425951453
1789320973.8245628,LIDAR_ONLY,22.883848191253435,-22.374843988662594,-8.531900442366048,0.15685706004992264,0.11815235972502772,-0.8620471362937234,0.4672372174941691,-3.9794373991271264,-38.79065242475923,0.3499513324724315,149,26.108107275602745,-28.00971229445241,0.9333081671937506
1789320973.9577847,LIDAR_ONLY,22.87541043062027,-22.389236594509207,-8.538625676981878,0.15708203463740378,0.11842452118462754,-0.8619691440865425,0.4672366229428923,-4.010095948176125,-38.79304506715624,0.3503311497568884,146,26.092822334829055,-28.031976731114458,0.9316196049626363
1789320974.0398347,LIDAR_ONLY,22.86624059643695,-22.404508075676706,-8.546683080874557,0.15734718842744833,0.11866461431436122,-0.8619708979821873,0.46708322880979447,-4.0290409682552095,-38.794523365349896,0.35056582739006503,146,26.07589907768409,-28.05014197986446,0.9311650045231146
1789320974.149963,LIDAR_ONLY,22.850304127211373,-22.42770386377165,-8.558256633567884,0.1572875750279341,0.11891806172733194,-0.8620013769009746,0.46698259020831895,-4.054967660295642,-38.7965462614822,0.3508868843340046,144,26.05888183334427,-28.06972801378352,0.9310334249374146
1789320974.2643359,LIDAR_ONLY,22.839687034114068,-22.446237016270832,-8.567984361267117,0.1575298773655958,0.11906648963764799,-0.8620652813451944,0.4667450690492394,-4.079899806064332,-38.79849128205725,0.3511954659966172,147,26.043222832241046,-28.086646148238014,0.9313681369733104
1789320974.3818276,LIDAR_ONLY,22.830120530435618,-22.463216156086062,-8.580051536864014,0.158008155713712,0.11894423147702325,-0.8621927164721872,0.4663790434706543,-4.1050847144646,-38.80045578825898,0.3515068723432361,144,26.026865929967872,-28.104572825670374,0.9301861160977408
1789320974.486036,LIDAR_ONLY,22.806658106019736,-22.495921992573393,-8.598229641949455,0.1578084479421747,0.1188215684335433,-0.8624510144298231,0.46600018920816344,-4.12902448121477,-38.802323314121566,0.35180187380591,145,26.00901391887362,-28.12249893495548,0.9296419346557611
1789320974.6032813,LIDAR_ONLY,22.79437298518623,-22.517354954956918,-8.609615287404328,0.15781666023968252,0.11891979072596956,-0.8625189931798201,0.4658465106969826,-4.1544593753632375,-38.8043079527728,0.35211421196636583,144,25.992252472889064,-28.14040340930484,0.9284657088983609
1789320974.7110784,LIDAR_ONLY,22.778462131714992,-22.540761743507616,-8.620748447994568,0.1575796590229785,0.11920562777005188,-0.8625870012561363,0.46572774733109495,-4.178871056359686,-38.80621694053951,0.3524126731148518,146,25.977785288456335,-28.15902098859859,0.9263048858607653
1789320974.8260353,LIDAR_ONLY,22.772187771895936,-22.552153384553886,-8.626003871916328,0.15773146618339412,0.11949692096659914,-0.862576147063671,0.4656218003615505,-4.20398329302156,-38.80818457011908,0.35272281936703853,144,25.963371072243763,-28.180439490083028,0.9262824178808391
1789320974.9378688,LIDAR_ONLY,22.759567276072058,-22.572963596110274,-8.634698510180577,0.15766263120333557,0.11984405848387075,-0.8626515421684509,0.4654161720036691,-4.229099156557871,-38.81015197158082,0.35303791909449167,147,25.94898283640491,-28.199836594120146,0.9256691735921494
1789320975.0519161,LIDAR_ONLY,22.74002076481927,-22.59864951140257,-8.647523051175387,0.15742127875301945,0.12011908255693876,-0.8627652573562493,0.4652161408425641,-4.254507246808804,-38.81212778105263,0.3533522162878802,146,25.932966331973855,-28.215714761575295,0.9242562207223493
1789320975.1604128,LIDAR_ONLY,22.724720991453403,-22.620724858138527,-8.66023893898886,0.1575450277745895,0.12021688467988312,-0.8629204938750114,0.46486093201286993,-4.278676589563094,-38.814008658939336,0.3536547589014375,147,25.917903275248683,-28.233539679326295,0.9234550324102423
1789320975.2767653,LIDAR_ONLY,22.712846338321086,-22.64111605387975,-8.672710162076395,0.15781720792333112,0.12012511681141008,-0.862993200069018,0.4646573165559378,-4.30435619415258,-38.81599198867331,0.3539739329495184,143,25.90295465589835,-28.253829222808523,0.9234847216291091
1789320975.3838873,LIDAR_ONLY,22.69809894539932,-22.663177831478205,-8.684134128468393,0.1576570138983065,0.12028072552149771,-0.8630615816425941,0.46454442126590584,-4.328794128357463,-38.81787300600669,0.3542731428965106,147,25.888458969015684,-28.274818490115496,0.9225043263814982
1789320975.501786,LIDAR_ONLY,22.688092712696243,-22.679697772243458,-8.698287178728085,0.15824080873101026,0.11995939195316456,-0.8632199337426185,0.4641346105644056,-4.35444243928742,-38.819864549691495,0.35459215573025854,148,25.87411345199015,-28.29474317042703,0.9229685102638978
1789320975.6112723,LIDAR_ONLY,22.679701344421176,-22.695463929436997,-8.704239452796479,0.1582174827923068,0.12037629959868433,-0.863181208120843,0.4641066435430935,-4.378346196123472,-38.821719419521976,0.3548897401788942,145,25.857863125505215,-28.315701404151277,0.9232912775338977
1789320975.7241268,LIDAR_ONLY,22.660833116461976,-22.72317457700865,-8.718144792024185,0.15804502280403473,0.12053242149304463,-0.8633088164122035,0.46388747950430337,-4.403252561884624,-38.82365339359898,0.3551989764505916,144,25.842478763580733,-28.33606447919828,0.9224243974358621
1789320975.8591356,LIDAR_ONLY,22.65229355667554,-22.737915471527355,-8.726980304403657,0.1582803938136147,0.12067328264293195,-0.8633294267491309,0.46373222521127766,-4.433153624194456,-38.825975276430675,0.3555695879042694,144,25.82611272810307,-28.355996787281917,0.9219972355619248
1789320975.9487486,LIDAR_ONLY,22.640603088465024,-22.75895572115717,-8.738877128420427,0.15843142338489527,0.12065124562438269,-0.8633786931437368,0.46359464323796307,-4.453091333253129,-38.82752346425947,0.3558165424719012,144,25.811538905810774,-28.373485357642075,0.9208929023377457
1789320976.064719,LIDAR_ONLY,22.626220923900483,-22.78138124717696,-8.750261100797589,0.1584165173894876,0.12082674819934719,-0.8634590941392651,0.46340424759162185,-4.47851343053604,-38.829497577678204,0.35613138674057926,147,25.797483323087942,-28.399369597770153,0.9210084467824009
1789320976.2109063,LIDAR_ONLY,22.609020514886986,-22.805116073089888,-8.761962101444615,0.15839193913532143,0.12113315047473942,-0.863564935836039,0.4631353528586592,-4.510667666431645,-38.83199445452319,0.3565295444169003,149,25.778939633771504,-28.41576759323307,0.920423825517068
1789320976.2937145,LIDAR_ONLY,22.60372113284175,-22.81643690351398,-8.770760618469716,0.15876093060502566,0.12101321644857967,-0.8635940516390117,0.4629860498243023,-4.527867744311491,-38.83332985888539,0.3567425150494102,148,25.766329746410772,-28.43861553046879,0.9189115769039123
1789320976.3990026,LIDAR_ONLY,22.591148161629047,-22.837136857061523,-8.781543627193798,0.15882879078962558,0.12113835991701077,-0.8636516649335588,0.46282255198986816,-4.553046453559361,-38.83528449687636,0.35705424631064175,146,25.753433684504778,-28.45743918372069,0.9185745854650885
1789320976.537171,LIDAR_ONLY,22.56964218926676,-22.865970226283235,-8.796009270127069,0.1585019225643475,0.12121635274216658,-0.8637701372885055,0.4626930800216149,-4.583463178552532,-38.837645510451544,0.3574306766573645,146,25.739633697092287,-28.474806289562274,0.9182471277900491
1789320976.622983,LIDAR_ONLY,22.567061037205303,-22.873522435367654,-8.801230227536157,0.15882881409343802,0.12126168166271552,-0.8637137603914696,0.4626743482023068,-4.603161269643172,-38.83917436662523,0.3576742818297128,146,25.72018095193315,-28.49170121866141,0.9180627377525051
1789320976.7299464,LIDAR_ONLY,22.560301754822493,-22.886749658005456,-8.806301166707481,0.15886516398655662,0.12159296520327947,-0.8636028126936176,0.4627820139031669,-4.627350171815276,-38.84105150789418,0.3579732384171869,147,25.711071695838584,-28.51225045954812,0.9176188185857217
1789320976.8440301,LIDAR_ONLY,22.53813423623788,-22.917659999660483,-8.825609651008925,0.15876290253527875,0.12126375194388858,-0.8638808765206292,0.4623843362669351,-4.652788242148726,-38.84302562402773,0.35828655496909506,145,25.69348545923039,-28.529887363516625,0.9165653657995307
1789320976.955495,LIDAR_ONLY,22.53138793614445,-22.93081110061345,-8.83484048592151,0.15921696925696383,0.12125208010732522,-0.8638577815325408,0.4622744023369139,-4.677474758228082,-38.844941931343385,0.3585895899916786,145,25.67649772193724,-28.54849439987038,0.9142803469113447
1789320977.0670457,LIDAR_ONLY,22.52056691997023,-22.94677200019174,-8.848912875380334,0.15967981208697696,0.12081792647305233,-0.8639984759954281,0.46196538802403536,-4.702627856857444,-38.846901114518246,0.35889784189631313,147,25.662170162608593,-28.5683147804616,0.9138127198414077
1789320977.172657,LIDAR_ONLY,22.510508722462152,-22.964440604702308,-8.858346825705532,0.15980852407206572,0.1208834456141872,-0.8639784765917439,0.46194114364988037,-4.726998674829856,-38.84879786736852,0.35919995889696227,147,25.64911123665922,-28.58802789773808,0.9126427911718235
1789320977.2868025,LIDAR_ONLY,22.494049801336622,-22.986505964384328,-8.869795338918706,0.15977526106332224,0.12116259308356422,-0.8639908038293707,0.46185645268599623,-4.751640436355939,-38.85072172192522,0.35950715986493986,147,25.634920895729202,-28.610038752590572,0.9115184636010759
1789320977.4580526,LIDAR_ONLY,22.48500378375004,-23.00201913181987,-8.877862378032026,0.15993232659596243,0.12127607127832843,-0.8639751517794438,0.46180158353191414,-4.793599932513604,-38.853919832395434,0.36012060862000156,148,25.602452894240898,-28.64526355205353,0.9105230677948412
1789320977.5293024,LIDAR_ONLY,22.47884799329181,-23.01425033558705,-8.883597880410935,0.1601675810766071,0.12144747494330768,-0.8638565838948272,0.46189680585983955,-4.809371196225161,-38.85512430451952,0.36036388497982746,148,25.602452894240898,-28.64526355205353,0.9105230677948412
1789320977.6488569,LIDAR_ONLY,22.46076641995033,-23.03746296218847,-8.896350286562045,0.1603103064505567,0.12158410077661211,-0.8638825682604193,0.46176273164889914,-4.83754520610701,-38.85726137580248,0.3608461762465861,148,25.559161043397353,-28.677501778067224,0.9086458275193218
1789320977.7183883,LIDAR_ONLY,22.449007734566155,-23.057714456691873,-8.910343267302496,0.16069540282582537,0.12113765654901398,-0.8640131435601058,0.4615018347004081,-4.8523177238574755,-38.858381455804896,0.36111108066397546,146,25.559161043397353,-28.677501778067224,0.9086458275193218
1789320977.8300598,LIDAR_ONLY,22.44036900726799,-23.07109859164508,-8.918042757126416,0.16093074044431915,0.12110895499225373,-0.864084876472443,0.4612930132273088,-4.878038212461299,-38.8603321963732,0.36156217466001855,144,25.54313150257561,-28.70153946834253,0.908620742206324
1789320977.9866226,LIDAR_ONLY,22.43460409364197,-23.081068124636136,-8.925822686301709,0.16137093258166463,0.12097689935234997,-0.8641263778873252,0.4610961016752873,-4.913429042686183,-38.86301467097657,0.3621707221440296,145,25.52926158198368,-28.72557103373503,0.9084105074563691
1789320978.060379,LIDAR_ONLY,22.417085268271602,-23.105501354914022,-8.939710800276035,0.16128006835498643,0.12083533978860703,-0.8642667710657141,0.46090184274010815,-4.928368485910693,-38.86414549336819,0.36242606239956027,145,25.513092825212105,-28.741529083896175,0.90865698912955
1789320978.1677113,LIDAR_ONLY,22.40841022278959,-23.121005884353153,-8.948151160990223,0.16157127835448384,0.12079593072598716,-0.8643473770783403,0.4606589593926659,-4.951765506439778,-38.86591325195434,0.3628262195810328,146,25.497597633615985,-28.763443500941612,0.9086918231675156
1789320978.2978609,LIDAR_ONLY,22.395453698267165,-23.142684671561046,-8.960379900771315,0.16172440545005123,0.12063124243768134,-0.8644136255295545,0.46052405369168287,-4.981627238831574,-38.868166796645234,0.3633374264146578,145,25.481993001592407,-28.782167858343794,0.9093188770680422
1789320978.3922641,LIDAR_ONLY,22.384708689502823,-23.158729691386092,-8.971558622562908,0.16199480288875576,0.12033634560337239,-0.8646298913254379,0.4600999878183223,-5.001775968337151,-38.86968688580923,0.36368226575581936,147,25.47349800940617,-28.80000310445216,0.9102787220916246
1789320978.5194037,LIDAR_ONLY,22.368591284777164,-23.182652858486154,-8.984304329176714,0.1619410105037721,0.12028377697699646,-0.8646684168726623,0.4600602688519075,-5.030116021800722,-38.871822980447504,0.364167219563289,149,25.462579119226188,-28.816262784563822,0.9098719406515609
1789320978.61368,LIDAR_ONLY,22.363622562438405,-23.191660228767645,-8.990446140087872,0.1622850734752122,0.1202796806929044,-0.8645819013126516,0.460102694256574,-5.051236401501611,-38.87341433973292,0.36452890873484983,147,25.441650515980154,-28.83636621445048,0.9092974808529533
1789320978.7299464,LIDAR_ONLY,22.353011333716005,-23.2110993086618,-9.002657546216126,0.16251843083671186,0.11996659819694747,-0.864753970336228,0.45977858338895616,-5.077315855459131,-38.87537869869639,0.3649756907920096,148,25.432126178454283,-28.852240335023087,0.9099914873328754
1789320978.8358335,LIDAR_ONLY,22.340190187359507,-23.23209910614541,-9.012405390185434,0.1624417220180326,0.11995715075779734,-0.8648471484709851,0.4596328738368187,-5.101392350245004,-38.87719011340582,0.36538763684566034,145,25.41985282503126,-28.867562549933705,0.9093966766709742
1789320978.9409935,LIDAR_ONLY,22.322550675745855,-23.255748333606576,-9.024240647556056,0.1623698589311732,0.12013019403954829,-0.8649506887636769,0.45941818792678674,-5.126189204019761,-38.879055673846686,0.36580941418454405,146,25.409843000900825,-28.88375915028784,0.9099233714503765
1789320979.0539787,LIDAR_ONLY,22.314134856436166,-23.268620722219378,-9.02997416062048,0.1624985707577819,0.12035893620543038,-0.8649322842970274,0.4593474551555734,-5.150953895422103,-38.880918211161664,0.36623210838392206,143,25.391028684249502,-28.903796186726492,0.9103090212837386
1789320979.1648107,LIDAR_ONLY,22.306332936857203,-23.282427465387094,-9.040308607246443,0.16278219803453403,0.12014008792632973,-0.8650166126212856,0.4591454836599138,-5.175673975148363,-38.88277463739077,0.3666508409410883,145,25.365149289236545,-28.92233377097647,0.9105899225080115
1789320979.2790554,LIDAR_ONLY,22.29767572282832,-23.29771760690717,-9.046858049842754,0.16290111489004055,0.12031325946078428,-0.8649351086322092,0.45921150270969063,-5.20104379393682,-38.88467842243605,0.367073530473904,145,25.35478079084823,-28.946991027040873,0.9109009718359748
1789320979.385975,LIDAR_ONLY,22.28004426705224,-23.322237207778535,-9.059599726624834,0.16293555433231321,0.12046804690603902,-0.8650832756077113,0.45887948425801167,-5.224755583883449,-38.88645165223993,0.36745421757708163,149,25.33904951834477,-28.967084728457063,0.911694860155324
1789320979.5008564,LIDAR_ONLY,22.26891465161493,-23.33888232727931,-9.06868087199571,0.16309552147466277,0.12055883203941747,-0.8650890399684412,0.45878793774322363,-5.249160351386244,-38.88828372466868,0.36781202337679875,148,25.32618652811915,-28.991546284766233,0.9120090488710825
1789320979.6074767,LIDAR_ONLY,22.26099077022632,-23.3548394567963,-9.07408740684314,0.16305650055616733,0.12095132180574858,-0.8650256273005972,0.45881806796706165,-5.271503362517241,-38.88997374655872,0.3681242438515872,149,25.306503113026906,-29.006990872563616,0.911779141173243
1789320979.7261345,LIDAR_ONLY,22.25032526959382,-23.373021829628424,-9.081963877040398,0.16333775855955215,0.1213050932793028,-0.8649819413349845,0.45870697851417364,-5.292012122612262,-38.89115042988216,0.368562045427204,146,25.296862558448257,-29.027961025482952,0.9122343059167062
1789320979.8472981,LIDAR_ONLY,22.236145427932893,-23.393724227792045,-9.095583522732987,0.16347297873323263,0.12085465941699813,-0.8652286298823159,0.4583122893325641,-5.3172012046334345,-38.89298915000912,0.36907515071728847,145,25.284901847198647,-29.051636648583738,0.9126592479129285
1789320979.9458156,LIDAR_ONLY,22.21791031115848,-23.418027917054285,-9.110015629865165,0.1633868773952919,0.12076732941944741,-0.8654262076888611,0.45799285964432557,-5.339840830402493,-38.89469840004811,0.3694707349353171,147,25.261636917593535,-29.06959384945489,0.9104782403997839
1789320980.1024294,LIDAR_ONLY,22.20733216526099,-23.43477168894311,-9.120402584609623,0.16356619330558603,0.12085939879939561,-0.8654444612466587,0.4578700586704147,-5.374170439746805,-38.897311917518486,0.3700769854898047,144,25.227098697971652,-29.10907767302386,0.9112166601573737
1789320980.180051,LIDAR_ONLY,22.200493040553894,-23.44780306582907,-9.129102897923662,0.16363665879566558,0.12072417542838405,-0.8654655699530321,0.4578406541485813,-5.392304541710518,-38.89870324400482,0.37038797498403275,147,25.227098697971652,-29.10907767302386,0.9112166601573737
1789320980.2819633,LIDAR_ONLY,22.19312301641481,-23.461994586115626,-9.136746408778366,0.1635216921316423,0.12081095501371275,-0.8654354958393027,0.45791568207745353,-5.414411874182011,-38.9003987186498,0.3707666311912081,147,25.22854903402064,-29.125903123064653,0.9130228558827297
1789320980.4230149,LIDAR_ONLY,22.18107675498699,-23.480939958045663,-9.1474413779843,0.16337369851998862,0.12081142911962245,-0.8655258655793976,0.45779756360099716,-5.445210012562762,-38.902758339480805,0.3712945612017254,149,25.22249071510333,-29.139864554802443,0.9142134968658469
1789320980.5058506,LIDAR_ONLY,22.16719839244165,-23.502706083304762,-9.159267136360771,0.1632160747018166,0.12077901419320826,-0.8656629606037118,0.4576030827346602,-5.463836637382467,-38.90418498125725,0.37161406550595244,148,25.222067175726625,-29.15965951683324,0.9157517140572311
1789320980.6200786,LIDAR_ONLY,22.14943687074488,-23.525048274955292,-9.1747873542281,0.16288444308657998,0.12050177929308553,-0.8659109776837524,0.4573250027216349,-5.4896568033056825,-38.906163248425905,0.3720570649912259,147,25.208213363357366,-29.18328207383787,0.9165036191361924
1789320980.7541423,LIDAR_ONLY,22.134784827331643,-23.548654702484548,-9.191301473107155,0.16261279622539174,0.11987404507978097,-0.8661570398729179,0.45712063407655795,-5.520434082786157,-38.908521225640044,0.37258585826596075,147,25.188696104838687,-29.20536854280018,0.9166173485990202
1789320980.843202,LIDAR_ONLY,22.127316187620465,-23.561037500690787,-9.197472668721316,0.1624683950810161,0.12018801706075638,-0.8660971023200272,0.45720309547033305,-5.538551628020373,-38.90990982327504,0.3728966071105201,147,25.177002139808902,-29.226332424307667,0.9168328708302225
1789320980.9500203,LIDAR_ONLY,22.117571201184834,-23.57724544851392,-9.205581546718866,0.16241348363954144,0.12031329384701989,-0.8661413598686537,0.4571058043611223,-5.563117436893115,-38.911792358817586,0.3733180535472237,147,25.15714489557386,-29.247040451578453,0.9169120725613705
1789320981.0644743,LIDAR_ONLY,22.09820957644494,-23.603152839850953,-9.22862401821372,0.1621372492868263,0.11910632260340297,-0.8666404292556064,0.4565737209797056,-5.5884223717426345,-38.913730835406696,0.3737523024575469,147,25.14428396601575,-29.266525949852788,0.916440044566493
1789320981.170743,LIDAR_ONLY,22.087119617486877,-23.622391508597477,-9.236369806998502,0.16185155624840566,0.1195960459969907,-0.8664813389307163,0.4568489343390089,-5.6129746573764105,-38.91561249086532,0.3741730688198074,143,25.125793859148146,-29.284110957173834,0.9156271878946957
1789320981.2830923,LIDAR_ONLY,22.078110023114228,-23.63817750023379,-9.246790081818181,0.16145397666082095,0.11936505418586732,-0.866606803412692,0.4568120461836005,-5.637765340349425,-38.91751323274363,0.37459687280209486,144,25.115531558756913,-29.305411425636866,0.9159759777723223
1789320981.3917937,LIDAR_ONLY,22.07011067336439,-23.653696794765967,-9.256938069981748,0.16123523148287894,0.11902300183182717,-0.8667398291076771,0.456726169385988,-5.663285569215739,-38.919470354897925,0.3750335360263548,144,25.103993020984177,-29.325291485666686,0.9159657807869084
1789320981.500107,LIDAR_ONLY,22.060339535215316,-23.668609939643034,-9.267706605716867,0.1610665571239637,0.11873641821792424,-0.8668743555235758,0.4566049483969662,-5.687048889003546,-38.9212924881488,0.3754368128725616,149,25.093332022307916,-29.341952524856627,0.9180669821367531
1789320981.6140995,LIDAR_ONLY,22.040595000156976,-23.69810463830661,-9.288335730926642,0.16069477448915934,0.11792145287909253,-0.8672205053143047,0.4562897276568521,-5.712990642532542,-38.92328479314489,0.375875184893271,148,25.07870407773457,-29.360863404893745,0.9181654228390922
1789320981.7231767,LIDAR_ONLY,22.027394185313153,-23.71745141051933,-9.298719600127225,0.1602651022560028,0.11780434417836497,-0.8673139638218765,0.4562934600135783,-5.736598346541093,-38.925104746890824,0.37626369734039794,145,25.057926006397203,-29.395038362332745,0.9174603436143631
1789320981.8321924,LIDAR_ONLY,22.015263553283546,-23.736278396014338,-9.312770078871772,0.1599306163915779,0.11724528803576982,-0.867513196131026,0.45617605692599816,-5.760830395101563,-38.92698171030728,0.37663026865905574,146,25.05091264926482,-29.40798615014916,0.9184043237473831
1789320981.9450498,LIDAR_ONLY,22.010099029516198,-23.748147098300862,-9.317456186859127,0.15966448327578098,0.11753208931849797,-0.8674173091306695,0.4563777739781101,-5.783746184353679,-38.92876681460896,0.3769235877830991,146,25.036464370246723,-29.42674831220746,0.9175148792925413
1789320982.0595136,LIDAR_ONLY,21.99400624351462,-23.771695287596586,-9.327225480423483,0.1593275102314058,0.11776265166578302,-0.8674102032789602,0.456449604670283,-5.803192996493083,-38.929787125776144,0.37738968923778266,148,25.028064712923385,-29.444166461924354,0.9193609383336205
1789320982.1675053,LIDAR_ONLY,21.98246688819941,-23.78980968792207,-9.33848091630767,0.1592196182269467,0.11756209317469153,-0.8675395793847537,0.4562930479647649,-5.826461422779956,-38.931595241284164,0.3778313231441401,142,25.014369469288688,-29.468683446531813,0.9189437411928741
1789320982.3292089,LIDAR_ONLY,21.964476460107,-23.81436935708906,-9.353524650570526,0.15897663256236633,0.11730763385359344,-0.8676966700290496,0.45614453647862574,-5.863266381463277,-38.9344753978583,0.37848266619362747,145,24.983970591945088,-29.49854565562865,0.9189234910139066
1789320982.3890417,LIDAR_ONLY,21.95175829000946,-23.834328241709564,-9.367815203011808,0.15881733390398942,0.11683551710879136,-0.8678127908285586,0.4561002921155594,-5.875948844582176,-38.935460035797234,0.3787591911474561,146,24.983970591945088,-29.49854565562865,0.9189234910139066
1789320982.5049448,LIDAR_ONLY,21.940309342493933,-23.85214093992838,-9.377837441503193,0.1588288495060424,0.11689056891010467,-0.8679050813215828,0.4559065269116419,-5.901586230203231,-38.93745126031073,0.3793257758909221,149,24.977594798302935,-29.51504256569964,0.9193659782159901
1789320982.640769,LIDAR_ONLY,21.931966089426858,-23.865631662546235,-9.379440939656204,0.15874257296091668,0.11764691813231472,-0.8677192835317202,0.4560956513396226,-5.932957807209204,-38.93988911438276,0.3800177779138352,149,24.96004487697308,-29.534060399513425,0.9187627867872757
1789320982.7268693,LIDAR_ONLY,21.923164369700988,-23.88019565987805,-9.387074507387771,0.15874867588028188,0.11786990542947055,-0.8676609251878964,0.4561469743431261,-5.952136420606155,-38.941379921377695,0.38044036698060246,148,24.94671457357212,-29.551000767588636,0.9176296545797442
1789320982.829405,LIDAR_ONLY,21.906434229782523,-23.90546451390867,-9.403546983784409,0.15884077759124574,0.1175763936186397,-0.867886882193723,0.45576063756527047,-5.976054463995031,-38.9432391808453,0.38096729749363856,148,24.933906264910302,-29.565771423904646,0.9179165834273462
1789320982.939472,LIDAR_ONLY,21.884980526289862,-23.9351268008363,-9.420414211939267,0.15869071710120355,0.11747204578068415,-0.8681001296521151,0.4554335732727523,-6.000971922430441,-38.945176097921085,0.38151607571768364,150,24.9202049994516,-29.585294585054694,0.9174923949364852
1789320983.052028,LIDAR_ONLY,21.873414151419723,-23.951101067191523,-9.43067917368105,0.15881136675388122,0.11739347635500362,-0.8682810050686772,0.45506682776926216,-6.02564173800748,-38.94709380483578,0.3820593532168958,146,24.91025212062385,-29.604088082152444,0.9172972099596276
1789320983.16304,LIDAR_ONLY,21.86194690308725,-23.97013064901907,-9.442951601005289,0.15867874484640254,0.11711282379738641,-0.8683096724967884,0.45513070110100523,-6.050562553473412,-38.94903099940519,0.38260811619690344,145,24.8994219684311,-29.621076357294378,0.9165284154425544
1789320983.2759554,LIDAR_ONLY,21.852680275067655,-23.986755371563916,-9.450708954568295,0.15876250021684815,0.11731078354409814,-0.8683114587244354,0.4550470956252862,-6.075485377722845,-38.950967904086895,0.3831568950139202,148,24.890483540433966,-29.63953562448227,0.917016846211831
1789320983.385429,LIDAR_ONLY,21.8494269625558,-23.993927953072255,-9.454419898990661,0.1589192811258682,0.11751168830185754,-0.8682141308046891,0.45512623333526125,-6.100410592847371,-38.95290470102012,0.38370567039364634,150,24.879330589267266,-29.655951181616583,0.9163640096028538
1789320983.5010943,LIDAR_ONLY,21.83375364568615,-24.01913807083265,-9.464422106249495,0.158841032135048,0.11784511063728603,-0.8681848918425,0.455123115195861,-6.125836965507892,-38.95488020853796,0.384265306799466,150,24.868417648363682,-29.674946343166237,0.9163568131539226
1789320983.617015,LIDAR_ONLY,21.810421877995548,-24.04899331291888,-9.479867276080737,0.15871806374127925,0.11796861730971947,-0.868432819810453,0.4546607735975446,-6.150518502976481,-38.956797785303706,0.3848080856347056,149,24.85728341336602,-29.692816364973766,0.9163219996060993
1789320983.7307847,LIDAR_ONLY,21.79159291502033,-24.07478687677772,-9.497650706065746,0.15879132285883135,0.11768220184345578,-0.8686347168325487,0.4543236113908858,-6.175449871317341,-38.95873482112731,0.3853555829880539,146,24.846371972785953,-29.71314625356555,0.9169679225118856
1789320983.8389363,LIDAR_ONLY,21.7797942235013,-24.093950761874225,-9.508472214662541,0.158794278241317,0.11755275924333505,-0.868673804686941,0.45428135229482197,-6.200377835741651,-38.96067207317567,0.3859016683498355,146,24.83370258495714,-29.728582291308086,0.9161523542190235
1789320983.9535563,LIDAR_ONLY,21.77214011673592,-24.106484846818567,-9.518666052323145,0.1588635509495796,0.11723764206119475,-0.8686435886993407,0.4543963284129312,-6.225527825835609,-38.962628771617574,0.3864518130426627,148,24.826060318885276,-29.745809941788018,0.9157693264987882
1789320984.060456,LIDAR_ONLY,21.760598776892582,-24.124775979073295,-9.536141578898182,0.15903637095348705,0.1164896708284476,-0.868874167405879,0.4540872939413364,-6.249644457001091,-38.96450651528332,0.3869831505062257,146,24.813425399316525,-29.76203457248083,0.9154568005861551
1789320984.172664,LIDAR_ONLY,21.74617164900917,-24.14592316567432,-9.547575909581015,0.15909189944064456,0.11651760033685572,-0.868969703398963,0.45387781496656926,-6.275268722382317,-38.96651245897127,0.38755109065942217,147,24.79886987998738,-29.782553116882045,0.9149510977137679
1789320984.27806,LIDAR_ONLY,21.724609219093775,-24.175469009971255,-9.562353045194353,0.15890195316324948,0.11665232112118304,-0.8691237132387362,0.4536147884979677,-6.299672489385236,-38.96840507900155,0.38808768808205957,150,24.78242705521459,-29.8024587227402,0.9146132963057295
1789320984.394328,LIDAR_ONLY,21.709758646087483,-24.194254875736004,-9.574349523481084,0.15876901217114261,0.11653992292954062,-0.869136012014947,0.45366666149997215,-6.324827692024721,-38.97035294200161,0.3886446680278557,150,24.76560975993525,-29.821180722505765,0.9144609315516286
1789320984.5410151,LIDAR_ONLY,21.699798116777334,-24.208919746520618,-9.587568510154572,0.158924434950239,0.11601855383614679,-0.8692988227435688,0.453433871604407,-6.357477485341617,-38.97285545635103,0.38936410498776136,149,24.756566238458305,-29.836856452689876,0.9147288012674808
1789320984.6221511,LIDAR_ONLY,21.68641239660252,-24.23101370359438,-9.598904160938826,0.1588637367146964,0.11600324192106644,-0.8693772250598043,0.4533087265519613,-6.374680396231045,-38.974178590374606,0.3897397108680767,148,24.748149928798973,-29.85063203251126,0.9146457923341836
1789320984.730643,LIDAR_ONLY,21.67994691194093,-24.24321462707191,-9.604004240980927,0.15887491663234896,0.11629904946167804,-0.86931770249856,0.4533431637093468,-6.399082443431384,-38.97606507376988,0.39027750724020205,147,24.73324831440274,-29.867800973910445,0.9140682151290408
1789320984.8695498,LIDAR_ONLY,21.66481857797473,-24.267647695959116,-9.61548166113503,0.15871335971250136,0.11634847234140228,-0.8693438375020229,0.453336954846887,-6.430699720738444,-38.97850919800104,0.39097541493873034,145,24.731630279456898,-29.887018604242286,0.9145621056757444
1789320984.9488094,LIDAR_ONLY,21.65654441509941,-24.281646195905545,-9.622297865921459,0.15890315734856347,0.11652849880583831,-0.8693051691300315,0.45329837687170554,-6.449128059202082,-38.97993461374498,0.39138159444136844,149,24.71600033673563,-29.90312284115144,0.9133605645261639
1789320985.0592313,LIDAR_ONLY,21.640633721158423,-24.303976000594144,-9.633378809832443,0.1588727524126851,0.11670432936914792,-0.8693689637319827,0.45314142709191113,-6.474787997657573,-38.98191945776599,0.3919467854900996,148,24.708189823805057,-29.91860475293391,0.9132557722468533
1789320985.1803176,LIDAR_ONLY,21.62761318918949,-24.32292893326042,-9.642910701179336,0.15874614337183193,0.11676909696846109,-0.8693030628536768,0.4532955160499127,-6.50120056121531,-38.98396243884807,0.3925282677359218,149,24.695895380875662,-29.935696409075657,0.913274114588376
1789320985.282852,LIDAR_ONLY,21.625069513097216,-24.331756792797144,-9.64566905334552,0.1589628780690484,0.11712147212913626,-0.8691005713697824,0.4535168806197039,-6.524126287588086,-38.98573576842223,0.39303294546361145,148,24.67673858929891,-29.95495692738436,0.9128080451543534
1789320985.38991,LIDAR_ONLY,21.62501664023126,-24.337402210660787,-9.64817710431173,0.15916501805818634,0.11721920197450789,-0.8689185169153547,0.4537695083151989,-6.548548968356682,-38.98762490464719,0.39357053498091155,150,24.670559259908067,-29.972889016772985,0.9128491900648972
1789320985.5198438,LIDAR_ONLY,21.608913230830527,-24.362087351663344,-9.657982117289862,0.15903143217861238,0.11759841702452467,-0.8688682545727383,0.45381446879563986,-6.576961450425204,-38.98982261011458,0.39419590584416386,149,24.659541416347803,-29.992064098449987,0.912850330464613
1789320985.6224778,LIDAR_ONLY,21.604163026612966,-24.373006522002697,-9.662024344227667,0.15927052628605173,0.11788821983893531,-0.868736797945946,0.45390708627911464,-6.601388418238572,-38.991711606675956,0.3947335120046099,150,24.65111038770082,-30.009143452306503,0.9136397537218124
1789320985.720845,LIDAR_ONLY,21.59082283058771,-24.39480543670473,-9.672790645963728,0.15921059993565181,0.11801138566106206,-0.8687976666530969,0.45377958541633434,-6.623324484684232,-38.99340779221351,0.39521619559939547,150,24.642199032673766,-30.028116706277366,0.9132642347724942
1789320985.8351176,LIDAR_ONLY,21.575275840735475,-24.41724727833921,-9.684096046558809,0.1592622353286302,0.11818977088451385,-0.8688663654558153,0.45358346248071696,-6.648503451076679,-38.99535450928731,0.3957700832784199,146,24.636145604359644,-30.044191459367163,0.9132987521759629
1789320985.9478855,LIDAR_ONLY,21.559823159455654,-24.43560622320219,-9.695356142542106,0.15926333121032207,0.11821763710659,-0.8690050151102751,0.4533101204715339,-6.673685780077142,-38.9973012918185,0.3963237761554708,147,24.623011757074835,-30.065044326484117,0.9132362998225014
1789320986.060316,LIDAR_ONLY,21.547792001441962,-24.455461335265316,-9.707048346317757,0.1592416297330603,0.1180998633714048,-0.8689874104956846,0.4533821853928744,-6.698869033437508,-38.99924807738948,0.39687643243214543,146,24.612082583855784,-30.078136340043343,0.9120839933238399
1789320986.1703525,LIDAR_ONLY,21.539642194061933,-24.469540798433425,-9.711905024831683,0.1592540768178206,0.11849662617892584,-0.8689312322361974,0.45338196065304504,-6.723299754138351,-39.00113772839062,0.39741163363646165,146,24.594354238965252,-30.101504034199934,0.911691944296704
1789320986.2849305,LIDAR_ONLY,21.532906269262252,-24.48260528254671,-9.71371365295449,0.15947379051161664,0.11920104166673855,-0.8687320611353779,0.4535017395345905,-6.749441940581115,-39.003163694965636,0.3979843487485699,145,24.583668354475154,-30.118112225076263,0.9110802764669578
1789320986.3909693,LIDAR_ONLY,21.512468483138456,-24.50834866744061,-9.726260053440893,0.15940148093790424,0.11944477513488498,-0.8689275206486744,0.4530883770602899,-6.7730681781499325,-39.004993247158325,0.39850585235025493,148,24.574094795669314,-30.12949108763014,0.9112572061374099
1789320986.5035625,LIDAR_ONLY,21.500079650302112,-24.52573220460917,-9.737362495280859,0.15941824312068403,0.1193614695325705,-0.8691073873221873,0.4527593319340211,-6.798960534478236,-39.00701292117379,0.39907765406433104,149,24.559195289975076,-30.15510038855832,0.9106070964421114
1789320986.6116216,LIDAR_ONLY,21.492977309568165,-24.54018471644363,-9.744882685118087,0.15955110060204072,0.11934339617514667,-0.8690194025239575,0.45288616464070025,-6.822868425147316,-39.00885529942853,0.39960362901164537,147,24.54460821042011,-30.17558328380128,0.9099842353338574
1789320986.7741709,LIDAR_ONLY,21.485578895525876,-24.551908659873487,-9.749385460755349,0.1596925535462756,0.11970150095927862,-0.8688903621700987,0.45298937905637543,-6.859733509434557,-39.011696796158674,0.4004190929803989,149,24.521709647025684,-30.213440612716347,0.9090837449767174
1789320986.8434913,LIDAR_ONLY,21.472892797384933,-24.57078986368051,-9.757810953943792,0.15976528362526835,0.11997821484142877,-0.8689201621869299,0.4528333400453647,-6.873697784356716,-39.012756818166785,0.4007253038817013,145,24.521709647025684,-30.213440612716347,0.9090837449767174
1789320986.960725,LIDAR_ONLY,21.457868106566853,-24.592527107422455,-9.766423153720552,0.15976535077165074,0.12034427454620297,-0.8688385763436696,0.45289272077818293,-6.89837359318112,-39.014651783594545,0.40126541782728564,147,24.508899321541396,-30.232358223817485,0.9093220787647406
1789320987.1260462,LIDAR_ONLY,21.448208240885386,-24.60788422424408,-9.7752776895964,0.15987645108455847,0.12038834280358915,-0.8688393581817788,0.452840299642034,-6.934974832964706,-39.01747180791504,0.4020729091535682,148,24.492694328118823,-30.25122444972532,0.9096974198531363
1789320987.1922805,LIDAR_ONLY,21.442647247622347,-24.61965209708438,-9.780420477160614,0.15985708989417327,0.12055127128311866,-0.868724504318012,0.4530241024493231,-6.948173169183424,-39.01848896668521,0.40236393187397307,146,24.48548235786613,-30.262287625304932,0.9096595845690751
1789320987.3094113,LIDAR_ONLY,21.4355820070653,-24.632558843363228,-9.787028455559525,0.15998960825800373,0.12069772643062375,-0.8686828432298836,0.453018213719906,-6.97333363762094,-39.02042786586804,0.40291811332311256,146,24.47879468175404,-30.27986281013989,0.9103227504027455
1789320987.4775403,LIDAR_ONLY,21.42575975237906,-24.650743774636975,-9.798078883259384,0.1600326400279437,0.12053862275466795,-0.8684929983940775,0.4534092040205619,-7.012452375734312,-39.02344236386256,0.40377911432995406,144,24.458031650020956,-30.32042675360412,0.9101842947382415
1789320987.5354838,LIDAR_ONLY,21.415147745490014,-24.66776964377434,-9.806486472095019,0.16012070822455107,0.12068181597425855,-0.8685000037321847,0.45332659486072346,-7.023914736947978,-39.02432568808069,0.40403137002073375,144,24.458031650020956,-30.32042675360412,0.9101842947382415
1789320987.6459448,LIDAR_ONLY,21.396783908115744,-24.69178569365094,-9.819743428032393,0.15998299740343347,0.12064098157299559,-0.8686143067411707,0.45316705554516273,-7.047338999487293,-39.02613084532018,0.40454684166645033,146,24.446502397386634,-30.33646519660403,0.9105672721566618
1789320987.7857418,LIDAR_ONLY,21.38588349389913,-24.708841838461044,-9.830480160422338,0.15998288796037988,0.12051261252439081,-0.8686275844299861,0.45317579960731563,-7.077244651153103,-39.02843549824232,0.4052048915158873,145,24.433800312081125,-30.358470769623768,0.9102035812959652
1789320987.882001,LIDAR_ONLY,21.36891604230871,-24.731499474834546,-9.843078984553948,0.1600357807545564,0.12060216345468462,-0.8687190691750537,0.4529578853491319,-7.0974325498877855,-39.02999126704458,0.4056490820573149,145,24.42051766029948,-30.373331045322487,0.9098411418664172
1789320987.9928422,LIDAR_ONLY,21.358459262346802,-24.749322391402803,-9.850550405308955,0.16008933799558783,0.1208644579574638,-0.8685959551538696,0.4531051239537246,-7.122607052119085,-39.03193136396187,0.4062029336202853,147,24.40670983211118,-30.390394700996634,0.9094295536430284
1789320988.1325452,LIDAR_ONLY,21.35308787477992,-24.760920125450067,-9.854932163614137,0.16027268953235352,0.1212891207348828,-0.8684285369054202,0.4532477142465654,-7.151523078246399,-39.034159558938896,0.4068389898117457,146,24.388183469901136,-30.40629814333732,0.9082225945684452
1789320988.2284553,LIDAR_ONLY,21.347264447329582,-24.77432374115559,-9.86231035900183,0.16033242160442615,0.12121228911435672,-0.868310831732922,0.45347259569393983,-7.172215232039099,-39.03575344611058,0.4072940497749039,146,24.37864626919144,-30.422488109830752,0.9086236426380635
1789320988.3441846,LIDAR_ONLY,21.34580996059959,-24.78069936307268,-9.864309532297955,0.16060324840412063,0.12158962076785039,-0.8680283801482356,0.45381636372083917,-7.198146513426104,-39.03775048192151,0.4078640013540904,145,24.36835553526105,-30.437853321879643,0.9081587993857771
1789320988.4590123,LIDAR_ONLY,21.340268476484983,-24.79336021489297,-9.869716701966487,0.16074283915366938,0.12178875949832088,-0.8678710231883869,0.45401445442917365,-7.222580852504576,-39.0396324701796,0.40840008853723303,142,24.358209364144876,-30.458184728032773,0.9080464676466711
1789320988.571586,LIDAR_ONLY,21.328555649742633,-24.810127105997264,-9.878680664496734,0.16078566020583634,0.12188956176439379,-0.8679294997469784,0.45386042972924767,-7.2472541306682,-39.04153468223714,0.4089403373443081,141,24.349896458576215,-30.479462648120077,0.9083613824425555
1789320988.6874063,LIDAR_ONLY,21.323923367959026,-24.82210829366426,-9.882646277314203,0.16100067051436548,0.12224179362893528,-0.8677789237572011,0.45397738651512076,-7.272145380919596,-39.04345502478176,0.40948622200012896,141,24.3440067257704,-30.496483134716826,0.9078906456483595
1789320988.799387,LIDAR_ONLY,21.30877957829977,-24.84503177051488,-9.894082785978389,0.1609647492138787,0.12233761400503455,-0.8677802728271425,0.45396173385222494,-7.296525623379137,-39.04533636191577,0.41002464523211046,140,24.329917123028363,-30.5159309336773,0.9085210425737705
1789320988.9201117,LIDAR_ONLY,21.300721234889643,-24.85843884442129,-9.898537987404262,0.1610174212587006,0.1227204352602645,-0.8676352320034671,0.4541169331868383,-7.321929856573597,-39.04730894493401,0.4105846472732437,141,24.31173341825472,-30.540839131237018,0.9090088835591776
1789320989.126161,LIDAR_ONLY,21.290043798749682,-24.876500788588665,-9.907751211277278,0.16103301926446803,0.12282875625348433,-0.867605052774359,0.4541397755583556,-7.367254461777919,-39.05079001585216,0.4115855258324284,138,24.294004602580497,-30.57636631017713,0.9088267577104666
1789320989.179254,LIDAR_ONLY,21.27826322865383,-24.89345246262837,-9.92031127280495,0.16089823648293483,0.1224585516779347,-0.8677650071882093,0.45398188611140805,-7.378972485299536,-39.05168904773088,0.4118431510910949,138,24.294004602580497,-30.57636631017713,0.9088267577104666
1789320989.264609,LIDAR_ONLY,21.265942142468184,-24.912845735652514,-9.9312611652881,0.16092500923549857,0.122392660288355,-0.867809435345798,0.45390523464144095,-7.397422876838108,-39.05309144225281,0.4122469438055209,139,24.28359683609995,-30.591971597218933,0.9081764934649176
1789320989.429095,LIDAR_ONLY,21.26223569566501,-24.922350131778774,-9.937025807836363,0.16101603521909397,0.12240224029284491,-0.8677323748829234,0.45401767978092855,-7.434289595578278,-39.05592239949093,0.4130575920871906,138,24.27435793163712,-30.60840702708855,0.9084351041898648
1789320989.4942095,LIDAR_ONLY,21.251226512076617,-24.940587824493214,-9.948149094900792,0.1610380923156841,0.12229620954754332,-0.8677776774835292,0.4539518393121903,-7.446490385133575,-39.05685974411685,0.41332676991610345,135,24.2587547946567,-30.626392964264678,0.9081805859054369
1789320989.6323864,LIDAR_ONLY,21.240212118734593,-24.956382156209987,-9.955792552277536,0.16113669232019381,0.12252962777812482,-0.8677845832239545,0.4538406921194805,-7.472141955501522,-39.0588307080447,0.41389201945316795,138,24.249597375795688,-30.643423664699647,0.9071214971055727
1789320989.7823946,LIDAR_ONLY,21.23770350089985,-24.96889765429242,-9.957645066547128,0.1612711047257999,0.12301026210760636,-0.8674794137229493,0.45424615899710846,-7.503783610703011,-39.06126187706899,0.41458854802748746,141,24.243835272713323,-30.6571347668132,0.9071331821389581
1789320989.8944051,LIDAR_ONLY,21.22582009156965,-24.984572795964997,-9.966858845097416,0.1613945512943688,0.12312578088637127,-0.8675281514135819,0.4540779089523559,-7.524464950694899,-39.062850930126196,0.41504361028542447,138,24.22922361141703,-30.67048159392606,0.9073010052264502
1789320990.0241666,LIDAR_ONLY,21.20951403611984,-25.007132971146532,-9.976466459453997,0.16143952619362695,0.1235125055034373,-0.8674722902833132,0.45406361443884036,-7.54988236962157,-39.064803910988644,0.4156028247083556,138,24.221317670776216,-30.690219576832877,0.907251712846497
1789320990.2135246,LIDAR_ONLY,21.200218995707377,-25.021410885881917,-9.986276466965238,0.16128989998269258,0.12326926335011708,-0.8675163713572694,0.4540986702290692,-7.587015210184881,-39.06765708898776,0.4164197158475227,139,24.208712632784156,-30.705195116898803,0.9072712457628629
1789320990.284255,LIDAR_ONLY,21.191494192279244,-25.037195363895773,-9.994656239726707,0.16130179273066142,0.12332435465294915,-0.8674072113356094,0.4542879757755973,-7.6007230216949795,-39.068710361381775,0.41672125754014877,139,24.19751221952969,-30.727028756290554,0.907409700455872
1789320990.3994803,LIDAR_ONLY,21.177831542373944,-25.05445007914748,-10.008573166919318,0.16119184207019951,0.12283924026596897,-0.8676547397647792,0.45398564257541085,-7.622906008471249,-39.07041483482769,0.4172091990467002,135,24.18818302788436,-30.748579545266306,0.9072680167006505
1789320990.556548,LIDAR_ONLY,21.170907576048993,-25.068262265297015,-10.018060303403518,0.1611689300295824,0.12259846160856963,-0.867676601474633,0.45401707947803316,-7.6538153998967235,-39.072789823214265,0.4178890127814989,132,24.175587450015623,-30.76789268084292,0.9072198772829703
1789320990.6605115,LIDAR_ONLY,21.160879472077422,-25.084166145033098,-10.028943367598346,0.16111531215447064,0.12235261917493381,-0.8677031428934262,0.4540517025441834,-7.673758702100767,-39.07432180601574,0.41832756141738164,129,24.16790653682489,-30.784481571435364,0.9075238201050168
1789320990.7850575,LIDAR_ONLY,21.152263664127293,-25.096756258616594,-10.040404581760846,0.16111544203638367,0.12183941952285705,-0.8678818200159749,0.4538481207116681,-7.697942223157503,-39.0761791374338,0.41885919366792,130,24.15781162980789,-30.799124628997525,0.9066732353401197
1789320990.9483905,LIDAR_ONLY,21.144759272341584,-25.113225034544165,-10.049887718396713,0.1610910365425676,0.12168337976453475,-0.8677377525747022,0.4541740038700213,-7.730356790183594,-39.07866846962197,0.419571091542986,130,24.14622840880701,-30.81685805680184,0.9067250141070744
1789320991.0625415,LIDAR_ONLY,21.140858194969084,-25.120957174466593,-10.054620529624788,0.1612963099772938,0.12184601122838722,-0.8677118060814585,0.4541071145911435,-7.7512982302874525,-39.08027696672724,0.4200300736458089,127,24.131371140492444,-30.832908355032053,0.9067321115332637
1789320991.1752493,LIDAR_ONLY,21.123854708302204,-25.145297885537033,-10.070517675167425,0.16111378145036961,0.1215230562233738,-0.8678660292812485,0.45396371160313315,-7.773223338058006,-39.08196428484357,0.4205102458612102,128,24.12678090161329,-30.849884119443175,0.906934875925998
1789320991.3264134,LIDAR_ONLY,21.11228876064384,-25.160696297038285,-10.077868972828853,0.16135663609154666,0.12189691229321054,-0.8678095381652258,0.4538852104134471,-7.802587730395772,-39.08422148018563,0.4211562415319531,146,24.11633733468366,-30.86528432060021,0.9063833751524919
1789320991.4397573,LIDAR_ONLY,21.091696953960707,-25.18938942608003,-10.09197976774768,0.16129433142830935,0.12210823982534086,-0.8679364132058315,0.45360786925189905,-7.825243751043992,-39.08597195825167,0.42165640631871676,140,24.10567506393925,-30.883633200171797,0.9061787405549038
1789320991.5568705,LIDAR_ONLY,21.088193727765383,-25.201290977023096,-10.09649594531604,0.16136499857119146,0.12233224901152656,-0.8677376179529962,0.45390261563154854,-7.845913671504883,-39.08756049763802,0.42211070748265095,141,24.08974693214336,-30.905240639007967,0.9050864454274882
1789320991.7144792,LIDAR_ONLY,21.07893922695656,-25.214834827102234,-10.1055800783532,0.16148542319680384,0.12232161663091881,-0.867758394548186,0.45382292680174546,-7.882770368148508,-39.09038574488088,0.42292504264462105,137,24.078503051056035,-30.928041603170914,0.9053103285436228
1789320991.7833745,LIDAR_ONLY,21.07155325611028,-25.22806202476675,-10.114423724292037,0.16158611144497093,0.12221041706216808,-0.8677908750738568,0.45375493351382357,-7.89573366723563,-39.09137798700121,0.4232101820654282,136,24.068524497746527,-30.942677747014514,0.9057910322612184
1789320991.9555893,LIDAR_ONLY,21.070512241563282,-25.236650517752906,-10.119121726109796,0.16167933588374345,0.12221114072193956,-0.8676200327467807,0.4540481342414142,-7.934866831898597,-39.094363852883816,0.4240677208534679,138,24.03937700925138,-30.97315843879861,0.9048802837126356
1789320992.0112646,LIDAR_ONLY,21.05263454916148,-25.260827627608396,-10.134114319751056,0.16160751808037357,0.12208323340367211,-0.8677726135389262,0.4538164666618298,-7.945326395696905,-39.09516523101257,0.42429818757407767,138,24.03937700925138,-30.97315843879861,0.9048802837126356
1789320992.1282053,LIDAR_ONLY,21.036042050677032,-25.28151177405737,-10.149282286823395,0.16151427299971113,0.12174186231010359,-0.8680085791596783,0.45348998344377894,-7.969979714035883,-39.0970547449165,0.4248418167932824,135,24.02518475941537,-30.996504080055324,0.9047666493845047
1789320992.2808855,LIDAR_ONLY,21.01737377143298,-25.307326911740656,-10.164270159918852,0.16123713714555635,0.12153117939564001,-0.8682878860860345,0.4531102569089067,-8.005602842312895,-39.099785141529814,0.4256262069721866,141,24.008961252119295,-31.016230143628512,0.9051181895491865
1789320992.3606918,LIDAR_ONLY,21.015099320411544,-25.315982611324266,-10.16794470450674,0.16146065708531104,0.12180165785831124,-0.8681331723809499,0.45325446205011,-8.020303070837565,-39.100911847612394,0.425949629158059,141,23.996144379198658,-31.03220747635698,0.9040896362554305
1789320992.4696367,LIDAR_ONLY,20.991504050121975,-25.343924643010148,-10.185616934487904,0.16123222198027407,0.12152027840449392,-0.8683737951818512,0.45295026699767643,-8.044472621871869,-39.10276439141441,0.4264813265172384,138,23.979860311895745,-31.05225829880093,0.904094708639737
1789320992.5954998,LIDAR_ONLY,20.972739525518755,-25.371560706179427,-10.199058740923242,0.1612333865676438,0.12169782278360769,-0.8684088772574047,0.4528349112935004,-8.071634216128697,-39.10484629655742,0.4270787777178771,134,23.97289608787427,-31.069620229149876,0.9038842265222347
1789320992.7048032,LIDAR_ONLY,20.962589540076817,-25.386751713607303,-10.203909285452902,0.16134200483839695,0.12214577714284121,-0.8683732612462122,0.4527439074725533,-8.095059650147972,-39.1066418427841,0.4275940101746486,138,23.955151934767112,-31.087136358887538,0.9032232828703795
1789320992.8178053,LIDAR_ONLY,20.945999165258335,-25.408663723902478,-10.21742272533576,0.16114556224179807,0.12191684371932954,-0.8685070146402314,0.45261899706928405,-8.119982089112954,-39.10855214176156,0.4281421378601217,138,23.944179113921532,-31.106444110703627,0.9030491816856989
1789320992.9308212,LIDAR_ONLY,20.94081884743102,-25.420172686494524,-10.222191847275283,0.1612907169584347,0.12209905827079748,-0.8683643919850317,0.45279179246634405,-8.144906504585412,-39.11046259688226,0.4286902765172258,138,23.93690195795879,-31.120057279073073,0.902260068525553
1789320993.0584514,LIDAR_ONLY,20.922897581600992,-25.443999147759854,-10.238082685743269,0.16102125317171384,0.12171092796293749,-0.8684792854912429,0.4527718373684828,-8.17182737882907,-39.112526104194295,0.42928225996217034,135,23.926872034307504,-31.132222474498292,0.9022912742916637
1789320993.1658876,LIDAR_ONLY,20.908491479566116,-25.46350927815815,-10.25277277078942,0.16080460367787075,0.12120688432436423,-0.8687090435123836,0.45254322262981994,-8.194762057945772,-39.114284139373986,0.42978646779327145,136,23.91797270959848,-31.146515111836955,0.9013993904869142
1789320993.2842965,LIDAR_ONLY,20.901227535458624,-25.480489142933404,-10.26267940300574,0.16077208629662987,0.12102674401201134,-0.8685543598113838,0.4528997544206858,-8.219194921209207,-39.11615672778201,0.430323469697476,133,23.90870426788672,-31.16258872875687,0.9013345379704536
1789320993.3979933,LIDAR_ONLY,20.89494571908972,-25.49269019737875,-10.271188980080135,0.16071071663109568,0.12076352021267768,-0.868560425572567,0.4529801594716519,-8.243630983602264,-39.118028566659675,0.4308601867238324,133,23.89468676162649,-31.177259738366217,0.9009623828420426
1789320993.519858,LIDAR_ONLY,20.885676344141483,-25.506044609554614,-10.278938553299223,0.1607659353235727,0.12081986143167578,-0.8685816975928325,0.4529047468617663,-8.269060961283271,-39.11997708744148,0.43141773175954745,130,23.88576270260993,-31.19054101323348,0.9006733407042132
1789320993.6326346,LIDAR_ONLY,20.870093331461412,-25.525014052311224,-10.293336286496604,0.16054389306229777,0.1203637317701455,-0.8687622772319745,0.45275858482582065,-8.294472406277025,-39.12192857279906,0.4319743588421913,127,23.872891479838078,-31.203926105248147,0.8996315178783679
1789320993.745791,LIDAR_ONLY,20.86073528794908,-25.538461500473343,-10.301311344918535,0.1605403847812141,0.12039856259429446,-0.8687621555495693,0.4527508012852034,-8.318612510811345,-39.12377845675582,0.43250553242740947,125,23.868043159012153,-31.214476998782345,0.9001787808289612
1789320993.8664138,LIDAR_ONLY,20.850330975102654,-25.55537663600811,-10.314125573973362,0.1605622320659913,0.120009139178819,-0.868849447684606,0.4526789297125512,-8.344259702589733,-39.12575411848843,0.43307129188511967,122,23.860561959937154,-31.229275711679072,0.9004260503152847
1789320993.9819472,LIDAR_ONLY,20.82938180720102,-25.582887725737013,-10.329177671845262,0.16043217157114553,0.12004138926485187,-0.8688357805874235,0.45274271894683565,-8.368417516605712,-39.1276045413868,0.43360237797796797,119,23.84330744050962,-31.256458319572683,0.9002521025645421
1789320994.09796,LIDAR_ONLY,20.820837341485994,-25.598762414626577,-10.336942636881423,0.16046403125145497,0.12010817404335809,-0.8688245515494883,0.45273526461645675,-8.393319352311936,-39.12950964746052,0.4341524909435562,118,23.829874393744344,-31.278260045631175,0.9005606569919071
1789320994.2129374,LIDAR_ONLY,20.805768854293223,-25.62023618212451,-10.350701184759018,0.16033399358664038,0.11979498744596148,-0.8690305738987041,0.45246882004473016,-8.416998094856464,-39.13131681954782,0.43467341326101316,115,23.825226602636867,-31.287714421989502,0.9012036990000961
1789320994.3282537,LIDAR_ONLY,20.790828833325342,-25.642414714316157,-10.362510392118109,0.16021160318923483,0.11979257507124005,-0.8690073296842904,0.4525574462058002,-8.444166851386116,-39.133387237413366,0.4352685102509499,111,23.814100975670613,-31.304954937546853,0.9005761823188702
1789320994.4695914,LIDAR_ONLY,20.78496112967913,-25.64984022100983,-10.366784995731178,0.16029860195267023,0.11989330679869964,-0.8690746536763906,0.4523706439791977,-8.47455014230131,-39.135710757131086,0.43593771191701164,112,23.80524417861941,-31.320289398837843,0.9007271901383681
1789320994.5514388,LIDAR_ONLY,20.771420061297725,-25.67301154703014,-10.378457273898437,0.16024583826339706,0.11988818764954359,-0.8689966043320929,0.45254060087539216,-8.492978649910437,-39.137120502790054,0.43634380276662144,109,23.798155684778564,-31.330263401304386,0.9013139230044007
1789320994.6683512,LIDAR_ONLY,20.757874533614523,-25.693817128182285,-10.39093397431377,0.16007020409893177,0.11974383160609059,-0.8690764930743455,0.45248756197006745,-8.518140066857594,-39.139045232972485,0.43689764750970417,108,23.789001460478307,-31.34361121172898,0.9007431725626291
1789320994.7887826,LIDAR_ONLY,20.750415670721633,-25.70417925948472,-10.39801626390903,0.16009978421215595,0.11972145605527648,-0.8690826561112215,0.45247118018929133,-8.543803781160612,-39.14100835940771,0.4374621774066144,132,23.777796806153066,-31.362942433030277,0.9009768143563749
1789320994.888968,LIDAR_ONLY,20.741326095593344,-25.72065063528005,-10.406275321865376,0.16009618570224787,0.11972254776080767,-0.8689942056312226,0.45264201468778076,-8.567226802218082,-39.14280013923214,0.4379773413253394,132,23.769214304578668,-31.376385701954963,0.9015895687449517
1789320994.9937959,LIDAR_ONLY,20.725480034243233,-25.742673673311415,-10.418771706250062,0.1599752722317567,0.11966387307105837,-0.8690620408782778,0.4525700375195993,-8.591897509091798,-39.14468738175038,0.4385198986678642,118,23.761241529002707,-31.398616482010837,0.9022147995531703
1789320995.1105535,LIDAR_ONLY,20.723141084111262,-25.752250664695943,-10.423731962285654,0.1600919712545007,0.11973998743896942,-0.868952254907867,0.4527194217597662,-8.617317686541186,-39.14663196827936,0.43907890239486547,116,23.747916088379732,-31.421578964282233,0.902810724552929
1789320995.2166476,LIDAR_ONLY,20.71505741360634,-25.768431126148325,-10.432797271507992,0.1599794254804001,0.11961505973707866,-0.8689396540777083,0.4528164070331032,-8.641992020048846,-39.1485194894859,0.43962145742133063,124,23.738173149932383,-31.439237786474607,0.9030138456378688
1789320995.325221,LIDAR_ONLY,20.70672281255261,-25.78184208134083,-10.44202150600218,0.16003761201449218,0.1194675967573878,-0.8690009483276371,0.4527171389194146,-8.666418914182842,-39.150388081402674,0.4401585360050076,119,23.729664057347396,-31.458343939917004,0.9030850530601696
1789320995.4401214,LIDAR_ONLY,20.69413369283451,-25.800424846573364,-10.450236316583378,0.1601263689667233,0.11972596894509249,-0.8689616161030893,0.45269299537456825,-8.692094268529706,-39.1523521832444,0.4407230185200812,119,23.716466330432425,-31.475894181441834,0.9025852159232208
1789320995.5571585,LIDAR_ONLY,20.68942912827489,-25.81637118291425,-10.456622109461712,0.1601250380719782,0.11981149086389489,-0.8686827132053854,0.4532058280930956,-8.717024087938702,-39.15425935311467,0.44127098064100717,124,23.70544846653761,-31.496387664623683,0.9027695447629396
1789320995.669707,LIDAR_ONLY,20.67871354392476,-25.829764059045562,-10.462605403799385,0.16035009573967618,0.12011887935539596,-0.8687704163681546,0.45287665568252017,-8.741707146092391,-39.15614699619707,0.4418133475777663,120,23.685767471636307,-31.514087422485296,0.9015999774456535
1789320995.7848587,LIDAR_ONLY,20.65688022255306,-25.86340252877036,-10.478519587101083,0.16032812447080913,0.12019259468069417,-0.8687377388599168,0.4529275590733624,-8.767888535991778,-39.15814892261928,0.44238811880294554,116,23.673449646510193,-31.529781227522662,0.9018781772893792
1789320995.895682,LIDAR_ONLY,20.647093624702492,-25.879044233072086,-10.487698655786538,0.16017756433804645,0.12012148861869172,-0.8687080944324388,0.45305653347272407,-8.792069876218193,-39.159998539287024,0.44291811685371435,130,23.64809069733213,-31.557643078348963,0.9011861985324516
1789320996.0186176,LIDAR_ONLY,20.634293326572557,-25.89809054944167,-10.496838459410775,0.16028711359961903,0.12024390888769537,-0.8687314143905494,0.45294058466901177,-8.819716128006162,-39.162116193574796,0.4435240495581344,114,23.63367570740665,-31.573149525406507,0.8998733319569194
1789320996.1152728,LIDAR_ONLY,20.629867304516157,-25.911742691434842,-10.502731461203993,0.16035691270205707,0.1203560012887058,-0.8686346108735548,0.4530717451960627,-8.841118366065363,-39.16375388159009,0.4439956943470351,113,23.618854073856653,-31.593493557252675,0.8995281273066149
1789320996.2315476,LIDAR_ONLY,20.622651388126865,-25.923526279048726,-10.508103741873137,0.1604421535998472,0.12053112353890161,-0.8686513130285811,0.45296297859804746,-8.86726964863149,-39.16576297667454,0.4445717009165844,116,23.604496241816147,-31.61450872994675,0.8990795105434353
1789320996.3528583,LIDAR_ONLY,20.61829456649905,-25.93394554253595,-10.516338351289615,0.1603572817660714,0.12021493695802708,-0.868674754178764,0.45303209882881185,-8.893915032464877,-39.16779837192865,0.4451580434640043,111,23.59042618755866,-31.630145260228247,0.8983114095490671
1789320996.446762,LIDAR_ONLY,20.611106531225857,-25.94719595425518,-10.522888468660634,0.16025741137936125,0.12023008338409034,-0.868658858930875,0.45309389308216375,-8.916575692813518,-39.16952728323256,0.4456590894535431,115,23.581185881154134,-31.649449247555133,0.898644083281634
1789320996.5599098,LIDAR_ONLY,20.605584016136355,-25.95630337473903,-10.527437508851843,0.1603609282122128,0.1203544878633812,-0.8686676180786611,0.4530074384109011,-8.941009437228866,-39.171385131423214,0.4461950621985641,122,23.566022453081544,-31.66729890045797,0.8983605436805745
1789320996.6713912,LIDAR_ONLY,20.599524752781214,-25.971642402717997,-10.534120535884945,0.16040763531778043,0.12040486983296089,-0.8684867363608275,0.45332421799147715,-8.96593148735667,-39.173286237703984,0.4467412914800253,119,23.55218964643661,-31.685500993665926,0.8977204927061423
1789320996.7930384,LIDAR_ONLY,20.59025625813326,-25.986819589863767,-10.541508672932604,0.16046795793059113,0.12050812816077629,-0.8685162101064277,0.45321895184021127,-8.993825506417167,-39.17541568000452,0.4473557330474136,113,23.538917565233316,-31.70130451311257,0.8972073656437173
1789320996.8988013,LIDAR_ONLY,20.586287684093737,-25.997141154523927,-10.545912519202961,0.16061738600776249,0.12068068243586676,-0.8685077234177648,0.45313636199552376,-9.016490939968266,-39.17714643201908,0.44785505301685535,109,23.527821668308533,-31.72041256024035,0.8975591802342862
1789320997.0069358,LIDAR_ONLY,20.577199461317498,-26.012727432250358,-10.55407031324783,0.16066404795369232,0.12072017973025584,-0.8684444581323761,0.4532305429251122,-9.040408887138186,-39.178972795953165,0.4483812667274508,119,23.521034317648425,-31.738212774535032,0.8975058902237952
1789320997.1195598,LIDAR_ONLY,20.563768533996182,-26.03191329794562,-10.564159589270094,0.16076164119117364,0.12083101917766341,-0.8684666383379556,0.45312388771723155,-9.065076025437396,-39.180856390996034,0.4489237712890642,110,23.506269804685722,-31.7596578018912,0.8971974772177223
1789320997.2288117,LIDAR_ONLY,20.557723702370897,-26.046684586984952,-10.569236427279378,0.160917697408736,0.12104585732819421,-0.8682808184963957,0.45336719699993977,-9.090492508567392,-39.1827972390882,0.4494826812264291,115,23.491915125495506,-31.77857191843271,0.8966738423622408
1789320997.3389492,LIDAR_ONLY,20.546948136544465,-26.061804114620074,-10.576992246899044,0.16103093543698527,0.12116326027221146,-0.868310932018269,0.45323793699343273,-9.115412388617884,-39.18470018259042,0.4500306248348119,102,23.483781340107477,-31.797802467771874,0.8966914804336694
1789320997.4467838,LIDAR_ONLY,20.5423745358097,-26.071801672774942,-10.582468480833333,0.16097949034755424,0.12115061332896288,-0.8683346699774213,0.4532141144014171,-9.14058324769169,-39.18662230169993,0.4505840542533477,123,23.466809303465034,-31.819449531616264,0.896554096032935
1789320997.5630476,LIDAR_ONLY,20.528358737690628,-26.09114897316139,-10.593531199968464,0.1608537877585214,0.12111947723136363,-0.868391156457828,0.45315883593368655,-9.165257504584563,-39.18850650467961,0.4511265363496731,123,23.45192087082883,-31.83607778461304,0.8958562119839397
1789320997.6768115,LIDAR_ONLY,20.532076470606555,-26.094295140972765,-10.595861897875027,0.160845468784321,0.12104829634104819,-0.8682375746296797,0.453474981807876,-9.19093083039931,-39.190467003289115,0.45169094926678216,116,23.43351030441801,-31.856209971591092,0.8944628917038302
1789320997.7833228,LIDAR_ONLY,20.52940334453887,-26.10229542261881,-10.600010672607498,0.16089330344097935,0.12109328942036951,-0.8682060333718907,0.45350638780710806,-9.214861574339022,-39.192294439037575,0.4522169883568418,113,23.41704448354515,-31.876876296814608,0.8939285512374434
1789320997.8957949,LIDAR_ONLY,20.51900397501127,-26.117781169622695,-10.609449101405927,0.160759126292137,0.12100448832827009,-0.8683070286277578,0.45338429742750974,-9.240539605258533,-39.19425540210441,0.4527812801380513,110,23.396260487126398,-31.90077590024305,0.8937188365077462
1789320998.007279,LIDAR_ONLY,20.514616136184287,-26.13051127234227,-10.61600665143022,0.16064683628819346,0.12095254250343959,-0.868304770622705,0.4534422805235522,-9.264973659822278,-39.19612134214462,0.4533180435068844,115,23.386738526728873,-31.918397988338924,0.8934506415787438
1789320998.1220849,LIDAR_ONLY,20.51599602970843,-26.14073648036983,-10.62096880185326,0.16068384398835273,0.12094012940381697,-0.8681815418557267,0.4536683786224557,-9.290406990236512,-39.198062678894146,0.45387619781635785,115,23.372655654746715,-31.936096686778605,0.8937642991487017
1789320998.2251747,LIDAR_ONLY,20.51275118244758,-26.151776087675252,-10.629524963319144,0.16058695234826892,0.12064739294696895,-0.8682646889759099,0.45362150212281704,-9.31458621299519,-39.19990973719537,0.4544059409684732,111,23.35985058571897,-31.952457989194148,0.8927329510730361
1789320998.3367016,LIDAR_ONLY,20.502434626248903,-26.159273138660684,-10.634682645181742,0.16056271007922993,0.12075721749841567,-0.8683990136594743,0.45334364849339837,-9.339489561418727,-39.20181353785117,0.4549521028899603,108,23.342214639318804,-31.969355554792653,0.8917958016547932
1789320998.4454415,LIDAR_ONLY,20.497162876738123,-26.179219069775055,-10.644646204332764,0.16056282565473812,0.12072623498844662,-0.8684218411424021,0.45330813033754574,-9.364628692721771,-39.20373440282622,0.4555062469090295,106,23.335425233145948,-31.980693982475255,0.8918012691339979
1789320998.5504694,LIDAR_ONLY,20.497949681194374,-26.194445160037823,-10.648771058163925,0.160710912904414,0.12092610821002321,-0.8682160879322733,0.45359641034975856,-9.389289081926648,-39.20562432234967,0.4560487004680771,114,23.3222419284754,-32.00277914085705,0.8917001873443829
1789320998.6598752,LIDAR_ONLY,20.493910664436516,-26.211421523697283,-10.65938136265366,0.16064542019183647,0.12067098398112432,-0.8682171995717071,0.4536854163010733,-9.414689268746539,-39.20756155320207,0.4566082582723438,108,23.310937664434274,-32.02052217873529,0.8919995170796408
1789320998.7694016,LIDAR_ONLY,20.506417928445458,-26.2397799735979,-10.670776751991598,0.16056800012177985,0.12037137607124303,-0.8678283762259846,0.4545355415988702,-9.438848352478539,-39.20940133236876,0.4571419099520285,121,23.303703359623626,-32.03201672429584,0.8914040611027579
1789320998.8864663,LIDAR_ONLY,20.512614594825923,-26.258325946577674,-10.678058216695783,0.16086348886601057,0.12017507518179267,-0.8676896707705173,0.4547477591952012,-9.465279164595309,-39.211410594176094,0.45772044039703164,106,23.295989103470486,-32.04736234274334,0.8915046036838199
1789320998.9966261,LIDAR_ONLY,20.52666861785945,-26.27640284606393,-10.68546639635616,0.16101522943304863,0.11986127795051013,-0.867477054941343,0.4551823031368725,-9.489196336983854,-39.2132334626216,0.4582456550363953,100,23.28183496767056,-32.07298344690556,0.8919199164433109
1789320999.110853,LIDAR_ONLY,20.540869336167436,-26.296946608135276,-10.693274397618538,0.16116655638957708,0.11967228267363672,-0.8672058063969345,0.455695046289346,-9.51409960330171,-39.215131899075544,0.45879431976880514,105,23.263151445551344,-32.09422800939968,0.8914016150131359
1789320999.2154386,LIDAR_ONLY,20.54439787983901,-26.323931665357016,-10.704909580161553,0.1611496813350236,0.11958284647893616,-0.8668871627744996,0.4563303299698517,-9.539008004318887,-39.21703115549913,0.45934274686702675,101,23.249113186363356,-32.111840225557884,0.8907944482793727
1789320999.3272338,LIDAR_ONLY,20.57718599643444,-26.33469610025539,-10.705007354857107,0.16152411664471605,0.11944949852057068,-0.8662298270756159,0.4574796866855152,-9.564421757015719,-39.218968925710705,0.45990170265521163,100,23.24104992123807,-32.1332831144823,0.89132558411833
1789320999.4428198,LIDAR_ONLY,20.591626808403664,-26.357441194166828,-10.714555225818243,0.16159927778291572,0.11904807424094872,-0.8659592428562578,0.458069666264181,-9.589089929709845,-39.22084987827872,0.4604441322685408,120,23.229005402839615,-32.15050665934891,0.8900471770151082
1789320999.5609126,LIDAR_ONLY,20.607693300548792,-26.37815667864791,-10.721034485385102,0.16178503493084523,0.1189550654035905,-0.8655834253658613,0.45873808280886713,-9.615504379124681,-39.222864011488014,0.461024895262623,116,23.21476339967847,-32.168259016001,0.8900978616955866
1789320999.6658993,LIDAR_ONLY,20.637765961542236,-26.389516617400876,-10.723210898618607,0.16198411908134064,0.11845697295254407,-0.8650231016107025,0.45985228541800527,-9.638431790936865,-39.22461226586837,0.4615289557825264,112,23.200106575048288,-32.18952600132014,0.8902839499209002
1789320999.7797322,LIDAR_ONLY,20.653796959641372,-26.41496867492915,-10.732551032011266,0.1620937948636302,0.11805744202717497,-0.8646930508029629,0.4605366108593022,-9.663853086277228,-39.22655067708609,0.462087800056666,113,23.187718812528498,-32.20290784610308,0.8899576037186007
1789320999.8899784,LIDAR_ONLY,20.674933407170446,-26.435742669201737,-10.739760617854865,0.1622632120665612,0.11763626313021809,-0.8642784943068,0.46136216130646335,-9.68877771778192,-39.228451213970985,0.462635689822658,121,23.179989604470318,-32.226340369461795,0.8909300759079121
1789321000.0060682,LIDAR_ONLY,20.69437908022947,-26.449401760054464,-10.744752599440352,0.16224543362312124,0.11743525331556678,-0.8639567984404862,0.4620216780364524,-9.713953572247027,-39.23037091203921,0.46318906724725684,112,23.16665195309139,-32.24372967713846,0.8913861853137958
1789321000.1221633,LIDAR_ONLY,20.71493430527801,-26.46949853095362,-10.751859468210661,0.1623432715876937,0.11695299423075042,-0.8636433096922521,0.46269524844597126,-9.739879641423341,-39.2323478246093,0.46375887396415544,109,23.15598382896621,-32.26348260003365,0.8908915715550368
1789321000.235399,LIDAR_ONLY,20.736944714841215,-26.493208177658833,-10.757348638844393,0.1627058325597771,0.11675968257144752,-0.8631084529693894,0.4636138339066599,-9.763813579359008,-39.234172963356286,0.4642847299447597,108,23.138200334362725,-32.28786177851682,0.8914532721881822
1789321000.3663487,LIDAR_ONLY,20.756148076864815,-26.52234940247881,-10.767767624466877,0.1628476216928737,0.11624885429365554,-0.8627600264952714,0.4643403844877871,-9.790742194672932,-39.23622578895774,0.46487613194842337,104,23.12485736214043,-32.31018350544918,0.8914766534979209
1789321000.4699743,LIDAR_ONLY,20.773378378871154,-26.546092525811357,-10.776587068941698,0.16288978703504767,0.115861640705543,-0.8624125238756414,0.46506734582761566,-9.813431810469595,-39.23795534020867,0.4653737732379633,105,23.108087364216875,-32.32916685326513,0.8910373021057737
1789321000.5797546,LIDAR_ONLY,20.79700697613983,-26.559164409172688,-10.780099783588637,0.16299213289251122,0.11553782792278844,-0.8620919416683015,0.4657059791806541,-9.838105717103138,-39.2398386559313,0.46591429614817464,104,23.09193677680093,-32.35230311645426,0.8915403403989405
1789321000.6847682,LIDAR_ONLY,20.810919142142364,-26.58457664890394,-10.787961951211173,0.1632772052540001,0.11544981671050841,-0.8617724268665059,0.46621902402043397,-9.862506188499347,-39.241700041988175,0.46645002771514654,114,23.077190518002908,-32.37224788175822,0.8913164390399174
1789321000.8032067,LIDAR_ONLY,20.823097176234352,-26.604118025459574,-10.794510041481301,0.16347290154434505,0.1154104929875531,-0.8615067461749537,0.4666509989961309,-9.887898776421112,-39.243638877972096,0.46700975612501017,100,23.066258222248436,-32.391180395474684,0.892382633193623
1789321000.9161024,LIDAR_ONLY,20.836541882151693,-26.631147371041347,-10.805455180464609,0.16356779302786656,0.11486310495565732,-0.8613422903644189,0.46705620971540013,-9.913553789627208,-39.24559772884212,0.4675734815352039,97,23.050881685685845,-32.4101396490654,0.8920122129795334
1789321001.0336237,LIDAR_ONLY,20.85832242904751,-26.654269741626877,-10.812994470597928,0.16370257146724196,0.11450353758974566,-0.8608915473626799,0.46792750683619455,-9.938454167834026,-39.24749449881052,0.46812285566726153,111,23.043615748242512,-32.423075852888054,0.8917681657746248
1789321001.1401436,LIDAR_ONLY,20.88370023336361,-26.672827713696567,-10.81658295816146,0.16398469214032763,0.11419271956518186,-0.8603792000906868,0.46884611077970945,-9.962124883799737,-39.24929411984441,0.4686446938898096,114,23.029804406321144,-32.445102959621984,0.8921650170828711
1789321001.2569997,LIDAR_ONLY,20.908780892636685,-26.693695409382872,-10.820972061911641,0.1641726082965459,0.11415313591861516,-0.8597666377021477,0.46991248646891576,-9.98805410321029,-39.25126260493474,0.4692120881959528,102,23.022086349580597,-32.45749615001876,0.8914048411075796
1789321001.3782241,LIDAR_ONLY,20.923140379295717,-26.71681928206808,-10.830631164864531,0.1642382301366573,0.11370936685576838,-0.8595764138672672,0.4703449504075995,-10.014708984411216,-39.25329155489445,0.4697980121124531,113,23.00794152886616,-32.4768741204851,0.8908778029483889
1789321001.4919972,LIDAR_ONLY,20.938673330336282,-26.7341527483765,-10.835256922056683,0.16450531363216006,0.11359549022161894,-0.8592711549287456,0.4708366475705927,-10.038369132948047,-39.255093043643384,0.4703192838242343,101,23.000551386810304,-32.49481540256204,0.8910342500613079
1789321001.5910234,LIDAR_ONLY,20.95160776398351,-26.75493460687914,-10.845589960360567,0.1643316949739122,0.113089418562157,-0.8591526954446314,0.4712351041109935,-10.062284894490766,-39.256914073326506,0.4708456242301034,101,22.986085917857928,-32.51412753630803,0.8904646551545061
1789321001.7020328,LIDAR_ONLY,20.979555252405078,-26.77237558946172,-10.847673448238996,0.16455497410799935,0.1129506610150913,-0.8586562508815707,0.4720945366074203,-10.087948031450777,-39.25886810420259,0.4714099339881382,101,22.97057574766796,-32.53468281534575,0.8902565692929633
1789321001.8165324,LIDAR_ONLY,20.9962007845512,-26.792035928268238,-10.85549767357708,0.16457141852320095,0.11256275273829931,-0.858364416257523,0.4727117555171648,-10.113114749326362,-39.26078440414835,0.4719632425927883,103,22.96192655291751,-32.55354650307322,0.8906372959479463
1789321001.9461863,LIDAR_ONLY,21.01660183029046,-26.815451371419307,-10.86223387217115,0.1646359662899106,0.11225415951121306,-0.8580383159424891,0.47335425491992345,-10.140276884425615,-39.26285266605807,0.47256036070665586,111,22.947201279047317,-32.57774400321255,0.8894766686429928
1789321002.0654292,LIDAR_ONLY,21.026246608209284,-26.83581441983031,-10.870297250283334,0.16468730767196813,0.11196414868928652,-0.8578399063623926,0.4737645144501677,-10.164450425722773,-39.264693372887535,0.4730917444323617,109,22.933962080247245,-32.599248385044156,0.8890225007359949
1789321002.1723542,LIDAR_ONLY,21.05787136754618,-26.860472831429085,-10.877383455974137,0.16479264331788873,0.11135351501387471,-0.8574049133767545,0.4746583970812675,-10.1878779400353,-39.266477279472966,0.47360670317770115,112,22.915767212902214,-32.62497957752977,0.889113176436108
1789321002.2883596,LIDAR_ONLY,21.08005320244476,-26.879262471273357,-10.882631277240387,0.1650339397545083,0.1110032229867962,-0.8569868968092283,0.4754109190089539,-10.21230418553604,-39.26833723877084,0.4741435877614095,107,22.904634267124024,-32.64554956074401,0.8883272492919955
1789321002.400891,LIDAR_ONLY,21.11152752632971,-26.904247661923495,-10.888526274547816,0.1651810247322693,0.11058949527556892,-0.8565039578022464,0.47632568991413826,-10.236732507344676,-39.27019735548201,0.47468047743342123,114,22.888291685646177,-32.66811063801426,0.8882887870487669
1789321002.5203772,LIDAR_ONLY,21.118438227214092,-26.9249813063987,-10.897031261367557,0.16516893425586435,0.11054169538652904,-0.8563571859287378,0.47660479104397074,-10.263905427499985,-39.27226650211436,0.4752775743997296,115,22.880086269384044,-32.681477987508096,0.8871551625519588
1789321002.6305323,LIDAR_ONLY,21.141860672798227,-26.94714352845308,-10.904543391142152,0.1652108543205282,0.1099159096839634,-0.8561189063576005,0.477162744344206,-10.28734123962768,-39.274051160115015,0.47579239160400255,116,22.863068425486144,-32.703161616731386,0.8866669648309654
1789321002.745521,LIDAR_ONLY,21.158737586463946,-26.96649997896602,-10.913212243408298,0.16517118113652213,0.10925673753938667,-0.8558851789065789,0.47774680192783014,-10.312025981409759,-39.27593079084656,0.47633438357861857,120,22.848005195650735,-32.72249231843485,0.8871646445703743
1789321002.8616343,LIDAR_ONLY,21.18149364369386,-26.9916108383257,-10.920283480727724,0.16526797692469009,0.10887742055735107,-0.8555553649739268,0.4783902387803591,-10.337956049074988,-39.27790469522763,0.47690288383020557,113,22.83460257541453,-32.73882401119401,0.8855113611215013
1789321002.9665675,LIDAR_ONLY,21.1982699276932,-27.011620824062916,-10.926098313375263,0.16540869066642117,0.10856376557725515,-0.8552595780711357,0.47894146612429556,-10.361627741688089,-39.27971060577444,0.47742147333681806,119,22.823595780230246,-32.75929940373957,0.8850498867785571
1789321003.0809824,LIDAR_ONLY,21.219593518595516,-27.03280942665056,-10.93138297967555,0.1655881444879326,0.10842334678027472,-0.8549603778966692,0.4794451965603498,-10.386272695087618,-39.281586560610144,0.477963274897613,119,22.811377482196967,-32.78119126110977,0.8853677974335099
1789321003.1928465,LIDAR_ONLY,21.227663288134043,-27.054480197124764,-10.938673494010926,0.16577562424934228,0.10826535176116639,-0.8547920793261917,0.47971612140304143,-10.41117552383957,-39.28348835088118,0.47851187429375475,111,22.80285120019813,-32.79712200706684,0.8848546609737797
1789321003.305424,LIDAR_ONLY,21.24459081352223,-27.086503557409742,-10.952647126024262,0.16582738265569905,0.10750189521592701,-0.8545546256295584,0.48029263319529447,-10.436579765528036,-39.2854224796141,0.4790702303375618,110,22.78891170731516,-32.8152799348183,0.884181411183947
1789321003.4173496,LIDAR_ONLY,21.26005668175168,-27.10962901592702,-10.960572872119688,0.1659881540323066,0.10711590215047295,-0.8543326121614407,0.4807181128528932,-10.4609818920172,-39.28727770591991,0.47960898929279294,115,22.771783125538455,-32.834091300411494,0.8837978564382507
1789321003.5382035,LIDAR_ONLY,21.28920431961956,-27.134405898714846,-10.962927169887939,0.16630564221836186,0.10711531865245146,-0.8537704786750782,0.4816063866055452,-10.486407964101124,-39.289208049260495,0.48016758607873433,113,22.758782583649655,-32.85138891812738,0.8834352944854365
1789321003.6584513,LIDAR_ONLY,21.305862079661104,-27.16157530866391,-10.972715004522355,0.16642123054180388,0.10662841925294256,-0.8536232250871832,0.4819354145778526,-10.512577790398689,-39.291195098319854,0.4807409767032064,108,22.748710648645837,-32.86447345390422,0.8833475895731098
1789321003.7561696,LIDAR_ONLY,21.331521223186204,-27.182177953509644,-10.977000460422252,0.16658823869973444,0.10637953584412779,-0.8532416764212396,0.48260790990034663,-10.535242825097132,-39.292918265824255,0.4812396490731535,120,22.730017727775458,-32.8921900121192,0.8840145053780717
1789321003.8690557,LIDAR_ONLY,21.353914049023334,-27.200774001532118,-10.981840478455128,0.16669927439658708,0.10607525486019381,-0.8528613651710502,0.4833082701760536,-10.560645953344165,-39.29485018424162,0.4817991128493619,114,22.713036343679182,-32.912381051339246,0.8833173538869108
1789321003.9800801,LIDAR_ONLY,21.384342764993725,-27.228890116495055,-10.98709907125093,0.16683315810136579,0.10577383338462973,-0.8524492988400171,0.4840545283707286,-10.585808829608954,-39.2967638833277,0.4823526714274307,108,22.69817980602431,-32.93149869487251,0.8836855684472994
1789321004.096017,LIDAR_ONLY,21.405198990210362,-27.252996202183542,-10.99444408310928,0.166973675694583,0.10542790784577309,-0.8521474454672996,0.4846127103738192,-10.610476233137094,-39.29863989290284,0.4828950062067247,124,22.68962159081323,-32.94914215367428,0.88418915239294
1789321004.2044938,LIDAR_ONLY,21.43276076161067,-27.290059776682792,-11.005328303449437,0.16705842976998891,0.10483028837086654,-0.8517559686595775,0.48540072263610373,-10.635394746183144,-39.30053504483028,0.48344278527710305,101,22.67532738979295,-32.966668268706165,0.8840901895729236
1789321004.3126209,LIDAR_ONLY,21.457527429914183,-27.313441832223717,-11.013043026526448,0.16709455481101357,0.10433018230868951,-0.8514494401362471,0.48603340801185263,-10.660564332604752,-39.30244930902914,0.4839960361929425,110,22.66262032600664,-32.98647376120939,0.8843739358926371
1789321004.4244432,LIDAR_ONLY,21.48439770644891,-27.3390495864176,-11.021061241380316,0.16712437622038542,0.10383899284667641,-0.851183637944055,0.48659358908010586,-10.685486534970043,-39.304344761578996,0.48454380964525456,109,22.64766188842894,-33.00201678484926,0.883957134628624
1789321004.5452514,LIDAR_ONLY,21.5105696529447,-27.36479907038349,-11.026440412086943,0.1672967407421187,0.10360320253637922,-0.8508106238882973,0.48723655367806373,-10.713401481729937,-39.306467816312335,0.48515731240042115,110,22.63286494541882,-33.02335740878986,0.8835331415226515
1789321004.6358922,LIDAR_ONLY,21.53272012932063,-27.39076725352794,-11.034151564870339,0.1673971405677541,0.1031602066188916,-0.850577373538114,0.48770308664708145,-10.735336280573414,-39.308136059258445,0.4856393606873699,105,22.620783924207448,-33.0389013661829,0.882867756485533
1789321004.7466948,LIDAR_ONLY,21.56086971787169,-27.41293010601077,-11.038387337246013,0.16753086163993003,0.10280309859063357,-0.8501483924492315,0.48847993217156305,-10.759765573781692,-39.30999402479656,0.4861761908057922,116,22.606900546497844,-33.059037873505424,0.8827966920791843
1789321004.8576,LIDAR_ONLY,21.59463242005148,-27.440877951848172,-11.044712340753565,0.1676382472545029,0.10218547990750772,-0.849690065091421,0.4893693278480451,-10.784695774002241,-39.31189013058054,0.48672393773639094,114,22.596117186390668,-33.07673749083207,0.8820507461624818
1789321004.9669619,LIDAR_ONLY,21.626710852117807,-27.46586240915321,-11.051844451568675,0.1677304152729353,0.10142523783661761,-0.8492127308228943,0.49032353271128737,-10.810126947598393,-39.313824461887585,0.4872824822534403,116,22.582966654538257,-33.09824221083165,0.8817788089688409
1789321005.0758002,LIDAR_ONLY,21.65503371677622,-27.48212923132719,-11.05530108264426,0.167892789001985,0.10098873489730914,-0.8488238765021268,0.4910308681792603,-10.834812482379933,-39.315701341684125,0.4878242963276393,110,22.56877172431199,-33.11773090810937,0.8819531103578216
1789321005.1861448,LIDAR_ONLY,21.68123556160673,-27.504969184675527,-11.060600311378401,0.16804485477872555,0.10058506951585357,-0.8484702263245127,0.49167249832964827,-10.860241771961972,-39.31763522226662,0.4883815985357275,115,22.55611039804272,-33.13058752394731,0.8802266029047756
1789321005.290124,LIDAR_ONLY,21.697459713222187,-27.529800624224134,-11.070554790733011,0.1680196255322854,0.0998961040413771,-0.8483449336480035,0.492037648343203,-10.884406580928871,-39.319475984742766,0.48891110460033,117,22.541494530289203,-33.151752622638924,0.8808816289390408
1789321005.3984916,LIDAR_ONLY,21.723347594102584,-27.5518754752474,-11.077071391940995,0.16808060878679,0.0994961356083388,-0.8480214573435938,0.492655088102941,-10.90954648261411,-39.321387657881,0.48946440370965316,109,22.536487440315454,-33.16965978961474,0.8810066310169047
1789321005.5122192,LIDAR_ONLY,21.747808915485898,-27.580269678402136,-11.082949213235995,0.16821465489186566,0.09933419326832643,-0.8476181155798017,0.49333566470334106,-10.934952645365405,-39.32332569721346,0.49002341773150776,98,22.522173765182856,-33.1967199648842,0.8814354807269078
1789321005.6180787,LIDAR_ONLY,21.77756306072229,-27.605990359447897,-11.087112228115545,0.1685791257583054,0.09906206581205582,-0.8471365619041094,0.49409253279208604,-10.959108669202545,-39.325161655997285,0.4905547800120809,109,22.508695380556258,-33.216048403879654,0.8806049660763359
1789321005.733175,LIDAR_ONLY,21.816555919739727,-27.628725044955175,-11.091430634887802,0.16871596541152697,0.09846412371379881,-0.8466580865740587,0.4949846702629123,-10.984757503576057,-39.32710803580714,0.49112141394449704,104,22.495236171059428,-33.23118875126929,0.8803467152974721
1789321005.8391385,LIDAR_ONLY,21.8355829522441,-27.656421567519295,-11.099665195635698,0.16877528628175645,0.09809115029321214,-0.8463508662903978,0.4955635580873144,-11.008944406608535,-39.32894019838366,0.4916514289318927,87,22.481203716200625,-33.24801619623395,0.8801321457067077
1789321005.9527926,LIDAR_ONLY,21.86099616409105,-27.681656848262065,-11.104370026545773,0.16893729456807538,0.09797848982058438,-0.8459855194134184,0.4961541161567703,-11.033865897756353,-39.33083191771897,0.49219770767413856,90,22.462463895921623,-33.269002734223044,0.879485956282332
1789321006.0571718,LIDAR_ONLY,21.885834339323814,-27.70632446834154,-11.109342161185506,0.16907498359851306,0.09799159675077851,-0.8456789555622172,0.49662702403976483,-11.058773119826743,-39.33272329034627,0.4927459241533002,112,22.44852151852886,-33.2860450132482,0.8795784602741322
1789321006.1678767,LIDAR_ONLY,21.90989173852716,-27.728435343058848,-11.115511004933417,0.16900890610597294,0.09769864533559176,-0.8454218741948888,0.4971446660573305,-11.08343231125055,-39.33459642837617,0.4932889456221078,111,22.436085712340745,-33.30792579027609,0.8798505145569212
1789321006.2837203,LIDAR_ONLY,21.949317292426127,-27.751580815870724,-11.117011687346226,0.16924942861811748,0.09734562632375032,-0.8448087372993682,0.49817332057299535,-11.109592982058432,-39.33658352496447,0.49386417750159106,104,22.42193602348899,-33.32632007333858,0.8791666257771384
1789321006.3910098,LIDAR_ONLY,21.974480357832718,-27.7747911854905,-11.12246522973771,0.16943082591132247,0.0969789565705475,-0.8444610532890489,0.49877229944278695,-11.133762295026333,-39.33841941802064,0.49439548770909697,111,22.404863667834142,-33.34513185910261,0.8783155941239842
1789321006.4986296,LIDAR_ONLY,22.006627108499398,-27.792077911139035,-11.12276952354802,0.16969057652715963,0.09686734073675195,-0.8439907774278302,0.4995011452972224,-11.158431710624022,-39.34029332418342,0.4949377235086275,111,22.39167901109326,-33.36791531982524,0.8783527517939028
1789321006.6031797,LIDAR_ONLY,22.03308784915551,-27.815854843080093,-11.126757496620915,0.16985397186995685,0.09676315159274512,-0.8435835552046969,0.5001532826264797,-11.183102839234774,-39.342167375135794,0.4954799543648679,97,22.377884528439576,-33.3860846794592,0.8783768561080442
1789321006.7155104,LIDAR_ONLY,22.05900455779156,-27.847197360652686,-11.134064071403502,0.1698993425739332,0.09635175310432259,-0.8432685681946261,0.5007481152851744,-11.209021838449186,-39.34413622549896,0.49604957840198494,103,22.3692521957294,-33.40342144342656,0.8785312649502011
1789321006.8262556,LIDAR_ONLY,22.088018843406907,-27.87581306045513,-11.140641330534484,0.17000279517149655,0.09587393388729984,-0.8429378113911292,0.5013612316104877,-11.233198088484272,-39.3459726986192,0.4965808753969795,103,22.349138066301308,-33.42504664756574,0.8772745991874465
1789321006.937751,LIDAR_ONLY,22.133270866554376,-27.89588405582109,-11.141415828485904,0.1701741023490388,0.09529563376468608,-0.842397777295748,0.5023201189304178,-11.258622599919146,-39.34790399530618,0.49713957180085333,107,22.33178098769529,-33.45012826769885,0.8774136270669801
1789321007.0485165,LIDAR_ONLY,22.15538232186909,-27.92099779754695,-11.14731710921812,0.17026384701221964,0.0950052932138872,-0.8421077134291431,0.5028308022039649,-11.28355089395768,-39.34979758834116,0.49768730151706275,96,22.31906690887023,-33.46899204767814,0.87736742307122
1789321007.1569164,LIDAR_ONLY,22.20032267104085,-27.943153899766294,-11.14769650369753,0.1703793342360513,0.09472002737496096,-0.8414494028627582,0.5039463277981837,-11.308481558633641,-39.35169145264595,0.49823494717760336,108,22.30721575128673,-33.48439145891867,0.8766297157292817
1789321007.2711375,LIDAR_ONLY,22.233083262691725,-27.972560890033655,-11.15378468796492,0.17041891461420702,0.09432574374265928,-0.841021834445322,0.5047200427913826,-11.334412077576678,-39.353661338679494,0.49880434237765375,100,22.290032357705986,-33.50601321602312,0.8759632464806446
1789321007.3761315,LIDAR_ONLY,22.264993573780263,-27.995716478323384,-11.154944914733983,0.17061756792467803,0.09434703170930586,-0.8404755461066198,0.5055582454276563,-11.357850692830967,-39.3554415670785,0.49931855311743045,97,22.275263395798387,-33.52211893410184,0.876088007187816
1789321007.4859169,LIDAR_ONLY,22.296432030127306,-28.020139909410837,-11.157919575111391,0.17069221391676093,0.09427700510972431,-0.8400208610302171,0.5063012615526337,-11.382779073223787,-39.35733597834031,0.49986463773176565,98,22.26339071439771,-33.53901023050045,0.87668439697201
1789321007.5940013,LIDAR_ONLY,22.32831474676337,-28.042524617069862,-11.1613782145608,0.17064550208957882,0.09395718222276897,-0.8396176697626111,0.5070447013309142,-11.407934042949003,-39.35924874704274,0.5004162549291458,99,22.25123304754295,-33.55759538947867,0.8754868969134603
1789321007.701681,LIDAR_ONLY,22.35200804922245,-28.068964420771046,-11.16965139647886,0.1705000301694065,0.09333351658955653,-0.8394787982881001,0.5074386087183609,-11.432578265671125,-39.36112155477796,0.500959124132037,97,22.239818608096957,-33.5730691473511,0.8748026383462341
1789321007.8207412,LIDAR_ONLY,22.398151624093913,-28.091934328957127,-11.172438162110023,0.17055776222104949,0.09263001792737222,-0.8388670631004131,0.5085585315086261,-11.457986256415092,-39.3630560085098,0.5015175398525934,92,22.224527221848824,-33.591682621896354,0.8747595290616327
1789321007.9321997,LIDAR_ONLY,22.431131052731953,-28.12137825430414,-11.178797021091942,0.17057932075133617,0.09208822706071895,-0.8385354383980924,0.5091962021847227,-11.482638518519304,-39.364927384851896,0.5020605706774333,104,22.21233087885442,-33.61912448311609,0.874946552135318
1789321008.0461612,LIDAR_ONLY,22.461123806740584,-28.1463830298426,-11.182735922969218,0.1706133577015631,0.09174891766498625,-0.838212135932501,0.5097780237089243,-11.507547714428702,-39.366814699913256,0.5026103638270523,102,22.197986108127225,-33.636475499855095,0.8739031900396447
1789321008.1527998,LIDAR_ONLY,22.504167849971516,-28.172430989875842,-11.184761962148858,0.17075363969790489,0.09132365071590363,-0.8376640115168317,0.5107075377937621,-11.532234019624235,-39.36868382192305,0.5031504502068758,113,22.181340375957856,-33.654716149856306,0.8726974788311529
1789321008.2645226,LIDAR_ONLY,22.52793489528942,-28.200905066563617,-11.190062445321386,0.17094970180435956,0.09128671991700514,-0.8373505378687552,0.5111624115197645,-11.558892171190239,-39.37070566539387,0.5037356864140583,104,22.168976007924417,-33.67045004417074,0.8720552403388967
1789321008.3684247,LIDAR_ONLY,22.563750806203767,-28.226633039641314,-11.189979865888054,0.17129299598711817,0.09151951647791792,-0.8368107748703044,0.5118892601826748,-11.582302352883799,-39.372481558104155,0.5042511796500404,98,22.155889849622938,-33.690531301630244,0.8723218750382671
1789321008.4810646,LIDAR_ONLY,22.592425171084987,-28.251325844425583,-11.19501017186668,0.17130162537018598,0.09137812504838742,-0.8365013733096778,0.5124170604685179,-11.606713793431098,-39.37433381688408,0.5047884097445248,112,22.142198738210816,-33.7089752418767,0.8719579272178251
1789321008.5948634,LIDAR_ONLY,22.62184066570091,-28.27857572825306,-11.201264430085539,0.17119279649693708,0.09098590848944378,-0.8362053310533051,0.5130060771588787,-11.632127920614733,-39.37626212135005,0.505347137184861,112,22.132858764988615,-33.72960707120858,0.8714528392872029
1789321008.712004,LIDAR_ONLY,22.660241596434915,-28.3042479161825,-11.204287214246769,0.1711653379461659,0.0909690472418483,-0.8357231586144659,0.5138033297723416,-11.657294893025442,-39.378171714087394,0.5059003042027347,110,22.118146384556486,-33.74414639557351,0.8701720868772382
1789321008.8145764,LIDAR_ONLY,22.694236846270975,-28.32828873544461,-11.204694539025763,0.1713276683746964,0.09131415376412128,-0.8351980112396051,0.5145413855007593,-11.681716204821134,-39.380024750298055,0.5064370230320111,102,22.1061247505374,-33.76255810227382,0.8702273141988706
1789321008.9276078,LIDAR_ONLY,22.726712966394867,-28.35589321577711,-11.210926833264242,0.17133653808187335,0.09104551313946166,-0.8348888996746141,0.5150874007927229,-11.707385409132709,-39.38197248651764,0.5070011280769168,100,22.092133629714365,-33.783383634006825,0.8702574065124012
1789321009.0403633,LIDAR_ONLY,22.75356146761903,-28.38589259442716,-11.21864135729733,0.1713675425114919,0.09089828294742547,-0.8346445560939214,0.5154989161128886,-11.731810294499475,-39.38382579516871,0.5075378410136268,104,22.07951518870935,-33.80021358823421,0.8704834127820406
1789321009.1537795,LIDAR_ONLY,22.78688792268211,-28.41464266498733,-11.223012782063826,0.17133399344050257,0.09087842006758814,-0.834234974949731,0.516176115321477,-11.756984671944814,-39.385735975293294,0.5080909935814686,113,22.06210521015617,-33.818814333760955,0.8702372185971047
1789321009.2602158,LIDAR_ONLY,22.82223088427579,-28.442584360495623,-11.228977283051044,0.17117689993023347,0.09056901751529213,-0.8339176007092576,0.5167950824300721,-11.781911761552957,-39.38762739677344,0.5086386783387221,105,22.046128487890876,-33.839683154670915,0.8696793992980776
1789321009.3674378,LIDAR_ONLY,22.85556972600611,-28.469414360561167,-11.233528972607889,0.17114954463920043,0.09033697068419687,-0.8334864104063078,0.5175398233618403,-11.806342505027569,-39.38948116282615,0.5091754063686322,112,22.031333731394145,-33.85441343299633,0.8679481774704653
1789321009.4819176,LIDAR_ONLY,22.89262137385531,-28.49194115017674,-11.235194610997713,0.17111823974467336,0.09041840124726704,-0.8330504614170554,0.5182373871841012,-11.831772850805505,-39.3914108870734,0.5097339363979642,96,22.021627465868285,-33.874464836363295,0.8675435576454582
1789321009.5870645,LIDAR_ONLY,22.923919621060676,-28.51615191347947,-11.239605534745,0.1709297564596436,0.0903433010019887,-0.8327294614160022,0.518828247506365,-11.856208249413012,-39.39326501679802,0.5102703911324293,110,22.00701918939314,-33.89094938593699,0.8668857782718034
1789321009.7038302,LIDAR_ONLY,22.95591554806782,-28.538532966010788,-11.241455348235249,0.17098619043004065,0.09043878812998409,-0.8322941799080065,0.5194910455196131,-11.881392059611786,-39.39517539647265,0.5108226173347364,106,21.996408360320178,-33.906528448130196,0.8658540457036379
1789321009.8152819,LIDAR_ONLY,22.99364486437289,-28.565725579813734,-11.2448840210338,0.17110733663823208,0.09049573422959394,-0.831846822114365,0.5201573473219904,-11.906316250760694,-39.397068581254494,0.511368524006289,112,21.980853894186616,-33.9270825138785,0.8656309901077954
1789321009.9315994,LIDAR_ONLY,23.028930278646047,-28.591348554675047,-11.246938144277982,0.17116946580939071,0.09040175891524745,-0.8313812204421169,0.5208971129270478,-11.930967388510442,-39.39893970572622,0.5119096282531561,105,21.966013594190905,-33.9477474926082,0.8661036004449265
1789321010.0512455,LIDAR_ONLY,23.062794833307773,-28.619422058811207,-11.252056712475127,0.17125494902339633,0.09003595505532014,-0.8310474365073623,0.5214646944010801,-11.956113227093553,-39.40084983118618,0.5124635162807665,103,21.951905159479676,-33.9696243337459,0.8656974514800637
1789321010.1648257,LIDAR_ONLY,23.09324972987482,-28.647498112462486,-11.256191165824777,0.17128069883714717,0.09014453326444156,-0.8306754833111917,0.5220298140471602,-11.981270344431945,-39.402760386398846,0.5130160347307172,106,21.93453420067192,-33.9905250216064,0.8652270376909491
1789321010.2728515,LIDAR_ONLY,23.134129402815407,-28.665020960961858,-11.254977105969443,0.17135405138106713,0.09000739072247445,-0.8301220713944462,0.5229089837384902,-12.006419015412996,-39.40466734466587,0.5135708155788644,103,21.913921515285818,-34.009501596440714,0.864895730600597
1789321010.3825145,LIDAR_ONLY,23.163518480128303,-28.69234798744937,-11.258957389805879,0.17149898217229453,0.09001213913130689,-0.8298475389627669,0.5232962602582906,-12.030591129696107,-39.40649611481608,0.5141032188682622,114,21.899674060630954,-34.031791719466085,0.8649756034524124
1789321010.4966059,LIDAR_ONLY,23.191240137865485,-28.71599827117432,-11.26224827353535,0.1715062788845495,0.08987030988227115,-0.8295114685129461,0.5238507872575315,-12.056271504720833,-39.408437919300404,0.5146650471027368,106,21.886542027500806,-34.04434084396354,0.86445523441041
1789321010.6047256,LIDAR_ONLY,23.219686146272853,-28.7423797175001,-11.267018338486398,0.1715401182574162,0.08954130637706151,-0.8292545538160772,0.5243026103843272,-12.08068566756377,-39.410287612293885,0.5152013912352351,102,21.872242415420036,-34.06541622876992,0.8644590523190802
1789321010.7222693,LIDAR_ONLY,23.24868721655032,-28.771449931153363,-11.271746294967361,0.1715213262610424,0.08946782294908895,-0.8289512938595344,0.5248006247166703,-12.105093906078302,-39.412137265566564,0.5157388679107052,102,21.859298555797622,-34.08874252982784,0.8643980705510773
1789321010.8602173,LIDAR_ONLY,23.281027526435018,-28.80167344888805,-11.275121374381527,0.17165484332413036,0.08955138186262221,-0.8285344236077653,0.5254006791647792,-12.13399293888774,-39.41432741914227,0.5163745821652861,101,21.846403718277934,-34.10654948644421,0.8641633132998154
1789321010.9715066,LIDAR_ONLY,23.307029456047914,-28.827214156793797,-11.280790011139619,0.171526009389624,0.08949229518621755,-0.8282968605347643,0.5258272226058925,-12.158660107775852,-39.41619684985802,0.5169167700994731,100,21.83564726465949,-34.12937034579003,0.8644332739136129
1789321011.0884964,LIDAR_ONLY,23.345510103754574,-28.850821304998526,-11.28397505343502,0.17145354790577239,0.08928219220146262,-0.8278720784781466,0.5265550234709548,-12.184325886947505,-39.418142002419486,0.5174808208252593,103,21.819815417748934,-34.14667017463346,0.8640890634474546
1789321011.187833,LIDAR_ONLY,23.383707165134012,-28.878590769029305,-11.286849241385141,0.17161743126138912,0.0892842165328741,-0.8274330578453205,0.5271909718025298,-12.20600621984416,-39.4197851217789,0.5179572417304872,107,21.808076208865142,-34.16403611660309,0.8640174737206762
1789321011.3023653,LIDAR_ONLY,23.422766759633287,-28.906411248259175,-11.29053323373541,0.1715765874360081,0.08911067522393672,-0.8269972699944272,0.5279169230349717,-12.229930888781345,-39.42159834539257,0.5184829504795335,96,21.79865699128268,-34.186805944483936,0.8639140427443487
1789321011.4158826,LIDAR_ONLY,23.446313606094936,-28.933185069872046,-11.29645779302259,0.17153630942513595,0.08910749954397805,-0.8267347352522022,0.5283415804205602,-12.255601914102327,-39.42354393024851,0.5190470031526593,99,21.783899924182023,-34.20672037072397,0.8635740289609202
1789321011.5351427,LIDAR_ONLY,23.481837398279836,-28.95790816454992,-11.299488264538788,0.17149051301086038,0.08910019821668183,-0.8263255436510734,0.5289974050359588,-12.28102573701872,-39.42547078368422,0.519605594060556,110,21.7703501814365,-34.224087972296374,0.8623390998706413
1789321011.6587956,LIDAR_ONLY,23.515345106151667,-28.98163675184986,-11.300237745649438,0.17166645258135307,0.08917772593234777,-0.8258725250658621,0.5296343404623667,-12.30620254699706,-39.42737891464188,0.5201587134770138,99,21.757135557255005,-34.240446113813114,0.8620688413039327
1789321011.762052,LIDAR_ONLY,23.550416013095063,-29.010705861591823,-11.303662237508055,0.17164004172168562,0.08936092956029584,-0.8254294703471585,0.5303022815605335,-12.330135252871097,-39.42919277952056,0.5206844118347875,104,21.745725603326417,-34.26101332525855,0.862160443180807
1789321011.8890102,LIDAR_ONLY,23.57976584610265,-29.034918980082352,-11.308613659804868,0.17153303556839136,0.08922181977504223,-0.8251125726314987,0.5308532067061033,-12.356314204063006,-39.43117699178582,0.5212592661390353,105,21.728951251964112,-34.284611355157494,0.8625942595075384
1789321012.0101414,LIDAR_ONLY,23.61393629572465,-29.061433782259115,-11.311254803772187,0.1715880252385256,0.08923318468576279,-0.8247040217093191,0.5314680281278026,-12.383243788082858,-39.433218078795456,0.5218502525682208,104,21.717604719806225,-34.30523910674939,0.8625083808717309
1789321012.1102347,LIDAR_ONLY,23.64996762701793,-29.08380356959785,-11.314525646471063,0.17154602091961949,0.08892848360302709,-0.8243265959318777,0.5321177978136743,-12.405184766257138,-39.43488059009734,0.5223310670928814,103,21.706174964522784,-34.324465225493306,0.8621796214134873
1789321012.2267425,LIDAR_ONLY,23.683719271747062,-29.111597890281747,-11.318287660084092,0.17159513636333598,0.08885236286429614,-0.8239495795390143,0.5326982796737391,-12.43010314792084,-39.43677266431813,0.522876827155815,105,21.69322074750068,-34.344882356203904,0.8616005716787838
1789321012.339576,LIDAR_ONLY,23.727287737013615,-29.138227042023097,-11.321122070345758,0.17146180120480617,0.08867221489255014,-0.8234039727267213,0.5336140803347545,-12.454997657972536,-39.438658562333245,0.5234239916160205,102,21.676374678740096,-34.3633428265135,0.8614291330956734
1789321012.4761407,LIDAR_ONLY,23.75578299262526,-29.160120704231698,-11.324250099234048,0.17143399666740788,0.0887431068107951,-0.8230113503607599,0.5342165880591556,-12.483140398905666,-39.44079698014165,0.5240433231135503,106,21.660678036358153,-34.37876708462865,0.8603541623347709
1789321012.592103,LIDAR_ONLY,23.80423946545277,-29.18698286564642,-11.326237383973096,0.17142159531074005,0.08855249293241718,-0.822504310669863,0.5350324771320605,-12.50729810834874,-39.44262736234246,0.5245744071561629,101,21.647358560930698,-34.398967448504834,0.8606856610994346
1789321012.6931226,LIDAR_ONLY,23.839759534437388,-29.215167478688215,-11.328210819736428,0.17151142119451113,0.08869452237388807,-0.8220509238007494,0.5356765747902751,-12.529708038640925,-39.4443226138943,0.5250692477733545,107,21.636937453216394,-34.419132201762814,0.8602506277876641
1789321012.8064013,LIDAR_ONLY,23.871013527452455,-29.242798808451223,-11.335106155294705,0.17135038011863513,0.08840741908156627,-0.8217733200969988,0.5362012549978705,-12.555137512805969,-39.44624419191143,0.5256273791879527,112,21.624671537538532,-34.437284622415724,0.8597800304032468
1789321012.9168208,LIDAR_ONLY,23.9123480482854,-29.269760001293687,-11.337934321462837,0.1713688520084793,0.08826198316045517,-0.8213100053525385,0.5369286861378265,-12.579563631041278,-39.4480903092524,0.5261623531455375,96,21.612919880775923,-34.45445901275401,0.8585907040443829
1789321013.0316415,LIDAR_ONLY,23.951340664274817,-29.297191081298482,-11.34037355727947,0.1713560178927884,0.08822352822554538,-0.820840726949328,0.5376562332761163,-12.604720372766302,-39.44999411683459,0.5267155471847954,98,21.60036225956411,-34.47153309901639,0.8583922964025127
1789321013.1389022,LIDAR_ONLY,23.98714710474235,-29.326759500951027,-11.345641076576163,0.1713839656684407,0.08801034797098697,-0.8205240955893354,0.5381653310267096,-12.629128119841816,-39.45184178570567,0.5272528661357271,98,21.58406094636239,-34.49411576971479,0.8586687372130001
1789321013.2677047,LIDAR_ONLY,24.024553262201653,-29.35543254180355,-11.35078065907484,0.17129066602999213,0.08772361272868033,-0.8201832286834609,0.5387611222863097,-12.656534008077648,-39.45391647788901,0.5278555090138538,97,21.569662566890454,-34.51298818992448,0.8583566190607664
1789321013.3889558,LIDAR_ONLY,24.052271801282302,-29.381089699981278,-11.353192338418312,0.17137776466460844,0.08798821094662172,-0.819799342127952,0.5392743041899477,-12.682946367966556,-39.45591596410613,0.5284359717287592,102,21.554377341902086,-34.53410423452361,0.8583914334926707
1789321013.4924304,LIDAR_ONLY,24.097844697979212,-29.406491465382366,-11.353464989116041,0.17146035521663505,0.08799835720809687,-0.8192498203988009,0.5400808897694809,-12.704376901866624,-39.45753834252593,0.5289068900235887,99,21.541444983331623,-34.55468591336368,0.8580555516947411
1789321013.6078458,LIDAR_ONLY,24.14460625958434,-29.435389503525258,-11.357424042106931,0.17143475611776285,0.08756129462251241,-0.8188257630886303,0.540802656965732,-12.72954710156544,-39.45944384364053,0.5294599406597781,103,21.528987564821097,-34.57427140108176,0.8578362927821492
1789321013.7454205,LIDAR_ONLY,24.181227000087567,-29.462992362305048,-11.360849204335842,0.17141175606455922,0.087551839959652,-0.8184271256939896,0.5414145594004823,-12.75646384454581,-39.4614815686405,0.5300513220040265,99,21.517489620644742,-34.59362102642181,0.8576132058070483
1789321013.8920739,LIDAR_ONLY,24.21156717333456,-29.49131271670583,-11.3667043133135,0.17128953343280626,0.0872531445182099,-0.818131413523965,0.5419481291722806,-12.786124524999597,-39.46372701224586,0.5307029357753923,100,21.501461010352134,-34.616423417417835,0.8570714225528852
1789321014.0114844,LIDAR_ONLY,24.25344182982958,-29.519002614479323,-11.372187378821424,0.17114620257921953,0.08683654994603976,-0.8177644965739845,0.5426136923072247,-12.808808050977987,-39.46544425925406,0.5312012393781513,106,21.488152229973004,-34.62903751211706,0.8561667081196725
1789321014.1535969,LIDAR_ONLY,24.290078862251935,-29.544321158165047,-11.37432907352648,0.1711377955303091,0.08689515726661387,-0.8173032114184381,0.5433015251126622,-12.835232924208608,-39.467444749323334,0.5317816812415216,102,21.4737081118168,-34.65021717346891,0.8566833164961832
1789321014.2714005,LIDAR_ONLY,24.335571939097452,-29.570556835930443,-11.375324189683335,0.1711447900222966,0.08677482607535991,-0.8168015278976541,0.5440724716725455,-12.857421956338412,-39.46912463142565,0.5322689746365937,99,21.4737081118168,-34.65021717346891,0.8566833164961832
1789321014.4126377,LIDAR_ONLY,24.372806847133283,-29.600546590571064,-11.379126039155594,0.17119080346851356,0.0866994271093874,-0.8163957477556929,0.5446787137323542,-12.884350471367194,-39.471163426193414,0.5328601155633196,96,21.44598187509959,-34.69027398355923,0.8564683665535439
1789321014.530226,LIDAR_ONLY,24.40172125862261,-29.627007385558112,-11.383701012787078,0.17121557270033871,0.08663998192750991,-0.8160817808328706,0.5451506839298161,-12.908039185400325,-39.47295628763962,0.5333796459855608,95,21.44598187509959,-34.69027398355923,0.8564683665535439
1789321014.656596,LIDAR_ONLY,24.44174119261928,-29.65214734148343,-11.38575520875148,0.17130270054489485,0.08647905179818567,-0.8156072181692625,0.5458586117817598,-12.932469790982704,-39.474806329722334,0.5339147098882057,94,21.41437844419952,-34.73378724940256,0.8573899691654358
1789321014.7853262,LIDAR_ONLY,24.48473036571416,-29.677023491656573,-11.389020287657173,0.17125916066689284,0.08608715612580836,-0.8151323078687155,0.5466430481643973,-12.956879221320554,-39.47665629652659,0.5344496963378951,89,21.401443531444045,-34.75258747669174,0.8571568970881167
1789321014.9076478,LIDAR_ONLY,24.514872507256893,-29.70288130338215,-11.39138654152204,0.17136506249517885,0.08625811299706003,-0.8147393793895434,0.5471684356486141,-12.983016610486928,-39.478635716615656,0.535025232799164,90,21.39218465758347,-34.768986242077446,0.8568538164849717
1789321015.038787,LIDAR_ONLY,24.55026295427486,-29.7339380125523,-11.397474366934576,0.1712257006013901,0.08591921466430807,-0.8144210384982989,0.5477390072437639,-13.007676934232006,-39.480506637458035,0.5355669814284506,100,21.37319884402076,-34.79238401453024,0.8568443731269653
1789321015.1594014,LIDAR_ONLY,24.579739361208745,-29.760932672404387,-11.403846702054656,0.1711716134251467,0.08561088242158676,-0.8141699141530373,0.548177349455872,-13.031581852593934,-39.48231554596895,0.5360932352295844,95,21.357656042173268,-34.81489796231833,0.8567065631808066
1789321015.288,LIDAR_ONLY,24.613172631345098,-29.786589749049746,-11.405060499561264,0.1711793560501246,0.08598865215675142,-0.8137409933985177,0.5487523807923967,-13.057486685140466,-39.48427182184865,0.5366651100052625,97,21.342512200850276,-34.83487324619054,0.856824342704012
1789321015.410412,LIDAR_ONLY,24.65367905630529,-29.812978494936182,-11.407532483175057,0.17114545856436283,0.08585640208792165,-0.813295109993975,0.5494442412958744,-13.081427180616405,-39.48607582313316,0.5371888391127922,87,21.326667999447118,-34.85512107088699,0.8571772112587445
1789321015.5390496,LIDAR_ONLY,24.684744715093103,-29.838762455033837,-11.410499319603892,0.17118047174737167,0.08584750989323003,-0.8129319449852437,0.5499719119736823,-13.105848106003913,-39.487921382636195,0.5377243040242569,87,21.317987800864586,-34.8745725795668,0.8569163853404282
1789321015.6754315,LIDAR_ONLY,24.72040958810208,-29.866542624695338,-11.414662331506351,0.1711646770651384,0.08578487859191564,-0.8125556058072002,0.5505424555848996,-13.13150248841554,-39.489860575703666,0.5382889167710098,97,21.307227943316754,-34.896036531116735,0.8571706733129525
1789321015.8049872,LIDAR_ONLY,24.746252462324858,-29.890741541278118,-11.41858252215807,0.1712109904033907,0.08581847879554874,-0.8122502362506888,0.5509732653886286,-13.156911082282637,-39.49178173396818,0.5388480768093395,89,21.2907485741314,-34.91977649367005,0.8577845311112504
1789321015.9187012,LIDAR_ONLY,24.782859134257734,-29.91974081464135,-11.423476808880283,0.1711546233847026,0.08549670764927894,-0.8118818881852843,0.5515833640637398,-13.181079322355352,-39.49360900575564,0.539379263807349,94,21.276183295848288,-34.93794880024618,0.8572529686397711
1789321016.044845,LIDAR_ONLY,24.82368719516227,-29.94551647042747,-11.427449666553324,0.171101512171897,0.0850922479455726,-0.8115149469930881,0.5522020216178722,-13.206246124435541,-39.49551184409592,0.5399322789063972,92,21.264892295899,-34.95409871689119,0.8566144958001202
1789321016.1558514,LIDAR_ONLY,24.86625000581638,-29.97206996213396,-11.430112644591205,0.17114084062006021,0.0848029256286704,-0.8110907153258601,0.55285724015234,-13.232411626680296,-39.497490218082085,0.5405071684137925,89,21.247897110225892,-34.96998660389881,0.8567530431535177
1789321016.2634008,LIDAR_ONLY,24.903674856670506,-30.0017289394443,-11.434458096583858,0.1711683354546262,0.0843701241191144,-0.8107730121620487,0.5533807060636431,-13.256585309841189,-39.499318003216445,0.541038254985339,81,21.235577292240844,-34.99020519376218,0.8565239595257839
1789321016.375921,LIDAR_ONLY,24.94228456787006,-30.030191151289515,-11.43671010650781,0.1712065431319215,0.08443600503082045,-0.8103092320609889,0.5540377505910435,-13.280510434854188,-39.501128334700915,0.5415646021288998,76,21.22119704002481,-35.01063226221084,0.8568205809729434
1789321016.484473,LIDAR_ONLY,24.969314458479143,-30.05905516173151,-11.440936379481872,0.17140089766894306,0.08456383586282326,-0.8100365171779199,0.5543568623014526,-13.30418160958127,-39.502910506412206,0.5420741488887494,77,21.202213051131853,-35.02970143731939,0.8556133870925386
1789321016.6052675,LIDAR_ONLY,25.01475605726791,-30.08791137780556,-11.443618296318006,0.1715813509564007,0.08427694550937585,-0.8095939655252185,0.5549908534784492,-13.33034672146254,-39.50486900029251,0.5426493840397659,75,21.190094933883096,-35.05232995809936,0.8560060050830627
1789321016.7173986,LIDAR_ONLY,25.049520269429884,-30.113488829688013,-11.447650924473278,0.17177550350586027,0.08427044993219822,-0.8092627377925997,0.555414699917061,-13.3547577250984,-39.506715955956764,0.5431445206883844,73,21.162522725246113,-35.07783115978046,0.8545682695554317
1789321016.8459373,LIDAR_ONLY,25.097715674331507,-30.14407208126677,-11.447984884817775,0.17206670682864755,0.08449338692530836,-0.8086230472187015,0.5562217934185752,-13.379915295681027,-39.50861868223959,0.5436593051424269,88,21.142997909127374,-35.10097647613769,0.8542401810278422
1789321016.9595852,LIDAR_ONLY,25.1331982668061,-30.172866025848492,-11.451972828899974,0.17225125401602545,0.08446188696698836,-0.8082811838696934,0.5566661683110345,-13.40407295809921,-39.51044623539176,0.5441531053390487,86,21.127534780604833,-35.12911053879264,0.8537719163036537
1789321017.0859973,LIDAR_ONLY,25.16623767968091,-30.200451780364464,-11.45610450568463,0.17243658251703958,0.0846196819427225,-0.8078773393269922,0.5571708346994633,-13.4322079576127,-39.51257447305113,0.5447271680391833,89,21.106707377118436,-35.15196623041501,0.8537236988612809
1789321017.20705,LIDAR_ONLY,25.20017938010274,-30.228022765229667,-11.460335141503805,0.17269905655824536,0.08452635469816155,-0.8075538270346767,0.5575725492408858,-13.456840972346901,-39.51443646378161,0.545227630751684,93,21.087701514328543,-35.17812994562493,0.853050134083413
1789321017.3159783,LIDAR_ONLY,25.23496055899234,-30.254001287342888,-11.464424536816566,0.1728066664244959,0.08442626480949826,-0.8072203557616043,0.558037058889173,-13.481919583049036,-39.51633477290072,0.5457316675317042,87,21.07417568525206,-35.1994745104933,0.854167554676364
1789321017.434229,LIDAR_ONLY,25.278530677983312,-30.281774117619285,-11.46633590151104,0.17295461274041346,0.08445572771427458,-0.806765525061042,0.5586441797432844,-13.505837722881225,-39.51814991552397,0.5461989602288535,102,21.059522790147902,-35.21914960004411,0.8541965040919937
1789321017.5460372,LIDAR_ONLY,25.324936152013166,-30.309738923040204,-11.467675834262693,0.17326601593848623,0.0843305851702456,-0.8062517051013498,0.559307990419245,-13.530824117677014,-39.52003570752815,0.546707400265781,93,21.046308242399437,-35.24262970610853,0.8536250530291006
1789321017.6729314,LIDAR_ONLY,25.363726027320595,-30.3400323679152,-11.471575202993511,0.17348752424679073,0.08433302854558472,-0.805832494389689,0.5598428442096413,-13.556624993522144,-39.52185258825775,0.5472625498490733,75,21.035754884972253,-35.26626292557421,0.853008709093695
1789321017.7824628,LIDAR_ONLY,25.41276112217326,-30.37019366276295,-11.473248715726005,0.17376275632133922,0.08439951850809953,-0.8053142290868146,0.560492835120594,-13.58004886099129,-39.52361524903019,0.5477467702839861,71,21.013935001116803,-35.28594349287075,0.8515144857960282
1789321017.9034905,LIDAR_ONLY,25.446442286634102,-30.396735297817116,-11.475730821912675,0.1741687614344201,0.08472361483913815,-0.8049347919928368,0.560862846218608,-13.605437752943711,-39.525531786332756,0.5482765872792322,72,20.99753139516163,-35.30551720920175,0.8516019349129583
1789321018.0202389,LIDAR_ONLY,25.47456652837274,-30.42435324369333,-11.479268234817333,0.17443078833069298,0.08500610828230647,-0.8046016192830175,0.5612166211759733,-13.629821740134094,-39.52738582961353,0.5487803882688259,78,20.980157811653,-35.32755956253686,0.8520604917641866
1789321018.1461,LIDAR_ONLY,25.515819364928422,-30.451010568253754,-11.482748551558391,0.17465958474952245,0.08484077191548595,-0.8042020891747165,0.5617428883777082,-13.657205835014498,-39.52946662357242,0.5493426979608512,83,20.964077807607016,-35.347897156767765,0.8510015065769305
1789321018.2752776,LIDAR_ONLY,25.556299517575987,-30.484237036770587,-11.488290292246019,0.1747950548769385,0.08477366965128294,-0.8038593818328196,0.5622012166153508,-13.685091004086182,-39.531586267169004,0.5499148230293969,86,20.94438114611675,-35.368829820717664,0.8508787112448691
1789321018.379995,LIDAR_ONLY,25.598988918544777,-30.513944469698657,-11.493292167061979,0.175027224070521,0.08453805758443389,-0.8034935509602138,0.5626872143734608,-13.706503204954961,-39.533214222999106,0.550354046801228,86,20.931653813790916,-35.390933302106205,0.8507016291153644
1789321018.4967618,LIDAR_ONLY,25.637609009911323,-30.543694956735237,-11.49776678247908,0.17529791519849897,0.0844876073065342,-0.8031072847180226,0.563161765722356,-13.730654382626645,-39.53505068943892,0.5508493812413582,82,20.921971807058288,-35.415427898691206,0.8507080948845975
1789321018.606389,LIDAR_ONLY,25.659183896688027,-30.569785404314228,-11.50217590009195,0.1756490282043535,0.08491139101496002,-0.8028114315481951,0.5634104009887541,-13.754307927789098,-39.53684977104214,0.5513342969026028,81,20.905802610627106,-35.43710586473507,0.8486308089087193
1789321018.7219229,LIDAR_ONLY,25.705978116672444,-30.59510555405515,-11.501267650921383,0.17599283147316916,0.08519929426505703,-0.8022518374736168,0.5640563737757056,-13.779705077703111,-39.53878169100749,0.5518548783192964,83,20.8902032324724,-35.45395274067716,0.8475648655225624
1789321018.8160791,LIDAR_ONLY,25.741834214758416,-30.62158965433529,-11.504262264940051,0.1762577933268448,0.08532615258257654,-0.8018847401863306,0.5644763072382287,-13.800871414351747,-39.54038783331092,0.5522858007189371,85,20.87773964599682,-35.47756159306608,0.8473080703583021
1789321018.9396777,LIDAR_ONLY,25.763986909888327,-30.643567436170525,-11.510121413293355,0.17610408240387235,0.08509727391435348,-0.8017327460869195,0.5647746541630234,-13.829488579553011,-39.54256523631091,0.5528299009060723,94,20.858891744848552,-35.49924849783965,0.8456105774801905
1789321019.0466776,LIDAR_ONLY,25.809969890087295,-30.66974500122108,-11.510625743477862,0.17613974391539483,0.08518116439115514,-0.8012201343407139,0.565477900694125,-13.85317579705626,-39.544364155039894,0.5532850711840438,89,20.845962001567973,-35.51674280858681,0.843830144819424
1789321019.161016,LIDAR_ONLY,25.84361606536208,-30.696330473069043,-11.516282927609332,0.17596550424606766,0.084712956647953,-0.800968814447264,0.5659583152267785,-13.87935607524197,-39.54635548855062,0.5537833780642218,81,20.824354251526533,-35.5335677203117,0.8427021945538421
1789321019.260863,LIDAR_ONLY,25.886216772347343,-30.723281407312676,-11.521071558211245,0.17581391830294335,0.08414442634981757,-0.8006809629925112,0.5664972878545943,-13.901299259111346,-39.54802480929679,0.5542006621657471,78,20.815292272653323,-35.557131693456206,0.8427688982353849
1789321019.392391,LIDAR_ONLY,25.921870368489284,-30.750928780663337,-11.526412558116371,0.1756799480977715,0.08378835382842797,-0.8003896449903347,0.5670030721180728,-13.928978293273302,-39.550130601239445,0.55472620459039,83,20.79946599796909,-35.57488992892844,0.8427536798662704
1789321019.5023131,LIDAR_ONLY,25.943889895793372,-30.775395846887207,-11.528871372328663,0.17595286425986473,0.08410728757156118,-0.8000998040513789,0.5672802281880177,-13.953660358642505,-39.55200800664973,0.5551938059809671,82,20.787674892288262,-35.599132528248504,0.8427269905436396
1789321019.6028552,LIDAR_ONLY,25.9797194807423,-30.79965205777861,-11.530551310144578,0.17598620624406006,0.08414961876130385,-0.7997131375103576,0.5678085897267584,-13.975082945459699,-39.55363814821136,0.5555991599486471,81,20.77674310871813,-35.61973434317456,0.8434233592588272
1789321019.7172976,LIDAR_ONLY,26.00772138427535,-30.826743872494603,-11.53495445153091,0.175886753651621,0.0841808518107206,-0.799482710694726,0.5681591584921682,-14.000960831988275,-39.55560765348981,0.5560924500375894,71,20.760849677690917,-35.63940946828028,0.844255863842613
1789321019.8451517,LIDAR_ONLY,26.042532868526486,-30.851589894350013,-11.538075036195417,0.1758653920009484,0.08415980137425601,-0.7990735776843749,0.5687441508936089,-14.026606158001668,-39.55757115795294,0.5565829811792654,71,20.745697460482898,-35.65962241458026,0.8445999503470931
1789321019.9874587,LIDAR_ONLY,26.072578479413146,-30.878176826423324,-11.543400469137683,0.1758575305439076,0.08399840266419074,-0.7988459179850843,0.5690901480604202,-14.053502568649991,-39.559617966020845,0.5570949012898633,80,20.73320778860534,-35.67797660286746,0.8445556680833936
1789321020.1060822,LIDAR_ONLY,26.111119625920367,-30.909854056791733,-11.547461333762744,0.175602154134805,0.08363498762470636,-0.7985063838609114,0.5696987162014694,-14.077938564538435,-39.56139961988892,0.5577106780989844,87,20.718542356274007,-35.69778862388808,0.8446002371688923
1789321020.2167237,LIDAR_ONLY,26.136058803669936,-30.93834334178624,-11.552293078690088,0.17535925080885043,0.08365237888727342,-0.7982751592605606,0.5700948892682565,-14.103177914744133,-39.56325814385832,0.558359707281609,67,20.69016928156437,-35.71617885808278,0.8440770596980232
1789321020.323334,LIDAR_ONLY,26.154694967832555,-30.96049608129286,-11.55683001136974,0.1753098612473796,0.08387626792303413,-0.7980336124509935,0.5704152677016506,-14.128487039438646,-39.56509302209295,0.559084111166624,68,20.66039854150869,-35.73294061365502,0.8431986259688943
1789321020.4308414,LIDAR_ONLY,26.17802000403743,-30.97898334059722,-11.558377484425867,0.175338362987835,0.08447964424483226,-0.7977348698402593,0.5707352500187431,-14.152985170885712,-39.56686903768661,0.5597756056630047,68,20.624692018838644,-35.75140706492765,0.8400293554206947
1789321020.5526004,LIDAR_ONLY,26.207223388625973,-31.00144526376687,-11.562521143810148,0.17505584944066993,0.08422809261975739,-0.7974623772588827,0.5712397350034876,-14.178923735409526,-39.56875159744176,0.5604988939610928,75,20.597385489751392,-35.768119003019414,0.8392486349719852
1789321020.6817048,LIDAR_ONLY,26.243863276007563,-31.02857533710613,-11.566870061621518,0.1750124696867242,0.0835773412814055,-0.797215543575032,0.5716929600413594,-14.206823127436744,-39.57077353180157,0.5612717584977666,58,20.570873550584725,-35.78674162845211,0.8384379055574087
1789321020.7964792,LIDAR_ONLY,26.27083147321518,-31.048464248294955,-11.57004303227509,0.17513423363191602,0.0831675441839176,-0.7969689803985166,0.5720590914294837,-14.229973085425137,-39.57244812785463,0.5619118584584134,59,20.547696086530372,-35.805307937824644,0.8383204646610704
1789321020.9148936,LIDAR_ONLY,26.304440850113114,-31.07817493721044,-11.575013172690852,0.17500367727369123,0.08294490167047015,-0.7967440374572271,0.5724445781068406,-14.253618246634268,-39.574155622868794,0.5625660869207622,66,20.516446681688024,-35.81907264668357,0.8370098969731422
1789321021.0420985,LIDAR_ONLY,26.34666031755897,-31.104009052169715,-11.577153506515948,0.17490482775699992,0.08258165610348626,-0.7963921680776838,0.5730166541445597,-14.278996586858316,-39.575987816348565,0.5632681404438049,64,20.489365840228064,-35.84119844026438,0.8361632621148475
1789321021.1528227,LIDAR_ONLY,26.375241302117036,-31.129050462559167,-11.581852396116071,0.17466143068492954,0.08255396677540397,-0.7961509890912735,0.573429882173685,-14.302618193971815,-39.57769235802367,0.5639217689758647,61,20.466956194712154,-35.86275890323528,0.8365723016763512
1789321021.2643156,LIDAR_ONLY,26.395611035285018,-31.150688052460584,-11.587409933870978,0.1745858840332211,0.08205513726389863,-0.7961048935742354,0.5735884604593234,-14.327470255386848,-39.57948469180213,0.5646093327900716,66,20.427734955817144,-35.88222084845311,0.8352444416388525
1789321021.3758152,LIDAR_ONLY,26.42487085728495,-31.17881945198713,-11.59477642229851,0.17454953211206065,0.08126538847890442,-0.79604207445278,0.5737991052413276,-14.352307496011521,-39.58127438014324,0.5652967026018009,63,20.407446374321843,-35.90616440360499,0.8352654620183374
1789321021.502185,LIDAR_ONLY,26.45946598419369,-31.205070200680755,-11.598324887499025,0.17425316376459354,0.08089605057397083,-0.7957571487875594,0.5743363335825599,-14.37861934112815,-39.58316926723877,0.5660240572939691,61,20.39738170436408,-35.930087098728904,0.8366828309719911
1789321021.6234999,LIDAR_ONLY,26.47636517894244,-31.227170430936052,-11.603414907365101,0.1741321054613371,0.08083399995556181,-0.7956320415815564,0.5745550702130741,-14.401932711216569,-39.58484705989761,0.5666673599861825,61,20.38398380502713,-35.94857284346095,0.8366374926242187
1789321021.7452476,LIDAR_ONLY,26.49200632613105,-31.25010757259672,-11.61056446036295,0.1735810662037383,0.08098803819088442,-0.7954858043604415,0.5749025014614102,-14.427197472947315,-39.586665954712295,0.5673640957509011,66,20.373305188787555,-35.971542213546016,0.8380942377743512
1789321021.8600886,LIDAR_ONLY,26.517220994553583,-31.272299578482173,-11.61550545461167,0.17364698042826215,0.08043138647948334,-0.7952910353462086,0.5752301168707098,-14.451186297408883,-39.58838918888178,0.5680217135636969,61,20.357094608742017,-35.99333327428386,0.8388721948090989
1789321021.9607751,LIDAR_ONLY,26.551966184526222,-31.29740170347058,-11.620916263302966,0.1733569466003071,0.07977665141623005,-0.7950477382963611,0.5757448643141097,-14.474371053073138,-39.59005232145023,0.5686558299750312,66,20.333797074299497,-36.01238288414446,0.8403700302188263
1789321022.0840027,LIDAR_ONLY,26.57603212261875,-31.32340834192583,-11.628186813309819,0.1732471723632424,0.07905835106750879,-0.7950040419494461,0.5759372949190484,-14.501589142453911,-39.59200384905866,0.5693859481904197,69,20.315316189484847,-36.03314942042595,0.8419885665720435
1789321022.1920357,LIDAR_ONLY,26.60535378246425,-31.34458361154978,-11.63208105643094,0.17292457765816285,0.07882164575059467,-0.7947374290245875,0.5764344347020766,-14.525749051610381,-39.59373165123681,0.5700119463610938,63,20.30146694395439,-36.05345950312527,0.8437752598425884
1789321022.296248,LIDAR_ONLY,26.632378994358902,-31.36930343895062,-11.63692381466392,0.17247307936955067,0.07853018321826705,-0.794510606585915,0.5769219559342249,-14.547957925516446,-39.595321848147556,0.570540125403655,69,20.28563390782549,-36.071884789094675,0.8454523267263797
1789321022.409816,LIDAR_ONLY,26.679420210730648,-31.393449950725945,-11.641187059165617,0.17196758565672837,0.07763460525702238,-0.7941249904554695,0.5777244300564781,-14.568723513354046,-39.59684830902893,0.5711063712545004,60,20.2694207151724,-36.09140327639465,0.8467118656156065
1789321022.5210607,LIDAR_ONLY,26.698756988308528,-31.414284745688413,-11.6444278123391,0.17213999817321712,0.07778472161377271,-0.7938908913460906,0.5779745762143026,-14.58761867836643,-39.59751700235658,0.5717140231789215,63,20.24153724879099,-36.10890719882396,0.8466485476797185
1789321022.6384325,LIDAR_ONLY,26.66914179625503,-31.424076548354698,-11.650850839676265,0.17281543165936575,0.07835393091031743,-0.7942536599423436,0.5771972035270792,-14.612193026718966,-39.599332265021154,0.5724538805636048,63,20.217781112506664,-36.12389555196967,0.8475363537523628
1789321022.748906,LIDAR_ONLY,26.693106384425672,-31.45473209860351,-11.659619731863204,0.17275759488735226,0.0778798943706395,-0.7942047914134984,0.5773458969780569,-14.636514156142871,-39.60105235849978,0.5731456978168328,69,20.20832360822596,-36.135371565062194,0.8486202146186798
1789321022.8765297,LIDAR_ONLY,26.71306532986591,-31.476959995923885,-11.666594283229845,0.17242090716741812,0.07711608570852596,-0.7941432129098003,0.5776337052889655,-14.66260253051462,-39.60294682772958,0.5738813779726846,68,20.195897083695616,-36.155613026959145,0.8493496052323923
1789321023.0052164,LIDAR_ONLY,26.726822163969725,-31.496970911221087,-11.669751243698926,0.17241758549834474,0.07720476291742108,-0.7940014306883495,0.5778177297891093,-14.689891503453739,-39.60496500397853,0.5746388161237573,67,20.177956821221773,-36.174000844164034,0.8511567963616488
1789321023.1055396,LIDAR_ONLY,26.742211246418147,-31.51857005971298,-11.676615922316659,0.1720152631321318,0.07681861180011497,-0.7939592204293922,0.578047062466231,-14.711221253104721,-39.60654217323113,0.5752305921730402,78,20.169098392233504,-36.19407670517573,0.8520544639158664
1789321023.2221777,LIDAR_ONLY,26.768533676972375,-31.545656491961452,-11.682179758642324,0.17170261990490227,0.07647100471439287,-0.7938540533438299,0.5783304745085941,-14.736502873428623,-39.60841240429369,0.5759321136809469,78,20.155361113930468,-36.21293338177286,0.8531888581533793
1789321023.3329744,LIDAR_ONLY,26.801290586206534,-31.567977789180212,-11.68304883236727,0.1717279644021032,0.07646643139835695,-0.7935497405708692,0.5787410477505606,-14.760281289052521,-39.610170951502994,0.5765915631985343,60,20.145837506567513,-36.23491026405446,0.8539493845560051
1789321023.45221,LIDAR_ONLY,26.823673303364462,-31.588355323050905,-11.686975003840136,0.17146063212788873,0.0763007008752607,-0.7934110099511824,0.5790323168567483,-14.78503707188337,-39.612002443023556,0.5772779702925324,66,20.13743418646786,-36.25948673666517,0.8547596664400581
1789321023.5679634,LIDAR_ONLY,26.84851006782196,-31.61833290943217,-11.694156457914263,0.17107921865577577,0.0758095927005005,-0.7933452632159185,0.5792996633276932,-14.810292803650665,-39.61387024878066,0.5779787817238802,75,20.119290468446657,-36.27365566583439,0.8550734182985948
1789321023.693327,LIDAR_ONLY,26.870268782132413,-31.641298864891635,-11.698129467004488,0.17093391881386827,0.07548211302171015,-0.7932340662701479,0.5795375415978142,-14.838758569741712,-39.61597684334696,0.578767718232063,73,20.100956026933847,-36.29166822239918,0.8557847212380676
1789321023.7974243,LIDAR_ONLY,26.904927409329826,-31.66925329124563,-11.703699920765272,0.17062003965424452,0.07473667864872097,-0.7931062861251038,0.5799014138987652,-14.862019631429565,-39.6176981542863,0.5794131145162393,67,20.08624742629346,-36.313236806878315,0.8566793504604079
1789321023.9154716,LIDAR_ONLY,26.925636628222307,-31.693628611662824,-11.709298938041162,0.1702445106849831,0.0744716395597154,-0.7930315249083182,0.5801480690173039,-14.887500074198236,-39.619584141199844,0.5801187566446969,72,20.072390269692086,-36.329548877920516,0.8567898857447697
1789321024.0251517,LIDAR_ONLY,26.9435572130429,-31.714964491260172,-11.712462736569181,0.17012580596431787,0.07464475741273488,-0.7928768177878521,0.5803720549357922,-14.912228309811132,-39.62141646945901,0.5808040946903812,74,20.06180144222945,-36.34447117442611,0.8575479164530657
1789321024.1420536,LIDAR_ONLY,26.970710118088668,-31.73856625053488,-11.716028128933933,0.17003586418171865,0.07448945214821934,-0.7926521486565115,0.5807251481043764,-14.936943732292427,-39.623246109966146,0.5814869650511699,74,20.04729562206459,-36.370771731490734,0.8586842704853496
1789321024.2504244,LIDAR_ONLY,26.99532894328237,-31.75588082295717,-11.717660439602893,0.16968658965541153,0.07472822339892524,-0.7923260126531512,0.5812414675433222,-14.95990824208574,-39.6249475341256,0.5821207975903694,81,20.034156070579886,-36.39628768001942,0.8609627680183627
1789321024.3626158,LIDAR_ONLY,27.02045945877195,-31.77457879403816,-11.721930192310914,0.1693395073870078,0.07431854757842385,-0.7921575874592944,0.5816246567627867,-14.98357665663162,-39.62670533131137,0.5827728973923245,77,20.019923655944968,-36.419494643907576,0.8625072707272067
1789321024.4819334,LIDAR_ONLY,27.045146120390008,-31.79519343663879,-11.726967760178537,0.1689555476819598,0.07403776569438297,-0.7919981714518326,0.5819891137946019,-15.00789591058682,-39.62851035664938,0.5834310757365422,68,20.002880185405743,-36.43719818838248,0.8635412915324686
1789321024.591793,LIDAR_ONLY,27.07945166725768,-31.82309021267012,-11.72999139362115,0.1684521804303144,0.07403505681799215,-0.7916407325700255,0.5826213382688818,-15.032207684504575,-39.63033255766981,0.5840685293700292,68,19.98333627502525,-36.45589348987492,0.8626588692115202
1789321024.7156155,LIDAR_ONLY,27.10939201856904,-31.843519365521896,-11.73016171503558,0.16863711531857287,0.07429486708053953,-0.7912555894561814,0.583057791489717,-15.058136222724482,-39.63229242248171,0.5846767941921847,67,19.968798953262482,-36.47468770668761,0.8637969505753699
1789321024.8214667,LIDAR_ONLY,27.13836872282081,-31.869397803785738,-11.734339174676942,0.16844737682690053,0.0743877456818746,-0.7909819483312214,0.5834719375828199,-15.077948342898864,-39.633387228364484,0.5852480200915438,61,19.960828689378054,-36.49244295291916,0.8640967038299304
1789321024.9459956,LIDAR_ONLY,27.166179106250336,-31.893176602913343,-11.739283493635023,0.16860217552557263,0.07353379016612221,-0.7909208791511148,0.5836182408344315,-15.097988559165406,-39.634321496349294,0.58590881413467,78,19.946194482660953,-36.50765391396213,0.8650530974451717
1789321025.0666254,LIDAR_ONLY,27.157910230867188,-31.909029322230797,-11.746518825723067,0.16846873944658033,0.07333643094968628,-0.7911491493382663,0.5833721584256314,-15.123233996141746,-39.63617059721715,0.586635985285566,72,19.935099185682674,-36.51996049345168,0.8650996360687425
1789321025.1678174,LIDAR_ONLY,27.182127833755686,-31.931936509945686,-11.750355588117493,0.16838126249576676,0.07328583957742911,-0.7909253794409077,0.5837071014764333,-15.143840797513917,-39.637685285976474,0.5872068002772094,69,19.924468230103358,-36.53312474889431,0.86597561093474
1789321025.280238,LIDAR_ONLY,27.2163134802488,-31.951595925296214,-11.752885835686694,0.16794117971790265,0.07302016670529002,-0.7905621131955797,0.5843589312991035,-15.168431388000831,-39.63947506017341,0.5880092920661015,93,19.921169729632414,-36.55698830606729,0.8671314953488084
1789321025.4101236,LIDAR_ONLY,27.245098124817257,-31.978546513260486,-11.75894453971149,0.16768239595821943,0.07282428323151337,-0.7903414291058228,0.5847560716200326,-15.196084144616124,-39.641498049683555,0.5890187178811285,87,19.903221967435265,-36.58012881354543,0.8665693604745053
1789321025.5213768,LIDAR_ONLY,27.27673807883737,-32.00415639779965,-11.763428443596476,0.16757146187880176,0.07260892606159,-0.7900842724453343,0.5851620215414792,-15.218505130882177,-39.64313906503218,0.589837016212635,100,19.886505885767892,-36.595761080667415,0.86565321955732
1789321025.6381652,LIDAR_ONLY,27.30092279619431,-32.02810074310526,-11.768760697359088,0.16753278420110881,0.07254195774292488,-0.7898729976919262,0.58546654738065,-15.243665630154865,-39.64498050374038,0.5907553205464947,98,19.87632406096154,-36.615159458012805,0.8662935572407943
1789321025.754198,LIDAR_ONLY,27.327704889864354,-32.049688651770836,-11.771503565929391,0.16753616516682954,0.0727478794395223,-0.7896112219837873,0.5857930500744403,-15.269074862143102,-39.646840096825194,0.5916827248741453,100,19.865119826578375,-36.635493030032386,0.8669332094577776
1789321025.8667438,LIDAR_ONLY,27.35222032786567,-32.07051504108534,-11.775685800558392,0.16748614956361327,0.0727568004158959,-0.7893710088711048,0.5861298900853044,-15.292740208220525,-39.64857210399664,0.5925464921842847,104,19.84620380709758,-36.65706983268338,0.8661540323838562
1789321025.9814248,LIDAR_ONLY,27.387524771644404,-32.09863163963696,-11.77880059005632,0.16755986175781099,0.07281427380644538,-0.7890782487916184,0.5864957728250871,-15.317650995716837,-39.65039553556017,0.5934557367254893,100,19.83340775137041,-36.6750539318825,0.8661580528779768
1789321026.1033301,LIDAR_ONLY,27.4171081163475,-32.124585877501744,-11.783836597590486,0.16743616755833401,0.07280558016252817,-0.7888599339325727,0.5868257679469028,-15.345052625965394,-39.652401467181555,0.5944559118681884,98,19.818529707843144,-36.69533930789194,0.86513469934488
1789321026.214765,LIDAR_ONLY,27.441537168766025,-32.15123101545865,-11.790218860783126,0.16745766899351325,0.07262611147112868,-0.7887192012993843,0.5870310030394507,-15.368468126930722,-39.65411571662349,0.5953106123322598,99,19.80332384676491,-36.7114760195018,0.8642395405330916
1789321026.3262916,LIDAR_ONLY,27.46804223407266,-32.17648942460228,-11.793741477472608,0.16724993978101105,0.07296550466119989,-0.7884244269351225,0.5874439682087207,-15.393876596830669,-39.65597511915515,0.5962379895364407,100,19.785944508177824,-36.73157275510753,0.8639747096162925
1789321026.450239,LIDAR_ONLY,27.50584460098051,-32.20574014715062,-11.796943548514921,0.16730956022526655,0.07288370308944093,-0.788086901741025,0.5878898810027523,-15.420286108617983,-39.65790757820654,0.5972016407515475,103,19.767206447735447,-36.75005523421609,0.863318914650733
1789321026.5536346,LIDAR_ONLY,27.53818538896234,-32.230604057760544,-11.799949539218789,0.16737346231469216,0.07271760111876541,-0.7878260043921411,0.5882418392156739,-15.442216314262376,-39.65951249352862,0.5980019553618862,101,19.75719458607509,-36.77017799393665,0.8638377749601487
1789321026.6720092,LIDAR_ONLY,27.57428962303875,-32.25248487091985,-11.801203391669384,0.1673669850941146,0.07276876063396334,-0.7874330247979403,0.5887633066299818,-15.468893195900218,-39.661465172354575,0.5989757049360914,104,19.74176495303787,-36.79054949392455,0.8633073804323969
1789321026.7917037,LIDAR_ONLY,27.600226896533847,-32.278178598416176,-11.807580519171958,0.1672706502063761,0.07248309214410832,-0.7872782272911137,0.589032871549735,-15.494841832437384,-39.66336451667125,0.5999232033745453,101,19.728292693188237,-36.81327639877954,0.8638217498291284
1789321026.9047282,LIDAR_ONLY,27.630358848205898,-32.30147461372511,-11.810662717194198,0.1672968014132934,0.07236577753474091,-0.7870186476289234,0.5893866496307955,-15.51930400590129,-39.665155407137235,0.6008142943281327,99,19.716816261841515,-36.83322630191962,0.8644269054284202
1789321027.0082104,LIDAR_ONLY,27.65225138009008,-32.32642174280285,-11.815767738677158,0.16711876111258536,0.07256939731507009,-0.7868379748826756,0.5896532909600796,-15.54196619677958,-39.666815477945676,0.6016373974603612,96,19.707211392534674,-36.85605087348959,0.864403949340422
1789321027.1230526,LIDAR_ONLY,27.687741949625043,-32.3557477484956,-11.819671029320167,0.16710716280633087,0.0726519161425504,-0.7865394007629536,0.5900446307416822,-15.567321859244817,-39.66866943483171,0.6025583115496385,99,19.69054421262381,-36.87341107239852,0.8642038011602056
1789321027.2424657,LIDAR_ONLY,27.699370552435543,-32.38231787665364,-11.82625941233133,0.1670822989722792,0.07299885092206056,-0.7864287698571474,0.5901563039358053,-15.593894171792934,-39.6706088895088,0.6035241786723867,110,19.671887785691805,-36.89117448379598,0.8634804708345927
1789321027.3434622,LIDAR_ONLY,27.719351743902966,-32.403159886849764,-11.829322688957822,0.16712261662482916,0.07314718545930324,-0.786216045589226,0.5904098999253764,-15.61622186135263,-39.67221229918951,0.6043407477224779,113,19.654725462231763,-36.90904114353862,0.8630122200811031
1789321027.4733284,LIDAR_ONLY,27.7493566532549,-32.43182681821229,-11.83441588851569,0.1670682078852369,0.07301072168554518,-0.7859810671853008,0.5907549495850432,-15.644007119085277,-39.67424326022428,0.6053630069734377,100,19.64293645199471,-36.92336125122934,0.8630313645343637
1789321027.573656,LIDAR_ONLY,27.77751040007484,-32.45637054755554,-11.837260025472848,0.16704379410558837,0.07327252428592773,-0.7856895069051906,0.5911171683978199,-15.666131942616513,-39.67585974267209,0.6061741739002567,110,19.63823729150697,-36.94634134925694,0.8636428929047297
1789321027.6934137,LIDAR_ONLY,27.802511288959682,-32.48151956236453,-11.841765634523865,0.16688670594698832,0.07345395451711606,-0.7854418914598387,0.5914679865250122,-15.693523609639936,-39.677862762282764,0.607174018211367,104,19.627717371419248,-36.96531567864478,0.8634613916231106
1789321027.7954357,LIDAR_ONLY,27.83489058811871,-32.50517902125964,-11.844945037793769,0.16694502696389577,0.07324647051625918,-0.7852065847482651,0.5917896009536671,-15.715945203098268,-39.67950164904011,0.6079923377002495,99,19.614934091310285,-36.98215530156435,0.8640715213077447
1789321027.9076211,LIDAR_ONLY,27.869745888523372,-32.52805237213242,-11.846849790325294,0.16669492301759747,0.07359262094660853,-0.7847798870230092,0.5923828641229583,-15.74110674594931,-39.68134162139432,0.6089105766356386,99,19.607709365774245,-37.00143514034311,0.8653953779875967
1789321028.0249722,LIDAR_ONLY,27.88556973153927,-32.550993510137985,-11.854274118054759,0.16663722341328735,0.07325025579643583,-0.7847407366599704,0.5924933856383835,-15.768011202172039,-39.683309025365425,0.6098924520852405,106,19.593961398245742,-37.020079468410806,0.8654579736868119
1789321028.1355922,LIDAR_ONLY,27.921320982970666,-32.57400085661423,-11.857240305918017,0.1666999012637549,0.07287878181026501,-0.7844710272387281,0.5928785992962818,-15.792922286018559,-39.68513045856185,0.6108015898502408,98,19.578247957154403,-37.03581032529626,0.865237813607419
1789321028.2416966,LIDAR_ONLY,27.95932383003615,-32.60173250697532,-11.860106448835232,0.16670057822380743,0.07288928066499299,-0.7841527586408683,0.5932980036203596,-15.817833073074357,-39.68695173749178,0.6117107156165225,106,19.570759408557937,-37.05550511893214,0.8656396845583673
1789321028.3446343,LIDAR_ONLY,27.982837131932612,-32.62513231127033,-11.865217902039863,0.16660086475468558,0.07289549271388082,-0.7839859246421762,0.5935456755532329,-15.840252502162096,-39.688590763731504,0.6125289098451974,103,19.552792268003046,-37.07393556166274,0.8651542854408437
1789321028.4554884,LIDAR_ONLY,28.017514130839448,-32.652993954529634,-11.8694443682153,0.16652543691740299,0.07264744600530301,-0.7836693651898997,0.5940151121909562,-15.865660967264052,-39.69044827197246,0.6134562100205677,101,19.542208087527165,-37.093048984522476,0.8655507568415479
1789321028.5740502,LIDAR_ONLY,28.03985259166176,-32.67586655889631,-11.875380888961796,0.16642908606377393,0.07246969763341471,-0.7835319877032925,0.5942450054334709,-15.89231448304714,-39.69239677355334,0.6144288094825723,110,19.528988277004967,-37.11275498056686,0.8660169207991391
1789321028.6905081,LIDAR_ONLY,28.073110754875984,-32.70093946149458,-11.878884290519663,0.1662974509178786,0.0724417828639215,-0.7832426672504397,0.5946665200867872,-15.915235136423657,-39.69407256570588,0.615265208112895,113,19.511944104012144,-37.12989915068223,0.8658850618159635
1789321028.8052197,LIDAR_ONLY,28.09666648449953,-32.72831206331321,-11.885441631594217,0.1662712713934347,0.07217235384871593,-0.7831330207941544,0.5948509791460121,-15.9404012438506,-39.695912315560506,0.6161835196608866,107,19.500385927312333,-37.150734643965926,0.8674239330869274
1789321028.9289424,LIDAR_ONLY,28.117641738455237,-32.75461253789044,-11.890889288098647,0.16630446632489665,0.07214421369350181,-0.7829875849495906,0.5950365356225995,-15.967570235534684,-39.69789878978398,0.6171750589071764,105,19.490181811629668,-37.17358270986814,0.8676737620611744
1789321029.0276244,LIDAR_ONLY,28.137776009083353,-32.77777860369846,-11.895861708883846,0.1662192127838144,0.07228162063338106,-0.7828093971671609,0.5952780764709275,-15.991017758259373,-39.69961310545145,0.6180312920161954,112,19.47298933476846,-37.1933882305169,0.8674471288086066
1789321029.1327386,LIDAR_ONLY,28.170371807695854,-32.802373263774015,-11.89953789513069,0.1660828859896979,0.0720410196031799,-0.7825298533891931,0.5957126782523224,-16.01548448407734,-39.70140331645703,0.6189244683783173,107,19.45823001777292,-37.2107381269329,0.8674189006532854
1789321029.2353423,LIDAR_ONLY,28.193357138312944,-32.82589746519322,-11.904968505597765,0.166133750605597,0.071760943200411,-0.7824415339044113,0.5958482944189878,-16.03970065619782,-39.703174157703806,0.6198053110034512,98,19.43905042841948,-37.227180179731484,0.8672141535451097
1789321029.3482776,LIDAR_ONLY,28.235644692892212,-32.851656655353146,-11.906325304291961,0.16615880230330624,0.07162256972611045,-0.7820268772642046,0.5964020650193592,-16.06459291982148,-39.704995918097076,0.6207087564527013,92,19.424062781468574,-37.24520001549961,0.8670896814472856
1789321029.4535475,LIDAR_ONLY,28.272698261056345,-32.8786016822232,-11.908770153962276,0.16615424624157613,0.07182616149778967,-0.7816873141938885,0.5968238532504648,-16.08943461092544,-39.7068090647163,0.6216102661709297,83,19.410676973599124,-37.26509833528032,0.867770161928983
1789321029.5598943,LIDAR_ONLY,28.305620136344352,-32.900194183443524,-11.911181825241027,0.16597650014237314,0.07199664769736065,-0.7813202542769553,0.5973331937682896,-16.114250495035343,-39.70861926400277,0.6225123485841875,82,19.394314436835053,-37.289466777020934,0.8684529180266811
1789321029.678338,LIDAR_ONLY,28.328919796795248,-32.923414952172635,-11.917020125004385,0.1658919740831934,0.07163873604341917,-0.7812254423507273,0.5975236837622363,-16.141766984069683,-39.71059808801355,0.6235218842734341,97,19.37447415537571,-37.302641435534056,0.8671801639932702
1789321029.7764165,LIDAR_ONLY,28.356959142209035,-32.94880623167911,-11.921185552285143,0.16588092566831597,0.07159702797238478,-0.7810288233668756,0.5977887261860148,-16.163836500420356,-39.71220881779144,0.6243350179460962,99,19.35690714933665,-37.32760523445133,0.8674125777423685
1789321029.8866227,LIDAR_ONLY,28.380833965409536,-32.97498238601936,-11.927057556444677,0.16579881952681996,0.07162440303778181,-0.7808333129417995,0.5980635699767444,-16.18870178282102,-39.714023917813016,0.6252449344723322,115,19.343926846692167,-37.34527900026278,0.8673485645120268
1789321029.997031,LIDAR_ONLY,28.41189590998058,-33.000546329924674,-11.930862982140608,0.16576794126119568,0.07165009012138192,-0.7805479940602722,0.5984413782519622,-16.213599283316025,-39.71584223639104,0.6261535000590881,107,19.333533142712426,-37.363138794178504,0.8676175786038465
1789321030.104493,LIDAR_ONLY,28.43930241230744,-33.02503784704171,-11.934927308124454,0.16570401767219395,0.07170301438491757,-0.7803101821365802,0.5987627876792168,-16.238509712784605,-39.71766121804171,0.6270628228540241,98,19.32523044971411,-37.383275866850276,0.8682582030747534
1789321030.2164528,LIDAR_ONLY,28.463106860034312,-33.05259700554301,-11.940306582958094,0.1655414972637887,0.0721453372818867,-0.7800630367201256,0.5990765574908785,-16.264667837812905,-39.719572452532745,0.6280173753744338,103,19.312040908074827,-37.40546430401511,0.8680807021628866
1789321030.3302457,LIDAR_ONLY,28.49023812432808,-33.07517192633609,-11.943713594919787,0.16560364208076617,0.07212831430310829,-0.779861777456499,0.5993234085765112,-16.290824853341206,-39.72148361584939,0.628971908731535,103,19.297076867703755,-37.422337950657514,0.8678173172540877
1789321030.4411535,LIDAR_ONLY,28.513611567330727,-33.101716595460616,-11.948943221244122,0.16565242862060392,0.07220285623744248,-0.7797125866909433,0.5994950396783691,-16.315735670294206,-39.723303529912535,0.6298809735894284,95,19.279741984801568,-37.440916858415676,0.8676656030266763
1789321030.5481064,LIDAR_ONLY,28.536598993566102,-33.123500375704374,-11.95357463025559,0.1655761406820958,0.07212019706223775,-0.7795565047677527,0.5997290010386456,-16.340645978790082,-39.72512327857662,0.6307900150634415,92,19.26308907673846,-37.45913561442294,0.8676722191324682
1789321030.6614766,LIDAR_ONLY,28.55942431568033,-33.14638559389361,-11.957727356832441,0.16548011846471736,0.07222144067851675,-0.7793565749959604,0.6000031024168028,-16.365805094863333,-39.72696101453328,0.6317081006912721,96,19.24730843706562,-37.47855565225163,0.867761133171772
1789321030.7646384,LIDAR_ONLY,28.594185685743906,-33.17213779580076,-11.961363398514983,0.16541590692295216,0.0720421645769664,-0.7790396087194572,0.600453821959822,-16.390216379127054,-39.728744162773005,0.6325988407271624,94,19.2325240957599,-37.49766214465872,0.8679610971110994
1789321030.876176,LIDAR_ONLY,28.61876569752159,-33.19459344742877,-11.965952984033686,0.1653105792631298,0.07218241853948981,-0.7788278625922094,0.600740602329765,-16.415379310868218,-39.730582498818386,0.633516978469796,105,19.224044733589448,-37.524823806456936,0.8685273769159491
1789321030.9918556,LIDAR_ONLY,28.642201012990615,-33.218136526495535,-11.971680788050817,0.16517692532005013,0.07188990028710616,-0.7786729240766749,0.6010132302107878,-16.441045018626397,-39.73245746334902,0.6344534923901506,94,19.207635137504358,-37.544638644227746,0.8683192275467861
1789321031.0947366,LIDAR_ONLY,28.66919873722678,-33.242817308467004,-11.974647998285933,0.16504651627389225,0.07223353743469699,-0.7783472174034506,0.601429607432015,-16.465226207322875,-39.73422434970934,0.6353359441151106,102,19.19201057409653,-37.56698298347877,0.8687307271103663
1789321031.2067916,LIDAR_ONLY,28.710231001194497,-33.27370181821694,-11.978438921163578,0.16503331373957245,0.07194502578018314,-0.7780136978587144,0.601899164782469,-16.490419175576562,-39.73606519641623,0.6362556820987169,102,19.176982322210762,-37.59459685670056,0.8689329488785092
1789321031.313339,LIDAR_ONLY,28.738454553619764,-33.29883500453223,-11.983092562139841,0.16498888821472638,0.0717777836473627,-0.7777732892895626,0.6022419173455424,-16.5151338310737,-39.737870831443814,0.6371578949186513,97,19.162017311444487,-37.61784276142581,0.8696761847015356
1789321031.422568,LIDAR_ONLY,28.770863764743755,-33.323325155947245,-11.985419505430876,0.16512502130318168,0.07191232260238216,-0.777460757096384,0.6025919982647233,-16.54012124506787,-39.73969793324008,0.6380696373330124,106,19.14827473530325,-37.6381481764018,0.8701001058273636
1789321031.5409708,LIDAR_ONLY,28.804764352811464,-33.348135418366454,-11.989453334917375,0.16507418528132276,0.07163161105295575,-0.7772371298566326,0.6029277482616717,-16.56831125851758,-39.74175898115391,0.6390924606413446,95,19.13301097744719,-37.65738817905607,0.8693958558945707
1789321031.6349552,LIDAR_ONLY,28.82568474438573,-33.37157853083267,-11.994365890389815,0.16507605182274204,0.07152904846526084,-0.7770898094244463,0.6031292733974596,-16.589939329858662,-39.74333868363858,0.639876537968651,102,19.122623530035934,-37.67499903084706,0.8706897356455955
1789321031.751483,LIDAR_ONLY,28.84771099012781,-33.3971625629347,-11.999399378075095,0.16488497449681722,0.07176910899580377,-0.7768930723752119,0.6034064088775792,-16.615507498176637,-39.74520036615854,0.6408041470596971,91,19.104050321438574,-37.69478126869975,0.8701162703402257
1789321031.8518949,LIDAR_ONLY,28.875210223320288,-33.417465948068816,-12.003050620907166,0.1648971468254083,0.07153144800489972,-0.7766781863742271,0.6037078579293164,-16.639308532127224,-39.74693523133206,0.641670681870022,93,19.089368696524215,-37.71851617761019,0.870848054338598
1789321031.9619744,LIDAR_ONLY,28.900842002167156,-33.4406928385092,-12.007707481315453,0.16488971583493608,0.0713787211482451,-0.7765280162363838,0.603921103935855,-16.664078631493066,-39.7487109570532,0.6425850083961808,85,19.07130391401284,-37.740057458659315,0.8709869936532098
1789321032.0762873,LIDAR_ONLY,28.93023547929004,-33.463491548295075,-12.010567176872545,0.16494496538111958,0.07134814702983487,-0.7762916984794709,0.6042133722309435,-16.68936876999468,-39.750552677789635,0.6435153495850097,96,19.058379822242806,-37.76320997971042,0.8717158652839223
1789321032.1876225,LIDAR_ONLY,28.95676973338526,-33.487795514238265,-12.016083349252863,0.16483144379029444,0.0709350112572458,-0.7761915005671893,0.6044216853846296,-16.71424128292847,-39.75236751347072,0.6444227359754727,107,19.051399129495135,-37.78066151749625,0.8716862149126311
1789321032.3087544,LIDAR_ONLY,28.986692362631004,-33.510907734507356,-12.019021630230732,0.16480007165105565,0.07100987325066849,-0.7759361895017439,0.6047491745395316,-16.74012839493634,-39.75425394066476,0.64536692905765,97,19.041841837751964,-37.80126956595754,0.8719525617609442
1789321032.4256103,LIDAR_ONLY,29.010385477286924,-33.53481300501254,-12.023730855935678,0.16476979419998242,0.0710106820476824,-0.775763898316659,0.6049783235975971,-16.765033108382756,-39.75607038622947,0.6462759332767356,99,19.026578223072125,-37.82033585508691,0.8721844391605759
1789321032.5267963,LIDAR_ONLY,29.03549982914373,-33.55957581536718,-12.029288134790782,0.16463026358974442,0.0707897871382505,-0.7756214345026187,0.6052248116918147,-16.789197947922922,-39.75783389823752,0.6471578318695883,106,19.011453156463855,-37.84059222114498,0.872136259508453
1789321032.6344697,LIDAR_ONLY,29.064847080683197,-33.581391338441755,-12.031978136556566,0.16443996318466803,0.07106159375329722,-0.7753086094656436,0.6056453652836095,-16.813613329591966,-39.759616229281356,0.648048690632133,96,18.996763101882653,-37.85476212649182,0.8714413428860242
1789321032.7443478,LIDAR_ONLY,29.0941402035641,-33.606243403109104,-12.037327416921935,0.16420635660803407,0.07079146545338892,-0.775099577790693,0.6060078261682487,-16.839271484814656,-39.761489615111834,0.6489849638452221,99,18.987481184580624,-37.87416640934008,0.871834777875835
1789321032.8535554,LIDAR_ONLY,29.121938608362107,-33.63001465668962,-12.041091138447017,0.16424155484212563,0.07074163800421607,-0.7749038480762145,0.6062543678623659,-16.863682596474757,-39.763272398535904,0.6498757770414264,100,18.975318278375433,-37.89421180179881,0.8721906824898444
1789321032.9673913,LIDAR_ONLY,29.145691116422352,-33.65421729498797,-12.045516667850174,0.1641821975673209,0.07080899113456189,-0.7747411953162893,0.6064704222436227,-16.889090612678185,-39.765128047314555,0.6508028594984505,93,18.960685420541246,-37.91199090061891,0.8724965335485124
1789321033.0747766,LIDAR_ONLY,29.165617947011178,-33.67975135421268,-12.051704939698373,0.16409731499558355,0.07084256164154243,-0.7746077989186531,0.6066598392226932,-16.91350648215772,-39.76691120100347,0.651693755425621,107,18.950399005294624,-37.93138399508349,0.8722096143471045
1789321033.191848,LIDAR_ONLY,29.197647377012732,-33.70379151875086,-12.055323703195043,0.16403641660534896,0.07066044112808786,-0.774379256431446,0.6069892283192029,-16.93942163232207,-39.76880379574763,0.6526393174692039,102,18.93783388347978,-37.948477130861875,0.8720498788430057
1789321033.295344,LIDAR_ONLY,29.22724988890386,-33.727122653967406,-12.060525387940805,0.16380739576605438,0.0702651085611217,-0.7742099229179064,0.6073128904170293,-16.963350302317842,-39.770551491985714,0.6535124924529251,99,18.927911440736207,-37.969098279587634,0.8725967374942699
1789321033.4025714,LIDAR_ONLY,29.25247377231348,-33.752645662575326,-12.06441339000554,0.16381062872112334,0.07062865927764012,-0.7739485110995384,0.607602972814848,-16.988291250548095,-39.77237318284199,0.6544229719074031,103,18.913439751917295,-37.988217947782694,0.8725088803877138
1789321033.5274208,LIDAR_ONLY,29.279758886385327,-33.772846730726656,-12.066400682853923,0.16373160865170136,0.07090891743204085,-0.7736771207453966,0.607937166648047,-17.017250303809732,-39.7744879471438,0.6554801664408452,94,18.896701306070828,-38.00922882585524,0.872463625308598
1789321033.642236,LIDAR_ONLY,29.30601665767516,-33.795657069877095,-12.070295459766893,0.1637369299379162,0.07084828789611088,-0.7735073626314588,0.6081587768269243,-17.042990029338274,-39.776369221302055,0.6564197078331717,96,18.883177853465448,-38.03158828005817,0.8731663970112851
1789321033.7349467,LIDAR_ONLY,29.331730905482935,-33.817036144460566,-12.072983894646452,0.16381203382280682,0.07080743780130273,-0.7732785558958875,0.6084342193848248,-17.06474496797615,-39.77795860636916,0.6572120935671454,102,18.870818446560712,-38.05175485164921,0.8730432045129203
1789321033.839448,LIDAR_ONLY,29.362870950082705,-33.83980303404119,-12.075262287484298,0.16389783582117992,0.07081589011191258,-0.7729808340825203,0.6087883369956117,-17.0881822822372,-39.779672920891564,0.6580608120953677,106,18.854220631356828,-38.07547172622016,0.87369543167942
1789321033.943293,LIDAR_ONLY,29.3830575861505,-33.861807888921334,-12.079256349048999,0.16401420588121107,0.07098282151210324,-0.7727810032567456,0.6089912153100685,-17.112772641474656,-39.781466052160305,0.658951354318028,100,18.840556774854242,-38.09448026801565,0.8740613665765152
1789321034.0607092,LIDAR_ONLY,29.407360473549804,-33.88613315963265,-12.085398937172023,0.16377113875966617,0.07065789259195014,-0.7726642910800546,0.60924245552455,-17.139058558472264,-39.783375920304955,0.659903767498662,106,18.821380791367588,-38.1145575821389,0.8747742563061801
1789321034.158088,LIDAR_ONLY,29.435709960521546,-33.908859620416294,-12.08917908306307,0.1637188626770594,0.07047491978105472,-0.7724549316256227,0.6095431061810465,-17.162082240023576,-39.78502964159804,0.6607455342700281,104,18.80364179666285,-38.133762862522175,0.8741237089371655
1789321034.2684186,LIDAR_ONLY,29.462978043847972,-33.935730742593876,-12.095288916621763,0.16326845095128512,0.0704048905100588,-0.7722908009560764,0.6098798923352504,-17.187101460364197,-39.78683591577527,0.6616683194880549,86,18.782492066637477,-38.152150435584026,0.8736714063335809
1789321034.380176,LIDAR_ONLY,29.495273379376385,-33.95874798179214,-12.098083456034416,0.16323271930912403,0.07046793992462032,-0.7719858836578591,0.6102680920896348,-17.21238711852799,-39.78867610826637,0.6625998669240609,95,18.764770150650666,-38.1750204294549,0.8734699853771936
1789321034.4853904,LIDAR_ONLY,29.522367291453463,-33.98125792280564,-12.102804018451653,0.16295974421443019,0.07019212119018327,-0.771822127681671,0.6105798810224002,-17.236745636932206,-39.790451781694365,0.6634880666491563,102,18.752983934131873,-38.19409537910375,0.8740817388351558
1789321034.597929,LIDAR_ONLY,29.55176989494724,-34.002086097726995,-12.1044539237414,0.16313334499640433,0.07051971691241161,-0.7714873654638166,0.6109187558150241,-17.26262289069378,-39.7923352216713,0.6644316284186242,99,18.74275753867291,-38.216385385848994,0.8742595221112961
1789321034.7029934,LIDAR_ONLY,29.572699227898756,-34.019571365841514,-12.107567861509322,0.16308678922290262,0.07061232330942428,-0.7712769328026059,0.6111861352357516,-17.286523057237893,-39.79407746114278,0.6653041078719296,101,18.732675023228317,-38.23395542559852,0.8746581374554433
1789321034.814303,LIDAR_ONLY,29.601495571055942,-34.04380140654339,-12.111628404749226,0.1630498766067246,0.07044941971566868,-0.7710567554924406,0.6114925157430204,-17.311935399726764,-39.7959306128911,0.6662315724878265,96,18.71582254961812,-38.25389159296352,0.875169466761756
1789321034.9321833,LIDAR_ONLY,29.63242722632017,-34.06459185291868,-12.114661836589255,0.1629301199538217,0.07020557974847709,-0.7707916359130915,0.6118865961846472,-17.336854212852586,-39.79774863176898,0.667140762680762,101,18.702578389009734,-38.278984716019,0.8762780957229028
1789321035.0554092,LIDAR_ONLY,29.65885502599185,-34.084645148130356,-12.118198931559723,0.1627504433345038,0.0702315776789691,-0.7705718283051589,0.6122081967056551,-17.363017219220634,-39.79965832653487,0.6680953515576901,101,18.69359243599635,-38.29950532528236,0.8772541611344474
1789321035.1600275,LIDAR_ONLY,29.67979675400884,-34.10609625834528,-12.1226407009576,0.16285401797817506,0.06996184586280292,-0.7704602552341392,0.612351944600798,-17.38693676137976,-39.80140489925461,0.6689680896853637,100,18.676131562086237,-38.319701651213386,0.876401282278982
1789321035.2928014,LIDAR_ONLY,29.704936429314,-34.13006759875413,-12.127764602858973,0.16275310023169456,0.06971815683355931,-0.7703374218199257,0.6125610692139463,-17.414345531825585,-39.803406239940216,0.6699681489592993,105,18.664861775424693,-38.338590679358056,0.8764204474426366
1789321035.4016292,LIDAR_ONLY,29.73402902668846,-34.15595557596285,-12.13334176288364,0.16265087938365108,0.06931017468192079,-0.7702065412534882,0.6127990493886437,-17.437771627784013,-39.80511679159335,0.6708228040167541,101,18.648200307651297,-38.35941184325655,0.8768724741255375
1789321035.5096712,LIDAR_ONLY,29.761024767686223,-34.17649915159677,-12.135877817121042,0.16268427574467706,0.0695344146448756,-0.7699383321880114,0.6131017503098225,-17.46195620847513,-39.80688297062337,0.6717054279837609,95,18.637844133467834,-38.38254126964291,0.8782915039232795
1789321035.630741,LIDAR_ONLY,29.781095165615604,-34.199752013664416,-12.1405817626643,0.16268735027868456,0.06961246652239607,-0.7697760054313214,0.6132958764137969,-17.48790230099563,-39.808777766207946,0.6726525318426959,101,18.622441842058997,-38.403941062168215,0.8787894357005686
1789321035.748245,LIDAR_ONLY,29.809632505266066,-34.22279688924778,-12.144356343530836,0.1626165834053541,0.0694555356348492,-0.769571107150306,0.6135895096974019,-17.514621933374777,-39.810728676585306,0.673627996269929,99,18.611792661734572,-38.42907760536636,0.8800696590049447
1789321035.8770046,LIDAR_ONLY,29.839442958072347,-34.24339457002984,-12.146718471437788,0.16249404896775896,0.06947129985393637,-0.7692666424495989,0.6140018366104364,-17.543867383219467,-39.81286430809743,0.674695337166579,96,18.594388834570523,-38.448207280130596,0.8797362363869987
1789321035.9741755,LIDAR_ONLY,29.862397774109045,-34.26340278789263,-12.151398077258131,0.16232955393645043,0.06915996070387063,-0.7691327946890063,0.6142481256691885,-17.563384537373352,-39.81429135867342,0.6754077720292542,90,18.587470478407205,-38.474964362032686,0.8808663055218451
1789321036.0907552,LIDAR_ONLY,29.887826744934273,-34.289681228810444,-12.157181773981572,0.162187411668325,0.06907554302039387,-0.7689706865523106,0.614498084680526,-17.589401163129065,-39.81619088038847,0.6763529910920693,94,18.571933406784325,-38.49503983747328,0.8816116228474982
1789321036.2159636,LIDAR_ONLY,29.90640167258795,-34.312580216787794,-12.162973141786576,0.16205745505271155,0.06887695232464718,-0.7688772954364296,0.6146714986581598,-17.61430155418825,-39.81801170867457,0.6772530611149725,89,18.559730054883854,-38.51640111215875,0.8822377537129572
1789321036.3216379,LIDAR_ONLY,29.931131986405607,-34.337617572818495,-12.168168955923576,0.16196571863653986,0.06877129303058255,-0.7687193149405963,0.6149050577761671,-17.637117035704918,-39.81967106291585,0.6780780880620849,99,18.543909390187352,-38.53568304658054,0.8827452227562438
1789321036.4345555,LIDAR_ONLY,29.953662015959598,-34.36178907070656,-12.174243931193933,0.16171662216940882,0.0684837960425314,-0.7686197418300729,0.6151271382915842,-17.66235461008592,-39.821505102268446,0.6789934044076512,95,18.525999724294376,-38.55209043387016,0.8831178122039319
1789321036.5395138,LIDAR_ONLY,29.97739803345253,-34.38254023421738,-12.179591478626687,0.16151469824227904,0.06796686007956552,-0.7685243044595381,0.6153567271409435,-17.685585220818933,-39.82314802721826,0.6798546601429529,94,18.50553332411873,-38.57124265658178,0.8836102470490028
1789321036.6592457,LIDAR_ONLY,30.005482583060136,-34.40344998165402,-12.183322670840779,0.1612024779656179,0.06790933254522281,-0.7682625069206203,0.6157717142830211,-17.71185682972954,-39.82503146197926,0.6808156491878671,85,18.488944854740456,-38.590064346446155,0.8829420431078605
1789321036.7857327,LIDAR_ONLY,30.03577662549188,-34.42589389251284,-12.186477112706143,0.16122505450067035,0.06761611474028059,-0.7680211998209753,0.6160990013416956,-17.7383815156758,-39.826964606055704,0.6817907424527673,93,18.484307587259252,-38.60908727731331,0.8843502098484183
1789321036.886112,LIDAR_ONLY,30.061760169589853,-34.44905040006212,-12.188745165981391,0.16159130015395812,0.06765370204579448,-0.7678033997783471,0.6162703689151897,-17.76023841687392,-39.82855722262126,0.6825875126031146,88,18.4771844558426,-38.63055162818923,0.8858511295306065
1789321037.0065045,LIDAR_ONLY,30.088413859350894,-34.47110077103705,-12.192316118229815,0.1615741366417755,0.06754200514628646,-0.7676315717830946,0.616501132124751,-17.785595446926358,-39.83040358873496,0.6835120537792863,88,18.457333302077604,-38.649205717930165,0.8851207499642337
1789321037.1285572,LIDAR_ONLY,30.110217845890674,-34.49373571572282,-12.197431739669893,0.16146798163809817,0.0672432155743305,-0.7675145582632822,0.6167072593369255,-17.810979645479243,-39.83225413288019,0.6844387207681333,97,18.444558808890537,-38.67118949277737,0.8853391970663728
1789321037.2394857,LIDAR_ONLY,30.13647332397153,-34.51601886563277,-12.202529764692258,0.16125104001573629,0.06683127078495743,-0.767377739241435,0.6169790017948872,-17.83489142692487,-39.83399823577623,0.6853115949080781,101,18.431224408538572,-38.68907153782933,0.8854395756385518
1789321037.3551733,LIDAR_ONLY,30.169603215035664,-34.54030740552431,-12.205810246458457,0.16119303002901678,0.06658716350828622,-0.7671352033280098,0.617322068729831,-17.859810783203148,-39.83581657816467,0.6862209650701909,91,18.417494850900475,-38.708295687201876,0.8855011686258225
1789321037.470333,LIDAR_ONLY,30.19174774852744,-34.564194995684815,-12.211367220888576,0.16102475767894614,0.06635635989841279,-0.7670179279997877,0.6175365244601987,-17.884736852854655,-39.83763669054538,0.6871304101850197,97,18.404790456029737,-38.7265879862832,0.8856411927338497
1789321037.5863783,LIDAR_ONLY,30.21267711720443,-34.58443101388448,-12.21495910751403,0.16074968209436746,0.0666129779344037,-0.7667643981349522,0.6178953055575152,-17.910414521457724,-39.83951218612315,0.6880671761458483,89,18.388780146874108,-38.74727445347403,0.8856824151299435
1789321037.70381,LIDAR_ONLY,30.23253742298272,-34.608799139637725,-12.220360306853923,0.16078157823739583,0.0664435655137122,-0.7666715285240877,0.6180204721947778,-17.935347596203197,-39.84133322628773,0.6889767318324229,101,18.37855582720838,-38.77002912419168,0.8870514480788432
1789321037.865939,LIDAR_ONLY,30.25864674036398,-34.635821110160975,-12.225391493364643,0.1607393327514565,0.06640321310785224,-0.7665113815340686,0.6182344071420672,-17.96677140832554,-39.84362827966365,0.6901230896470394,91,18.36706002478899,-38.793594114216894,0.888365520671188
1789321037.985758,LIDAR_ONLY,30.280439323791118,-34.6590324713202,-12.229651516070719,0.16070611399711507,0.0664913082915731,-0.766358802704647,0.6184227003940922,-17.988484322684556,-39.84521503138443,0.6909159149977115,85,18.36706002478899,-38.793594114216894,0.888365520671188
1789321038.1249213,LIDAR_ONLY,30.31232365972246,-34.68209132004102,-12.233004406247074,0.1606282043883714,0.06627579249151534,-0.7661206422721107,0.6187610692093982,-18.013966717015574,-39.84707919395912,0.6918463956624327,77,18.33484003128301,-38.83519427830313,0.8882178627308945
1789321038.2523353,LIDAR_ONLY,30.343526447519743,-34.70696730312334,-12.237172776490654,0.16052265003842656,0.06603985257708386,-0.7659183085883463,0.6190641010956819,-18.039473262659932,-39.848945020431486,0.692777584646195,78,18.33484003128301,-38.83519427830313,0.8882178627308945
1789321038.3698094,LIDAR_ONLY,30.36245614659487,-34.7306883474579,-12.242909906415754,0.160441893608041,0.06587104602813124,-0.765814211789473,0.619231779781928,-18.064002573625057,-39.850739674271416,0.6936728631395094,99,18.302386723964165,-38.86762977949273,0.8868926992949777
1789321038.52163,LIDAR_ONLY,30.385849363076048,-34.75357315636719,-12.247254686020447,0.1602982868374492,0.06588780627743247,-0.7656575452797347,0.6194608781651489,-18.09306910712553,-39.852868247080394,0.6947334527731543,94,18.291860352183498,-38.89312410175509,0.8882284858294323
1789321038.637541,LIDAR_ONLY,30.40594840241819,-34.77955334915125,-12.253110059380639,0.16044904632099977,0.06555915837620517,-0.765624941331927,0.6194970133085136,-18.112324722134066,-39.85427800449958,0.6954294445608007,93,18.291860352183498,-38.89312410175509,0.8882284858294323
1789321038.7743194,LIDAR_ONLY,30.427149425910788,-34.80451332130159,-12.258556847567808,0.16035753550352547,0.0653832815685082,-0.7654952930413474,0.6196994784813931,-18.13793033255188,-39.85615262137087,0.6963531382358026,97,18.26609930800496,-38.93521372031275,0.8911025106559466
1789321038.9014933,LIDAR_ONLY,30.453627280604138,-34.828070236746484,-12.261872252152235,0.160385892267547,0.06554844574722342,-0.7652661005550492,0.6199577099794272,-18.16490224874446,-39.858111807783864,0.6973267981724445,93,18.24720458383014,-38.95626885036807,0.8913471105540479
1789321039.043187,LIDAR_ONLY,30.474425833215882,-34.85198710188235,-12.2675877854902,0.1603646475991501,0.06523368114408537,-0.7651996923153687,0.6200783640196273,-18.19056872076501,-39.85996689059891,0.6982662050898115,87,18.222306319673457,-38.973106177241284,0.8909976308804586
1789321039.170069,LIDAR_ONLY,30.488924135145368,-34.875012752670536,-12.272539693277677,0.1603930225159462,0.06543579671693961,-0.7650889663522892,0.6201863497386929,-18.213795733402016,-39.86159780898452,0.699128278133,77,18.222306319673457,-38.973106177241284,0.8909976308804586
1789321039.2944772,LIDAR_ONLY,30.527999639372744,-34.899296437729795,-12.27516737850175,0.16036621508185875,0.06507425339295037,-0.7647944873248014,0.6205944011697685,-18.23630639506116,-39.86322070561432,0.69995771925972,82,18.201493503811946,-38.99055368070681,0.8912148984051642
1789321039.4302785,LIDAR_ONLY,30.53857164266913,-34.923535838611244,-12.2810530035831,0.1602669449456065,0.06551383972260699,-0.7646856747379076,0.6207078717184387,-18.26406311599691,-39.86524906472106,0.7009708836931321,74,18.184813501356924,-39.03629528711384,0.8930722281703336
1789321039.562685,LIDAR_ONLY,30.5697263406399,-34.94644680986043,-12.285511463536071,0.16001506314555508,0.06502184079346468,-0.7645081116759606,0.6210432247179021,-18.289868228273768,-39.8671325906796,0.7019116551522835,75,18.171535881192643,-39.054187958324356,0.8933585079967641
1789321039.6836197,LIDAR_ONLY,30.60633164372164,-34.971597657156856,-12.289550467325212,0.159778930199922,0.06457041126749105,-0.7642751490082449,0.6214377298340846,-18.31147857317943,-39.86870995298557,0.7026995807291793,97,18.171535881192643,-39.054187958324356,0.8933585079967641
1789321039.809965,LIDAR_ONLY,30.63175106516763,-34.9943100242058,-12.294997267578488,0.15951116668351398,0.06405365462052826,-0.7641768166531263,0.6216808746639328,-18.33510291246134,-39.8704368477923,0.7035622013135941,101,18.14575128555421,-39.0939317716008,0.8934014855067299
1789321039.9580832,LIDAR_ONLY,30.667319375849335,-35.01666569259831,-12.2979929816987,0.15957956035453116,0.06343506099806784,-0.7639816545358302,0.621966549330365,-18.36347528324262,-39.87251161037481,0.7045981704290143,96,18.136082422637408,-39.11334386917879,0.8944989803625666
1789321040.0642376,LIDAR_ONLY,30.691721347209,-35.040713271020635,-12.30178843794476,0.15960387937275208,0.06354792634484852,-0.7637915642216538,0.6221822154082172,-18.383902720981677,-39.87400562941662,0.7053438830735838,96,18.123352218397923,-39.134106350973184,0.8955131160916703
1789321040.1819181,TRANSITION,30.702704963072723,-35.06334593973884,-12.302909352153696,0.15962120070392888,0.06343877264882393,-0.7637009979397876,0.6223000724380637,-18.410082256019134,-39.87592082967112,0.706299182334876,96,18.108605160680742,-39.15644499019887,0.8968059991487283
1789321040.307449,TRANSITION,30.707248816914138,-35.09590336777352,-12.304418809173926,0.1595220656490241,0.06351315986644408,-0.7636671973159328,0.6223593823816561,-18.435780648507723,-39.87780162059088,0.7072366909348575,95,18.094133488575004,-39.17265946740071,0.8971486106088294
1789321040.4212642,TRANSITION,30.71967229033909,-35.11166500390251,-12.305690847299106,0.15945289113686958,0.06352363164827353,-0.7635182874980111,0.6225587107947432,-18.45924298382514,-39.87951808338471,0.708092817433469,92,18.078564193019684,-39.194111509769776,0.8971804353305515
1789321040.5483983,TRANSITION,30.734376338761226,-35.13746084203129,-12.306108868317471,0.15952170068399818,0.06342757688803208,-0.7633794657001451,0.6227210939484537,-18.485727529336494,-39.88145932270021,0.7090597398048029,87,18.063917980413752,-39.215769423449274,0.8978347964179593
1789321040.6634696,TRANSITION,30.758018614850364,-35.16019772882719,-12.307245523544221,0.15950224056612694,0.0634183683726475,-0.7633443988460828,0.6227700013308676,-18.50923694920038,-39.883183612604974,0.7099184259347309,80,18.051842054524183,-39.23850154572726,0.8981854372472876
1789321040.7786696,TRANSITION,30.759661450804643,-35.18267954065764,-12.310286785717247,0.1594677467009853,0.06339209243261748,-0.763391722732789,0.6227235004736771,-18.534785998070443,-39.88512107188901,0.7108499875880284,93,18.038679430776913,-39.262678907982085,0.8989686589055242
1789321040.899876,TRANSITION,30.75203609655185,-35.21312469069785,-12.315652514272317,0.1593692396123026,0.06335576612427252,-0.763627495457129,0.6224632844964233,-18.562541804773023,-39.8874705254572,0.7118654854617052,62,18.021920791185025,-39.28073780048964,0.8995620834674057
1789321041.0140252,TRANSITION,30.69653417956715,-35.231357282148785,-12.326054815737713,0.1592690329134495,0.06343999946301193,-0.7646195212740208,0.6212614017542335,-18.586937716786334,-39.890365063683234,0.7127914357739407,53,18.001447146740237,-39.29589277271092,0.8986715888064841
1789321041.1275105,TRANSITION,30.653073959865235,-35.2518819349594,-12.333971284087708,0.1590381629027947,0.06343929876394766,-0.7665462707626799,0.618941946302455,-18.610204732787228,-39.89295272353221,0.7136927440568424,63,17.97947519022046,-39.31098481112196,0.8981938339144199
1789321041.2419908,TRANSITION,30.61684897358172,-35.27237464246188,-12.341295725465143,0.15920007504877703,0.06367192879835401,-0.767494223475169,0.6177004440016282,-18.634254788964853,-39.895258220840525,0.7145983626566322,56,17.968158130774462,-39.328028105004485,0.8985184271466158
1789321041.3505282,TRANSITION,30.577217013154403,-35.29768965681501,-12.35032148489859,0.15929261040668072,0.06352662888699362,-0.7686828803539377,0.616211701562745,-18.657089857315064,-39.89706934268313,0.7154340308812768,60,17.939875256017082,-39.34604599904012,0.8980121624404968
1789321041.4718292,TRANSITION,30.586450609533056,-35.31959355171519,-12.35103203407219,0.15930332639028316,0.06349810813118763,-0.7688307420043167,0.6160273781365914,-18.680326884940307,-39.898370423762195,0.7162735401181172,71,17.933483530552103,-39.368876317620554,0.8994154048681621
1789321041.5948408,TRANSITION,30.55839418587347,-35.33776640782419,-12.35786351513757,0.1591290480356886,0.06333140116950968,-0.769299666802356,0.6155039417866845,-18.704509943956655,-39.898711499949975,0.7170983842198386,93,17.923857631078462,-39.38842827256659,0.8997835132828967
1789321041.7147927,TRANSITION,30.46667819273875,-35.346508742864,-12.371943084716143,0.1590258444852752,0.06356466011202302,-0.7711319098284455,0.6132095012431905,-18.72937160260573,-39.89840912211476,0.7179158381875343,61,17.899621493617747,-39.401767163128554,0.8988920405005715
1789321041.8439524,TRANSITION,30.40935305211317,-35.3615246027775,-12.381620604073172,0.15905422853397616,0.0636892096934343,-0.7728624029121459,0.6110066637271244,-18.756073791830122,-39.89831364168771,0.7187876317919817,61,17.88263614878457,-39.412994739525615,0.898088439046507
1789321041.960133,TRANSITION,30.391999647720745,-35.388171335579685,-12.38745699839064,0.15918902524471792,0.06361746707588935,-0.7739547059347974,0.6095947713734641,-18.778480879097636,-39.89907698401153,0.7195789673707093,60,17.86626796948717,-39.4347630496704,0.8982211354200476
1789321042.076112,TRANSITION,30.409340708164954,-35.39639626519565,-12.387488246262324,0.1591838378189228,0.0635706369334672,-0.7739439775163762,0.609614632012096,-18.802259685753583,-39.90004641986665,0.720421047060203,62,17.84620723948126,-39.46507530842461,0.8999563772661965
1789321042.1841855,TRANSITION,30.41546180008524,-35.42986989236476,-12.38931956286563,0.1592221472592704,0.0635978739729809,-0.7739179881225461,0.6096347807569831,-18.825607472360424,-39.90099917596668,0.7212459052283772,97,17.840311545477636,-39.48216385959928,0.8999826080676147
1789321042.2960415,TRANSITION,30.425743201973987,-35.45374295094392,-12.39081557261438,0.15917842260471543,0.06353072465015855,-0.7738776928655483,0.6097043490804348,-18.848977950763956,-39.901949907944946,0.7220690870435345,101,17.83250378852516,-39.50047239373528,0.9001962378207184
1789321042.4162688,TRANSITION,30.43852920409015,-35.48254630928979,-12.39184857257145,0.15920482521338783,0.06365263844308895,-0.773749884846405,0.6098469323922054,-18.872875806650764,-39.90291894296878,0.7229099104682849,98,17.822279567748154,-39.51969925583145,0.8999483085522609
1789321042.5302336,TRANSITION,30.44516467574279,-35.48932985722942,-12.394571747572082,0.15912757262187605,0.06375672258464547,-0.7737016632851884,0.6099173978388116,-18.896852225587025,-39.903888819924255,0.7237533068620046,91,17.808473524830436,-39.535077131001536,0.8995428488341614
1789321042.6423106,TRANSITION,30.461363745245535,-35.52448867198179,-12.394955019531656,0.15912151425846374,0.06364670486006924,-0.7735784989040938,0.6100866714605703,-18.92101671375941,-39.90477848455567,0.7245985938690283,90,17.7974654337678,-39.55531446524465,0.900257088114402
1789321042.7557063,TIGHTLY_COUPLED,30.460700045561005,-35.54145811401056,-12.394633517441587,0.159104005443567,0.06367015088117783,-0.7736267594542682,0.6100275931422032,-18.945235604470255,-39.90502826915978,0.7254203392280032,70,17.786571661071644,-39.575735931697736,0.9005472854647666
1789321042.86424,TIGHTLY_COUPLED,30.463423916920494,-35.57513111424217,-12.39288317287261,0.15941942855723654,0.06343291287242589,-0.7750543044809414,0.608155026673765,-18.969966226562967,-39.90512564001782,0.7262512001188072,55,17.766155972020258,-39.58857711857433,0.9007682798346761
1789321042.9750865,TIGHTLY_COUPLED,30.464003571495578,-35.619592410012736,-12.392482477924757,0.15959774166426793,0.0632508129379052,-0.7759938488223803,0.6069278722452847,-18.996122468861188,-39.9053908096217,0.7271359125344833,53,17.74209725716645,-39.601766881619454,0.8993007166387619
1789321043.0803254,TIGHTLY_COUPLED,30.45920277973018,-35.64173051188553,-12.39234405584946,0.159683538356254,0.06305858893616206,-0.7766392831609022,0.6060991715806306,-19.019803962763714,-39.90577445240707,0.7279411380717199,58,17.727395997764397,-39.61202994939655,0.8985803875005831
1789321043.191845,TRANSITION,30.458958498905726,-35.65253433803697,-12.396036254455431,0.15971020327060256,0.06299281498029966,-0.776766768853055,0.6059355931431206,-19.045301214310427,-39.906506874706395,0.7288103836557265,85,17.70893986570755,-39.634741810308135,0.899516016548623
1789321043.299339,TRANSITION,30.469549390146653,-35.68586397977356,-12.397131185603495,0.15973132950042024,0.06292225288564743,-0.7767631792443698,0.6059419574827296,-19.06922555216125,-39.90725639136546,0.7296375672455002,90,17.696439050281914,-39.652545054475766,0.9000332898710072
1789321043.4141586,TRANSITION,30.480047065771988,-35.70840131082561,-12.398416944044124,0.159733271486668,0.06295257631597512,-0.776650023035301,0.6060833249930363,-19.094529516182707,-39.90804811029798,0.7305520373872643,94,17.691850341274566,-39.67311631625834,0.9006460460635193
1789321043.5204225,TRANSITION,30.48002169556088,-35.72613622537756,-12.402183824526757,0.15977129977485346,0.06294558283758238,-0.7767827806243512,0.6059038678660108,-19.11813627354998,-39.90884791994717,0.7313742086465826,81,17.67095425371796,-39.69621139969272,0.9006021728624573
1789321043.640947,TRANSITION,30.490841071385276,-35.755588087803815,-12.403839324858616,0.15975544567859573,0.06279384195938091,-0.7767692153730684,0.6059411828195221,-19.142802345367826,-39.909568217946315,0.7322298642530518,83,17.65499189443348,-39.715237748341266,0.9003913670585222
1789321043.7519593,TIGHTLY_COUPLED,30.489284286448125,-35.777717928082126,-12.403138318003812,0.15980995419930308,0.06284088099231455,-0.7767482466618055,0.6059488126258993,-19.16553155581857,-39.91023512320655,0.7330258973521535,103,17.64748398789316,-39.73955519098158,0.9016821875488482
1789321043.8651233,TIGHTLY_COUPLED,30.487920523155253,-35.802249531479966,-12.402185145012437,0.15987577312800966,0.0628605863331254,-0.7767061402723044,0.6059833789105741,-19.18951058766286,-39.91092153231175,0.7338586368334734,91,17.631264527952112,-39.75510734723217,0.9014601172470481
1789321043.9768772,TIGHTLY_COUPLED,30.486429902149215,-35.82327012693396,-12.401176341091643,0.15994058551136106,0.06274975649535183,-0.7767708416358311,0.6058948231751281,-19.214338258357284,-39.91098065199291,0.7346937993042163,91,17.616565292525472,-39.7738954707515,0.9015357341859127
1789321044.0880933,TIGHTLY_COUPLED,30.490068797761904,-35.842108553404366,-12.399122215404265,0.16011881212198673,0.06256121836264023,-0.7776280235683308,0.6047666632039481,-19.240290174761416,-39.91124060847074,0.7355691332407351,64,17.59247839749089,-39.79234662715198,0.9006541914509286
1789321044.1947217,TIGHTLY_COUPLED,30.48729822165099,-35.86379783161824,-12.398404420978112,0.16020651102605926,0.06240251444913423,-0.7779484792769877,0.604347551997942,-19.264803517501708,-39.911136638530586,0.7363860042323571,70,17.57507994045376,-39.813448254029744,0.9009139917854845
1789321044.3095012,TIGHTLY_COUPLED,30.484854727263958,-35.884914763012354,-12.397550790922981,0.16031518213860677,0.06223601673139243,-0.7786395128682512,0.603445299590251,-19.291130405432742,-39.91121670327464,0.7372591667761192,61,17.552825277084,-39.8245337474661,0.8998220938749343
1789321044.4101949,TIGHTLY_COUPLED,30.483396749502358,-35.91848633842679,-12.39646905256138,0.16048794662936391,0.06213449349863763,-0.7792324234284917,0.6026439695061405,-19.314551230432173,-39.91166494558414,0.7380620516370509,63,17.537737181617327,-39.83707667411295,0.8994430247194779
1789321044.526561,TIGHTLY_COUPLED,30.480260928811976,-35.94463986861171,-12.39623183592946,0.16055371099593682,0.062203345465372185,-0.7794030123159502,0.6023987002734748,-19.34035316898625,-39.91218276594226,0.7389559304900045,63,17.517754064800517,-39.86460531212581,0.8996042733093043
1789321044.6388857,TIGHTLY_COUPLED,30.477263417081208,-35.968491407802304,-12.396068677046301,0.16050639707030928,0.06219774273604459,-0.7794145674894852,0.6023969366482764,-19.363727585881957,-39.9126524413818,0.7397619240638584,99,17.513142290373967,-39.882780973352574,0.9002665084062283
1789321044.7429461,TIGHTLY_COUPLED,30.47443868048174,-35.98092263387676,-12.395741532482896,0.16058216170622094,0.06212255783412501,-0.7794085350227135,0.6023923079552482,-19.38836613254381,-39.913143055412455,0.7406095679746972,99,17.501560105690203,-39.901361383812464,0.9004949089789583
1789321044.8556128,TIGHTLY_COUPLED,30.47490748539986,-36.02536484560227,-12.39390510560538,0.1605606837435473,0.062122522261813515,-0.7794220606063732,0.6023805362922593,-19.413592239700076,-39.91363668743009,0.7414768679185989,88,17.491688132704983,-39.9214111685306,0.9011291565705514
1789321044.9660575,TIGHTLY_COUPLED,30.47109642143401,-36.04218044694406,-12.39381299922625,0.16054933383484607,0.06209936742364973,-0.7794455661232884,0.6023555340673116,-19.437928221808512,-39.91408689745795,0.742311656873841,91,17.483411523137622,-39.9501196843937,0.9023284334141443
1789321045.0754662,TIGHTLY_COUPLED,30.46741818901115,-36.05351903948123,-12.393899557205307,0.16053399185660874,0.062060246190244396,-0.7795152581327116,0.6022734641669685,-19.462921900705567,-39.91446127249958,0.7431632163620238,80,17.472327387760767,-39.97094165147095,0.9037276531643139
1789321045.1845944,TIGHTLY_COUPLED,30.466995601161663,-36.08875410589604,-12.392713486559193,0.1605626546350443,0.06197670253010632,-0.7796493640285599,0.6021008150217906,-19.488214294124518,-39.91482808774749,0.744026179234114,75,17.452326279974486,-39.986646396842,0.9030492769639201
1789321045.2988522,TIGHTLY_COUPLED,30.460188531977025,-36.12200350803468,-12.392248350425376,0.1605673016022301,0.061896398726868904,-0.7798555387143858,0.6018407731429619,-19.513825942072923,-39.91527121522447,0.7448972528513524,93,17.43821291040332,-40.009030028303094,0.903690926360961
1789321045.4061425,TIGHTLY_COUPLED,30.456400333920783,-36.141044367104826,-12.392364937797122,0.16052287366990137,0.06195163123380161,-0.7799268889549998,0.6017544767604169,-19.538649546170504,-39.91571309968161,0.7457388098276094,95,17.422540310368802,-40.03354992024473,0.9041765792216446
1789321045.524707,TIGHTLY_COUPLED,30.471693584306685,-36.162424395045335,-12.390607047474376,0.16062230589389492,0.0619324843888285,-0.7799171349370151,0.6017425569613583,-19.564054008501724,-39.916201211430995,0.7466050070949192,92,17.40959863295957,-40.055810195402834,0.9042176988336725
1789321045.6334388,TIGHTLY_COUPLED,30.473665574968923,-36.20295210854027,-12.388278582252768,0.1607661700929417,0.06195063961469988,-0.7799493132340399,0.6016605567849088,-19.587400033377204,-39.91661919426889,0.747426592882111,88,17.400256298778416,-40.08274263563697,0.9056761261859181
1789321045.7527256,TIGHTLY_COUPLED,30.472127003880807,-36.21568470587835,-12.387410761896286,0.16074488465677683,0.061915356465170934,-0.7799255111510883,0.6017007293881103,-19.613094591153157,-39.917092787101055,0.7483079985315629,83,17.37752217220381,-40.102022795821355,0.9051137404833681
1789321045.866004,TIGHTLY_COUPLED,30.472793462343912,-36.251205419287196,-12.385765417443006,0.16081396597882638,0.06201058139569752,-0.7799271050042363,0.6016703973280051,-19.637287338981228,-39.917537891634126,0.749135896646316,98,17.36220875065403,-40.11875580636801,0.904715563841479
1789321045.974672,TIGHTLY_COUPLED,30.470529446423313,-36.27625089049777,-12.384999051886862,0.16078428176326204,0.06201278079408195,-0.7799468316489012,0.6016525322450639,-19.66093103222836,-39.91797635896097,0.7499535059119342,98,17.34838957844036,-40.14487613841305,0.9046653410867268
1789321046.0845313,TIGHTLY_COUPLED,30.469311051251967,-36.311524828558845,-12.383802068778852,0.1607903326069321,0.06196609043695136,-0.7800623334268288,0.6015059671730637,-19.685093209440158,-39.91842123280183,0.7507820989501879,87,17.33303027142289,-40.16095793249962,0.9044965706090511
1789321046.1970668,TIGHTLY_COUPLED,30.480649015911947,-36.313452632653004,-12.383161473634582,0.16069541104721316,0.06198535443376833,-0.7800735889884043,0.601514751661867,-19.70986792951961,-39.918797485556894,0.7516287824048397,89,17.319327434473212,-40.17797877668951,0.9053381620224608
1789321046.3040824,TIGHTLY_COUPLED,30.472913884626987,-36.35126604432148,-12.381556486908385,0.16075294593739156,0.061975398615798725,-0.7802363694445491,0.6012892383328112,-19.734880681117833,-39.918801459136716,0.7524682375656244,69,17.310324151759467,-40.19835628454902,0.9060126567956513
1789321046.4190369,TIGHTLY_COUPLED,30.463403178661544,-36.376031461871904,-12.379984966175407,0.1608605822070453,0.061858290750866414,-0.7806388576371257,0.6007498638405133,-19.76078393699783,-39.91913706130654,0.7533465896298148,65,17.290255865569055,-40.209755558616884,0.9043391409828981
1789321046.5271943,TIGHTLY_COUPLED,30.466767098114417,-36.387038319185656,-12.380383029358581,0.16081913223927294,0.06181602449528423,-0.7806832313884453,0.6007076477374839,-19.785353395924858,-39.91915084568851,0.7541694483902561,71,17.27422994438973,-40.23360513916409,0.9049986253650817
1789321046.639149,TIGHTLY_COUPLED,30.4664279156547,-36.40223663112891,-12.37895539725245,0.1608874241244351,0.06166244894967115,-0.7810992616547427,0.6001640797236613,-19.809914706443646,-39.9192034925952,0.7549893811956657,57,17.2495775868631,-40.25237427166912,0.9042325961873986
1789321046.7425766,TIGHTLY_COUPLED,30.467574223747743,-36.431565618703985,-12.377961427593206,0.1609824322229192,0.06153411999324821,-0.7814699964602578,0.5996689530271302,-19.83481757270235,-39.91949668005158,0.7558315109659353,61,17.228536052688032,-40.26499239776267,0.9036714870968261
1789321046.8601902,TIGHTLY_COUPLED,30.468216161301072,-36.47892434967653,-12.376276713252015,0.1609595809393819,0.06157430942396921,-0.7814885573267275,0.5996467731007733,-19.860367154425937,-39.91983083492737,0.7567069500968314,95,17.21388470273949,-40.285691338064304,0.9038812745074754
1789321046.9731965,TIGHTLY_COUPLED,30.46298764531872,-36.466347236787065,-12.377450178198776,0.16092354629513933,0.06154409957933396,-0.781484225388443,0.599665191189042,-19.88570319394018,-39.9201602123181,0.7575725705227837,73,17.202715994701627,-40.308116810344764,0.9046612298360897
1789321047.0842893,TIGHTLY_COUPLED,30.463350421753788,-36.51477169942008,-12.375968526408302,0.16086059986593476,0.06167061514341807,-0.7815052165981998,0.5996417255898765,-19.90984716484893,-39.92047183215899,0.7583960944186406,73,17.19335755911362,-40.324948392692676,0.9049195676538244
1789321047.199313,TIGHTLY_COUPLED,30.47039267810684,-36.5329772460519,-12.37559319705536,0.16082112683255947,0.061559172221238787,-0.7814980555567828,0.5996730964789979,-19.93481462016929,-39.92079162046409,0.7592464995332555,103,17.180772786519316,-40.34435466081052,0.9057416324906128
1789321047.3142846,TIGHTLY_COUPLED,30.468395663236493,-36.5516426534771,-12.375134481904409,0.16079763694847785,0.061521032619511334,-0.7815529461480384,0.5996117701184127,-19.960815858765223,-39.92112981623665,0.7601313243390179,96,17.168696386157528,-40.366554612460035,0.9064115210722978
1789321047.4244184,TIGHTLY_COUPLED,30.469079925691393,-36.584789090010254,-12.373845889384663,0.16092046864364215,0.0615567666676041,-0.7814852652118133,0.5996633618170804,-19.98533911639582,-39.92144970173972,0.7609645310254447,93,17.150133155891677,-40.38640065682083,0.9059873354040054
1789321047.5385747,TIGHTLY_COUPLED,30.46858542925223,-36.6101893949595,-12.372676460718692,0.16097217704072844,0.06152633229202466,-0.7815048335625342,0.5996271039336494,-20.010899082080716,-39.9217818213084,0.7618316313296183,89,17.1376966578238,-40.40530163976364,0.9059915888615183
1789321047.6442935,TIGHTLY_COUPLED,30.492079108571097,-36.62260925801696,-12.369874245074945,0.1608239710052665,0.06140853242639568,-0.7814898766832069,0.5996984368305455,-20.03549079393568,-39.92208618222466,0.7626665323259696,98,17.12585190336055,-40.4226744127807,0.9064083201535879
1789321047.7565968,TIGHTLY_COUPLED,30.488633752299574,-36.66829021439797,-12.368120039388586,0.16095129528133675,0.0614299150274847,-0.7814423939699975,0.5997239623305166,-20.05976697809227,-39.92241224362041,0.763490484171719,102,17.11232170780907,-40.439328295198834,0.9058719041695328
1789321047.8626945,TIGHTLY_COUPLED,30.487822736610656,-36.69635179803424,-12.367047689828668,0.1609276615248534,0.061488162846886976,-0.7814018045449552,0.599777219840621,-20.085863937742474,-39.922764324791814,0.7643808671037582,96,17.096728780443186,-40.46259018674416,0.9065860697663316
1789321047.9715915,TIGHTLY_COUPLED,30.475005274370147,-36.71622439638531,-12.367691803317753,0.16093610250146037,0.06140780288632288,-0.7813773380307777,0.5998150617217359,-20.1096401925766,-39.92307098957458,0.7652008815663447,92,17.082379513882742,-40.48235049372075,0.9066004727319747
1789321048.091905,TIGHTLY_COUPLED,30.4741327173914,-36.72528630245186,-12.367509078283861,0.1608254721723064,0.0613982957750949,-0.781427499093393,0.5997803601628798,-20.135329858762795,-39.92339960447535,0.7660762009324716,101,17.064529807928643,-40.49789960479741,0.9058387316961448
1789321048.19663,TIGHTLY_COUPLED,30.474996342731192,-36.76085567091012,-12.366235853377649,0.16088294637699216,0.06143558974721069,-0.7814149257642051,0.5997775084732606,-20.158499842763778,-39.9236931720505,0.7668649596541697,99,17.04603288552065,-40.518820054146815,0.9060702323557563
1789321048.317497,TIGHTLY_COUPLED,30.474375829124597,-36.77756287105681,-12.365446964635344,0.16078151505417163,0.0614355423867456,-0.7814285776760308,0.5997869259493303,-20.18360752285208,-39.92401723876716,0.7677271008673585,93,17.029516425562523,-40.541126872114845,0.9059575910008237
1789321048.4310858,TIGHTLY_COUPLED,30.47128934663755,-36.78172926763908,-12.365658021396834,0.16081584218258813,0.06138240581822489,-0.7814200616389481,0.5997942584147119,-20.208754336882162,-39.924335758172,0.7685836376058549,103,17.018267877666073,-40.55916189331119,0.9067017240862343
1789321048.541948,TIGHTLY_COUPLED,30.474341563719328,-36.837709034042675,-12.363030441046211,0.160890101809431,0.06148333086418757,-0.7814587113102809,0.5997136464037408,-20.23309111422736,-39.924516902927785,0.7694073283129454,90,17.001977729089557,-40.5775352989047,0.9071922208640016
1789321048.6557658,TIGHTLY_COUPLED,30.469442010380163,-36.85416994347649,-12.362894754935835,0.1608353449934632,0.0614863253902689,-0.7816955052353181,0.5994193529456122,-20.258357410632758,-39.92457151374274,0.7702573037574388,74,16.9857660151851,-40.59987904132601,0.9076425206910149
1789321048.7701404,TIGHTLY_COUPLED,30.456299179234087,-36.849519228305034,-12.36394759744563,0.16094273882588225,0.061379067191219834,-0.781916787914471,0.5991128288623738,-20.283868755715268,-39.924838767637,0.771120258534278,80,16.968511200973932,-40.61450705106814,0.907005341439199
1789321048.8954792,TIGHTLY_COUPLED,30.465370231115788,-36.90804179929552,-12.361531357992671,0.1610830904789041,0.06153193999287616,-0.7819733696829111,0.5989855652928805,-20.308916795011264,-39.92489292976947,0.7719610491701364,88,16.95596210640778,-40.639113442298616,0.9082266372876863
1789321049.0012684,TIGHTLY_COUPLED,30.474022024480757,-36.91931376261805,-12.360644560999468,0.16103174217591976,0.06149452409562907,-0.7822277213970721,0.5986710226793885,-20.333454810692047,-39.92499594424658,0.7727828786091862,73,16.940441708958396,-40.663297657417225,0.9091822360691887
1789321049.1052089,TIGHTLY_COUPLED,30.47240852826089,-36.93857284282351,-12.360194284912119,0.16112999709317466,0.06147252413744693,-0.7823763106286992,0.5984526392121183,-20.357649004444053,-39.925232424859686,0.7736013123937628,64,16.918820866909613,-40.67834928860825,0.9079788029529202
1789321049.2145815,TIGHTLY_COUPLED,30.472003922486124,-36.97239453811426,-12.358957052552304,0.16120927747483169,0.06147688239176786,-0.7823764518826053,0.5984306554037961,-20.38429838407179,-39.925489644514684,0.7745093505596801,91,16.908050807307234,-40.699938454043846,0.9090716188669321
1789321049.347733,TIGHTLY_COUPLED,30.46631542284114,-37.001775845140095,-12.358402743267705,0.1611624982694424,0.06143510275266639,-0.7823572569632395,0.5984726391225225,-20.41471901837806,-39.92577771589306,0.7755436859934356,101,16.896239231181145,-40.72387132407117,0.9095787310632656
1789321049.4310725,TIGHTLY_COUPLED,30.463373419073392,-37.01362021341018,-12.358122072726506,0.16120372965571816,0.06147760045303413,-0.7823531789201295,0.5984625014327892,-20.433189447873772,-39.92595309872745,0.776170512011937,93,16.886920904711115,-40.74289907470244,0.9104262659382525
1789321049.5409222,TIGHTLY_COUPLED,30.464297236534634,-37.05671646193762,-12.35642870826342,0.16114206824534347,0.061469624016087784,-0.7823261600905449,0.5985152449210605,-20.45791583901815,-39.92618774490713,0.777009072637725,89,16.869775989799276,-40.76756260438077,0.9113947417202856
1789321049.662485,TIGHTLY_COUPLED,30.46323480708173,-37.09076296939823,-12.355091842624796,0.1611423814339715,0.06148820038312979,-0.7823136969751044,0.5985295428335823,-20.486164812931218,-39.92645485972449,0.7779664415606007,92,16.857860708210634,-40.78836139354793,0.9117306798917967
1789321049.7646775,TIGHTLY_COUPLED,30.460541882540706,-37.107310657046476,-12.354475719380323,0.16114291685009208,0.06146314336849929,-0.7822759094687319,0.5985813594000201,-20.509187749968948,-39.926672886728895,0.778746080992974,96,16.84299121508408,-40.8054016651368,0.9122520174862555
1789321049.8731408,TIGHTLY_COUPLED,30.456525149719138,-37.10316782963286,-12.355048374208131,0.16108275158911395,0.061381712438096044,-0.7823171269465894,0.5985520406820787,-20.53322088403201,-39.92690232704306,0.7795591936074002,95,16.834109331344536,-40.83059389059358,0.9135397273587156
1789321049.988831,TIGHTLY_COUPLED,30.457253883303846,-37.148946585172965,-12.353107387701428,0.16112033347630286,0.06140626779830242,-0.7822651734377786,0.598607306037882,-20.558252094688772,-39.92714346654946,0.7804042822073699,89,16.817916591228748,-40.84583109069933,0.913208947787426
1789321050.1062536,TIGHTLY_COUPLED,30.45663038062505,-37.159276835900435,-12.353528711125524,0.1610329294345581,0.06132846180837775,-0.7822791674547518,0.5986205138284548,-20.583972064930418,-39.92740193793144,0.781274951857449,96,16.800813676001717,-40.87339771558705,0.9137979089272038
1789321050.2194614,TIGHTLY_COUPLED,30.455818364303266,-37.192973061292776,-12.352199142956493,0.16105294636974818,0.061315203729146256,-0.7822945418572841,0.5985963949420163,-20.60885268546645,-39.92764413060541,0.7821239347820654,92,16.781642470579612,-40.89574923627475,0.9142208497911861
1789321050.3360736,TIGHTLY_COUPLED,30.45433192579877,-37.20516150617066,-12.351789216699501,0.16107587208714091,0.06124633613362129,-0.7823419070892181,0.5985353708458504,-20.633484834165852,-39.92788623920306,0.782963037999843,96,16.761391610198512,-40.91563320620485,0.9135530706831944
1789321050.4389546,TIGHTLY_COUPLED,30.45494796965858,-37.24093500294599,-12.349841736897263,0.16116401151671206,0.061158673251663534,-0.7824297406003393,0.5984057813073191,-20.657576287985652,-39.928114902280576,0.7837802000342072,94,16.744949049795224,-40.928837815351855,0.9133514234717592
1789321050.5542576,TIGHTLY_COUPLED,30.454446571026782,-37.26273548081028,-12.348841714408696,0.16118156171617332,0.061191162895193316,-0.7823809090542307,0.5984615767898095,-20.682832465522544,-39.928356655031486,0.7846387921006878,93,16.730295930476018,-40.95213508160105,0.9137363816231587
1789321050.6606045,TIGHTLY_COUPLED,30.452592190612865,-37.276742505906945,-12.348572672385888,0.16120725257235238,0.0612138708661234,-0.7823435478533534,0.5985011753237309,-20.707102355850193,-39.92858564037075,0.7854686387651726,88,16.713432133762424,-40.971480120694714,0.9139204277252055
1789321050.7758896,TIGHTLY_COUPLED,30.453407819311526,-37.317865512742195,-12.346936100144772,0.16121766996368112,0.061297075839021886,-0.7823109999740567,0.5985323973726554,-20.73340384029789,-39.92883115602114,0.7863602273305397,88,16.691883994061772,-40.9844476957199,0.9136990661752112
1789321050.8829098,TIGHTLY_COUPLED,30.453592028163083,-37.319803527354466,-12.348216622420745,0.16105014134208348,0.06124170504199776,-0.7822857872640866,0.5986161145357283,-20.757863740186057,-39.92892993599915,0.7871852231896868,97,16.67570671332133,-41.00358722799923,0.9135415427555189
1789321050.99722,TIGHTLY_COUPLED,30.44649168490475,-37.34238792256697,-12.347772501651068,0.16113223488731412,0.061212260232750795,-0.782381304582865,0.5984721850818394,-20.782412477483394,-39.92904178292315,0.7880126564143466,82,16.661081084800884,-41.02226007724591,0.9145947411170048
1789321051.106309,TIGHTLY_COUPLED,30.43907066024563,-37.37227098351805,-12.346954423247883,0.16114361813064024,0.061223372986455304,-0.782480610994506,0.5983381371378499,-20.807569836545785,-39.92925271781292,0.7888623076123364,82,16.64780128694631,-41.044891241666704,0.914762314226694
1789321051.2209935,TIGHTLY_COUPLED,30.437909194708954,-37.39701416974861,-12.345916909961703,0.1612139479748728,0.06123777736007966,-0.7823883557387654,0.5984383497126028,-20.83235035282751,-39.929327201619586,0.7896951413163154,86,16.631132637480572,-41.06623330485698,0.9151031278038354
1789321051.3229012,TIGHTLY_COUPLED,30.43997199453798,-37.41702600086647,-12.345301167860871,0.1611279005725769,0.06117624843123078,-0.7825886433612151,0.5982058856004402,-20.857864269696513,-39.92948219855154,0.7905519252967483,89,16.612394725863574,-41.08869251569969,0.9155904787236787
1789321051.43202,TIGHTLY_COUPLED,30.43989908227253,-37.42244912155418,-12.34529444154046,0.1611206892885397,0.061101838080971416,-0.7826534046180179,0.5981307023603937,-20.882065722315488,-39.92967143625537,0.7913717343519503,90,16.593358718493533,-41.10354837521224,0.915235096743047
1789321051.5420787,TIGHTLY_COUPLED,30.439997363452836,-37.46454047215871,-12.343458551287775,0.1612150659745174,0.06116092460005874,-0.7825854032184265,0.598188206565752,-20.907506985231752,-39.929867951601764,0.7922358345569729,93,16.57705221066807,-41.121393542124245,0.9152350773262493
1789321051.6494157,TIGHTLY_COUPLED,30.437044966407633,-37.4876100672882,-12.342843837882137,0.1611760605002937,0.06115985410856502,-0.7825937156398292,0.5981879520753248,-20.932213430708206,-39.9300573298722,0.7930734311803727,96,16.565367881276234,-41.140417914111616,0.9152332826698663
1789321051.7532747,TIGHTLY_COUPLED,30.42483421141972,-37.51316326246585,-12.343410477052961,0.1610393079193644,0.06110833744669658,-0.7826141521513655,0.5982033109668922,-20.956933989310087,-39.93024712112872,0.7939103899822817,93,16.557257816858904,-41.16093167593622,0.9162158817803703
1789321051.8770983,TIGHTLY_COUPLED,30.424742816063098,-37.55911067843469,-12.34138136053937,0.1610506191784572,0.061060361089322904,-0.7825686377970623,0.5982647052119381,-20.985418016832405,-39.93046515185327,0.794874350756658,91,16.533091249547926,-41.17608742682632,0.9149882718874333
1789321051.971165,TIGHTLY_COUPLED,30.42237468714135,-37.56702448417971,-12.341206583457502,0.1610860880690259,0.06100242021131835,-0.7826193277633898,0.598194754883524,-21.00716727008127,-39.93063132535609,0.7956098229909727,95,16.518508627849886,-41.19336763525443,0.9154098182841413
1789321052.0841024,TIGHTLY_COUPLED,30.419559013907957,-37.58545657865747,-12.340343785905032,0.1610809289836645,0.061008118682952854,-0.7826271313674291,0.5981853533981881,-21.03242673178699,-39.93082372018484,0.7964633880031169,97,16.505995097938527,-41.21687634270904,0.9157069855659903
1789321052.1905353,TIGHTLY_COUPLED,30.41867903376986,-37.6177332723737,-12.338939794419614,0.16108784839337,0.06103204520868219,-0.7825683677665504,0.5982579245850717,-21.057948151437124,-39.931019083017375,0.7973253431166144,84,16.49379384262343,-41.23674128565366,0.9160337384754491
1789321052.2961264,TIGHTLY_COUPLED,30.41885258413596,-37.64949866381361,-12.337707512095548,0.1611668348288579,0.061061450073824686,-0.7825365048865529,0.5982753289130912,-21.081964818287958,-39.93120597115457,0.7981348089603654,89,16.47611973711667,-41.252350089276874,0.9158789098652096
1789321052.4077823,TIGHTLY_COUPLED,30.414812171676726,-37.653888857324766,-12.338037299193463,0.16109711799356569,0.06105052845178628,-0.7825260693228001,0.5983088687125848,-21.107930121655826,-39.931410715045956,0.7990117695298538,93,16.468699429695814,-41.27421738144489,0.9170238594995266
1789321052.5116205,TIGHTLY_COUPLED,30.397551464649744,-37.65305811672252,-12.342066506310044,0.1608999950281203,0.06113566323383759,-0.7825791474252708,0.5982837957826085,-21.131845496561898,-39.931595992654984,0.7998270163927432,94,16.457645073872712,-41.29538746560899,0.9181992090973494
1789321052.617943,TIGHTLY_COUPLED,30.398636593092725,-37.702122128989366,-12.339890681224155,0.16101534344951135,0.061247840674259944,-0.7825450047936877,0.5982859489065607,-21.15675570163072,-39.93179247294363,0.8006710455745174,79,16.443677738966475,-41.31680376832326,0.9183515294443437
1789321052.7292287,TIGHTLY_COUPLED,30.400395005507225,-37.71015764061192,-12.339317861555845,0.1610243660890795,0.061196037860482604,-0.7825189771849774,0.5983228633615512,-21.181636081951094,-39.931981158940765,0.801511614366505,95,16.431405040826217,-41.33860390638967,0.9193018045578819
1789321052.8366318,TIGHTLY_COUPLED,30.401425179101132,-37.74177660887042,-12.33798655537099,0.1610572919680924,0.061281607396009026,-0.7824792018834577,0.5983572611063506,-21.206445225893695,-39.93217627763783,0.8023558082887442,92,16.413749326658046,-41.3535644908152,0.9191618665609677
1789321052.9494946,TIGHTLY_COUPLED,30.399661842962,-37.765801521996146,-12.336912342029658,0.16111891978639806,0.06122075302529924,-0.7824917690376303,0.5983304642705728,-21.23303725292878,-39.93237519982537,0.8032600799131173,93,16.400791484741987,-41.37161847457211,0.9190076344487852
1789321053.0569272,TIGHTLY_COUPLED,30.39550443015464,-37.7766999215115,-12.336704124621674,0.16113230691557043,0.06126586649790732,-0.7824906648434523,0.5983236855609003,-21.256199048973333,-39.9325465834325,0.8040430587657114,93,16.37554997121205,-41.38661871769294,0.9182149165488344
1789321053.1688702,TIGHTLY_COUPLED,30.393249660354844,-37.79456232141303,-12.336611798019229,0.16111165990294926,0.06125989311393154,-0.7825294679129761,0.5982791074296517,-21.281934552691187,-39.93265820601145,0.8049118602716724,89,16.36345417272532,-41.40440533095642,0.9187363991945646
1789321053.27482,TIGHTLY_COUPLED,30.39317522711775,-37.809294239555065,-12.33781490107386,0.1610575921842969,0.061213285531012254,-0.7826267377804992,0.5981711920389926,-21.307239410322374,-39.93279465400607,0.8057656714286776,85,16.34767244285731,-41.424792672875306,0.9188299807646226
1789321053.3811996,TIGHTLY_COUPLED,30.392923668652276,-37.84727199266437,-12.336143185292961,0.16113201366887245,0.06125599558964982,-0.7826932844237853,0.5980596957605844,-21.331087463592407,-39.93296014689787,0.8065693486998188,85,16.332056798846,-41.44473366432935,0.9190574346941849
1789321053.496326,TIGHTLY_COUPLED,30.394220933137845,-37.87339972953755,-12.335295866101065,0.1611533065111584,0.06136181819975183,-0.7827123171194011,0.598018200138858,-21.356857235400355,-39.933057042661744,0.8074361049492532,87,16.317994692911654,-41.466510292988396,0.919463142801961
1789321053.6037245,TIGHTLY_COUPLED,30.389468717863835,-37.87659520058873,-12.33623166620741,0.16109288131302135,0.06127019143210768,-0.782845718206623,0.5978692404846551,-21.38135131576216,-39.93321158599046,0.8082604039056919,95,16.300352354306938,-41.48688495110351,0.9197861090233866
1789321053.7193463,TIGHTLY_COUPLED,30.386382024282078,-37.91357174988505,-12.334924824300318,0.16126270218600955,0.06128569367063449,-0.7828652337590714,0.597796311803887,-21.407302443476667,-39.93338504450727,0.8091391721922073,89,16.28061026193181,-41.50504991684144,0.9193972795078028
1789321053.8247106,TIGHTLY_COUPLED,30.384334049222396,-37.939183104434306,-12.334214115051891,0.16130503178278388,0.061324473717898204,-0.7828574631853155,0.5977910905825132,-21.431257621081716,-39.93354493726048,0.809951017550835,98,16.264982595198383,-41.53158188801032,0.9200053278245929
1789321053.9307864,TIGHTLY_COUPLED,30.379765503548484,-37.970657334488266,-12.333926859007777,0.1612215454511542,0.06129566029134405,-0.7829113420504841,0.5977460044203554,-21.456471908494976,-39.93371344705436,0.8108044808901271,96,16.250953782125134,-41.547914470516645,0.9194729808538892
1789321054.0504067,TIGHTLY_COUPLED,30.388114477018714,-37.998504030293354,-12.33257730213365,0.16119519395498177,0.0613409894910792,-0.7829338920551642,0.5977189248513249,-21.48469911727598,-39.93390128634893,0.8117588059580677,93,16.239336713506905,-41.567038200508414,0.9198284402122818
1789321054.1492615,TIGHTLY_COUPLED,30.385341572599668,-38.034185837434485,-12.331417676744794,0.1613558598846723,0.06127381050427182,-0.7829629881245884,0.5976443472954299,-21.50918968222182,-39.93406407715699,0.8125866387539292,96,16.227490914777643,-41.58489080828311,0.9200164595228102
1789321054.2478733,TIGHTLY_COUPLED,30.381439347471236,-38.04690276450768,-12.331060154875033,0.16131069598799552,0.06126984673285535,-0.7829394015575495,0.597687843886679,-21.53118614284914,-39.93421005545628,0.8133300276389667,98,16.20771918949417,-41.60412712402509,0.9196586473511281
1789321054.3573961,TIGHTLY_COUPLED,30.377740133410814,-38.0640959317881,-12.330459426625413,0.16140939661783493,0.061206860109372895,-0.7828768671374003,0.5977495611542909,-21.55693704074743,-39.93438170849731,0.8141994022547756,97,16.199721608114334,-41.626901918756474,0.9207442916450429
1789321054.4636042,TIGHTLY_COUPLED,30.374368337930584,-38.09499503795232,-12.329240194916027,0.16139935414870532,0.061237808043694504,-0.7828535220105225,0.5977796771571487,-21.581191731052417,-39.934543497095945,0.8150173913598063,83,16.183458952919032,-41.64633083825573,0.9204095973439976
1789321054.5719957,TIGHTLY_COUPLED,30.370704452934536,-38.1041599237334,-12.329365074516593,0.16137515108263528,0.06124912997956147,-0.7828611734918834,0.5977750310348491,-21.606190985389862,-39.93471309825992,0.8158593201642511,96,16.16965180097398,-41.65999513793273,0.9209058084049587
1789321054.6842337,TIGHTLY_COUPLED,30.36907104394254,-38.13816661605098,-12.328149838880982,0.1613522892037781,0.06122702997320855,-0.782850137909332,0.5977979183174694,-21.631651447739152,-39.934884852010924,0.8167191103544171,92,16.15553083062655,-41.67855547905297,0.921007437719205
1789321054.789448,TIGHTLY_COUPLED,30.371615689274595,-38.14873464683686,-12.328667261720092,0.1612379428512896,0.061229701256794215,-0.7829024493658144,0.5977599888300458,-21.656086750464993,-39.93504871204604,0.8175503910729012,92,16.136887175657865,-41.69532656462757,0.9213308191710967
1789321054.9058993,TIGHTLY_COUPLED,30.370759513258538,-38.17941628473852,-12.328091452714162,0.16127974616151564,0.06127645745567839,-0.7829592828767551,0.5976694743726476,-21.68200577444924,-39.935224813944686,0.8184260939527663,92,16.11755527557406,-41.71753025230013,0.9213627270002119
1789321055.016754,TIGHTLY_COUPLED,30.36894073673871,-38.206104705553905,-12.327252007038515,0.16134668296957297,0.06120399632682428,-0.7829834679761035,0.5976271476468052,-21.706148657640515,-39.93538278025668,0.8192414113762028,95,16.0998208338624,-41.73576845525333,0.9212070079540747
1789321055.1280062,TIGHTLY_COUPLED,30.36814581691666,-38.21553282814303,-12.326483966884751,0.1613409680886324,0.0612614111188946,-0.7829739901295079,0.5976352251203254,-21.73099476195487,-39.93555272600517,0.8200872065170118,94,16.084601089215344,-41.758028292509096,0.9216419410369459
1789321055.2355967,TIGHTLY_COUPLED,30.36633319992707,-38.248487282230656,-12.325420079831169,0.16134191473049558,0.06128640487407786,-0.7829522171611712,0.5976609312738405,-21.75590352745921,-39.93571234931814,0.8209305675766092,95,16.06866514883286,-41.77478678092803,0.9217792733030834
1789321055.3476272,TIGHTLY_COUPLED,30.365591409135437,-38.258246611352696,-12.325492690610547,0.16125075722508725,0.061288476620162805,-0.782982141053242,0.5976461183004511,-21.781116722515648,-39.935866153601935,0.821781872471192,91,16.053183894080636,-41.79208626917838,0.9216594729023715
1789321055.4579499,TIGHTLY_COUPLED,30.365112761467095,-38.30080194772636,-12.323638098910262,0.16131172227974253,0.06129580289175432,-0.7829325213958388,0.5976939181083852,-21.80586125536859,-39.93598431332332,0.822616706828567,91,16.039290373499934,-41.811300713421126,0.9219753397370891
1789321055.5596893,TIGHTLY_COUPLED,30.36538522255302,-38.299628600773396,-12.325351452371674,0.16121190128139629,0.061253210293733054,-0.782959976434341,0.597689252384452,-21.830670163602665,-39.93614074760912,0.8234554001160667,78,16.02545827825155,-41.83585294882514,0.922904531737721
1789321055.668833,TIGHTLY_COUPLED,30.36186478280752,-38.33389984515746,-12.324331952427132,0.16127227861694202,0.06128492658203862,-0.7828658033414402,0.5977930610856027,-21.856241216012126,-39.93629802164108,0.8243163106899093,94,16.01200950220505,-41.85586288239199,0.9237834563452615
1789321055.7784815,TIGHTLY_COUPLED,30.36096079954185,-38.34436205136454,-12.323821151445422,0.16126609821418503,0.06123167670541486,-0.782824466388267,0.5978543151626,-21.880999875293167,-39.93641570754884,0.8251498974538516,88,15.998190885764126,-41.876593480950056,0.9245955499761486
1789321055.896241,TIGHTLY_COUPLED,30.363286439226734,-38.37760397033821,-12.322062554294567,0.1613446374321682,0.0612527722747091,-0.7828944995269427,0.5977392478924258,-21.90672741666425,-39.93657368540161,0.8260171036260955,83,15.979526490097914,-41.89504750979174,0.924625982040688
1789321056.0097768,TIGHTLY_COUPLED,30.360940090223558,-38.399966303685446,-12.321499430185815,0.1611722178645861,0.061160860501554365,-0.7829720889183864,0.5976935446414811,-21.931431124371674,-39.93672521588786,0.8268534419308936,85,15.965424473013519,-41.91891268222492,0.925310914258846
1789321056.1273496,TIGHTLY_COUPLED,30.358543869200282,-38.4472170626926,-12.319720168071107,0.16125664381931126,0.06112198681413553,-0.7829527197500176,0.59770012229217,-21.958386888004227,-39.93689104997191,0.8277657610220039,77,15.94876438101643,-41.936651672845095,0.9249156597370699
1789321056.226432,TIGHTLY_COUPLED,30.35734878823322,-38.452570563970774,-12.319490758612538,0.1612261921767442,0.06114277524275756,-0.7829898953567312,0.5976575104196853,-21.981110598022457,-39.93703125887092,0.8285339796453821,80,15.933417445681151,-41.9592003140532,0.9252236915720453
1789321056.358665,TIGHTLY_COUPLED,30.35719546235443,-38.49663233515758,-12.317897969787937,0.16128928901108633,0.06122991372767527,-0.783007554570697,0.5976084273170992,-22.01059269846326,-39.937213216745526,0.8295301438395459,78,15.914965604147948,-41.97740637420097,0.9245772069038626
1789321056.4499085,TIGHTLY_COUPLED,30.35533594671399,-38.48300517829893,-12.318869434763762,0.16119967910156618,0.061244207808540924,-0.7830155802246768,0.597620625140121,-22.03108455035898,-39.937339442802276,0.8302224592786455,79,15.896584253202011,-41.994912338408874,0.9236824097590743
1789321056.574596,TIGHTLY_COUPLED,30.355121941532566,-38.537819782687514,-12.316541088363312,0.16134081386519664,0.06124643097782144,-0.7829705541689256,0.5976413036079422,-22.05733061432361,-39.937501148026875,0.831108711018141,78,15.88518276722504,-42.01334243496728,0.9236723615715792
1789321056.6897318,TIGHTLY_COUPLED,30.35756825055612,-38.54082665047533,-12.316026358888687,0.16118184937861327,0.06122230980844405,-0.7830402094079931,0.5975954071634882,-22.08333211041334,-39.93766123941218,0.8319859093829978,79,15.867943380243508,-42.027007529988744,0.9232372798127397
1789321056.8022566,TIGHTLY_COUPLED,30.38230850055491,-38.55347878034639,-12.312593792672152,0.16100348822050745,0.06128925153047931,-0.7830755731363489,0.5975902870569781,-22.107335522942293,-39.937809504985275,0.8327949085342494,98,15.855912621273703,-42.042739921986545,0.9233340726955136
1789321056.909173,TIGHTLY_COUPLED,30.383669676080295,-38.594464166245956,-12.311421141628221,0.161017462504058,0.061311532718273914,-0.7830383060705347,0.5976330679862671,-22.131077099896935,-39.937960041260894,0.83359463489222,86,15.843240931962743,-42.06251560262184,0.9237751442527854
1789321057.0306473,TIGHTLY_COUPLED,30.382277620861604,-38.617009315276775,-12.310674745230926,0.1610538665405594,0.06128357605047424,-0.783011909858551,0.5976607101010286,-22.15702921753282,-39.93811946678062,0.8344722532554004,93,15.824824755149532,-42.07791334200463,0.9231176282827586
1789321057.1382902,TIGHTLY_COUPLED,30.380999381988595,-38.628692622842216,-12.310238705942973,0.16103375650081497,0.0612662358737662,-0.7829650386149718,0.5977293082288605,-22.180973658398514,-39.93826900884347,0.8352841342481883,93,15.806732496055837,-42.09567602297843,0.9225591445967876
1789321057.2639227,TIGHTLY_COUPLED,30.380573991221656,-38.65884089132715,-12.309252426990646,0.16105298879079089,0.06128554366827051,-0.7830287523503162,0.597638678409911,-22.208135231978332,-39.938435633331245,0.8362006166318233,83,15.779419482316902,-42.113749717404566,0.9222802620113824
1789321057.3772433,TIGHTLY_COUPLED,30.3788804031511,-38.69282988719099,-12.308203121648958,0.16106905462522003,0.06130048821708132,-0.782989524651338,0.5976842093219105,-22.2317737124727,-39.93858122404289,0.8369999347672489,87,15.770635943343857,-42.137900848702216,0.9237390355592949
1789321057.503477,TIGHTLY_COUPLED,30.37711672991112,-38.67823580488803,-12.30899472666611,0.16097367569867455,0.0612530841728893,-0.7829911393994483,0.5977126492164281,-22.258900606147208,-39.93874648213882,0.8379222448830341,83,15.758213613831439,-42.15849807006129,0.9245630366213873
1789321057.6189632,TIGHTLY_COUPLED,30.386896006771053,-38.69872103990498,-12.3067597656973,0.1608767579045208,0.061172036693089994,-0.7829677339554326,0.5977776997159099,-22.283587019935062,-39.938892189081734,0.8387557513722891,76,15.745840505835783,-42.17022472671233,0.9243710941353939
1789321057.7332954,TIGHTLY_COUPLED,30.386992267221146,-38.731201969189875,-12.305369716815845,0.16096072192512315,0.061143627167739883,-0.7829634553846125,0.5977636074455384,-22.306832833682254,-39.93902794498464,0.8395406823823705,71,15.73607755134119,-42.19294571300947,0.9248302236792209
1789321057.8586662,TIGHTLY_COUPLED,30.387588273191053,-38.761863186994184,-12.303958332808133,0.16098836957920826,0.06116380005868664,-0.783028725157501,0.5976685954614215,-22.332841246450506,-39.939172292918514,0.8404193309523587,94,15.719860979827825,-42.2150500242355,0.9258263080259436
1789321057.989267,TIGHTLY_COUPLED,30.387572180572327,-38.7965339717904,-12.302648428986688,0.1609538850118904,0.06115277879271364,-0.7829927663894032,0.5977261181572862,-22.35740381932792,-39.93931924849784,0.8412487332270598,93,15.702913850361295,-42.23701089234978,0.925730265340755
1789321058.1189382,TIGHTLY_COUPLED,30.387344836921592,-38.82907147804495,-12.301067133649681,0.1610901891066108,0.06107549989187101,-0.7830101744494516,0.5976744941815686,-22.388951026190885,-39.93948306488396,0.8423103236057591,88,15.688029204457335,-42.26238946990139,0.9261404790422437
1789321058.2160032,TIGHTLY_COUPLED,30.395404638100693,-38.83238214153765,-12.299724420909058,0.16104762283018292,0.06113338523460378,-0.7830504049057111,0.5976273385375762,-22.40994811948271,-39.939597652609045,0.8430171753881769,78,15.671862090904282,-42.27856473477796,0.9261252857318598
1789321058.31964,TIGHTLY_COUPLED,30.39794737776341,-38.87047926788643,-12.298015543183666,0.16105217394417626,0.061032322121869355,-0.7830563314470166,0.5976286762739949,-22.43241805281521,-39.93972857051169,0.8437756437492359,94,15.658482280009812,-42.29843058141816,0.926269884609813
1789321058.4364684,TIGHTLY_COUPLED,30.397222402809874,-38.90630263401002,-12.296816180058306,0.16107728171889116,0.06109185849458322,-0.7830330493821374,0.5976463316335523,-22.460619762517783,-39.93989234510091,0.8447300920450447,88,15.641672631590007,-42.31888118066672,0.926734668055271
1789321058.5425427,TIGHTLY_COUPLED,30.396705765639933,-38.922022889500155,-12.296624260512438,0.16100550438062786,0.061085332202389174,-0.7830379345427003,0.5976599391091604,-22.483089655219736,-39.94002338147135,0.8454899122331203,91,15.6309185540615,-42.34335792433594,0.9276109667037857
1789321058.655724,TIGHTLY_COUPLED,30.395447093217964,-38.91646948437534,-12.297251838593846,0.16097300755429353,0.06113807506047675,-0.7829865166880189,0.5977306594960541,-22.508567944623188,-39.940172337676614,0.8463506849765922,94,15.615733910047586,-42.36617583009853,0.9283928984007197
1789321058.773614,TIGHTLY_COUPLED,30.394860779701997,-38.96048406015333,-12.295792451069433,0.16102323043916517,0.06116005327523415,-0.7830072848920319,0.5976876767579491,-22.534551398180515,-39.94032439361395,0.8472283931028244,97,15.59992873684706,-42.38286834598522,0.9289826669158022
1789321058.8813813,TIGHTLY_COUPLED,30.405264202464647,-38.972760038493824,-12.293790937174379,0.16102996507116085,0.06115128816405314,-0.7830020355833431,0.597693636052283,-22.55854201242563,-39.94046479099625,0.8480384067408954,94,15.581621906732163,-42.39577570927513,0.9281240994643796
1789321058.99354,TIGHTLY_COUPLED,30.404681061539264,-38.99314915818703,-12.292852636305804,0.16107175316905675,0.06115659632387332,-0.7829584683095686,0.5977389045055205,-22.583788645080958,-39.940612668535735,0.8488904411433513,100,15.561589151989493,-42.40990523546752,0.9282170834032789
1789321059.0994434,TIGHTLY_COUPLED,30.40235802358233,-39.02662255142129,-12.29170590436885,0.16113066386044828,0.06121084809611985,-0.7829109048762025,0.5977797723787338,-22.6082895638806,-39.940756070509124,0.8497165950483672,96,15.544056428550533,-42.42615625231509,0.9284539543108657
1789321059.203422,TIGHTLY_COUPLED,30.399575451263363,-39.059106945415124,-12.290586362488476,0.16112828431970358,0.06119407417747793,-0.7828624225933444,0.5978456226895286,-22.631290361636744,-39.940891759650206,0.8504914062239766,102,15.530244388826793,-42.445040449434615,0.9283903594743732
1789321059.321144,TIGHTLY_COUPLED,30.39712824381367,-39.043749190488235,-12.291104723692555,0.16111769450749538,0.06109033773156952,-0.7828683028734316,0.5978513858046206,-22.658019154246738,-39.94105121061563,0.8513921531242915,103,15.512666678767758,-42.46578323113235,0.9285722800730952
1789321059.436172,TIGHTLY_COUPLED,30.394813204555376,-39.098169260455684,-12.288934469553073,0.16118194607262132,0.06108682658295779,-0.7828953503119219,0.5977990049659161,-22.68396609352402,-39.94120147534777,0.85227110919599,87,15.498525103948648,-42.48462349813464,0.9285171113545851
1789321059.5468762,TIGHTLY_COUPLED,30.39182896182666,-39.114385839429026,-12.288133442535367,0.16124128909395588,0.06106192534610097,-0.7828950144759037,0.5977859853435185,-22.708416712928496,-39.94134829113807,0.8530971809308797,99,15.483348519588585,-42.513521661464715,0.9292567899921064
1789321059.660443,TIGHTLY_COUPLED,30.405245041826184,-39.12816788708236,-12.285364548995176,0.1611795329071349,0.06104130359342763,-0.7828603795971646,0.5978501011829271,-22.732842039814543,-39.941489212346696,0.8539210747581936,87,15.465003383473869,-42.52722761396767,0.9280755311891916
1789321059.7664294,TIGHTLY_COUPLED,30.404875847639527,-39.13119813005887,-12.285373009264415,0.16118732488337248,0.06098794739171794,-0.7828638045327345,0.5978489609612279,-22.75797348354942,-39.9416361107622,0.8547725685577378,87,15.452329526825954,-42.545770578522564,0.928355028139429
1789321059.8867788,TIGHTLY_COUPLED,30.404474072367574,-39.18910587505577,-12.283062060567662,0.16123276895992086,0.06105917147306173,-0.7828598451610025,0.5978346214690405,-22.78388343839821,-39.94178574006726,0.8556515913909538,96,15.43773999337595,-42.57007713445824,0.9289734227228162
1789321060.0127485,TIGHTLY_COUPLED,30.403660011765506,-39.19036387970044,-12.283137078404927,0.16126400270809083,0.06109649034933587,-0.7828670926898411,0.5978128933712573,-22.809342995562943,-39.94192833380995,0.8565103277233883,96,15.426047736866314,-42.59013239564679,0.9293315485897569
1789321060.1286056,TIGHTLY_COUPLED,30.403669477360932,-39.20500513513964,-12.282486134411082,0.1612800244436129,0.061108459280032765,-0.7828125789585295,0.5978787302992005,-22.833089443886326,-39.942060250107694,0.8573125552807839,89,15.413283016161854,-42.60657053277342,0.9291221418880405
1789321060.2489243,TIGHTLY_COUPLED,30.404097097719198,-39.24209800301692,-12.281105284950398,0.16121430256596037,0.06115307724274998,-0.782788095331594,0.5979239480059724,-22.857851349413977,-39.942198053684706,0.8581492023570261,84,15.39890476354213,-42.62642969233001,0.9296932148452802
1789321060.3725095,TIGHTLY_COUPLED,30.40188425207527,-39.25646989192659,-12.281024325882079,0.16115571275453677,0.06119284537063607,-0.7827775984929091,0.5979494152682959,-22.884414813206234,-39.94234854915132,0.8590447792132991,89,15.382781922959962,-42.64626258646078,0.9298443561132682
1789321060.488846,TIGHTLY_COUPLED,30.408732772479347,-39.26881708675585,-12.2794372041972,0.1611803232613733,0.061198318712087564,-0.7828057295221215,0.5979053930242744,-22.908440301001246,-39.942474940452904,0.8598534555346719,87,15.362893104990809,-42.65909818364303,0.9297708774124179
1789321060.6085641,TIGHTLY_COUPLED,30.408233638956307,-39.31679975477511,-12.27722576341824,0.16126064742907284,0.061141962215951244,-0.7827362405849787,0.5979804693483173,-22.93392824158309,-39.94261409539887,0.8607120206858243,87,15.3465582748625,-42.673320987768584,0.9294030667662396
1789321060.7312942,TIGHTLY_COUPLED,30.409427920866896,-39.352163490104736,-12.275524410043946,0.1612707551659237,0.06114891069564028,-0.7827021611427777,0.5980216394005945,-22.96038637144066,-39.94276239313497,0.8616059479330324,91,15.326481486212096,-42.69323393399403,0.9295487369951718
1789321060.8346453,TIGHTLY_COUPLED,30.408959020283593,-39.35911925763126,-12.275220559853881,0.1612485290985118,0.06113945307297188,-0.7826909178703774,0.598043314672717,-22.983098550487192,-39.94288961835528,0.8623742751955851,93,15.309001702084895,-42.71026113450956,0.9299086930004037
1789321060.9607778,TIGHTLY_COUPLED,30.4086290189267,-39.39797274722967,-12.273639219170132,0.16128703495962915,0.0611398445400856,-0.7827335338748451,0.5979771121968985,-23.009316039207036,-39.9430369494592,0.8632602648510517,90,15.2981843209192,-42.735237954393476,0.9305970070609004
1789321061.075631,TIGHTLY_COUPLED,30.414069452356422,-39.397794128670235,-12.272430592290727,0.16123144798685451,0.06116314133286864,-0.7827268124074046,0.5979985179420609,-23.033798362827994,-39.94317495898357,0.8640870483912548,94,15.2825067065414,-42.74806038565674,0.930413101142675
1789321061.1907287,TIGHTLY_COUPLED,30.413214160391636,-39.4357683758154,-12.271146322543421,0.16120849739270157,0.061252253541941984,-0.7827087505312995,0.5980192251476142,-23.058534938022625,-39.94331446182771,0.8649223701271229,89,15.26484935361843,-42.77424054472739,0.9308546139969253
1789321061.308827,TIGHTLY_COUPLED,30.41221439659673,-39.45833038298423,-12.270549874535021,0.1612111565439818,0.061241013899102754,-0.7827191027982471,0.5980061097823909,-23.083027335662866,-39.94345263831991,0.8657490543250047,97,15.25000712758071,-42.790249994065775,0.9304494098564297
1789321061.428836,TIGHTLY_COUPLED,30.410554383719095,-39.46457567801946,-12.270556713006771,0.16105294302911977,0.0611180749886295,-0.7827207262186159,0.5980591903809739,-23.108775498617252,-39.943598051002965,0.8666176482377783,94,15.23166456473808,-42.80910359609135,0.9294339286763158
1789321061.5436077,TIGHTLY_COUPLED,30.410271059351,-39.511662312782626,-12.268984479303885,0.16109375318393793,0.061200470492946524,-0.7827052496668998,0.5980600281246278,-23.133526684081406,-39.943737384546274,0.8674518827621185,90,15.21682270889966,-42.82750585518231,0.9300731748255968
1789321061.6623652,TIGHTLY_COUPLED,30.409014097735714,-39.508577153576574,-12.269221936364177,0.16111706806111128,0.06114958809386415,-0.7827521531120404,0.5979975627490525,-23.159023515234413,-39.943883625389006,0.8683105318768047,93,15.198127961968765,-42.84907059585486,0.9305510335127081
1789321061.783742,TIGHTLY_COUPLED,30.41884914870115,-39.52589927203513,-12.267154203511033,0.16103913316703916,0.06127305723931924,-0.7827584401817647,0.5979976875955012,-23.183992229428018,-39.944025487648126,0.8691529391964374,95,15.184571036515237,-42.865525406577696,0.9310139944279562
1789321061.899743,TIGHTLY_COUPLED,30.416374299016862,-39.56687260089289,-12.266418409646139,0.16119378605133391,0.06137611196867142,-0.78273981507064,0.597969830444,-23.208193140720415,-39.944160500628,0.8699731827680192,94,15.172727172852726,-42.88862723258232,0.9319516365255698
1789321062.0159464,TIGHTLY_COUPLED,30.414037083651756,-39.55541832502176,-12.267047361092411,0.16118166114585927,0.06131424112564041,-0.7827714914146221,0.5979379802069579,-23.233384643487103,-39.944304427284116,0.8708222761845075,101,15.153922711004212,-42.90735264651371,0.9312513203719115
1789321062.141706,TIGHTLY_COUPLED,30.4151724111818,-39.615014395165595,-12.264432639781063,0.16128422831143605,0.061344413903214885,-0.7827152728593478,0.5979808209412509,-23.257552248817277,-39.944437694417445,0.871637417546354,92,15.143117700849722,-42.92857891086656,0.9324962905719577
1789321062.2577615,TIGHTLY_COUPLED,30.413738620860748,-39.61353185012378,-12.264710608383067,0.16125721099171728,0.061397673724962305,-0.7827445319107948,0.5979443413295977,-23.283178589987852,-39.9445823612639,0.8725073539128855,92,15.13279388507275,-42.9477089898249,0.9330293116371077
1789321062.3787308,TIGHTLY_COUPLED,30.412777486379756,-39.664759818911506,-12.263229974680154,0.16126976507487273,0.06149211751466103,-0.7827324684386243,0.5979470421435635,-23.309313512302598,-39.94472230454517,0.8734744887187366,99,15.116983400999906,-42.97165487006149,0.933363069012903
1789321062.498349,TIGHTLY_COUPLED,30.410234289605174,-39.63841151552572,-12.264808425017472,0.16116462377513974,0.061433113776834816,-0.7827472699579672,0.5979620790221145,-23.332389080892384,-39.9448395067465,0.8744810623978806,82,15.104618441679044,-42.98300161292978,0.9333903030592906
1789321062.6141727,TIGHTLY_COUPLED,30.418234376925998,-39.65951870817219,-12.262100370112542,0.16094407765184304,0.06113223537941425,-0.7827792747569967,0.5980104185356838,-23.358941278412814,-39.944962613798914,0.8756382256891865,85,15.089263079066415,-42.9976743505657,0.9348426922936921
1789321062.7221882,TIGHTLY_COUPLED,30.417999342337968,-39.716963570137246,-12.259511622159286,0.1605707930101731,0.060650040722642656,-0.7828919825462051,0.5980123214928758,-23.382011814265958,-39.945039326403986,0.8766433371413955,86,15.066926279354941,-43.020218050133714,0.9353901839366466
1789321062.8646054,TIGHTLY_COUPLED,30.418069577893235,-39.726136021292454,-12.258726147243374,0.16043259212025712,0.060369861421756564,-0.7829379312962063,0.5980176075627792,-23.40890237191143,-39.94492171774719,0.8777961188474198,88,15.05307055459123,-43.04015347519077,0.9372403050046654
1789321063.007613,TIGHTLY_COUPLED,30.415117264913963,-39.76934878442225,-12.256622792782807,0.15995041767607096,0.05960705855888156,-0.7835973989656609,0.5973591706749459,-23.436309876080188,-39.94457680542388,0.8789784801297134,57,15.033948796233432,-43.048179736566574,0.9379462655262617
1789321063.1392899,TIGHTLY_COUPLED,30.412911010609776,-39.80863487522134,-12.255211031773337,0.15965641546136136,0.05925387215538141,-0.7838413679596633,0.5971528426724156,-23.462657071242003,-39.94464150984512,0.8801253186435861,73,15.033948796233432,-43.048179736566574,0.9379462655262617
1789321063.266469,TIGHTLY_COUPLED,30.409448852070163,-39.80042755025624,-12.256047295341311,0.15942434379018097,0.05892450514196933,-0.7838720232443913,0.5972071939248462,-23.486279003003016,-39.944698992835974,0.8811531132298265,79,14.987942969491565,-43.06516341049294,0.9365537137449552
1789321063.3909876,TIGHTLY_COUPLED,30.415611870759395,-39.815968858590686,-12.254300258896729,0.15913932112182122,0.05865991526049557,-0.7838627651794152,0.5973214010729888,-23.508160219114576,-39.94475188881695,0.8821056961017189,84,14.966557379929412,-43.08501557220379,0.9372314679295307
1789321063.5362291,TIGHTLY_COUPLED,30.417160144338897,-39.86303962978548,-12.251971762296682,0.15893098456971988,0.05834004059216688,-0.7838520855548914,0.5974222039551687,-23.5365063109756,-39.94482046221304,0.8833401081462035,85,14.94160086359744,-43.107227512866444,0.936916482976315
1789321063.6565304,TIGHTLY_COUPLED,30.41697275320586,-39.872122368122945,-12.251353931904143,0.1586356267240377,0.05808370306824067,-0.7839212584578488,0.5974349185556659,-23.560376733929882,-39.944878338216974,0.8843797363414612,90,14.94160086359744,-43.107227512866444,0.936916482976315
1789321063.7845607,TIGHTLY_COUPLED,30.4168942268301,-39.923475091251795,-12.248970831068638,0.15832514772383197,0.0576791851659651,-0.783919169219513,0.5975591981778925,-23.586235512593674,-39.9449411753129,0.8855060597633972,84,14.910221613122221,-43.145883425768304,0.9396701446045045
1789321063.9068024,TIGHTLY_COUPLED,30.415228682705326,-39.91666261669824,-12.248958614880472,0.1580252843447112,0.057259625179587506,-0.7839479580419294,0.5976411497830081,-23.60786540599325,-39.944993896811354,0.8864483322444426,80,14.910221613122221,-43.145883425768304,0.9396701446045045
1789321064.028418,TIGHTLY_COUPLED,30.420225933192196,-39.92512891415695,-12.246924073921107,0.15777897961788023,0.05686869724404683,-0.7839890384616558,0.5976896623135401,-23.632973923285846,-39.94505479885633,0.8875424154796298,88,14.901969418500967,-43.16984355870762,0.9413575860830308
1789321064.156886,TIGHTLY_COUPLED,30.428247516564817,-39.96858161486182,-12.244319126382317,0.15745844366641046,0.056619949130857126,-0.7840071208320729,0.5977740830474123,-23.657094730695086,-39.94511160733318,0.888592743209083,82,14.870291071745696,-43.20511986450276,0.9426295606245643
1789321064.265365,TIGHTLY_COUPLED,30.428790497990658,-40.02033082048121,-12.241714921367375,0.15719004783124021,0.05626282449595065,-0.7839610931079946,0.5979387827658186,-23.681231461092658,-39.945167704066805,0.8896442574944405,80,14.864485924803239,-43.23240473741763,0.9461511211775073
1789321064.3858056,TIGHTLY_COUPLED,30.426605260760304,-40.03200000861551,-12.241071615840285,0.1568270402901008,0.055844392355228915,-0.7839259025131825,0.5981194384445422,-23.70538292196275,-39.9452261644046,0.8906944722529453,87,14.8550823494022,-43.258293809037184,0.9468497905289498
1789321064.502847,TIGHTLY_COUPLED,30.430118115006366,-40.02220296497469,-12.24087444445287,0.15654997223920444,0.05550372535971397,-0.7839602687113418,0.5981786854654206,-23.731014820714602,-39.945290737831634,0.8918057594850132,90,14.841290401467617,-43.28009557954682,0.9493560373998522
1789321064.6156228,TIGHTLY_COUPLED,30.431458149538006,-40.07383331874518,-12.239099533748568,0.15613400280926473,0.05512716439103228,-0.7840683637202129,0.5981805496052749,-23.755381033671522,-39.945351058093614,0.892866511539629,80,14.82006525599348,-43.296449900780836,0.9494578744258744
1789321064.733002,TIGHTLY_COUPLED,30.431526597989127,-40.11148083964511,-12.237331866613767,0.1558854063354501,0.05470957972493186,-0.7840842290278814,0.5982629219395983,-23.780491572366174,-39.94541171446488,0.8939618575941941,88,14.801764549704425,-43.323423079496756,0.9506854813287603
1789321064.8501697,TIGHTLY_COUPLED,30.430172551409054,-40.095997757331695,-12.238069360502493,0.15563566087704908,0.05451216001015101,-0.7840932721032364,0.5983341091036279,-23.805107876584273,-39.94547113956739,0.8950350429459942,83,14.809060654402215,-43.3514200747375,0.9540942838692392
1789321064.973517,TIGHTLY_COUPLED,30.430581634683655,-40.13845957581151,-12.236158947995698,0.15535522253199197,0.054131064627369635,-0.7841420877651318,0.5983776139443078,-23.830549492576267,-39.945537767132805,0.8962932476261756,83,14.788309646401146,-43.3705605351111,0.9538915860192615
1789321065.0940523,TIGHTLY_COUPLED,30.430368874478226,-40.162609785938926,-12.23440083004718,0.15511272512174615,0.053897626180787764,-0.7840549356327805,0.5985757648846621,-23.855526562525775,-39.94558703313785,0.8976280105123521,69,14.774471797380308,-43.39565352209794,0.9545071189729961
1789321065.2196224,TIGHTLY_COUPLED,30.432428019597054,-40.19253455267982,-12.233234493520015,0.15515663398465893,0.05380589751066545,-0.7840785741294938,0.5985416726633848,-23.879478008635502,-39.9456330772743,0.8989063185083239,89,14.757222044329403,-43.41140662461943,0.9548033313700073
1789321065.3513207,TIGHTLY_COUPLED,30.432405915378713,-40.20466521626762,-12.232061047264205,0.15513655136617663,0.053693570973429854,-0.7840579991796229,0.5985839162463167,-23.905123114370824,-39.945681949976,0.9002720222291317,83,14.748775538804654,-43.43398895189851,0.9562591119275491
1789321065.4648569,TIGHTLY_COUPLED,30.43170993854338,-40.24825878072521,-12.22907031875725,0.15524452476708306,0.053659425162603476,-0.7841689933537513,0.5984135639201587,-23.93032639542917,-39.94534201834082,0.9015856851174413,64,14.731994537795766,-43.44898169794947,0.9563563470656028
1789321065.5783772,TIGHTLY_COUPLED,30.429906359536623,-40.26593453820354,-12.22809662453085,0.15535740293791792,0.05356355239668927,-0.7847039519395256,0.5976911669227875,-23.954238977911498,-39.94499067519941,0.9028698612514022,52,14.716547951529806,-43.47095533797016,0.95677749143602
1789321065.7060523,TIGHTLY_COUPLED,30.42950355600199,-40.31654326469981,-12.225147412569417,0.15534345320070056,0.053387315817902965,-0.7848255860915749,0.597550839237514,-23.98083618203584,-39.94497233631598,0.9042975572909075,73,14.712884943366594,-43.47837032286282,0.9576071577225563
1789321065.8169296,TIGHTLY_COUPLED,30.427457953618493,-40.304315792036334,-12.224404968463713,0.15531830875714955,0.05326843159229458,-0.7847492704443186,0.5976682020131451,-24.00454015437407,-39.94497872008125,0.9055619555713794,78,14.697520787352987,-43.502199789568905,0.9581203015489271
1789321065.9312315,TIGHTLY_COUPLED,30.427280876196082,-40.34565575725315,-12.222061590010709,0.15536387526499,0.053271493707467324,-0.7847187144002131,0.597696205016308,-24.02975546395155,-39.944970822568,0.90690732846249,83,14.688042137120641,-43.53061934509525,0.9599987609910349
1789321066.0410905,TIGHTLY_COUPLED,30.426099160570438,-40.353875982077476,-12.221651678254672,0.15528341690027417,0.053285474795467684,-0.7847194787314876,0.5977148637192985,-24.053753886622527,-39.9449529892834,0.9081865533061637,88,14.672829231120483,-43.55901828816723,0.9615194204324969
1789321066.1599438,TIGHTLY_COUPLED,30.42611656927412,-40.3879090778622,-12.219654356620582,0.15536003036609966,0.05324601823438525,-0.7847110313312694,0.5977095614207989,-24.080018309843865,-39.94493274108015,0.9095871066887996,83,14.6574383503247,-43.58171085089102,0.9619772045205643
1789321066.2739336,TIGHTLY_COUPLED,30.425928356180776,-40.411624939234315,-12.218062769567808,0.1552870228942205,0.0532189664120276,-0.7846930817569822,0.5977545061121794,-24.10303784464565,-39.94491635253057,0.9108151980700829,85,14.644507965687884,-43.60400034582234,0.9626477412674023
1789321066.3928316,TIGHTLY_COUPLED,30.42486211198733,-40.42069561791191,-12.217748770061139,0.15521706261566504,0.05323894448632951,-0.7847283019294204,0.5977246610387718,-24.12910369893034,-39.94489897399025,0.9122061506140308,92,14.627302952420466,-43.623739223018276,0.9631796431079154
1789321066.5085328,TIGHTLY_COUPLED,30.424793665907096,-40.452047633607556,-12.216056452789413,0.15519611067920955,0.05320620643061301,-0.7846667889828938,0.5978137645576459,-24.15469648575943,-39.944882258936126,0.9135718655369617,82,14.610799312855965,-43.64908234660957,0.963438106298803
1789321066.624598,TIGHTLY_COUPLED,30.422050393045044,-40.45927268766901,-12.215903831442445,0.15520472070495658,0.05314498095978374,-0.7845794048878004,0.5979316542010348,-24.179558024076826,-39.94486545749896,0.91489933872169,79,14.61037834270765,-43.67809843054334,0.9665980379770598
1789321066.7396786,TIGHTLY_COUPLED,30.420862120049655,-40.481235626507996,-12.214841042128173,0.1552448323452925,0.05311614110319176,-0.7845431325385632,0.5979713962816002,-24.20418661126274,-39.944849501292865,0.9162128771001676,77,14.594464144270203,-43.699239049222506,0.9675051149268598
1789321066.857535,TIGHTLY_COUPLED,30.4197067869356,-40.5275849117046,-12.212358331104996,0.15521307161673772,0.05318025522220918,-0.7845578273630154,0.5979546624763646,-24.22930298378778,-39.944839422885146,0.9175458144705495,83,14.573613718058832,-43.71538171977904,0.9672968164487565
1789321066.9702797,TIGHTLY_COUPLED,30.41783849645747,-40.54438914404034,-12.211614585597466,0.15521235427672106,0.05312391993015773,-0.7845694421332412,0.5979446167345822,-24.254792695846056,-39.94482752654255,0.9189009714347431,70,14.553425066694674,-43.734957612651854,0.9674761504411143
1789321067.0980756,TIGHTLY_COUPLED,30.41618985127862,-40.550373413324216,-12.211333770766977,0.15511960832548724,0.05312027042036382,-0.7845155027844757,0.5980397728196981,-24.282659771623603,-39.94481128940326,0.9203975463646923,87,14.543855792871014,-43.76096092738686,0.969374546309735
1789321067.2108216,TIGHTLY_COUPLED,30.41471427909009,-40.562117545477804,-12.210688221166976,0.15519090389453416,0.05305531585944304,-0.7844891019199632,0.5980616738901281,-24.305205288382023,-39.94484835866451,0.9215090089988537,84,14.516667647778469,-43.78101156572501,0.9692007552857393
1789321067.325641,TIGHTLY_COUPLED,30.414165212157542,-40.5754304080256,-12.210460931837423,0.15508590778234713,0.05318948402129821,-0.7845010587142031,0.5980613086240975,-24.329488224386395,-39.944884626366516,0.9227090620059364,73,14.544107914631015,-43.816689233414536,0.9735088966339623
1789321067.4441147,TIGHTLY_COUPLED,30.414203792003402,-40.62645708487203,-12.208691507633137,0.15482106658576072,0.053422265855660414,-0.7845614558573205,0.5980299497810594,-24.355224658950796,-39.94492941146209,0.9239235061230161,76,14.560172645467015,-43.84759147371003,0.9768085740499812
1789321067.574513,TIGHTLY_COUPLED,30.414023438518395,-40.67270419626893,-12.206910395150057,0.1548998728845581,0.05369313393980693,-0.7846541592745465,0.5978636358578973,-24.38286513467873,-39.94498627730691,0.9252011959978165,74,14.546194681840277,-43.87243350968523,0.9746349830612593
1789321067.6746964,TIGHTLY_COUPLED,30.414198730230996,-40.67040199245228,-12.207352042323121,0.15495013036337016,0.0538573759800902,-0.7846700501878765,0.5978149818221932,-24.40425426826695,-39.94503181607773,0.9261894528720859,82,14.522227815207184,-43.89704216975488,0.9719805115863971
1789321067.7884326,TIGHTLY_COUPLED,30.413504862942656,-40.69063808790019,-12.20689629180493,0.15488705986469764,0.05415698321199485,-0.7846762382299124,0.597796136666338,-24.428725068236524,-39.944959050037845,0.9272969849413271,72,14.515061662672395,-43.922423264483136,0.9719409531743095
1789321067.895339,TIGHTLY_COUPLED,30.41179219014688,-40.72349250821142,-12.206275579867414,0.1549586210487617,0.05434785624666322,-0.7850793208697115,0.5972307730072278,-24.451541038376284,-39.943552368348634,0.9282877143973046,56,14.495707875720864,-43.94773111942106,0.9710802581829429
1789321068.012596,TIGHTLY_COUPLED,30.41880064021274,-40.72755599176769,-12.20654480094932,0.15525848720027116,0.053933398909562905,-0.7873709926423781,0.5941657265272893,-24.474557792838088,-39.94144406261736,0.9293567145539037,54,14.435427856542733,-43.9300058782493,0.9637508338285543
1789321068.1283963,TIGHTLY_COUPLED,30.41797386301417,-40.76303307384231,-12.204608899580316,0.1555942764414208,0.053773957953907305,-0.7885962236388484,0.5924650020441625,-24.499394133590158,-39.94113008386382,0.9304941720083281,54,14.426429681019627,-43.9196444082544,0.9621288339450602
1789321068.2376623,TIGHTLY_COUPLED,30.41721767351478,-40.76999264414808,-12.204329745803921,0.15557553067473257,0.05393036932653848,-0.7885713054829243,0.5924888738942995,-24.523259164824847,-39.940858943318624,0.9315894481621363,85,14.404601173732834,-43.936998314163986,0.9584645005336205
1789321068.3505898,TIGHTLY_COUPLED,30.418727826310423,-40.805427377566815,-12.202222766905846,0.15565597926000863,0.054196640218177626,-0.7885054471072983,0.5925310963922389,-24.54743332338281,-39.94058338780017,0.9326999512158572,83,14.388102186351093,-43.957640804475346,0.9588237893279021
1789321068.4625056,TIGHTLY_COUPLED,30.419268295324844,-40.82634416830656,-12.201060650216894,0.15559651288422058,0.054459915422091935,-0.7885294970332991,0.5924905696286664,-24.57218153166796,-39.94048345946776,0.9338466258713828,69,14.380088302172469,-43.99252439671663,0.9595120181090729
1789321068.5739627,TIGHTLY_COUPLED,30.418870302936483,-40.85055499396945,-12.199842564554615,0.15559673672977598,0.05475768825335192,-0.788226734253522,0.5928658081760334,-24.596950430111576,-39.940140762001,0.9349796176345764,51,14.36529166568632,-44.02645792147786,0.9611714429290343
1789321068.680014,TIGHTLY_COUPLED,30.417307771622365,-40.87297340232943,-12.198678907945961,0.1555179742775455,0.05511990017877903,-0.7877730687403603,0.5934555993907931,-24.622342655347403,-39.93958706771872,0.9361352103273157,51,14.355619893869253,-44.05176272327371,0.9608537838357479
1789321068.8053393,TIGHTLY_COUPLED,30.415745052508314,-40.87750085410633,-12.198780577504662,0.1554833945959329,0.05537054828892284,-0.7875169977374609,0.5937810999532451,-24.65004932470452,-39.9392464078196,0.9374042852736197,61,14.341115463617419,-44.0843745147449,0.9621409823143955
1789321068.9139338,TIGHTLY_COUPLED,30.41277603345663,-40.91535408399072,-12.197787647582608,0.15534679737131038,0.05569787179757357,-0.787456194299356,0.5938668720203821,-24.675487173606346,-39.9389536553924,0.9385709876705104,70,14.32932301663582,-44.11988446256212,0.9625857707677955
1789321069.0118535,TIGHTLY_COUPLED,30.406249018796444,-40.93894944794939,-12.197811463341786,0.1553770213844348,0.05600047967842298,-0.7873101489008651,0.5940241215129105,-24.698118415654786,-39.938686885674215,0.9396080676661057,61,14.32443398404939,-44.155529422214336,0.9647363239096691
1789321069.121682,TRANSITION,30.431031906298838,-40.949366446233306,-12.195917170879925,0.15531840004474753,0.05643129361742521,-0.7871502748153268,0.5942105254590826,-24.723828865102593,-39.93840909621591,0.9407930206352434,69,14.323637341330324,-44.19616662503486,0.9667600945203924
1789321069.2372606,TRANSITION,30.44224903784551,-40.98314856767519,-12.195128408814123,0.1553744598548014,0.056807829819891374,-0.7870032206274161,0.594354758051164,-24.750323054415652,-39.938227730677795,0.9420331841831321,63,14.323312903800902,-44.23646212150363,0.9694755355269625
1789321069.3491144,TRANSITION,30.448349870142525,-41.00936572985719,-12.196228036662559,0.15530852548802687,0.05694193187828116,-0.7869746491027615,0.5943969885306365,-24.77425549299737,-39.93803267685463,0.9431571790543944,82,14.328461696673157,-44.27844974433872,0.9744208723105967
1789321069.459569,TRANSITION,30.453397525807215,-41.02413308678477,-12.197622151222781,0.155375343804884,0.056951116531749564,-0.7869574152660274,0.5944014631720843,-24.799934880877416,-39.93783038642086,0.9443578756883626,85,14.319458154060177,-44.30946770099752,0.9771428197764159
1789321069.5750153,LIDAR_ONLY,30.47054678210311,-41.04957932398506,-12.201611220820185,0.15532497903178394,0.05688087796936408,-0.7869321475053256,0.5944548021783211,-24.826087400546527,-39.93763430374511,0.9455795644250214,92,14.302339780363463,-44.330471114039774,0.9766357420042063
1789321069.6806092,LIDAR_ONLY,30.502325770309387,-41.071737142256154,-12.201780044740854,0.15557143077981747,0.056975581543220924,-0.786764259973759,0.5946034916319242,-24.85063250635333,-39.9375245077026,0.9467185779825159,63,14.298191115332797,-44.35669659067528,0.9788783513419954
1789321069.807507,TRANSITION,30.52223091753266,-41.08515063716327,-12.201689617891157,0.15556597158212193,0.056920920171104054,-0.7866749291015059,0.5947283356758158,-24.878372508363714,-39.93732922990834,0.9480074478215637,65,14.291804582966462,-44.38891473382799,0.9816790128677833
1789321069.9089403,TRANSITION,30.52361151343195,-41.11929293789832,-12.203523789149752,0.15551595328525833,0.05673598852698698,-0.7866296920370891,0.5948189165496314,-24.900072864899176,-39.93715177498065,0.9490104898388663,89,14.275763209281036,-44.40513532477422,0.9818775746546193
1789321070.0181794,TRANSITION,30.528893504746026,-41.1427154080601,-12.205847184545773,0.15545695963495545,0.05658801469730731,-0.7866541515610549,0.5948160859672762,-24.925532646598946,-39.93695299939873,0.9501915138915926,87,14.254754320146885,-44.41090342691844,0.9798572273489291
1789321070.124583,TRANSITION,30.534388244932497,-41.1717891943072,-12.20688198997715,0.1555758614008149,0.05680075384701116,-0.7866259675472427,0.5948019946941756,-24.949564760741872,-39.936782061143894,0.9513485617894135,82,14.232988234790858,-44.42628269763269,0.9801915891834135
1789321070.2314472,TIGHTLY_COUPLED,30.533031460704635,-41.195399993777805,-12.205365116522438,0.15564488626711173,0.05691818200973549,-0.7865466601620521,0.5948775851580945,-24.974090774901306,-39.93644379571666,0.9525041751077437,74,14.21657637798193,-44.44893785196243,0.9808474734413067
1789321070.3475523,TIGHTLY_COUPLED,30.532982299588195,-41.21731916210298,-12.203895711142085,0.15560143991277073,0.05694901808962357,-0.7863554378192659,0.5951387457120996,-24.99883415238861,-39.93625782070292,0.9536704871982706,69,14.211881218196277,-44.47167777549463,0.9827805496654571
1789321070.4543412,TIGHTLY_COUPLED,30.554416689942226,-41.21495035462682,-12.201636812019796,0.15555365452384237,0.056917208198490485,-0.7863542775382472,0.5951558133568622,-25.023393829950738,-39.93608543257416,0.954820337975422,73,14.20341779881038,-44.47996946815031,0.9833544457098514
1789321070.568678,TIGHTLY_COUPLED,30.556368841700426,-41.260322769884155,-12.199357237344795,0.15555531470985018,0.05689853738281198,-0.7863494514566055,0.5951635411406784,-25.04774921069023,-39.93591344470325,0.9559609387028303,82,14.182386444107284,-44.493612019753606,0.9827865937589573
1789321070.6795459,TIGHTLY_COUPLED,30.5574287143499,-41.30105341873345,-12.196881019378527,0.15558486202254995,0.05692941042138374,-0.7863045699915936,0.5952121606190796,-25.072448338495718,-39.93573561049396,0.9571161611144327,82,14.168187418746408,-44.50911654368636,0.9830367468463861
1789321070.7924175,TIGHTLY_COUPLED,30.55367540105226,-41.294930167720814,-12.19690029691177,0.15556808483070553,0.05683714543442817,-0.7862389677496365,0.5953120152264341,-25.09715447819073,-39.93540990574949,0.9582672338296087,76,14.154402399328038,-44.52383880896126,0.9833977172309512
1789321070.9054363,TIGHTLY_COUPLED,30.551601522354684,-41.33429974892393,-12.194437357944382,0.15550960459321583,0.05685761386436175,-0.786031268616984,0.5955995461560456,-25.122567342022865,-39.935220022610515,0.9594570583186672,59,14.134841162348161,-44.535326430050574,0.983548763256259
1789321071.0189667,TIGHTLY_COUPLED,30.54979988816168,-41.33954214363747,-12.194164973114068,0.15545409286302456,0.0567947827066411,-0.7860156500505754,0.5956406429593358,-25.148340492062175,-39.93506499268914,0.9606644508278115,72,14.110237599341788,-44.54523682722742,0.9816616786011338
1789321071.1434834,TIGHTLY_COUPLED,30.5506910893087,-41.395780063718924,-12.190766830052981,0.15556929635347377,0.05687222488374886,-0.7859953207250913,0.5956300024907395,-25.17668176821344,-39.934896340172514,0.9619926988224429,74,14.08726397008558,-44.552314390622975,0.9802750406545755
1789321071.2463288,TIGHTLY_COUPLED,30.546507038143616,-41.38497721262513,-12.191971335632353,0.1556151546788686,0.05686993684290514,-0.7860120135161107,0.5955962126525867,-25.201504442565966,-39.934748913600934,0.963155926192717,81,14.066359778648108,-44.56710840982414,0.9792129048135977
1789321071.364526,TIGHTLY_COUPLED,30.572897631119048,-41.39209718056088,-12.188167751182917,0.15547533039838204,0.05706722600186155,-0.7860156938372029,0.5956090012714607,-25.22659667399981,-39.93459940112859,0.9643317575435084,73,14.044914971863587,-44.57515706703365,0.9778789871642136
1789321071.4775608,TIGHTLY_COUPLED,30.572663747546287,-41.458383304812294,-12.184941547508071,0.15554060476390563,0.05728054451318494,-0.7860226176109248,0.595562342743412,-25.252215166431288,-39.93444832671288,0.9655319408573872,91,14.035123947347916,-44.60200660038889,0.978936973208825
1789321071.5845838,TIGHTLY_COUPLED,30.56783981498566,-41.43346992237807,-12.187262874149809,0.15547683627284187,0.05729825387451735,-0.7860215832951487,0.5955786548221039,-25.276782199385824,-39.93430873990139,0.9666738593070787,77,14.027912227475412,-44.625780179212434,0.9810664430544683
1789321071.688502,TIGHTLY_COUPLED,30.56981829975504,-41.495430225133674,-12.184303816362972,0.15544496991608855,0.05739190879190194,-0.7859371695230057,0.5956893449568951,-25.30230290254141,-39.934173124393624,0.9678683395975829,77,14.004953465894202,-44.63861549980751,0.9794296053037326
1789321071.7971978,TIGHTLY_COUPLED,30.564522440684218,-41.50055366856943,-12.184851125664734,0.1555387984008429,0.057456166970399306,-0.7859083117822775,0.5956967320211033,-25.327289268175996,-39.93403679874496,0.9690399858326736,92,13.992508189711025,-44.664793265035726,0.9805072646609082
1789321071.9087818,TIGHTLY_COUPLED,30.567646049745218,-41.578252476567094,-12.181278909805688,0.15571217924143482,0.05759776284515445,-0.785873852513349,0.5956832236070979,-25.35291350864343,-39.93390428403961,0.9702361742888496,86,13.978519132180864,-44.67999213751292,0.9814244583411799
1789321072.0144806,TIGHTLY_COUPLED,30.56533949295797,-41.58631290556195,-12.181706613499566,0.1556470689887108,0.05757447260570466,-0.7857894175977155,0.595813864567485,-25.377955242430232,-39.933755900655804,0.9714028511980523,78,13.956036423267426,-44.69881672077165,0.9803146003099761
1789321072.1197464,TIGHTLY_COUPLED,30.565445711292366,-41.561084129245884,-12.182534254644944,0.1555929554646832,0.05741307873095775,-0.7857654035840045,0.5958752395685397,-25.402222840971486,-39.93361072601627,0.9725314446624527,77,13.936599797672935,-44.71352975707522,0.980154585774699
1789321072.230268,TIGHTLY_COUPLED,30.57025089424775,-41.62116226669745,-12.179022240904564,0.1557384754396364,0.057418433281114,-0.7857167355402753,0.5959008829320638,-25.428052524242464,-39.93344407364174,0.9737229906502444,77,13.913467637320188,-44.7204058601636,0.9777670852439455
1789321072.334213,TIGHTLY_COUPLED,30.572326972577454,-41.64951425436195,-12.17750009908341,0.1556849394314981,0.057473261211560385,-0.7857443459661764,0.5958731800157684,-25.45192405322989,-39.933321007267715,0.9748524567277165,78,13.902787273628075,-44.74537604757272,0.978670906304351
1789321072.440258,TIGHTLY_COUPLED,30.563083999743174,-41.672222060030435,-12.177937309530547,0.1557204154713009,0.057649175232620815,-0.7857589021831018,0.5958277204364117,-25.476520635624077,-39.933083097860255,0.9760318886293601,76,13.884276758284342,-44.76458831429331,0.9784733306260737
1789321072.5480866,TIGHTLY_COUPLED,30.563122165695816,-41.675474511815715,-12.177806954851619,0.1556866154633734,0.05760931191902647,-0.78563574924714,0.5960027805729275,-25.501806866434876,-39.93288807354652,0.9772266315553051,63,13.870337251776881,-44.79129588739165,0.9795038777809069
1789321072.6549463,TIGHTLY_COUPLED,30.575741464036756,-41.683143376435645,-12.172465978149425,0.15556506312732696,0.057438973865344495,-0.7855802361495339,0.5961241212924784,-25.5256803730881,-39.93276732856363,0.9783460488163989,59,13.86314867958134,-44.811843636833025,0.9806739818404971
1789321072.7686346,TIGHTLY_COUPLED,30.581661999730354,-41.73220505239199,-12.16888300287423,0.15559263722596883,0.0574676483645397,-0.7855534387116856,0.5961494741763712,-25.55130760721629,-39.932635445033384,0.9795475627505462,89,13.847306989018733,-44.82756241930096,0.9809352252201466
1789321072.8691728,TIGHTLY_COUPLED,30.57877968008754,-41.73887061441904,-12.168682692621159,0.15562585338530513,0.05749508522414722,-0.7855737864151684,0.5961113444906907,-25.575039539617617,-39.93251808428511,0.9806601075957557,86,13.832034718585682,-44.84733404353761,0.98170317836523
1789321072.97932,TIGHTLY_COUPLED,30.57904405058215,-41.79527394420592,-12.165672384629845,0.15559141726841574,0.0575089659501699,-0.7855487920756101,0.5961519311184842,-25.599892206641513,-39.93233806778008,0.9818222342254332,97,13.811497655674698,-44.86432263078076,0.9812896900426206
1789321073.0931928,TIGHTLY_COUPLED,30.57853552683008,-41.80711701190887,-12.16501324668058,0.15556457858260347,0.0575194327348487,-0.785490402851898,0.5962348562234862,-25.62613573531394,-39.93213000662193,0.9830507018243929,74,13.796871758210722,-44.886918047051985,0.981733674416914
1789321073.196762,TIGHTLY_COUPLED,30.586914444868167,-41.79556745144168,-12.16218125135946,0.1555728567946187,0.05736092780801237,-0.785429910919406,0.5963276492188663,-25.65004952252129,-39.93202951843545,0.984172428726322,86,13.78143547648202,-44.903229441704184,0.9813425484837339
1789321073.2947643,TIGHTLY_COUPLED,30.59018144733411,-41.825001253661995,-12.160267774457724,0.15560181062803755,0.057348261612344395,-0.7854298460613105,0.5963213985221599,-25.672753145784572,-39.93193130782701,0.9852375488153053,86,13.771452639624853,-44.92241071215237,0.9827630974061948
1789321073.4118164,TIGHTLY_COUPLED,30.59235782577463,-41.86745030896303,-12.157446325308644,0.1557345648667587,0.05732981316220786,-0.7854147780572912,0.5963083633806957,-25.701295353035515,-39.93180883349473,0.9865768654157191,74,13.752928097722707,-44.938063567369554,0.981901347153889
1789321073.5181992,TIGHTLY_COUPLED,30.58866076922427,-41.87638877174781,-12.156581201438954,0.15565092509229203,0.05724429813857039,-0.7853497451415273,0.5964240585813706,-25.725810354357016,-39.931703680548935,0.9877270404818557,90,13.736966254548845,-44.960289888932614,0.9826334824661315
1789321073.6324651,TIGHTLY_COUPLED,30.592310467251494,-41.93450342436041,-12.15275408167904,0.15574585402900964,0.05726979636758406,-0.7852674857658111,0.5965051342409651,-25.75084947839139,-39.93159613155316,0.9889018212629626,74,13.72381314322345,-44.979131157007544,0.9827808307069786
1789321073.7402005,TIGHTLY_COUPLED,30.592987402497034,-41.96065026987462,-12.150627065595874,0.15584983260341903,0.05729312984149057,-0.7852089509018926,0.596552789260097,-25.77692129792027,-39.93148594080338,0.9901248130658311,83,13.708367373904188,-45.00091303172386,0.9834325555563203
1789321073.8550856,TIGHTLY_COUPLED,30.593757221808772,-41.98518574800625,-12.148560283797183,0.15584105703477052,0.05716287935411242,-0.7851773467943739,0.5966091721111738,-25.80244635201114,-39.9313824501307,0.991312735648695,83,13.695095069690568,-45.0215401114386,0.9842508773169435
1789321073.9574003,TIGHTLY_COUPLED,30.603039802114637,-41.98941175360756,-12.14661620120632,0.15583819938137058,0.057032960335236006,-0.785135394423113,0.5966775590493028,-25.827653227348314,-39.93129073502976,0.992493618979793,73,13.68053818127656,-45.03912574358534,0.9845455408523807
1789321074.0611665,TIGHTLY_COUPLED,30.603694404695062,-42.03306379804521,-12.144435972409873,0.15585549185286796,0.05702640149928145,-0.7851392962921353,0.5966685349582581,-25.852041551345305,-39.93120497301306,0.9936371162210474,85,13.66769347223533,-45.05501006212881,0.984848023797682
1789321074.1776953,TIGHTLY_COUPLED,30.60339954763013,-42.06004419008883,-12.142957127897738,0.1558824369387984,0.05700337807949197,-0.785164221130292,0.5966308964497313,-25.87886897813398,-39.93109383224134,0.9948919502572399,83,13.65182281891477,-45.07226898775627,0.9846227777780822
1789321074.276945,TIGHTLY_COUPLED,30.59862608460315,-42.040752175154275,-12.144599695765146,0.1558773510474917,0.05701238126424906,-0.7852583595631778,0.5965074589216334,-25.90263967772614,-39.93099262288209,0.9959984540874977,80,13.628940185891171,-45.08348420970656,0.9841207525189521
1789321074.382006,TIGHTLY_COUPLED,30.601106393782445,-42.10082998608129,-12.141385699240585,0.15595807489710378,0.05705265442054471,-0.7852302122418245,0.5965195615238602,-25.926848093779345,-39.93088324214488,0.9971246167138071,76,13.606665577703469,-45.096861615811555,0.9837808454978441
1789321074.4970977,TIGHTLY_COUPLED,30.59931338493155,-42.12686693599813,-12.140497430197598,0.15588223407153184,0.057013602347330695,-0.78525766199408,0.5965069844753204,-25.95233024423255,-39.930775248713935,0.9983131380731616,80,13.597527534431602,-45.11180973430136,0.983735305965442
1789321074.5994945,TIGHTLY_COUPLED,30.599855398374505,-42.16707683305208,-12.138439914157493,0.1559090787509852,0.05708688107499018,-0.785315843835787,0.5964163584213924,-25.976697079813277,-39.930670747500294,0.9994850077430915,69,13.572375966196654,-45.120588228898704,0.9831937169782863
1789321074.708444,TIGHTLY_COUPLED,30.60095572717085,-42.13857947746433,-12.140492706135111,0.15584540301358066,0.05705041379455024,-0.7852605354267507,0.5965093060017574,-26.001113884252888,-39.93042885245309,1.000632774099551,71,13.555057143603213,-45.139868658620614,0.9843812090163824
1789321074.817149,TIGHTLY_COUPLED,30.59942054421828,-42.194722899666694,-12.137197037697677,0.1557798232712098,0.057085847196240304,-0.7850686686792738,0.5967755341580542,-26.02548854193226,-39.93033622171928,1.0017852820019044,51,13.542972245913786,-45.16002187783233,0.9852607133581671
1789321074.9201045,TIGHTLY_COUPLED,30.596018246781124,-42.2225379919823,-12.135589842804391,0.1558142745375714,0.05714507227042466,-0.7851118399335242,0.5967040735253403,-26.050411453984992,-39.9302489647399,1.0029551430973513,79,13.537052886504776,-45.18036887407755,0.986528240061811
1789321075.0275156,TIGHTLY_COUPLED,30.594009437788078,-42.2476079908812,-12.134210681033377,0.155832968675789,0.05712602848969947,-0.7850650268716867,0.5967626046642355,-26.07487687235315,-39.93016152491354,1.0041031928323434,78,13.524285880487884,-45.200561519922175,0.9869607635871276
1789321075.137832,TIGHTLY_COUPLED,30.592135519777198,-42.27234191551571,-12.132880264532652,0.15576758015961403,0.05704869077560673,-0.78509418625862,0.596748713073537,-26.10115994547072,-39.93007416136927,1.0053369459687924,74,13.509875706628309,-45.2221085960325,0.9877887905916092
1789321075.2420864,TIGHTLY_COUPLED,30.588479420009385,-42.2784105594607,-12.133004220255991,0.15572841943081636,0.0570215200763512,-0.785078835835151,0.5967817248822941,-26.12507050373633,-39.92994786329993,1.0064568231117166,94,13.491577314132318,-45.23490112508127,0.9877604163038858
1789321075.349455,TIGHTLY_COUPLED,30.587227630725234,-42.33218253559009,-12.129991006870783,0.15578103440613913,0.05714187851167018,-0.7850036788509875,0.5968553419631312,-26.14981225486116,-39.92983102109865,1.0076177519663916,93,13.480437264884552,-45.262304236104285,0.9890026363847917
1789321075.4632642,TIGHTLY_COUPLED,30.578085961121406,-42.29989012197073,-12.132845548313632,0.15571615238540434,0.057116646561764475,-0.7849523707709357,0.5969421615139205,-26.175944218828008,-39.929756482251854,1.0088449656331993,86,13.467747646412965,-45.284323294989186,0.9887586473828971
1789321075.5664136,TIGHTLY_COUPLED,30.584041873286385,-42.31743218977952,-12.13225569708862,0.15568671240370519,0.05709256959119972,-0.7849855272947479,0.5969085424218576,-26.200110099729557,-39.929685107299726,1.009979657175067,86,13.451686936937676,-45.29948458021641,0.988863157843566
1789321075.6738975,TIGHTLY_COUPLED,30.585638103066675,-42.38009690212699,-12.128555873007281,0.15579849428002743,0.05716944830785776,-0.7849477269649091,0.5969217279450245,-26.225317558570925,-39.92961198057946,1.0111636507104014,78,13.438711620646762,-45.32163279443186,0.9905967271089744
1789321075.7843175,TIGHTLY_COUPLED,30.58401480935467,-42.40784696760751,-12.126986998549684,0.1558581765164037,0.05720302238379031,-0.784876589137441,0.5969964680524651,-26.250800584613014,-39.92953843830358,1.012360531073706,78,13.425189743268142,-45.34285386452675,0.9909069883412822
1789321075.892497,TIGHTLY_COUPLED,30.58235058840306,-42.43439317953059,-12.125656210522498,0.1558393830033316,0.057269233275678594,-0.784848512464122,0.5970319372596511,-26.275794426529274,-39.929466088082435,1.0135342876834654,77,13.414112856093134,-45.36325704828518,0.9918231578432878
1789321076.004572,TIGHTLY_COUPLED,30.580269560438904,-42.45956724861192,-12.124669379685784,0.15582323156984068,0.057276699463898684,-0.784804537049675,0.5970932413182212,-26.30207244605877,-39.929391468645086,1.0147680128268233,88,13.399342197397877,-45.384632883106754,0.9927719331203462
1789321076.1028743,TIGHTLY_COUPLED,30.57811594219507,-42.48609977688409,-12.12344674976775,0.15591695313375878,0.057387586180576974,-0.7847530668186892,0.5971257763624965,-26.325028689474838,-39.9293288455636,1.015836890806359,85,13.380567223839162,-45.40085675171751,0.992783896000499
1789321076.2138722,TIGHTLY_COUPLED,30.57213830483822,-42.50433031436046,-12.12475875108404,0.15578474479865537,0.057398646817746084,-0.7846659556409606,0.5972736782159144,-26.351641308815843,-39.92929788507195,1.017084583383607,83,13.3579563679743,-45.41674488694884,0.9917758793648382
1789321076.3210516,TIGHTLY_COUPLED,30.573839127754024,-42.56390918605319,-12.12191417027734,0.15572598727975,0.05748846708902644,-0.7846303860281787,0.5973270882512967,-26.375903364042582,-39.92924494969736,1.0182204559770165,78,13.345506161795724,-45.435628483221265,0.9927676707241215
1789321076.428475,TIGHTLY_COUPLED,30.565928786879734,-42.52945457655736,-12.125334764285698,0.1556073885506844,0.05741157751667861,-0.7846531131933133,0.5973355366555084,-26.40144065733324,-39.92915960930248,1.0194183059181057,83,13.337390579122285,-45.461533174083755,0.9945619020988516
1789321076.534496,TIGHTLY_COUPLED,30.56424397524437,-42.59100694248165,-12.122384437424028,0.1556471565948651,0.05733397661610545,-0.7846418259157639,0.597347455667883,-26.42644451067004,-39.92908979711285,1.0205849749411502,78,13.308871061814513,-45.47213123800028,0.9920128751762392
1789321076.6422453,TIGHTLY_COUPLED,30.56252330340569,-42.620661630835315,-12.12094950742557,0.1556891820386205,0.0572220718793482,-0.7846652604479587,0.5973164505788512,-26.451829414468968,-39.929007953338,1.02176405723942,74,13.29264552825852,-45.48345802666546,0.9931697879611603
1789321076.750431,TIGHTLY_COUPLED,30.56442322721763,-42.641526301308,-12.119483143889651,0.15565748231539037,0.05719092555244769,-0.7846404798590019,0.5973602460829844,-26.476260540704054,-39.92895030846296,1.0229168740529062,80,13.266071738282287,-45.49498338801861,0.9916432111136421
1789321076.8545113,TIGHTLY_COUPLED,30.563387287161298,-42.638512669534755,-12.120237138329552,0.15563259578373861,0.0571836263857046,-0.7846146091747818,0.5974014086629692,-26.500445448730293,-39.928822677077754,1.0240741210557422,85,13.247832759633699,-45.51535388871903,0.9925516711418861
1789321076.966274,TIGHTLY_COUPLED,30.563671018089668,-42.661201953280504,-12.118866585049805,0.15560298213911467,0.05723400073393841,-0.7844666585080116,0.5975985632501779,-26.525859441724357,-39.92867086178537,1.0252757466587699,68,13.227686283460764,-45.536792584075464,0.9937216291842328
1789321077.072783,TIGHTLY_COUPLED,30.567426866900938,-42.707658247582636,-12.115643257882315,0.15554969503842267,0.057297156194884485,-0.7843586927952537,0.5977480818053317,-26.549828372844953,-39.928620410365916,1.0264036288910798,57,13.21758863610705,-45.557735584176626,0.9957426312974371
1789321077.1850522,TIGHTLY_COUPLED,30.563886137275663,-42.70520473885463,-12.116081180321396,0.15543763844615288,0.0572600842579493,-0.784342141988851,0.5978024988283311,-26.575805112721945,-39.92856396582447,1.0276237017905636,81,13.205548647421745,-45.57828938743367,0.9971919503094859
1789321077.2865233,TIGHTLY_COUPLED,30.56412044798483,-42.74984516027587,-12.113469423526267,0.15553441912756905,0.05731686615689385,-0.7843322481386571,0.597784865859251,-26.59959902237147,-39.9285149645985,1.0287409494108521,73,13.184810511571257,-45.59118269368239,0.9980725110676114
1789321077.3930604,TIGHTLY_COUPLED,30.564594590479484,-42.79000208270442,-12.11067793698179,0.15565973788192247,0.05720149701427352,-0.7843287736198035,0.5977678559557318,-26.62447652674603,-39.928464143969315,1.0299097264504828,87,13.174583600539272,-45.611752997446835,0.99963151978272
1789321077.5040011,TIGHTLY_COUPLED,30.572237735189333,-42.77324834553147,-12.11003820491064,0.15558023581386132,0.057196876860794436,-0.7843286184019607,0.5977891985116041,-26.64966371055593,-39.928394364469284,1.0310924035481432,85,13.161821090454781,-45.636602587807175,1.0015775453966267
1789321077.608955,TIGHTLY_COUPLED,30.574799249403565,-42.8212170573923,-12.10704139146618,0.15566581297114426,0.05725576346638472,-0.7843221547082639,0.597769763249782,-26.674922529608786,-39.92834349641024,1.0322800786450035,78,13.149761841515394,-45.65858512476549,1.0029320613790123
1789321077.7164085,TIGHTLY_COUPLED,30.573236502381764,-42.83160241990782,-12.106593947250323,0.15562360481987156,0.05729474737199893,-0.7843227247485839,0.5977762700119541,-26.70003381936973,-39.92830223560881,1.0334601932869525,89,13.136977446139687,-45.681524483220635,1.0031325740699586
1789321077.8265328,TIGHTLY_COUPLED,30.5731108612916,-42.8737266534491,-12.103757499105779,0.1558663743319265,0.05723687404881898,-0.7843187150651921,0.5977238215097551,-26.725434354803,-39.928257666143416,1.0346540357422394,79,13.126802638309556,-45.704871760190336,1.0046344427231817
1789321077.9314697,TIGHTLY_COUPLED,30.573324064521177,-42.91901810575996,-12.10072458046574,0.15591813889001707,0.057267326643749415,-0.7842709973751518,0.5977700142532544,-26.75010863322971,-39.92821592876568,1.0358140407755,79,13.113404417155728,-45.726894581621416,1.0057992997505802
1789321078.038079,TIGHTLY_COUPLED,30.572340436773054,-42.94276642322817,-12.099536300174979,0.1558886216803855,0.05729091323687802,-0.7843101593797019,0.5977240691028434,-26.77504764317071,-39.928173327651145,1.0369863244870234,71,13.09265623515026,-45.74403123526739,1.0065049468659686
1789321078.1565056,TIGHTLY_COUPLED,30.57178335763983,-42.97152157684426,-12.09805606237131,0.15595116758191083,0.05734586018362349,-0.7843190342205666,0.5976908383177352,-26.80303319934499,-39.92812588823236,1.0383016716409887,74,13.07843007612582,-45.762817190968356,1.0066191733222933
1789321078.255774,TIGHTLY_COUPLED,30.584471911738884,-42.965274657227205,-12.097114300996463,0.1558783292559449,0.05742534236198962,-0.7843351611888923,0.5976810449108939,-26.825742730895477,-39.92808833668656,1.0393687001622434,80,13.06314078544227,-45.78293829808769,1.006448649282071
1789321078.369371,TIGHTLY_COUPLED,30.58145538162056,-43.03094922424632,-12.093777751350755,0.15592255730490837,0.05737170940685042,-0.7843034043962703,0.5977163314948439,-26.851426584424356,-39.928050637162585,1.0405660165643231,71,13.050786174228708,-45.800601210764114,1.0068034584409857
1789321078.4755406,TIGHTLY_COUPLED,30.57761792669033,-43.023299909507436,-12.094857651724777,0.15580855739675467,0.057347680578344,-0.7842766007826982,0.5977835314216702,-26.875739536507457,-39.92804329021262,1.0417062876033647,65,13.03981872382858,-45.82623649813434,1.008463950489381
1789321078.5813785,TIGHTLY_COUPLED,30.576415943025804,-43.04459488020848,-12.094104441686149,0.15578575556449575,0.05735115633341071,-0.7842634613270293,0.5978063787362653,-26.900779926180743,-39.92799499555876,1.0428813796596752,64,13.02418299011091,-45.83907582773864,1.0081402741416956
1789321078.6907837,TIGHTLY_COUPLED,30.57859236108519,-43.08624620464418,-12.091610578089698,0.1558129523981415,0.05732888929562887,-0.7842825155729797,0.597776428176641,-26.926277660548347,-39.9279485670656,1.0440742253990478,79,12.999014334739925,-45.853868918480146,1.0082494631654075
1789321078.7979918,TIGHTLY_COUPLED,30.579894939327577,-43.11362484121237,-12.08967551286341,0.1558961810503228,0.05727002172898651,-0.7842386493720084,0.5978179205880788,-26.95049901236063,-39.92790690014869,1.0452051064277716,70,12.981277604682402,-45.87114109889461,1.0085383850789633
1789321078.9033887,TIGHTLY_COUPLED,30.578722786561553,-43.11053867758518,-12.089822862116877,0.15586535228785373,0.05728598420609678,-0.7841971127085919,0.5978789144879004,-26.975553029627562,-39.927855103685104,1.0463752688178158,74,12.960190213584164,-45.89458088270113,1.009144540185096
1789321079.014403,TIGHTLY_COUPLED,30.60561970441012,-43.12644592960953,-12.08563464410438,0.15590660223346575,0.057444525224738245,-0.784244352287768,0.5977909783582048,-27.000484912264128,-39.927821303212156,1.0475646457871133,77,12.943368445501525,-45.90504602080811,1.008705549505742
1789321079.1208704,TIGHTLY_COUPLED,30.596054043817585,-43.18151247150894,-12.083999457405923,0.15590288565641047,0.0575665051747678,-0.7842078195109955,0.5978281388022629,-27.02497957294327,-39.92766276429549,1.048722958436555,67,12.925335928430687,-45.935558469523556,1.0097772306925106
1789321079.2301605,TIGHTLY_COUPLED,30.599801880703723,-43.20856480579785,-12.082031270567418,0.15586537005209306,0.0575476686130741,-0.7840175844058641,0.5980891903371252,-27.049426658027468,-39.92761049809299,1.0498813318110334,60,12.911005227359025,-45.95857829530805,1.0107473461971956
1789321079.3367116,TIGHTLY_COUPLED,30.601484482239158,-43.2084374201559,-12.081723174203512,0.15582320084643708,0.05757130445370708,-0.7840602703266812,0.5980419445797438,-27.075170428140876,-39.927585229557664,1.051091687557363,56,12.911293533873323,-45.975255227246635,1.0120019347081262
1789321079.440771,TIGHTLY_COUPLED,30.60364116602166,-43.273691690156575,-12.077605296901153,0.15589660385235682,0.05754892894083982,-0.7840443463687111,0.5980458449085022,-27.099458673770158,-39.927557910425435,1.052233422333405,57,12.891336021459871,-45.98742096675416,1.0114245680237373
1789321079.5441465,TIGHTLY_COUPLED,30.619969027945793,-43.26983105040671,-12.075616626756322,0.15582978578412318,0.057647508579827894,-0.7840002485337828,0.5981115722973261,-27.124046426264176,-39.92753199285251,1.0533895032931133,57,12.873233660013534,-46.00470724982069,1.0116365830804497
1789321079.6545737,TIGHTLY_COUPLED,30.616469367416926,-43.28384238643006,-12.075246209578525,0.15590408771887032,0.05761497215107568,-0.7839409591692815,0.5981730543524377,-27.14921223400908,-39.92750991446796,1.0545726869044516,79,12.8646078422242,-46.0239358106148,1.0131929280000345
1789321079.7575293,TIGHTLY_COUPLED,30.61573037447917,-43.31086075373291,-12.073304114225708,0.15595636697045048,0.05757457274067734,-0.7839170757035944,0.5981946159866636,-27.17416948517282,-39.927477664637344,1.0557457998103505,73,12.848139544193941,-46.04456527443314,1.013856392217298
1789321079.8707602,TIGHTLY_COUPLED,30.614574789578775,-43.350338632149736,-12.070755347283244,0.15604045291220586,0.05757288252695132,-0.7838902016226386,0.598208067525431,-27.200180297899617,-39.92745476023108,1.0569693201729211,88,12.83112481871777,-46.063366438392336,1.0146729789215037
1789321079.9752164,TIGHTLY_COUPLED,30.612925569573758,-43.35131943512606,-12.070795859542002,0.15594757852317717,0.05752399271691934,-0.7839197978137902,0.5981982059570621,-27.225007902403235,-39.92743505678112,1.058136969238682,75,12.815854181951101,-46.08136962510546,1.0147464942053586
1789321080.0821297,TIGHTLY_COUPLED,30.61307594603063,-43.42130342849236,-12.066734303504184,0.1559127636642811,0.05746606021414286,-0.783852597877955,0.5983008999241197,-27.249371351459498,-39.92741826590046,1.0592831958371347,72,12.804056261806728,-46.106005715497,1.017023621386766
1789321080.1998448,TIGHTLY_COUPLED,30.612073140641737,-43.44512565615849,-12.065413710218605,0.15599254122709866,0.057421064858596375,-0.7838251478815622,0.5983203873682261,-27.276776508491416,-39.92740052909686,1.0605727082749499,83,12.793630232580691,-46.12927552150849,1.0184855064524154
1789321080.305313,TIGHTLY_COUPLED,30.63219212806973,-43.444709990215266,-12.062654961226595,0.15585032057302886,0.05743593197996453,-0.7838608446516685,0.5983092574219872,-27.30042577085032,-39.92738466643783,1.0616852306750983,68,12.771621441193922,-46.14163551630474,1.0176853177554266
1789321080.4204504,TIGHTLY_COUPLED,30.631997073699544,-43.49229911584165,-12.060042685438777,0.1558685351817824,0.05741886510595624,-0.7838250746311025,0.598353011231477,-27.325353133749584,-39.92736785073856,1.0628576874330133,72,12.75368928085965,-46.159936060041495,1.0188092006677538
1789321080.531935,TIGHTLY_COUPLED,30.632050335870797,-43.5204142553867,-12.05821462333819,0.1558729618934688,0.057329010999945404,-0.7838233449375086,0.5983627396314888,-27.35206452676524,-39.92735100516688,1.0641128520477374,73,12.738188303517997,-46.17736697183312,1.0185207587279783
1789321080.642085,TIGHTLY_COUPLED,30.629148739280932,-43.494785163671686,-12.060045187441721,0.15581807467765582,0.057343241852349604,-0.7838613791169821,0.5983258464636427,-27.375439140770542,-39.92734268439341,1.0652025014496769,77,12.719740573923977,-46.19401897395507,1.0192585501824003
1789321080.7489185,TIGHTLY_COUPLED,30.63123235342891,-43.56219883178624,-12.055968150540114,0.1559492156328594,0.0574112962003566,-0.7838233666564186,0.5983349522595922,-27.400997563817878,-39.92734040446333,1.0664022536534716,75,12.69731718218548,-46.21314193237615,1.0192333256714623
1789321080.8714235,TIGHTLY_COUPLED,30.62845427143787,-43.60826678582101,-12.053948871843527,0.15594242075419534,0.057528396808870695,-0.7837915124642777,0.5983672032781232,-27.426749796409734,-39.92732537199348,1.0676118484713208,81,12.682004288534326,-46.23886000064145,1.0201167889644909
1789321080.9855244,TIGHTLY_COUPLED,30.649701750314094,-43.591190881773024,-12.052622844311127,0.15581586584524404,0.05752122356019797,-0.7838011491702115,0.5983882379780625,-27.45073001112699,-39.92730875787339,1.0687353116045117,76,12.662882303015872,-46.25790655733435,1.0195987302450227
1789321081.1032758,TIGHTLY_COUPLED,30.649023837322154,-43.61738628828391,-12.051219649635259,0.15583815495870523,0.05746080867846736,-0.7837317032497241,0.5984791911556906,-27.477881515540126,-39.92728356795496,1.0700017218867772,77,12.647726152296542,-46.27618573185842,1.0190299312481732
1789321081.2002943,TIGHTLY_COUPLED,30.650414531351,-43.66498585626811,-12.048353189441599,0.15585879606182945,0.057412238780487755,-0.7837429017934295,0.5984638121196504,-27.499901821389628,-39.927271949251,1.0710360442288043,76,12.631086229305634,-46.29318815189665,1.0198337942790638
1789321081.3112543,TIGHTLY_COUPLED,30.651417708966893,-43.69198364739725,-12.046708315916232,0.15579634305280826,0.05739650003848543,-0.7837930851164961,0.5984158595811687,-27.525104899475338,-39.92724663048939,1.0722449152914828,71,12.610094052726947,-46.316826085846266,1.0204234651610882
1789321081.4219043,TIGHTLY_COUPLED,30.648139768730722,-43.6947967017747,-12.046820625794169,0.15587894584162942,0.05747655686294,-0.7837811618969424,0.5984022810033087,-27.549396635168033,-39.9271053757388,1.073384975769678,80,12.595181436265545,-46.33745005223418,1.0212912936559186
1789321081.5342336,TIGHTLY_COUPLED,30.645658092426192,-43.756157019806125,-12.043576648501439,0.15576568623949752,0.057600089781956826,-0.7835482321686109,0.5987248520922558,-27.57488117216134,-39.92710613774255,1.0745931275976932,62,12.587454124413938,-46.35143909137083,1.0213020267140278
1789321081.6386938,TIGHTLY_COUPLED,30.63807592397224,-43.76156580996843,-12.044331805032975,0.15571934668844525,0.05755070394990677,-0.7835378028777075,0.5987553031108525,-27.599432072427362,-39.92710523444027,1.0757480062136289,66,12.583849911418893,-46.37365945002348,1.022677509580771
1789321081.7452738,TIGHTLY_COUPLED,30.654699792815574,-43.76072194257716,-12.043110681137419,0.15555538100444413,0.057537204000044084,-0.7835721862098824,0.5987542255338871,-27.62376534161678,-39.92710276187759,1.0768927225380933,59,12.56323401530812,-46.38921325803306,1.022174127833179
1789321081.8596606,TIGHTLY_COUPLED,30.650136262728225,-43.76097343548202,-12.043734798322923,0.15549573186535334,0.057501472220081,-0.7835629485416304,0.5987852400793858,-27.649907809071067,-39.92710712742313,1.0781226146897636,60,12.543251220955009,-46.40561387872321,1.0214069579105938
1789321081.9661908,TIGHTLY_COUPLED,30.65193998377585,-43.8237863933851,-12.039873964093863,0.15557162201811423,0.05755066933084744,-0.7834972231372637,0.598846801960586,-27.673862159729108,-39.92710840144487,1.0792502039388887,73,12.521130983452439,-46.41783464603012,1.021208411205566
1789321082.0798428,TIGHTLY_COUPLED,30.651248521130363,-43.85027847704748,-12.038406883155908,0.15551064590237842,0.05748554147060823,-0.7834921486451147,0.5988755334327138,-27.698335706095047,-39.92710646147234,1.080401598100091,64,12.512870803484452,-46.445145311068146,1.0230239527532512
1789321082.1965787,TIGHTLY_COUPLED,30.650361518912444,-43.875446717254654,-12.037116153821293,0.15558097872057566,0.05754974223363789,-0.7834727969725334,0.5988764168284015,-27.72384386952325,-39.92710898767766,1.081602249356281,78,12.498147840609715,-46.470689136060884,1.0253851621179202
1789321082.306174,TIGHTLY_COUPLED,30.647239478857674,-43.87574755937525,-12.037302979272054,0.1556215232723456,0.057468445214286686,-0.7835078741014648,0.5988277970502458,-27.74865712783188,-39.92711495308116,1.082770035971799,65,12.48080716791951,-46.48807680458709,1.026423589433991
1789321082.4267757,TIGHTLY_COUPLED,30.64528201468733,-43.928232886285514,-12.034249025862222,0.1556766129649004,0.057489916976724634,-0.7834908594238321,0.5988336787632198,-27.775008460011524,-39.927123041039714,1.0840110726360221,73,12.467751482033352,-46.50582444296356,1.0272100368071349
1789321082.5508947,TIGHTLY_COUPLED,30.65699349656551,-43.932844978238435,-12.03401563870716,0.1555326212953863,0.05751544454372545,-0.7834921139687085,0.5988670008447349,-27.80313519449691,-39.92713223509375,1.0853353436291666,79,12.447849008173687,-46.52932997239459,1.0280899042066551
1789321082.6549504,TIGHTLY_COUPLED,30.66283446132733,-44.008542610312986,-12.02925916809534,0.15551599735462365,0.05753800970257282,-0.783390052059749,0.5990026530325949,-27.82575460575991,-39.92713951817141,1.0864001746145509,73,12.430311406693855,-46.54924275810702,1.0279807185473813
1789321082.759142,TIGHTLY_COUPLED,30.664593811560465,-44.026420700396045,-12.02790738161087,0.15553773828421782,0.05741519657794274,-0.7833905787293206,0.5990081037260571,-27.850655218491728,-39.92714771318962,1.0875722271841257,74,12.410695543735745,-46.5645700375848,1.0286248912163813
1789321082.8608282,TIGHTLY_COUPLED,30.663778886626712,-43.994122458174004,-12.029803137639325,0.1554769606733389,0.05739537580775888,-0.7833658746973149,0.5990580872464522,-27.874314916630535,-39.92715623437548,1.0886845284866533,88,12.394117077571538,-46.58300693560712,1.0300882814877943
1789321082.9786303,TIGHTLY_COUPLED,30.665406822733114,-44.06637640955662,-12.025554042047698,0.15546443180182432,0.057357219862768885,-0.7833644748797125,0.5990668237104958,-27.90141680384272,-39.92717366165126,1.0899499978558795,71,12.378691991925487,-46.592603906833766,1.029937330393978
1789321083.0835683,TIGHTLY_COUPLED,30.659522702557002,-44.092746338455555,-12.024439320467444,0.15547910156273476,0.05735776799780871,-0.7833010947483932,0.599145833994966,-27.924921944791958,-39.92719141674936,1.0910542321495582,63,12.360753580002743,-46.61309134745476,1.0307642044106344
1789321083.1966798,TIGHTLY_COUPLED,30.67600968987439,-44.08075947236185,-12.024208428298161,0.15530300779051642,0.057370566665051026,-0.783267513861667,0.5992341742430191,-27.94915561376567,-39.92719728119634,1.0921931781702194,60,12.341387354191705,-46.63162072877745,1.0317164743587013
1789321083.307723,TIGHTLY_COUPLED,30.667006015196808,-44.10182878224229,-12.024075102436429,0.15525567832865353,0.05730915939600589,-0.7832278021385937,0.5993042170327028,-27.974862698442948,-39.92720339020194,1.0933964510068108,58,12.32892006731273,-46.64751594306688,1.0313942899089388
1789321083.4133568,TIGHTLY_COUPLED,30.66581079685641,-44.170943214602275,-12.020653304975154,0.15533334065038565,0.05724182004434702,-0.783196601556792,0.5993313028953964,-27.99898632205161,-39.927196141938914,1.0945241098732679,52,12.310809288824368,-46.662356651706766,1.0316513170542436
1789321083.5268064,TIGHTLY_COUPLED,30.66056142850358,-44.158281171716375,-12.022163302257786,0.15528594211612848,0.05719272061350595,-0.7832387527552502,0.5992931879074981,-28.024466608235986,-39.927216708880124,1.0957286186110824,50,12.289239467254541,-46.68434634755573,1.0323809165017062
1789321083.635383,TIGHTLY_COUPLED,30.659751534925437,-44.20097933508728,-12.020103184765595,0.15524883554000654,0.05737287861798331,-0.7832343038658485,0.5992913958253847,-28.048745748772177,-39.92717097878928,1.0968859310666843,51,12.27685574195125,-46.708500035165045,1.0335137211109253
1789321083.7422209,TIGHTLY_COUPLED,30.65947980600303,-44.22788452227236,-12.018590800841716,0.15531878062924342,0.057458996978456606,-0.7831491024302436,0.599376362073763,-28.07351428199031,-39.92711380852934,1.0980590870798288,44,12.26607745311932,-46.73285399671382,1.035197100113777
1789321083.8533342,TIGHTLY_COUPLED,30.667231315742235,-44.20669416845146,-12.018712269989782,0.1551112665704535,0.05752174051556016,-0.7831632186753187,0.5994056366644256,-28.099065258897333,-39.92713890970561,1.0992635215738567,45,12.262891977036334,-46.75502378375608,1.0366797771810439
1789321083.9726868,TIGHTLY_COUPLED,30.667136533227737,-44.28180529522668,-12.014305864770682,0.15522246309802065,0.0575994205917068,-0.7831015224433093,0.5994499972843893,-28.124395453703745,-39.927159600400465,1.1004556624081916,76,12.24585439889171,-46.77449587852828,1.0367732721342773
1789321084.0801883,TIGHTLY_COUPLED,30.662223339411508,-44.24720502179022,-12.016919968373664,0.15514555185614465,0.05753488254988538,-0.7831321482577737,0.599436096172384,-28.14877419716413,-39.92717913501197,1.101603485205657,79,12.233712058595517,-46.79792737796958,1.0384346952058026
1789321084.2060237,TIGHTLY_COUPLED,30.663854723701412,-44.31280848756402,-12.012986636748208,0.15529777920141738,0.05757898510811836,-0.7831179205522293,0.5994110298943282,-28.175935002729393,-39.927202066865014,1.1028824130909305,73,12.210760826313733,-46.809558723234126,1.0367443282713806
1789321084.3091376,TIGHTLY_COUPLED,30.662837134145786,-44.33973295645136,-12.011454375453837,0.15538778573424,0.05761175493375317,-0.7831131646826571,0.5993907682295222,-28.19838840047298,-39.9272230153617,1.1039399226130235,61,12.199453088816316,-46.836398651017404,1.0391485235478333
1789321084.4262478,TIGHTLY_COUPLED,30.65943566606642,-44.339546949445854,-12.012044443143614,0.1553753674359557,0.05765656723676322,-0.7831425833540543,0.599351240581141,-28.22460771297205,-39.92724549734945,1.10517441991185,72,12.172917217929959,-46.855932175249016,1.0379368803147142
1789321084.553245,TIGHTLY_COUPLED,30.6691763005428,-44.38446335667255,-12.008692975318525,0.15533684087935654,0.05768644503361257,-0.783063565345053,0.5994615855533192,-28.25184916882066,-39.92726963909682,1.106456974219191,64,12.15851097876601,-46.86708460130791,1.0369939779898645
1789321084.6666439,TIGHTLY_COUPLED,30.669700465210994,-44.43389531489012,-12.00593802655522,0.1554075587504679,0.05772652431797962,-0.7830532338690536,0.5994528938962618,-28.27889425121223,-39.92730008670043,1.1077309787329048,62,12.141455695577573,-46.88927831502306,1.0372324881105763
1789321084.766562,TIGHTLY_COUPLED,30.66723364131864,-44.43262950154688,-12.006113605977676,0.155506429865912,0.05775022179998231,-0.7830261384395374,0.5994603645553871,-28.29970398107587,-39.927324506833905,1.1087113871036902,78,12.128737154284908,-46.90417482281278,1.0380909297186707
1789321084.897148,TIGHTLY_COUPLED,30.66849035177528,-44.50373567300185,-12.001906007844713,0.1554818375713098,0.05781872509717301,-0.7829664837363154,0.5995380543044591,-28.33031166548396,-39.92736087721752,1.1101534276671656,62,12.114894064832662,-46.9264809968856,1.0386899409196004
1789321085.009595,TIGHTLY_COUPLED,30.66545435455632,-44.50746120015489,-12.002379155173431,0.15541242103263309,0.05783397274914793,-0.7829286275440609,0.5996040152940937,-28.353914721915825,-39.92738926768832,1.1112652588541827,79,12.094888830130364,-46.94494931288152,1.0389131476796052
1789321085.1013112,TIGHTLY_COUPLED,30.661259018288245,-44.48123020307644,-12.004551658105333,0.15537875364385081,0.057807511338143255,-0.7829114147186175,0.5996377666994189,-28.374018213615823,-39.92741422935158,1.1122122719125525,78,12.08155847112133,-46.96644458457474,1.0399010338104049
1789321085.2194717,TIGHTLY_COUPLED,30.663491969239804,-44.550326202104216,-12.000387802735316,0.15543336605884603,0.05777939072280735,-0.7829256090200819,0.5996077896957743,-28.40041450959431,-39.92744642008612,1.113452811218295,74,12.06038371635076,-46.98550338638533,1.0394048412595953
1789321085.3401403,TIGHTLY_COUPLED,30.680617103104773,-44.55938638963879,-11.997871356660589,0.15527428033453575,0.057729278130809615,-0.7830092781649876,0.5995445760080171,-28.42647213081101,-39.927486446001346,1.1146714479308035,78,12.04390772970807,-47.00188635242966,1.0403090856141304
1789321085.4496727,TIGHTLY_COUPLED,30.67751158953818,-44.57993335062186,-11.997357661037377,0.15530287265474135,0.057680042535628265,-0.7829597606820554,0.5996065740057992,-28.449957094745475,-39.92751970568521,1.1157759613380733,80,12.025479436053985,-47.02036160959784,1.0406960478589042
1789321085.5573177,TIGHTLY_COUPLED,30.676812832295024,-44.59681354439707,-11.996424734061998,0.155335446809598,0.05765443115901012,-0.7828991978788556,0.5996796740701137,-28.473925090399963,-39.92754663521141,1.116901821051486,68,12.00915427671603,-47.0401615870405,1.0422741272748368
1789321085.6706285,TIGHTLY_COUPLED,30.67970387567486,-44.67240196287186,-11.992231692202516,0.15534352035002924,0.05775800091352673,-0.7829696716451108,0.5995755976519397,-28.499604232975173,-39.92757420823916,1.11810322801434,60,11.99680164550261,-47.06121220358383,1.0432840920933972
1789321085.7796266,TIGHTLY_COUPLED,30.676956692155166,-44.6489730474517,-11.994466499617259,0.1553253449609212,0.05778465225437512,-0.7830542237103211,0.5994673084547966,-28.52367734063928,-39.927593606836375,1.1192321329280914,57,11.973890319674423,-47.07914232305056,1.0427931801488501
1789321085.8899143,TIGHTLY_COUPLED,30.67837121837799,-44.697907401416984,-11.99204024385389,0.15536475967534055,0.05783387242983808,-0.7830036508133247,0.5995184046080636,-28.547449326551128,-39.92762800629004,1.1203646941319474,56,11.95411786822959,-47.09226431917546,1.042238854012525
1789321086.0215025,TIGHTLY_COUPLED,30.676716789182827,-44.72130004313604,-11.990908903483819,0.15531153361638692,0.05773000280598227,-0.7830526428741805,0.5994782171101034,-28.57573396692938,-39.92756640072912,1.121702553432067,53,11.94833178812349,-47.1218475679142,1.0452682230228556
1789321086.1356597,TIGHTLY_COUPLED,30.690653887259813,-44.7188653852329,-11.988805997564794,0.15515533824660777,0.057776033902699815,-0.7829284393524926,0.5996764208914047,-28.60076497206818,-39.92759832366479,1.1228905947082992,66,11.932443558906344,-47.144537537041884,1.045945747936397
1789321086.2610781,TIGHTLY_COUPLED,30.687972162898742,-44.74387629785502,-11.988002257830876,0.15513087338245232,0.057672545015477195,-0.7829110963927162,0.5997153531636408,-28.625359648894086,-39.92764122234354,1.1240493409181587,56,11.927358522281876,-47.16403269766373,1.047200044919534
1789321086.3858728,TIGHTLY_COUPLED,30.68731181359825,-44.76268880962337,-11.986718488307817,0.15516438214613204,0.057651258374968616,-0.7828739144429168,0.5997572684059914,-28.6499811757309,-39.92767947252816,1.1252085566889185,79,11.910990812496879,-47.18175792755926,1.0476170372049198
1789321086.5051749,TIGHTLY_COUPLED,30.686099108748703,-44.811159771272344,-11.984047465098334,0.1551388812433441,0.05767679025235871,-0.7828547463961024,0.599786429854697,-28.675892038636917,-39.927721881681876,1.1264293719868868,75,11.894486591206547,-47.19897687133339,1.047397526183739
1789321086.631818,TIGHTLY_COUPLED,30.679785020266834,-44.829751452553324,-11.984206908719663,0.15510981836140178,0.05755504404255381,-0.7827999236212204,0.5998771880408222,-28.701585460112483,-39.92776594131107,1.1276403401500816,72,11.881807235226505,-47.21685573896608,1.047876087746428
1789321086.7837763,TIGHTLY_COUPLED,30.68224103874793,-44.89805384226098,-11.979559855204528,0.15535012436241336,0.05761452115608977,-0.7827410321395607,0.5998861412115073,-28.73330202515143,-39.92782143245513,1.1291349919907665,65,11.859211821000457,-47.23329108754977,1.0484259176270145
1789321086.922066,TIGHTLY_COUPLED,30.679827215867988,-44.8848618173451,-11.980274617370958,0.15522084584561735,0.057606514033581045,-0.7827357790146682,0.5999272279253297,-28.759540765899462,-39.92786406003763,1.130370580849754,68,11.843603951344337,-47.25677928483919,1.0482363905023464
1789321087.0424922,TIGHTLY_COUPLED,30.676708935381832,-44.879098433152066,-11.981005064628029,0.15519466227566447,0.05756452433744105,-0.7827496639939185,0.5999199162024499,-28.78429748814477,-39.927908772048056,1.1315370640990896,61,11.82419557599968,-47.28434113817914,1.0487850822872515
1789321087.1525002,TIGHTLY_COUPLED,30.689857629106527,-44.88539328915195,-11.978485174013317,0.15526409991780024,0.05762063793955576,-0.7827324287347869,0.5999190498451403,-28.80282431367295,-39.927944302213795,1.1324105519963346,79,11.810384531331142,-47.30090151496243,1.049695607879102
1789321087.3198993,TIGHTLY_COUPLED,30.6890218079581,-44.96350704791796,-11.974581320186058,0.15526189787179376,0.057689998634026095,-0.7826845384858109,0.5999754331154801,-28.828626028786164,-39.927994468507514,1.1336268544094945,70,11.796656547842002,-47.32030056415672,1.0504367212761048
1789321087.5099533,TIGHTLY_COUPLED,30.685144469828654,-44.93574330711881,-11.976871077569117,0.15514711561028383,0.057599553730695745,-0.7826487756193572,0.600060461911427,-28.855201030062396,-39.92804671949724,1.134879556816651,69,11.796656547842002,-47.32030056415672,1.0504367212761048
1789321087.6593173,TIGHTLY_COUPLED,30.687189341133344,-45.002842334314614,-11.972709397356157,0.15515702766901207,0.05757962377267086,-0.782637408694806,0.6000746371932364,-28.881548493642928,-39.92809863576864,1.1361213938364023,69,11.753873623480333,-47.363370096004886,1.0523330810903926
1789321087.7866728,TIGHTLY_COUPLED,30.686188490306026,-45.03457736622159,-11.970769666537397,0.15522180356326074,0.05758849060679299,-0.7826153371575333,0.6000858201074246,-28.904654733941097,-39.928145795883445,1.137210352117414,79,11.747132482486819,-47.38763681125908,1.054020794408459
1789321087.935404,TIGHTLY_COUPLED,30.68275053313062,-45.022502414987876,-11.971707566868464,0.15515603061342237,0.057561226690150194,-0.7826189696396068,0.6001007079702974,-28.932262333390643,-39.92820040844983,1.1385044251524339,72,11.72591253548985,-47.404172469849684,1.054784896969878
1789321088.0807517,TIGHTLY_COUPLED,30.682290419289366,-45.06253565428609,-11.96955852042301,0.15506617466332728,0.057436202220491825,-0.7826191946994255,0.6001356182045788,-28.957513586776933,-39.92825873531802,1.1396899840422574,78,11.72591253548985,-47.404172469849684,1.054784896969878
1789321088.2096155,TIGHTLY_COUPLED,30.69574940026543,-45.04093278672766,-11.970509169170631,0.15489329043477593,0.05751957339707206,-0.7826368651018932,0.6001492353056763,-28.978739251166203,-39.928300042033726,1.1406883530441154,84,11.706590654692397,-47.41321012056147,1.054816619871293
1789321088.3571746,TIGHTLY_COUPLED,30.694800205240515,-45.09865337971639,-11.968286839159143,0.15499961964318287,0.05755937665156558,-0.782655407360786,0.6000937838362219,-29.006171617350006,-39.92834920996092,1.1419750339282693,80,11.674519681347565,-47.45003479339947,1.056405676358629
1789321088.4678748,TIGHTLY_COUPLED,30.697232745175597,-45.165340684933454,-11.964823626828466,0.15500649986303933,0.057617303003315815,-0.7826625687896858,0.600077107387346,-29.027320109838694,-39.92837972576104,1.1429658044346034,80,11.652214122959256,-47.47648566399208,1.0579306856820252
1789321088.5927525,TIGHTLY_COUPLED,30.693741453445817,-45.11681033803178,-11.968401496045955,0.15495515895864198,0.0575973389478852,-0.7826786119546869,0.6000713587956926,-29.052844729190777,-39.92843522839566,1.1441691426354592,86,11.637378838159004,-47.49615342392428,1.058876606110892
1789321088.7144709,TIGHTLY_COUPLED,30.697312799729566,-45.215034960495736,-11.9630236891437,0.15497932769435047,0.05766496169796954,-0.7827080853445474,0.6000201774241027,-29.077889655274678,-39.92846439044409,1.1453647458313057,74,11.621506041890825,-47.50938118979313,1.0594205868545126
1789321088.8196623,TIGHTLY_COUPLED,30.692788886383013,-45.22212185167248,-11.96319649249439,0.15490742700343277,0.05770846804985548,-0.7826589393110462,0.6000986639637045,-29.10121182426861,-39.92845338449931,1.1464673115617778,71,11.61011330759828,-47.535310500125846,1.0609522090813277
1789321088.9391239,TIGHTLY_COUPLED,30.688369950370845,-45.24466112377373,-11.962931241482096,0.15488267979260065,0.0577780627564879,-0.7826386757174076,0.6001247822208917,-29.126536287937274,-39.92851355640792,1.147666115593947,58,11.599968574834957,-47.55479944240595,1.0614665873078717
1789321089.0515668,TIGHTLY_COUPLED,30.685439785278504,-45.23565576058417,-11.964623692887447,0.15482768518679768,0.05780303863036961,-0.7826307907288483,0.6001468503857462,-29.148668153230563,-39.928563711947476,1.1487088957158647,73,11.586150328572023,-47.575528481719886,1.0620400901299916
1789321089.1828718,TIGHTLY_COUPLED,30.685126136306096,-45.258327957757984,-11.963914431645437,0.15484553226031555,0.057817390043305154,-0.7826293733343457,0.6001427118126897,-29.176305299743095,-39.928624688184115,1.1500111483343989,73,11.563192109788455,-47.59647141392662,1.062629958727137
1789321089.2952394,TIGHTLY_COUPLED,30.697396871545944,-45.2740829737681,-11.962175532238666,0.1548282478301799,0.05786638846742509,-0.7825777378603653,0.600209779131369,-29.200740676479857,-39.92868022986205,1.1511631898096215,86,11.54804480613453,-47.61693506123611,1.0636089084454337
1789321089.4138317,TIGHTLY_COUPLED,30.693847936100223,-45.27552679317588,-11.962950557028588,0.15484160086275076,0.05782611552271455,-0.7825527635863343,0.6002427768904888,-29.22594978261231,-39.92873888526785,1.1523518283556053,71,11.536546476192523,-47.63465403359011,1.0644373097245996
1789321089.5423036,TIGHTLY_COUPLED,30.69575923182941,-45.35032614163324,-11.958781893987258,0.15495046573777044,0.05792272879675136,-0.7824918986253524,0.6002847151494676,-29.252672129685443,-39.928802661936984,1.153611551205198,79,11.518668506988341,-47.651045912682946,1.0642301891914827
1789321089.6580775,TIGHTLY_COUPLED,30.694521644606596,-45.377027375229744,-11.957478723488547,0.15499269813395702,0.05789692558639027,-0.7824918742030231,0.6002763333157826,-29.277157771074396,-39.92886173032683,1.1547656095055623,79,11.500653971082981,-47.67615538485178,1.0657301085381388
1789321089.7774181,TIGHTLY_COUPLED,30.69058971270351,-45.427388224224714,-11.954834774773142,0.15500781084106752,0.05799685773323684,-0.782524572409772,0.6002201568143427,-29.30165253086958,-39.928918600926735,1.1559197362693896,78,11.481639639127867,-47.696574187557566,1.0655756600827753
1789321089.8980877,TIGHTLY_COUPLED,30.689857106131477,-45.45581238462595,-11.954866650041446,0.15500740256271112,0.0579563916555939,-0.7824922815207752,0.6002662668994795,-29.32741880676371,-39.92898287796253,1.1571346826582591,76,11.470595482129323,-47.71954268285464,1.0665441610956787
1789321090.018555,TIGHTLY_COUPLED,30.687143147526342,-45.47873734394159,-11.955091075671547,0.15503751206441163,0.05795496112144228,-0.7824676229224636,0.6002907723864817,-29.35145356219499,-39.929043970594556,1.1582683110543435,78,11.451473557528752,-47.73740304023262,1.0667754047634956
1789321090.1408286,TIGHTLY_COUPLED,30.705195022111806,-45.45951740078966,-11.954435369516439,0.15492257377920077,0.05804075388675654,-0.7824467608187035,0.6003393486239295,-29.377510399134522,-39.929111000161214,1.1594972815951534,69,11.430795452299346,-47.75643005600094,1.0673479339834024
1789321090.2450583,TIGHTLY_COUPLED,30.70768151902482,-45.49807584031651,-11.952819760356514,0.1550120379076079,0.05800920067070336,-0.782471039464522,0.6002876586609016,-29.40158421078083,-39.92917323147021,1.160632548992487,73,11.4215207693338,-47.78051820514811,1.0688444696280592
1789321090.3604405,TIGHTLY_COUPLED,30.70844263988806,-45.55151596773382,-11.949921611207039,0.15503809436316252,0.0580384658586491,-0.7824720294920748,0.6002768101797429,-29.425679820176256,-39.929237330155736,1.1617686423049736,76,11.401657380155159,-47.799438999715804,1.0694050421507513
1789321090.482346,TIGHTLY_COUPLED,30.707093896202366,-45.581717772215654,-11.948908693832792,0.1549980512601166,0.058072511124824026,-0.7824068697627783,0.600368784752534,-29.45176693550648,-39.92930572196518,1.162992340095247,75,11.388338833301193,-47.82107383901953,1.0702291802509105
1789321090.5992205,TIGHTLY_COUPLED,30.703882789615417,-45.572637655135445,-11.950055958899444,0.15497434065004315,0.058011035231435,-0.7824104850075335,0.6003761375019311,-29.476266417049718,-39.929375612564954,1.1641429612256409,77,11.370658221034029,-47.84247937711028,1.070324898238665
1789321090.7181995,TIGHTLY_COUPLED,30.70224695295459,-45.628494635104886,-11.947435902724305,0.1549681309072525,0.0580172117826006,-0.7824117840789857,0.6003754505927305,-29.501229174743244,-39.9294390902251,1.1653173450457517,86,11.352617881361688,-47.85654051052849,1.0705494215784521
1789321090.8332567,TIGHTLY_COUPLED,30.698692976497316,-45.64651139990691,-11.947263599766954,0.15497183966423161,0.05804945257274815,-0.7823709334050778,0.6004246101967801,-29.5268994951171,-39.929499530527444,1.1665218946436648,71,11.33655569523842,-47.87591154804874,1.0707599946900572
1789321090.9493692,TIGHTLY_COUPLED,30.718372650398702,-45.64999927563311,-11.946014220715997,0.15491201181685627,0.05820857067374975,-0.7822513700453748,0.6005804067376054,-29.551002133418233,-39.92955137082416,1.1676512880093197,68,11.316565796793986,-47.88852533225846,1.0706670719706508
1789321091.0693882,TIGHTLY_COUPLED,30.714916132495738,-45.70142391262979,-11.944225622095649,0.15503941794596218,0.05825878351680007,-0.7822171414825398,0.6005872431187699,-29.5755432195292,-39.929620115425486,1.1688133393784257,68,11.29587604059587,-47.90411372269701,1.0701916018524031
1789321091.186887,TIGHTLY_COUPLED,30.71420091243135,-45.73020763227342,-11.942910418482235,0.15513142720501177,0.058409162505479256,-0.782209704232803,0.6005585638659858,-29.60111744562347,-39.92964898177672,1.1700299266924976,70,11.279612215882329,-47.926563343853886,1.0710750862388319
1789321091.305168,TIGHTLY_COUPLED,30.71261204961251,-45.75930189464396,-11.941922326446925,0.15506765824151025,0.05845148413547313,-0.782191214998298,0.6005949954414715,-29.626663939892886,-39.92969118497924,1.1712439673166064,74,11.261159121436581,-47.94485586034257,1.0715673298585893
1789321091.4212809,TIGHTLY_COUPLED,30.70608453310033,-45.72029155693409,-11.94449950147126,0.1550541295079202,0.05839808440160616,-0.7821156462245374,0.6007020863885343,-29.651034442743484,-39.929762885993696,1.1723929814996592,74,11.248156323072939,-47.95647203018144,1.0717031588401038
1789321091.5401096,TIGHTLY_COUPLED,30.710263484099862,-45.827146521489176,-11.938707924049426,0.1550515683145412,0.05833261173706081,-0.7821013976574939,0.600727659887015,-29.67642638076219,-39.929833058836586,1.1735894393813793,72,11.237411968372474,-47.97074098795187,1.0721859973889503
1789321091.6572888,TIGHTLY_COUPLED,30.70687546487475,-45.8035724348044,-11.940325884034602,0.1550472352084226,0.0583051457384178,-0.7821067037332098,0.6007245365475087,-29.70085556442795,-39.92990204419457,1.1747415549108218,77,11.215206038279122,-47.99544093198184,1.0733920896145903
1789321091.767381,TIGHTLY_COUPLED,30.70859823698726,-45.853514362131115,-11.937722947176752,0.15510003620102675,0.05834589432541713,-0.7820912684787864,0.6007270454666166,-29.725316030856828,-39.92997230870607,1.1758955031834173,81,11.199052163117008,-48.00731806242924,1.0732941195326489
1789321091.8658988,TIGHTLY_COUPLED,30.729912142620773,-45.831885762431575,-11.93599109940485,0.1551002414404389,0.05839952416395266,-0.782039489304735,0.6007891875279803,-29.746796926612287,-39.93003495183942,1.1769087665688456,77,11.18573114104083,-48.0300231273362,1.074087694848524
1789321091.9872828,TIGHTLY_COUPLED,30.72901021938868,-45.90582191657922,-11.932184737751808,0.15520204111097274,0.05847000606919761,-0.7820099879184622,0.6007944437334808,-29.773781222931827,-39.93011488527913,1.1781810502210663,73,11.171895659494094,-48.04841876862246,1.0742066292231836
1789321092.0977857,TIGHTLY_COUPLED,30.72937841712231,-45.96501134810996,-11.929336943641703,0.15521680852517394,0.05850159743204498,-0.7820199868256265,0.6007745381209206,-29.79926857567816,-39.93019071572773,1.179382766918421,76,11.155509858069575,-48.071010680417906,1.0749631547006202
1789321092.2098172,TIGHTLY_COUPLED,30.72721912458489,-45.99472199684372,-11.928436371983583,0.15520499342888192,0.0585972456801808,-0.7820405076696626,0.6007415560598532,-29.824010593299743,-39.93026421315478,1.1805493825901745,82,11.1379799319693,-48.09094581972895,1.0756627661968783
1789321092.3194375,TIGHTLY_COUPLED,30.726908278893795,-46.02272868817601,-11.927265393585124,0.15523468695885212,0.0586277482189156,-0.7820177289151365,0.6007605602617224,-29.84901496735233,-39.93033974870561,1.1817287553630906,75,11.126484242784496,-48.11040191734747,1.0772644346822704
1789321092.4262738,TIGHTLY_COUPLED,30.722949367780483,-45.98006294505789,-11.929572944112422,0.15521337569604962,0.05858671381201221,-0.7820567447902822,0.6007192796121776,-29.87378952638464,-39.9304160821834,1.1828978300778474,83,11.110027792880018,-48.13438562364725,1.078831512973822
1789321092.5358212,TIGHTLY_COUPLED,30.721438568745867,-45.996884738458036,-11.927208383326269,0.15520507402454592,0.0586438178921728,-0.7820990111970645,0.6006608230146518,-29.898835872449517,-39.93049357989832,1.1840794875650054,73,11.09919317150318,-48.15317001151748,1.0792481871762747
1789321092.6517355,TIGHTLY_COUPLED,30.724062922072182,-46.06058989465803,-11.923904876563904,0.15525899405268942,0.058700801893722405,-0.7820655017851132,0.6006849519842993,-29.92440447705383,-39.93057276115149,1.18528572685336,77,11.083078150605822,-48.17609640150855,1.0805090275737093
1789321092.7644153,TIGHTLY_COUPLED,30.72770079247335,-46.13576862764476,-11.919873432593873,0.15531297297256094,0.05864727675373277,-0.782004389110636,0.6007557846309071,-29.94949450353252,-39.93065209545889,1.1864688497005045,83,11.067054054504037,-48.19408009567397,1.0811247269511326
1789321092.8752687,TIGHTLY_COUPLED,30.72388400089772,-46.07700403888301,-11.922574839315633,0.15518510937219546,0.05857555001097827,-0.7820246136957534,0.600769498513414,-29.975807550803214,-39.93073525215142,1.1877030825709656,77,11.053655449574856,-48.21595498413772,1.0821646665546805
1789321092.980185,TIGHTLY_COUPLED,30.730577990723823,-46.19735628900405,-11.916093546893721,0.15524480255557846,0.05865587074111168,-0.7819509173415374,0.6008421614499182,-29.998794162198863,-39.93081111371292,1.1887838382751563,76,11.037745483770026,-48.2285218671271,1.0830415336006978
1789321093.0899277,TIGHTLY_COUPLED,30.728620492357976,-46.16242243015791,-11.917512723737595,0.15519692078058184,0.05850425015849286,-0.7819708920705478,0.6008433177193617,-30.023997368141057,-39.93088723294828,1.189969513107336,84,11.019468295082131,-48.2570048098094,1.0847859294228208
1789321093.2053442,TIGHTLY_COUPLED,30.730602320209293,-46.22446138113486,-11.914149978798012,0.15521679647823788,0.05845425689563322,-0.7820369966614147,0.6007570072788224,-30.049397646798994,-39.93095904001334,1.1911605429979615,71,10.993425911340259,-48.270792743434086,1.0847179618433844
1789321093.3156052,TIGHTLY_COUPLED,30.73870764669901,-46.1957773034202,-11.912647710032441,0.1552320009919653,0.05848621023590495,-0.7820630996419203,0.6007159871842467,-30.074229031641607,-39.93102838858246,1.1923267424923092,73,10.977547815863295,-48.2933861802091,1.0858071573990564
1789321093.4353669,TIGHTLY_COUPLED,30.740281039963076,-46.261766219170475,-11.909402374812311,0.15529190551527258,0.058451036380602,-0.7819831311177918,0.6008080251417115,-30.098790051902615,-39.93110489076116,1.1934968974404874,69,10.952160901047074,-48.309686428687115,1.0854921538967885
1789321093.546154,TIGHTLY_COUPLED,30.73941780181139,-46.2968194394606,-11.907507249472522,0.15523014036434568,0.058407743793661614,-0.7819525974388004,0.6008679341969523,-30.12362937488616,-39.93113874875334,1.1946714370437241,75,10.93995000458678,-48.33643950520036,1.0870965997585527
1789321093.6597767,TIGHTLY_COUPLED,30.736140339374273,-46.28948896866156,-11.908028502598913,0.15520505700109413,0.058395394935377015,-0.781939835758254,0.6008922211062341,-30.148689049680964,-39.93121522760599,1.195863762417082,68,10.927035948197563,-48.35909701828656,1.087623166760928
1789321093.76674,TIGHTLY_COUPLED,30.740124732920872,-46.34680858916317,-11.905042746979047,0.15516522367475497,0.05844097509576072,-0.7819007646301575,0.6009489163502961,-30.173570154523272,-39.93129834350726,1.1970371678111968,77,10.919524004557264,-48.37168135079905,1.0874828998972292
1789321093.88236,TIGHTLY_COUPLED,30.74064205885185,-46.362921744157845,-11.903829854949748,0.15519125479627152,0.058427387390205074,-0.7819196832900281,0.6009188994541075,-30.198726479413,-39.93137858789103,1.1982232645773436,63,10.905031027554099,-48.39117180089293,1.0885993172823571
1789321093.986627,TIGHTLY_COUPLED,30.744214923723025,-46.34948696674961,-11.900741271987085,0.15501814333140526,0.05835138334755946,-0.7819322211963846,0.6009546511629628,-30.222917050767226,-39.9314579435694,1.199364663915741,71,10.885022792094139,-48.40703666381469,1.0884243657616752
1789321094.1100874,TIGHTLY_COUPLED,30.746863893994526,-46.44366283339495,-11.895419964970689,0.15504524957268467,0.05827833697956647,-0.7819553306575808,0.6009246765444347,-30.25037785248896,-39.93154902881481,1.2006604380483312,70,10.868008170107846,-48.42320224198898,1.0892931385560782
1789321094.2088978,TIGHTLY_COUPLED,30.747135580973232,-46.42442920632244,-11.895848512718658,0.1550935717109706,0.05832123842507789,-0.7819620454861294,0.6008993065245188,-30.272858630870655,-39.93162444123596,1.2017209932991741,80,10.853990935135545,-48.44504349287413,1.090474863938106
1789321094.3232212,TIGHTLY_COUPLED,30.745658273896805,-46.44404012838554,-11.89490079151712,0.15502217777183955,0.05826876720353457,-0.7819506551695314,0.600937640731047,-30.298841365462685,-39.93171293403995,1.2029464778477794,74,10.835602344961986,-48.465834316275846,1.0912059801164948
1789321094.426102,TIGHTLY_COUPLED,30.7473876911013,-46.499198993326765,-11.891901412365849,0.15501284761488424,0.05828499105106084,-0.7819238793785936,0.6009733136754353,-30.322826229102112,-39.93179506481068,1.2040777714145878,80,10.818901401058875,-48.48162728157768,1.091952587298093
1789321094.5288284,TIGHTLY_COUPLED,30.748693623267286,-46.52827486199706,-11.889965989730815,0.15498547774925794,0.0582171589468405,-0.7819072736174646,0.6010085519816637,-30.34531268964264,-39.9318715706559,1.205138420200324,68,10.806098558281368,-48.498964580241555,1.0923967512725796
1789321094.651011,TIGHTLY_COUPLED,30.746447138470707,-46.515837376305846,-11.890445169097354,0.1549332421517434,0.05816567883215381,-0.7819042718385163,0.6010309093241575,-30.373307129631087,-39.931967458369094,1.2064590172104661,74,10.791257074105943,-48.51905967194658,1.094181916768098
1789321094.760702,TIGHTLY_COUPLED,30.760092172467992,-46.50426604047521,-11.887269389148242,0.15506072000180873,0.05819124346400266,-0.7818661320847811,0.6010451761684954,-30.398073382012832,-39.932054035715744,1.2076281054245253,71,10.772793671752288,-48.53461626189583,1.0944953699293818
1789321094.8722415,TIGHTLY_COUPLED,30.7619275789017,-46.57529396916231,-11.883291914991398,0.15512200585587008,0.05828026620062666,-0.7818353567867264,0.6010607695973906,-30.422862475674833,-39.932141722314626,1.2087979866376717,73,10.757957076172039,-48.55838349316022,1.0961588313706998
1789321094.977804,TIGHTLY_COUPLED,30.765396615763564,-46.610076428766305,-11.881119840246965,0.15501764294855902,0.05828370951969685,-0.7817984760457577,0.6011353278853504,-30.447923692776776,-39.93223067127353,1.2099807214297371,73,10.738553066062943,-48.579181786279534,1.0971818441669212
1789321095.0923507,TIGHTLY_COUPLED,30.76623368504394,-46.59580080137016,-11.881606200460084,0.1550380598747497,0.05822500187249594,-0.7817636888362094,0.6011809910205278,-30.47400937178029,-39.93232437214236,1.2112106072286684,70,10.721353491155872,-48.6024147863829,1.0977089467968844
1789321095.1934156,TIGHTLY_COUPLED,30.77043694106731,-46.65428267474303,-11.877783781281972,0.15503294137478613,0.058221170665742464,-0.7817505107314214,0.6011998181521302,-30.498298825946257,-39.93241366361464,1.2123499903743642,75,10.702050329194122,-48.61509353589612,1.0972397637206814
1789321095.3010373,TIGHTLY_COUPLED,30.77118708392226,-46.68110432309054,-11.87632957716838,0.15499062517713225,0.05824511474264416,-0.7817455731940369,0.6012148297466927,-30.522773832415464,-39.932503924085395,1.2135015616559572,76,10.696158850985057,-48.638864908808635,1.0989115465051904
1789321095.4148629,TIGHTLY_COUPLED,30.77242541640163,-46.703369569958234,-11.875196120136108,0.15501696676616356,0.05826803158848695,-0.7817168294937932,0.601243191225974,-30.54821323711632,-39.93259064968881,1.2146978185090707,65,10.680465895091517,-48.66182831941808,1.0999888466107324
1789321095.5199685,TIGHTLY_COUPLED,30.791959208604997,-46.68755162500286,-11.872805232122545,0.15494990332817066,0.05837482353795151,-0.7817126279917821,0.6012555818233085,-30.572597405304258,-39.93266930622862,1.2158414526346963,56,10.661836448996594,-48.680483919442196,1.1005826345042549
1789321095.6376712,TIGHTLY_COUPLED,30.7959762283601,-46.75378202382534,-11.868797604929355,0.15513410053204957,0.05837588831457165,-0.7816878517102589,0.6012401924390924,-30.59840428175489,-39.93275845293557,1.2170565250632286,60,10.647012940752834,-48.699559594909445,1.099963415099075
1789321095.7419083,TIGHTLY_COUPLED,30.797958663533883,-46.773413225352684,-11.867042644789858,0.15515278282821687,0.05832339747111564,-0.7816952726343639,0.6012308175976795,-30.622479915443606,-39.93284235743307,1.2182081120007844,68,10.633911473143604,-48.71982553151645,1.1011878137513658
1789321095.8536916,TIGHTLY_COUPLED,30.798348515161972,-46.773273776129074,-11.86669111539184,0.1551294973895488,0.058236007217678826,-0.7817349412293646,0.6011937193319059,-30.647080586790395,-39.932893024889054,1.219367317736745,70,10.617266968809947,-48.736927845384045,1.1010637536015417
1789321095.9604666,TIGHTLY_COUPLED,30.80089424102628,-46.80337816723616,-11.864446029078458,0.15515087007581757,0.058207145778985545,-0.7816595690088327,0.6012889936394199,-30.67291247358585,-39.93298886522223,1.2205957941880823,69,10.60722305479081,-48.75561226753408,1.1018201682233812
1789321096.0693827,TIGHTLY_COUPLED,30.812054681299255,-46.83754529963793,-11.860312100012045,0.15510579493462823,0.05823521147618822,-0.7815998484834924,0.6013755310723929,-30.696815584228386,-39.93307708096194,1.2217230277894977,76,10.593585790852448,-48.77843997481572,1.1030994702291919
1789321096.1833608,TIGHTLY_COUPLED,30.815512724303513,-46.895898554598396,-11.856491669921246,0.1551087335128582,0.058208052458428805,-0.7815879378940674,0.6013928821956023,-30.72199009271365,-39.93316831191934,1.2229106529616638,70,10.576708502430101,-48.79973760556655,1.1038813757139074
1789321096.293437,TIGHTLY_COUPLED,30.816408745410964,-46.92155216803879,-11.8549604389273,0.15504354830343778,0.05821527467938334,-0.7815265256946599,0.6014887942091006,-30.74719561466053,-39.933262227272365,1.224100393510403,71,10.561167753216514,-48.82032807712764,1.1052565482770922
1789321096.4051957,TIGHTLY_COUPLED,30.817652566087393,-46.94769558369727,-11.853293773766444,0.15501257059250786,0.05812438315594467,-0.781510040060146,0.6015269871969441,-30.77217027486457,-39.9333552354867,1.2252791683102062,66,10.545238398542761,-48.84372271093374,1.1063718127897928
1789321096.5190437,TIGHTLY_COUPLED,30.81933411549202,-46.97303596911676,-11.85151863180462,0.1550245168820315,0.05812678514591142,-0.7814984260175937,0.6015387652895844,-30.796900256521678,-39.93344952134799,1.226445914336489,70,10.529807199444912,-48.865119199049694,1.1074012565364577
1789321096.6307068,TIGHTLY_COUPLED,30.817582295058347,-46.97005010814793,-11.851760758925643,0.15503090742536071,0.05807865817736298,-0.781501041928882,0.6015383684115736,-30.822130390163217,-39.933546165721985,1.2276363472489134,67,10.511254380142967,-48.88431654460341,1.1077106401133212
1789321096.7416692,TIGHTLY_COUPLED,30.823018216381644,-47.05242371516238,-11.846251948863525,0.15511025556686903,0.05817714456988041,-0.7814183118346385,0.6016158661448181,-30.846611349948862,-39.93363955525807,1.2287914688675856,73,10.492931044968941,-48.90181139592355,1.1075815407827283
1789321096.864758,TIGHTLY_COUPLED,30.829836469447464,-47.01164975293794,-11.847878050806731,0.15498939500214343,0.05827638834178394,-0.7814398712783379,0.6016094061558563,-30.871846194659124,-39.93373585162262,1.229982336727708,70,10.480505522316298,-48.92879045855226,1.1096328037065215
1789321096.978984,TIGHTLY_COUPLED,30.83240840242809,-47.065120710618686,-11.84446203004374,0.15504352958614312,0.05825226028559381,-0.781371246405076,0.601686923072513,-30.896344024151627,-39.933830566053274,1.2311385485725048,74,10.463473869628487,-48.94500630316954,1.110192311876862
1789321097.0931702,TIGHTLY_COUPLED,30.835206199931633,-47.10218949572226,-11.84150291583164,0.15513091295619208,0.05815629005845951,-0.781354834571184,0.6016949960438864,-30.922360797169812,-39.93393193956974,1.2323667948669323,64,10.45020780322403,-48.96806938391386,1.1109810531393536
1789321097.2074683,TIGHTLY_COUPLED,30.832883657197435,-47.0963372556233,-11.841838680829,0.15503422890327478,0.05812339187452413,-0.7813825549929465,0.6016870963699175,-30.947649747592035,-39.934030420258814,1.233560673610094,72,10.438837453102913,-48.98506117606382,1.1120271444560617
1789321097.306891,TIGHTLY_COUPLED,30.83244753222107,-47.11511239551879,-11.840924297560768,0.15498194603343923,0.05810859944713514,-0.7814053087137227,0.6016724445975504,-30.971707573323307,-39.93412508223251,1.2346961541243202,81,10.416776173078452,-48.99729738501733,1.111424323536528
1789321097.411028,TIGHTLY_COUPLED,30.83696048976154,-47.17289083563677,-11.837008864179804,0.1550891446749436,0.05817136797972635,-0.7813809701086502,0.6016703654854764,-30.996783035205844,-39.934223596616754,1.2358780807956564,68,10.39820130051037,-49.01461784262861,1.1114164699234055
1789321097.5234132,TIGHTLY_COUPLED,30.851165561443388,-47.16535411398722,-11.836575140185191,0.1549508477452855,0.05829526117983477,-0.7813842030650858,0.6016898075481527,-31.022555740659733,-39.93432759341942,1.2370876085755003,74,10.381111577587532,-49.0301811950191,1.111457048852273
1789321097.6294248,TIGHTLY_COUPLED,30.850391225752663,-47.194757771496754,-11.834976267756733,0.15502180160499543,0.058212369137584895,-0.7813852838043152,0.6016781526369234,-31.046519606630294,-39.934422688728134,1.238215548449014,71,10.36811959034033,-49.05348920516962,1.112856067417107
1789321097.7427692,TIGHTLY_COUPLED,30.852626486802617,-47.244483943916656,-11.831671888343303,0.1550856703593915,0.05826734886511416,-0.7813627728650109,0.6016856056829935,-31.072439256272077,-39.93451846013637,1.2394336187352148,73,10.344469461650592,-49.06978984066719,1.112749773984371
1789321097.8462074,TIGHTLY_COUPLED,30.85435604918448,-47.30351803258534,-11.82820449026112,0.15506795370736798,0.05824265508206239,-0.7813394228658163,0.6017228840070107,-31.09656104962883,-39.93460138124134,1.2405658791129828,66,10.322047226438352,-49.08234327942335,1.1122326508276923
1789321097.9554064,TIGHTLY_COUPLED,30.846839038229486,-47.27354994722951,-11.830950940958887,0.15515114646431777,0.05823716251224596,-0.7813361754600466,0.6017061870803702,-31.121614085200406,-39.93470234416367,1.241749376470884,70,10.30774656405337,-49.103044110336,1.1130704874034798
1789321098.0738695,TIGHTLY_COUPLED,30.843772736000446,-47.29107776770858,-11.830402713195427,0.15510817482120454,0.058287035430987455,-0.7813184620584058,0.6017354372570963,-31.147201947503497,-39.93479401857113,1.2429686772390538,67,10.281566129334772,-49.114254738665814,1.112509460018315
1789321098.1820543,TIGHTLY_COUPLED,30.848242201146093,-47.293265616075225,-11.83071404731707,0.15510850151008335,0.0584330205971664,-0.7813374366382004,0.6016965555583927,-31.171023581834454,-39.93486737584706,1.2441004767642703,69,10.276738283354181,-49.141961553761725,1.1149209165921057
1789321098.2938173,TIGHTLY_COUPLED,30.853469688826067,-47.360407319881176,-11.82598196185076,0.15516888975985463,0.05850843226783319,-0.7812581373162027,0.6017766212486753,-31.196647638152502,-39.9349712660348,1.2453119482616126,82,10.273014831248213,-49.164987192436655,1.1159112828274251
1789321098.397344,TIGHTLY_COUPLED,30.85361657568128,-47.39089085285041,-11.824750457842194,0.15518032231198953,0.05861317277658831,-0.7811924818675322,0.6018487100740969,-31.220809345425586,-39.935066141582865,1.2464516011294284,74,10.26519150767252,-49.18932291276794,1.1175048320525602
1789321098.5157194,TIGHTLY_COUPLED,30.862385841481355,-47.47484618881774,-11.818744313303874,0.15520471369684405,0.05869375537773244,-0.7811715267306819,0.6018617663144876,-31.24774004711178,-39.935172811264614,1.2477227082852103,69,10.2444334131905,-49.20158187180774,1.1169914798505562
1789321098.6310904,TRANSITION,30.861942692336292,-47.4880109162373,-11.822480242005554,0.15509335375785432,0.05866307850046532,-0.7812653443240863,0.6017716814533203,-31.27420319317365,-39.93527901531963,1.2489720711309569,73,10.222980739086728,-49.21572188484472,1.1166204685761636
1789321098.735089,TRANSITION,30.863979358954982,-47.49697456811041,-11.825986216286038,0.1550976053633095,0.05863848950258582,-0.7812767755082372,0.601758141125547,-31.295932893221075,-39.93536694881842,1.2499977187521114,81,10.204654272232846,-49.237210462556064,1.117465142782496
1789321098.8459485,TRANSITION,30.866271677635435,-47.525409004401176,-11.828276815484429,0.1551073425559957,0.058646905041919786,-0.7813323163418303,0.6016826939958729,-31.32166214889487,-39.93547218300766,1.2512118813544553,75,10.183691193718944,-49.255112662202734,1.1174757371801933
1789321098.9508038,TRANSITION,30.870268681773297,-47.537098194213904,-11.832663581197938,0.15502181594010794,0.05878157342866687,-0.7813934779864636,0.6016121639130142,-31.345642805640097,-39.93557087215601,1.2523435310811137,73,10.175268218957086,-49.275436649734374,1.1187613534336067
1789321099.0600202,TRANSITION,30.866829644455994,-47.58670658144976,-11.835506250010106,0.15507324791272803,0.05886827803775919,-0.7814955044089411,0.6014578873132194,-31.371122868470156,-39.935675672437974,1.2535460993945007,75,10.16130641601038,-49.29938238713409,1.1195983887043712
1789321099.1664104,TIGHTLY_COUPLED,30.865791908689097,-47.589298921657914,-11.835284785961532,0.1551967247278257,0.05878682834483786,-0.7814459360203663,0.6014984077486522,-31.39535497824763,-39.93577491033777,1.254689771264563,73,10.150892313930957,-49.326349115675136,1.1213898267427205
1789321099.2829502,TIGHTLY_COUPLED,30.871753356322582,-47.649000668859124,-11.830499810652311,0.15527776508450788,0.058684404489631255,-0.7813755259214806,0.6015789589330627,-31.421098978099987,-39.93588132367539,1.2559050544815913,72,10.139285343085552,-49.34824471528359,1.1222598674990387
1789321099.394111,TIGHTLY_COUPLED,30.87405891239753,-47.6761086418255,-11.828528134799507,0.15529379307614305,0.0587171235407791,-0.781376843203537,0.6015699179151135,-31.445862496423825,-39.935984986697285,1.2570744691696083,65,10.122374370215068,-49.36571264478579,1.1221113294907141
1789321099.5089598,TIGHTLY_COUPLED,30.87329142627757,-47.688824736361546,-11.82861485651239,0.15520150362889382,0.05884286104495156,-0.7813443700376287,0.6016236251892675,-31.47165080285401,-39.93609349364307,1.2582921540488954,70,10.106520846642843,-49.385177403847216,1.1235614856576492
1789321099.6092997,TIGHTLY_COUPLED,30.878216495488584,-47.73899442874955,-11.825439161828616,0.15537160160538527,0.05884660325553726,-0.7813516494650491,0.6015698983311166,-31.49595945355671,-39.9361971529605,1.25943983813176,66,10.0897360025134,-49.40426466558938,1.1233375023534078
1789321099.7170064,TIGHTLY_COUPLED,30.88077341510485,-47.72679812814362,-11.826791849198877,0.15531938078083193,0.05890304867519833,-0.7813021774504757,0.6016421098308958,-31.52052749092984,-39.936301000436295,1.2605966929750996,70,10.071862202749845,-49.42736404934744,1.124532311851941
1789321099.8306768,TIGHTLY_COUPLED,30.881287553704635,-47.779658111060755,-11.823915005560885,0.1553389124324095,0.0588948450221175,-0.7812998105735881,0.6016409440121343,-31.546781454259968,-39.9364167852777,1.261829907622248,74,10.055470760405205,-49.449662976613226,1.125149369518332
1789321099.9390275,TIGHTLY_COUPLED,30.883103868903518,-47.81699511070442,-11.821605545726866,0.15542300669261952,0.05895639419464668,-0.781227506521877,0.6017070845750463,-31.5722295096746,-39.93652440104797,1.2630276285056563,92,10.041720041203634,-49.469278440975074,1.1254845333865184
1789321100.0489218,TIGHTLY_COUPLED,30.87576066325985,-47.77180480839478,-11.825206952238226,0.15531074976879244,0.058896985962110175,-0.7812577249381456,0.6017026535385293,-31.596880175442656,-39.93662165638843,1.264185371191983,82,10.03183730783834,-49.492966670837326,1.1276602345090965
1789321100.152175,TIGHTLY_COUPLED,30.885581748748184,-47.86671218405305,-11.818892956742143,0.15537485871043327,0.0589492846776575,-0.7812056378237483,0.6017486074342808,-31.620480177247938,-39.93671371252815,1.2652943729334476,75,10.006896707233587,-49.509044102745115,1.1272847711921066
1789321100.2597387,TIGHTLY_COUPLED,30.888570840878838,-47.858989083644175,-11.819189925483098,0.1552547650559115,0.05893225717253337,-0.7811958187413122,0.6017940177278891,-31.64555128744581,-39.93681937077153,1.266484462302203,63,9.99290737156317,-49.5294116053968,1.1284299984897495
1789321100.3691595,TIGHTLY_COUPLED,30.89402810415013,-47.93199288445048,-11.814309864055893,0.15530347045946044,0.05901493335425345,-0.7811907208185944,0.601779965943837,-31.671893107975475,-39.93691497235735,1.2677329475892773,65,9.981565530965392,-49.54669400072367,1.1289887793279252
1789321100.4783373,TIGHTLY_COUPLED,30.895025789242606,-47.969670900673584,-11.811889894292403,0.1553731216538273,0.058995638455560426,-0.7811686159155895,0.6017925732503585,-31.69696203635525,-39.93701595477472,1.268928152010143,76,9.963046459118498,-49.56434525144943,1.1293214669756173
1789321100.5828533,TIGHTLY_COUPLED,30.895135803219492,-48.001315185625565,-11.809694359666853,0.1553467538875717,0.05895339889132305,-0.7811018465371196,0.6018901794779983,-31.720113322988013,-39.93711681770874,1.2700208996306503,75,9.952146819849816,-49.5879761250761,1.1301798479449896
1789321100.6958778,TIGHTLY_COUPLED,30.89695334523121,-48.03502935513798,-11.807345302347318,0.15535699767425565,0.059008901297173545,-0.78108851264481,0.6018994004446759,-31.746032781578922,-39.93722599602383,1.2712437218473414,73,9.935039415298554,-49.6076189717975,1.130746113877192
1789321100.8001268,TIGHTLY_COUPLED,30.89369288573121,-48.02396920110141,-11.808311957842903,0.15535782208041943,0.058954003736465276,-0.7811200129905412,0.6018636871148868,-31.76973341304105,-39.937328257321404,1.2723628011512962,85,9.915372050992493,-49.62959099736118,1.1305811531531413
1789321100.9195013,TIGHTLY_COUPLED,30.902654582130573,-48.12159744701182,-11.801644798409738,0.15538205374128466,0.05897812164161281,-0.781105981867816,0.6018732787166104,-31.796200650016658,-39.93744282328044,1.2736126885460002,76,9.903284414452452,-49.64670516268616,1.1316937184682554
1789321101.021127,TIGHTLY_COUPLED,30.895869650273767,-48.08153692693682,-11.804699837639989,0.1553600956565529,0.058947883652992,-0.7810761435681708,0.6019206306807354,-31.819929241882022,-39.93754660950435,1.2747327133958035,81,9.884160779822036,-49.66553006788761,1.1318687789131396
1789321101.1341982,TIGHTLY_COUPLED,30.89623346441931,-48.064493618532914,-11.80414943834595,0.15516340694150513,0.05887385679100279,-0.7811322849273431,0.601905756391352,-31.84490587741737,-39.937657452509924,1.2759117983553838,74,9.872825668879601,-49.68545920595248,1.1324295567053015
1789321101.2411573,TIGHTLY_COUPLED,30.89792228436849,-48.108044435725205,-11.801257095949001,0.15518979577355965,0.058908195627902143,-0.7810960120075137,0.6019426648789599,-31.869881921864334,-39.93776803378394,1.277090818095561,73,9.858871582945659,-49.7024287721082,1.1330239570210672
1789321101.350945,TIGHTLY_COUPLED,30.90202002929603,-48.16474256610389,-11.797297222637631,0.15521134834872272,0.05884194487321115,-0.7811150100707223,0.6019189346660604,-31.894857987423418,-39.937878377309296,1.2782698801721581,76,9.846759597280917,-49.72370851761845,1.1345513295686085
1789321101.461647,TIGHTLY_COUPLED,30.90425836621358,-48.19987771423172,-11.79440327966252,0.15530515750193352,0.058765362803214136,-0.7810815853896782,0.6019455931835146,-31.919842669587172,-39.93798909943785,1.2794495191019695,73,9.834600133886218,-49.739386196379904,1.135000531586591
1789321101.5671122,TIGHTLY_COUPLED,30.89866488881649,-48.18955030424521,-11.795366261056088,0.15523416682743885,0.058759114024010455,-0.7810617361965154,0.6019902692055655,-31.944591386790837,-39.93810013223643,1.2806179935847055,72,9.811144883513322,-49.75642181852075,1.1353444820381524
1789321101.6710246,TIGHTLY_COUPLED,30.904614280114206,-48.292048452160024,-11.789091009667732,0.15526517075843302,0.05882633098185558,-0.7810442652753782,0.6019983764205786,-31.969359370846952,-39.93821100856247,1.281787867381771,76,9.793495742113262,-49.77032651832488,1.134900951169773
1789321101.7856328,TIGHTLY_COUPLED,30.893730892237414,-48.21606482983786,-11.794945411504214,0.155151052606895,0.05867636046308886,-0.7810643768575579,0.602016340975802,-31.995400507224122,-39.93832744805275,1.2830176956667874,87,9.779096308227984,-49.7977502979227,1.1368848452171325
1789321101.8919423,TIGHTLY_COUPLED,30.902137278289853,-48.22572891144247,-11.794762503525742,0.15491529062980056,0.05866688471178376,-0.7809287044526892,0.6022539397373363,-32.01971157495929,-39.93843811409785,1.2841655126843428,78,9.754915730971586,-49.80861035621904,1.1363702344443534
1789321102.0051184,TIGHTLY_COUPLED,30.90770388771871,-48.287386101738605,-11.790814985766929,0.15496019668138786,0.05863897892858462,-0.7809133678178668,0.6022649911442934,-32.046022429845316,-39.93855584191819,1.2854031377398605,69,9.744103118053115,-49.827691650285246,1.1373230330992967
1789321102.1064837,TIGHTLY_COUPLED,30.909557510195086,-48.31710147923021,-11.789052269466762,0.15489225438044568,0.05864695613329993,-0.7809252737370774,0.6022662541666374,-32.069758272585425,-39.93866656915344,1.286518865038597,75,9.733151067956396,-49.849923502128554,1.1382717588352638
1789321102.220417,TIGHTLY_COUPLED,30.913125660876712,-48.376422531809496,-11.785304014102444,0.15498882513809756,0.058605744038553065,-0.7808712247676073,0.6023154996992331,-32.094696236539505,-39.938776507065,1.2876924284011595,71,9.71669695836734,-49.86543810217262,1.138118884480738
1789321102.3253973,TIGHTLY_COUPLED,30.914444865763375,-48.406039863513335,-11.783351705895445,0.15501633512389024,0.05850862487489851,-0.7809118410940988,0.6022652016338244,-32.1200784948856,-39.93888258207919,1.2888842833406138,78,9.702243910870537,-49.884240876999776,1.1385695884268614
1789321102.429854,TIGHTLY_COUPLED,30.921793105408213,-48.470752421341814,-11.77841715067049,0.15514008068587246,0.05846428277884935,-0.7808784062898172,0.6022809955446137,-32.144399940116884,-39.9389857909648,1.2900291800468824,73,9.681879208703915,-49.90139033835071,1.1387149428421508
1789321102.5453825,TIGHTLY_COUPLED,30.912890438380508,-48.37872947045354,-11.785809972850027,0.15495317064972414,0.058423478319786726,-0.78089319036725,0.6023139026493353,-32.1692342769881,-39.93909436750992,1.2912143898947885,69,9.66404234924051,-49.91798086531276,1.1381837801413355
1789321102.649845,TIGHTLY_COUPLED,30.918591491587097,-48.465138027222956,-11.780319082412694,0.1550490602477217,0.05848897788934063,-0.7808866954933344,0.6022912893137827,-32.19433158225257,-39.93919769395791,1.292399715784238,81,9.643955113349783,-49.936783150987594,1.1385920620387722
1789321102.7548347,TIGHTLY_COUPLED,30.920426392277324,-48.49605309780802,-11.778708200319823,0.1549857462715829,0.05854821776314406,-0.7808831374323175,0.602306442206341,-32.21891182300605,-39.9393083735001,1.293571029075202,80,9.63470510895811,-49.95826407307624,1.139035697254811
1789321102.8678615,TIGHTLY_COUPLED,30.928363025403243,-48.58866676597819,-11.772321119437136,0.1550987948812608,0.05858211703217318,-0.7808589760735786,0.6023053701202837,-32.24505789516232,-39.9394263315861,1.2948049489057134,64,9.623733509239838,-49.97259046610655,1.1405841745607044
1789321102.9800093,TIGHTLY_COUPLED,30.925818921525586,-48.593029031504535,-11.771787935473686,0.15513310834800134,0.058525882664335026,-0.7808593794464416,0.6023014770720442,-32.27222847415719,-39.939546964139645,1.296087526769948,75,9.611995072618956,-49.99278757455988,1.142324658715553
1789321103.0828383,TIGHTLY_COUPLED,30.927803491489133,-48.548314869124454,-11.774702001755394,0.1550429306502083,0.058531934185575646,-0.780880978927842,0.6022961058188784,-32.29419011007469,-39.939646107170155,1.297124834747547,69,9.600154038190396,-50.02218699043064,1.1449690258390381
1789321103.1952195,TIGHTLY_COUPLED,30.927488031644117,-48.59027472422847,-11.772679851377477,0.15499390721262316,0.05847584626733353,-0.7808877976433443,0.6023053308929046,-32.31916187969988,-39.93975961358351,1.2983040078226404,75,9.580922844683947,-50.032997480254025,1.1438669421099346
1789321103.2994912,TIGHTLY_COUPLED,30.933238019466728,-48.65609823871051,-11.76811798406182,0.15498664052542777,0.0583993991385154,-0.7808244291055452,0.6023967648908001,-32.34364025048948,-39.93987187185609,1.2994596357266643,80,9.562994424228942,-50.05147423812295,1.1448810118510402
1789321103.4077654,TIGHTLY_COUPLED,30.934457927071243,-48.68772624733752,-11.7660728781292,0.1549761539562425,0.05842418782195494,-0.7808743197873987,0.602332385547086,-32.368868502077106,-39.93998853886603,1.300650590107,69,9.548062129850207,-50.073722127837534,1.1458526298503031
1789321103.5175335,TIGHTLY_COUPLED,30.931169853899544,-48.67678993173994,-11.767033886250001,0.15495433187578972,0.058317512284415715,-0.7808682678099673,0.602356182936098,-32.393846766865664,-39.94010399205309,1.3018299270479092,78,9.530238453077246,-50.08780908219748,1.1463778643935882
1789321103.6312299,TIGHTLY_COUPLED,30.938697054981752,-48.73854115926466,-11.762420580958713,0.15492358154716301,0.05832658271256042,-0.7808179061657892,0.6024284945456574,-32.41807611487928,-39.940215922769816,1.3029738673069553,66,9.515983991924706,-50.10358841159311,1.1468444995680662
1789321103.737851,TIGHTLY_COUPLED,30.941719817727524,-48.76843251938603,-11.760070480200747,0.15501530366073243,0.058322148835999336,-0.78080570505417,0.6024211430062717,-32.44405869354119,-39.940335744930614,1.3042007036879792,72,9.504333977201968,-50.12836316016369,1.1485098447888908
1789321103.8465033,TIGHTLY_COUPLED,30.942517868051876,-48.75056531743945,-11.76144095468963,0.15492106459577784,0.05836744884047411,-0.7807775119474284,0.602477536093711,-32.46880650817171,-39.940450815470435,1.3053694232388204,72,9.493913043445518,-50.15086019182938,1.1498549483602507
1789321103.9561293,TIGHTLY_COUPLED,30.939589410402974,-48.784876237810174,-11.75970267052901,0.15489734259193397,0.05831756005840635,-0.7807768849714606,0.6024892790258212,-32.49432788163668,-39.94057105246561,1.306575150197371,72,9.470373986684343,-50.1673281928239,1.1493690439104234
1789321104.0639615,TIGHTLY_COUPLED,30.943835571044108,-48.838947889709466,-11.756137440525615,0.15499339119942263,0.05843659175893302,-0.7806974095143238,0.6025560291008023,-32.51886958648909,-39.94068664885647,1.307734380544397,84,9.454730806148017,-50.19012406656758,1.1503462742844686
1789321104.1795366,TIGHTLY_COUPLED,30.950346047800593,-48.91076709390719,-11.75084473179964,0.15511191210248174,0.058383242904965126,-0.78069649572051,0.6025318856637611,-32.54493891912853,-39.94081136539514,1.3089652678695025,69,9.439895799860988,-50.21399745111062,1.151699983847855
1789321104.282358,TIGHTLY_COUPLED,30.941320698701396,-48.83765829816505,-11.75580352787875,0.15507722982248984,0.05834920225667794,-0.7807059752227035,0.6025318279046838,-32.5689838515696,-39.94092617947673,1.3100952591656787,75,9.42912365355747,-50.23645304727033,1.1518647597384972
1789321104.3859546,TIGHTLY_COUPLED,30.951820388505553,-48.93882010268018,-11.748511670734779,0.15514250294302842,0.058357294756809217,-0.7807061844027022,0.6025139696012145,-32.59370399135044,-39.94104690123309,1.3112577057511192,70,9.409881469948038,-50.251527696509605,1.1517358462539533
1789321104.496686,TIGHTLY_COUPLED,30.950992714091935,-48.91756189969308,-11.750779629808019,0.15494924196903148,0.0585097941740175,-0.7807649814831575,0.6024727214476532,-32.6186255870438,-39.94116076787808,1.312429898962462,71,9.4008676145043,-50.282159686076,1.1543657830308942
1789321104.603732,TIGHTLY_COUPLED,30.956533010896216,-49.007496908062734,-11.745328321679546,0.15499998468034734,0.058620635118259885,-0.7807010776405927,0.6025317031146505,-32.644486809486956,-39.94127137252655,1.3136444467025905,74,9.383231943067228,-50.296791600566216,1.1546981303229154
1789321104.7101746,TIGHTLY_COUPLED,30.94423613821826,-48.93588678528943,-11.751272163797454,0.1550464902414717,0.058585034509849324,-0.7807361498941265,0.6024777538165016,-32.66854134216182,-39.94138685627316,1.3147792490794812,72,9.357686622428883,-50.317327322460706,1.1553811181195697
1789321104.8256135,TIGHTLY_COUPLED,30.95652057419516,-49.036083556336074,-11.743843252842995,0.15514571849800796,0.05857943159137994,-0.7807545864393982,0.602428860513847,-32.69413446222392,-39.94150474731919,1.3160016434651531,73,9.339880438546501,-50.32899420125812,1.1542356060877177
1789321104.9382694,TIGHTLY_COUPLED,30.957097226789646,-49.03643744105211,-11.744209700061173,0.15491069861406523,0.05880537031049706,-0.7807278166196876,0.6025020167881624,-32.718215792487186,-39.94160835645997,1.3171443477515803,76,9.326652738635273,-50.35622626206152,1.1561517554074288
1789321105.0611124,TIGHTLY_COUPLED,30.96356487696529,-49.134585817622195,-11.738152159637155,0.15498836468639748,0.05880210629470549,-0.7806654245630918,0.602563203322996,-32.7453255479767,-39.94173761325525,1.3184285188575589,83,9.324072170944637,-50.376089508109565,1.1572292670550688
1789321105.1585953,TIGHTLY_COUPLED,30.95893997304062,-49.110660601403325,-11.739986416652899,0.15498016064262035,0.05874496465032435,-0.7806568173314806,0.6025820379743353,-32.76799613249268,-39.94184457969795,1.319498247659381,79,9.31651626986465,-50.398280696276046,1.1582718614723813
1789321105.275541,TIGHTLY_COUPLED,30.963135375202718,-49.17244883543186,-11.736006052049822,0.15497741934414774,0.058837588836853257,-0.7806865008981321,0.6025352478890547,-32.79442830608905,-39.94196897515708,1.3207463709122695,72,9.300775732581855,-50.419030593961445,1.1592922763448252
1789321105.384877,TIGHTLY_COUPLED,30.965497105676164,-49.21210655144586,-11.733720223772492,0.1549668237992209,0.05884094370116174,-0.7806506541833872,0.6025840878989319,-32.818639555981946,-39.94208497031386,1.3218901844083817,76,9.283245132257736,-50.44208280304673,1.1597151024775287
1789321105.4993706,TIGHTLY_COUPLED,30.96210353755589,-49.1894221835882,-11.735723882296801,0.1548810349639766,0.05880581050293333,-0.7807034654521319,0.6025411526946626,-32.84361479522481,-39.94220468258838,1.3230696639235575,76,9.26308676820252,-50.45934734433414,1.1588391466225283
1789321105.6146448,TIGHTLY_COUPLED,30.969065562576237,-49.255729788572275,-11.73130990454875,0.15491138590538014,0.058831085974585653,-0.7807199912552535,0.6025094697133998,-32.86759231976166,-39.94232135837669,1.3242018708585668,78,9.247843314861901,-50.475690856982084,1.159446572797578
1789321105.7214968,TIGHTLY_COUPLED,30.96967763121091,-49.222124857556736,-11.734532129032393,0.154821924815615,0.058880012663649575,-0.7806910969453752,0.6025651225015793,-32.89256752475268,-39.942443506751296,1.3253812686744288,78,9.238836836182683,-50.49900112603279,1.1615975114404355
1789321105.8290694,TIGHTLY_COUPLED,30.97519724821569,-49.302974582705865,-11.729430357500863,0.15488597265685647,0.05886372846572524,-0.780672763054271,0.6025740070484811,-32.91754291203789,-39.94256538328912,1.3265606519236344,72,9.219949082399056,-50.514291218414506,1.1619720919211705
1789321105.9441507,TIGHTLY_COUPLED,30.97794400060512,-49.334929264174015,-11.727126025057734,0.15500389380752716,0.05889484352690801,-0.780663144898845,0.6025531051343864,-32.943768935807036,-39.94269288051608,1.3277991877328919,72,9.209387026482892,-50.53845712739309,1.1631012167754153
1789321106.0469308,TIGHTLY_COUPLED,30.980638326648613,-49.36859346323809,-11.724659000678711,0.1550173534209561,0.058856819069805014,-0.7805631071133858,0.6026829438443098,-32.96751042996834,-39.94280962525263,1.3289204849468412,75,9.191573187037283,-50.55287760603183,1.163158360004832
1789321106.1677682,TIGHTLY_COUPLED,30.98333721151998,-49.402279704265425,-11.722995438927603,0.15494981164753427,0.05899576779646327,-0.7805373688136787,0.6027200603413817,-32.99426688646898,-39.942941588978435,1.3301844459391354,77,9.176975317106024,-50.57154037974298,1.1632608082361622
1789321106.2718124,TIGHTLY_COUPLED,30.98155727806707,-49.390230426103265,-11.72480341446801,0.15490219624131812,0.058963925587930656,-0.7805136103117317,0.6027661811988324,-33.018043657031896,-39.94305866982223,1.3313076357563347,72,9.154452786764923,-50.59328400791098,1.1634011117535867
1789321106.38782,TIGHTLY_COUPLED,30.976580346779066,-49.39047531263527,-11.726429971345029,0.15485449854699315,0.05900218622921485,-0.780460692464687,0.6028432083199362,-33.04334299318716,-39.943183630962196,1.3325027960548685,77,9.139256109061561,-50.60941258471474,1.1647205992875247
1789321106.4972708,TIGHTLY_COUPLED,30.971579336497363,-49.39354935042918,-11.72659397998592,0.15486132592081298,0.05891547550383356,-0.7804861665982781,0.6028169541651347,-33.06816234128099,-39.943307293469935,1.3336743989376274,76,9.120566110313437,-50.630315259093216,1.1661806888801
1789321106.6069217,TIGHTLY_COUPLED,30.980051558589388,-49.48587055193926,-11.720392311908554,0.15492149954583873,0.05892019195706015,-0.7805284961261182,0.6027462208038407,-33.09394358440628,-39.943436291037315,1.3348852589401732,76,9.10300535184451,-50.64658776141228,1.166276440064658
1789321106.7129474,TIGHTLY_COUPLED,30.98085870198561,-49.518612461896694,-11.718514810200446,0.15494625173334478,0.05897129320456464,-0.780491012486511,0.6027833981450961,-33.118147401891676,-39.94355795825535,1.336023972682708,73,9.095936596258651,-50.66872520880723,1.167023027989348
1789321106.829729,TIGHTLY_COUPLED,30.98204147425847,-49.54747448553649,-11.717181982377534,0.15493013268331407,0.05900676243953966,-0.7804610450038869,0.6028228705055699,-33.14354532277019,-39.943676646450434,1.337217634714349,68,9.074856788915818,-50.68723818223352,1.166963396868083
1789321106.942099,TIGHTLY_COUPLED,30.980287583468304,-49.54154344578392,-11.717771066289043,0.1550651428204924,0.058977496241867926,-0.7804806812220777,0.6027655951182204,-33.16789242435448,-39.9437866841636,1.338361632572127,75,9.060783623291565,-50.70800989972443,1.1678139898529913
1789321107.047587,TIGHTLY_COUPLED,30.98120566145751,-49.538820490695464,-11.718804940607225,0.154976943218243,0.05907114530512614,-0.7804524610481398,0.6028156458710837,-33.19244188639035,-39.943907877270526,1.3395251874039258,73,9.041097776001314,-50.725569357545695,1.1681536186180876
1789321107.1592803,TIGHTLY_COUPLED,30.98410623868596,-49.60507175415465,-11.714909476374583,0.15508609374441767,0.05905608281685545,-0.7805006254898711,0.6027266845091119,-33.21755230214455,-39.94402502109475,1.3407190500672201,70,9.025277026427066,-50.745359070967844,1.1684065717507828
1789321107.2723362,TIGHTLY_COUPLED,30.988225110493268,-49.646742412824146,-11.7120059926405,0.15501132850653834,0.05900453119765001,-0.7805178756836022,0.6027286280500873,-33.24285745354585,-39.94414255886083,1.3419261938031632,75,9.008206263271171,-50.77418307022838,1.170173145708423
1789321107.382288,TIGHTLY_COUPLED,30.990487227789295,-49.67900388360187,-11.710108091269268,0.15501006397847938,0.05899521636755913,-0.7804895494266381,0.6027665449798423,-33.266748523769024,-39.9442613070185,1.343054287037299,83,9.00642274133556,-50.79382539750782,1.1718324734839305
1789321107.4899433,TIGHTLY_COUPLED,30.99366941156173,-49.710197888702396,-11.708140371840216,0.15491638519214015,0.05891484836509133,-0.7805194447984696,0.6027597784628695,-33.291910284807095,-39.94438344849645,1.3442419415943423,78,8.99229845822693,-50.81319535128965,1.1728984008926542
1789321107.6049812,TIGHTLY_COUPLED,30.99507518713738,-49.6818738091093,-11.708787461037245,0.1547613577667314,0.059042676233358765,-0.7805405236544598,0.6027597991394434,-33.31747507463641,-39.94448476257269,1.3452533986103137,78,8.979465164568529,-50.834299890662415,1.1737366786323022
1789321107.7111034,TIGHTLY_COUPLED,31.003484285426186,-49.793576943379335,-11.702232476909,0.1554699951513464,0.05969093369587809,-0.7803765401711247,0.6027259149835021,-33.342161555491316,-39.94462056871404,1.34599527973423,57,8.93523706299561,-50.87092483001142,1.1736599089757012
1789321107.8300886,TIGHTLY_COUPLED,31.003188943936856,-49.77998553497286,-11.703107151700118,0.155826802994245,0.0602249236610035,-0.7803378972650228,0.6026306763936116,-33.367599781304385,-39.94476359893468,1.3467595756342057,51,8.899018500795329,-50.92253028364708,1.176356520625195
1789321107.945083,TIGHTLY_COUPLED,31.010777700454657,-49.77223306328873,-11.702318267147596,0.1561401209333874,0.06078612132803285,-0.7802914550447839,0.6025533630085347,-33.39328441694598,-39.94490999384215,1.3475312459612936,69,8.8868709599759,-50.95903047139179,1.1811512896955247
1789321108.0680473,TIGHTLY_COUPLED,31.016153456891217,-49.854271047127824,-11.6979506891503,0.15675242137554454,0.06138493669906073,-0.7801767270108614,0.6024822342359781,-33.420981217684876,-39.94506794707256,1.3483633726647535,63,8.873939526809261,-50.99946364512067,1.185673336624909
1789321108.193162,TIGHTLY_COUPLED,31.018576044163584,-49.88075419980139,-11.696612989336998,0.15732795410989453,0.06198244438393078,-0.7801145708989358,0.602351515076502,-33.446664482517214,-39.945214541441565,1.3491349679871025,73,8.867121719390529,-51.03444295819065,1.1880487471486474
1789321108.2931178,TIGHTLY_COUPLED,31.01372930058811,-49.87274803546837,-11.697074267713408,0.1577560267345097,0.06248349830330802,-0.7800282654321431,0.6022995547031754,-33.468825681427965,-39.94534104557497,1.3498007635287317,67,8.843453216236444,-51.055379968914245,1.1889601801481673
1789321108.418234,TIGHTLY_COUPLED,31.017250029421415,-49.93756984218791,-11.693405214663514,0.15824610523453037,0.06309820200728065,-0.7799845943083393,0.6021634493417928,-33.4947695520286,-39.945489067146895,1.3505802212588731,59,8.838127398332759,-51.08519022373151,1.1910412367781538
1789321108.5453076,TIGHTLY_COUPLED,31.019276617223298,-49.97887521324328,-11.691573035445359,0.158745862564221,0.06386485783015977,-0.7798537429935064,0.602120561509149,-33.52273556601111,-39.945648665603684,1.3514202517323315,51,8.847524596038635,-51.12761554678965,1.1948117641411515
1789321108.6636407,TIGHTLY_COUPLED,31.019662824873915,-50.00582009458635,-11.69029218966322,0.15929472939157543,0.06449763894699889,-0.7797438450200684,0.60205047953776,-33.544905786603614,-39.945775562835,1.352085656341837,64,8.847524596038635,-51.12761554678965,1.1948117641411515
1789321108.7787957,TIGHTLY_COUPLED,31.013038654718173,-49.992962262043385,-11.692414378485458,0.15974602618865366,0.06503350768588674,-0.7796995346258836,0.601930631966163,-33.56984026616849,-39.945918317811476,1.3528335585707802,73,8.85655928180033,-51.19913712980717,1.2026305593466273
1789321108.8903875,TIGHTLY_COUPLED,31.018012191293593,-50.059218198173426,-11.688550195246766,0.16030861478886496,0.06563055192539335,-0.7796635223407639,0.6017628857030292,-33.594757930053525,-39.94606133198862,1.3535797143145334,55,8.860532155837987,-51.22150248689946,1.2038224140265146
1789321109.00744,TIGHTLY_COUPLED,31.02333745631443,-50.12646856712798,-11.685028350975418,0.16093834968538678,0.0664627103846157,-0.7795408710894441,0.6016623521793479,-33.6201346869955,-39.946208267329304,1.354336060926518,67,8.850520716598957,-51.270149330738306,1.2061606960156808
1789321109.1370366,TIGHTLY_COUPLED,31.015739464112006,-50.06801583592665,-11.689293424226975,0.16112855045836208,0.06678638465234177,-0.7794777134380999,0.6016574301922717,-33.64687202811251,-39.94636580236353,1.3551190787700622,47,8.874834227897571,-51.31533404657469,1.2119302113332848
1789321109.2525496,TIGHTLY_COUPLED,31.01399906016338,-50.09110768218572,-11.690272369148893,0.16159240087064805,0.06750909017722358,-0.7793724743245828,0.6015887008492435,-33.67100733276002,-39.94650708182001,1.3558380873657239,37,8.864331191181781,-51.344407691777754,1.211939624914131
1789321109.3734477,TIGHTLY_COUPLED,31.020617073425125,-50.1837485535545,-11.686103015765115,0.16257962408538915,0.06865563697259157,-0.7792994937242802,0.6012874258000263,-33.69526643588504,-39.9465164299732,1.356590487194962,48,8.867111249408152,-51.38136346753224,1.2153541316442669
1789321109.4925125,TIGHTLY_COUPLED,31.023394890676947,-50.23829348447346,-11.683178921938183,0.16324777232934196,0.06935742861851499,-0.7790865791634038,0.6013017662475308,-33.721842877441915,-39.946674508884264,1.3574320610849417,49,8.844607105729123,-51.42783608881822,1.2181060041995626
1789321109.621878,TIGHTLY_COUPLED,31.020320286442878,-50.25069485615871,-11.683996211077426,0.16370390170937932,0.07030144463419624,-0.7790428841114685,0.6011247159805992,-33.75143094567818,-39.94685382975689,1.3583408792517815,41,8.828580097510715,-51.45269738935665,1.219117652192517
1789321109.7213418,TIGHTLY_COUPLED,31.022325413447135,-50.29665287440027,-11.68172942327965,0.1643123165625541,0.07093895351778957,-0.7789102178301133,0.6010557378974878,-33.77214482925632,-39.94697239560817,1.358980099066199,43,8.794594362373413,-51.47704799269723,1.2169588418501633
1789321109.8275356,TIGHTLY_COUPLED,31.01795759942335,-50.27545601383463,-11.68294482429245,0.16463826652645347,0.07133130211688475,-0.7788903322975606,0.6009458684331476,-33.79513531643895,-39.94710341978088,1.3596933632072143,49,8.783091071896699,-51.505437679817476,1.2188810030774697
1789321109.9541812,TIGHTLY_COUPLED,31.026508485012155,-50.38511590188674,-11.677853623361091,0.16528206807693957,0.07213258157376891,-0.7787984833905436,0.6007925190249149,-33.8230922579296,-39.94726573194037,1.3603929723531991,44,8.764220790310228,-51.52121975627771,1.2169028701502023
1789321110.072432,TIGHTLY_COUPLED,31.02459796112029,-50.357808314252566,-11.681397401784473,0.16527902278061535,0.07229106230725937,-0.7787859191706372,0.6007905950002203,-33.84762839430104,-39.94742085839254,1.3607277183122,58,8.7643134454069,-51.54642927946571,1.21898973638337
1789321110.1740172,TIGHTLY_COUPLED,31.027386904972648,-50.416902018794445,-11.679099218779577,0.16535136782220514,0.07237499306750834,-0.778731370471072,0.600831289283481,-33.87089406869357,-39.94756672881321,1.3610451398299288,47,8.742481513851036,-51.56972423237253,1.219798395686382
1789321110.296819,TIGHTLY_COUPLED,31.02744668771451,-50.424183762519284,-11.679488777273091,0.16527382567645094,0.07237637835772627,-0.7787104635457617,0.6008795522951622,-33.89812687752361,-39.94773854022291,1.3614177769094322,47,8.718070040144841,-51.59199418151214,1.2196585517861367
1789321110.4094102,TIGHTLY_COUPLED,31.03379006400354,-50.506167008370454,-11.676373355201088,0.165372451651481,0.07233173130871384,-0.7786051394668398,0.6009942675903702,-33.92283128469024,-39.947894936062625,1.3617553373386313,50,8.690529621556836,-51.607977353711355,1.2193819624589028
1789321110.51711,TIGHTLY_COUPLED,31.02914132222306,-50.490347191649214,-11.677270630488142,0.1653491646537322,0.07214232466429017,-0.778609876210369,0.6010173037509144,-33.94526777719667,-39.9480371951274,1.3620617750224993,44,8.667379524544172,-51.63023168566899,1.2181399595971458
1789321110.647536,TIGHTLY_COUPLED,31.031283035689622,-50.53963272794066,-11.675419188387078,0.16543034542638005,0.07219033124940111,-0.7785450942094375,0.6010731179886758,-33.973669885346844,-39.94821671379511,1.3624501445013681,55,8.648273951861015,-51.647435841883635,1.2181019685436374
1789321110.7728002,TIGHTLY_COUPLED,31.03697134976875,-50.520111977473206,-11.676981171318099,0.16521482891038086,0.07217198988460585,-0.7786037905737162,0.6010585674361949,-33.998333882855675,-39.94837308379425,1.3627876188869705,57,8.630199775090235,-51.66837144172049,1.2187403377596069
1789321110.9046972,TIGHTLY_COUPLED,31.03785415508113,-50.57092952903096,-11.675847965980045,0.16531736441203881,0.07215324899229744,-0.7785983283233769,0.601039699866619,-34.02422262392609,-39.9485372496929,1.36314002912825,57,8.630199775090235,-51.66837144172049,1.2187403377596069
1789321111.029794,TIGHTLY_COUPLED,31.040658913380724,-50.61193540634554,-11.674645352630268,0.16535861551152053,0.07222444911777154,-0.7785818249696711,0.601041179165491,-34.0495964112148,-39.94869821042831,1.3634856489247473,64,8.606700437713458,-51.68770159491811,1.2180086621859885
1789321111.161969,TIGHTLY_COUPLED,31.042437103330368,-50.64325530727707,-11.674073778892643,0.1653117678294937,0.07225399531905438,-0.7785454603419157,0.6010976174952919,-34.07469003747998,-39.94885919756303,1.363825932847753,55,8.584893120795043,-51.70870203843451,1.218280290529665
1789321111.301444,TIGHTLY_COUPLED,31.043344084916566,-50.66957788701167,-11.673800226371753,0.16526959775494407,0.07225550922691383,-0.7785403781643975,0.6011156136816905,-34.09997857645905,-39.9490215882495,1.3641633970883817,48,8.54062830770205,-51.74389969709743,1.216542246100594
1789321111.4252224,TIGHTLY_COUPLED,31.04248424477504,-50.67992161931018,-11.674139870089965,0.16518437610439746,0.07215434495554168,-0.7785480529417312,0.6011412493380213,-34.12320084371638,-39.94917043476394,1.3644698061712957,45,8.54062830770205,-51.74389969709743,1.216542246100594
1789321111.5545561,TIGHTLY_COUPLED,31.04269578512864,-50.64501280889477,-11.676506261183194,0.1651046660375515,0.07210806323423682,-0.7786152949083215,0.601081607607539,-34.14908615938817,-39.949334073614985,1.36482102672017,45,8.511821200943709,-51.759706321972786,1.2145748756550863
1789321116.7741804,LIDAR_ONLY_SAFE,30.723378889099276,-51.8443011254367,-12.13794932573787,0.1645128091623913,0.07307857270509702,-0.7854914384474284,0.5921133826883785,-35.273230047381816,-39.956160078403016,1.380615705299115,71,7.69967568319808,-52.630744845211495,1.1996520652834703
1789321116.8377738,TIGHTLY_COUPLED,30.756710393191117,-51.80797369256185,-12.125427724858065,0.16324070503685678,0.07112070005654428,-0.7857063299076573,0.5924186706929286,-35.2864581905586,-39.95624214744825,1.3808044682742826,58,7.686158203963006,-52.646027923676485,1.1985094309550175
1789321116.9546812,TIGHTLY_COUPLED,30.853800475048423,-51.65902509301263,-12.135185773123624,0.16080402643116787,0.06862793100285045,-0.7859586851593355,0.5930440265211353,-35.31130003171784,-39.95638900018607,1.3811784995547751,47,7.409895460473288,-53.086573057340296,1.2114265812776577
1789321117.0711083,TIGHTLY_COUPLED,31.045712945387418,-51.5948475587688,-12.161651320618825,0.15927383183497903,0.07154073361423971,-0.7862816360141998,0.5926845356455431,-35.33597974721321,-39.9565391584719,1.3815354549644232,52,7.528527147457526,-52.98536749880118,1.213038976982776
1789321117.1888018,TIGHTLY_COUPLED,31.064828813401096,-51.50971806395315,-12.224363636997802,0.16072584377300472,0.07131860557018257,-0.7858719902349964,0.5928626102285975,-35.36143295811942,-39.95669176179106,1.3819039292408455,60,7.5744621153108165,-52.99053500921009,1.215815562939822
1789321117.3056762,TIGHTLY_COUPLED,31.078772687115208,-51.53677712436765,-12.230961607494299,0.16081597821728053,0.07116331631810463,-0.7858177584140102,0.5929287091394789,-35.38641334150788,-39.95684345978568,1.3822665956076388,67,7.579450560459683,-52.92636306171889,1.211887649875166
1789321117.4247875,TIGHTLY_COUPLED,30.958038330149723,-51.3625661864643,-12.346340914077615,0.1619346525512293,0.06771089405638489,-0.7853937874929715,0.5935899272196612,-35.413158651730924,-39.95700727784285,1.3826544251301915,92,7.5774281673186925,-52.918686178823855,1.2104912756969328
1789321117.5386279,TIGHTLY_COUPLED,31.00440296028752,-51.20839825149604,-12.321629956005294,0.16254291611413194,0.06674033003454692,-0.7851210990520762,0.5938942570788625,-35.43866198031034,-39.95716415467911,1.3830240947661727,73,7.556601376675888,-52.82897421026877,1.199100758459525
1789321117.6479921,TIGHTLY_COUPLED,31.108936395476988,-51.10773871086297,-12.328505353293917,0.1609580779998813,0.06740378589026047,-0.7852977011157304,0.5940174638818233,-35.46266697954636,-39.95731282177385,1.3833718661738752,64,7.545773197920929,-52.84159120960017,1.1995509925664378
1789321117.7807655,TIGHTLY_COUPLED,31.29945454075991,-51.01858651013249,-12.370420217373129,0.16085416662586705,0.06580117217445816,-0.7850188552085097,0.5945935921170745,-35.49017372823043,-39.957483490751876,1.3837703981165694,58,7.544645147411193,-52.89987805397434,1.204356586067257
1789321117.8783097,TIGHTLY_COUPLED,31.297558120511717,-51.04258602839751,-12.379066964843075,0.16087888186244068,0.06586674282625866,-0.7851107316838539,0.5944583219663039,-35.511179828233836,-39.957613782153935,1.3840748188286656,60,7.5397717415901555,-52.94448215169106,1.2061817721901331
1789321117.9984798,TIGHTLY_COUPLED,31.289130755369733,-51.072570371678644,-12.390774261856132,0.16067254137814044,0.06582365197467008,-0.7852909473020164,0.5942808337590141,-35.535438605057834,-39.957763753853854,1.3844263295119426,89,7.525221437336552,-52.961239548794246,1.2064394387430957
1789321118.1220524,TIGHTLY_COUPLED,31.11119096196279,-50.97403652074969,-12.444362057270823,0.1611006529298417,0.06636215265614684,-0.7851030299318174,0.594353326492164,-35.56246157522909,-39.95793146816339,1.3848181860479705,78,7.5153737465776285,-52.972626545390234,1.2059123246628107
1789321118.249353,TIGHTLY_COUPLED,31.103372079122572,-51.00139089783842,-12.455158100264658,0.16100243728937533,0.06643776087303023,-0.7852528760190352,0.5941735098612969,-35.58750166866294,-39.95808794961706,1.3851816512766484,69,7.469931778091198,-52.919127247174536,1.1982584674316255
1789321118.3717914,TIGHTLY_COUPLED,30.941574051585597,-51.05092712475604,-12.42355328084166,0.1650282322547975,0.06801509902796675,-0.7846205419049865,0.5937257229426715,-35.61331880011414,-39.958250372800435,1.3855562753911295,55,7.467934789890789,-52.95276441344598,1.1993206142185675
1789321118.4943113,TIGHTLY_COUPLED,30.81694417172496,-51.069215979599726,-12.335790520383544,0.16442750410527102,0.06871003386955951,-0.7847967175332082,0.5935795138719471,-35.639662663635534,-39.958416742029726,1.385938591299837,50,7.450446893910715,-52.97226283008773,1.1994890713191408
1789321118.6522055,TIGHTLY_COUPLED,30.7199179981365,-51.044397752310736,-12.15741515400122,0.16374450745597183,0.0711533179312964,-0.7850702588559045,0.5931185634300213,-35.67330295223138,-39.958629740277026,1.386422913316953,56,7.422092583451499,-52.93942860624404,1.1960972149540692
1789321118.732335,TIGHTLY_COUPLED,30.734714523646243,-51.00250996986268,-12.242425484100378,0.16421399506572015,0.06972608865618724,-0.7848187121010344,0.5934910492343914,-35.6885748515638,-39.95872915937452,1.3866397165438302,89,7.407889183366578,-52.94492865414943,1.1953777385184874
1789321118.843816,TIGHTLY_COUPLED,30.957956385584477,-50.84598010462551,-12.155911879012287,0.16442119678191677,0.06917381019403977,-0.7848138027725037,0.593504801168283,-35.711297931466575,-39.95887442284756,1.3869641022262162,57,7.399533160651355,-52.950635740061244,1.1954164698307146
1789321118.9588895,TIGHTLY_COUPLED,30.952852708226974,-50.87177270478636,-12.165416968457837,0.16468465260505324,0.06906304601791828,-0.7849552293041622,0.5932575737899434,-35.73595942361822,-39.959022501086565,1.3873154590438173,51,7.38470940915023,-53.011134567183134,1.1979096765107593
1789321119.1077237,TIGHTLY_COUPLED,30.95436697528312,-50.898653673829635,-12.174040655457393,0.1648634899187153,0.06902732182336609,-0.7850311174179609,0.593111627958197,-35.765036759895104,-39.95919790386883,1.3877323503234902,57,7.352712132672216,-53.02362227675335,1.19618358280821
1789321119.2096276,TIGHTLY_COUPLED,31.01959369951398,-50.889495174507815,-12.160987082281627,0.164917745409849,0.07073118344859466,-0.7850958414989004,0.5928100510264876,-35.78622385039882,-39.95930323870428,1.3880472707754825,61,7.332002662361415,-53.053492058324096,1.1952557382638342
1789321119.329123,TIGHTLY_COUPLED,31.00561942282174,-51.033701252789875,-12.302612429584856,0.16550986745549046,0.07100284507607026,-0.7849072642439171,0.5928622658789302,-35.81235909573727,-39.959463982596326,1.3884334033628951,58,7.315988105919319,-53.08527184376778,1.1955279169380852
1789321119.4370341,TIGHTLY_COUPLED,30.994287645579742,-51.06128893838212,-12.314009411885545,0.16530398415050682,0.07106873921783412,-0.7850693520808193,0.5926971735661976,-35.8362289964453,-39.95960950219646,1.3887876746910595,57,7.308608855741408,-53.111274550214475,1.1973356526707208
1789321119.55591,TIGHTLY_COUPLED,30.975441473044402,-50.98875446326231,-12.241140580225085,0.16499196610806555,0.07173135192456069,-0.7851360905003836,0.59261588205569,-35.86040828970715,-39.95975806063451,1.3891371594615343,80,7.317692701085176,-53.12252779597866,1.1984452880651304
1789321119.6686964,TIGHTLY_COUPLED,31.064965440624565,-50.99334243807383,-12.284787540166379,0.16545762260899252,0.07155976957102154,-0.7850328830912495,0.5926435243592586,-35.88560997992052,-39.959911708894836,1.3895021553026061,52,7.309719545579035,-53.130953817348974,1.1986823668382172
1789321119.7803903,TIGHTLY_COUPLED,31.059909031232976,-50.973720622215275,-12.248558885960591,0.1652388892849824,0.07168998434990646,-0.784979565366629,0.5927594263852696,-35.91034123208957,-39.96006481326048,1.3898614042464867,64,7.292378692575789,-53.16231443041344,1.1990741887266398
1789321119.8894477,TIGHTLY_COUPLED,31.095838938849706,-51.0543057110327,-12.17501705800146,0.16463658008805063,0.07196318371303896,-0.7850201688917023,0.5928401395992324,-35.935588644093194,-39.96022241901702,1.390227712147352,77,7.2828891411290755,-53.178006090817554,1.1995769696122658
1789321120.0052695,TIGHTLY_COUPLED,31.069103265930686,-51.09188319534308,-12.169808361689245,0.1642192893493738,0.07235747487104688,-0.7850454581997551,0.5928743959691708,-35.9603436054565,-39.96037787877752,1.3905865968141298,90,7.269647012653129,-53.20637185825081,1.1999646921418008
1789321120.1360872,TIGHTLY_COUPLED,31.158793202983343,-51.08507826798166,-12.133376517912025,0.16391463475253712,0.07238065881143939,-0.784999320171258,0.593016947544189,-35.98910157673544,-39.96055995879849,1.391003301321012,69,7.253614030019687,-53.21658720081982,1.1999280732189215
1789321120.2420032,TIGHTLY_COUPLED,31.30796565589031,-51.12293497098369,-12.091597231045839,0.16373179162213358,0.07217976457244234,-0.7849360055461165,0.5931757321365903,-36.01361082257257,-39.960714885213214,1.3913584789763753,80,7.239005424475493,-53.245044604707374,1.2005281916088517
1789321120.347712,TIGHTLY_COUPLED,31.4459768355983,-51.05769774485311,-12.04187732146616,0.16366897346832704,0.07204969569692211,-0.7848825328551678,0.5932796289210184,-36.03637107858339,-39.96085837146593,1.3916883301111829,66,7.228714805377383,-53.27873999154909,1.2012707209750622
1789321120.4510534,TIGHTLY_COUPLED,31.691796739256972,-51.06759330551388,-11.981748382949391,0.1638545661400967,0.07186319162254284,-0.7848638721637339,0.5932757074219477,-36.060142394725546,-39.96100889528007,1.392033188304133,72,7.213112214533042,-53.30284786554173,1.202088817747152
1789321120.5654006,TIGHTLY_COUPLED,31.69004256020968,-51.06093188764046,-11.993401383648832,0.16392441957804724,0.07186266951244663,-0.7847736074486662,0.59337587282308,-36.08567932681648,-39.96117113279903,1.3924035894311895,67,7.204993658655503,-53.345238633307986,1.2036244319324467
1789321120.6777267,TIGHTLY_COUPLED,31.511371783146174,-51.00550168802675,-12.022932160506683,0.1638632865587356,0.07224514974996218,-0.7847092361341177,0.5934314420230739,-36.11023757945638,-39.9613284529989,1.3927602453937855,54,7.188489331992782,-53.347845353874725,1.2026399802698124
1789321120.7978082,TIGHTLY_COUPLED,31.508729592209598,-51.034028175487656,-12.032468616299566,0.16372025720566072,0.07226550114628895,-0.7848087032935994,0.5933368975204619,-36.136072101825,-39.96149389804726,1.3931352985668073,65,7.146449492338148,-53.32261487535046,1.1965289714872038
1789321120.914868,TIGHTLY_COUPLED,31.448452355476512,-50.872795887037505,-12.02169734513557,0.163630224284633,0.07223870739215707,-0.7845750274782609,0.593673938380621,-36.16193152646728,-39.96166065668361,1.3935104973367571,55,7.141991965334717,-53.35742542582033,1.1983652013708312
1789321121.0292335,TIGHTLY_COUPLED,31.41669181138873,-50.69708700803691,-11.994234712044761,0.16352305167103603,0.07222567643236856,-0.7843949211364178,0.5939429862633882,-36.186801693980776,-39.96182074470472,1.3938695376613717,55,7.10789494863227,-53.353628975983646,1.194516450244039
1789321121.144205,TIGHTLY_COUPLED,31.30540640371643,-50.47206465592313,-11.967203687854536,0.16332110823555787,0.07215842042206608,-0.7841525037607541,0.594326702086186,-36.211099067175994,-39.961979991075964,1.3942137493147237,74,7.098280998807934,-53.36061360656848,1.1956815642142218
1789321121.2573297,TIGHTLY_COUPLED,31.179562190679732,-50.26791248076139,-11.963538064391921,0.16321214300087963,0.07233606482353494,-0.7839454552943805,0.5946081173564587,-36.23629884910625,-39.96214102332333,1.3945726293730727,51,7.078613906043995,-53.32737943932385,1.1909583023340429
1789321121.375238,TIGHTLY_COUPLED,31.179838975929997,-50.117723377497924,-11.96071403143974,0.16316746432301665,0.07232871113338324,-0.7837938230160573,0.5948211320506814,-36.26242609969994,-39.962296123208,1.3949443445038576,69,7.059250852683239,-53.379704720993544,1.1924223898993467
1789321121.5018737,TIGHTLY_COUPLED,31.34069331465283,-50.08984471463692,-11.958907618260863,0.1632332661076496,0.07261987852556705,-0.7837475420477994,0.5948285840582934,-36.289230006410136,-39.962464259769725,1.3953325578398477,64,7.016273274371993,-53.312224833231554,1.1859524977845923
1789321121.610765,TIGHTLY_COUPLED,31.33447681838519,-50.116324031731224,-11.968976879254313,0.1631671478036468,0.07260567157092764,-0.7838485771568515,0.5947153154430589,-36.31315259994895,-39.962584435701096,1.3956912182467198,55,7.0168400374677375,-53.39420775322446,1.188738651496446
1789321121.716535,TIGHTLY_COUPLED,31.210146521847776,-50.169126307604444,-11.998155726621311,0.16311998955132898,0.0724783392208518,-0.7835893781504054,0.5950852424673482,-36.33701670668919,-39.96273157492313,1.3960472962701074,52,6.9989037088563855,-53.42205499854047,1.1894568878130523
1789321121.8223855,TIGHTLY_COUPLED,31.213743554460258,-50.19393787248639,-12.005969110853576,0.16322178229658127,0.07242246991463862,-0.783625828331507,0.5950161315520365,-36.36289712963742,-39.96289301577613,1.3964236684569897,72,7.006749047963195,-53.427120763659104,1.19084534770741
1789321121.9378347,TIGHTLY_COUPLED,31.12687233202564,-50.22469907866581,-12.021361454965636,0.16323154506540735,0.07240543536926286,-0.7835571494690415,0.5951059646319278,-36.387315935776435,-39.963043501723426,1.3967768102440752,73,7.008461151624551,-53.45619876685974,1.1926284105575524
1789321122.0483248,TIGHTLY_COUPLED,31.06485618334095,-50.22378167328715,-12.02045435216539,0.16322962775906896,0.07261862382171233,-0.7836739089835956,0.5949267421071671,-36.41275924476959,-39.96320090907937,1.3971456889262948,57,6.98669429492679,-53.471408983888004,1.1914557222651798
1789321122.1533813,TIGHTLY_COUPLED,31.05927942634394,-50.25293449264657,-12.031782294543083,0.16314142965972575,0.07266871639735044,-0.7838007179292904,0.5947777451782063,-36.436981899643385,-39.96335245263882,1.3974974246393859,53,6.972659585555602,-53.491889907827215,1.1913961141978833
1789321122.2661564,TIGHTLY_COUPLED,31.225645310705257,-50.206726436293586,-11.970975282283806,0.16307030065786765,0.07263016613585989,-0.7836985924431533,0.5949365110774849,-36.46221879233264,-39.96351218999624,1.3978636111884875,79,6.964023744406305,-53.52218753716246,1.1932257866254303
1789321122.3689272,TIGHTLY_COUPLED,31.279304195833035,-50.156428032168165,-11.943556829561354,0.16301834044249983,0.07256825653710981,-0.7835587603129412,0.5951424518208932,-36.487215639770994,-39.963671040196,1.3982262119917923,76,6.951777188928607,-53.55744317519391,1.194804078275587
1789321122.474912,TIGHTLY_COUPLED,31.04102615145307,-50.19527134950766,-11.942148612441153,0.1629527165137978,0.07243718497740288,-0.7835144377120818,0.5952347371500117,-36.51222401963363,-39.96383056126223,1.3985887808388895,88,6.929283368988089,-53.57350104487052,1.193955328212302
1789321122.5863767,TIGHTLY_COUPLED,30.81543234275963,-50.30403013738218,-11.96482092739555,0.16297590782249607,0.07223830856331691,-0.7835431668474668,0.5952147393436987,-36.53798951929238,-39.96399524831523,1.3989621847598106,88,6.8862932147125155,-53.540025251273576,1.186806640942767
1789321122.6900232,TIGHTLY_COUPLED,30.80144925477371,-50.28563939323937,-11.960792011031296,0.16304614135436943,0.07226690958121303,-0.7834905942546672,0.5952612353273984,-36.5625094399433,-39.96415133670916,1.3993174199405174,87,6.850154941335485,-53.522955365301165,1.1832118807637777
1789321122.7947085,TIGHTLY_COUPLED,30.871145490127812,-50.37015962334104,-11.929135702972566,0.16299900560130762,0.07227063249500204,-0.7834843972303034,0.5952818484956733,-36.58729099212911,-39.96431000160725,1.3996766614318714,89,6.8621867256243165,-53.56113761186528,1.186216496725538
1789321122.9233727,TIGHTLY_COUPLED,30.874939865862228,-50.400179603515774,-11.938350189890986,0.16295493830174562,0.07219865292989781,-0.7835325098044832,0.5952393205070292,-36.6171132096818,-39.96450389813238,1.4001099101571426,56,6.856977557589872,-53.610411050502435,1.1887156978463809
1789321123.0337827,TIGHTLY_COUPLED,31.017931573217705,-50.49757154870142,-11.913512070114038,0.163004816036915,0.07209206205118605,-0.7835293490487992,0.5952427435232995,-36.64169653979223,-39.9646646571567,1.4004669929598659,56,6.842050263302102,-53.625983903537936,1.18923245065577
1789321123.1287549,TIGHTLY_COUPLED,31.01170022031066,-50.5250825638962,-11.924125479527564,0.16312026930885373,0.0720755844117405,-0.7836747079436253,0.5950217138910031,-36.66379111280774,-39.96480932611454,1.4007876695004977,68,6.836449401551024,-53.65311287391557,1.190779169025331
1789321123.232517,TIGHTLY_COUPLED,30.968467601526626,-50.53984435315406,-11.965440078115659,0.16314548386797764,0.07186227985444969,-0.7838404029321296,0.5948223151150274,-36.68766560863619,-39.96496725730972,1.401134251459137,59,6.827765823762154,-53.69601652496085,1.1918240836081464
1789321123.3401198,TIGHTLY_COUPLED,30.969014931809877,-50.53408055423275,-11.981802986575964,0.1631283459431492,0.07173713742758207,-0.7838599710330812,0.5948163344054748,-36.71304702712458,-39.9651338994609,1.401498254069035,54,6.811660661939493,-53.69887166045987,1.190578233858777
1789321123.4528089,TIGHTLY_COUPLED,30.94780166110578,-50.52310404303018,-11.998600315027218,0.16312067904998379,0.0718088714041978,-0.7837923494197404,0.5948988847232873,-36.73806213865673,-39.96530368682857,1.4018518439680197,71,6.7979558497074635,-53.717607809577075,1.1903935725091037
1789321123.559123,TIGHTLY_COUPLED,30.879732113204327,-50.46721598239783,-11.996974398315512,0.1630975775261309,0.07178188493157306,-0.783644585972901,0.5951031037359314,-36.762470540264765,-39.965458028437155,1.4021983832862366,69,6.781798462296886,-53.72872210492964,1.1897175539822937
1789321123.659906,TIGHTLY_COUPLED,30.85867452376029,-50.446446754709854,-12.006216944425056,0.16310383710790455,0.07186162757900535,-0.7836103376822503,0.5951368611335414,-36.78508090818044,-39.96559245203796,1.40251918721473,65,6.753950627519279,-53.72877185358505,1.1869101698105902
1789321123.7819512,TIGHTLY_COUPLED,30.700203785011656,-50.31783112547848,-12.007751008855621,0.16304272953835264,0.07215563665797747,-0.7832933930298666,0.595535131523678,-36.8123677176626,-39.96574589448764,1.402923641046275,55,6.719331304608999,-53.748710929179545,1.1856224225120138
1789321123.8941305,TIGHTLY_COUPLED,30.639904529886156,-50.26335840937036,-12.020040878488226,0.1630022091314205,0.07239709732999303,-0.7831864650548352,0.5956575367368231,-36.83807861205656,-39.965904989439245,1.4032981295060676,58,6.690116289160701,-53.728100439177794,1.18252756717364
1789321123.9931052,TIGHTLY_COUPLED,30.42183264305762,-50.10408584662719,-12.04054911575026,0.16294614815712716,0.07256967045563269,-0.7828938690879793,0.5960363960994082,-36.86112484812,-39.96604502303741,1.4036492402127418,62,6.686526524195279,-53.76860632240795,1.1841452487996562
1789321124.1086397,TIGHTLY_COUPLED,30.30380973582077,-49.99619402694719,-12.017364251011589,0.1629762149181921,0.07241165551620651,-0.7825739043364147,0.596467425571591,-36.886997794510634,-39.96621192978957,1.404024547995061,67,6.65248507197186,-53.7124461618946,1.1783711743718555
1789321124.2151337,TIGHTLY_COUPLED,30.242206591296128,-49.959513407219944,-12.039757945778865,0.16292837347978467,0.07245971922451619,-0.7825527366419609,0.5965024296508052,-36.91215319187288,-39.96637141577292,1.4043883569661633,68,6.644011004744271,-53.709501464380445,1.177638149232038
1789321124.3119025,TIGHTLY_COUPLED,30.18104002183781,-49.90008847758509,-12.049735509824147,0.16292101382059263,0.07236992058132342,-0.7823899072315512,0.5967288923061527,-36.93434725709292,-39.96651215244978,1.404710084258857,63,6.636289183183314,-53.74158249079156,1.177820994082019
1789321124.4252648,TIGHTLY_COUPLED,30.075939243921777,-49.77964881831909,-12.042452218321449,0.1628860417697475,0.07237047592605474,-0.7821586683008998,0.5970414300637632,-36.961807217614805,-39.96668919936748,1.4051090686395966,62,6.62384663255445,-53.76025530773538,1.1779555168278653
1789321124.5352714,TIGHTLY_COUPLED,29.957224454882912,-49.80447470385182,-12.082805109571881,0.16287113298115605,0.07244148318370383,-0.7821313774757589,0.5970726370580484,-36.98629104578134,-39.96684788497888,1.405464606796091,65,6.606881081862032,-53.76573167725177,1.1778497669195527
1789321124.6438506,TIGHTLY_COUPLED,29.953126596051405,-49.77339685192801,-12.068309182151093,0.16288754850529044,0.07241353726665113,-0.7819964388230503,0.5972482698430659,-37.01179049292743,-39.96701360101733,1.4058345252166984,73,6.594466155413081,-53.79368901661248,1.1795508440424045
1789321124.750661,TIGHTLY_COUPLED,29.92784890723411,-49.72350109224862,-12.062368326892898,0.16289117160277264,0.07229883453385323,-0.7818427782814209,0.5974623124416397,-37.037058909667,-39.96717940687435,1.4062009985720518,81,6.584650309581371,-53.82579810877542,1.1810741699624716
1789321124.8557825,TIGHTLY_COUPLED,29.89679861477258,-49.68580443073993,-12.059056395008986,0.1629005542825888,0.07226685393428939,-0.7817737619781293,0.5975539275407941,-37.06283526282837,-39.967346366673986,1.406574405542424,81,6.570201712243603,-53.855049826640695,1.1821071755152974
1789321124.9633422,TIGHTLY_COUPLED,29.829730602073145,-49.63194702238652,-12.064052955601506,0.1628950133316098,0.0721529670576696,-0.7815707183819405,0.5978347398273265,-37.08687051321099,-39.96750386312956,1.4069229372782845,86,6.563843660441379,-53.88181610252084,1.183764649726412
1789321125.0772123,TIGHTLY_COUPLED,29.78620273541453,-49.605579898870246,-12.0667036051312,0.16290492890886402,0.07207503370242936,-0.7814595832864294,0.5979866999723253,-37.11243505162783,-39.967674145309154,1.4072943026274491,76,6.551311917392733,-53.90118195471947,1.1843572596938254
1789321125.200547,TIGHTLY_COUPLED,29.692127267647138,-49.526178605331914,-12.071482460688173,0.162916928002176,0.07190912968250512,-0.7811887481985986,0.5983571603369889,-37.142541505392714,-39.96787623772659,1.407731879354136,57,6.542395118616019,-53.92735848272511,1.1844569929310738
1789321125.2889304,TIGHTLY_COUPLED,29.640982229862402,-49.50385113100203,-12.073704791676722,0.1629401029609517,0.07182383263401304,-0.7810650332252229,0.5985225758362981,-37.16212914659877,-39.968008015856405,1.4080163272429431,65,6.523534332257481,-53.95878428224555,1.1839543880834151
1789321125.403174,TIGHTLY_COUPLED,29.601342970387556,-49.47818588696846,-12.079456328760603,0.16294218161823282,0.07182772318487382,-0.7809895594475249,0.5986200227736532,-37.188519516625114,-39.96818552591744,1.40839951376441,61,6.500670348630199,-53.94455465206403,1.1813956902610128
1789321125.507453,TIGHTLY_COUPLED,29.65036827464273,-49.42407149281839,-12.05466417124081,0.16294311529037428,0.0718639398372399,-0.7810216746083379,0.598573520231663,-37.212420999659535,-39.96834809539788,1.4087463819984807,55,6.501169657711669,-53.98807258486707,1.183324974298842
1789321125.6208138,TIGHTLY_COUPLED,29.62444363568996,-49.379415718353364,-12.054583487836604,0.16290729287357206,0.07192379956112493,-0.7809451382268109,0.5986759324252166,-37.237305913912806,-39.96851532677777,1.409100828002811,58,6.484203398342152,-54.01295995702584,1.1835029907145482
1789321125.7235065,TIGHTLY_COUPLED,29.558268551337427,-49.34641820743192,-12.058915702196023,0.1629089745566838,0.07184716232853354,-0.7807650842763812,0.5989194724244007,-37.261291564329795,-39.9686821855263,1.4094384947261596,54,6.478611141226075,-54.03339903402385,1.1835042221697323
1789321125.8451943,TIGHTLY_COUPLED,29.521209345824687,-49.29664878679552,-12.050772874686995,0.1629223283198901,0.07175943635937676,-0.7806287696825503,0.5991040161542222,-37.28714868844243,-39.968844630297305,1.409804301853927,59,6.464083902078702,-54.051267976935705,1.1835179556232738
1789321125.947881,TIGHTLY_COUPLED,29.431306086567975,-49.27871078967426,-12.067597397440636,0.16292828391499284,0.07174331069002157,-0.7805117112246903,0.5992568233344168,-37.312906937104025,-39.96901238823127,1.4101749519680924,61,6.43198159272828,-54.063884584253536,1.1815652897791202
1789321126.0581481,TIGHTLY_COUPLED,29.386602852499646,-49.23964275560394,-12.075394813588101,0.16291207528216092,0.07174591926329908,-0.7804126117832729,0.5993899683561066,-37.3375164818771,-39.96912623095534,1.4105465082967599,59,6.402179957495323,-54.08009033885375,1.1801584543516412
1789321126.170077,TIGHTLY_COUPLED,29.344491683769974,-49.20697330734194,-12.077311248458416,0.16290573497501826,0.0717782210987196,-0.7803175929113232,0.5995115200571468,-37.362914134855046,-39.96929623748852,1.4109201697079774,62,6.383766907691229,-54.10738550312779,1.1801803438319105
1789321126.2760303,TIGHTLY_COUPLED,29.325398448397003,-49.13233655872516,-12.070147587674798,0.16287730231469152,0.07174878721323746,-0.7802341822569883,0.5996313173624997,-37.38695810093595,-39.96945333754585,1.4112782800233161,60,6.400936285241775,-54.14037270333859,1.1843134189182036
1789321126.3811707,TIGHTLY_COUPLED,29.287245833884246,-49.128954575940504,-12.084313753625981,0.16286262783532302,0.07174556932328431,-0.7801972815465144,0.5996836996321311,-37.41156332582879,-39.96961464390646,1.411634825251326,81,6.400547488176173,-54.16209300317715,1.1849961309695083
1789321126.4903495,TIGHTLY_COUPLED,29.235807972363485,-49.073592621460726,-12.08875180940138,0.1628264362006434,0.0717192343879205,-0.7800683689017467,0.5998643537767325,-37.43644444780329,-39.96977579190921,1.41199508617499,77,6.386344092978157,-54.18761579764368,1.185022921740571
1789321126.596999,TIGHTLY_COUPLED,29.1939502139462,-49.036505767197326,-12.094471229449935,0.16280390822376548,0.07163193733620403,-0.7799337264113976,0.6000559435807309,-37.46136580764442,-39.96993809018686,1.4123568548498966,58,6.3728238128629,-54.207824399863746,1.1853548355937906
1789321126.7089121,TIGHTLY_COUPLED,29.132994657450062,-48.97515659885539,-12.092109683472236,0.16277561918108666,0.07161142832805449,-0.7798191172157077,0.6002149994443192,-37.48656806366414,-39.970103369908976,1.4127227927729131,69,6.34996338763977,-54.22763029891867,1.1840078777354905
1789321126.8188233,TIGHTLY_COUPLED,29.091515422263623,-48.938445008172,-12.093310920844,0.16274732491919666,0.07162052797850249,-0.7797331877647184,0.6003332108937472,-37.51154049477023,-39.97026879448099,1.41308555005476,75,6.328223108232401,-54.242906176610454,1.1834729464049396
1789321126.9268618,TIGHTLY_COUPLED,29.072015823600413,-48.88052129825825,-12.101383058766409,0.16269757668071846,0.07163089042483621,-0.7796834403542751,0.6004100656355525,-37.53703142166826,-39.97043799362615,1.413455389828214,60,6.320585401776938,-54.26646237018619,1.1838850373262721
1789321127.034809,TIGHTLY_COUPLED,29.010976060999564,-48.8917133075977,-12.110093868137563,0.16269449182340873,0.07155402649527359,-0.7795783113934842,0.6005565585584096,-37.56178902953722,-39.97060057852567,1.4138143035348814,60,6.311384990287784,-54.289491455355254,1.184568106297784
1789321127.1466734,TIGHTLY_COUPLED,28.997326914417737,-48.80693789130483,-12.114915458606227,0.16260212255341383,0.07150072439743092,-0.7794925892558038,0.6006991755005581,-37.58631310189171,-39.9707633704637,1.414169816933566,61,6.301199506857282,-54.308167533508424,1.1839821850309749
1789321127.2572386,TIGHTLY_COUPLED,28.926773169730886,-48.79790142504407,-12.12070185703251,0.16258403615542544,0.07147710483344888,-0.7793500162059208,0.6008918429400338,-37.61239045466835,-39.97094167714982,1.414548583244898,69,6.283387031686893,-54.334605602415074,1.1831203754126691
1789321127.3682618,TIGHTLY_COUPLED,28.878642899850654,-48.75118667903921,-12.125238234537322,0.1625356979801525,0.07144072624896261,-0.7792364236987943,0.6010565410144363,-37.63649062308982,-39.971106977314165,1.4148988067788537,62,6.268443506771994,-54.35676747607911,1.182798107890954
1789321127.4851532,TIGHTLY_COUPLED,28.837287822721667,-48.710433622974556,-12.129963570300102,0.16247380066581704,0.07144619982413268,-0.7791433691925002,0.601193242536253,-37.66262409492932,-39.971287174212456,1.415278629186719,63,6.256850522235207,-54.37474764156685,1.183103372589996
1789321127.5887961,TIGHTLY_COUPLED,28.78982085279472,-48.66553595329644,-12.134622800815004,0.16241286906314353,0.07144357606699235,-0.7790439089404395,0.6013388922597958,-37.686767941203065,-39.97145397462064,1.4156295196859263,57,6.2460421647589675,-54.401997717802956,1.1838965002336268
1789321127.7004619,TIGHTLY_COUPLED,28.767984639053733,-48.638912127928776,-12.140203198310637,0.1623545533555052,0.0714737978825343,-0.7790049800969975,0.6014014767233764,-37.7116900977569,-39.97162592534268,1.415991453938959,64,6.2237981287525175,-54.425344838061086,1.1826945568245093
1789321127.8121448,TIGHTLY_COUPLED,28.69601776098101,-48.59283989300653,-12.136841113187534,0.1623334980725553,0.07136942934256395,-0.7788252223630014,0.6016523190099626,-37.736890507318904,-39.97180156218208,1.4163572098156156,61,6.213246682596373,-54.450834063015016,1.1837907554200315
1789321127.9227746,TIGHTLY_COUPLED,28.672696774976913,-48.55409681218494,-12.13781293862253,0.16227671343111477,0.07135991581089234,-0.778768861403547,0.6017417146930081,-37.76328328021849,-39.97198625308428,1.4167295529357444,61,6.188039272248291,-54.46346697253147,1.1828193705661594
1789321128.0328648,TIGHTLY_COUPLED,28.62352658367674,-48.49881813637607,-12.140534099565038,0.16222693691009038,0.0713154987395156,-0.7786408774180474,0.6019259959446484,-37.787702432921776,-39.97215659469785,1.417071128333015,56,6.17000930146894,-54.48621009646296,1.1826181839803342
1789321128.14033,TIGHTLY_COUPLED,28.585429736158574,-48.46483838419055,-12.146025046201947,0.16216147782276402,0.07135976198537201,-0.7785773155638633,0.6020206002863165,-37.81201304203784,-39.97230791322621,1.4174143251747255,67,6.143534226803682,-54.493505612523606,1.1802488317621413
1789321128.2469854,TIGHTLY_COUPLED,28.523670244876243,-48.41309015565214,-12.148492524293415,0.16211460704526517,0.0712690236801763,-0.778420169321682,0.6022471423256716,-37.836962393225605,-39.97248562498503,1.417779998710988,63,6.115342523581094,-54.5077092145632,1.1781988861186916
1789321128.3570411,TIGHTLY_COUPLED,28.496130122889703,-48.38526731873668,-12.157316229436754,0.16205561987982636,0.0712583374160597,-0.7783687832298016,0.6023306921512654,-37.86186826981269,-39.97260217565486,1.4181576249316097,59,6.09936587289031,-54.52352487257228,1.1775322339229861
1789321128.4675095,TIGHTLY_COUPLED,28.456185877646767,-48.34392583425588,-12.1602045148028,0.16199011105312186,0.07131840684476023,-0.7782943919988063,0.602437323004917,-37.88721130294345,-39.97276920022864,1.4185361742094567,44,6.085491755658147,-54.556555386024144,1.1784330647121943
1789321128.5749998,TIGHTLY_COUPLED,28.4115545065425,-48.30405511941027,-12.163538527206164,0.16193531577311407,0.07119689371971974,-0.7781672887797877,0.6026305887550345,-37.91124469639903,-39.97293353839294,1.4188877484093134,48,6.093074126828838,-54.58281475321842,1.1815448031197102
1789321128.6865728,TIGHTLY_COUPLED,28.3665974324623,-48.249540310416045,-12.162586846924057,0.16188776631180787,0.07114556759583535,-0.7780411859724095,0.6028122197340451,-37.936309325148656,-39.97310192381008,1.4192507626060709,48,6.0790164185679645,-54.593756674773424,1.1811380309372403
1789321128.7946281,TIGHTLY_COUPLED,28.331470392229953,-48.21064222522102,-12.165301943220209,0.16183756420266956,0.07112402247281295,-0.7779529511925923,0.6029421049909931,-37.96090575000273,-39.973266986555736,1.419607238319919,47,6.063506463000667,-54.61706436378329,1.1804438769585752
1789321128.9031332,TIGHTLY_COUPLED,28.28082138427709,-48.17905130168158,-12.17417173868951,0.16177758957698488,0.07111268641902602,-0.7778671540841986,0.6030702180823388,-37.98580145885133,-39.97343956046216,1.419968642224487,43,6.057569527971083,-54.63472374836527,1.181195965403018
1789321129.0113308,TIGHTLY_COUPLED,28.28629435122144,-48.15808156579502,-12.166646892965616,0.16173922310646108,0.07115787966665443,-0.7778564584938336,0.6030889734108025,-38.011245230562174,-39.97361879427572,1.4203388117163736,46,6.040396130510821,-54.646596735960536,1.1801367771492732
1789321129.1255105,TIGHTLY_COUPLED,28.236835163105198,-48.11351910307819,-12.17008222207082,0.1616889463009576,0.07119346965523486,-0.7777645522775497,0.6032167734264674,-38.03673091429095,-39.97379525764991,1.4207094968231453,43,6.021485062686639,-54.67356456084606,1.179287789956658
1789321129.246444,TIGHTLY_COUPLED,28.21208941979639,-48.10197107512558,-12.188727260670678,0.1616715336580846,0.0712804033679682,-0.7778197029488118,0.6031400575363611,-38.0627469982247,-39.973965335479605,1.4210863130780436,46,6.0025649924085,-54.67875274527188,1.1790576253140646
1789321129.351888,TIGHTLY_COUPLED,28.190936859057572,-48.08824090740095,-12.177889490870989,0.16161098631160262,0.07128394515176756,-0.7777235760665152,0.603279808627226,-38.086299591288274,-39.9741313368129,1.4214285665553303,40,5.988524097116784,-54.700034991971044,1.1782390365901005
1789321129.4673827,TIGHTLY_COUPLED,28.14562376956851,-48.032985384191086,-12.176960976478677,0.1615628913327174,0.07124991154201558,-0.7776022941515648,0.603453025826941,-38.11239800810984,-39.974316414848694,1.4218072808810265,51,5.976389415510377,-54.72064203576055,1.1789929890292457
1789321129.578488,TIGHTLY_COUPLED,28.098113063849254,-47.98920854753131,-12.175257917981904,0.16151739703349033,0.07123364363500255,-0.7774988030791538,0.6036004553348935,-38.13678100604917,-39.9744906261415,1.4221620630392466,47,5.963733745107004,-54.73346246219557,1.1804419099162975
1789321129.7008178,TIGHTLY_COUPLED,28.016891530907778,-47.911144088206036,-12.180298390966636,0.16140875873073277,0.07128332928233956,-0.7773518760457613,0.60381285211526,-38.161945699526164,-39.97467147989525,1.4225280347252378,44,5.945341326857747,-54.74824460533867,1.1796203253790831
1789321129.8047678,TIGHTLY_COUPLED,27.98161653357076,-47.87052329889303,-12.181671223180226,0.16134741115481277,0.07137714394172598,-0.7773074145959383,0.6038754006006042,-38.18662799778232,-39.97484929855964,1.422886897820887,41,5.9324144305860536,-54.75471382420474,1.1804259311466891
1789321129.9181232,TIGHTLY_COUPLED,27.95175228008684,-47.83171438060514,-12.18187867943625,0.16129070111800076,0.07147184778921967,-0.7772701738091584,0.6039272817261521,-38.2120909589521,-39.9750322262674,1.4232569773364858,39,5.915961232994919,-54.77437633202969,1.1800403194884082
1789321130.0272734,TIGHTLY_COUPLED,27.96713014229826,-47.85363963159734,-12.194324875919891,0.16124635732122225,0.07149170370383376,-0.7773080608149643,0.6038880087766605,-38.23682279425697,-39.9752097130768,1.4236163462703901,37,5.89545296063135,-54.79677066438154,1.1795166107236845
1789321130.140428,TIGHTLY_COUPLED,27.927963444071292,-47.81858479425772,-12.195234425115807,0.16121278459009417,0.0714479913524013,-0.777208434387285,0.6040303569636881,-38.26309349515532,-39.97539977417791,1.4239970964039452,38,5.888301627967063,-54.82708793446958,1.1814751373561048
1789321130.253253,TIGHTLY_COUPLED,27.90258697984931,-47.7902325930048,-12.200512764293444,0.16116631641201104,0.07139109104141339,-0.7771328751799094,0.6041466915317072,-38.28722098151862,-39.97557715887451,1.4243328876005035,38,5.869532536366999,-54.842408782026936,1.180467393378815
1789321130.3663435,TIGHTLY_COUPLED,27.864831093502882,-47.75350821873275,-12.208929096123171,0.16117051882961894,0.07143836317721884,-0.7770761229974159,0.6042129783396385,-38.31255009983973,-39.97575398376171,1.4246833140235196,34,5.858548226947636,-54.85734764820304,1.1801786041091489
1789321130.4770834,TIGHTLY_COUPLED,27.773263062170553,-47.68385159656758,-12.198778998476604,0.16113643112665252,0.07138448806169499,-0.7768935785676784,0.60446312791455,-38.33676051081815,-39.975905033663565,1.4250284715787638,37,5.822775478438272,-54.85952169105399,1.17718137526
1789321130.595819,TIGHTLY_COUPLED,27.765423596904217,-47.652662646540776,-12.189963198067177,0.1610616408890581,0.07144461783467339,-0.7768511635199519,0.6045304658611331,-38.361934878953804,-39.97605111200338,1.425414790737116,38,5.79513144711956,-54.85863029976896,1.174528508865012
1789321130.7139258,TIGHTLY_COUPLED,27.729572235946883,-47.61526831310099,-12.204812397878435,0.16104546566741088,0.0714502837753511,-0.7769557946592236,0.6043996261430372,-38.386788817458246,-39.976221485353236,1.4257719117150192,35,5.774420411415696,-54.893391188517086,1.1741017286447188
1789321130.8253398,TIGHTLY_COUPLED,27.75256724486815,-47.668230956166504,-12.216671518880721,0.16098072067671762,0.0714553378728358,-0.7768803714868084,0.604513217935226,-38.41146104831739,-39.97639350905455,1.4261507360463823,35,5.771327602878269,-54.92420997244626,1.176102907990045
1789321130.9391758,TIGHTLY_COUPLED,27.73590248055609,-47.62474701321639,-12.205790952951928,0.16095712838766726,0.0714283144003001,-0.7767812600450007,0.6046500415662178,-38.43593986389794,-39.97656867849443,1.426507976991782,38,5.787615394305813,-54.95789858494561,1.1800425052557113
1789321131.0465016,TIGHTLY_COUPLED,27.702826665041027,-47.59760448077349,-12.213576768269183,0.16092911798528695,0.07144869117040918,-0.7767552789724791,0.6046884653297921,-38.46093936468167,-39.97674403405751,1.4268710371005107,36,5.772763822798637,-54.96983759621881,1.1798253563634222
1789321131.160107,TIGHTLY_COUPLED,27.63900954398911,-47.527972332502436,-12.200230505184278,0.1609082824723467,0.07140675136006076,-0.7765625327633009,0.6049464713511843,-38.48646709087612,-39.97692407802498,1.4272419143758523,35,5.7558808604345995,-54.98800400821072,1.1790209251271722
1789321131.271453,TIGHTLY_COUPLED,27.59102317759741,-47.48160702248899,-12.203469594331759,0.16087850103871282,0.07135765220923558,-0.7764413267311674,0.6051157405973401,-38.511304437974,-39.97710556844853,1.427602356103507,37,5.73243719996734,-54.99786211009185,1.1776437567045859
1789321131.3849432,TIGHTLY_COUPLED,27.57748326186766,-47.466134529062884,-12.207600187895217,0.1608533455900727,0.07132903382234858,-0.7764065840313275,0.6051703780087522,-38.52461356103093,-39.97720324688253,1.4277964927460545,36,5.721417452563541,-55.012683220566764,1.1781763650927142
1789321131.4983294,TIGHTLY_COUPLED,27.45855628495504,-47.4326726627573,-12.25500302678566,0.16077130046010304,0.07138739201919109,-0.7763137863749134,0.6053043319631135,-38.52461068458834,-39.977203501851214,1.4277962085658633,37,5.708799729572381,-55.03244207515332,1.178415472835402
1789321131.6165304,TIGHTLY_COUPLED,27.383279711769614,-47.420600628113654,-12.273554845210116,0.16069020595685335,0.07137793596735208,-0.7761948499772413,0.6054794817625055,-38.524607724115725,-39.977203476305014,1.4277961651650724,37,5.706380652266091,-55.02384671211826,1.1771613240592915
1789321131.734134,TIGHTLY_COUPLED,27.30372138199429,-47.40225497238844,-12.301208680580686,0.16066853757116886,0.07137986346251056,-0.7760441004668106,0.6056782068536676,-38.524604840173076,-39.97720345372205,1.427796123894057,37,5.71085262836393,-55.03560682744779,1.1783177040947261
1789321131.8581688,TIGHTLY_COUPLED,27.230436981870383,-47.35756110152733,-12.300414979218248,0.1606605272931198,0.07125636673820969,-0.7758980104936591,0.6058820037607556,-38.52460186700022,-39.97720343047987,1.427796081358444,38,5.7040515893238615,-55.029625007439485,1.1777987919777688
1789321131.9853451,TIGHTLY_COUPLED,27.165355577959698,-47.304930923601304,-12.295168125189628,0.16065224206726503,0.07127374922117541,-0.7758055389830117,0.6060005573215232,-38.52459905969188,-39.9772034085387,1.4277960411931072,73,5.708851325097189,-55.026835188400575,1.1778111021307234
1789321132.1072404,TIGHTLY_COUPLED,27.161976459234896,-47.30543726069923,-12.29683637953079,0.16063996876564207,0.07125731082257156,-0.7758198752217683,0.6059873903805169,-38.52459596430611,-39.977203384350396,1.4277959969028988,75,5.703500517026818,-55.02736755765472,1.1770400626881623
1789321132.2154748,TIGHTLY_COUPLED,27.061954663981215,-47.24232302883524,-12.309482999880947,0.16057630829407782,0.0710517379336981,-0.7757272812908348,0.6061469168546322,-38.52459329110487,-39.977203363464845,1.4277959586507933,79,5.7057752939804365,-55.02198378544009,1.1770481801209356
1789321132.3288267,TIGHTLY_COUPLED,26.992547983286798,-47.19817591652325,-12.314791821013253,0.16049232725773008,0.07094470133705608,-0.775684350060474,0.6062366298029621,-38.52459064290101,-39.977203342777905,1.4277959207539284,78,5.7071716778412265,-55.030876189135164,1.1773488591998327
1789321132.4412527,TIGHTLY_COUPLED,26.920857668404324,-47.15252407506806,-12.320843770007894,0.16046668854315,0.07090271522365105,-0.7755890452993209,0.6063702496442233,-38.52458790569079,-39.97720332139914,1.4277958815807914,75,5.696000771281752,-54.99935850531811,1.1739636465929915
1789321132.5678492,TIGHTLY_COUPLED,26.84249263414079,-47.1037086247674,-12.327840421485398,0.16035864781105177,0.07084417523849362,-0.7754468867890896,0.6065874484986459,-38.52458505057286,-39.97720329910318,1.4277958407174898,73,5.700784877369596,-55.011938858911655,1.1755465822400033
1789321132.6859457,TIGHTLY_COUPLED,26.77150478094623,-47.059928876177175,-12.333234023375036,0.16017956434134367,0.07079484623303597,-0.7753619636610065,0.6067490603387913,-38.52458219152976,-39.97720327678034,1.4277957997952162,78,5.698607397702846,-55.013643358612065,1.1756302507908285
1789321132.8048437,TIGHTLY_COUPLED,26.710023135347836,-47.02225378179455,-12.339355988356637,0.16013126564954142,0.07071546401358371,-0.7753304670887,0.606811311459203,-38.524579299923246,-39.97720325420706,1.4277957584040313,77,5.700195472307332,-55.013601507759844,1.1758144992747444
1789321132.924602,TIGHTLY_COUPLED,26.63093545730566,-46.97420838994851,-12.348662870629775,0.1600078306807015,0.0706773468412587,-0.7752773974839365,0.6069161092893076,-38.524576404335264,-39.9772032316065,1.4277957169530284,77,5.698526115498402,-55.01133906133144,1.1761766778656362
1789321133.042346,TIGHTLY_COUPLED,26.558358838191857,-46.9306848852522,-12.357247434264885,0.15985596201616908,0.07064311116170864,-0.7752108677470072,0.6070450829882503,-38.52457350477705,-39.97720320897875,1.4277956754423773,81,5.6981583742005935,-55.01029458672958,1.1756180763157444
1789321133.1689093,TIGHTLY_COUPLED,26.486044519108148,-46.88632440691622,-12.365307994082785,0.1598035352100941,0.07061030011152711,-0.7751335000516099,0.6071614881975449,-38.52457048618769,-39.977203185426106,1.4277956322246816,81,5.698243279042993,-55.01197017580161,1.1761293171887095
1789321133.2778845,TIGHTLY_COUPLED,26.41564004430941,-46.84379797352674,-12.374004507905322,0.15967479456033326,0.07048059604695649,-0.7750286043310917,0.6073443076473026,-38.524567895429335,-39.97720316521485,1.427795595129921,78,5.698094312033843,-55.01364541916702,1.1761473113688716
1789321133.4164991,TIGHTLY_COUPLED,26.348615150217064,-46.80236922521214,-12.38144473256776,0.15957701328936966,0.07052631834534558,-0.7749595328302354,0.6074528275725106,-38.52456484008272,-39.977203141383036,1.4277955513803056,80,5.697074342610813,-55.01315512073078,1.1763416080987115
1789321133.5289683,TIGHTLY_COUPLED,26.2814491264774,-46.76158470788426,-12.389853313944819,0.15942900302906,0.07045113063672609,-0.7748981453457097,0.6075787154969687,-38.524562184766864,-39.977203120674794,1.4277955133562739,80,5.695652996072287,-55.01242311720811,1.1759461531730278
1789321133.646699,TIGHTLY_COUPLED,26.22830108959152,-46.730177660016544,-12.397613899763709,0.1593355238587465,0.07046870354034786,-0.7748512587000013,0.6076609906428297,-38.524559179193815,-39.977203097238664,1.4277954703138167,78,5.698037783042716,-55.01417458941834,1.1758296471885827
1789321133.7610788,TIGHTLY_COUPLED,26.161746992464042,-46.688352224258736,-12.405198973828195,0.15926363000324395,0.07038225822025031,-0.77474731274016,0.6078223714934395,-38.524556372187675,-39.9772030753544,1.427795430112389,80,5.698201443982395,-55.01641743358632,1.1758298348750462
1789321133.8856347,TIGHTLY_COUPLED,26.096694996757186,-46.650167928157494,-12.415804242728973,0.15929034292719413,0.0703259031023266,-0.7747260132043545,0.6078490424994232,-38.52455324263635,-39.97720305095948,1.427795385288562,82,5.695474578222958,-55.01184956988658,1.1753223888289015
1789321134.001706,TIGHTLY_COUPLED,26.056695953485438,-46.62883593650976,-12.42524314506855,0.15920712555169425,0.07030733674377337,-0.7747154595779152,0.6078864419153832,-38.5245505732208,-39.97720303015462,1.427795347052697,80,5.699233410255437,-55.01232988811886,1.1758009797520514
1789321134.1145968,TIGHTLY_COUPLED,25.99304758530357,-46.59156175602595,-12.435340964690322,0.15913694802350706,0.070233877263605,-0.77464290326243,0.6080057620478919,-38.52454766803868,-39.97720300751567,1.4277953054372345,80,5.69525790551867,-55.01761800034439,1.1754725259797163
1789321134.236693,TIGHTLY_COUPLED,25.922599354096263,-46.55226438543268,-12.448613573912919,0.15909519564237942,0.07018295089839255,-0.7746040133315484,0.6080721130403576,-38.524544671744216,-39.97720298417043,1.4277952625138588,81,5.698629135107421,-55.01571353115875,1.176107673041288
1789321134.3573027,TIGHTLY_COUPLED,25.856084996627324,-46.526604055582624,-12.463898429860093,0.15903944999009934,0.0701315627020206,-0.7745992724608157,0.6080986633458377,-38.524541554848824,-39.97720295988954,1.4277952178598574,79,5.698629135107421,-55.01571353115875,1.176107673041288
1789321134.4635856,TIGHTLY_COUPLED,25.750010749605124,-46.48459866247977,-12.487578531417737,0.15891370239481128,0.07015068189946527,-0.7744743112122531,0.6082884663484256,-38.524538988191836,-39.97720293989805,1.4277951810865583,81,5.698773754431303,-55.01565211022906,1.1756082072341392
1789321134.5990205,TIGHTLY_COUPLED,25.68848174125928,-46.45353988109988,-12.496134760729786,0.15889718862814517,0.07015424685160204,-0.77440747793823,0.6083774512653359,-38.52453557120454,-39.97720291328761,1.4277951321271742,79,5.695575490675256,-55.01465359665276,1.1757020351715184
1789321134.711396,TIGHTLY_COUPLED,25.654476192972187,-46.44150768266448,-12.504139947691993,0.1589010969071305,0.07019213586680872,-0.7743978678712397,0.6083842927793619,-38.524532675906784,-39.97720289074366,1.4277950906398953,80,5.6953158256224325,-55.017623557316654,1.1754731134975251
1789321134.8355308,TIGHTLY_COUPLED,25.58034940709997,-46.40728412951393,-12.515392319748237,0.15886406349161217,0.0701416555916322,-0.7743101967959659,0.6085113611261423,-38.524529601140905,-39.977202866806,1.4277950465782066,77,5.696987856373126,-55.019966048528765,1.1760560468134749
1789321134.9625738,TIGHTLY_COUPLED,25.546564036454896,-46.39660571234598,-12.527445920474065,0.15884538401971468,0.0701650210217704,-0.7742909969315218,0.6085379740586729,-38.52452672765895,-39.97720284443884,1.4277950053983688,80,5.696987856373126,-55.019966048528765,1.1760560468134749
1789321135.085557,TIGHTLY_COUPLED,25.501393927139013,-46.37802750841077,-12.536110139141636,0.15889337470418013,0.0701199521451204,-0.7741780765889332,0.6086742918140563,-38.524523850614145,-39.97720282204723,1.4277949641650034,81,5.696503497957434,-55.01590971581567,1.1755589239113435
1789321135.2067614,TIGHTLY_COUPLED,25.445480871150735,-46.35647237456793,-12.547741660240108,0.15879800688853837,0.0700684008917595,-0.7741633416286056,0.6087238558518387,-38.524521087661135,-39.97720280054668,1.4277949245644714,81,5.702251447330457,-55.02403356158428,1.1764987098215858
1789321135.3353407,TIGHTLY_COUPLED,25.399829225566894,-46.3435760166982,-12.561547016702034,0.15880821593517902,0.07017019425228795,-0.7741581682629807,0.6087160462003514,-38.52451787972967,-39.97720277558719,1.427794878583385,82,5.701542371612095,-55.02287284540761,1.176141631178693
1789321135.458397,TIGHTLY_COUPLED,25.351815639207043,-46.327829947493896,-12.573662426320995,0.15875672860835335,0.07024743571749449,-0.7741377268458578,0.6087465636622666,-38.52451502128923,-39.977202753350326,1.4277948376092116,75,5.7011634810505765,-55.02379845819547,1.1762907681169148
1789321135.5934606,TIGHTLY_COUPLED,25.31386074682265,-46.314156476205596,-12.581665989414141,0.15883493750647518,0.07034195150018036,-0.7740936753537552,0.6087712659642993,-38.524511834634936,-39.97720272856392,1.427794791927472,76,5.703416479348584,-55.02354872925048,1.1763143421697324
1789321135.7185194,TIGHTLY_COUPLED,25.248211511133228,-46.28456719004584,-12.592684925040345,0.15877082593818276,0.07031554125021035,-0.7740228607538341,0.6088810725585483,-38.52450905759246,-39.97720270696673,1.4277947521152619,75,5.69949908390689,-55.02125705580361,1.1757681414560424
1789321135.847412,TIGHTLY_COUPLED,25.215288529540324,-46.278301801386135,-12.602378588180123,0.15885683098496073,0.07035684517451418,-0.7740098326452207,0.6088704300218747,-38.52450601096216,-39.97720268327635,1.427794708435644,80,5.703653916023208,-55.02351775773471,1.176020173193149
1789321135.9696908,TIGHTLY_COUPLED,25.175450076238338,-46.26654102476498,-12.61280015241804,0.15890844222436645,0.07032844455586373,-0.7739651322263983,0.6089170641178909,-38.524503316067864,-39.97720266232398,1.4277946697966688,80,5.704266441393801,-55.022937748338336,1.1767059277414127
1789321136.0939484,TIGHTLY_COUPLED,25.13054407032465,-46.252565323734004,-12.625821197689161,0.15890853009652647,0.07033218951250142,-0.7739446914862211,0.6089425890026389,-38.52450002482222,-39.97720263673878,1.4277946226045095,78,5.701728770757105,-55.02604630648832,1.176382140923615
1789321136.225291,TIGHTLY_COUPLED,25.081008368600592,-46.24325150003614,-12.641234620375108,0.15876337368689966,0.07030850878686885,-0.773921856020623,0.6090122047556311,-38.524497145039284,-39.97720261435552,1.4277945813096873,77,5.7022434958094825,-55.02959839261929,1.1766320098861538
1789321136.3529096,TIGHTLY_COUPLED,25.036830457385,-46.250868636825125,-12.660941984123516,0.158573844884208,0.07042881144144912,-0.7738941943025238,0.6090828303789491,-38.52449402392326,-39.97720259009998,1.4277945365516367,78,5.699353237297684,-55.02831521453913,1.17646163360359
1789321136.484256,TIGHTLY_COUPLED,24.99995014522637,-46.24058512597004,-12.668428620235213,0.15857782076701937,0.07045140791888467,-0.773865896640252,0.6091151351757802,-38.52449110730376,-39.977202567436905,1.4277944947237016,81,5.696537657444983,-55.02929939022378,1.1763073384232556
1789321136.6032796,TIGHTLY_COUPLED,24.962241268977053,-46.24010104304631,-12.681627579239308,0.15850106142261575,0.07049655572498562,-0.7739098433014304,0.6090740542823785,-38.52448815742513,-39.97720254451859,1.4277944524164026,81,5.698923688021757,-55.03063902809641,1.1766614113419591
1789321136.7203093,TIGHTLY_COUPLED,24.940165346338258,-46.24349199274225,-12.691052638203788,0.1585544228171383,0.07060626238558608,-0.7738811427426138,0.6090839249433926,-38.524485353285456,-39.97720252273549,1.427794412197085,78,5.699404814041884,-55.035989070742495,1.176626970642392
1789321136.8284757,TIGHTLY_COUPLED,24.89017329408745,-46.22850375328979,-12.70148917663695,0.15843898419185773,0.07070194418193419,-0.7738761716572258,0.6091091809505934,-38.5244824563472,-39.9772025002345,1.4277943706445217,77,5.69860665553794,-55.037949122217015,1.1771513169810686
1789321136.939279,TIGHTLY_COUPLED,24.91064287381684,-46.235774051017195,-12.71543832904188,0.15838472469003825,0.07068172736415335,-0.7739077796497005,0.6090854792222116,-38.52447943639013,-39.97720247678122,1.4277943273250033,80,5.702645858420981,-55.03631696846134,1.1777921127061168
1789321137.0438435,TIGHTLY_COUPLED,24.837641187305874,-46.23503296215909,-12.721959978695823,0.15843556239939333,0.07073012747438136,-0.7738349909411806,0.6091591158553805,-38.52447674228954,-39.97720245586133,1.4277942886776345,80,5.699525728875862,-55.03717284504157,1.1775538060751087
1789321137.1531687,TIGHTLY_COUPLED,24.81712812125432,-46.24212067472667,-12.72989630715674,0.15841267298639147,0.07077563389193842,-0.7738833114616459,0.6090983951100661,-38.52447380545343,-39.97720243305951,1.4277942465459665,80,5.6978948608627515,-55.0395411002576,1.177259939077531
1789321137.2703502,TIGHTLY_COUPLED,24.78068574300367,-46.23654439131585,-12.739841693890794,0.15844344854313205,0.07089174177140092,-0.7738428078819781,0.6091283471089759,-38.52447071512549,-39.977202409069264,1.4277942022098373,80,5.69970516167298,-55.042203234916315,1.1780204272740533
1789321137.3823586,TIGHTLY_COUPLED,24.73757314121879,-46.237311705635165,-12.750932287892157,0.15852048736974303,0.07087627404628535,-0.7738801013017617,0.6090627206376615,-38.52446777134717,-39.977202386219794,1.4277941599738702,80,5.701400959458902,-55.040569771566275,1.1777308553415842
1789321137.5029473,TIGHTLY_COUPLED,24.773154912125666,-46.2351792635569,-12.76561771291087,0.15848068578929517,0.07087858963435843,-0.77385032865438,0.6091106357671874,-38.52446467374327,-39.97720236217959,1.427794115528428,80,5.69969439964106,-55.0411265251305,1.1775839250273978
1789321137.6224334,TIGHTLY_COUPLED,24.68170270199932,-46.22778504897719,-12.76877585191426,0.1584934015919585,0.070946308105442,-0.7737974961305453,0.6091665601460053,-38.52446151217025,-39.97720233764634,1.4277940701625542,80,5.699604127016565,-55.04291925239015,1.178068360433922
1789321137.7388015,TIGHTLY_COUPLED,24.682219201882305,-46.21144999789166,-12.778640679905973,0.15847159898474875,0.07098255300876166,-0.7737415695384,0.6092390442608129,-38.524458467407975,-39.97720231402277,1.427794026470365,80,5.700430575258696,-55.03993210038921,1.1777349048874761
1789321137.8457522,TIGHTLY_COUPLED,24.611363318451083,-46.20759215309341,-12.778393206876572,0.15849132315932157,0.07098361202348367,-0.7736590299172882,0.6093386026953715,-38.52445569087185,-39.97720229248307,1.427793986625126,80,5.699921303266321,-55.03670708406263,1.1779143005396466
1789321137.9721475,TIGHTLY_COUPLED,24.621515586304522,-46.20108661787046,-12.78835771485871,0.15840261880208548,0.07094510680835557,-0.7736618545873619,0.6093625660746121,-38.524452548641946,-39.97720226810953,1.427793941529544,77,5.700218363678922,-55.03756188551776,1.1778995068262041
1789321138.0993574,TIGHTLY_COUPLED,24.585706564988147,-46.21111619681677,-12.801876554951587,0.15835844540602945,0.07095998577455187,-0.773685485799966,0.6093423112257443,-38.524449281595544,-39.97720224277135,1.4277938946399995,78,5.697811066772867,-55.04116467611391,1.1776558488271225
1789321138.215315,TIGHTLY_COUPLED,24.57754335533254,-46.22194812190476,-12.811301393457935,0.15828122061823044,0.07107916368544456,-0.7736747738010672,0.6093620861796774,-38.52444649538136,-39.977202221165165,1.4277938546493585,77,5.7003700336478085,-55.04085491932358,1.178226401467551
1789321138.3303616,TIGHTLY_COUPLED,24.55698353094127,-46.2262736419561,-12.817330216009273,0.1582665807593323,0.07112627394227374,-0.7736897102412725,0.6093414271462383,-38.524443251229826,-39.97720219601106,1.4277938080834673,80,5.700562970901324,-55.04411716690252,1.1784612005819506
1789321138.437606,TIGHTLY_COUPLED,24.518744663549587,-46.218180033885254,-12.824024066674522,0.15829968058587507,0.07115731363438985,-0.7736105071200807,0.6094297589682987,-38.52444058019815,-39.97720217530337,1.427793769742049,79,5.703288028353008,-55.04142960559165,1.17825863883079
1789321138.5641294,TIGHTLY_COUPLED,24.488590783011013,-46.2217032132329,-12.832210406265832,0.15826557076340556,0.0711048808685423,-0.7736176123320723,0.6094357184455367,-38.5244373897042,-39.9772021505715,1.4277937239416707,78,5.702516187855025,-55.03900112124157,1.1779240109009441
1789321138.6751037,TIGHTLY_COUPLED,24.476564497607832,-46.24160552698762,-12.841746703263578,0.15820774702637133,0.07112620905031927,-0.7736266480120202,0.6094367733019201,-38.524434438951836,-39.977202127700984,1.42779368158061,74,5.701244088968219,-55.04155579296725,1.1780138648999152
1789321138.8091977,TIGHTLY_COUPLED,24.431126158350637,-46.261765295539384,-12.860158657295486,0.15817715897034126,0.07122431163679706,-0.7736205901914295,0.6094409456574118,-38.52443108886343,-39.97720210173875,1.4277936334840855,75,5.700439208579237,-55.043769294837986,1.1778681096274153
1789321138.9717658,TIGHTLY_COUPLED,24.39410310777285,-46.255383582983896,-12.867268805544805,0.15813090423501228,0.07133128251157918,-0.7735795113007014,0.6094925799030196,-38.52442681917825,-39.977202068655096,1.4277935721811412,73,5.70081453953252,-55.04259128538136,1.1779613437353271
1789321139.05061,TIGHTLY_COUPLED,24.373962270712262,-46.25625902170918,-12.870608367426385,0.15818945364350356,0.07130730758368246,-0.7735402022502065,0.609530081410135,-38.52442495674185,-39.97720205422584,1.4277935454394204,75,5.6995229243018155,-55.04337116765072,1.177950876381512
1789321139.1711385,TIGHTLY_COUPLED,24.348663985937144,-46.257882307872784,-12.876289403323979,0.15818712097089366,0.07134771019878608,-0.7735398945709941,0.609526349320048,-38.524421747969306,-39.97720202936841,1.4277934993644283,77,5.700906261097143,-55.04244141230245,1.1775679572506772
1789321139.2823539,TIGHTLY_COUPLED,24.305873472538455,-46.25303592194422,-12.882722032013824,0.15811652888227912,0.07132258075000784,-0.7734457642146829,0.6096670423991635,-38.524418902815725,-39.97720200733052,1.4277934585086072,80,5.7021901504981285,-55.041341717368226,1.1773612479626403
1789321139.3885264,TIGHTLY_COUPLED,24.30329745861568,-46.25573088690624,-12.88695827678648,0.1580881902777049,0.07131235048967914,-0.773420938572323,0.609707080933348,-38.52441617731649,-39.97720198622182,1.4277934193691935,77,5.7020186957161165,-55.04218602061462,1.1779491137655282
1789321139.502816,TIGHTLY_COUPLED,24.26814596601489,-46.25773203061485,-12.89345750472473,0.15808925046367536,0.0712781917383726,-0.7733938718702227,0.6097451330055262,-38.52441295843113,-39.97720196129488,1.427793373142268,79,5.703232000259459,-55.04006377574273,1.1780342684796654
1789321139.6122754,TIGHTLY_COUPLED,24.24366008378134,-46.25825694119759,-12.899672287058142,0.15802496502324634,0.07140931938784571,-0.7733672731065423,0.6097801902503206,-38.52441004293533,-39.97720193872012,1.427793331270267,80,5.703413603575858,-55.03847642315912,1.1775392831290745
1789321139.7277324,TIGHTLY_COUPLED,24.217679711539734,-46.25393250004234,-12.904966171574223,0.1580398559422713,0.07136836514336016,-0.7733146064149432,0.6098479153820333,-38.52440697074691,-39.977201914934916,1.427793287145718,77,5.7007238161073905,-55.04032304329952,1.177585871424367
1789321139.8339105,TIGHTLY_COUPLED,24.19561674281004,-46.24827244258757,-12.907890261499748,0.1580818120527018,0.07138062403625772,-0.7732420373760841,0.6099276177095208,-38.524403987552375,-39.97720189184147,1.4277932442972536,80,5.7004386150048205,-55.04078360921813,1.1781716212494293
1789321139.9377854,TIGHTLY_COUPLED,24.160965138656234,-46.232778999918374,-12.912363978696344,0.1580355817588215,0.07138679638518038,-0.7731868895820945,0.6100087818862756,-38.524400908833236,-39.97720186801138,1.427793200074589,80,5.7013725320813196,-55.041242764450566,1.1776864636410962
1789321140.0528448,TIGHTLY_COUPLED,24.133499912229542,-46.22725712151136,-12.918329828076391,0.1579801219103616,0.07135944804441274,-0.7731285569842398,0.6101002742430554,-38.52439761094784,-39.97720184248806,1.427793152701412,75,5.7017953284865275,-55.03963337945243,1.1781280848654492
1789321140.1599555,TIGHTLY_COUPLED,24.122943849370778,-46.233615716460314,-12.923845092875329,0.15788576080666838,0.07144791782868896,-0.7731456134051837,0.6100927323323616,-38.52439471063011,-39.97720182004431,1.4277931110371322,79,5.70460058808668,-55.04107439361655,1.1782438577904464
1789321140.2645006,TIGHTLY_COUPLED,24.107364877613904,-46.24224060602145,-12.932309366884143,0.1578209213098046,0.0714329930815999,-0.7731343865199128,0.6101254827302385,-38.52439162200135,-39.97720179614607,1.4277930666655878,77,5.70345883484461,-55.043680043869564,1.1784366719180368
1789321140.373174,TIGHTLY_COUPLED,24.092340196759075,-46.26076265685462,-12.943669664468528,0.15773584977792288,0.07143680403845586,-0.7731590613152457,0.6101157682192258,-38.524388530098676,-39.977201772225335,1.4277930222448574,76,5.702137074895292,-55.04114891047668,1.1781673570834927
1789321140.4825542,TIGHTLY_COUPLED,24.090447958397064,-46.27424581800826,-12.951994901220631,0.15768345737607,0.07150667393960701,-0.7731223158537435,0.6101676880833404,-38.52438546589899,-39.977201748521686,1.427792978220018,80,5.70330953398801,-55.04241376751747,1.1782270800075885
1789321140.5950844,TIGHTLY_COUPLED,24.09988821202848,-46.27620067368841,-12.954051518655431,0.15761321979510745,0.07158814829996084,-0.7731100426297441,0.6101918320936763,-38.52438224350494,-39.97720172359726,1.427792931920069,80,5.700986222590056,-55.04265399512228,1.1779204177856781
1789321140.6985648,TIGHTLY_COUPLED,24.077379675636724,-46.254722604310544,-12.957509990971042,0.15763774850566076,0.07159426222981456,-0.7730074579400527,0.6103147317826209,-38.52437923483772,-39.97720170032867,1.4277928886889109,79,5.702728478377871,-55.044606003539755,1.1783391452992407
1789321140.8058164,TIGHTLY_COUPLED,24.038465949469767,-46.21735501688218,-12.96138827078649,0.15750375868017488,0.07175530631068042,-0.7729119226203368,0.6104513919135677,-38.52437612992981,-39.97720167631849,1.427792844072794,77,5.703097246014768,-55.04093980563858,1.1780990500333808
1789321140.910481,TIGHTLY_COUPLED,24.02145014881612,-46.20020056033102,-12.967352644312582,0.15742389515971622,0.07173132378070779,-0.7728488955510383,0.6105545995788995,-38.524372990695426,-39.977201652045665,1.427792798961279,82,5.700029003643649,-55.03759634596377,1.1778549675487318
1789321141.0185053,TIGHTLY_COUPLED,24.00933186874335,-46.18847439615156,-12.972653615442313,0.15740751871514186,0.07169934682930941,-0.772769515465095,0.6106630434896443,-38.524369972695084,-39.97720162871288,1.4277927555899042,82,5.700679643444717,-55.0375860529141,1.1781644737544152
1789321141.131219,TIGHTLY_COUPLED,23.997509359488625,-46.1752021949146,-12.97652748739549,0.1573997133257754,0.07177858006322475,-0.7727417164348508,0.610690924584926,-38.5243666712195,-39.977201603191446,1.427792708142482,81,5.702393784206159,-55.039049480772476,1.17784103656248
1789321141.2425866,TIGHTLY_COUPLED,23.989725002979682,-46.16666868828245,-12.981766188040766,0.15729805280541054,0.07183439690644251,-0.7727247737776298,0.6107319919531193,-38.524363334949484,-39.97720157740413,1.4277926601926283,75,5.69950445973903,-55.04095821034744,1.1779594411277379
1789321141.3407762,TIGHTLY_COUPLED,23.99642746994642,-46.15418574836451,-12.987394949090454,0.15718142494949802,0.07196224143316811,-0.772686855261941,0.61079494035574,-38.52436058836188,-39.97720155617702,1.4277926207160807,77,5.704840453213898,-55.04048006104531,1.1784105962709337
1789321141.4528036,TIGHTLY_COUPLED,23.988671344417703,-46.13081078960028,-12.995387475767032,0.157129560174076,0.07196293591107444,-0.7726414632236372,0.6108656206418863,-38.52435749550342,-39.977201532276254,1.4277925762606838,82,5.701802230691737,-55.04126921619519,1.1785829903452116
1789321141.5570312,TIGHTLY_COUPLED,24.011339475038906,-46.13297367772486,-12.99759494505174,0.1570894715360644,0.07200023951489617,-0.7726343546503744,0.6108805263358107,-38.52435430566663,-39.97720150762881,1.427792530409247,82,5.700113948590844,-55.04159242058165,1.1780754279017485
1789321141.6662922,TIGHTLY_COUPLED,24.01974397338671,-46.11186098764985,-13.004996438672057,0.15698106426665157,0.07204953223293684,-0.7725790518706088,0.610972519003462,-38.524351206497734,-39.97720148368462,1.4277924858590452,81,5.7047009097892705,-55.04341078621683,1.1788126316379457
1789321141.7753735,TIGHTLY_COUPLED,24.039085149338458,-46.083825521022284,-13.017586603638197,0.15674262080955043,0.07207011171873105,-0.7725254311281133,0.6110990984111545,-38.52434794747165,-39.97720145850818,1.4277924390087522,83,5.702415155079,-55.04181776446402,1.1785600519800241
1789321141.8819015,TIGHTLY_COUPLED,24.070086652497707,-46.08242457450054,-13.029155867447978,0.15673375906547,0.0720577199352049,-0.7725745904196486,0.6110406827739533,-38.52434493611658,-39.977201435247586,1.4277923957169076,82,5.702499187814433,-55.04395907551141,1.1786853727348212
1789321141.9966328,TIGHTLY_COUPLED,24.117478251070544,-46.090652895668434,-13.039634138403192,0.15657285436265542,0.0720416456556733,-0.7725605595702367,0.6111015663246789,-38.524341827625236,-39.97720141123924,1.4277923510266501,83,5.7031453625077955,-55.04471802473772,1.1784913908040338
1789321142.104439,TIGHTLY_COUPLED,24.171697319806455,-46.072266950959396,-13.058901847767908,0.15641194470961414,0.07203402009846811,-0.7725427029288809,0.6111662422385165,-38.52433859028023,-39.97720138623844,1.4277923044817789,81,5.704837917751803,-55.045265207880185,1.1782902331488228
1789321142.2118964,TIGHTLY_COUPLED,24.239550402077562,-46.026119524207886,-13.07862439977425,0.15630380575048597,0.0720393409522172,-0.7724408892075043,0.6113219498295516,-38.52433547553445,-39.97720136218704,1.4277922596975587,79,5.706361815151977,-55.044058336203484,1.1785688180730138
1789321142.3240106,TIGHTLY_COUPLED,24.334626945139917,-45.96865407898115,-13.109328620566497,0.15594236655472193,0.07210690180231835,-0.772482159270881,0.6113541417492653,-38.5243323262276,-39.977201337871364,1.4277922144144164,78,5.704721042045166,-55.04364451391582,1.1789008368602691
1789321142.4324386,TIGHTLY_COUPLED,24.451123401805386,-45.9050388283669,-13.161511329541977,0.15570210802808765,0.07206347046518789,-0.7724864130616282,0.6114151220041112,-38.524329205354256,-39.97720131377779,1.4277921695381404,83,5.703903559360827,-55.04584677237093,1.1787275751677724
1789321142.543777,TIGHTLY_COUPLED,24.444720059136845,-45.898591572815626,-13.160552075014706,0.15579006337433055,0.07208493721347663,-0.7724718877553876,0.6114085382200507,-38.52432598673387,-39.97720128893224,1.4277921232542752,82,5.701033614937692,-55.047804610107605,1.1785458452367663
1789321142.6478217,TIGHTLY_COUPLED,24.43415755871892,-45.89860143188609,-13.163252745106622,0.15572297175452526,0.07212641234355534,-0.7725608057238705,0.6113083822177401,-38.52432285970555,-39.97720126479631,1.4277920782855313,76,5.7061637204903,-55.04534960516954,1.1787501026517497
1789321142.755677,TIGHTLY_COUPLED,24.284812423783745,-45.67831444610781,-13.112729134212376,0.1558344680956424,0.07198625069286109,-0.7721917767255301,0.6117625832150916,-38.524319729658245,-39.97720124063957,1.427792033271432,79,5.705362120280599,-55.04931003357995,1.1788819686048397
1789321142.86384,TIGHTLY_COUPLED,24.36615517446845,-45.81120454959383,-13.104953678420516,0.15584465989208615,0.07199689624749966,-0.7724652610834565,0.6114133702603454,-38.52431659660017,-39.97720121646212,1.427791988212101,79,5.698698922489198,-55.01584569814523,1.1762318713131112
1789321142.9861262,TIGHTLY_COUPLED,24.333371700626852,-45.75582209155879,-13.116526574625974,0.15577757091850228,0.07199647277291057,-0.7723543046798296,0.6115706699552617,-38.524313016814475,-39.97720118884036,1.4277919367256255,82,5.701192972270596,-55.04738602875635,1.1775717960102186
