time,mode,fused_x,fused_y,fused_z,fused_qx,fused_qy,fused_qz,fused_qw,gt_x,gt_y,gt_z,feat_count,aft_x,aft_y,aft_z
1789036686.8870974,LIDAR_ONLY,-0.2504162534456135,0.4792611707118633,-0.7718279739360752,0.020656847704245942,-0.033802422060971886,0.41274161439506213,0.9099862914639393,0.6858457611210739,0.497016378514259,-0.030390246491529514,114,,,
1789036687.0449347,LIDAR_ONLY,-0.24963366886856053,0.47947609391617335,-0.7722624712086689,0.020707796983694123,-0.03384694220364273,0.41272707266743686,0.9099900741958199,0.6858477890270789,0.4970188020503332,-0.03039036140622002,114,-0.2504162534456135,0.4792611707118633,-0.7718279739360752
1789036687.1371481,LIDAR_ONLY,-0.2502001585181619,0.48167862123204763,-0.7723834572680791,0.020706294483271347,-0.03389969599756673,0.4127451850257953,0.9099799295688157,0.6858489538466109,0.49702019411922155,-0.030390427412952947,114,-0.24711970398875607,0.4786887565504729,-0.7721474491593866
1789036687.2360642,LIDAR_ONLY,-0.2489610519210276,0.4826355288807295,-0.7722875381526042,0.02071472267318091,-0.03387964689438978,0.4127337389756376,0.9099856759873063,0.6858500913596796,0.4970215535552527,-0.030390491872511367,114,-0.2536917882024031,0.4800683157431361,-0.7732023891573385
1789036687.3419738,LIDAR_ONLY,-0.2524282555369381,0.4817814555813797,-0.7731523773539176,0.020653421923665843,-0.03379886323071887,0.4127660028431291,0.9099754391762781,0.6858514345757587,0.49702315882708087,-0.030390567988913007,114,-0.2578893146872842,0.482306685018916,-0.7734192764640526
1789036687.4371235,LIDAR_ONLY,-0.2521974605108722,0.482092637046836,-0.7732892452701007,0.020692831115017466,-0.03386562114677991,0.41277466719228467,0.9099681316227985,0.6858526134307383,0.49702456767271014,-0.030390634791641967,114,-0.2578893146872842,0.482306685018916,-0.7734192764640526
1789036687.5507276,LIDAR_ONLY,-0.25169774926010285,0.4817437152898242,-0.7735085703944814,0.020714827184830142,-0.03384268056160472,0.41275446446971875,0.9099776486087027,0.6858539980362122,0.49702622241131766,-0.030390713253997004,114,-0.25643502094388454,0.48452779921021255,-0.7735119860111587
1789036687.6641686,LIDAR_ONLY,-0.25452108943457663,0.48274996832123535,-0.7740041379302229,0.020723554417679882,-0.03382383584754354,0.4127871871622521,0.9099633072467987,0.6858553553663693,0.4970278445545687,-0.030390790171001644,114,-0.2580429281450277,0.48671181840465877,-0.7737762423053816
1789036687.773141,LIDAR_ONLY,-0.2546905599857089,0.48362992105344016,-0.7746512292101934,0.020751464180232052,-0.033853136481602965,0.4127898325565511,0.9099603815676094,0.6858567128374791,0.49702946686756216,-0.030390867096268002,114,-0.26091738017324295,0.4901767256048721,-0.7745145965488583
1789036688.0157356,LIDAR_ONLY,-0.2549636396139885,0.48522761310047186,-0.774789449666746,0.020763388394993795,-0.033855738733284124,0.41278143653787225,0.9099638214274857,0.6858597025120644,0.49703303983057673,-0.030391036516314994,114,-0.2616554079598019,0.4935977829753795,-0.7754414572420796
1789036688.1106632,LIDAR_ONLY,-0.25478330884561723,0.48532448523117094,-0.7754562446360331,0.020787045953944202,-0.03387641120056531,0.4127836862028268,0.9099614914321841,0.685860882112119,0.49703444957345566,-0.030391103362713563,114,-0.2616554079598019,0.4935977829753795,-0.7754414572420796
1789036688.2061203,LIDAR_ONLY,-0.2560720030288517,0.48605831233847036,-0.7754165691685199,0.020825673947664526,-0.03383876038998002,0.4127794062139793,0.9099639506076764,0.6858620892541037,0.4970358922327535,-0.030391171770088307,114,-0.2616736816683166,0.49421425003219277,-0.7755680493549292
1789036688.3040383,LIDAR_ONLY,-0.2558612787079693,0.48872244135337317,-0.7760284424946591,0.020871241451250543,-0.03387569131151284,0.4127803966268384,0.9099610832222665,0.6858633788232419,0.4970374334021148,-0.030391244848751893,114,-0.2646030894693522,0.4953238137344381,-0.7761982952213323
1789036688.3993273,LIDAR_ONLY,-0.2543197164168494,0.487877338054058,-0.7759426154914256,0.020859176800577656,-0.0338790093585735,0.4127667143884775,0.909967442802777,0.6858645038693167,0.4970387779502172,-0.030391308604246388,114,-0.26379754136730793,0.4967939979615231,-0.7762568471554424
1789036688.4919043,LIDAR_ONLY,-0.2561755872697514,0.48786471919415336,-0.7769433285914801,0.020843519335528422,-0.03384589004060757,0.4127906615822265,0.909958171093362,0.6858656427328624,0.4970401390125254,-0.03039137314295326,114,-0.2666354508476107,0.49744650775322385,-0.7767581058415225
1789036688.5859761,LIDAR_ONLY,-0.25610198291527403,0.4897031504197266,-0.777375696227133,0.020903143787415156,-0.03380463020093609,0.4127716364058846,0.9099669673870524,0.6858668365864379,0.4970415657946766,-0.030391440798112818,114,-0.2683946286066699,0.4992406472697482,-0.7767027536999724
1789036688.6836808,LIDAR_ONLY,-0.2574731701426972,0.48833551065415,-0.7775191735152188,0.020804197633415497,-0.03385508739980771,0.4128100849055724,0.9099499174230608,0.6858680442716861,0.49704300910813115,-0.030391509237315942,114,-0.2682587380733299,0.4993076992456478,-0.777000022666162
1789036688.7745245,LIDAR_ONLY,-0.25712341945802875,0.4898848159982791,-0.7782447412874265,0.020856694458127666,-0.03389122396688087,0.4128098642990963,0.9099474705562233,0.6858691834389712,0.4970443705361686,-0.030391573793815935,114,-0.2682587380733299,0.4993076992456478,-0.777000022666162
1789036688.885216,LIDAR_ONLY,-0.2567867060453176,0.49006007070864616,-0.7786078024014067,0.02085780832344298,-0.03388611211123686,0.4128037635578718,0.9099504030607294,0.6858705423321867,0.49704599456158416,-0.03039165080240574,114,-0.2660426201209976,0.5008067512472599,-0.7769369319046654
1789036688.992154,LIDAR_ONLY,-0.2570232565319899,0.4906016461161352,-0.7790838922074232,0.020881571952972813,-0.033894200378642894,0.4128110405175556,0.9099462555339619,0.6858718327225349,0.49704753671975543,-0.030391723929175884,114,-0.2663088153690721,0.5010394634219463,-0.7770501515166521
1789036689.1128454,LIDAR_ONLY,-0.25707370483712255,0.49127935192082683,-0.7795021180409578,0.020907179264506793,-0.033926710439299616,0.41280820521731243,0.9099457422721593,0.6858733291822238,0.4970493251548081,-0.030391808734247024,114,-0.26607542205544016,0.5009265942860884,-0.7766519177043862
1789036689.2497811,LIDAR_ONLY,-0.25965104487992896,0.49213467414888173,-0.7804711804939863,0.020965016878965285,-0.03389956884560171,0.41282335434551043,0.9099385503462682,0.6858751004377218,0.4970514420032047,-0.03039190911253392,114,-0.26661040857150936,0.5022055091422319,-0.7766606126563723
1789036689.351046,LIDAR_ONLY,-0.25935721499940406,0.4933013572718717,-0.7807058408046738,0.020951678554440738,-0.033860197541106536,0.4128105866627221,0.9099461158373104,0.6858762951373912,0.49705286980408103,-0.030391976817248187,114,-0.26484343005584426,0.502508569704732,-0.7768666029800032
1789036689.443696,LIDAR_ONLY,-0.25702518536793983,0.49366254444993246,-0.7808517729528247,0.020965184824705742,-0.033912153136368015,0.4127852671650518,0.9099553561062205,0.685877421273352,0.49705421566445096,-0.030392040636577862,114,-0.26484343005584426,0.502508569704732,-0.7768666029800032
1789036689.5457485,LIDAR_ONLY,-0.255940120607244,0.4938879683128871,-0.7812961890486353,0.02096274337737653,-0.03394635397688732,0.4127866165212523,0.9099535250015283,0.6858786848550801,0.49705572578911295,-0.030392112245316905,114,-0.26581631465867744,0.5038707671750035,-0.7763685947122216
1789036689.66014,LIDAR_ONLY,-0.25563327967317334,0.4948343105858286,-0.7814514908312904,0.02101847099734087,-0.03396598528632401,0.41277507350617204,0.9099567431545509,0.6858800447111343,0.49705735097376896,-0.03039218931028908,114,-0.26390337173411993,0.5033731279168083,-0.7767546981087762
1789036689.7688675,LIDAR_ONLY,-0.25808915881991856,0.49600780069486894,-0.7820016299414748,0.02102343017352549,-0.033964115199031246,0.4127966488614433,0.9099469110619851,0.6858814184420604,0.49705899274171694,-0.030392267161829974,114,-0.26429993511818056,0.5042777632544103,-0.7768943298081391
1789036689.8840117,LIDAR_ONLY,-0.2553448350960434,0.4959559803928199,-0.782088677492207,0.02103077110560986,-0.03396477305025914,0.4127695733807336,0.9099589991584429,0.6858828884885552,0.4970607496193057,-0.03039235047201736,114,-0.26623992473152935,0.5045246777756275,-0.7767527470277005
1789036690.0042748,LIDAR_ONLY,-0.2549878008542582,0.49653335386116215,-0.7825717257727782,0.02106130250610147,-0.033996659735283444,0.4127747639723706,0.9099547477161398,0.6858843861764068,0.497062539532985,-0.030392435348995647,114,-0.2672507647686398,0.5051718153190181,-0.7770807761178244
1789036690.101592,LIDAR_ONLY,-0.25672614666813615,0.4971163238419081,-0.7831181273540369,0.021043559143862058,-0.03400674010117955,0.4127992329265418,0.9099436815218338,0.6858855954393464,0.49706398474591773,-0.030392503880578903,114,-0.2672507647686398,0.5051718153190181,-0.7770807761178244
1789036690.2162101,LIDAR_ONLY,-0.25613863402509485,0.49736198098772244,-0.7838459031156016,0.02106967034263433,-0.03404785758199978,0.41280497546182854,0.9099389345553293,0.6858869422449834,0.497065594339822,-0.030392580207242975,114,-0.2696569931717453,0.5064807823200111,-0.7770780525751039
1789036690.333814,LIDAR_ONLY,-0.25592729212049214,0.4979911321281066,-0.7842654789220719,0.021092399641657118,-0.03399434856001129,0.4127920000652747,0.9099462949127534,0.6858884403789658,0.49706738479056606,-0.03039266511033198,114,-0.2686625902033525,0.5049614514524008,-0.7772415488196127
1789036690.4326036,LIDAR_ONLY,-0.25434167881613834,0.5004587210169719,-0.7845026907073736,0.021158760723919538,-0.033999888483206474,0.4127598614860037,0.9099591261006248,0.6858896637478481,0.4970688468649431,-0.03039273444200432,114,-0.2678490120840376,0.50525281684674,-0.7772627271266419
1789036690.5700245,LIDAR_ONLY,-0.25304523119297156,0.5012332999210193,-0.7845507466934637,0.021159919619983154,-0.03404585909511804,0.41276061565155925,0.9099570382425188,0.6858912859111892,0.49707078554858564,-0.030392826374763926,114,-0.2694036365356103,0.5058108761076038,-0.777607805767838
1789036690.7521973,LIDAR_ONLY,-0.2537754166451439,0.5023380896859936,-0.7852815611910228,0.021174715016096152,-0.03402488539819047,0.41275099313870217,0.9099618433102797,0.685893678264851,0.4970736447069033,-0.030392961957113843,114,-0.26790025002398127,0.5057345355077867,-0.7774480510781425
1789036690.8466043,LIDAR_ONLY,-0.25547841049633274,0.5027008209570143,-0.7855296086998944,0.02115155367395359,-0.03402361512818221,0.41276753997021937,0.9099549237944266,0.6858948745978342,0.4970750744740261,-0.030393029757424535,114,-0.27016414576046827,0.5068631969979062,-0.7775114504716675
1789036690.9502206,LIDAR_ONLY,-0.2569609879154678,0.503175456697361,-0.7857531293242014,0.021193244560431913,-0.03400973672559846,0.412775673712643,0.9099507829459409,0.6858961122930259,0.4970765536750848,-0.030393099902073936,114,-0.26964280628747156,0.5061368823376805,-0.7775770814807894
1789036691.0430717,LIDAR_ONLY,-0.2567177815982355,0.5039910949769885,-0.7860705441056963,0.021221886877103677,-0.03401386787247511,0.41277087279529345,0.9099521387861786,0.6858972538214656,0.49707791794565104,-0.030393164596786343,114,-0.26936474642347547,0.5061993256762509,-0.7777393106645495
1789036691.1361043,LIDAR_ONLY,-0.25631863214801276,0.5039453258758857,-0.786541714392887,0.021220667270198886,-0.03399366646323904,0.41276941479452267,0.9099535835036757,0.6858984367094656,0.4970793316469612,-0.0303932316356818,114,-0.2686247162343139,0.5064417343462793,-0.777987504513635
1789036691.2297957,LIDAR_ONLY,-0.25719749214047904,0.5044844534692673,-0.7867271635488491,0.02122016146819537,-0.034000535461242494,0.41277170472759717,0.909952299910213,0.6858995646736021,0.497080679708087,-0.030393295561997935,114,-0.26960206559766525,0.5063916438160838,-0.7780993221973401
1789036691.3346953,LIDAR_ONLY,-0.258212865562248,0.5062576999467865,-0.7874726788281309,0.021255820136366062,-0.03403333222364384,0.412779362483355,0.9099467678473947,0.6859008578186162,0.4970822251824073,-0.030393368849991338,114,-0.26960206559766525,0.5063916438160838,-0.7780993221973401
1789036691.4336395,LIDAR_ONLY,-0.257619234801845,0.5065093955267921,-0.7875447865267069,0.02126661985647952,-0.03406853735006517,0.4127742681669849,0.9099475090256125,0.6859020410142831,0.4970836392540371,-0.03039343590688153,114,-0.2693249680718349,0.5064227817427788,-0.7782815975999923
1789036691.5463886,LIDAR_ONLY,-0.25823057356189705,0.507453586647376,-0.7879956651455621,0.02129739765468133,-0.03407934261125164,0.41277636376111365,0.9099454339577051,0.6859034169498355,0.4970852836757951,-0.030393513887415576,114,-0.268826223753579,0.5065410427638348,-0.7785926404489724
1789036691.6548595,LIDAR_ONLY,-0.2577345037951178,0.5074177551617977,-0.788495649811263,0.021335136256172654,-0.03402225132394093,0.41275048602204123,0.909958424690024,0.685904806782758,0.49708694470788317,-0.030393592655825606,114,-0.26772645959402325,0.505774764644673,-0.7786704975134586
1789036691.8186626,LIDAR_ONLY,-0.2587436592428541,0.5085924020451513,-0.7887738355035437,0.02133425574432555,-0.03407971377272723,0.412771381908829,0.9099468165327468,0.6859068986734698,0.4970894447930361,-0.030393711213642774,114,-0.26902963121389667,0.5056738076741102,-0.7791079885345935
1789036691.9050295,LIDAR_ONLY,-0.2580769906366918,0.5080422676451394,-0.789295506002843,0.021328190603576467,-0.03411148853585228,0.41277497828768894,0.9099441367111741,0.6859079860297713,0.4970907443281917,-0.030393772839736675,114,-0.26772572986719195,0.5055309668920005,-0.7789815932813153
1789036692.0016422,LIDAR_ONLY,-0.2594314943521448,0.5084191419219051,-0.7898674670556901,0.021297889372157958,-0.03402281596334456,0.4127881480599551,0.909942191967956,0.6859091560643821,0.4970921426756941,-0.030393839151805754,114,-0.26923602914021855,0.5064642231689295,-0.779085049280457
1789036692.1116636,LIDAR_ONLY,-0.25877367894509795,0.508289977810664,-0.789949455807066,0.021320412518922076,-0.034071798799074175,0.4127912015380599,0.9099384465277766,0.685910477632606,0.49709372212706954,-0.03039391405229825,114,-0.26923602914021855,0.5064642231689295,-0.779085049280457
1789036692.2121975,LIDAR_ONLY,-0.2583267916330652,0.5092122794850592,-0.790564181333628,0.021296510320044253,-0.03412837225362443,0.41279126291777435,0.9099368583117486,0.6859117167157335,0.49709520299862964,-0.03039398427811084,114,-0.26768378611864546,0.5056220884688398,-0.7790832191782078
1789036692.3314757,LIDAR_ONLY,-0.25954811857322635,0.5108383476666863,-0.7907911227977695,0.02134771972373626,-0.03413801107765065,0.41280675392078386,0.9099282691397407,0.6859132037595154,0.49709698021783555,-0.030394068557505073,114,-0.2675292167159128,0.5052412660952278,-0.7791929508078262
1789036692.4298036,LIDAR_ONLY,-0.25951466248095556,0.511963088125982,-0.7910126404999619,0.021365840615455253,-0.034120964877955975,0.4127977444067315,0.9099325704816303,0.6859144430825159,0.4970984613780728,-0.030394138797338703,114,-0.2687693395912193,0.5061852779734372,-0.7796373866397368
1789036692.561113,LIDAR_ONLY,-0.25987701967692706,0.5122096460234542,-0.7914210435019998,0.0213771325838569,-0.03409249394032194,0.4127967770657424,0.9099338112761594,0.6859160956823933,0.4971004364620233,-0.03039423246033992,114,-0.270634794222556,0.5063615856566569,-0.7798381513507261
1789036692.7523158,LIDAR_ONLY,-0.26094431589010403,0.5126876624003883,-0.7919489171711279,0.021356574281188125,-0.03412805540775978,0.4128166460752933,0.9099239469824955,0.6859184371959561,0.4971032348952292,-0.030394365168900858,114,-0.2693277956008701,0.5063061748624804,-0.7796382958150933
1789036692.8480592,LIDAR_ONLY,-0.25974160593039647,0.5134742066628902,-0.7921016885972332,0.021421069417150707,-0.03416542695665954,0.412805555892539,0.9099260598587924,0.6859197596332463,0.4971048153924688,-0.03039444012018716,114,-0.2696363612742062,0.5064964333725551,-0.7796258002108138
1789036692.9486337,LIDAR_ONLY,-0.26164808155240454,0.513234117016869,-0.7929476358191975,0.021398763232614283,-0.03413091655613986,0.4128242134903906,0.9099194152358728,0.6859210133072156,0.4971063137088718,-0.030394511174399765,114,-0.269932634326262,0.5068078793576312,-0.7798291528576605
1789036693.0475209,LIDAR_ONLY,-0.26122562129249366,0.5152853544221385,-0.7934293453242629,0.021472508992619387,-0.03420447472234687,0.41280841483201625,0.9099220834282505,0.6859221981994973,0.49710772982233437,-0.030394578330465077,114,-0.26963154837518705,0.5063447985836387,-0.7798263555381931
1789036693.1400168,LIDAR_ONLY,-0.26126616405429687,0.5161624562639471,-0.7936728499339207,0.02146486765277882,-0.0341490403367021,0.4127963290302261,0.9099298287449974,0.6859233280722478,0.4971090801804449,-0.030394642368352272,114,-0.2691975896702743,0.5066484236416935,-0.7798936157761581
1789036693.234024,LIDAR_ONLY,-0.2596513515237935,0.5174545724447892,-0.7938003221559677,0.021504140521574094,-0.03420314235366981,0.4128022164005768,0.9099241985618002,0.6859245269374645,0.49711051299513204,-0.030394710316701455,114,-0.27040876159422744,0.5066122524171472,-0.7802520854962397
1789036693.3297727,LIDAR_ONLY,-0.26164063292788664,0.5175993649250898,-0.7942866980906259,0.02152162065546355,-0.0342111468073595,0.4128172315643601,0.9099166723398495,0.685925670776166,0.49711188004606066,-0.03039477514646391,114,-0.27040876159422744,0.5066122524171472,-0.7802520854962397
1789036693.425752,LIDAR_ONLY,-0.26205818917074575,0.517898722908068,-0.7947805188515954,0.021528909646146444,-0.03424335270222364,0.4128251345590998,0.9099117029258501,0.6859268284891202,0.49711326367946357,-0.030394840762744117,114,-0.2687596349242814,0.5065606117792321,-0.780161744951335
1789036693.5496342,LIDAR_ONLY,-0.2629176157552304,0.5174423887339684,-0.7950504986150855,0.021508810051684604,-0.03420144398424138,0.41282241751412596,0.9099149871924005,0.6859283446831754,0.497115075750463,-0.03039492669708349,114,-0.27023652441948653,0.507509800408181,-0.7802559835108683
1789036693.6513293,LIDAR_ONLY,-0.2642965070934328,0.5198728733783289,-0.7957117436080239,0.02154720844218826,-0.034197812405926176,0.4128273798142872,0.9099119638243406,0.6859296266812276,0.49711660792440704,-0.030394999357956226,114,-0.27322884511874135,0.5077639956130283,-0.7805006500728872
1789036693.7607036,LIDAR_ONLY,-0.26428772207691326,0.5203494313659482,-0.7959626918699163,0.021539818247580764,-0.03421005917571176,0.4128324231610672,0.9099093902515882,0.6859309777275542,0.49711822262207067,-0.030395075932549087,114,-0.2714066303916983,0.5074356118814022,-0.7806600770972355
1789036693.9175804,LIDAR_ONLY,-0.2656936806251511,0.5214550048571004,-0.7958141102588692,0.0215394530665098,-0.034198162460092114,0.41284208855552446,0.9099054607831857,0.6859330321121251,0.4971206779136073,-0.030395192371359313,114,-0.2727048550487994,0.5070880704161107,-0.780809174475901
1789036694.0073307,LIDAR_ONLY,-0.2656500496059417,0.5210318648956429,-0.796108412714291,0.021546537766776043,-0.0342402550239732,0.4128607023813247,0.909895264343846,0.6859341766276297,0.4971220457788874,-0.030395257240650564,114,-0.2723943762259398,0.507559210938214,-0.7806439156016848
1789036694.105022,LIDAR_ONLY,-0.26666616334714055,0.520793830540545,-0.7969691089164024,0.021554350683362995,-0.03422070063368117,0.41286214676814503,0.9098951595545266,0.68593536260671,0.4971234632000377,-0.03039532446019394,114,-0.27397475469844307,0.5078108155022897,-0.7806631924866552
1789036694.2084289,LIDAR_ONLY,-0.26681217258772,0.5212161561576817,-0.7970939859877003,0.02156319699126238,-0.034174016532344934,0.41284405517358,0.9099049132944591,0.6859366452282667,0.49712499612417627,-0.030395397157477168,114,-0.27397475469844307,0.5078108155022897,-0.7806631924866552
1789036694.3125753,LIDAR_ONLY,-0.26522516548755776,0.5224166538409116,-0.7972316060073862,0.02154024343181121,-0.034230051017514994,0.41284008144896445,0.9099051536668252,0.6859379003763522,0.4971264962142944,-0.030395468297788025,114,-0.27265884470147717,0.5081966073405134,-0.7807931235878521
1789036694.4300852,LIDAR_ONLY,-0.26526934729249946,0.5224530588152573,-0.7974224371566404,0.0215687648735932,-0.034246807436401565,0.41283843610736204,0.9099045940287747,0.6859393763485337,0.49712826022341483,-0.030395551954383856,114,-0.2737805204868853,0.5083798427672455,-0.7807830519711186
1789036694.5268438,LIDAR_ONLY,-0.26545640741837595,0.5242366239838177,-0.7983725041856725,0.02163101503718075,-0.03433379822059202,0.4128405009252939,0.9098989011335059,0.6859406179363893,0.4971297441088759,-0.030395622326512377,114,-0.27410180440887205,0.5076064354637402,-0.7807011975800322
1789036694.767918,LIDAR_ONLY,-0.26663223250350526,0.524510928265461,-0.7983898587882687,0.02162464564036644,-0.03431517839629811,0.4128515150570692,0.9098947575119011,0.6859436257762236,0.497133338936329,-0.030395792809021313,114,-0.2714739480031615,0.5084951830041611,-0.7807159964149689
1789036694.8615377,LIDAR_ONLY,-0.26655024942782723,0.5257358699582013,-0.7986048250856873,0.0216742978658808,-0.0343471996924635,0.4128477770769692,0.9098940639700385,0.6859447849256032,0.4971347242979727,-0.030395858509173063,114,-0.2724390824301899,0.5079690200583737,-0.7811092115043277
1789036694.9602084,LIDAR_ONLY,-0.26588643972456666,0.5264095915082618,-0.7987867456986475,0.021659998822919753,-0.0343477096309535,0.4128467326812481,0.9098948590955533,0.6859460269731699,0.4971362087364907,-0.03039592890813423,115,-0.27145429067789556,0.5083300457387864,-0.7808965458096981
1789036695.0512142,LIDAR_ONLY,-0.2665818817484348,0.5266390173391928,-0.7988034340946679,0.021645383065077423,-0.03434799353706222,0.41285626399281183,0.9098908714861589,0.6859472277191321,0.4971376438140029,-0.030395996966298203,115,-0.271950924447186,0.5077476843211906,-0.7809086972231059
1789036695.154192,LIDAR_ONLY,-0.26807357482532657,0.5280503625762408,-0.799231174758224,0.02172071148922192,-0.03440751302763019,0.4128687375621124,0.9098811676716488,0.6859484699734247,0.4971391285012115,-0.030396067377323373,115,-0.27241433994091435,0.5078777413433824,-0.7806548392873096
1789036695.2476645,LIDAR_ONLY,-0.2689847574707617,0.5282722605804208,-0.7997458261300677,0.02170026998109904,-0.034350945016687395,0.41286978897557847,0.9098833157116738,0.685949629505421,0.49714051432314443,-0.030396133099803796,115,-0.27337251393537654,0.5082857060783046,-0.7811825589411148
1789036695.337194,LIDAR_ONLY,-0.26757246838989246,0.529700289165505,-0.7998347909593096,0.02175462333400151,-0.03438354010633696,0.4128585011843683,0.9098859085254309,0.6859507615175615,0.49714186725523557,-0.030396197262600733,115,-0.27103413414226124,0.5076838370198038,-0.7810701364831004
1789036695.4327474,LIDAR_ONLY,-0.26934884927220587,0.5284902499740326,-0.8001530788436355,0.021680012025741918,-0.03440782552853682,0.4128999514383458,0.9098679622468159,0.6859519350364907,0.49714326979516443,-0.03039626377816812,115,-0.270711151686508,0.5070628441223914,-0.7808668305929043
1789036695.5272622,LIDAR_ONLY,-0.2693320296030218,0.5301730162124325,-0.800609850574357,0.0217189248553472,-0.03442158762269886,0.4128986249871169,0.9098671156231601,0.6859530948409223,0.497144655944821,-0.030396329516544092,115,-0.270711151686508,0.5070628441223914,-0.7808668305929043
1789036695.6425705,LIDAR_ONLY,-0.269708529566318,0.528748878760897,-0.8008810366574972,0.02168553823028775,-0.03438541305201243,0.4129047172932932,0.9098665150657271,0.6859545723425616,0.497146421793889,-0.030396413262397316,115,-0.2698647940456509,0.5072508217927918,-0.7805398731276635
1789036695.8132389,LIDAR_ONLY,-0.26909331129969427,0.5302327815214379,-0.8015480115128499,0.02172771255679993,-0.03446792929499677,0.41290243656738773,0.9098634217473953,0.6859567681545002,0.49714904613992794,-0.030396537723044063,115,-0.26963855922854696,0.5079071431129717,-0.7808091626628718
1789036695.9074004,LIDAR_ONLY,-0.2692990975191624,0.5301973508468629,-0.8017495237345732,0.021685621413436617,-0.03442750447326811,0.4129075930561375,0.9098636163493095,0.6859579421494488,0.49715044925245994,-0.030396604266380765,115,-0.269161824149514,0.5075478838376265,-0.7806388365737134
1789036695.9981904,LIDAR_ONLY,-0.2676115020110105,0.5310453922931434,-0.8017505778825004,0.021722126480738117,-0.03445243218411153,0.41289476424613786,0.9098676237760526,0.6859590609838131,0.4971517864398969,-0.03039666768329631,115,-0.26815431659953504,0.5072366230051972,-0.7806563389728963
1789036696.0907598,LIDAR_ONLY,-0.27069311345474606,0.5315022068671252,-0.8022254998858976,0.021722422173111777,-0.03447702297371526,0.4129304884296238,0.9098504728729195,0.6859602351596467,0.4971531897700048,-0.03039673423718324,115,-0.26963290309896687,0.508237871407293,-0.78075436443771
1789036696.1822517,LIDAR_ONLY,-0.27043110183098334,0.5328971710275014,-0.8022589706494733,0.021784291008808708,-0.034472229846574776,0.41291630965530707,0.9098556101136548,0.6859613541661829,0.4971545271645348,-0.030396797664140225,115,-0.26963290309896687,0.508237871407293,-0.78075436443771
1789036696.3014603,LIDAR_ONLY,-0.2690873891859416,0.532695520298628,-0.8027050979893348,0.02177195068933561,-0.03450512256668994,0.4129035966348104,0.909860428068985,0.6859628739389511,0.49715634354081994,-0.03039688380734376,115,-0.26904345366788807,0.5079183868681467,-0.7806451020691004
1789036696.4077713,LIDAR_ONLY,-0.27007235989569434,0.533981411449471,-0.8032569468902329,0.021800778812429433,-0.03454832148871373,0.4129147397219771,0.9098530415654036,0.685964228048414,0.49715796192343187,-0.030396960560692757,115,-0.26891150809381986,0.5071116746503446,-0.7806659258505115
1789036696.513505,LIDAR_ONLY,-0.2687167167055137,0.5340028584178591,-0.8036840689792453,0.021767270681452514,-0.03455284337333406,0.4129101027437091,0.9098557764800298,0.6859654855453807,0.49715946483911944,-0.030397031838050932,115,-0.2678533033087299,0.5074363731466961,-0.7805194005807471
1789036696.623123,LIDAR_ONLY,-0.26904462091616693,0.5348640561934651,-0.8041105925744707,0.021799883494115355,-0.034554385473847544,0.41292051840349714,0.9098502102025119,0.6859668675317395,0.4971611165410275,-0.030397110171905953,115,-0.2682939135100944,0.5076029405648549,-0.7806060192687471
1789036696.731683,LIDAR_ONLY,-0.2688273432027146,0.5361275786137044,-0.8045134669578582,0.02184319559503112,-0.034584510946451215,0.41291393907029433,0.9098510127104577,0.6859682496452162,0.4971627683958243,-0.03039718851317233,115,-0.2691301938803677,0.5082940955885265,-0.7807283171209219
1789036696.9474103,LIDAR_ONLY,-0.2703582882754287,0.5369027784849894,-0.8050427655390772,0.021871297273456786,-0.034586718330614996,0.41291379329992867,0.9098503198731969,0.6859709174829952,0.49716595690707693,-0.030397339732731836,115,-0.2687335072738099,0.508127339129774,-0.7808548196056092
1789036697.0376265,LIDAR_ONLY,-0.26983348085978054,0.5378232743343339,-0.8052738841307385,0.021901790212461886,-0.03458716446135126,0.41290813798616016,0.909852135912652,0.6859721478883842,0.4971674274479953,-0.030397409475369695,115,-0.26904132454412977,0.5075718699093609,-0.7808417112901713
1789036697.136419,LIDAR_ONLY,-0.27094834130239936,0.5386881230320704,-0.8065960341220261,0.021913227654675568,-0.03460714112856286,0.41291255401944893,0.909849096812102,0.6859733369145895,0.49716884853455806,-0.030397476872678603,115,-0.2677793055307189,0.507817143223812,-0.7809185140517547
1789036697.235641,LIDAR_ONLY,-0.26920472035099235,0.5381794377382745,-0.8070195873770286,0.021955978891044392,-0.03465659775996734,0.41289630764605734,0.90985355654352,0.6859745536892624,0.4971703027859361,-0.030397545843002596,115,-0.26747596066244395,0.5076236847575445,-0.7809100333975159
1789036697.3218086,LIDAR_ONLY,-0.27080297480309323,0.5388801993937792,-0.8071881824440071,0.021928835566346144,-0.03457007526304583,0.412912055691562,0.909850356010031,0.6859756461042888,0.49717160840714014,-0.030397607764393694,115,-0.26788437342657473,0.5075599761429485,-0.7810077888613686
1789036697.4169033,LIDAR_ONLY,-0.27439136799711633,0.5383832168308825,-0.8078470537611793,0.02194334612717177,-0.0345770149817777,0.41293655402785095,0.9098386241214961,0.6859768077457735,0.4971729967663438,-0.030397673609887703,115,-0.2668799721169914,0.5068163600889238,-0.7810611840544096
1789036697.5234873,LIDAR_ONLY,-0.2734860504014971,0.538089081718977,-0.8084027417292847,0.021964268282851942,-0.034570380153203274,0.4129305127654027,0.9098411132511893,0.6859781077832088,0.49717455053303555,-0.030397747300267244,115,-0.2668799721169914,0.5068163600889238,-0.7810611840544096
1789036697.6302605,LIDAR_ONLY,-0.27483914534007464,0.5402455884099238,-0.8085482637105184,0.022016843462015507,-0.03461849813339018,0.41293709711535875,0.9098350246153961,0.6859794355956603,0.49717613749646394,-0.030397822565207983,115,-0.26875769528491283,0.5075504332326567,-0.7812523067941322
1789036697.742611,LIDAR_ONLY,-0.27448300500194434,0.5392187220048346,-0.8091390486689573,0.02195608268291428,-0.034607567786972146,0.41294862716025904,0.909831675647506,0.6859808326899057,0.4971778072644333,-0.030397901757475185,115,-0.26975164269855817,0.508329017203553,-0.7812760623521767
1789036697.9036677,LIDAR_ONLY,-0.2753522303953601,0.5404785978774895,-0.8094516097065813,0.02197112939643329,-0.03462132139077925,0.4129536748228084,0.9098284981404681,0.6859828939831911,0.49718027086624145,-0.03039801859927376,115,-0.27193985435096024,0.5087807522614298,-0.781555664425854
1789036698.0074196,LIDAR_ONLY,-0.27585198589944515,0.5401788038984037,-0.810234021905358,0.02199616452241643,-0.03461139380395317,0.41295663378333936,0.9098269279261763,0.68598420837564,0.4971818417935008,-0.03039809310417333,115,-0.27053727984982107,0.5084883757288163,-0.7813652780401469
1789036698.105388,LIDAR_ONLY,-0.2749700477660433,0.5391544472009809,-0.8107734582950261,0.021997604328759506,-0.03459258998262967,0.41293869513293535,0.9098357501131716,0.6859854675310064,0.49718334670362835,-0.030398164478185545,115,-0.27069015927284373,0.5074297608538444,-0.7812704655109523
1789036698.2038832,LIDAR_ONLY,-0.2764141755642922,0.5398656516911782,-0.8110466258276914,0.022029987709734612,-0.03460089402686953,0.4129448503009286,0.9098318572043925,0.6859867406283084,0.49718486827756897,-0.030398236642647868,115,-0.2707300229044407,0.5076915248144891,-0.7813553046174292
1789036698.2951295,LIDAR_ONLY,-0.2749009948812617,0.5406334276121045,-0.8113667729670306,0.022041883292821505,-0.03460474878932111,0.4129233587928056,0.9098411765277507,0.6859878892740185,0.4971862411107514,-0.0303983017528169,115,-0.27050187150525806,0.5080117312482942,-0.7811144697341791
1789036698.3964648,LIDAR_ONLY,-0.27627400195758717,0.542194796659876,-0.8116257546129025,0.022048532463135786,-0.034661682870382696,0.41295653760039147,0.9098237895383433,0.6859891348903979,0.4971877298416051,-0.03039837235985112,115,-0.27050187150525806,0.5080117312482942,-0.7811144697341791
1789036698.5089626,LIDAR_ONLY,-0.27437013831019663,0.5411728236655076,-0.8120015232649003,0.02204367893297092,-0.03462741483118964,0.41294739886173504,0.9098293598991715,0.685990505184763,0.49718936758544685,-0.030398450034365206,115,-0.26991569624677814,0.5070034912066668,-0.7812216397117737
1789036698.6200705,LIDAR_ONLY,-0.27568043378712515,0.5426839818687098,-0.8123680032094848,0.022016007038064632,-0.03466092964752903,0.4129720297992348,0.9098175740188629,0.6859918894440695,0.4971910220207561,-0.030398528500667876,115,-0.26878309541038276,0.507411992802058,-0.7811719092211888
1789036698.7295325,LIDAR_ONLY,-0.27534298534199053,0.5433309872752835,-0.8122028338786239,0.022112351209185838,-0.03467698164753103,0.4129592960748399,0.9098204057137822,0.6859933015163481,0.49719270969842183,-0.030398608543738326,115,-0.26991997741383184,0.5084470503690408,-0.7813691144726339
1789036698.8490129,LIDAR_ONLY,-0.27575748609414535,0.542995058539904,-0.8132119176849119,0.022094448466046936,-0.03476751419564137,0.4129692222754522,0.9098128800785606,0.6859947691005654,0.497194463723719,-0.030398691733704672,115,-0.2696203783077104,0.5079630048220283,-0.781163295203273
1789036698.957197,LIDAR_ONLY,-0.27688871107375435,0.5438818143175598,-0.8133917839616172,0.022058205947997435,-0.03465809675927345,0.41297091383650236,0.9098171663605962,0.685996056812512,0.49719600277034437,-0.03039876472779353,115,-0.27079417741463946,0.5078000296009424,-0.7814000827956308
1789036699.0691986,LIDAR_ONLY,-0.27763296296709317,0.5452561447277093,-0.8136548348188315,0.02213318118356804,-0.034707175053474884,0.41297252131739204,0.9098127449795695,0.685997441568235,0.4971976578025353,-0.030398843223002743,115,-0.27007063537822595,0.5077995867936158,-0.7810404921174328
1789036699.1781595,LIDAR_ONLY,-0.27765151859042686,0.5450191116356827,-0.81395124768006,0.022071065166293542,-0.03470206300397802,0.4129823846261783,0.9098099718590519,0.6859988541461839,0.49719934608820127,-0.030398923295516883,115,-0.2729209008620725,0.5085836324552994,-0.7813614012473371
1789036699.3029177,LIDAR_ONLY,-0.2785192827332691,0.5457369052133959,-0.8148812304535447,0.0221216482912459,-0.03471628405259898,0.41298375669405724,0.9098075780104943,0.6860004053598305,0.4972012000696079,-0.03039901122687401,115,-0.2732119800427456,0.5087392346249449,-0.7813306664420553
1789036699.4917748,LIDAR_ONLY,-0.2783034503770709,0.5464703880917677,-0.8155507112644639,0.022130354483687265,-0.034764372934457693,0.4129867587762863,0.9098041673131411,0.6860027601754022,0.4972040145030354,-0.03039914471127709,115,-0.27185976033257164,0.508276355770991,-0.7811784798585691
1789036699.5879893,LIDAR_ONLY,-0.27897385945290826,0.5467564148502205,-0.8158032468723193,0.022076457056424168,-0.03469995443463104,0.41298661036785045,0.9098080032968185,0.6860040624022786,0.49720557090237255,-0.030399218529169998,115,-0.27169188975006336,0.50904754907524,-0.7814543553775956
1789036699.6890655,LIDAR_ONLY,-0.2784763432989277,0.5477558027463911,-0.8160508958082242,0.022119931611071068,-0.03476628720363403,0.4129914630112861,0.909802212230435,0.6860052816064875,0.4972070280751289,-0.030399287640997953,115,-0.2727462955207485,0.509017355803239,-0.7812411188502053
1789036699.7835004,LIDAR_ONLY,-0.27710213599379135,0.5484281942191276,-0.8160380121084864,0.022173603886531244,-0.034813358064210743,0.41298274520968387,0.9098030630581817,0.6860064177685076,0.4972083859978341,-0.030399352045624467,115,-0.27314479668355107,0.5086819708107464,-0.7815683116863182
1789036699.8751829,LIDAR_ONLY,-0.278377008369987,0.548708602927241,-0.8160266827716861,0.02212856399364927,-0.03482913778920722,0.4130054337661343,0.9097932564577992,0.6860075817270992,0.49720977714315784,-0.03039941802606,115,-0.2735406832865911,0.5091230501583451,-0.7811804163358176
1789036699.9619064,LIDAR_ONLY,-0.2779100144930471,0.5489340819403236,-0.8168434723236867,0.022138392919141523,-0.034797292339398087,0.4130042180897422,0.9097947877652877,0.686008634906803,0.49721103588778903,-0.030399477726969153,115,-0.2735406832865911,0.5091230501583451,-0.7811804163358176
1789036700.0623329,LIDAR_ONLY,-0.2790111788537195,0.5491629950210991,-0.816877804768337,0.022114027509169694,-0.03485124637189821,0.4130184296248657,0.9097868636135933,0.6860098960436934,0.49721254318038965,-0.030399549216350956,115,-0.2717677844520604,0.5089282287853826,-0.7814911560574199
1789036700.175362,LIDAR_ONLY,-0.2791339923312148,0.5509595069535769,-0.8176806847312201,0.022187226946440514,-0.034894224863106574,0.4130142341668468,0.9097853386415957,0.6860112958853002,0.4972142162516912,-0.03039962856858929,115,-0.27262234425418647,0.5088102249900819,-0.7811968826190289
1789036700.2868512,LIDAR_ONLY,-0.27957344613975077,0.5508918205346812,-0.817804337322945,0.022160774427620843,-0.03488430400884353,0.4130282810534827,0.9097799868432983,0.6860126681278536,0.4972158563378274,-0.03039970635651229,115,-0.2735184012998881,0.509079984718039,-0.7814223285448687
1789036700.4253163,LIDAR_ONLY,-0.2794058801907446,0.5491207793796946,-0.8186304833068003,0.022159764810859003,-0.03486282792876763,0.4130285274012084,0.9097807228146384,0.6860144979700271,0.49721804334226144,-0.030399810084531853,115,-0.27323501711985254,0.5094308984129231,-0.7812774172534295
1789036700.5179212,LIDAR_ONLY,-0.2807022137202323,0.550265869134273,-0.8189624342153381,0.022143236447571744,-0.034914625425989484,0.4130460757584053,0.9097711719501622,0.68601563479674,0.49721940206404136,-0.030399874527835144,115,-0.27467309967856185,0.5100402814335957,-0.7812273664299763
1789036700.6137645,LIDAR_ONLY,-0.2773321631401825,0.551377941182592,-0.819685939896925,0.022193508927774417,-0.034973970689032706,0.4130068896198153,0.9097854574910951,0.6860168271660513,0.4972208271702811,-0.03039994211981241,115,-0.27467309967856185,0.5100402814335957,-0.7812273664299763
1789036700.7241094,LIDAR_ONLY,-0.2780976280373227,0.5515832661670543,-0.8201905392703477,0.02222835230993124,-0.03496448421001611,0.41302021747979595,0.9097789210299694,0.6860182137546879,0.49722248440602757,-0.030400020721690263,115,-0.2715916261954956,0.5090571696686998,-0.7809720606971201
1789036700.8382208,LIDAR_ONLY,-0.2769359847368235,0.5519252718533154,-0.8200453023933107,0.022224332847986823,-0.03496348069536662,0.4130044247357029,0.9097862271961793,0.6860196143320616,0.4972241583618073,-0.03040010011673274,115,-0.2719338064714962,0.508512184825019,-0.7809044290567618
1789036700.937448,LIDAR_ONLY,-0.2771894058987166,0.5525400664709329,-0.8209725901352862,0.022261016660048573,-0.03497690875793061,0.4129962713051438,0.9097885154688692,0.6860208624752029,0.4972256501304623,-0.03040017087083352,115,-0.27090995624711517,0.5086861906223323,-0.7808812626307166
1789036701.1712782,LIDAR_ONLY,-0.2778209740674769,0.5524597681584207,-0.8210632614015484,0.022240991842660308,-0.034945285787274634,0.41299568397156816,0.909790487037514,0.6860238445461517,0.4972292142756307,-0.030400339917530182,115,-0.2730534953739315,0.5088728792830887,-0.7810787774458182
1789036701.2607312,LIDAR_ONLY,-0.27752435590863983,0.5526358952035747,-0.8215459465684337,0.022222902076934406,-0.03491111875495307,0.41299196294911994,0.9097939299368782,0.6860249681684777,0.4972305572202118,-0.030400403613289766,115,-0.27140903925219645,0.5084400066505944,-0.7807685664438064
1789036701.3518493,LIDAR_ONLY,-0.27696823500418244,0.5530711811922523,-0.8217055824718258,0.022217626820643797,-0.034926525807104966,0.4129890617243726,0.9097947844154344,0.6860262306037467,0.49723206607357207,-0.03040047517819739,115,-0.2728166761105328,0.509059934790351,-0.7808987284973853
1789036701.4487789,LIDAR_ONLY,-0.2775065913901441,0.5534847213054824,-0.8220608941766916,0.022276369017168583,-0.03489002842554603,0.4129941223437668,0.9097924511719018,0.686027423765892,0.4972334921328254,-0.03040054281628493,115,-0.2724186991435857,0.5093511115986219,-0.7810382542565
1789036701.5404952,LIDAR_ONLY,-0.2770616409907433,0.5539827240109214,-0.8229767061955531,0.022270845918441196,-0.034910730086948255,0.41298393810711065,0.9097964152558613,0.6860285615148006,0.49723485196311584,-0.03040060731322207,115,-0.2721797701855794,0.5094470704122678,-0.7810704115686108
1789036701.6337154,LIDAR_ONLY,-0.2789255175651212,0.5532119433654256,-0.8232421145473462,0.022227249356083684,-0.03489517558550187,0.41301219778762793,0.909785249707618,0.686029754850275,0.49723627823070227,-0.03040067496138732,115,-0.27081360475740124,0.5090554751263758,-0.7809673681357291
1789036701.7243989,LIDAR_ONLY,-0.27878772965984927,0.5539569860676287,-0.8235844792186443,0.022275430486343683,-0.03490325091047841,0.41300986327724715,0.9097848213221839,0.6860308372544112,0.49723757191431717,-0.030400736321154094,115,-0.27081360475740124,0.5090554751263758,-0.7809673681357291
1789036701.8221576,LIDAR_ONLY,-0.27784809135230953,0.5559915992161544,-0.8238489752045821,0.022319047693705463,-0.03502351230368297,0.4130161094854968,0.9097762950315996,0.6860320862727217,0.49723906473490703,-0.03040080712614386,115,-0.2725572844516916,0.5092351501312192,-0.7811820596941168
1789036702.0049424,LIDAR_ONLY,-0.27518726801126475,0.5554009442785793,-0.8240264192722404,0.022309803012479895,-0.034982781949514624,0.41298564747394534,0.9097919172190657,0.6860344735547297,0.49724191800451817,-0.030400942457997543,115,-0.2727609938443512,0.5098902593138162,-0.7808791868589641
1789036702.1010685,LIDAR_ONLY,-0.27638868140069595,0.5564789164944973,-0.8239996441591513,0.022324886104491456,-0.03496397312780251,0.4129942124467383,0.9097883822785595,0.6860355979202655,0.4972432618423868,-0.030401006196965688,115,-0.2716145875665326,0.5093328166963377,-0.7808296651265507
1789036702.189224,LIDAR_ONLY,-0.2764468511305438,0.5582342300372894,-0.8243262138735205,0.022379303127807,-0.03501298864600376,0.4130014115403705,0.9097818922594856,0.6860366945989994,0.4972445725895854,-0.030401068366509396,115,-0.27253773075504545,0.5099178923833448,-0.7808594835512918
1789036702.2880828,LIDAR_ONLY,-0.2782183642061492,0.5592308930477701,-0.8245380486181333,0.02237039161139751,-0.03499282410713526,0.4130186966177365,0.9097750403722594,0.6860378191188927,0.49724591661296885,-0.030401132114449038,115,-0.2714432579618522,0.5096790574008766,-0.7809401112685789
1789036702.3856506,LIDAR_ONLY,-0.2791598161112457,0.5606423463651639,-0.8253322070908591,0.022449781053070043,-0.035028375568126636,0.4130177168695386,0.9097721614709922,0.6860390409079502,0.4972473768928019,-0.030401201376609288,115,-0.2714432579618522,0.5096790574008766,-0.7809401112685789
1789036702.494519,LIDAR_ONLY,-0.2788732391985265,0.5605370423166259,-0.8257592703210256,0.022391903564538806,-0.03497610133820517,0.4130256125913626,0.9097720144813566,0.6860404433019571,0.49724905303205846,-0.030401280877268753,115,-0.2712664322051094,0.5096278264877037,-0.7812794658293818
1789036702.605695,LIDAR_ONLY,-0.27730579464770533,0.5623796994669845,-0.8263369837998804,0.022442867638426036,-0.035067525836037575,0.413005695756576,0.9097762810694339,0.6860418319301242,0.4972507127191911,-0.030401359597722603,115,-0.2740637620175539,0.5096706711190081,-0.7812473506695623
1789036702.7165065,LIDAR_ONLY,-0.2777837985813294,0.56258043746833,-0.8261943695981616,0.022449042739204932,-0.03502189878682052,0.41300738763189,0.9097771182256349,0.6860432067887509,0.4972523559497496,-0.030401437537755413,115,-0.2720253817390624,0.5100866090871375,-0.7812892716683529
1789036702.8250964,LIDAR_ONLY,-0.2764859533440843,0.5648204541854975,-0.8263412370113018,0.02250226475965135,-0.035119420956551024,0.41300473826904405,0.9097732467596975,0.6860445817633926,0.49725399931973135,-0.030401515484529122,115,-0.27093687707346903,0.5101921782395156,-0.7813195459071058
1789036702.9562397,LIDAR_ONLY,-0.27677401919781325,0.5649148622866619,-0.8274044648833146,0.022500605906677313,-0.03509953700773636,0.41300267977199756,0.9097749896193146,0.6860462485546637,0.4972559914700264,-0.030401609974492254,115,-0.27141391520021635,0.510328334115483,-0.781360779917697
1789036703.058422,LIDAR_ONLY,-0.27768252429374185,0.5655202888470314,-0.8280114997250918,0.02251656957575803,-0.03504910638062074,0.4129921541571433,0.9097813170433335,0.6860474987596972,0.4972574857168367,-0.030401680848446945,115,-0.27141391520021635,0.510328334115483,-0.781360779917697
1789036703.1740994,LIDAR_ONLY,-0.2773197942539599,0.5640269117669754,-0.8280608415612203,0.022483048562229758,-0.03502268007069683,0.4130032142617426,0.9097781429653512,0.6860488879884327,0.49725914612570005,-0.030401759603793668,115,-0.2709397414173285,0.5100614969091823,-0.7810361461100684
1789036703.277675,LIDAR_ONLY,-0.27946734764461323,0.5659478770250532,-0.8290398976345444,0.022543101253719666,-0.035093489394956795,0.41303011315750143,0.9097617167220503,0.686050152288952,0.49726065722078483,-0.030401831277105953,115,-0.2710931206688325,0.5097813265149137,-0.7808440176080477
1789036703.3881788,LIDAR_ONLY,-0.2812098716235378,0.5659976399250537,-0.8294646223169062,0.02254363408572577,-0.035080155320086605,0.41304137719996664,0.9097571038390865,0.6860515278474306,0.4972623012923716,-0.030401909257796463,115,-0.2718738961522712,0.5099939350457962,-0.7811226282962692
1789036703.5043764,LIDAR_ONLY,-0.28050985449618066,0.5669279019349883,-0.8298320063621412,0.022540870619955463,-0.0350819747558772,0.41304294193512514,0.9097563917425914,0.6860529452099743,0.4972639953290799,-0.030401989608535747,115,-0.2725746267434474,0.5103848738616102,-0.7809622957855559
1789036703.614753,LIDAR_ONLY,-0.2805436804439888,0.5679147781211318,-0.8296081038956034,0.02252385370848837,-0.03504986603029944,0.413037686706329,0.9097604367445647,0.6860543071047118,0.4972656230712121,-0.03040206681494697,115,-0.27207820921829323,0.5098552222355991,-0.7810512001444401
1789036703.7368565,LIDAR_ONLY,-0.282208538942873,0.5685704789816854,-0.8303123656437009,0.022543845488423444,-0.03504248702525762,0.4130453156519217,0.9097567621906875,0.6860557108079326,0.4972673007837705,-0.03040214639166268,115,-0.27196736817570927,0.5095086931316476,-0.7809823564727857
1789036703.9106348,LIDAR_ONLY,-0.27976813252572363,0.5680915527094463,-0.8303706714888456,0.022542451249042358,-0.035096913058447796,0.4130296646728738,0.9097618043673111,0.6860578791387035,0.49726989238420366,-0.030402269315863296,115,-0.2703219813601049,0.5095303056822925,-0.7807440421420929
1789036704.0150628,LIDAR_ONLY,-0.28139236234827875,0.5687515136290618,-0.8308100852235907,0.02258722456891022,-0.035093931579005824,0.4130453392788433,0.9097536924644093,0.6860592136375305,0.4972714873851799,-0.030402344969737684,115,-0.27143572875182786,0.5097086692814687,-0.7808266000458376
1789036704.1128063,LIDAR_ONLY,-0.2831556900474631,0.5695666273233343,-0.831385778890277,0.02256847444613498,-0.03505059651811363,0.4130517025322443,0.9097529393632718,0.686060423120046,0.4972729329665046,-0.030402413536458485,115,-0.2728423218563029,0.5102426239281604,-0.780878880122609
1789036704.2025917,LIDAR_ONLY,-0.28355711546331297,0.5703089017406797,-0.8322227270947492,0.022569805221908833,-0.0350789280374638,0.41305865843841116,0.9097486561622653,0.6860615492693417,0.49727427894793,-0.030402477379048075,115,-0.2716254229826154,0.5102354644082118,-0.7807173101985221
1789036704.295287,LIDAR_ONLY,-0.28261486888450726,0.5715457627221942,-0.8325488504735165,0.022624501358791915,-0.035114192435559854,0.41304681430848583,0.909751314710496,0.6860627311131631,0.49727569149635825,-0.030402544379131285,115,-0.2716254229826154,0.5102354644082118,-0.7807173101985221
1789036704.4030745,LIDAR_ONLY,-0.28283349038235694,0.5713053426746025,-0.8328031458637648,0.022611058452008267,-0.03507668565611057,0.41303884782525685,0.9097567127239276,0.68606406600262,0.49727728696669615,-0.030402620055685246,115,-0.270661119559035,0.5102959675269656,-0.7810059206648878
1789036704.5126176,LIDAR_ONLY,-0.2830442163967366,0.5729159697038667,-0.8328496263606006,0.02260548445313535,-0.03511392978230369,0.4130525360057106,0.9097491997837283,0.6860654288128201,0.497278915808821,-0.030402697315251408,115,-0.2712702285803204,0.5102083878564095,-0.7810461721785975
1789036704.679617,LIDAR_ONLY,-0.2819102098656324,0.5722162918292955,-0.8337339516859879,0.022629462642128395,-0.0351417540780732,0.41304112965013995,0.9097527080246485,0.686067570597053,0.4972814756886276,-0.030402818736221957,115,-0.27246878879916264,0.5101373590140551,-0.7811876380302158
1789036704.7757978,LIDAR_ONLY,-0.28121037121018705,0.5738275481686697,-0.8338212034412485,0.022687462726468564,-0.03516264697353714,0.41303636948843986,0.9097526173486168,0.6860687806876585,0.4972829220005809,-0.030402887338243367,115,-0.2726940217844921,0.5103643495744702,-0.7809744624401564
1789036704.86732,LIDAR_ONLY,-0.28256106285867044,0.5747974083749309,-0.8341987805754616,0.022724201341701833,-0.03517543634373983,0.413046848318331,0.9097464484380817,0.6860699630447674,0.49728433516572046,-0.03040295436812153,115,-0.27176038374286693,0.5105338589103569,-0.7809451778793182
1789036704.974214,LIDAR_ONLY,-0.2808353369083945,0.5761292909851886,-0.8339849533539115,0.022755983220293655,-0.03522437559271615,0.41303109834155566,0.9097509111809393,0.6860711733086284,0.4972857816858311,-0.030403022980198417,115,-0.27176038374286693,0.5105338589103569,-0.7809451778793182
1789036705.0862567,LIDAR_ONLY,-0.2779872517389984,0.5776033097365387,-0.8345781804029444,0.022811443574849634,-0.03532217145697869,0.41302049143512604,0.9097505459741599,0.6860725506118728,0.4972874278538334,-0.030403101062186945,115,-0.2721718053251338,0.5099753239640255,-0.7809670099396054
1789036705.190799,LIDAR_ONLY,-0.2785737646899426,0.5781258207033227,-0.8350060561672615,0.022822965518965423,-0.035336982515522045,0.4130238867705985,0.9097481403490341,0.686073872372917,0.4972890076378464,-0.0304031759955231,115,-0.27226119331315046,0.5100227028900594,-0.7805837932301191
1789036705.2997832,LIDAR_ONLY,-0.27792519718836367,0.5780946873709679,-0.8352757270032709,0.022802756857898454,-0.035371189522937836,0.41302882182271444,0.9097450772470014,0.6860751942380682,0.49729058754693406,-0.030403250934900275,115,-0.2727868596970809,0.5103222777008828,-0.7808451052821946
1789036705.4096315,LIDAR_ONLY,-0.27797744886171855,0.578724250695468,-0.835676218971747,0.022835525310701335,-0.03536698153443841,0.4130261776082536,0.9097456193965665,0.6860765997034927,0.49729226737677434,-0.03040333061390859,115,-0.2716330141250197,0.5100462680944725,-0.7807819887626777
1789036705.522238,LIDAR_ONLY,-0.2786505072818527,0.5772046385557289,-0.8361731931647342,0.022820417299710762,-0.03541556755921063,0.4130443564224566,0.9097358549360823,0.6860779496174516,0.4972938808114882,-0.03040340714372565,115,-0.2701415353342627,0.5103888195363421,-0.7806750202109578
1789036705.631073,LIDAR_ONLY,-0.27953240812134944,0.5784401889916326,-0.8363750759919703,0.022807911774308454,-0.035356017823943105,0.413042319879796,0.9097394094752874,0.6860793553129251,0.497295560917699,-0.030403486836081163,115,-0.2719846096349504,0.5096924169666304,-0.7810405686848072
1789036705.7451315,LIDAR_ONLY,-0.27754277130552013,0.5803077662914127,-0.8365559214792042,0.022818059538101385,-0.03536718258460068,0.4130335028638208,0.9097427241077476,0.6860808307232747,0.4972973243488419,-0.03040357048091203,115,-0.2708743948088815,0.5096178463746563,-0.7808744427232569
1789036705.8627684,LIDAR_ONLY,-0.2789057798265456,0.5805363129572214,-0.836825267679145,0.022820244632230507,-0.03540714769689062,0.4130468090091228,0.9097350734660488,0.6860822923417251,0.4972990712964882,-0.030403653344011836,115,-0.27225001844293245,0.5107417618857297,-0.781005567547362
1789036706.0771785,LIDAR_ONLY,-0.2787372792200154,0.5817945104923108,-0.8373947084885797,0.02285600806813462,-0.03539668889050554,0.413044205183329,0.9097357648654087,0.6860848678814797,0.4973021496209576,-0.030403799358724073,115,-0.2716735031882439,0.5103817057025689,-0.7810241754362673
1789036706.17659,LIDAR_ONLY,-0.27916113650637653,0.583007406512423,-0.8380190293761623,0.02288175452491972,-0.035435087076507964,0.4130383233653893,0.9097362932989151,0.6860861209883055,0.49730364735424093,-0.030403870401117965,115,-0.2708661390831536,0.5100158785115306,-0.7811371916281251
1789036706.2673464,LIDAR_ONLY,-0.2793996858674775,0.5827452274061417,-0.8379948116129984,0.022825320538996493,-0.035415214201141236,0.41303892058601127,0.9097382136782658,0.6860873463377712,0.49730511191202476,-0.030403939869980322,115,-0.2686843787476178,0.5088977912771389,-0.7806621722326834
1789036706.3625145,LIDAR_ONLY,-0.28042223957399276,0.5835429691946448,-0.8387584613390117,0.022897334371055802,-0.03543683746857153,0.4130529177187473,0.9097292068483653,0.686088488220219,0.4973064767091384,-0.030404004606942113,115,-0.27034533775151975,0.509739284426501,-0.7809097084118011
1789036706.4527268,LIDAR_ONLY,-0.2804930969490599,0.584387701365033,-0.8390965159622694,0.02289097358377151,-0.0354283733527751,0.4130542456629148,0.9097290936481057,0.6860896023257526,0.49730780830726,-0.030404067769237826,115,-0.270020990159802,0.50942108018993,-0.7808470479901216
1789036706.5451918,LIDAR_ONLY,-0.281447723190895,0.5861784251515934,-0.8389569336817485,0.02288027586511768,-0.0354439862408599,0.4130586727752183,0.9097267445012646,0.6860907304318775,0.4973091566395751,-0.03040413172536923,115,-0.27007181440610156,0.5094630351946051,-0.7805332051308168
1789036706.6364977,LIDAR_ONLY,-0.2798003831425965,0.5867142529364114,-0.8394546048222395,0.02292473185180493,-0.03545155292285009,0.41304486457209005,0.9097315999323675,0.6860918725412934,0.4973105217093255,-0.030404196475492695,115,-0.27007181440610156,0.5094630351946051,-0.7805332051308168
1789036706.7508101,LIDAR_ONLY,-0.2808369051474074,0.5877317745188578,-0.8399016213232708,0.0229589215698134,-0.03548141646676681,0.41304821283010507,0.9097280532575213,0.686093307250467,0.4973122365002235,-0.030404277814245664,115,-0.2692060051138052,0.5091177830563699,-0.7804321302418645
1789036706.858229,LIDAR_ONLY,-0.2811958462336084,0.5880308037547745,-0.8399370340855005,0.022955163594758073,-0.035463593707790106,0.41304939437007654,0.9097283065817946,0.6860946724254255,0.4973138681832094,-0.03040435521100126,115,-0.2686302656209588,0.5096827970964621,-0.7805980961448225
1789036706.972765,LIDAR_ONLY,-0.2815334945790201,0.5875732789785225,-0.8402153310447923,0.022905382805912096,-0.035475745492299066,0.41306497443764745,0.9097220134816492,0.6860960795054675,0.49731554995262145,-0.030404434983655408,115,-0.26792134797423833,0.5091279408547132,-0.7803963605406565
1789036707.0789685,LIDAR_ONLY,-0.28095322844271925,0.5895440771891576,-0.8403066032987172,0.02298595303970888,-0.03553574758065155,0.413061164265957,0.9097193694662067,0.6860974449015598,0.49731718190122104,-0.03040451239323127,115,-0.27070348838706576,0.5096777544305042,-0.7806506299912939
1789036707.2136586,LIDAR_ONLY,-0.28073890175862276,0.590136097230834,-0.8404795420927145,0.02299998698400507,-0.03552663028961089,0.4130498587591978,0.9097245040769254,0.6860992284397738,0.49731931362257653,-0.030404613509107295,115,-0.2710430208310014,0.5106090281381324,-0.7804111597219686
1789036707.3061574,LIDAR_ONLY,-0.2831741545381937,0.5915229058218151,-0.8409474490248399,0.02301143247542059,-0.03550372875894234,0.41307324678333873,0.9097144892830452,0.6861003571807568,0.4973206627174518,-0.030404677502045452,115,-0.2710430208310014,0.5106090281381324,-0.7804111597219686
1789036707.4111798,LIDAR_ONLY,-0.28333027995708887,0.5923428411219915,-0.8415476081232256,0.0230432655707124,-0.03554069691501239,0.41307734078930647,0.909710381001046,0.686101653234012,0.49732221178799674,-0.030404750980715878,115,-0.27122805053701043,0.5102042193086943,-0.7805557815745867
1789036707.5216095,LIDAR_ONLY,-0.2818949975917834,0.5928666299146483,-0.8418777573216618,0.0230622078095074,-0.035538843424664145,0.41305743675841633,0.9097190110784513,0.6861030190731542,0.49732384426874227,-0.030404828415973376,115,-0.2704209958440777,0.5099722699363978,-0.7807381782576522
1789036707.6313176,LIDAR_ONLY,-0.28243575259159154,0.5932668981760069,-0.8419681497334288,0.023019815244513502,-0.035567906644978116,0.41307715893811037,0.9097099938368389,0.6861044128981566,0.49732551019945015,-0.03040490743800972,115,-0.2700182719916778,0.510159373083765,-0.7804889666042774
1789036707.8770895,LIDAR_ONLY,-0.2837915410515816,0.5950266958050378,-0.8420394630541965,0.02306412418330465,-0.035592532177081776,0.4130879413555705,0.9097030122713112,0.6861075075919425,0.4973292090487735,-0.03040508289024372,115,-0.2699307629453108,0.5103091595972006,-0.7806894527089747
1789036707.9756393,LIDAR_ONLY,-0.28299497682097696,0.5954559730724895,-0.8423801577583314,0.023076490831635457,-0.03556751405010502,0.4130828640420129,0.9097059826944315,0.6861087623553215,0.49733070877179086,-0.030405154028671312,115,-0.2699307629453108,0.5103091595972006,-0.7806894527089747
1789036708.0705843,LIDAR_ONLY,-0.2846897595662111,0.5970889803284604,-0.8429725176798002,0.023134929081964843,-0.03560009302565871,0.4130938443856925,0.9096982379688257,0.6861099474930936,0.49733212527710924,-0.03040522121980064,115,-0.27097403497272804,0.5105494459595571,-0.7801830008633702
1789036708.1599681,LIDAR_ONLY,-0.28528976147789137,0.596842741810785,-0.8435532298949849,0.02311178827908169,-0.035549114313809166,0.41309060994956615,0.9097022884908788,0.6861112024331497,0.49733362521231284,-0.030405292368465293,115,-0.27114283947269724,0.5101430690697931,-0.7805137123158474
1789036708.2673695,LIDAR_ONLY,-0.2852110716141595,0.5987893642455124,-0.8437706164378814,0.02312398329257236,-0.03559693948962272,0.4130966010254176,0.9096973878806643,0.6861125550812479,0.49733524193115297,-0.03040536905680117,115,-0.2714720318756002,0.5106226848963702,-0.7803717879125
1789036708.3570178,LIDAR_ONLY,-0.28399697242526833,0.5999329769570406,-0.8439303331654903,0.02317483247369542,-0.03565662024425525,0.4130864758145149,0.9096983544404802,0.6861136149615761,0.49733650872705343,-0.030405429146769913,115,-0.2716319261553375,0.5112146670003531,-0.7803868853966803
1789036708.44645,LIDAR_ONLY,-0.28538214922254557,0.6000398496729167,-0.8445759466396585,0.02316672296289479,-0.03556406659473384,0.41309344408556276,0.9096990197685902,0.6861147306948512,0.4973378422802134,-0.030405492403410603,115,-0.27190782696980276,0.5112152175459407,-0.7805880617167689
1789036708.5366392,LIDAR_ONLY,-0.28328568006000904,0.5998367304431479,-0.8442320619613012,0.02314436237082989,-0.03561922898630606,0.41310122461444,0.9096938975495653,0.6861158883436976,0.4973392259323745,-0.030405558036553273,115,-0.27129418325870874,0.5116219928567528,-0.7806366155940282
1789036708.6277447,LIDAR_ONLY,-0.28330631678884627,0.6005306140680636,-0.8447029202627464,0.02312364411314293,-0.03563856729787685,0.41311092117912385,0.9096892636534846,0.6861170460694419,0.4973406096768832,-0.03040562367415038,115,-0.27129418325870874,0.5116219928567528,-0.7806366155940282
1789036708.731688,LIDAR_ONLY,-0.28179819176014387,0.6009863667575157,-0.845117496321788,0.023212252238641026,-0.03565091972361842,0.41309037943655125,0.9096958511974406,0.6861183573214946,0.4973421769206333,-0.03040569801608018,115,-0.271248447333354,0.5103400306106503,-0.7806758216505344
1789036708.842719,LIDAR_ONLY,-0.2836019954284281,0.6019295198999963,-0.8453103496219778,0.02319327443386417,-0.035693304466563394,0.4131203440174616,0.9096810657566677,0.6861197942319932,0.49734389435537985,-0.030405779482401425,115,-0.271429912991259,0.5106199974878126,-0.7803733980343751
1789036709.01167,LIDAR_ONLY,-0.28440731356785465,0.6021919896698065,-0.8458146606050043,0.02318687382724673,-0.035677656658994715,0.41312402666417836,0.9096801703292303,0.6861219428426594,0.4973464624348823,-0.030405901299169875,115,-0.2702688544842038,0.5106871864014302,-0.7804640055036328
1789036709.104997,LIDAR_ONLY,-0.2858907993981543,0.60361526144691,-0.8464253931308943,0.023234377480444237,-0.03569517729385766,0.4131299509480914,0.9096755804410076,0.6861231288770308,0.49734788001693575,-0.030405968542236296,115,-0.27077247162125256,0.5113302744433009,-0.7803895780759396
1789036709.1933262,LIDAR_ONLY,-0.2856768355510268,0.6035332791798349,-0.8466572129638392,0.023269318690825505,-0.0357049551919493,0.4131214485921888,0.9096781648998163,0.6861242452179519,0.49734921429980394,-0.030406031834071784,115,-0.2704425978956461,0.5111270147593137,-0.7803098012564166
1789036709.2846308,LIDAR_ONLY,-0.28543421925019735,0.6042875728538177,-0.8468839840458599,0.023289137540029457,-0.03567026370415605,0.41310914531860066,0.9096846060113654,0.6861254034966984,0.49735059870838944,-0.0304060975036965,115,-0.2704425978956461,0.5111270147593137,-0.7803098012564166
1789036709.3929327,LIDAR_ONLY,-0.2859907311423403,0.6051153767696664,-0.8474122054682506,0.02333246677787134,-0.03573681699659272,0.41312207229791004,0.9096750130048048,0.6861267572445221,0.4973522167478637,-0.030406174255728162,115,-0.26959919803160126,0.5108142412226012,-0.7801069720575974
1789036709.505194,LIDAR_ONLY,-0.2862211942416713,0.6066906392716294,-0.8478475400063309,0.023347575344091702,-0.03579314427372543,0.4131246070443323,0.909671259633401,0.6861281250543091,0.49735385159520273,-0.030406251805143933,115,-0.27052484801890236,0.5110612973680657,-0.7804909716180267
1789036709.618829,LIDAR_ONLY,-0.2869251435910149,0.6076677313736035,-0.8481995393419557,0.023344685802996902,-0.03576381831328169,0.4131265202568367,0.9096716183353704,0.6861295348469892,0.4973555366223733,-0.030406331734957708,115,-0.2702386956003111,0.5104610763469475,-0.7802623138067613
1789036709.736952,LIDAR_ONLY,-0.28664918099058523,0.6070597680828004,-0.8488399619272229,0.02336732292502263,-0.035829765159940435,0.41313616926845603,0.909664059854014,0.6861309307923843,0.49735720509946013,-0.030406410879816964,115,-0.27092289176293416,0.5109248466897314,-0.7803267657398002
1789036709.8488812,LIDAR_ONLY,-0.28693961717870187,0.607696900363111,-0.8492308531501593,0.023389951653838104,-0.035768880334134424,0.4131295058147903,0.9096689006372048,0.6861323268481726,0.4973588737091009,-0.030406490031067143,115,-0.2709444678244762,0.5103785088240992,-0.7804790177445925
1789036710.0054252,LIDAR_ONLY,-0.28668266162361866,0.6086577554623628,-0.849457325295944,0.023398691564996906,-0.03578231534861023,0.41312387452311,0.9096707049478688,0.6861343513249232,0.49736129342825075,-0.030406604811717676,115,-0.26991286428953926,0.5105132305675903,-0.7800337717637088
1789036710.1097462,LIDAR_ONLY,-0.2872477169858971,0.6092770121110657,-0.8500532399952959,0.023430648704043808,-0.03582021669441503,0.41312989799277433,0.90966565515125,0.6861356778318007,0.4973628789122455,-0.03040668002010148,115,-0.27027683482254805,0.5109550169601446,-0.7798436897709238
1789036710.2086065,LIDAR_ONLY,-0.2879169586301333,0.6103428570394636,-0.8502261713480355,0.023432048698170827,-0.03582286089969107,0.413137532031642,0.9096620478823837,0.6861369206493789,0.4973643643685697,-0.030406750483696177,115,-0.27023286081801023,0.5110443696012508,-0.7797382192139217
1789036710.3086836,LIDAR_ONLY,-0.2858142130249986,0.6111767182810879,-0.8502117788876268,0.023514136423280707,-0.03583430699277052,0.41310161577588245,0.9096757899790289,0.6861382194169482,0.4973659166986649,-0.03040682411957793,115,-0.26934930088024905,0.5098530074255081,-0.7795883176887807
1789036710.511684,LIDAR_ONLY,-0.28695573894851245,0.6132947789302662,-0.8504768441493857,0.023507409975988162,-0.035844461347879976,0.41311351014813025,0.9096701622016585,0.6861407194626455,0.49736890483768925,-0.030406965864323177,115,-0.2697337432196137,0.5099303769697433,-0.7796710333412846
1789036710.608279,LIDAR_ONLY,-0.2849026378033005,0.6149077896008179,-0.8508075278867567,0.02356516991961437,-0.03592571328241484,0.4130910990609967,0.909675639867523,0.6861419067582137,0.4973703239341045,-0.0304070331804003,115,-0.27057836819075587,0.5103777844874009,-0.7797410411010306
1789036710.7001238,LIDAR_ONLY,-0.28455886190401974,0.6161113760949853,-0.8510609766970882,0.023567168337712004,-0.0359462862811948,0.413089210756634,0.9096756328689878,0.6861431779505887,0.4973718433073351,-0.030407105253275987,115,-0.26937169593649707,0.5102392492126362,-0.7797215788245201
1789036710.800827,LIDAR_ONLY,-0.2843441835581393,0.6170636262704982,-0.8515062568716417,0.023590883091613613,-0.03595336909775627,0.4130914340012888,0.9096737286743183,0.6861443374688082,0.49737322920416516,-0.030407170994647077,115,-0.2700823672344912,0.5104399974897829,-0.7799840246605929
1789036710.8972201,LIDAR_ONLY,-0.28358140939186,0.6186204561961537,-0.851472677397112,0.023640424019063976,-0.035974352638191355,0.4130794795829767,0.9096770415108424,0.686145552948279,0.4973746819882776,-0.03040723990895542,115,-0.27104082672671986,0.5114452381899859,-0.7799009043772789
1789036710.992508,LIDAR_ONLY,-0.28406322547427687,0.6182141029973997,-0.852003230786501,0.023597113765774252,-0.03599827642110353,0.4130961084437755,0.9096696683440882,0.6861467685104373,0.49737613487166366,-0.030407308828047985,115,-0.27025681181211625,0.5106162606976095,-0.7796506484608835
1789036711.085079,LIDAR_ONLY,-0.28265422265310475,0.6191366501491142,-0.8521270881793637,0.023636927606004984,-0.036050511998109325,0.4130776593745118,0.9096749439023246,0.6861479003149911,0.49737748764535994,-0.030407372998396576,115,-0.2705510143937086,0.5111333927316709,-0.7798472020822019
1789036711.1828587,LIDAR_ONLY,-0.2848423153344313,0.6195715153788888,-0.8524590232875312,0.02364097047064687,-0.03604565806398323,0.41310290165381097,0.9096635684114992,0.6861491160366227,0.4973789407202036,-0.03040744192671551,115,-0.2705510143937086,0.5111333927316709,-0.7798472020822019
1789036711.2934449,LIDAR_ONLY,-0.28487371692238656,0.6199016945172567,-0.8532005221723684,0.02367378635987794,-0.03605556212420566,0.4131004840342874,0.9096634203758729,0.6861505135196935,0.497380611043491,-0.030407521160562417,115,-0.2704527001909348,0.5117800326910767,-0.7798331753413825
1789036711.4036086,LIDAR_ONLY,-0.2851758426439774,0.6210271260488875,-0.8537606281678755,0.023705507057906833,-0.03607430195240435,0.4130980229837413,0.9096629689509728,0.6861519111116307,0.4973822814974759,-0.03040760040070698,115,-0.26987163333589265,0.5106217746807455,-0.779566159100752
1789036711.5134423,LIDAR_ONLY,-0.28640424912053686,0.6227379212857577,-0.8542068663230747,0.02375190782479227,-0.036107404731117745,0.41311581390191704,0.909652365743322,0.6861533088123286,0.49738395208202957,-0.03040767964714277,115,-0.2715345165208848,0.5111702282808589,-0.7795834906801378
1789036711.623862,LIDAR_ONLY,-0.2826308547256239,0.6232656259777544,-0.8539783365215544,0.023787631471949046,-0.03616650488854214,0.41307179676950684,0.90966907346942,0.6861546646858214,0.49738557267367733,-0.030407756522190417,115,-0.27130532568974364,0.511469390943512,-0.7798020783001379
1789036711.7345002,LIDAR_ONLY,-0.28353591570323194,0.6243765333802374,-0.8545211869039361,0.02383246909813069,-0.036132842138274716,0.4130687019427368,0.9096706429312972,0.6861560765801649,0.497387260224149,-0.030407836573621005,115,-0.2700199358817944,0.5117339865307784,-0.7794052516612072
1789036711.8758037,LIDAR_ONLY,-0.2828474621945434,0.6254184349544377,-0.8549998174887031,0.02385917552826174,-0.03620006821921525,0.4130633691386167,0.909669691635316,0.6861578940327326,0.49738943251427475,-0.030407939619532406,115,-0.2699949685457136,0.511213389607423,-0.7795110110780876
1789036711.9711103,LIDAR_ONLY,-0.284827759869778,0.6256315045083531,-0.855541699383428,0.02385890210143616,-0.036189622573556485,0.41309594875105754,0.9096553199613365,0.6861590265380594,0.49739078612925225,-0.03040800383041556,115,-0.2699949685457136,0.511213389607423,-0.7795110110780876
1789036712.0760036,LIDAR_ONLY,-0.2843236132245014,0.6267361305511329,-0.8556053359801649,0.02386666130578967,-0.03619157356652837,0.4130830138023315,0.909660912752041,0.6861602989435549,0.4973923069588635,-0.03040807597346612,115,-0.2702080515457894,0.5112573074890305,-0.7793162558449661
1789036712.1840062,LIDAR_ONLY,-0.28394541340817225,0.6271642478995266,-0.8566749976509699,0.023893222091224593,-0.036181000781146146,0.41308169863901006,0.9096612333006636,0.686161655342514,0.4973939281813109,-0.030408152878902743,115,-0.2690426004631405,0.511433014475707,-0.7792166364096975
1789036712.2974815,LIDAR_ONLY,-0.28400264237212336,0.6287665533398227,-0.8565835353674809,0.023895197767887226,-0.036202700222166415,0.41308239865576357,0.9096600001874648,0.6861630677834736,0.497395616387964,-0.030408232961943817,115,-0.26891839356515235,0.5111413147699689,-0.7792330892685341
1789036712.412145,LIDAR_ONLY,-0.28400325992364367,0.630149561154794,-0.856968894226964,0.023908129042722506,-0.036212109399417915,0.4130834036260712,0.9096588295329308,0.6861644523621583,0.4973972712930478,-0.030408311465360313,115,-0.2690356964659519,0.5106685062777548,-0.7794345979697324
1789036712.5213788,LIDAR_ONLY,-0.2829642270771244,0.6303785560736659,-0.8574527302463599,0.023933717399749324,-0.03621277942671204,0.4130740840040519,0.9096623620343072,0.6861658510337769,0.4973989430431346,-0.030408390767943834,115,-0.2688368365143725,0.5113023014598777,-0.7792246164062709
1789036712.6589994,LIDAR_ONLY,-0.2835882452264506,0.6302113483402987,-0.8574778106944932,0.023886663016900213,-0.03622649689874216,0.4130760696429119,0.9096621509883364,0.6861676554792705,0.4974010997917313,-0.030408493077475042,115,-0.2692034634476768,0.5113734871837398,-0.7794250551214104
1789036712.7621493,LIDAR_ONLY,-0.2835170633459874,0.6311934426191408,-0.85803822819112,0.023926913883789945,-0.036195054026893415,0.41307256143946997,0.9096639378593743,0.6861689704593155,0.4974026715113624,-0.03040856763512652,115,-0.26970065623618983,0.5113281433944502,-0.7793347502682837
1789036712.8634896,LIDAR_ONLY,-0.2835752045259717,0.631395882462005,-0.8585707656835838,0.023904982933802808,-0.036186198829930814,0.41306776981180243,0.9096670425754024,0.6861702435624033,0.49740419317834844,-0.030408639818509532,115,-0.26970065623618983,0.5113281433944502,-0.7793347502682837
1789036712.9620275,LIDAR_ONLY,-0.2859948268869432,0.6304957303099785,-0.8590078719557408,0.023903779963890284,-0.036190375612394306,0.41308786284422866,0.9096577837776466,0.6861714607880864,0.49740564805870424,-0.030408708833804136,115,-0.2686908729190932,0.5108139814663005,-0.7792032391055845
1789036713.072824,LIDAR_ONLY,-0.28703549605005857,0.6324180804755967,-0.8590808592909437,0.023953284764317198,-0.03625645947767697,0.41310212116320905,0.9096473749676853,0.6861728739910555,0.49740733718003677,-0.03040878896089766,115,-0.26822204396265137,0.5102894673659659,-0.7790234290452716
1789036713.2379057,LIDAR_ONLY,-0.28839820678057293,0.6329828666583115,-0.8599563554103252,0.02395400424830224,-0.03615339896492159,0.4130977997841483,0.9096534203955104,0.6861750149919846,0.49740989619803205,-0.03040891035358432,115,-0.2704400484423172,0.511101273513285,-0.7793290726051373
1789036713.334943,LIDAR_ONLY,-0.2867152045016612,0.6343685209205548,-0.8600257026481383,0.023967875106506383,-0.036216337938901846,0.41308099430618883,0.9096581830403025,0.6861762185404762,0.49741133473240673,-0.030408978593742995,115,-0.26914653734191835,0.5113798951803797,-0.7787984710524929
1789036713.4311194,LIDAR_ONLY,-0.291242039050039,0.6322755374506087,-0.8608784372618322,0.023928888347275978,-0.036139559892243475,0.4131055843604709,0.9096510961261205,0.6861774501603762,0.49741280681938066,-0.030409048425615717,115,-0.2687038823463103,0.5107126041142745,-0.7789523523581298
1789036713.5240223,LIDAR_ONLY,-0.29172256672826546,0.6348069915666807,-0.8611175048851277,0.02401291452193424,-0.03613531203232086,0.41310253889713056,0.9096504336926542,0.6861786118777354,0.4974141953561035,-0.03040911429415244,115,-0.2687038823463103,0.5107126041142745,-0.7789523523581298
1789036713.6360123,LIDAR_ONLY,-0.29156269169780724,0.6351029144569016,-0.8611962137247009,0.024010807962138753,-0.0361198049795436,0.4130980509623059,0.9096531432806623,0.6861800536293041,0.4974159186027906,-0.030409196040538065,115,-0.2690033132290878,0.5111139304176678,-0.7789725182468918
1789036713.7355578,LIDAR_ONLY,-0.2906415604330345,0.6351405091243274,-0.86196606966338,0.02402497671232648,-0.03615208456091234,0.41310341704643294,0.9096490499640143,0.6861812995058241,0.4974174077312133,-0.030409266681033394,115,-0.2705528944038277,0.5114634447559233,-0.7789763203163342
1789036713.8458903,LIDAR_ONLY,-0.2913338851310383,0.634991427417736,-0.8625100746738892,0.02406838677048484,-0.03623945998462777,0.4131127601473503,0.9096401825456738,0.6861826854676978,0.49741906429653027,-0.030409345264396453,115,-0.2678372190918914,0.5110522511969645,-0.778598729676809
1789036713.9548316,LIDAR_ONLY,-0.2911101660448501,0.6359606486742932,-0.8627152868201087,0.024070019110094074,-0.03625948111715288,0.41309906302221006,0.9096455619302096,0.6861840715339865,0.49742072098716483,-0.030409423853792375,115,-0.26951363049206106,0.5111981477835229,-0.7789179938287847
1789036714.0678082,LIDAR_ONLY,-0.2910760636596188,0.636788895253761,-0.8640919235163664,0.02410855498241537,-0.036249475838920624,0.41310293189049063,0.9096431831996237,0.6861854437023521,0.4974223610668646,-0.03040950165529216,115,-0.268483975105187,0.5108286859458647,-0.7791514628469951
1789036714.1766794,LIDAR_ONLY,-0.29151568211710394,0.6375769097409386,-0.8646412973303599,0.024134699003180802,-0.036258015660526756,0.4131005876764801,0.9096432141591195,0.6861868439794347,0.4974240347439331,-0.030409581050659856,115,-0.26938978015897197,0.5113798300000214,-0.779061900951011
1789036714.2863371,LIDAR_ONLY,-0.2915282155640692,0.639087360939738,-0.8645506250922785,0.024123626513805663,-0.03623190231388306,0.41309896056388434,0.9096452872848725,0.6861882443627666,0.49742570854851637,-0.03040966045216547,115,-0.26852313417133983,0.5105479562399302,-0.7791136786678793
1789036714.5269947,LIDAR_ONLY,-0.2911621629330104,0.6386322431963802,-0.8650352385414486,0.02412552525602273,-0.03630599177812683,0.41310530181924404,0.9096394030608826,0.6861913816064967,0.497429458332913,-0.030409838333781164,115,-0.27113181027667527,0.5117851963820341,-0.7791682363578729
1789036714.6309123,LIDAR_ONLY,-0.29271792230400784,0.6386821960367393,-0.8652773951497303,0.02413323154501622,-0.03623766898625658,0.4131089092876995,0.9096402846998172,0.6861926422559632,0.49743096512243606,-0.030409909812723034,115,-0.2695278230173516,0.5111092256608639,-0.778907438783977
1789036714.7413998,LIDAR_ONLY,-0.2918189579978975,0.6390348652015923,-0.8656906653038935,0.024172075166458137,-0.03630675562220538,0.4131072521197622,0.9096372510646186,0.6861939730345306,0.4974325557341198,-0.03040998526808971,115,-0.2695278230173516,0.5111092256608639,-0.778907438783977
1789036714.839882,LIDAR_ONLY,-0.29069767782200484,0.6404777129482973,-0.8660636924818034,0.024194259798017054,-0.0363048714576767,0.41309519777177023,0.9096422108055287,0.6861951918312713,0.49743401250004776,-0.03041005437415631,115,-0.26962055454650247,0.5117045681492234,-0.7789248343062478
1789036714.938457,LIDAR_ONLY,-0.29301821076180845,0.6401029267693545,-0.8662418797167943,0.024161555231307454,-0.03630381445437227,0.41312931177958795,0.9096276293370772,0.6861964527396632,0.4974355196003017,-0.030410125868052133,115,-0.26924280134427947,0.5119109279375448,-0.7788759057088419
1789036715.034041,LIDAR_ONLY,-0.29185822215522256,0.6409209477954151,-0.866764190609861,0.02418297952884403,-0.036280394623830675,0.41311496558550403,0.909634509941402,0.6861977557681952,0.49743707704506723,-0.030410199750267035,115,-0.27060933768251455,0.5115032639491252,-0.7788427599375103
1789036715.1282952,LIDAR_ONLY,-0.2915234906315976,0.6414939770523288,-0.8671285195868852,0.02424554790828546,-0.03630707562315321,0.41311064131578007,0.9096337437111636,0.6861988767259725,0.49743841687012524,-0.030410263309077,115,-0.27116558178078043,0.5117958816312916,-0.7787605405928529
1789036715.2244594,LIDAR_ONLY,-0.2916954936478364,0.6411819273783882,-0.8676413401598024,0.024179246263990335,-0.03633245797425406,0.4131338442273726,0.9096239570842269,0.6862000958441505,0.49743987402179235,-0.03041033243370575,115,-0.2705690254268337,0.5111763195296974,-0.7790460546095577
1789036715.316875,LIDAR_ONLY,-0.2908665689706897,0.6428605721337669,-0.8679587388518044,0.024275468657412702,-0.03637677154335646,0.41310901908598324,0.9096308979269351,0.686201272999441,0.49744128101765517,-0.030410399179095805,115,-0.2697975818291729,0.5114389541370872,-0.7786768565416206
1789036715.4146447,LIDAR_ONLY,-0.29144834984802864,0.6435574475597241,-0.8684266493412816,0.02429776028024571,-0.03636260229494209,0.4131085105972413,0.9096311002114169,0.6862023941687829,0.4974426210965943,-0.03041046275012172,115,-0.2697975818291729,0.5114389541370872,-0.7786768565416206
1789036715.5135677,LIDAR_ONLY,-0.29197702493971595,0.6448885940683982,-0.8684646498790538,0.024359522316607395,-0.03631902411827959,0.41310040525721725,0.909634870338602,0.6862036695807644,0.4974441455346127,-0.030410535066889656,115,-0.2701984307770566,0.5114578807221535,-0.778757957899641
1789036715.6276357,LIDAR_ONLY,-0.29238235921920086,0.6447366354551475,-0.8687660476312381,0.02431489173707458,-0.03640302434832523,0.41312737043085807,0.9096204602244797,0.6862050572157439,0.49744580410779954,-0.030410613746883558,115,-0.2678461403643621,0.5103565592525746,-0.7787560462338301
1789036715.741184,LIDAR_ONLY,-0.29352821917845245,0.6452425946923812,-0.868766052944213,0.024360085516007695,-0.036366544338064896,0.4131301227584287,0.9096194601899006,0.6862064589717483,0.4974474795596588,-0.030410693227658332,115,-0.27093526276489804,0.5114420701820993,-0.7787320865316141
1789036715.8967059,LIDAR_ONLY,-0.29298994243218796,0.6474239120805757,-0.869168192387756,0.02441490471505235,-0.03640958007763824,0.4131218364493534,0.9096200322964741,0.6862085057239483,0.49744992594548426,-0.030410809280467188,115,-0.268844723443172,0.5111943218401029,-0.7789055740008606
1789036715.9888992,LIDAR_ONLY,-0.29357223312187647,0.647090051322196,-0.8697171364649101,0.024413676863884144,-0.03643369108108766,0.4131353614546419,0.9096129570602741,0.6862096974291736,0.4974513503346987,-0.030410876851399427,115,-0.2683533967583634,0.5111584067276633,-0.7790257642202708
1789036716.086605,LIDAR_ONLY,-0.2938120742523945,0.6486850830004772,-0.8699457966118375,0.024409231245219598,-0.03641881010904233,0.41313380929447563,0.9096143772599985,0.6862108191032179,0.4974526910192587,-0.030410940451561008,115,-0.2683533967583634,0.5111584067276633,-0.7790257642202708
1789036716.1895308,LIDAR_ONLY,-0.2946635166196421,0.6489421904798547,-0.8705153974865896,0.024395497590569536,-0.03637801082383055,0.4131364580920347,0.9096151752367472,0.6862120950888746,0.4974542161456549,-0.030411012801444884,115,-0.26890471236625135,0.5112164747330694,-0.7789662458991149
1789036716.302788,LIDAR_ONLY,-0.2945731321669866,0.64996869601495,-0.8705917703053241,0.02439779065853686,-0.03641338781320251,0.41312993342267973,0.9096166616268195,0.6862134973707886,0.4974558922285656,-0.030411092312576042,115,-0.26919488136801967,0.5112727003393309,-0.7791345418635615
1789036716.413346,LIDAR_ONLY,-0.2922595263845922,0.6519259413335531,-0.8712889204549903,0.024472425815197,-0.036447328681043396,0.4131074889664521,0.9096234908832161,0.6862149137815877,0.497457585199572,-0.030411172624939843,115,-0.2686188971211301,0.5110668931734765,-0.7790714634838857
1789036716.52484,LIDAR_ONLY,-0.2919270871954418,0.6522013290864455,-0.8717111387657792,0.02447672121559781,-0.036439538430163426,0.41309942717453163,0.9096273486574623,0.6862162741971694,0.49745921124252046,-0.030411249762402087,115,-0.2693392706556117,0.510460776063178,-0.7790949059738742
1789036716.63326,LIDAR_ONLY,-0.29183729986303103,0.6526845234003139,-0.8723249104191771,0.02452189198715505,-0.03641336332845869,0.4130941396934183,0.9096295814975647,0.686217662763766,0.4974608709335635,-0.030411328496167934,115,-0.2714110414055265,0.5116556364605028,-0.7792918936811306
1789036716.7666771,LIDAR_ONLY,-0.29250346112045233,0.6537009036108598,-0.8727003908593959,0.02453927911018512,-0.03643506286771041,0.4131009606353132,0.9096251460336614,0.6862194021225919,0.4974629499114017,-0.03041142712051298,115,-0.2710163273290425,0.5107161499138001,-0.7789678846683495
1789036716.979163,LIDAR_ONLY,-0.29354107231022575,0.6543229554109211,-0.8731878258512107,0.02455995669455253,-0.0364923207131568,0.4131128935539682,0.9096168733239273,0.6862219693720051,0.49746601843117944,-0.03041157268783134,115,-0.2715925029735766,0.5108934238797539,-0.7789611824706879
1789036717.08444,LIDAR_ONLY,-0.29314308590637095,0.6542721817338499,-0.8737149911665131,0.024543146146032018,-0.03650799020749259,0.4131163409876343,0.9096151325902911,0.686223316265056,0.49746762831355795,-0.030411649059049653,115,-0.2709959425218424,0.5112731478518144,-0.7790725167169383
1789036717.1970901,LIDAR_ONLY,-0.29272409275533345,0.6550498538036525,-0.8741658073335159,0.024628155368657527,-0.036557901069494025,0.41311011812318016,0.9096136565250011,0.6862246913171256,0.497469271853628,-0.030411727027031973,115,-0.2711692395298224,0.5106680276875715,-0.7788758925507054
1789036717.2930412,LIDAR_ONLY,-0.2934113398442913,0.6563947179873515,-0.8740131135873946,0.024556654086805293,-0.036572450162313766,0.4131233637893894,0.9096089890279923,0.6862259261427077,0.49747074778744604,-0.03041179704399849,115,-0.270356146797561,0.5109873158421219,-0.7789196147162681
1789036717.3922,LIDAR_ONLY,-0.2910711945254331,0.6560991751155724,-0.8742633194567,0.024591499287293147,-0.03657031251551051,0.4130957117614774,0.9096206920082673,0.6862272873503297,0.49747237478068995,-0.030411874227159477,115,-0.27120346574749987,0.5110475741796929,-0.7787090623625377
1789036717.4887054,LIDAR_ONLY,-0.291488387389269,0.6570127588669764,-0.8743385499177123,0.024556059801160324,-0.03660819990408921,0.4131060325157825,0.9096154382627273,0.6862284802412966,0.497473800592597,-0.030411941866512478,115,-0.2718715873419551,0.5113542061618102,-0.7791291340023271
1789036717.5847926,LIDAR_ONLY,-0.29189114054903603,0.6582875163790172,-0.8748640988449372,0.024587745694792922,-0.03663797627717785,0.41310951591155853,0.9096118014401963,0.6862296030305589,0.4974751426152205,-0.0304120055310228,115,-0.2703685090839994,0.5111131133841478,-0.7789085474714608
1789036717.6843996,LIDAR_ONLY,-0.2914844193005547,0.6588100656625169,-0.8754530617818723,0.02461717632632679,-0.036680480611684926,0.41310774707306624,0.9096100957443414,0.686230866247651,0.4974766524856563,-0.030412077158163534,115,-0.2732013918147672,0.5112635832224203,-0.7788994059313403
1789036717.782264,LIDAR_ONLY,-0.2911437122806142,0.6604120530522128,-0.8755353193400354,0.024620632982753788,-0.03668259306822432,0.41310650206680655,0.9096104824305001,0.6862321295485123,0.49747816245659077,-0.030412148790135894,115,-0.27133232294516896,0.5115648605447053,-0.7791328818489233
1789036717.8846452,LIDAR_ONLY,-0.2922945489391129,0.6610356815898165,-0.8757349676022476,0.02463138991996711,-0.03665160578810091,0.4131020709017756,0.9096134527591535,0.6862333087048403,0.4974795718534028,-0.030412215650999344,115,-0.27133077200681716,0.5112408273065044,-0.7787632657372555
1789036717.9854546,LIDAR_ONLY,-0.29081807432910356,0.6609151997828454,-0.8761792635776189,0.024631518617071312,-0.03663443585112977,0.4130895800520631,0.9096198135775718,0.6862345721674805,0.49748108201842295,-0.03041228729230222,115,-0.27133077200681716,0.5112408273065044,-0.7787632657372555
1789036718.0934844,LIDAR_ONLY,-0.29005844035907913,0.6620070610110065,-0.8768802763553649,0.02468401170741154,-0.0366707527005289,0.413077381254264,0.9096224670480191,0.6862359339930294,0.49748270975300285,-0.030412364511103865,115,-0.27059831957664054,0.5112374079422195,-0.7788046712726117
1789036718.2076106,LIDAR_ONLY,-0.2913951890815873,0.6636876177043408,-0.8767783883549641,0.024717425153855856,-0.03664894232400692,0.4130862959522645,0.9096183903246092,0.6862373801614171,0.49748443829960853,-0.03041244651245105,115,-0.2709859385639582,0.5111115016225539,-0.7788270837067058
1789036718.3171997,LIDAR_ONLY,-0.29089947143088124,0.6638896843840123,-0.8773323760552344,0.024726261755420618,-0.03673390042543141,0.413090865447141,0.9096126480119266,0.6862387281449317,0.4974860494902373,-0.030412522946566226,115,-0.27228437797765054,0.5110383695578818,-0.7790287206410879
1789036718.4266188,LIDAR_ONLY,-0.2913082482706267,0.6646755064511571,-0.8776767347478086,0.024710403812179177,-0.036739143215586266,0.4130997825982421,0.9096088175235049,0.6862401323953156,0.49748772793483986,-0.030412602571253673,115,-0.27225154490797987,0.511098990919992,-0.7787655555852979
1789036718.53825,LIDAR_ONLY,-0.28989871944266726,0.6671459893515292,-0.8779805019728077,0.02482813353523477,-0.03675194496592517,0.4130804556925219,0.9096138716242386,0.6862415929248349,0.49748947364812957,-0.030412685387220445,115,-0.27062756582614705,0.5109820657436352,-0.7788114608083873
1789036718.6589115,LIDAR_ONLY,-0.28933657851016803,0.6650761569249602,-0.8789032244413347,0.024822981985688317,-0.036760818845728,0.41308074773514725,0.9096135210152174,0.6862431518818666,0.49749133700847376,-0.03041277378440995,115,-0.2726263443263429,0.5116264903666341,-0.779104933557829
1789036718.762092,LIDAR_ONLY,-0.29105363936695816,0.6662943692662482,-0.8795736137070014,0.02484329999846488,-0.03675983819128228,0.4130923747882578,0.9096077256890107,0.6862444581324717,0.4974928983191363,-0.030412847852536493,115,-0.2726263443263429,0.5116264903666341,-0.779104933557829
1789036718.8633144,LIDAR_ONLY,-0.2915038059451159,0.6674485375438454,-0.8796813958868446,0.0248614921301543,-0.036792215982590984,0.41308473021433495,0.9096093912861184,0.6862457504246965,0.4974944429462659,-0.030412921129265955,115,-0.2731571273417693,0.5117943129211978,-0.778993047662794
1789036718.9790304,LIDAR_ONLY,-0.29023609623354696,0.6683765072568368,-0.8799745202728568,0.024864477170017617,-0.03677999374853364,0.41308112550487786,0.9096114409936492,0.686247183284917,0.497496155589345,-0.030413002376705668,115,-0.2719093738329047,0.5112509223856738,-0.7788646004835792
1789036719.0924594,LIDAR_ONLY,-0.2900609670642684,0.668688422325216,-0.8807628901136605,0.02492280192778093,-0.036821136459415794,0.4130808675525454,0.909608297409353,0.6862486022025216,0.4974978515677995,-0.030413082833656645,115,-0.2717666933788198,0.5119602846771701,-0.7790672012753262
1789036719.2017314,LIDAR_ONLY,-0.29056538688622036,0.6696511693322529,-0.880738836356879,0.024905503664587464,-0.03684322199768869,0.4130835262390968,0.9096066695170587,0.6862499790738854,0.4974994972904029,-0.030413160906551447,115,-0.2732511548877887,0.5116434371941444,-0.779144623061712
1789036719.3158438,LIDAR_ONLY,-0.2908931229136471,0.6701154508907541,-0.8810842826693058,0.02489959929139453,-0.03683351835811873,0.4130858086193889,0.909606187642628,0.6862514122484215,0.4975012103105177,-0.030413242172109355,115,-0.2720633202858231,0.5115181138235279,-0.7791472770864576
1789036719.457547,LIDAR_ONLY,-0.2910076179113796,0.669118313525512,-0.8818256981605723,0.024913001903864935,-0.03681280308551644,0.413079992046734,0.9096093007636824,0.6862532811553328,0.4975034441459829,-0.03041334814522896,115,-0.2722845859309648,0.5103839857049396,-0.779240934025939
1789036719.5654922,LIDAR_ONLY,-0.29103513784535373,0.6723578120475434,-0.8821953243436299,0.02495437254959566,-0.03681525639516737,0.41307149045388547,0.909611928220722,0.6862546864674655,0.49750512386422135,-0.030413427831122844,115,-0.2734725418241504,0.5124953483289808,-0.7792749890418206
1789036719.6715574,LIDAR_ONLY,-0.2916970662934387,0.6715811862553637,-0.8825724208040352,0.02496008073567918,-0.03686685811164843,0.41308603265901017,0.9096030775919149,0.6862560075539014,0.49750670291095594,-0.030413502741224577,115,-0.27273901033088804,0.5118796260334604,-0.7791437389337177
1789036719.7729316,LIDAR_ONLY,-0.29215413885584623,0.6721966729451008,-0.8832691265811373,0.024958417483245492,-0.036810857940312074,0.4130867629981698,0.9096050595561374,0.6862573006193479,0.4975082484655847,-0.03041357606252143,115,-0.27242126794189403,0.5117010650972951,-0.7793308722383411
1789036719.8870673,LIDAR_ONLY,-0.2916640119301009,0.6733631889641865,-0.8833063003610915,0.024966882191191708,-0.03680441078381138,0.4130767799574641,0.90960962176116,0.6862586218839779,0.4975098277260574,-0.030413650982892067,115,-0.2722214873059178,0.5114391063658086,-0.7791667750892436
1789036719.9942372,LIDAR_ONLY,-0.2919790332022927,0.6736107590200882,-0.8838185351984189,0.024960082501426686,-0.036842690714944566,0.41308504701750554,0.9096045043605218,0.6862600135259023,0.49751149110640713,-0.030413729893993303,115,-0.2720934307421913,0.5113538244677418,-0.7792766714255963
1789036720.101957,LIDAR_ONLY,-0.29365662088614747,0.6752662807728828,-0.884009706391208,0.024997273869375797,-0.0368259107347865,0.413086668142824,0.909603426334968,0.6862613349751623,0.49751307058833344,-0.03041380482500272,115,-0.2720934307421913,0.5113538244677418,-0.7792766714255963
1789036720.2112,LIDAR_ONLY,-0.29349190865844743,0.6766998847212622,-0.8845848567986717,0.02503397860228571,-0.03691619264413042,0.4130964123134528,0.9095943319797872,0.6862626986925043,0.4975147005922074,-0.0304138821528532,115,-0.2728839872219967,0.511906575464561,-0.7790011997042914
1789036720.3233228,LIDAR_ONLY,-0.29341942414957706,0.6768744677504301,-0.8847648756396727,0.0250580249936486,-0.03693377495702085,0.41310021286761983,0.9095912300476346,0.6862641046867285,0.4975163811285829,-0.030413961878051586,115,-0.2734297276108097,0.5117484585306414,-0.7791778692551671
1789036720.4302373,LIDAR_ONLY,-0.2933310197809222,0.6777025948812603,-0.8847302297997303,0.0250890638594446,-0.036947068683564295,0.4130944148839972,0.9095924677469558,0.686265426413853,0.49751796094378453,-0.030414036825070427,115,-0.2725374483597019,0.5114484540136862,-0.7790651669865378
1789036720.5451472,LIDAR_ONLY,-0.2926550404255634,0.6783964948683168,-0.8853152252394345,0.025068429619875952,-0.03697840624197222,0.4130729220246933,0.9096015239643009,0.6862668607297818,0.49751967533295,-0.030414118156400063,115,-0.27108110239629424,0.511551536665266,-0.7793473529546018
1789036720.6557186,LIDAR_ONLY,-0.2947810599555602,0.6785578799386701,-0.885669559202432,0.025073711215516402,-0.03691872310319328,0.4130953020843512,0.9095936390972341,0.6862682388973554,0.4975213226102998,-0.030414196303987874,115,-0.270953600805814,0.510698581841585,-0.7790980923275798
1789036720.7735307,LIDAR_ONLY,-0.29445509511847257,0.6801142311630488,-0.8859306906046642,0.025149115557355297,-0.03692490689140947,0.41307896576996617,0.9095987254147615,0.6862696593555121,0.49752302043657826,-0.030414276849711853,115,-0.27077108889338214,0.510433866408261,-0.7792526781060174
1789036720.8819053,LIDAR_ONLY,-0.2933670679556112,0.6811375283059529,-0.8859391317426132,0.025172879855628213,-0.03699507879675355,0.4130778138441149,0.9095957398615954,0.6862710517859745,0.49752468476269857,-0.03041435580624225,115,-0.27186987929106576,0.5112920816538988,-0.7792638272995838
1789036720.993313,LIDAR_ONLY,-0.2923084861893642,0.6827221937835266,-0.8863230631846548,0.025216340329197298,-0.03700348388526386,0.41306442398576815,0.9096002748449787,0.6862725005814545,0.4975264164604911,-0.03041443795899513,115,-0.271104162115953,0.5112698815522007,-0.7792044635182593
1789036721.21389,LIDAR_ONLY,-0.2932945962252645,0.6820676612588751,-0.887037996209112,0.025171427635779932,-0.03700464760712799,0.4130743627425602,0.9095969580704836,0.6862752296717558,0.4975296784539369,-0.030414592710069722,115,-0.2709970442393636,0.5109399033893024,-0.779421293001319
1789036721.3069313,LIDAR_ONLY,-0.2938127467361699,0.6841583530991652,-0.8879654417846348,0.025248501490641905,-0.03703681537117469,0.41307109562304656,0.909594996380485,0.6862765240123099,0.4975312255379109,-0.030414666104824593,115,-0.27005207315413327,0.5109112963704835,-0.7793599588790857
1789036721.4063008,LIDAR_ONLY,-0.2942498581256616,0.6856145533123593,-0.8882885137821729,0.025271148173740966,-0.03699844590653061,0.4130716857335866,0.909595661003116,0.6862777902976098,0.49753273908866724,-0.030414737908797382,115,-0.2710503705641848,0.5105987288512415,-0.7794772446958074
1789036721.499848,LIDAR_ONLY,-0.2946712461192468,0.686227259671934,-0.8882854258375494,0.02525636977280349,-0.037035676092391175,0.413083570146293,0.9095891592128127,0.6862789159530671,0.49753408454929643,-0.030414801738497095,115,-0.27115327498035563,0.5109885788960616,-0.7794149010948498
1789036721.5926657,LIDAR_ONLY,-0.29458977345089654,0.6868183788341132,-0.8882762054386084,0.025232497713576756,-0.037035168238198364,0.41309456216256557,0.9095848504039747,0.6862800698168012,0.49753546372666063,-0.03041486716779119,115,-0.27224249436058856,0.5115572284314434,-0.7793974975318438
1789036721.6891541,LIDAR_ONLY,-0.2948373323818454,0.6876690254737879,-0.8887171065725126,0.025280361054200978,-0.03708082042430145,0.41308330488713274,0.909586773939218,0.6862813222576848,0.4975369607305258,-0.03041493818692298,115,-0.27288563544247946,0.5111035495695815,-0.7795161493261756
1789036721.7882202,LIDAR_ONLY,-0.2949669794071282,0.6872800173747271,-0.8887489321884964,0.02529890810227661,-0.03705979394722868,0.41308931852655445,0.9095843841231491,0.6862825044098049,0.4975383737206961,-0.03041500522042414,115,-0.2731879462247352,0.5121078918732278,-0.7796446037877168
1789036721.8873634,LIDAR_ONLY,-0.2949474095910638,0.6891189752195406,-0.8889664294017035,0.025299851879633066,-0.03706523098747311,0.4130908385504199,0.9095834460083501,0.6862837147818844,0.49753982044160994,-0.030415073854191968,115,-0.2731879462247352,0.5121078918732278,-0.7796446037877168
1789036722.0049622,LIDAR_ONLY,-0.29614679607632666,0.6893163086251257,-0.8896657520283451,0.025307372906644653,-0.03712309714905925,0.41311189795749653,0.909571312377749,0.6862852067380637,0.4975416037318342,-0.030415158455186615,115,-0.27206699873216383,0.5108450234625133,-0.7795297593075773
1789036722.184161,LIDAR_ONLY,-0.2964505011468722,0.6895202878700255,-0.8900641662976116,0.02530397404766043,-0.03709019405526466,0.41311504301048435,0.9095713208104046,0.6862875715788586,0.4975444303556247,-0.030415292553081515,115,-0.2723951429921783,0.510624830965231,-0.7795424646422436
1789036722.2799587,LIDAR_ONLY,-0.29707410421193436,0.6906913761791053,-0.8905275004128154,0.0253252287596912,-0.03710234715445103,0.41311645891466797,0.9095695905194421,0.6862887400272788,0.4975458269676415,-0.030415358809840767,115,-0.27038858081523787,0.5109679330312688,-0.7794147485261859
1789036722.3800175,LIDAR_ONLY,-0.29440407034442895,0.6909223776710816,-0.890988171324282,0.025320527222047407,-0.03712366297078418,0.41309847535092115,0.9095770193950447,0.6862900070975448,0.4975473414597545,-0.030415430659009923,115,-0.27139999603359777,0.5108613813968746,-0.779795799038478
1789036722.482712,LIDAR_ONLY,-0.2959603987698635,0.6938739956152628,-0.8911803448039752,0.025381696082833576,-0.03715680053472727,0.41311217737410927,0.9095677383148567,0.6862913446485954,0.4975489401958358,-0.030415506504864846,115,-0.2711820193988363,0.5107130513293184,-0.779639380826421
1789036722.5772305,LIDAR_ONLY,-0.2934591626685068,0.6948072678532482,-0.8911240884248234,0.025392047985720666,-0.03720873677200388,0.413088922193201,0.9095758880754162,0.6862925696429916,0.49755040439651277,-0.030415575968260777,115,-0.2708520497592458,0.5104126380336447,-0.7798841172445301
1789036722.6722393,LIDAR_ONLY,-0.293025404529585,0.693512273542154,-0.8913693732652139,0.025346989392367205,-0.03723633935657684,0.4130908287905183,0.90957514935778,0.6862937524680248,0.4975518181936382,-0.030415643040501365,115,-0.2708520497592458,0.5104126380336447,-0.7798841172445301
1789036722.7782545,LIDAR_ONLY,-0.2922861925332543,0.6946057639740714,-0.8918630712637635,0.025377382204740985,-0.03728164191176318,0.4130819147062241,0.909576494524478,0.6862950902717876,0.49755341723276075,-0.030415718900902583,115,-0.27017730276454993,0.5106155461570725,-0.7798798093298769
1789036722.882102,LIDAR_ONLY,-0.29339529939536063,0.6947819160635955,-0.8921583719595331,0.025360763373399417,-0.03724095227097974,0.41309292447969537,0.9095736247824482,0.6862963859150304,0.4975549658789332,-0.030415792370657113,115,-0.2698850954010245,0.5100992872149542,-0.7799897662241476
1789036722.994073,LIDAR_ONLY,-0.2916730710613529,0.6959360983631145,-0.892635517115169,0.025420661031855113,-0.03726774075126646,0.4130749175154585,0.9095790334058922,0.6862978084032612,0.49755666613975086,-0.030415873033268953,115,-0.27067297115883376,0.510478978514671,-0.780141821096726
1789036723.1071858,LIDAR_ONLY,-0.2935160366855284,0.6963727629773425,-0.8923850278325582,0.025402307832467753,-0.037305160863545524,0.41309188804870406,0.9095703050111555,0.6862992309932381,0.49755836652257246,-0.030415953701736415,115,-0.2704131293041075,0.5104667305575714,-0.780134041546946
1789036723.213903,LIDAR_ONLY,-0.29214978638755357,0.6967601465274494,-0.8930466186248047,0.025390144391053186,-0.03736088703300515,0.4130845411369189,0.9095716940195587,0.6863006114252563,0.49756001651551235,-0.030416031979703856,115,-0.27007573984421007,0.5102694084292287,-0.7799579291605931
1789036723.4329708,LIDAR_ONLY,-0.29282812048744256,0.6981880570432084,-0.8926540670316087,0.0254134400303612,-0.03738710106032345,0.41309959171667465,0.9095631308840774,0.6863034148416832,0.4975633673642311,-0.030416190948836727,115,-0.2694448469212835,0.510043125611882,-0.7795632558886102
1789036723.526264,LIDAR_ONLY,-0.29255066033699384,0.6988718415403311,-0.8930108138676686,0.025439109796224376,-0.03735837454722018,0.41308382267377425,0.9095707553506693,0.6863046546690548,0.4975648492972235,-0.0304162612539741,115,-0.27058694102214886,0.5099270435425867,-0.7796542827154972
1789036723.6220558,LIDAR_ONLY,-0.29110052687208,0.700757339164937,-0.893196314137606,0.025513493860805085,-0.03746044255275058,0.4130678565830031,0.9095717248973225,0.6863059227539426,0.4975663650059807,-0.030416333161536746,115,-0.2701414466692855,0.5097703579910396,-0.7797092858570659
1789036723.7200992,LIDAR_ONLY,-0.29199373841758663,0.6996329971911476,-0.8934318678418207,0.025476113108469013,-0.03745464546143746,0.41307524248611527,0.9095696571672119,0.6863070922813289,0.4975677629117982,-0.030416399480392688,115,-0.27047400009364775,0.5093889830900217,-0.7798968113839713
1789036723.8105142,LIDAR_ONLY,-0.2914321573638336,0.6996997881994793,-0.8938987552701324,0.025458554034499727,-0.037479887075521176,0.41309289764355117,0.9095610908607147,0.6863082336932769,0.4975691272122075,-0.03041646420499796,115,-0.26898469922545526,0.509809217758847,-0.780055760969468
1789036723.9149947,LIDAR_ONLY,-0.2944410523372321,0.7006044528212079,-0.8944614534929841,0.025489803133515745,-0.03745720413101372,0.41310258274700823,0.9095567513479593,0.6863095583764101,0.4975707105722668,-0.030416539322198316,116,-0.27153390435706143,0.50992242475797,-0.779722171061335
1789036724.0132535,LIDAR_ONLY,-0.292026316360331,0.7000429703568138,-0.8950863899249815,0.025508881477837992,-0.03746125345252219,0.41308900501055784,0.909562216340863,0.6863108549596416,0.497572260345545,-0.030416612846041517,116,-0.2706236254719425,0.5095654024129666,-0.7801014205392617
1789036724.1108532,LIDAR_ONLY,-0.29592376276684323,0.7000501436202723,-0.8960582318855543,0.0254953753459353,-0.03743392898441427,0.4131138251563886,0.9095524472296342,0.6863120388697632,0.49757367544376535,-0.030416679980721464,116,-0.2706236254719425,0.5095654024129666,-0.7801014205392617
1789036724.21546,LIDAR_ONLY,-0.2971203155406796,0.7009688889078383,-0.8964522180657158,0.02553474342232955,-0.037383869357597146,0.4131265408603419,0.9095476262554799,0.6863133356134151,0.4975752254093867,-0.030416753513793193,116,-0.2704872220805256,0.5100235121215183,-0.7800888848142967
1789036724.3339205,LIDAR_ONLY,-0.2970283607408356,0.7017429809778714,-0.8969947408680641,0.025567455250336244,-0.037454568033735855,0.4131269285901761,0.9095436226147022,0.6863148297914934,0.49757701136387933,-0.030416838242655127,116,-0.2707018260315989,0.5099712636041065,-0.7796748678287764
1789036724.440861,LIDAR_ONLY,-0.2970771834376825,0.7024629672737626,-0.8970621140790207,0.025536510722773874,-0.037427417855360086,0.413131554280088,0.9095435085090239,0.6863161831052839,0.49757862894708854,-0.030416914983744936,116,-0.2705297803336715,0.5101398848800345,-0.7796063070184804
1789036724.550431,LIDAR_ONLY,-0.2967403384507641,0.702452731111441,-0.8976325502315053,0.02556096744068092,-0.03741568215641771,0.4131347766750733,0.9095418406944804,0.686317536510171,0.4975802466395209,-0.030416991730074575,116,-0.26976651935529317,0.5096314316208455,-0.7794431642543691
1789036724.6639192,LIDAR_ONLY,-0.29790669857671964,0.7023791201429779,-0.8982515716284994,0.025541362113148912,-0.03739503379547792,0.41313239712553385,0.9095443214677064,0.6863189605031714,0.49758194870459305,-0.03041707247926132,116,-0.2705084423928339,0.5105082172869311,-0.7798518949758695
1789036724.7812116,LIDAR_ONLY,-0.29859472093607964,0.7019048181887795,-0.8986645938076212,0.02552794157516387,-0.03739524408269234,0.413132078712989,0.9095448342205104,0.6863203563960215,0.4975836171825791,-0.03041715163507515,116,-0.2703350552388396,0.5101130184301065,-0.7797321949971744
1789036724.9404626,LIDAR_ONLY,-0.2993364705376839,0.7030238572971772,-0.8992549433034261,0.025543077164107204,-0.03734752575403404,0.413129291956158,0.9095476357271476,0.6863224856713009,0.49758616225606,-0.03041727237838772,116,-0.26891457146072467,0.509759710216953,-0.7799937658656695
1789036725.0346437,LIDAR_ONLY,-0.29949243962185607,0.7048903486091439,-0.899332660766631,0.025588591958906157,-0.03737083446481724,0.41312475765215506,0.9095474585241895,0.6863236843688314,0.4975875950318448,-0.030417340352163022,116,-0.2713317545755917,0.5098178669583003,-0.780146983752844
1789036725.1321,LIDAR_ONLY,-0.2992334282575676,0.7050741880132049,-0.8998818887886302,0.025625815778885074,-0.037390750869087094,0.4131263416025196,0.9095448725539772,0.686324953655547,0.4975891121815511,-0.03041741232885615,116,-0.271092576636909,0.5106820531151781,-0.7800725733729542
1789036725.2435875,LIDAR_ONLY,-0.2998503032140022,0.7046142174350928,-0.9005198618353151,0.025599684300252473,-0.03741070933182662,0.41313064272624445,0.9095428340829349,0.686326265335586,0.4975906800033394,-0.030417486709589263,116,-0.27032194978804536,0.5093816808439419,-0.7802831543287521
1789036725.3428113,LIDAR_ONLY,-0.29771430510775365,0.7065002672592007,-0.90068799353472,0.025678133663101264,-0.03744070216947294,0.41310008915430735,0.9095532659571621,0.6863274501519832,0.49759209618811906,-0.030417553896392287,116,-0.27032194978804536,0.5093816808439419,-0.7802831543287521
1789036725.4528809,LIDAR_ONLY,-0.29808597425356165,0.7075692434288907,-0.9006839218885218,0.025731875113898208,-0.03742236103862413,0.4130945547367556,0.9095550155676453,0.6863288043128155,0.497593714786853,-0.030417630686194616,116,-0.26796370580424966,0.5093590517186395,-0.7796520549999045
1789036725.5706568,LIDAR_ONLY,-0.29798797733641114,0.7081312903599927,-0.9012143864679453,0.025734007400737217,-0.037441807780901594,0.4130853824246276,0.9095583206811402,0.686330214993312,0.4975954009426456,-0.030417710681108726,116,-0.2687450926330926,0.5092969386718018,-0.7799627128111479
1789036725.6855826,LIDAR_ONLY,-0.2987054901678331,0.7092701390899837,-0.9012254284842713,0.02572593479807379,-0.037432060276570554,0.4130958658032504,0.9095541890390475,0.6863316680968843,0.49759713780618503,-0.030417793081772684,116,-0.26950786183161884,0.509680813426661,-0.780106697762624
1789036725.7923784,LIDAR_ONLY,-0.2991634507877586,0.7091906339436924,-0.901849920009202,0.025756026127422216,-0.03743419783127257,0.41309104815954983,0.9095554374975158,0.6863330507580989,0.4975987904718281,-0.03041787148796113,116,-0.269176006792876,0.510033590526878,-0.7799803181167617
1789036725.9030323,LIDAR_ONLY,-0.30052486000960626,0.7103788301911623,-0.9024039496809863,0.025775193259154158,-0.03741374851741451,0.4130930105278883,0.9095548446835601,0.6863344617339782,0.49760047698173304,-0.030417951499857432,116,-0.2706672664660934,0.5101194322969095,-0.7800916737013756
1789036726.0536518,LIDAR_ONLY,-0.30142309196068984,0.7103324742928733,-0.9023106269524165,0.02576217035435886,-0.037411607659424015,0.413104473276576,0.9095500955691518,0.6863364654881066,0.4976028720276509,-0.030418065126429736,116,-0.27067427707853053,0.5093805741572388,-0.7800272191749146
1789036726.1506176,LIDAR_ONLY,-0.30157311875157516,0.7110987935208163,-0.9028480828073977,0.025776894158969093,-0.03742925712329391,0.413106853327741,0.9095478712923075,0.6863377214628372,0.49760437326865575,-0.030418136348870937,116,-0.2685244425428902,0.5094954300454726,-0.7797988667159111
1789036726.2556238,LIDAR_ONLY,-0.3014797346527589,0.7123373253197133,-0.9032002043587801,0.025808945366889522,-0.03742792771778678,0.4130872788604507,0.9095559073577991,0.6863389916284707,0.49760589147203266,-0.030418208376095345,116,-0.26940086781038636,0.5094986341203894,-0.7799946434734178
1789036726.3589642,LIDAR_ONLY,-0.30145767664954615,0.7135228657200229,-0.9033430830724607,0.025819813869600645,-0.03743458039704521,0.4130926281982778,0.9095528956198622,0.6863402195305542,0.49760735915890336,-0.03041827800674081,116,-0.26940086781038636,0.5094986341203894,-0.7799946434734178
1789036726.4676914,LIDAR_ONLY,-0.30042435101945153,0.7144162114377864,-0.9037207372120843,0.0258295349490415,-0.03749061697814646,0.41308155171783906,0.9095553421278423,0.6863415180822098,0.497608911292078,-0.030418351643773642,116,-0.2690712571460729,0.5093435197379531,-0.7800600077468889
1789036726.581355,LIDAR_ONLY,-0.3001591631754876,0.7156079426444577,-0.9041438568561344,0.02586989862177653,-0.0374794327769994,0.4130692243875958,0.9095602543690239,0.6863429296451846,0.49761059850577755,-0.030418431689417,116,-0.2706584831959059,0.5093888923317066,-0.7803118854989248
1789036726.7372296,LIDAR_ONLY,-0.29991918271523865,0.7162649047776838,-0.9043727509925052,0.025864731224905832,-0.03747528890904305,0.41307366063038187,0.9095585573745449,0.6863450189375405,0.49761309579681084,-0.030418550167265655,116,-0.2685439352768231,0.5091310625014881,-0.7800412929284731
1789036726.8276339,LIDAR_ONLY,-0.30014851822341515,0.7176048272102958,-0.9048062685795064,0.025896512810491965,-0.037453165282500436,0.413067583879642,0.9095613240361602,0.6863461907288002,0.4976144964167238,-0.03041861661629859,116,-0.26969814480423904,0.5091763913592047,-0.7802534113217611
1789036726.929167,LIDAR_ONLY,-0.2975637701654333,0.7200276092754868,-0.9048440460556924,0.025945674030596565,-0.03753867994120847,0.4130347357612065,0.9095713147203138,0.686347376706405,0.4976159139935412,-0.030418683869851797,116,-0.26982479745100263,0.5097224096169,-0.7803646057539572
1789036727.0268877,LIDAR_ONLY,-0.2998603783230505,0.7196612331393591,-0.905021770433272,0.025900105517311374,-0.03751306490870028,0.413072793027601,0.9095563875624889,0.6863486615930606,0.49761744979475925,-0.030418756732326198,116,-0.26982479745100263,0.5097224096169,-0.7803646057539572
1789036727.1346488,LIDAR_ONLY,-0.29567266952841126,0.7208651982522228,-0.9051635102405062,0.02594749916297624,-0.03761926249090674,0.4130432412340902,0.9095640709964663,0.6863500312863096,0.49761908696403007,-0.03041883440402208,116,-0.2685550418443288,0.508522024704799,-0.7798623533808291
1789036727.2463918,LIDAR_ONLY,-0.2946648968643455,0.7225372729069651,-0.905746052996501,0.025988196204123886,-0.03761405085133232,0.4130250010678654,0.9095714074933859,0.6863513869491699,0.4976207073633406,-0.030418911280159548,116,-0.26827572166192515,0.5082621728363562,-0.7802962056877357
1789036727.3562136,LIDAR_ONLY,-0.29592748209377223,0.7229286707284676,-0.9056855293183461,0.025968425785691487,-0.03756448681668668,0.41302894745270285,0.9095722284450667,0.6863527991933016,0.4976223953935442,-0.030418991364946406,116,-0.2696891774021753,0.509446018270139,-0.7805743340466886
1789036727.4652076,LIDAR_ONLY,-0.29364699902379526,0.7244887911127696,-0.9062726504897335,0.02600063913839869,-0.037657652939326505,0.4130278960454495,0.9095679331571478,0.6863542115346382,0.4976240835402635,-0.030419071455318324,116,-0.2692702225399055,0.5092027581839758,-0.7803973771192272
1789036727.5816805,LIDAR_ONLY,-0.29501118885278277,0.7246001308476735,-0.9067498363662874,0.02600726969497243,-0.0376059566188025,0.41302052138370615,0.909573231172581,0.6863557510973459,0.4976259237528189,-0.03041915876018112,116,-0.2691240861562737,0.5096177812946932,-0.7802878050778073
1789036727.7048573,LIDAR_ONLY,-0.29429215863082614,0.7254181681704424,-0.9070596287665639,0.02599609517311455,-0.03760488126037072,0.41301072700323405,0.9095780424578223,0.6863573896577402,0.49762788229601385,-0.030419251679056625,116,-0.26961918754183906,0.5092027718613132,-0.780529918878429
1789036727.802128,LIDAR_ONLY,-0.29531715640884215,0.7251244037855801,-0.9078112835762784,0.026045204228107365,-0.03761892443623732,0.41302263263852074,0.909570650795925,0.6863585762829685,0.4976293006491115,-0.03041931896982069,116,-0.26961918754183906,0.5092027718613132,-0.780529918878429
1789036727.9021652,LIDAR_ONLY,-0.29495163764071464,0.7264942630278675,-0.9080186565368064,0.026067001655001764,-0.03761742075596162,0.413025597408195,0.9095687422982338,0.6863598759986215,0.49763085417754604,-0.03041939267373854,116,-0.2710954856469427,0.5094168984619514,-0.7805548959789482
1789036728.015979,LIDAR_ONLY,-0.29432034775995675,0.7258163125408617,-0.9086754905845779,0.026032977545863867,-0.0376493873064817,0.4130314722728497,0.9095657263923622,0.6863612746973016,0.49763252601904595,-0.030419471990826265,116,-0.26962274124607366,0.5093270841617721,-0.7803943901988314
1789036728.135903,LIDAR_ONLY,-0.2965327638599052,0.7271236016932645,-0.9090264746460069,0.026042228270602236,-0.03763582312014236,0.41305414943159213,0.9095557249570337,0.686362730009811,0.49763426553045625,-0.030419554518432187,116,-0.2696568976932469,0.5094879653956349,-0.7804744552674152
1789036728.2461636,LIDAR_ONLY,-0.2953544857806894,0.7284193588145038,-0.9091539571257851,0.026090556549447825,-0.03768845094140349,0.4130522050599897,0.9095530437636158,0.6863641430328176,0.4976359544942349,-0.030419634647964537,116,-0.27110241292398873,0.5097965328322808,-0.7805411145765669
1789036728.3541925,LIDAR_ONLY,-0.2961930125508706,0.7278008994494904,-0.9093973987330068,0.02605602460281316,-0.0376921415349179,0.4130651120747692,0.9095480192024321,0.6863655137575555,0.4976375928998735,-0.030419712378919363,116,-0.2705360122340885,0.5096501893088525,-0.780517066456476
1789036728.4639509,LIDAR_ONLY,-0.2969293455920456,0.7292201502396556,-0.9102493392162,0.026089251812811763,-0.03767823833660356,0.41306095040864593,0.9095495327595986,0.6863669269710646,0.4976392820919817,-0.030419792519393564,116,-0.2702749468572588,0.5095798010742689,-0.7804814759168537
1789036728.6164203,LIDAR_ONLY,-0.29577841711887015,0.7289686131517642,-0.9103147833153032,0.026086025956467536,-0.037694431632782646,0.41305211275389153,0.9095529677941944,0.6863689480342331,0.4976416978378736,-0.030419907129912105,116,-0.2700791779893314,0.509531979614111,-0.7803873273148273
1789036728.7151854,LIDAR_ONLY,-0.29463054602220956,0.7294981140733606,-0.9112727375193471,0.026140081981937898,-0.03770429299774161,0.4130403021640241,0.9095563705410291,0.6863702625379045,0.4976432690443501,-0.030419981672907388,116,-0.26952056121727697,0.5094940891647958,-0.7805449963539701
1789036728.8120117,LIDAR_ONLY,-0.294982362082308,0.7309282126902416,-0.9116068510939771,0.026170717592245155,-0.03771799981899309,0.41303992128196243,0.9095550942398992,0.6863714357675658,0.49764467138835405,-0.030420048204573842,116,-0.26952056121727697,0.5094940891647958,-0.7805449963539701
1789036728.9329693,LIDAR_ONLY,-0.293961834526527,0.7316558180859493,-0.9117785505526588,0.02613918865899702,-0.03775172644457473,0.413034819685708,0.909556918336559,0.6863727787023228,0.49764627657860594,-0.030420124359958535,116,-0.2696039948917065,0.5098945410062008,-0.7804448520893293
1789036729.0461822,LIDAR_ONLY,-0.295506179067682,0.7316904668511421,-0.9125067704986457,0.026172198978720074,-0.03773079054567734,0.41304688659204225,0.9095513580452932,0.6863741217240616,0.4976478818731054,-0.0304202005203381,116,-0.2696039948917065,0.5098945410062008,-0.7804448520893293
1789036729.1527019,LIDAR_ONLY,-0.2975831674473956,0.7322481597203521,-0.9133140867307966,0.02618089025452058,-0.0376995698040716,0.4130570366824797,0.90954779306486,0.6863754931096394,0.49764952107078025,-0.030420278289244734,116,-0.27111593677961093,0.5101615780493935,-0.7805706130556738
1789036729.2609873,LIDAR_ONLY,-0.2964175731070364,0.7327668571379458,-0.9135068306612258,0.02620894719786819,-0.037768628661972364,0.41304589752856263,0.9095491786102594,0.6863768645857978,0.49765116037701435,-0.030420356063352597,116,-0.2710864627520927,0.5101456638083351,-0.7805980903511522
1789036729.376089,LIDAR_ONLY,-0.2971801394380226,0.7357185992169313,-0.9131311243552453,0.02622955449863845,-0.03770451630053478,0.4130486309561389,0.9095500032359985,0.6863782502928194,0.4976528166934931,-0.030420434644534013,116,-0.26931624767152246,0.5095645290643126,-0.7802905970204786
1789036729.4931526,LIDAR_ONLY,-0.29695604503267214,0.7369584016768426,-0.9135083327377659,0.026231677059676085,-0.037708489225133826,0.4130436197487418,0.9095520530150276,0.6863797916468652,0.4976546590530565,-0.030420522052280713,116,-0.2694429334877099,0.5097186435008744,-0.7805134435872664
1789036729.598027,LIDAR_ONLY,-0.2963086377076412,0.736961597809724,-0.9144181345749018,0.026257771800468538,-0.03772108013041079,0.41302698405260907,0.9095583323670207,0.6863810644105783,0.49765618037051423,-0.030420594228755767,116,-0.27046156792408355,0.510477474045703,-0.7804910232966555
1789036729.7071302,LIDAR_ONLY,-0.29660871729540594,0.7379244926313062,-0.914907823607623,0.026331591306057885,-0.03769261363711588,0.4130167990243862,0.9095620033291539,0.6863824786837269,0.49765787083259755,-0.030420674430077753,116,-0.2693438552000051,0.5100203474065341,-0.7805121763850539
1789036729.8151011,LIDAR_ONLY,-0.2967284645380498,0.7372673686517848,-0.9152730662793456,0.02631371549812831,-0.03778996284252655,0.4130348746527369,0.9095502731601162,0.6863838930528703,0.49765956140972356,-0.03042075463691067,116,-0.27002007274419154,0.5100947375678146,-0.7806511928642382
1789036729.9430425,LIDAR_ONLY,-0.29639297762078304,0.7391851701203244,-0.9152493489349088,0.026273721531393537,-0.03777768632468801,0.41303723125827485,0.9095508691477034,0.6863855055507172,0.4976614888078907,-0.030420846079418237,116,-0.2701116132093184,0.5093761098243426,-0.7804080845765671
1789036730.0375938,LIDAR_ONLY,-0.2952356515318329,0.7406021448278304,-0.915433273148305,0.026336713160466273,-0.037765474161068874,0.41301816871522895,0.909558210788299,0.686386722078919,0.4976629429088357,-0.030420915067096113,116,-0.2701116132093184,0.5093761098243426,-0.7804080845765671
1789036730.1547518,LIDAR_ONLY,-0.29611770266138193,0.7406035469359856,-0.9160763881432299,0.026344697788140862,-0.037818729644201236,0.4130304590899514,0.9095501857789347,0.6863882782066629,0.49766480292918774,-0.030421003313078857,116,-0.26971796655156277,0.5101245843463322,-0.7803755824644798
1789036730.2567263,LIDAR_ONLY,-0.29615864343475495,0.7412028296034466,-0.9159538712989003,0.026318566070923536,-0.037766106430280506,0.4130289922799036,0.9095537949023765,0.6863895514882856,0.49766632486731754,-0.030421075519285176,116,-0.2701428939317433,0.5094053717949387,-0.7805913272115839
1789036730.3656836,LIDAR_ONLY,-0.29622098821928133,0.7417736268943198,-0.9163010034002067,0.026321905858765118,-0.03782313629280019,0.41304004420141543,0.9095463097165704,0.6863909663365775,0.4976680160186566,-0.03042115575362278,116,-0.2685327813573789,0.5097346152334014,-0.7800720457157606
1789036730.4740512,LIDAR_ONLY,-0.29601901522468177,0.742174970603118,-0.9166232507746938,0.026360004478755927,-0.037799244466185634,0.4130353555168281,0.9095483287735474,0.6863923812805358,0.4976697072846401,-0.030421235993451368,116,-0.26952606923705785,0.5089151037173797,-0.7804424990523489
1789036730.6223135,LIDAR_ONLY,-0.29634834974965757,0.7428792343825733,-0.9166884572761153,0.026363248689693874,-0.03783284321169948,0.4130315304330863,0.9095485748222285,0.6863943623626956,0.4976720752494948,-0.030421348338429917,116,-0.2686239945309574,0.5089168936765224,-0.7805600938937558
1789036730.7353714,LIDAR_ONLY,-0.29620768285318794,0.744005914873754,-0.9166018230124967,0.026368752179184853,-0.03786795604074532,0.41303551725708654,0.9095451436283851,0.6863958199927114,0.4976738175383525,-0.030421430999097797,116,-0.2686073727186356,0.5093323864868676,-0.7803772627797818
1789036730.8488295,LIDAR_ONLY,-0.2958378392665564,0.7447220634497622,-0.916993889927208,0.026362933800223837,-0.03790139384486129,0.4130349617549653,0.9095441717883394,0.6863971644985483,0.49767542461141795,-0.030421507244673435,116,-0.2688120069135278,0.5090865326287972,-0.780071167868195
1789036730.9588907,LIDAR_ONLY,-0.29568262703281273,0.7453008467351059,-0.9174211847911561,0.026425217054956155,-0.0379103453376677,0.4130206770746202,0.9095484780531491,0.6863986081691166,0.497677150215289,-0.030421589113846396,116,-0.26933966081782984,0.5091876171672951,-0.7805485914436278
1789036731.0657697,LIDAR_ONLY,-0.2956439745069781,0.74687527494244,-0.9173157527518679,0.026468459241455914,-0.037935387051684644,0.41302514967412474,0.9095441456088259,0.686400023628752,0.49767884209922747,-0.030421669383269546,116,-0.26942404150534277,0.5095346406886949,-0.7806158658070876
1789036731.1629097,LIDAR_ONLY,-0.2958892872743578,0.7464037446158918,-0.9178848975533755,0.02649239418674829,-0.03794145640149203,0.4130244857531654,0.9095434970933061,0.6864012693120866,0.4976803310515865,-0.03042174002488688,116,-0.2677579591442747,0.5091333844904304,-0.7806438437978771
1789036731.260154,LIDAR_ONLY,-0.2968965350612017,0.7478819628064397,-0.9180008019291904,0.02649171591882773,-0.037970159155838026,0.41303327145660607,0.9095383294129006,0.6864025009124606,0.4976818031709472,-0.030421809867920535,116,-0.2677579591442747,0.5091333844904304,-0.7806438437978771
1789036731.363526,LIDAR_ONLY,-0.29472267531347063,0.7489331199745048,-0.9186708189982437,0.02650881449255681,-0.03801895946968473,0.4130109162008958,0.9095459441798079,0.6864037750576668,0.4976833261439395,-0.030421882123687065,116,-0.26832775074594445,0.5087897830296393,-0.7805301388027668
1789036731.4715881,LIDAR_ONLY,-0.2949322381371096,0.749345940106347,-0.9187524265401352,0.026532346419901563,-0.03803601502815317,0.4130131327707257,0.9095435384373545,0.6864051625479104,0.4976849845973806,-0.030421960807219595,116,-0.2677976878549759,0.5088096554340494,-0.7805194699916601
1789036731.5798993,LIDAR_ONLY,-0.2963957972795495,0.7501480825880801,-0.9194025682327972,0.02653489241324686,-0.03805728871429958,0.41302940209779027,0.9095351863798761,0.6864065359700657,0.4976866262356425,-0.0304220386930213,116,-0.26758171862207003,0.5091645559950264,-0.7807713051189659
1789036731.6954184,LIDAR_ONLY,-0.29708791217507446,0.7504931881375386,-0.9195876648121599,0.02660980542834661,-0.0380418832101846,0.4130276027640021,0.9095344593427508,0.6864079661232629,0.49768833568425386,-0.03042211979606351,116,-0.26973498053945305,0.5095495031196278,-0.7806608368399833
1789036731.8063889,LIDAR_ONLY,-0.2967626458916633,0.7515124963007829,-0.919788140353669,0.026581092218926433,-0.038073198991314595,0.4130331450550135,0.909531471770483,0.686409396373405,0.4976900452490296,-0.030422200904667546,116,-0.26788557980222194,0.5084537575178169,-0.7805389915317448
1789036731.9189045,LIDAR_ONLY,-0.2970477237663299,0.7510645672363447,-0.9202567133077946,0.02659876441929162,-0.03810308040427634,0.4130380443864357,0.9095274789056684,0.686410869207476,0.4976918057142804,-0.030422284428246765,116,-0.26884844929533713,0.5091444293367533,-0.7804723995193726
1789036732.0405607,LIDAR_ONLY,-0.29566280458583827,0.7519107474113403,-0.9203785485903045,0.02661827931240077,-0.03812613812902257,0.41302988766106863,0.9095296458590555,0.6864124554513009,0.49769370173752264,-0.030422374383303842,116,-0.26913927651117564,0.5092765498566088,-0.7802577867195952
1789036732.1364028,LIDAR_ONLY,-0.29559487465770595,0.7532775792294142,-0.9205664557870731,0.026664683144132898,-0.03815192127097636,0.4130277893503511,0.9095281583329449,0.6864136593764975,0.49769514077891525,-0.03042244265732364,116,-0.26913927651117564,0.5092765498566088,-0.7802577867195952
1789036732.249499,LIDAR_ONLY,-0.29559215467326594,0.7534707754341989,-0.921031837790804,0.026677790636728656,-0.03819756255702914,0.41303111271315,0.9095243491146249,0.6864150333513072,0.4976967830793883,-0.0304225205748301,116,-0.26850339724815636,0.508494224018596,-0.7800888248522905
1789036732.3613355,LIDAR_ONLY,-0.29637568977272005,0.7538286884029471,-0.9219806070096462,0.026661305270647945,-0.03815763064600888,0.4130390091620567,0.9095229227101287,0.6864164640796434,0.4976984932171468,-0.030422601710865763,116,-0.2674407896310733,0.5083061958365354,-0.7800869523154145
1789036732.4697793,LIDAR_ONLY,-0.2939928539014397,0.7542410872671524,-0.9218150109656088,0.026712099157325024,-0.0381952883800394,0.413021334999056,0.9095278778244086,0.6864178665705089,0.49770016960316155,-0.03042268124562654,116,-0.2700162755337272,0.5089597504695916,-0.7802211031491748
1789036732.612595,LIDAR_ONLY,-0.29485486313584225,0.7553850240270603,-0.9222145220783305,0.026718326204818753,-0.038249273288177066,0.4130349993404851,0.9095192210489809,0.6864197933759169,0.4977024726985551,-0.030422790514177338,116,-0.27005631182998807,0.5091157332936099,-0.7799465016277385
1789036732.704194,LIDAR_ONLY,-0.29461915853442844,0.7570983274017883,-0.9225985074240082,0.02673778050772282,-0.0382638563104584,0.4130372687474357,0.9095170053492304,0.6864209410417081,0.49770384449471455,-0.030422855598010216,116,-0.27008652662584726,0.5093586368728726,-0.7799273539188001
1789036732.891157,LIDAR_ONLY,-0.2915442214987401,0.757977749508047,-0.9225227295727912,0.02679255555460794,-0.03835800651550191,0.4129977094986009,0.9095293916371913,0.6864233640954477,0.49770674075293553,-0.030422993008897475,116,-0.27050529744408175,0.5094954870849318,-0.7799658643257342
1789036732.98752,LIDAR_ONLY,-0.29490402341757255,0.7581684882602411,-0.9225840585805176,0.026746496511467144,-0.038290875351179594,0.41303836679042194,0.9095151133149484,0.6864246536694495,0.497708282171528,-0.030423066140450206,116,-0.26998063415067514,0.5090718171711855,-0.7797056409574825
1789036733.0834274,LIDAR_ONLY,-0.29574398519555073,0.758664546831836,-0.9233038515055191,0.02677773937138221,-0.0382323617815262,0.4130466573817937,0.909512890514748,0.6864258299425074,0.49770968816250516,-0.030423132846766503,116,-0.26968104065560455,0.5093898843664568,-0.779613218864879
1789036733.1913,LIDAR_ONLY,-0.29645228718581473,0.7589137077409717,-0.9232852784998614,0.02672055820141129,-0.03828683702230444,0.413077327362019,0.9094983515651274,0.6864272188787576,0.4977113483485494,-0.030423211613242275,116,-0.2706540709722202,0.5094396480878332,-0.7799456233110473
1789036733.2812455,LIDAR_ONLY,-0.297840283409258,0.7597500957851966,-0.9235460417181219,0.02674344111211346,-0.038299048329044724,0.4130835867513305,0.9094943219235778,0.6864283385974199,0.49771268674083,-0.03042327511244966,116,-0.27132669717387103,0.5101584241081739,-0.7797218194125104
1789036733.3875074,LIDAR_ONLY,-0.2990708874602163,0.7594052592075385,-0.9239300638948765,0.02676314242817187,-0.038274140413668584,0.41308389843889065,0.9094946493704582,0.6864296993474238,0.4977143132364955,-0.030423352280586208,116,-0.27164423280149097,0.510384925011502,-0.7798990100440385
1789036733.479235,LIDAR_ONLY,-0.29945135266616235,0.7601285504516163,-0.9241055108812892,0.026742155293891866,-0.038286904199575,0.41309594062187505,0.9094892599359149,0.6864308333721292,0.49771566872906625,-0.030423416591172293,116,-0.27054873356648385,0.5096205721495942,-0.780168947673423
1789036733.5769517,LIDAR_ONLY,-0.29938141742368674,0.7594322738139306,-0.924304255668634,0.026699891000366155,-0.03835192981713524,0.41311116285509375,0.9094808477501779,0.686432038339458,0.49771710901909266,-0.030423484924958874,116,-0.27054873356648385,0.5096205721495942,-0.780168947673423
1789036733.687285,LIDAR_ONLY,-0.299709470469923,0.7595468353571463,-0.925197800244235,0.026744775722764482,-0.038380614932775316,0.4131089829593921,0.9094793090374171,0.6864334560352053,0.4977188035823301,-0.030423565322644425,116,-0.27057787160863883,0.5099363022486336,-0.7801489314923435
1789036733.7966754,LIDAR_ONLY,-0.2991270593659347,0.761949155414355,-0.9248572146593088,0.026799332419596943,-0.038388601430241955,0.4130923620910296,0.9094849154571767,0.686434873825096,0.49772049825835873,-0.03042364572572758,116,-0.26973008023815054,0.5097631344274338,-0.779899669812845
1789036733.9422593,LIDAR_ONLY,-0.29960282141683936,0.7630555201993551,-0.9251732472849782,0.02679415500550917,-0.03837614263405504,0.41310042866657004,0.9094819298752272,0.6864368447093309,0.49772285404528194,-0.03042375749497358,116,-0.27025483239271075,0.5094121945010435,-0.779530881233388
1789036734.0437589,LIDAR_ONLY,-0.2976183885997012,0.7622759257099759,-0.9259093866098498,0.026809643879159323,-0.038389484703634666,0.4130881506560993,0.9094864871161011,0.6864381209183318,0.4977243794910429,-0.030423829869105717,116,-0.2700015197990445,0.5099058651168165,-0.7794991216469358
1789036734.1365337,LIDAR_ONLY,-0.29804558107613754,0.7633942908760459,-0.9261720790131615,0.02680787112441974,-0.0383924969239943,0.41309827590008963,0.9094818132728608,0.6864392837528133,0.49772576942103286,-0.030423895813781375,116,-0.2700015197990445,0.5099058651168165,-0.7794991216469358
1789036734.2397342,LIDAR_ONLY,-0.29866176854095866,0.7632101472007357,-0.9265513865544194,0.026846936064173307,-0.03840691011525233,0.41310084306071004,0.9094788863639969,0.6864405742894206,0.4977273119929107,-0.03042396900052672,116,-0.27016004026097246,0.5097575687502843,-0.7796985531928353
1789036734.3514423,LIDAR_ONLY,-0.2988849801290407,0.7627589468619478,-0.9267028170396919,0.02679887584797945,-0.03840289485032121,0.41311286365735694,0.9094750132913042,0.6864419783681139,0.4977289902813102,-0.03042404862633441,116,-0.2691169485797672,0.5093567832226665,-0.7798865519562845
1789036734.4602573,LIDAR_ONLY,-0.29940598685451,0.7640320715711383,-0.9271184539946541,0.026822404488473624,-0.03841589909574783,0.4131185437771166,0.9094711903637172,0.6864433825387994,0.49773066867991844,-0.03042412825741534,116,-0.27031849845987493,0.5092477552649765,-0.7800776937521333
1789036734.5708938,LIDAR_ONLY,-0.2990466277772926,0.7649014397231242,-0.9274454342171717,0.026881245265017673,-0.03845462553129209,0.4131066513511968,0.9094732184279265,0.6864448293562808,0.4977323980543018,-0.03042421030707177,116,-0.2694630168561039,0.5094723576026572,-0.7801892586767974
1789036734.7798169,LIDAR_ONLY,-0.2996014848597673,0.7667020578912079,-0.9275457836951676,0.02690188975473801,-0.03846639730910273,0.4131095932336958,0.9094707739031379,0.6864475104817844,0.49773560279217116,-0.03042436235503624,116,-0.27024447638212157,0.5094387632589005,-0.7795265760034933
1789036734.8723276,LIDAR_ONLY,-0.3000521374599008,0.7675121807074137,-0.928383847000277,0.026947681165404403,-0.038503105506797766,0.41310980453271423,0.9094677689424089,0.6864488157010231,0.49773716291548153,-0.030424436374743513,116,-0.2691310868512886,0.5087575053886644,-0.7798129264897766
1789036734.9704,LIDAR_ONLY,-0.3019306098261778,0.767684849048798,-0.9282469701115674,0.026895751497404245,-0.03849848280054383,0.4131438578081576,0.9094540329938832,0.6864500358689389,0.49773862137747976,-0.03042450557118627,116,-0.26968877522617335,0.5093083235655481,-0.7797642434038299
1789036735.065742,LIDAR_ONLY,-0.3026351961286524,0.7685874713198965,-0.9282221811549929,0.026918810996917796,-0.03842862568328495,0.4131354799334247,0.909460111034445,0.6864512419168791,0.49774006296210693,-0.030424573966917765,116,-0.26967780869078467,0.5093946036950162,-0.779452501374032
1789036735.1609645,LIDAR_ONLY,-0.30225853964091054,0.7672676589710586,-0.9288071194728417,0.02691559783115361,-0.03844993690730468,0.41314219692035364,0.9094562540711014,0.6864524906024344,0.49774155551150756,-0.03042464478069768,116,-0.2698080470749594,0.5094693278685021,-0.7797084797475148
1789036735.2610533,LIDAR_ONLY,-0.3028208497353829,0.7683779968268719,-0.9290212750501718,0.026958020685642674,-0.03844086016492226,0.4131493453197727,0.9094521338983909,0.6864537961238588,0.49774311599682525,-0.030424718817723434,116,-0.2683874320554529,0.5091056523805347,-0.7799679759656544
1789036735.3549528,LIDAR_ONLY,-0.30178080555869014,0.7687902846260356,-0.9292878956489555,0.026960236353416135,-0.038443026831006435,0.4131280124659609,0.9094616675043338,0.6864549456158268,0.49774448998083864,-0.030424784006249483,116,-0.26906045383019894,0.509820938282861,-0.7798085822525156
1789036735.4599018,LIDAR_ONLY,-0.3028490997384814,0.7696369165443313,-0.9292228220102297,0.026987383860090374,-0.03846362794247844,0.41314080768763967,0.9094541788683449,0.686456279671015,0.49774608457287195,-0.030424859661535755,116,-0.26906045383019894,0.509820938282861,-0.7798085822525156
1789036735.5622642,LIDAR_ONLY,-0.3020461614017439,0.7710306991141695,-0.9294291101084229,0.027032682814608505,-0.038475583687191735,0.4131216094881024,0.9094610488051341,0.6864575712285941,0.49774762836785147,-0.030424932906796785,116,-0.2686953355636682,0.5093237147153284,-0.7799497118234013
1789036735.67413,LIDAR_ONLY,-0.30361401948254085,0.7711756906725673,-0.9295537909669527,0.027034955450298805,-0.038461020830691216,0.4131401245610365,0.9094531865567095,0.6864590048060973,0.4977493419190666,-0.030425014206174515,116,-0.2695827158216587,0.5096997934211388,-0.7798291124336256
1789036735.8405545,LIDAR_ONLY,-0.3020067850876236,0.7713584229727346,-0.9299079671740601,0.02706045933003372,-0.03849753954154016,0.41312461185021876,0.9094579297986802,0.6864612334274282,0.4977520057844578,-0.03042514059326295,116,-0.2675163682192666,0.5088969784981761,-0.7801070517090526
1789036735.932263,LIDAR_ONLY,-0.30292175676725525,0.7727862162987944,-0.9298465199405519,0.02705941306020452,-0.03850932092245656,0.41312942944927383,0.9094552737160009,0.6864623975121167,0.4977533972121539,-0.030425206609589625,116,-0.267261826334237,0.5091542716933444,-0.7801798003191779
1789036736.0231135,LIDAR_ONLY,-0.3046141394213467,0.7730780747362009,-0.9304491809564013,0.027026516997128252,-0.038491172679628066,0.4131486116136003,0.9094483062420345,0.6864635758567853,0.49775480568493563,-0.03042527343465034,116,-0.26763792679638604,0.5092508167126637,-0.7800313720854505
1789036736.116363,LIDAR_ONLY,-0.30376847524143985,0.773957285601208,-0.9306884913591585,0.02706388372565465,-0.038534943913028225,0.413135360081162,0.9094513612865246,0.6864647684637288,0.49775623120555235,-0.03042534106857645,116,-0.26763792679638604,0.5092508167126637,-0.7800313720854505
1789036736.2202315,LIDAR_ONLY,-0.3024682463005155,0.7740907342986866,-0.9312545793710433,0.027027375954569582,-0.03855920771004832,0.41313647688333366,0.9094509112196273,0.6864660889266427,0.49775780955234383,-0.03042541595338634,116,-0.2676424198319249,0.5089253131083307,-0.7798371800369635
1789036736.334632,LIDAR_ONLY,-0.30254622674022613,0.7738711173564934,-0.9314185226446728,0.0270440831598136,-0.038594107942141666,0.41314450135538006,0.9094452888426053,0.6864675514687855,0.4977595577264064,-0.03042549889570975,116,-0.2681724906992831,0.5089263907033694,-0.7798949781620876
1789036736.4454076,LIDAR_ONLY,-0.30213785238526936,0.7757012175241118,-0.9312423135424924,0.027073076871973033,-0.03859195629612048,0.4131436808905373,0.9094448902259776,0.6864689431053839,0.4977612211474305,-0.03042557781695715,116,-0.26852544131073985,0.5093200159555518,-0.779849485382756
1789036736.5529876,LIDAR_ONLY,-0.30135140013652517,0.7761011499096478,-0.9314553069522843,0.02709930566165571,-0.038620934984350735,0.4131305806164801,0.9094488299915949,0.6864703490330533,0.49776290165078035,-0.03042565754871908,116,-0.2681535056239302,0.5092585330264676,-0.7797023751516527
1789036736.7878454,LIDAR_ONLY,-0.3036807543530344,0.7755595660906516,-0.931814140259086,0.027043002798813814,-0.03861255518035121,0.4131637450912343,0.9094357956031055,0.6864733742165903,0.4977665176491568,-0.030425829110505294,116,-0.2683132353786907,0.5099883362933987,-0.7795270485724309
1789036736.8794932,LIDAR_ONLY,-0.30322051331118594,0.7758972456474974,-0.9323470256812204,0.02704000598397242,-0.03859892854643644,0.4131585671462427,0.9094388155258811,0.6864745247491076,0.49776789287962114,-0.030425894358647128,116,-0.2691846725972637,0.5095028493937789,-0.7797392941825337
1789036736.9723399,LIDAR_ONLY,-0.30260793268019665,0.7772710133523612,-0.9326228805046047,0.02710626068013879,-0.03863854650680091,0.4131488446537554,0.909439577716436,0.6864758316006632,0.4977694549582745,-0.030425968471879596,116,-0.26982063426812974,0.5101783129211046,-0.7799849214136519
1789036737.0635438,LIDAR_ONLY,-0.3033894924169094,0.778989646875982,-0.9327759247134882,0.027132191903832474,-0.03867603460155973,0.41315333148722516,0.9094351726159482,0.6864769538510966,0.4977707963835062,-0.030426032116180488,116,-0.26948863464264344,0.5096009930089049,-0.7800296858578015
1789036737.1596682,LIDAR_ONLY,-0.30445649476212117,0.7786154140897286,-0.9331899721460363,0.02712948121411144,-0.03869261147439787,0.41316435213262154,0.9094295416321023,0.6864782182278998,0.49777230769247105,-0.030426103820694266,116,-0.268949197057621,0.5093157578438741,-0.7798340355101088
1789036737.2577076,LIDAR_ONLY,-0.3045652481984137,0.7790648428123959,-0.9334143718878134,0.027145905384017698,-0.038695511106646215,0.4131577112211971,0.9094319451721165,0.6864794968858786,0.49777383607190434,-0.030426176335154806,116,-0.2705713833716248,0.510198034501727,-0.7799554304904739
1789036737.3557606,LIDAR_ONLY,-0.3056243986773458,0.782284964636133,-0.9342226233014634,0.0272532262505309,-0.038727399074705446,0.413152178443372,0.9094298915624788,0.6864807898275063,0.4977753815247675,-0.0304262496597036,116,-0.2685831021747964,0.5096069625008409,-0.7798706202249632
1789036737.4527776,LIDAR_ONLY,-0.30634095133290196,0.7814603869251312,-0.934212717167644,0.027197502674684227,-0.038735628372629886,0.41317098571051064,0.9094226649417988,0.6864819691708434,0.49777679119378293,-0.030426316541970123,116,-0.2701135368706732,0.5094950552679529,-0.7796961464388154
1789036737.5525076,LIDAR_ONLY,-0.30504774528660444,0.7833392803500256,-0.9343323886963872,0.02722548107069921,-0.038733385177791756,0.41315520553506513,0.9094290924488924,0.6864832480489766,0.4977783198369118,-0.0304263890690391,116,-0.2701135368706732,0.5094950552679529,-0.7796961464388154
1789036737.6553228,LIDAR_ONLY,-0.3097686526933374,0.7842432419093787,-0.9348179865963041,0.027274443179123444,-0.038718029781684156,0.4131988017227177,0.9094084721257019,0.6864845696351646,0.4977798995291759,-0.030426464018188812,116,-0.26947147233844004,0.5098891606894759,-0.7795176344949267
1789036737.769205,LIDAR_ONLY,-0.30819359757221587,0.784959645122227,-0.9353080089040711,0.02734032122972095,-0.038724991714236566,0.4131789175422075,0.9094152318663009,0.6864860049968522,0.4977816152175419,-0.030426545419769323,116,-0.26964591204939387,0.5100281081507719,-0.7796406193015168
1789036737.8817499,LIDAR_ONLY,-0.3074153880771917,0.7862048755112009,-0.935542545303778,0.027343183507623235,-0.038789957055869934,0.41317255652873786,0.9094152671243095,0.6864874120271156,0.4977832970415697,-0.030426625214681556,116,-0.2689426459082035,0.5102846042696416,-0.7797317604446783
1789036738.0459743,LIDAR_ONLY,-0.3092950435868819,0.7854733702551376,-0.9360928739273636,0.027326579781059773,-0.03878378283790268,0.41320270531742676,0.9094023315038353,0.6864896009209718,0.497785913428008,-0.030426749350414325,116,-0.2675501245648194,0.5090043330113704,-0.7795788515417571
1789036738.1444933,LIDAR_ONLY,-0.3092326844472084,0.7856451582305394,-0.9365900992243901,0.027360822531549926,-0.03876468659322107,0.413197305269792,0.9094045696946486,0.6864908660309852,0.49778742561518036,-0.030426821096916704,116,-0.26844429944985065,0.5093512577103247,-0.7796607290412478
1789036738.2359128,LIDAR_ONLY,-0.3085897642063444,0.7870079507073777,-0.9370789242732446,0.02738500697351645,-0.038804910998519855,0.4131955665288716,0.9094029162457873,0.6864920601345149,0.49778885292839953,-0.03042688881655957,116,-0.26893730500270957,0.5090856826081416,-0.7797333078286396
1789036738.3269775,LIDAR_ONLY,-0.31025350734626483,0.7873946762866663,-0.937117269834349,0.02733577222995099,-0.038794109549066,0.4132175794341192,0.9093948563014279,0.6864931974365417,0.497790212346867,-0.030426953314925488,116,-0.26893730500270957,0.5090856826081416,-0.7797333078286396
1789036738.441331,LIDAR_ONLY,-0.3089991181873727,0.7877502982923427,-0.9384396095647412,0.027383057426293517,-0.038843040963542526,0.4132122931188351,0.9093937470370944,0.6864946617998849,0.49779196270232534,-0.030427036361551994,116,-0.26899251379476935,0.5092914640952731,-0.7795498592015524
1789036738.541569,LIDAR_ONLY,-0.309231372797535,0.7883565720572184,-0.9389818485855368,0.027421036470879272,-0.038873478637037925,0.41320156655766843,0.909396175938632,0.6864959556392278,0.49779350923041216,-0.030427109737505863,116,-0.26934925855903946,0.5099205130730489,-0.7795949118354515
1789036738.656522,LIDAR_ONLY,-0.3088907808133262,0.78924068220497,-0.9392192699708691,0.027439150352177963,-0.038876507681226746,0.4131959277924376,0.9093980621456199,0.6864973917481342,0.49779522581373326,-0.0304271911818706,116,-0.2682394933419901,0.5092746245326143,-0.7796681606410726
1789036738.7659788,LIDAR_ONLY,-0.30974754418663925,0.7900725110779513,-0.9396440377564799,0.027412189284229366,-0.038893877537324734,0.4132140407803054,0.9093899024460131,0.6864987852902268,0.4977968915170859,-0.0304272702122418,116,-0.26719442425854967,0.5090642859022375,-0.7796559340694659
1789036738.8731143,LIDAR_ONLY,-0.30913469996997417,0.7908997494966381,-0.9397170120297259,0.027493378363705214,-0.03891683846241206,0.41319754548057847,0.9093939642636002,0.6865001931419895,0.4977985743250248,-0.030427350054189305,116,-0.2687223988984261,0.5094178548459087,-0.7796239029665037
1789036739.0181088,LIDAR_ONLY,-0.3099916171680564,0.7917385750437719,-0.9401591141783073,0.027479907833131947,-0.03890345730545702,0.41320488047674386,0.9093916111474556,0.6865021557526306,0.49780092023768147,-0.030427461357646943,116,-0.26825662124876504,0.5097330337177961,-0.7795831258125139
1789036739.114914,LIDAR_ONLY,-0.30942579070611637,0.7912018905948149,-0.9407799678724507,0.027495372887163843,-0.03891655684218484,0.41319667856216924,0.9093943099110179,0.686503393140743,0.49780239929052456,-0.03042753153237575,116,-0.2676862781623284,0.5099237497070831,-0.7798307858910604
1789036739.303069,LIDAR_ONLY,-0.3098884526224534,0.7929144794211817,-0.9410815186757738,0.027530560305327287,-0.038957208710557904,0.41319886995374455,0.9093905090816076,0.6865057258778151,0.4978051876169288,-0.030427663826612314,116,-0.2683584716395057,0.5100472061133968,-0.7797753045073222
1789036739.3980732,LIDAR_ONLY,-0.3095438665847104,0.7938582052071327,-0.9411834452330049,0.027515238590391764,-0.038980358482051995,0.41320842383388884,0.9093856397429189,0.6865070772715708,0.4978068029414978,-0.030427740466944637,116,-0.26790375334031774,0.5097483376706631,-0.779522313148744
1789036739.4911618,LIDAR_ONLY,-0.3091270704981304,0.795083714771596,-0.9416922324160136,0.027536284288395812,-0.039014362941621826,0.41320334109858087,0.9093858539898331,0.6865082438044638,0.497808197301538,-0.030427806623470645,116,-0.27034359180986245,0.5103514168518014,-0.7797658274170809
1789036739.5851865,LIDAR_ONLY,-0.31079200786481676,0.7941073007014289,-0.9421900049917016,0.02756657078877457,-0.03894461614853812,0.413196840598106,0.9093908796374275,0.686509467307777,0.4978096597586342,-0.03042787601094335,116,-0.26882105522307126,0.5102380110025978,-0.7794611295245532
1789036739.683865,LIDAR_ONLY,-0.31150944335785236,0.7953576488087741,-0.9421632670964576,0.027552261181825927,-0.038995126253623585,0.41321187243676444,0.9093823186699505,0.6865107051069945,0.4978111393038266,-0.03042794620920332,116,-0.26918373888859415,0.5098481358768757,-0.7795260764257839
1789036739.7852254,LIDAR_ONLY,-0.3111924435296632,0.7955982714210197,-0.9425600084107011,0.027579295227791588,-0.03900543404268053,0.4132024536221107,0.9093853368680122,0.6865119287469379,0.49781260192455173,-0.03042801560449599,116,-0.2696007842601805,0.509858070004299,-0.7794037862118686
1789036739.8827477,LIDAR_ONLY,-0.31298909161378663,0.7967371852345252,-0.9427886454362931,0.02756862637769318,-0.03900099503050647,0.4132194816457795,0.9093781134460357,0.6865131666843249,0.49781408163521534,-0.030428085810663842,116,-0.2696007842601805,0.509858070004299,-0.7794037862118686
1789036739.9823596,LIDAR_ONLY,-0.31333998426357845,0.7968465491584016,-0.9433265502472441,0.02758481794324279,-0.03900588391509859,0.4132171256067309,0.9093784833304289,0.6865144616126821,0.4978156294675446,-0.03042815924895425,116,-0.26902157462644105,0.5098089422996872,-0.7796758155237622
1789036740.0933928,LIDAR_ONLY,-0.31130446197207967,0.7980433108757939,-0.9434956844627012,0.027637952806306865,-0.03902548803678011,0.4131955404613399,0.9093858368102227,0.6865158704671532,0.49781731347634745,-0.03042823914829458,116,-0.2690848436188188,0.5098699146059359,-0.7797477313310713
1789036740.2016912,LIDAR_ONLY,-0.31088123931697764,0.7998874651603841,-0.9434915838728479,0.027615401517016257,-0.03903834514880433,0.413183648711323,0.9093913731967634,0.6865172651792698,0.4978189805809439,-0.030428318245635473,116,-0.2687595991616242,0.5094261226081317,-0.7797427233345855
1789036740.3101459,LIDAR_ONLY,-0.3136651161915166,0.7993911437286383,-0.943545615862479,0.027613454477123184,-0.039057926407687446,0.41321138332577734,0.9093779897306561,0.6865186884456248,0.4978206818167332,-0.030428398962399683,116,-0.26834548257266516,0.5094799484361638,-0.7797376810158355
1789036740.4472885,LIDAR_ONLY,-0.3120131581949891,0.8004956144617806,-0.9443281844456483,0.027687609494515836,-0.03903999397329214,0.4131828959976762,0.9093894488094846,0.6865205388288316,0.4978228935872588,-0.03042850390202969,116,-0.2691051247229401,0.5098657793109549,-0.7797250297966677
1789036740.555552,LIDAR_ONLY,-0.31035195073488986,0.8012714668930287,-0.9444492050523013,0.027683148384708083,-0.03913486457203312,0.41317442019620754,0.909389357847323,0.6865217630135356,0.4978243568603732,-0.030428573328497466,116,-0.2686384672765624,0.5095101119853117,-0.7795441130505356
1789036740.6522515,LIDAR_ONLY,-0.30964541772892545,0.8026557834168121,-0.9450987125578133,0.02771906335942926,-0.03916299084804207,0.41316441507934326,0.9093915987001729,0.6865230015018227,0.4978258372307748,-0.030428643566190974,116,-0.2686384672765624,0.5095101119853117,-0.7795441130505356
1789036740.7612712,LIDAR_ONLY,-0.3096480390875902,0.8027646030857221,-0.9456254536203792,0.027757759687782237,-0.03914020321559567,0.4131592337430975,0.9093937534655568,0.6865244109003171,0.4978275218910734,-0.030428723496662133,116,-0.2672789824098155,0.5097966248245807,-0.7794658192569113
1789036740.8733735,LIDAR_ONLY,-0.31129143598057846,0.8037860172960875,-0.945753271679756,0.027729248822450914,-0.03913791915226887,0.4131927184193411,0.9093795079555115,0.6865258061507471,0.4978291896403231,-0.03042880262480622,116,-0.26763348287185007,0.5091047043111262,-0.7795175258360032
1789036740.9819324,LIDAR_ONLY,-0.3110704085598422,0.8036048805444805,-0.9463224795846211,0.02778249627545015,-0.03915080767695501,0.41318240910242077,0.9093820121199158,0.6865272442047986,0.49783090855314144,-0.03042888418049701,116,-0.267957123900332,0.5095415682914257,-0.7796108092239956
1789036741.2138155,LIDAR_ONLY,-0.30808356855169555,0.804802865264504,-0.9461809919485699,0.02780962083895997,-0.03920548226060013,0.41315069126908777,0.9093932380732672,0.6865302629976429,0.49783451693119174,-0.030429055384043807,116,-0.26670949633920754,0.5096819606134328,-0.7795920179179819
1789036741.3031516,LIDAR_ONLY,-0.3077274000897564,0.8051689447535532,-0.9463160978989722,0.02779389959585691,-0.03918702664948626,0.41316023485604886,0.9093901783180433,0.6865313453063437,0.4978358106203648,-0.030429116764618243,116,-0.2670769244184138,0.5093110924497638,-0.7795112042517176
1789036741.4051049,LIDAR_ONLY,-0.30841262047444173,0.8058134049150296,-0.9470878441716107,0.027798678115327952,-0.039178497435125186,0.41317427034478704,0.909384022929158,0.6865327979614094,0.49783754698663935,-0.030429199148550676,116,-0.26776421288856367,0.5097600811589272,-0.7794565405308241
1789036741.4963522,LIDAR_ONLY,-0.3097894740747315,0.8072719589336764,-0.9472128145562649,0.027809694771855298,-0.039220999297714165,0.4131960050579898,0.9093719786176077,0.6865339800939189,0.49783895999602595,-0.030429266190464162,116,-0.2681598465747447,0.5098067758769399,-0.7797275435556913
1789036741.5937538,LIDAR_ONLY,-0.3084393489375727,0.8059083819610194,-0.9482148353619748,0.027785183623426166,-0.03925703995572135,0.41318726427285635,0.9093751442763544,0.686535205020395,0.49784042415741575,-0.030429335659371254,116,-0.2676464452709935,0.5096686604170452,-0.779693703323213
1789036741.689854,LIDAR_ONLY,-0.31010548327069765,0.8075451132408322,-0.948195460078243,0.027855217406609966,-0.03925861362111945,0.41320626317796844,0.90936430114134,0.6865364300143109,0.4978418883995617,-0.030429405132136204,116,-0.2686629494065974,0.5098119508264397,-0.7797806558578853
1789036741.781936,LIDAR_ONLY,-0.3100651688426027,0.8095490469338746,-0.9483678037604099,0.02791470654093036,-0.03929587769695503,0.4131974399958219,0.9093648765680686,0.6865376408303572,0.4978433356949629,-0.030429473800867808,116,-0.267468783477212,0.509531625683574,-0.7796512629703993
1789036741.8755622,LIDAR_ONLY,-0.31044130462624,0.8079377161119076,-0.9491212000762016,0.027850130749994005,-0.03924106416580234,0.41321192335692425,0.9093626424568007,0.6865387377440806,0.49784464684238255,-0.030429536009911017,116,-0.267468783477212,0.509531625683574,-0.7796512629703993
1789036741.9811358,LIDAR_ONLY,-0.3098262719860776,0.8083468427980816,-0.9495943535450361,0.027860137249497884,-0.039269986354785326,0.41320739696319647,0.9093631441943497,0.6865400626599387,0.49784623052224797,-0.030429611149627778,116,-0.2670915092958436,0.5096069815590557,-0.7793548654569314
1789036742.0909567,LIDAR_ONLY,-0.31030872028140966,0.8097611544969134,-0.949950252607933,0.027918302982025193,-0.039332401626420106,0.4132169065664747,0.9093543416449582,0.686541487388522,0.4978479335090495,-0.030429691950048514,116,-0.2679714410873702,0.5098695219034414,-0.7793648743204842
1789036742.258968,LIDAR_ONLY,-0.31127424758524347,0.8098921500495136,-0.9506449915133038,0.0279527664905775,-0.039292489811743526,0.41321221236172145,0.9093571414164232,0.6865436816485628,0.4978505563218924,-0.030429816392878888,116,-0.2679114549450199,0.5094606064272006,-0.7794065800486825
1789036742.3553512,LIDAR_ONLY,-0.31061782005846994,0.8111717858143452,-0.9513337262500182,0.028003865857988943,-0.039347796978540454,0.4132061861478205,0.9093559160741828,0.6865449356083224,0.4978520551880933,-0.030429887508608706,116,-0.2666979236516229,0.50957150330313,-0.7792816559444126
1789036742.457561,LIDAR_ONLY,-0.30999932736654157,0.8122140617276149,-0.9511181962898305,0.027984215261906448,-0.03930820853420224,0.41319374607672227,0.9093638857141251,0.6865462893939344,0.49785367337694664,-0.030429964285792935,116,-0.26698842556524505,0.509851874991926,-0.7793185703392842
1789036742.5581734,LIDAR_ONLY,-0.3097380194741522,0.8144595209809743,-0.9517181825641636,0.028033093236454396,-0.03943082388866523,0.4131930678733552,0.9093573799516131,0.6865475292485236,0.4978551553834498,-0.030430034601646574,116,-0.26725145765153946,0.509051484505902,-0.7792485234327444
1789036742.6482975,LIDAR_ONLY,-0.3100455158171665,0.8148263531956229,-0.952217228499579,0.028060277456066103,-0.03938557288783894,0.41318457738683584,0.9093623603861374,0.6865486979100746,0.4978565522925692,-0.03043010087996066,116,-0.26725145765153946,0.509051484505902,-0.7792485234327444
1789036742.7577515,LIDAR_ONLY,-0.31096290607745525,0.8156621384233518,-0.9523951300162319,0.02805492252468676,-0.03940768017055059,0.41319854357254004,0.9093552219321344,0.6865500804300513,0.49785820482828724,-0.030430179286867455,116,-0.26730139161338395,0.509478161660914,-0.7796535853350941
1789036742.8736312,LIDAR_ONLY,-0.31017280503018213,0.8159413577956872,-0.9525275920162588,0.028053396269092493,-0.03945591940661318,0.41319986046162255,0.9093525788691886,0.6865515913227916,0.49786001080906295,-0.030430264974229848,116,-0.26738220242653865,0.5093786516747134,-0.779417224561624
1789036742.9748611,LIDAR_ONLY,-0.3116904483090464,0.8167089860159119,-0.9527517540321124,0.02803998739998739,-0.03940776891836437,0.41320553095493406,0.9093525037320437,0.6865529027463497,0.4978615783630859,-0.03043033934912221,116,-0.2674215983737279,0.5091376090274123,-0.7794654902249594
1789036743.0847263,LIDAR_ONLY,-0.3123368574392466,0.8169302397598163,-0.9530199199699079,0.028033727007928225,-0.03944310406724126,0.4132152563565238,0.9093467455298875,0.6865542997820232,0.4978632482500611,-0.030430418579382633,116,-0.26853211674030747,0.5091540121741372,-0.7795988046209277
1789036743.1998825,LIDAR_ONLY,-0.3120934675351806,0.8176127881801596,-0.9532332902666034,0.028113217350958876,-0.03941048396410413,0.41320762930653876,0.9093491715764428,0.6865557967026448,0.4978650375304454,-0.030430503474476234,116,-0.26845529190709705,0.5094700826074491,-0.7797531837247096
1789036743.4065282,LIDAR_ONLY,-0.3129749245102739,0.819868516597876,-0.9542714426383916,0.028161506185907348,-0.0395071214697936,0.41322894112333747,0.9093337996250868,0.6865584771531207,0.4978682414934031,-0.03043065549140074,116,-0.26721493298091764,0.5090984850887448,-0.7796560685285812
1789036743.5053174,LIDAR_ONLY,-0.3141521993231333,0.8189683472164825,-0.954580671266234,0.028135184028315465,-0.039468860499177985,0.41323976973216187,0.9093313549978903,0.6865598745362345,0.4978699117963866,-0.03043073474152818,116,-0.2676306523636383,0.5087019834589598,-0.7797861822000236
1789036743.605874,LIDAR_ONLY,-0.3124936334233775,0.8191001440534486,-0.9550852090668643,0.028105343218107898,-0.03949485053128345,0.41323678856395823,0.9093325041157665,0.6865611864444575,0.49787147993072456,-0.030430809144134235,116,-0.26804069893307436,0.5091364454224058,-0.7798167569760639
1789036743.6946192,LIDAR_ONLY,-0.31288147832300217,0.820880479135453,-0.9559858496595015,0.028153295640806417,-0.039604947319106486,0.4132606307719522,0.9093153969588224,0.6865622702525445,0.4978727754152714,-0.030430870610462263,116,-0.2664159686946451,0.5087902092033691,-0.7796666907588912
1789036743.7899182,LIDAR_ONLY,-0.3122268579540729,0.8202967081323529,-0.9560102859111012,0.02818463477389113,-0.039581916401324635,0.4132351763330118,0.9093269969035811,0.6865635109917856,0.4978742584810217,-0.030430940976902812,116,-0.2678858521102732,0.5090463259068766,-0.7797023360271695
1789036743.8817785,LIDAR_ONLY,-0.3129298390740122,0.8200582966068051,-0.9563343929765319,0.02819610472522387,-0.03954063649581704,0.4132375457704287,0.9093273604755675,0.6865647090119176,0.49787569048440294,-0.030431008920630838,116,-0.26769430560678237,0.5095559813384886,-0.7794416985023904
1789036743.974759,LIDAR_ONLY,-0.3122525413283482,0.8213281016946998,-0.9565098341931858,0.028225018576676864,-0.03955930720978411,0.413232630140697,0.9093278852682515,0.6865658643060805,0.4978770714172004,-0.030431074441253987,116,-0.26769430560678237,0.5095559813384886,-0.7794416985023904
1789036744.0778604,LIDAR_ONLY,-0.31303606878017376,0.8224168525280264,-0.9575475011479126,0.028237047042666656,-0.03964415014625968,0.41324812028164065,0.9093167773758393,0.6865671622999415,0.49787862292028423,-0.03043114805489005,116,-0.2667313776422636,0.5089331974093486,-0.7797717020356758
1789036744.1902034,LIDAR_ONLY,-0.3134554305316819,0.8219880359672378,-0.957530529431503,0.02822242155457017,-0.03963227288389675,0.41325645321493826,0.909313962140614,0.6865685602232261,0.4978802938700231,-0.03043122733590093,116,-0.26729708696542953,0.5093103082454932,-0.7796721076741793
1789036744.3667102,LIDAR_ONLY,-0.31184663477058444,0.8236085843679485,-0.9580194680775901,0.028259710907932317,-0.03967619095728505,0.4132348293429242,0.9093207159349476,0.6865709425986208,0.4978831415442422,-0.03043136244864912,116,-0.2669056989334047,0.5096466594112586,-0.7796809527456234
1789036744.4648466,LIDAR_ONLY,-0.31371180547338434,0.8239079161878705,-0.9583311932246518,0.028280697887370546,-0.03961668972329979,0.4132434997703105,0.909318717458272,0.6865722266179922,0.4978846763440715,-0.030431435269875712,116,-0.2666084595213886,0.5094089956458878,-0.7795139673060434
1789036744.570696,LIDAR_ONLY,-0.31497222656199464,0.8250269420877727,-0.9587962038938019,0.028353195625669014,-0.03961443252672212,0.41325214820474115,0.9093126277785681,0.6865735963192845,0.4978863135604249,-0.030431512950459844,116,-0.26743080736298397,0.5096975694496992,-0.7796032511231965
1789036744.6598792,LIDAR_ONLY,-0.3149005002153656,0.8253298878469763,-0.9594835098334193,0.02833649270478453,-0.039673203429121326,0.41325802701601455,0.9093079144149655,0.6865747520694687,0.49788769503920915,-0.030431578497152216,116,-0.2674836945138628,0.5091937494246144,-0.7795470333294714
1789036744.750605,LIDAR_ONLY,-0.3140017587323369,0.8268728489195739,-0.9596221470033697,0.028340568959662044,-0.03968004344172444,0.41325806038962287,0.9093074737548968,0.6865759078788696,0.49788907658889103,-0.030431644047229547,116,-0.26760312598197755,0.5098653496730499,-0.7795794603713105
1789036744.8522885,LIDAR_ONLY,-0.3148859069376748,0.8269559113332368,-0.9602932333528282,0.028376782215231867,-0.0396741599240941,0.4132645948922041,0.9093036312882563,0.6865772207218448,0.49789064584239845,-0.030431718503273517,116,-0.26760312598197755,0.5098653496730499,-0.7795794603713105
1789036744.9634106,LIDAR_ONLY,-0.3128162033057688,0.8284060841802955,-0.9602327633448074,0.028392258779913842,-0.03970128572753392,0.4132577050364307,0.9093050955432822,0.686578590726347,0.49789228342177155,-0.030431796201189326,116,-0.2688429342079548,0.509996273982256,-0.7793668731349347
1789036745.0730445,LIDAR_ONLY,-0.31214859023190084,0.82817592551127,-0.9604536116769596,0.028395208899123427,-0.039754435798164095,0.41326224369900777,0.9093006185408689,0.6865799750861336,0.49789393816031546,-0.03043187471328277,116,-0.26836264854739356,0.5094969104351827,-0.7794561428574689
1789036745.1847188,LIDAR_ONLY,-0.3115327647662533,0.8290313557103378,-0.9608142221296754,0.028429697075480015,-0.03979084538926326,0.413254586850423,0.9093014282373532,0.6865814166230534,0.4978956612434089,-0.030431956468139933,116,-0.2679656374594825,0.5094138300005384,-0.7795900200098008
1789036745.2942307,LIDAR_ONLY,-0.31391137070928105,0.8288844424775921,-0.961497334932131,0.02843094255988807,-0.0397543621139386,0.4132684784974448,0.9092966715426144,0.6865828297038958,0.497897350312848,-0.030432036609187654,116,-0.2680893150594361,0.509587718681003,-0.7797068983351426
1789036745.5389762,LIDAR_ONLY,-0.3136574267922457,0.8299017455492759,-0.9617003506805716,0.0284453788463055,-0.039769196375954566,0.4132641112855115,0.9092975562296961,0.6865860558555755,0.49790120656433523,-0.03043221957634213,116,-0.2688117211348863,0.5096156572634127,-0.779828224560851
1789036745.6432571,LIDAR_ONLY,-0.3124958800892179,0.8306338355598252,-0.9619158929845841,0.028485740158588905,-0.03978452646591292,0.4132526503846908,0.9093008308648625,0.6865873550110976,0.4979027594582178,-0.030432293256378126,116,-0.26878101577610347,0.5095710360546908,-0.7795581786716556
1789036745.7373662,LIDAR_ONLY,-0.3136136528698271,0.8314449926142705,-0.9623627903402966,0.02845103078816332,-0.039830849500732714,0.4132779559613822,0.9092883884618361,0.6865885685753206,0.49790421004407254,-0.030432362082236236,116,-0.26878101577610347,0.5095710360546908,-0.7795581786716556
1789036745.8529708,LIDAR_ONLY,-0.31330892389624565,0.831365187909678,-0.9628630563018493,0.028493976997726975,-0.039822783503847346,0.413267457063312,0.9092921687341655,0.6865899535456611,0.4979058655135794,-0.03043244062922377,116,-0.26801630861922104,0.5095464291309827,-0.779410319360987
1789036745.9691525,LIDAR_ONLY,-0.31170856773941685,0.8321420610393223,-0.9628699014267886,0.02848645748839867,-0.039862655286295325,0.4132518908855473,0.9092977318418909,0.6865913671593379,0.497907555220929,-0.030432520800722597,116,-0.2684949128947389,0.5090027941664137,-0.7796906061081167
1789036746.0849056,LIDAR_ONLY,-0.313050243143757,0.8335602301517181,-0.9629885054551119,0.028501652448599698,-0.039880111990941325,0.4132747625678678,0.9092860952966133,0.6865928522625403,0.49790933038064,-0.030432605026709747,116,-0.26721979214496655,0.508836099221646,-0.7795981825039036
1789036746.1916263,LIDAR_ONLY,-0.31176522144186447,0.8338672036729948,-0.9634201788338597,0.028523132950529644,-0.03986345708028498,0.4132625845308043,0.9092916869207672,0.6865942517756616,0.4979110032337791,-0.030432684398588157,116,-0.2683647432008454,0.5093077179070918,-0.7796492319756406
1789036746.284716,LIDAR_ONLY,-0.31263936128052533,0.8341813664799804,-0.963810909596785,0.02849452313253014,-0.03985354950791645,0.41327369394141383,0.9092879690390104,0.6865955085548449,0.4979125054756379,-0.030432755675496526,116,-0.26707055504492616,0.5085233380335957,-0.7797063678222448
1789036746.3919961,LIDAR_ONLY,-0.31196175683884836,0.834059480569444,-0.964548517798514,0.02854875361616823,-0.039887027480677135,0.41326917659659135,0.9092868531881975,0.6865969225145585,0.4979141955972517,-0.030432835866768655,116,-0.2672808081759014,0.508396078979607,-0.7795134690041177
1789036746.4809163,LIDAR_ONLY,-0.31349791889771117,0.8353271833204814,-0.9648130709241628,0.028517569917566942,-0.03989794946773442,0.4132876910640533,0.9092789375374372,0.6865980080382873,0.4979154931358266,-0.030432897431156694,116,-0.26861608566746875,0.509295583939385,-0.7794144349104638
1789036746.5742152,LIDAR_ONLY,-0.3128826347248336,0.8359963676570223,-0.9649201257639942,0.0285349445095233,-0.0398501731052799,0.4132789345304455,0.9092844675450569,0.6865992078879892,0.49791692732961834,-0.030432965479453122,116,-0.26879099860134903,0.5094192438349646,-0.7795137331715994
1789036746.6735632,LIDAR_ONLY,-0.3133785733414831,0.8371048193617374,-0.9662091896322856,0.02857654325361148,-0.03994921859305761,0.41328653843268764,0.9092753588763997,0.6866005506520125,0.4979185323506369,-0.03043304163302645,116,-0.26758885226323204,0.5089678836124014,-0.7796012395322228
1789036746.7678936,LIDAR_ONLY,-0.31163315545087406,0.8358112976488411,-0.9661427000159201,0.02854642291653626,-0.039935488646664685,0.4132762336779709,0.9092815917867102,0.6866017792076803,0.49792000085724347,-0.030433111309411717,116,-0.268315918748651,0.5093605198026983,-0.7790384862756932
1789036746.8580961,LIDAR_ONLY,-0.313096620713831,0.8357652627578633,-0.9666111834045066,0.028531911527016292,-0.03993931321395155,0.4132941300975823,0.9092737449808475,0.6866029506829971,0.4979214011351676,-0.030433177748564147,116,-0.268315918748651,0.5093605198026983,-0.7790384862756932
1789036746.963931,LIDAR_ONLY,-0.3140964155463479,0.8365371426173761,-0.9670329567270558,0.028529400588691804,-0.039975003718440164,0.41330515212737806,0.9092672454260768,0.686604250805447,0.4979229551866177,-0.030433251483850787,116,-0.26911998273904075,0.5096464882822996,-0.7793573298311388
1789036747.0861108,LIDAR_ONLY,-0.31334539588171284,0.836644893890861,-0.9677878141039314,0.028560428240692794,-0.03995425862073446,0.4132956525354582,0.9092715011216758,0.6866057510389649,0.497924748433316,-0.030433336568296873,116,-0.2689278512464619,0.5093637471003274,-0.7793598571243034
1789036747.1937597,LIDAR_ONLY,-0.3135034969979456,0.8371954869624604,-0.968613679847165,0.028625873607728045,-0.039977638216211246,0.4132833466136384,0.9092740088744863,0.6866071084782227,0.4979263709965154,-0.030433413554325398,116,-0.2689057107672958,0.5094461078226828,-0.7792608965075355
1789036747.3057563,LIDAR_ONLY,-0.3147751143494129,0.8361525722837257,-0.9688706901363426,0.028589904449288585,-0.03997934321103961,0.413310012321256,0.909262945024704,0.6866085517391463,0.49792809614352607,-0.030433495407694452,116,-0.26786111613428976,0.5094017772482854,-0.7796023128983054
1789036747.4136357,LIDAR_ONLY,-0.3129768009412525,0.837087129364018,-0.9692309362690661,0.028585072433874866,-0.04000042608919968,0.4132944175348656,0.9092692582404559,0.6866099665092958,0.4979297872353325,-0.030433575645269023,116,-0.2672352446230991,0.5092222645727401,-0.779582129217521
1789036747.522427,LIDAR_ONLY,-0.3122639210089737,0.8391330632807554,-0.9695089329565234,0.028645011988963576,-0.040037212856743866,0.41328548877115906,0.9092698112474648,0.6866113956591227,0.49793149551549915,-0.03043365669841227,116,-0.26863651035494257,0.509989172232336,-0.779572104312516
1789036747.7416792,LIDAR_ONLY,-0.3124181724593824,0.8405020229355719,-0.9697952444123868,0.02863060740878074,-0.04005208730254694,0.41328744705292697,0.9092687197581294,0.6866142399334848,0.49793489531170115,-0.030433818009374086,116,-0.26706246937777367,0.5095280452639567,-0.7795091869689403
1789036747.8352342,LIDAR_ONLY,-0.3117130214529804,0.8409804277871413,-0.9698100017833617,0.02867775678729235,-0.040053354594908344,0.4132708985513165,0.9092746996710791,0.6866155264050451,0.4979364330472185,-0.0304338909707249,116,-0.2670336234693329,0.5103347965684728,-0.7794180859353682
1789036747.9368293,LIDAR_ONLY,-0.3115523622506969,0.8420263045984229,-0.9704167715202658,0.028635915336311064,-0.040026082311770024,0.4132759332710464,0.9092749309568414,0.6866167843583729,0.4979379366946598,-0.03043396231471228,116,-0.2680710383954261,0.5097318806195189,-0.7792853008916025
1789036748.0384414,LIDAR_ONLY,-0.31349141029239425,0.8426685171542898,-0.9708107576268306,0.02868845006140073,-0.040075351782255055,0.4132997548300108,0.9092602771869318,0.6866179851965748,0.49793937207178474,-0.030434030419479244,116,-0.2678263649779521,0.510084476765194,-0.7793694005585754
1789036748.1437902,LIDAR_ONLY,-0.3121669283329893,0.8429273174924926,-0.9708066217205691,0.028665003687113142,-0.040089197328591474,0.41329246950746545,0.9092637177791644,0.6866193290664632,0.49794097841662804,-0.030434106636226622,116,-0.26862806064608696,0.5100347737731534,-0.7794585556712815
1789036748.2486336,LIDAR_ONLY,-0.3118945114875946,0.8439755067766677,-0.9711025209088489,0.02867513471635574,-0.04009136302395989,0.4132792311069417,0.9092693200562388,0.6866206587175437,0.4979425677656839,-0.030434182046594427,116,-0.2693094558881803,0.5093206096429824,-0.7793819349791773
1789036748.3528845,LIDAR_ONLY,-0.31035345451010793,0.8435840627788769,-0.9715097149355217,0.028669599765079993,-0.04010440033499219,0.4132786228644089,0.9092691961165178,0.6866219884458671,0.49794415720720314,-0.030434257461373952,116,-0.2695518818363256,0.5100312009169593,-0.779188585375387
1789036748.4594965,LIDAR_ONLY,-0.3116205430359741,0.8452173628248494,-0.9723922977477518,0.02871724528455701,-0.040088610766965606,0.4132834138193937,0.9092662112779895,0.6866234183474258,0.4979458663872391,-0.03043433855745551,116,-0.2688614638522856,0.5103168997641248,-0.7791421310537748
1789036748.5673065,LIDAR_ONLY,-0.312533469369905,0.8452245018242874,-0.972367104484624,0.028660905920321337,-0.040068175650127894,0.41330219265833834,0.9092603539777301,0.6866248054372175,0.4979475243939564,-0.03043441722552523,116,-0.2697564397822004,0.5100666086966458,-0.7793400263912877
1789036748.67422,LIDAR_ONLY,-0.3114912396922342,0.844292571174899,-0.9730636284511145,0.02867905928043925,-0.040097149704952734,0.4132996634709245,0.9092596539598291,0.6866262355145841,0.49794923378443934,-0.030434498331647568,116,-0.26942284268776495,0.5107427038380701,-0.7791783445956103
1789036748.767904,LIDAR_ONLY,-0.3095397826775754,0.8448626652513567,-0.9728413604252436,0.02868322729343542,-0.0401695635929008,0.41328688972941374,0.9092621323966905,0.6866273939426425,0.4979506184690049,-0.030434564031341156,116,-0.2676765838032379,0.509420000748388,-0.7792049839519065
1789036748.8633947,LIDAR_ONLY,-0.30958682363885054,0.8463582298293214,-0.9732318793238254,0.02873168061768825,-0.040171199424227956,0.4132784640020523,0.9092643600503687,0.6866286954563026,0.49795217418582394,-0.030434637846093772,116,-0.2676765838032379,0.509420000748388,-0.7792049839519065
1789036748.9661658,LIDAR_ONLY,-0.3094174108637379,0.8467136169553318,-0.974074776652493,0.028760986588416252,-0.04019496161540289,0.41327355735819615,0.9092646135750028,0.6866299827402325,0.497953712893778,-0.030434710853842292,116,-0.2686976041768274,0.5099136707876514,-0.7792389246617114
1789036749.085867,LIDAR_ONLY,-0.30834728450192755,0.8469609880987372,-0.9742834883697898,0.02875126900501545,-0.04021853780625345,0.4132580889688765,0.9092709088325219,0.6866314274448364,0.4979554397689452,-0.03043479278966959,116,-0.26788962854867754,0.5096532419723813,-0.7792900797094163
1789036749.2010572,LIDAR_ONLY,-0.31045792618522594,0.8471745349544924,-0.9750951202979734,0.028768416929987377,-0.04022876598718374,0.4132802849106927,0.9092598257256435,0.6866328436296424,0.497957132554157,-0.030434873108042736,116,-0.2677069895086234,0.5095565020105768,-0.7794395206745518
1789036749.3119276,LIDAR_ONLY,-0.3095996089923344,0.8478721390418412,-0.9749153616850098,0.02878824023708355,-0.04019542754048468,0.4132639603764361,0.9092680924143732,0.6866342742079787,0.49795884254430245,-0.03043495424277396,116,-0.2694162224090476,0.5098006837542021,-0.7791962890524771
1789036749.4568803,LIDAR_ONLY,-0.30893547531583754,0.8498475857110614,-0.975460394263349,0.02886624761909426,-0.04023553702946124,0.4132589859596497,0.9092661061713155,0.6866362485523202,0.49796120250574566,-0.030435066217053407,116,-0.26835802868730096,0.5090974160847035,-0.7792187830349188
1789036749.5607352,LIDAR_ONLY,-0.30618284766058323,0.8501470170394319,-0.9754020714864153,0.028848497165248767,-0.0402463179929164,0.4132318382588674,0.9092785304561618,0.6866375791843453,0.49796279302900054,-0.030435141683440976,116,-0.26730715840609454,0.509840382362366,-0.7789609165829654
1789036749.659831,LIDAR_ONLY,-0.3073503212727061,0.8501985542993774,-0.9758781574621995,0.02891843405650731,-0.04026818893659504,0.4132361340764625,0.9092733882749601,0.6866388240388245,0.4979642810212579,-0.030435212285008034,116,-0.26744926496936283,0.5090840960614701,-0.7791380599492939
1789036749.7690175,LIDAR_ONLY,-0.30853586373646824,0.8502690386683928,-0.9760693508283976,0.028867150714259916,-0.04027773727150248,0.4132458567633038,0.9092701762171084,0.6866401834395937,0.497965905932452,-0.030435289383064904,116,-0.26744926496936283,0.5090840960614701,-0.7791380599492939
1789036749.876264,LIDAR_ONLY,-0.3067271136415118,0.8518150847345298,-0.976380946664657,0.02895037436147945,-0.040306880960067085,0.4132283240017566,0.9092742069443632,0.6866415286098912,0.4979675138338888,-0.030435365674074476,116,-0.26755477727026117,0.508841680951271,-0.7792693918039474
1789036749.9789786,LIDAR_ONLY,-0.30792898919026607,0.8524000970570748,-0.9768096598057927,0.028939724837508774,-0.04030337913727724,0.41323160038803364,0.9092732121849796,0.6866428738587584,0.49796912182937036,-0.030435441969570043,116,-0.2678714187145972,0.5090091943062837,-0.779156294939205
1789036750.094857,LIDAR_ONLY,-0.3055454814971843,0.8532642499357254,-0.9766580986005944,0.028951160539393585,-0.04034001949985253,0.41320917109592525,0.9092814163131192,0.6866442907483439,0.4979708154581794,-0.0304355223281855,116,-0.26772894525000107,0.5093531570570263,-0.7790905723552555
1789036750.2101295,LIDAR_ONLY,-0.3037375130722579,0.8536617930941662,-0.9771385415093894,0.0289943344586137,-0.040319873972632946,0.4131938853843041,0.9092878803839605,0.6866458651722611,0.4979726973902417,-0.03043561162136854,116,-0.26690210559553434,0.5092431605957686,-0.778966413460912
1789036750.3156104,LIDAR_ONLY,-0.30492951241210337,0.8550276637058287,-0.9775854751420133,0.029016148001641904,-0.04037198200422786,0.41321115353089327,0.9092770253458875,0.6866471534172451,0.49797423724854517,-0.030435684683992444,116,-0.26747122783310684,0.5093502592461573,-0.7790985957779013
1789036750.4248137,LIDAR_ONLY,-0.30416219160575025,0.8560931263370375,-0.9780542936347727,0.029049803854150767,-0.040416477699195194,0.41319374958807104,0.9092818828766888,0.6866485848849385,0.49797594830321046,-0.03043576586950284,116,-0.2684417751471301,0.5088926428669782,-0.7791716786569529
1789036750.577947,LIDAR_ONLY,-0.30565330852726763,0.8560367213381033,-0.978345122949593,0.028989281480475297,-0.04032739436812851,0.41321129500608256,0.9092797965984506,0.6866506606708094,0.4979784295212475,-0.030435883597496827,116,-0.26772327927984824,0.5093428922366365,-0.7791209315291211
1789036750.6806717,LIDAR_ONLY,-0.3057709130539007,0.8576871634676485,-0.9783770339453403,0.029020340394663367,-0.04037541801604902,0.41321636806166373,0.9092743692798861,0.6866520207696384,0.49798005526797307,-0.030435960735407476,116,-0.2687750428326475,0.5101494860928383,-0.7792273163107083
1789036750.7727115,LIDAR_ONLY,-0.3073202667403127,0.8588375739331969,-0.9785798820381438,0.029058011324156263,-0.04041210553307694,0.4132427296713218,0.9092595559454206,0.6866532234500512,0.4979814928501883,-0.030436028945368385,116,-0.26916557050999135,0.5100167028853273,-0.779235083194619
1789036750.8705802,LIDAR_ONLY,-0.30824488533570116,0.8581849833512664,-0.9789287170150626,0.029007580150158464,-0.040429118066830576,0.41324881878613445,0.9092576425183542,0.6866544834680983,0.49798299896905757,-0.030436100407255244,116,-0.26916557050999135,0.5100167028853273,-0.779235083194619
1789036750.9718301,LIDAR_ONLY,-0.307480336051647,0.8593343281535664,-0.9792511121641394,0.02904964856335851,-0.04045746170325364,0.413242494666176,0.9092579129779134,0.6866557721939615,0.49798453940293125,-0.03043617349733134,116,-0.269509402411432,0.5101728458840119,-0.7791574856963139
1789036751.0915673,LIDAR_ONLY,-0.30787225873876917,0.8602242793693405,-0.9793389723575356,0.029008791457048006,-0.04046217404373983,0.41324664504454206,0.9092571214179661,0.6866573330803382,0.4979864051546108,-0.03043626202302397,116,-0.2691155518221096,0.5094593871620734,-0.7791992213781687
1789036751.2572918,LIDAR_ONLY,-0.3066604466134186,0.8599756906367696,-0.9794238660580178,0.029008630250329046,-0.0404582244754786,0.41323922972254756,0.9092606724485598,0.6866594812612961,0.4979889729088757,-0.030436383857200017,116,-0.2682221488084744,0.5104103031209525,-0.7794657692549029
1789036751.356377,LIDAR_ONLY,-0.3103910081808142,0.8597268585072021,-0.9798334328352981,0.028982843017769596,-0.0404020534404516,0.4132670739158421,0.909251337367969,0.6866607702655708,0.4979905136759757,-0.030436456963168233,116,-0.2665274633075339,0.5097064725309638,-0.7794403852963131
1789036751.4531827,LIDAR_ONLY,-0.3099185827204817,0.8609970325657617,-0.9801468091722013,0.028999232820811054,-0.040396712293298276,0.41325805192270554,0.9092551526676917,0.6866620163712425,0.497992003165806,-0.030436527636163953,116,-0.2668837675796162,0.5095700946416835,-0.779133842864644
1789036751.56318,LIDAR_ONLY,-0.3111368391244189,0.8621529978772488,-0.9806793871218262,0.029061049335367392,-0.040438969903065315,0.41325824116640275,0.9092512145896522,0.6866634774080844,0.497993749566398,-0.030436610499031312,116,-0.2686252436757082,0.5102136175899514,-0.7792981797727425
1789036751.6650953,LIDAR_ONLY,-0.3101760709162041,0.8613544208400582,-0.9809597330392454,0.029042827039430272,-0.04045917360788336,0.4132623470633704,0.9092490318764158,0.6866648239353639,0.4979953590920135,-0.030436686867505565,116,-0.2675680576635788,0.5104048333724263,-0.7796032924542082
1789036751.765274,LIDAR_ONLY,-0.31038263940987404,0.8623119983795932,-0.9815737226484693,0.029075732070261463,-0.04043923792163152,0.4132581266476042,0.909250785317565,0.6866659413258881,0.49799669472688834,-0.03043675024047953,116,-0.2670064883179663,0.5096974947302205,-0.7792985138988207
1789036751.8734531,LIDAR_ONLY,-0.311318908751848,0.8627538589619872,-0.9819920985411257,0.02909748299442323,-0.04043296118745532,0.4132740608173258,0.9092431263356134,0.6866673453031219,0.4979983729235863,-0.030436829867289857,116,-0.2670064883179663,0.5096974947302205,-0.7792985138988207
1789036751.9737272,LIDAR_ONLY,-0.3118222294975309,0.8640123318108712,-0.9821326913205192,0.02909350518276679,-0.04044982876915541,0.41328585567396914,0.9092371422288916,0.6866686490723516,0.49799993134015175,-0.030436903810813168,116,-0.26787913704722194,0.5102523968008825,-0.7794963153910885
1789036752.0934932,LIDAR_ONLY,-0.3126374395530096,0.8630229235656989,-0.982948742722545,0.029068939986684597,-0.04044249661703709,0.4133065521014477,0.9092288464327586,0.6866702251549169,0.49800181525742604,-0.03043699319867478,116,-0.26907368418214256,0.5101366771487722,-0.7794028395262333
1789036752.2100472,LIDAR_ONLY,-0.31288213612814575,0.8639268367621932,-0.9835304958050803,0.029072931866467797,-0.040425261422102864,0.41330664317363824,0.9092294438590192,0.686671658050098,0.49800352802061737,-0.030437074465666035,116,-0.26870312522603795,0.5106574721785331,-0.7793938221610877
1789036752.3099284,LIDAR_ONLY,-0.3133556175385851,0.863957790651605,-0.9837625510010265,0.029056382167415448,-0.04040444094414409,0.4133089176678159,0.9092298644367061,0.686672947731346,0.49800506959795204,-0.030437147610271782,116,-0.2681209720774709,0.5102871355302816,-0.7794482991113677
1789036752.4691281,LIDAR_ONLY,-0.3120466330021334,0.8643577491994342,-0.9845123568312508,0.029102947706047193,-0.040491028109981515,0.4132975659874657,0.909229683317836,0.6866750830276614,0.4980076219532051,-0.030437268714210403,116,-0.2685206429616359,0.5100914090783863,-0.7791461535434262
1789036752.5658967,LIDAR_ONLY,-0.3130035950157344,0.865821725035244,-0.9846106956098933,0.02912428382318282,-0.040464974643778594,0.4133047124349102,0.9092269115011727,0.6866763442343976,0.4980091294947619,-0.030437340243941985,116,-0.26802893616039997,0.5102969050184463,-0.7792134330404318
1789036752.6674294,LIDAR_ONLY,-0.3128894446821271,0.8672142760872648,-0.9850551197612165,0.029174654265073773,-0.040491804293567496,0.41330182564680107,0.9092254144328492,0.6866775195113293,0.4980105343230749,-0.030437406900159558,116,-0.2679801153595706,0.5106359622985569,-0.7791380861032203
1789036752.7838888,LIDAR_ONLY,-0.31281662533324534,0.8686127409969274,-0.9859087146629198,0.02920786563565395,-0.04047030360457648,0.41329352354122895,0.9092290792259335,0.6866789958579504,0.4980122990251841,-0.030437490631672927,116,-0.2679801153595706,0.5106359622985569,-0.7791380861032203
1789036752.8805904,LIDAR_ONLY,-0.3118599865984335,0.8682394399579656,-0.985952433879658,0.029180625010319632,-0.040493260390789994,0.41329948636743685,0.9092262213307223,0.6866802429421422,0.49801378968613824,-0.03043756136051297,116,-0.2678573588654295,0.5104349536970124,-0.779159798682232
1789036752.9959967,LIDAR_ONLY,-0.3124986254888156,0.8683807138301133,-0.9863607404898692,0.0292198969501487,-0.04046966752874245,0.4132979075469999,0.9092267281869838,0.686681719461516,0.4980155545949971,-0.03043764510188405,116,-0.26876342128354536,0.51056305001199,-0.7792925502243153
1789036753.1654766,LIDAR_ONLY,-0.3133126678579017,0.8693623038037945,-0.9872265324529281,0.029245270921665636,-0.0405040235206946,0.4133008149466605,0.9092230609546702,0.6866839559215426,0.49801822787417627,-0.03043777194364656,116,-0.2680688293597916,0.5100777281165644,-0.7791665699949305
1789036753.262372,LIDAR_ONLY,-0.3127752773744675,0.8711302566130362,-0.987119528056894,0.029257166525766497,-0.04050808960500208,0.41329508492941314,0.9092251017523801,0.6866851745958815,0.4980196845767296,-0.030437841061300645,116,-0.2671906677589316,0.5101067367518907,-0.7791463469876359
1789036753.3650036,LIDAR_ONLY,-0.31290266716826404,0.8711376467097093,-0.9875064582823284,0.02926911367914956,-0.04053152709025654,0.41329991678142425,0.9092214763657075,0.6866865510576328,0.49802132988542286,-0.03043791912796391,116,-0.26631979235818665,0.5097977408449748,-0.7792235729527969
1789036753.4580252,LIDAR_ONLY,-0.31409014337046,0.8707361885548531,-0.9880923869402662,0.029248049572896073,-0.04052381582030767,0.41331469972960666,0.9092157779839549,0.6866877698676297,0.4980227867503282,-0.030437988253358306,116,-0.2666295693103797,0.5096789633275294,-0.7789750827584478
1789036753.5593572,LIDAR_ONLY,-0.312904719589454,0.8713391117315863,-0.988469531738064,0.029265294712389492,-0.040526849105437954,0.4132990720042058,0.909222191825213,0.686689103462113,0.49802438081924366,-0.030438063888834847,116,-0.2679960320612995,0.509735809312839,-0.7789399460967945
1789036753.6623697,LIDAR_ONLY,-0.3139793632678793,0.8736604433191106,-0.9888531351490731,0.02933510883924623,-0.04054284049662322,0.4132987361423722,0.9092193817649142,0.6866903941099908,0.49802592355343145,-0.030438137088597834,116,-0.2679960320612995,0.509735809312839,-0.7789399460967945
1789036753.7606428,LIDAR_ONLY,-0.31618610038918255,0.8726500962947634,-0.98940692528525,0.029337537407902063,-0.04053210068374751,0.4133161077232085,0.9092118855412856,0.6866916131207375,0.49802738065858604,-0.03043820622544595,116,-0.26687701862820545,0.5101683011860879,-0.7791645948845104
1789036753.8707519,LIDAR_ONLY,-0.3145086592535512,0.8737733139536205,-0.9895493446786576,0.02940060892299077,-0.040531852614670176,0.41329158863864696,0.9092210049702567,0.6866930186474078,0.49802906070964337,-0.030438285940671314,116,-0.26823103828348427,0.5098540915599306,-0.7791451937653595
1789036753.989162,LIDAR_ONLY,-0.3161928263705119,0.8736183678570115,-0.9899589818899979,0.02933269394523358,-0.04057101106035308,0.4133263909373016,0.9092056316819649,0.6866945820366254,0.49803092945675614,-0.030438374609192007,116,-0.2683073176897559,0.510733507822989,-0.7787975762209814
1789036754.0903506,LIDAR_ONLY,-0.31744566755074566,0.8732430451316922,-0.9905638735795615,0.02932570803828172,-0.040506937061077296,0.41332266602519085,0.909210407247856,0.6866958873315954,0.49803248969930897,-0.03043844863977551,116,-0.26875016223331727,0.5105369934455269,-0.7788837082232777
1789036754.196404,LIDAR_ONLY,-0.3178467467889828,0.8739959076096301,-0.991197777004837,0.029369712342523672,-0.04055879702143358,0.41333301167609454,0.909201971753175,0.6866973074605547,0.4980341872051118,-0.03043852918326489,116,-0.26848859161663324,0.5107781645283801,-0.7791136287062403
1789036754.422028,LIDAR_ONLY,-0.3174072282677667,0.8754590394771737,-0.9909310134193694,0.029339201600175276,-0.0405456397492515,0.41333083539455096,0.9092045330170935,0.6867002770997852,0.49803773686892905,-0.030438697608277006,116,-0.26828446933374955,0.5109498040680164,-0.7793939866653323
1789036754.5116158,LIDAR_ONLY,-0.3175783039915587,0.8746705348290489,-0.9914943197068444,0.02934275229482939,-0.040570762372654834,0.41333492156468316,0.9092014401349039,0.6867015109737691,0.498039211741113,-0.030438767588275698,116,-0.26760658537451343,0.5103096739186942,-0.7792850343002945
1789036754.6096723,LIDAR_ONLY,-0.31791143405463324,0.875300267258811,-0.9916932119480377,0.029328798672289724,-0.04052748665362379,0.41334150414758963,0.9092008278389263,0.6867028023068864,0.4980407552953489,-0.03043884082713099,116,-0.2676725221957176,0.5103655481600949,-0.779115882497002
1789036754.701083,LIDAR_ONLY,-0.3166624203550984,0.8759128742029515,-0.9919996840512777,0.02937059668615436,-0.04058479596455565,0.41333420653183955,0.9092002398248196,0.6867039071706359,0.498042075959397,-0.030438903490265,116,-0.2683991724783252,0.5108261607271773,-0.7790894137724723
1789036754.7957904,LIDAR_ONLY,-0.31676906043499475,0.8766261483116595,-0.9925580765912695,0.029349019000050075,-0.040547953380003214,0.4133336276678946,0.9092028435939509,0.6867051268859441,0.49804353390771816,-0.030438972667306663,116,-0.2681497773800595,0.5112474596317526,-0.7788885165273655
1789036754.8967233,LIDAR_ONLY,-0.3171793170687256,0.8779161870260594,-0.9933938568372928,0.02943142009527139,-0.04057844575009562,0.41332473943836384,0.9092028602132151,0.6867063897169243,0.4980450433930938,-0.030439044289706903,116,-0.2669705968868567,0.5112424623472088,-0.7791956821204399
1789036754.9996612,LIDAR_ONLY,-0.31697578000066834,0.878022123542503,-0.9936302946014176,0.029395420900769607,-0.04060987004808349,0.41333901891840086,0.9091961301745177,0.6867076813189879,0.49804658726917794,-0.030439117543903473,116,-0.26706362557509894,0.5108159838197024,-0.7792278578079892
1789036755.1001709,LIDAR_ONLY,-0.31666831048273014,0.8784005538601034,-0.993601952290113,0.029391541189116074,-0.040602119070295144,0.41334288119256457,0.9091948458944097,0.686709001696864,0.4980481655416289,-0.03043919243016594,116,-0.26861752168249536,0.5108874747521422,-0.7794877755862353
1789036755.2040095,LIDAR_ONLY,-0.3186659517006759,0.8782831091516636,-0.9943487111723386,0.029385351823774438,-0.0405988356574449,0.41335556579712984,0.9091894257337068,0.6867102934428029,0.4980497095898867,-0.030439265692569044,116,-0.26861752168249536,0.5108874747521422,-0.7794877755862353
1789036755.3262763,LIDAR_ONLY,-0.3181463278947581,0.8782350823428039,-0.9947571649859682,0.02940717578293112,-0.04062141456085626,0.41334967808872886,0.9091903883761041,0.6867118149236776,0.4980515282447659,-0.030439351984602,116,-0.26670196625916714,0.5104275541925496,-0.7791916611944238
1789036755.4412923,LIDAR_ONLY,-0.3168999123835381,0.8809186882377643,-0.9945966663804648,0.0294304511833032,-0.040625690234598964,0.41332953831180747,0.9091986001941808,0.6867132503734134,0.49805324406511897,-0.030439433397337456,116,-0.26767285546856856,0.511162879469693,-0.7794707862830677
1789036755.5437267,LIDAR_ONLY,-0.31783481860216223,0.8799060784959764,-0.994935901531642,0.029444651366217413,-0.04061201341165169,0.41334352830749543,0.9091923913445847,0.6867145423532148,0.49805478839323436,-0.03043950667307921,116,-0.26783084221522774,0.5113428261090442,-0.7794394720373271
1789036755.6662998,LIDAR_ONLY,-0.32059108701608274,0.8803075055987181,-0.9955551208205549,0.029430491826974586,-0.04060209730982635,0.41336371417788453,0.9091841153726401,0.6867161358928549,0.49805669318171075,-0.03043959705207689,116,-0.26761037374483765,0.5109356986531011,-0.7795136101284632
1789036755.778123,LIDAR_ONLY,-0.32140280032304086,0.8813201125396402,-0.9962572273795735,0.029446658370082604,-0.040592015717957404,0.4133756588681622,0.9091786112893889,0.6867175572491284,0.49805839215623193,-0.030439677665572984,116,-0.26807849806153633,0.5108106337890383,-0.7795876704284234
1789036755.8859026,LIDAR_ONLY,-0.32094507461260446,0.8812712236038637,-0.996801481576819,0.029475671197057737,-0.04060328004354972,0.4133702727197426,0.9091796170662835,0.6867188638241499,0.49805995393061314,-0.030439751769171332,116,-0.26892350069104476,0.5110401197199577,-0.7796668899323289
1789036756.0075085,LIDAR_ONLY,-0.31932642429023783,0.8826548033650282,-0.99672941579365,0.029548080779929937,-0.040690167826438396,0.4133447368939329,0.9091849919826903,0.6867204576568197,0.49806185906974476,-0.030439842164881097,116,-0.26917982364927767,0.5106324850546542,-0.7797970333166395
1789036756.1637137,LIDAR_ONLY,-0.3198498050194966,0.8838314026817542,-0.9971126550753566,0.029547510247246327,-0.04062930874665351,0.41334422020934564,0.90918796710498,0.6867225111319825,0.4980643136286821,-0.0304399586296945,116,-0.26888279720731395,0.5108623656188245,-0.7797203889747
1789036756.2649372,LIDAR_ONLY,-0.3197693418191467,0.8840881950266843,-0.9974384495891561,0.029530088971935535,-0.04062283594768117,0.41335652937480044,0.9091832261255689,0.6867238467050102,0.4980659100653133,-0.0304400343780298,116,-0.2681038059418164,0.5105922725272595,-0.7795674630400214
1789036756.3650837,LIDAR_ONLY,-0.3213459929079877,0.8847630368636833,-0.9977515554837344,0.029527990826150062,-0.04063023721537716,0.41335769427035113,0.9091824339312171,0.6867251392671887,0.4980674550903278,-0.03044010768698502,116,-0.2672905471894801,0.5109476477806734,-0.7796474415773453
1789036756.4659057,LIDAR_ONLY,-0.3198962280543987,0.8851866295841073,-0.9982601077005926,0.02961391671513871,-0.040656703587809664,0.41334171355842825,0.9091857215237953,0.6867264462633104,0.4980690173686129,-0.030440181814598156,116,-0.26821784444391544,0.510686092939935,-0.779838174170356
1789036756.5700884,LIDAR_ONLY,-0.3201262101381747,0.8865400767004082,-0.9980601346856087,0.0295619588493447,-0.040685208079313,0.4133527098812371,0.9091811379842691,0.6867277102406258,0.49807052822575903,-0.030440253502377328,116,-0.26866492793446695,0.510704771821596,-0.7797387548993419
1789036756.6800747,LIDAR_ONLY,-0.3200411248630478,0.8883349497057182,-0.9988094721351873,0.02961681245872994,-0.040698241068527825,0.41335753057620833,0.9091765777392483,0.6867290461085309,0.4980721250152478,-0.030440329267528245,116,-0.26866492793446695,0.510704771821596,-0.7797387548993419
1789036756.793303,LIDAR_ONLY,-0.3217179585199663,0.8876489580275426,-0.9998150988038003,0.029646735840130445,-0.040711371855505926,0.41337118677323886,0.9091688056688662,0.6867305257065123,0.49807389360827165,-0.030440413184508512,116,-0.2684801802387686,0.5111946069423486,-0.7798044875148478
1789036756.9104474,LIDAR_ONLY,-0.3231099618289862,0.8894074962189934,-1.000080586302422,0.029699790192204523,-0.04073259590727087,0.41337781572278975,0.9091631094371622,0.6867320341301284,0.498075696657275,-0.03044049873639479,116,-0.26658302584592214,0.5102245609977402,-0.7794281490886061
1789036757.0147278,LIDAR_ONLY,-0.32449046129850323,0.8890547395818534,-1.0000428332327218,0.029642465005797678,-0.04065025385496206,0.4133901632707552,0.9091630514054593,0.6867333558758315,0.4980772765665265,-0.03044057370066426,116,-0.26712608389121484,0.511087339286268,-0.779886535366357
1789036757.1257346,LIDAR_ONLY,-0.3231424058986103,0.8888709992825692,-1.0005988492250901,0.029689304375828937,-0.0407120745573978,0.4133809088380178,0.9091629647093896,0.6867348070080124,0.4980790111341484,-0.030440656003256877,116,-0.26781835265463205,0.510885720809459,-0.779666921338179
1789036757.2321942,LIDAR_ONLY,-0.32445370941194274,0.8901674378905113,-1.0008274675408209,0.0296929013569053,-0.040746451096830276,0.41339075717533325,0.9091568292731608,0.6867361720157532,0.49808064275558966,-0.030440733421229757,116,-0.26714866935662773,0.5107188794676469,-0.7795995881958049
1789036757.3433745,LIDAR_ONLY,-0.3233272036398006,0.8908513290295259,-1.0010277824667606,0.029728924562708696,-0.04076542562355646,0.4133742853651497,0.9091622909673095,0.6867376376908694,0.4980823947068995,-0.030440816548694294,116,-0.2667521674634423,0.5108500529305127,-0.7795747232697093
1789036757.4542367,LIDAR_ONLY,-0.32354892856566664,0.8923193959927302,-1.0012083562027125,0.029737281800932415,-0.04076500739603024,0.41337271144698173,0.9091627520274156,0.6867390890862505,0.49808412958946335,-0.030440898866294065,116,-0.26693881655459,0.5100860412129814,-0.7794434861573507
1789036757.5558298,LIDAR_ONLY,-0.32479741821010766,0.8933670657106392,-1.001811760796661,0.029802210939904147,-0.040749847618618,0.41337567110579193,0.9091599598970409,0.6867403681125215,0.4980856584357999,-0.030440971407798736,116,-0.267624760264227,0.5108036652347095,-0.779576103859035
1789036757.6784112,LIDAR_ONLY,-0.3250220201983565,0.893218384660463,-1.001716270669229,0.02976149396967334,-0.04079150375291395,0.4133772651279878,0.9091587008732713,0.6867419633995944,0.4980875653152815,-0.03044106188644203,116,-0.2663588629727056,0.5107337072116652,-0.7793853506001119
1789036757.79414,LIDAR_ONLY,-0.3256624621541895,0.8941402878680368,-1.0019721344910493,0.02975849639625217,-0.040782014464403785,0.4133865387669004,0.9091550081008086,0.6867434150606521,0.4980893005157472,-0.03044114421918931,116,-0.26606567071836085,0.5106352497080836,-0.7794409823254324
1789036757.9049797,LIDAR_ONLY,-0.32584245286998487,0.8948500562882581,-1.002295306881303,0.029768406788617686,-0.040752082289659416,0.41337741232803404,0.9091601755044613,0.6867448524366182,0.49809101864105637,-0.03044122574176606,116,-0.2668186606310081,0.5110201824786521,-0.7794936699645474
1789036758.00277,LIDAR_ONLY,-0.3261869557885593,0.8943763251519566,-1.0029978830429194,0.029719765610116,-0.04078839308202757,0.4134045990973107,0.9091477767486745,0.686746131774681,0.4980925478604727,-0.03044129830104708,116,-0.2670064991331665,0.5107173031845504,-0.779431357091137
1789036758.1526926,LIDAR_ONLY,-0.32269895267951126,0.8961435333285764,-1.0036278517666444,0.029825132199819134,-0.04083844652334037,0.4133478290041779,0.909167891553786,0.6867482018613966,0.4980950222783933,-0.030441415708684014,116,-0.268474366951457,0.510967854811345,-0.7794803641155356
1789036758.252979,LIDAR_ONLY,-0.3236539195295587,0.8961356867575614,-1.0033127441314178,0.029810298438363726,-0.04083873575478198,0.41337099033182695,0.9091578345485736,0.6867495101345356,0.4980965860847368,-0.030441489909109172,116,-0.2676330637348744,0.5108098151667273,-0.7794741291006784
1789036758.3582113,LIDAR_ONLY,-0.32623037343450006,0.8953373718994053,-1.004330307663527,0.029779191316314745,-0.040796318435514005,0.4133907984756617,0.9091517518557116,0.6867507609687405,0.4980980812331988,-0.03044156085182964,116,-0.26766639116868945,0.5110382920777307,-0.779348461227722
1789036758.4676495,LIDAR_ONLY,-0.32714780011605654,0.8957512355066155,-1.0046781766079116,0.02979569873735943,-0.040752987309160514,0.4133988924635625,0.9091494739986554,0.6867521125190084,0.4980996967697823,-0.030441637506816756,116,-0.26766639116868945,0.5110382920777307,-0.779348461227722
1789036758.5723436,LIDAR_ONLY,-0.3264492976437764,0.8966841463307826,-1.0051964555861055,0.0298106028544092,-0.040861734518119495,0.413409263563299,0.9091393883281476,0.686753464146363,0.49810131239860267,-0.03044171416619837,116,-0.26767832106628164,0.5105281751374349,-0.779394626712164
1789036758.6856573,LIDAR_ONLY,-0.32705135881197533,0.8977338056713238,-1.005043496845869,0.02979592464901253,-0.04079889854929386,0.41340333783934785,0.9091453860713153,0.6867549021324114,0.49810303125390226,-0.030441795723555022,116,-0.2677427257457835,0.5110570760132603,-0.7792720752738598
1789036758.789719,LIDAR_ONLY,-0.3276353150389429,0.8987494340636223,-1.0057401998433173,0.029842578315655264,-0.04083997056342756,0.4134092009174324,0.9091393457114606,0.6867562107755031,0.4981045955029064,-0.030441869945069887,116,-0.26765306275429557,0.5106609371948532,-0.7790106822180962
1789036758.9074917,LIDAR_ONLY,-0.32537258320968754,0.8986973596601607,-1.006208967687706,0.029861910804322236,-0.040877134544972375,0.4133848877062139,0.9091480961706009,0.6867577783661104,0.49810646927751384,-0.03044195885318085,116,-0.26805738694265613,0.5104616887819732,-0.7792148695410045
1789036759.0076206,LIDAR_ONLY,-0.3263316408528486,0.8999365099146123,-1.0063895245698544,0.029912248041245888,-0.04084693497011168,0.4133819082161661,0.9091491534837548,0.6867590871678706,0.4981080337163676,-0.03044203308374028,116,-0.2692666476359506,0.5113584540382013,-0.7794024066666704
1789036759.1517954,LIDAR_ONLY,-0.32682291575053013,0.9005845861854496,-1.0069098689349907,0.029915641992364465,-0.040897219998780196,0.413387114984582,0.9091444136798511,0.6867610433138198,0.498110371939794,-0.03044214402938751,116,-0.2688583705895965,0.5110478847010543,-0.7792767628236517
1789036759.2574494,LIDAR_ONLY,-0.3270227593660652,0.9013658876698378,-1.0071511272656188,0.029932073870209186,-0.04088953219929098,0.41339384988973027,0.9091411562478617,0.6867624386046159,0.4981120397610805,-0.030442223165351265,116,-0.2695579908315453,0.5108618960152689,-0.7795676166473864
1789036759.3688166,LIDAR_ONLY,-0.3262970205753898,0.9036240710286472,-1.0070485582476807,0.02992636024930017,-0.04092851701559435,0.4133858151484464,0.9091432435492153,0.6867639202917859,0.4981138108539281,-0.030442307201437556,116,-0.26953109048435286,0.5115979395749111,-0.7792863405872479
1789036759.469568,LIDAR_ONLY,-0.3269962412338305,0.9038700720351156,-1.0077007530623117,0.029966060647431562,-0.04091955935854355,0.41338976338943717,0.9091405438082729,0.6867651718859435,0.4981153069116864,-0.03044237818747749,116,-0.2696687848936724,0.510700105747276,-0.7791536835496295
1789036759.5693662,LIDAR_ONLY,-0.32619540366083355,0.9045905966659015,-1.0077089592912232,0.029986762436667615,-0.0409701032543354,0.4133823170361529,0.9091409707409064,0.6867664091587404,0.49811678585088603,-0.030442448361278185,116,-0.2696687848936724,0.510700105747276,-0.7791536835496295
1789036759.675673,LIDAR_ONLY,-0.32764821772499786,0.904673989765945,-1.0081173819328397,0.029955320174725898,-0.04090660606895487,0.41339174306025145,0.9091405805169827,0.6867677328241842,0.49811836805718657,-0.03044252343498864,115,-0.27010393491864576,0.5106368456250253,-0.7795136962113549
1789036759.867213,LIDAR_ONLY,-0.32758237759414555,0.9065439881905695,-1.008702295581921,0.02999905765740144,-0.040944953971043585,0.4134015616901767,0.9091329474153382,0.6867702940382323,0.49812142953268584,-0.030442668698219613,115,-0.26906089238933645,0.5108192150496327,-0.7794742729746381
1789036759.9683638,LIDAR_ONLY,-0.32951680457077154,0.9055334973151481,-1.0087326469116695,0.02997892276116702,-0.04089512186461625,0.4134068725937231,0.9091334395401126,0.6867715315775174,0.4981229087907333,-0.030442738887208852,115,-0.2694691962259114,0.5110287585951985,-0.7793539306200181
1789036760.0610962,LIDAR_ONLY,-0.32945546016619426,0.9068427829157273,-1.0092713753669762,0.030013702315531774,-0.040936619291298854,0.4134130535863247,0.9091276137037883,0.686772726007848,0.49812433651976507,-0.030442806631222702,115,-0.26921855847350173,0.5117417384289951,-0.7792935085870426
1789036760.1482766,LIDAR_ONLY,-0.3292229021691166,0.9056790765220837,-1.009407783874875,0.02998778312973365,-0.04091592032122412,0.4134087424786551,0.9091313612286447,0.6867738917145029,0.49812572991481824,-0.03044287274614367,115,-0.2687662493781572,0.5110908078415264,-0.7795382470822001
1789036760.2436476,LIDAR_ONLY,-0.32889409900040867,0.9071296954499865,-1.009828986826447,0.030021660422078822,-0.04096294019575215,0.4134117688478837,0.9091267495867035,0.6867751006557533,0.4981271749892117,-0.030442941313200453,115,-0.2687662493781572,0.5110908078415264,-0.7795382470822001
1789036760.3432164,LIDAR_ONLY,-0.32858793862651775,0.9068314246081779,-1.010210001729253,0.030058623777509834,-0.04093313315707909,0.41339702524659044,0.9091335750393431,0.6867763528381639,0.49812867175079995,-0.030443012332767284,115,-0.2679073753042991,0.510948818392496,-0.7795105288753891
1789036760.4557009,LIDAR_ONLY,-0.32794822647177674,0.9072835857970639,-1.010228191167674,0.030077424044240214,-0.0409724693258304,0.41339723526307603,0.9091310858160401,0.686777820997902,0.49813042667500346,-0.030443095601863195,115,-0.26831781806576505,0.5110708950800005,-0.7795304149991527
1789036760.5753818,LIDAR_ONLY,-0.32864635224101496,0.9080241021974478,-1.0106216232233831,0.030086027595361726,-0.041013265099171865,0.4133991432192435,0.9091280940632248,0.6867793900136635,0.4981323021547851,-0.030443184591201808,115,-0.26830103257678845,0.5107331182983594,-0.7794562126180289
1789036760.6834989,LIDAR_ONLY,-0.32944375017307065,0.9096222590014692,-1.0109395517101634,0.0301153850130708,-0.04103281775529886,0.41340609967865194,0.9091230764869296,0.6867808007765407,0.49813398847143886,-0.03044326460498871,115,-0.2686448926343248,0.5104857831008537,-0.7793948470813634
1789036760.7921257,LIDAR_ONLY,-0.32880560722018365,0.9095526114198398,-1.011384709175939,0.03011981180659045,-0.04107041535853624,0.41341037912801143,0.9091192860941004,0.6867822404165242,0.49813570930564405,-0.030443346256612505,115,-0.26798931577114093,0.5109444844850244,-0.7790751489512495
1789036760.8914,LIDAR_ONLY,-0.33056966957515677,0.9112146345411398,-1.0115032290781099,0.03017387521127616,-0.04102905910476453,0.4134149105724505,0.9091173000664353,0.6867835217691799,0.4981372409355111,-0.030443418930721652,115,-0.26870249268732094,0.5111723347990692,-0.7792351571154168
1789036761.1192772,LIDAR_ONLY,-0.3302843917178173,0.9111292144622708,-1.0119238552303969,0.030144127935059297,-0.041050859560105186,0.41341440379792704,0.909117533222639,0.6867865166594054,0.49814082079596433,-0.03044358879111897,115,-0.26891494169647717,0.5113173176798335,-0.7792800765691725
1789036761.2150166,LIDAR_ONLY,-0.33232299682589617,0.9125915994168196,-1.0124104998179622,0.030208055217388223,-0.04104938279869291,0.41342609056351143,0.9091101634088143,0.6867877406409499,0.4981422838490824,-0.030443658211385574,115,-0.26821311728109104,0.5113176138032934,-0.779382715694247
1789036761.3076577,LIDAR_ONLY,-0.3334061674007863,0.9118667918988702,-1.012726041868441,0.03016421710322391,-0.0410338533243624,0.41344876875149245,0.9091020066558972,0.6867890366897768,0.49814383304594595,-0.030443731719093002,115,-0.26872846579523585,0.5110353868555705,-0.779221148417131
1789036761.3981388,LIDAR_ONLY,-0.3366329179487905,0.9132906595713801,-1.0134948220925917,0.030196813428729916,-0.04104687030626634,0.41346478621435745,0.9090930521445684,0.6867901455873614,0.49814515853670177,-0.030443794612200606,115,-0.2692164074621563,0.5113139862981991,-0.7790807467777147
1789036761.4902337,LIDAR_ONLY,-0.3354776825272399,0.9135519183011062,-1.0135867654473167,0.030245315001048077,-0.04100400797212092,0.41344409124010534,0.9091027860860141,0.686791326547861,0.49814657016597713,-0.03044386159250019,115,-0.2697134359256722,0.5112928741590057,-0.7792881952379144
1789036761.5807483,LIDAR_ONLY,-0.3362225215536636,0.913846499749058,-1.0138897176637978,0.03018703087732426,-0.04103628941255465,0.41347389937092693,0.9090897099060474,0.6867924787606782,0.49814794743254653,-0.030443926942337947,115,-0.2700314988756124,0.5114008457728213,-0.7792039952385237
1789036761.771638,LIDAR_ONLY,-0.33608533883931385,0.915124533103337,-1.0141598597339492,0.030206082206460948,-0.04098701556224818,0.41345888865408453,0.9090981270170816,0.6867949562062602,0.4981509087806254,-0.03044406745520268,115,-0.27020321286780463,0.5120650900120095,-0.7790687045556162
1789036761.8667853,LIDAR_ONLY,-0.3383581744679114,0.915698625581168,-1.014697836806966,0.030198357099767245,-0.04105723477988963,0.4134828257356301,0.9090843280589445,0.6867962958622127,0.49815251010252504,-0.03044414343627208,115,-0.26940654687189824,0.5115669640527942,-0.7790250601479403
1789036761.9660528,LIDAR_ONLY,-0.3378570015960421,0.9156409945774714,-1.01508500487262,0.0302057687734029,-0.04098190573784037,0.4134748499224319,0.9090911084245215,0.686797577968791,0.4981540426343955,-0.030444216153340378,115,-0.2699736261555479,0.5115111096425898,-0.778992198554455
1789036762.063072,LIDAR_ONLY,-0.33742934086564147,0.9159407667625817,-1.0153935577476754,0.030228689520999514,-0.04099097761624683,0.41346999223236014,0.9090921469286156,0.6867988457372064,0.4981555580275978,-0.030444288057210486,115,-0.2692325543977634,0.5113957581632035,-0.7787902912998098
1789036762.1652217,LIDAR_ONLY,-0.33564486144183203,0.9176277275143973,-1.0156873533769135,0.030269677882950975,-0.041101533133731064,0.4134614989949252,0.9090896542276724,0.6868001712032421,0.49815714238818987,-0.03044436323352815,115,-0.2699786038921352,0.5112155295538071,-0.7792449789288206
1789036762.263953,LIDAR_ONLY,-0.3366715463208099,0.9191526441893876,-1.0157474328620697,0.030274598675812833,-0.041130919955262475,0.41347079510064794,0.9090839332523101,0.6868014823342128,0.4981587096138201,-0.030444437596824074,115,-0.27165092095560905,0.5117055671397919,-0.7791645867473148
1789036762.353761,LIDAR_ONLY,-0.3381333929413629,0.9180481953930244,-1.016345915816304,0.030249386445984773,-0.04108674166448665,0.41348528706176535,0.909080178896497,0.6868026782635048,0.49816013913624513,-0.03044450542625289,115,-0.2707224479607442,0.5120191447661994,-0.7789674756779863
1789036762.4541276,LIDAR_ONLY,-0.3377988269675436,0.9189610635014162,-1.0167141544734193,0.030282794122521627,-0.04111001724167881,0.4134708528205267,0.9090845795251331,0.6868039607118416,0.4981616720769901,-0.030444578162792578,115,-0.2716866741904206,0.5122694972415476,-0.7790076766846441
1789036762.5528934,LIDAR_ONLY,-0.336399870333525,0.9187506395263232,-1.016796678399784,0.030302868982986036,-0.041150457035615394,0.41346455015047917,0.9090849475082193,0.6868052144074467,0.49816317064898585,-0.03044464926858241,115,-0.2716866741904206,0.5122694972415476,-0.7790076766846441
1789036762.6657953,LIDAR_ONLY,-0.3362916217576984,0.9198266428510217,-1.0170179454291992,0.030291299474298213,-0.04115423283567806,0.4134754061388201,0.9090802246304794,0.6868066266948162,0.4981648587895493,-0.03044472936923316,115,-0.26907802283858734,0.5113736076903109,-0.778754621773408
1789036762.786928,LIDAR_ONLY,-0.33652644842805896,0.9205502407915195,-1.0173426715652814,0.030269562871801603,-0.04114320923160206,0.4134868392500698,0.9090762474427883,0.6868081687770375,0.4981667020770739,-0.030444816831477865,115,-0.27065916687792024,0.5114580036565948,-0.7790129175737107
1789036762.8978295,LIDAR_ONLY,-0.3374549277561327,0.9211231800170296,-1.0177732341761316,0.030284853741653052,-0.04111666167049817,0.41348673573181693,0.9090769863662632,0.6868096244783195,0.49816844211150346,-0.030444899394479565,115,-0.27050815045616783,0.5113290649224939,-0.779018093432878
1789036762.9963868,LIDAR_ONLY,-0.33585067647139094,0.9231442988751506,-1.0179792033239932,0.030400606583953035,-0.04121223115996775,0.4134649160786907,0.909078719525535,0.6868109072981986,0.4981699754967478,-0.030444972152186056,115,-0.27076447001097265,0.512098459516439,-0.7788589724515123
1789036763.1417456,LIDAR_ONLY,-0.33645880774363807,0.9227567899964267,-1.0178032795269758,0.030307603773414276,-0.04115993369203936,0.4134729413063533,0.9090805441870669,0.6868128676947278,0.498172318805684,-0.030445083340046676,115,-0.2698099794876231,0.5118978856973333,-0.7790630845570699
1789036763.2394385,LIDAR_ONLY,-0.3380209961123986,0.9231493401907231,-1.018613639504504,0.03034572765361992,-0.04114089041206598,0.41347518559538887,0.9090791136343049,0.686814064191859,0.4981737490074494,-0.03044515120182497,115,-0.2715456594027315,0.5115209170517783,-0.779299747227176
1789036763.3430665,LIDAR_ONLY,-0.33935522255334116,0.9252840652825894,-1.0186548189007425,0.030383666524544294,-0.04112816503067352,0.4134871081430565,0.9090729994061133,0.6868154193328868,0.4981753688401491,-0.030445228061433745,115,-0.2715456594027315,0.5115209170517783,-0.779299747227176
1789036763.4628937,LIDAR_ONLY,-0.3391434670139197,0.9262454741528002,-1.0187243040884166,0.030426566162717675,-0.041129707234485315,0.4134856240766117,0.9090721698172959,0.6868168898915525,0.49817712663441743,-0.030445311467212445,115,-0.2712565261101074,0.512172489316251,-0.7792769032225618
1789036763.5620797,LIDAR_ONLY,-0.34137863143882646,0.9267902741912991,-1.0192438323138373,0.03033721024620554,-0.041138818883391756,0.41351300877290537,0.9090622876519167,0.6868181875180581,0.49817867771877666,-0.030445385064804237,115,-0.27065041884288105,0.5115142804048969,-0.7791822746291323
1789036763.6716118,LIDAR_ONLY,-0.3414799481285972,0.9267387459495527,-1.0201227903432402,0.030374950809838423,-0.04116847153296813,0.4135069318447912,0.9090624492471606,0.686819614988132,0.4981803840083765,-0.03044546602676452,115,-0.2704428674989383,0.511219193393716,-0.779283469786736
1789036763.7825625,LIDAR_ONLY,-0.34161077283814917,0.9266367379232453,-1.019734122351344,0.03032276337308219,-0.041106408958997614,0.4135122898016475,0.9090645628044874,0.6868209992824817,0.4981820386890665,-0.030445544539942845,115,-0.2715502883899272,0.5113453508354842,-0.7795967092112039
1789036763.89198,LIDAR_ONLY,-0.3423923993184901,0.9278598892829688,-1.0204680347560466,0.030368831964771723,-0.04114535815656876,0.4135261941827623,0.9090549379833892,0.6868224413404975,0.49818376241615625,-0.030445626329330178,115,-0.27195993542247243,0.5119851242604646,-0.7791997968871374
1789036764.0302558,LIDAR_ONLY,-0.34034235323313733,0.9273942966986034,-1.0205926074125735,0.03034776662215518,-0.04113476468750203,0.4135007565594532,0.9090676919349355,0.6868243161451597,0.4981860034159869,-0.030445732662895374,115,-0.27335225239768157,0.5116636196606406,-0.7792550295641006
1789036764.120921,LIDAR_ONLY,-0.33969361621479194,0.9284059784566643,-1.020719491950725,0.03039914614550793,-0.04118969913179382,0.41350234036381334,0.9090627674218681,0.6868254843665422,0.49818739981962856,-0.030445798921093184,115,-0.27335225239768157,0.5116636196606406,-0.7792550295641006
1789036764.221352,LIDAR_ONLY,-0.3393547727330226,0.9293511665723475,-1.0208529548958738,0.030371344958417472,-0.041211181446228706,0.41350534562541175,0.9090613560527319,0.686826768033191,0.49818893421788984,-0.030445871727034272,115,-0.2726809815105931,0.5124582949149384,-0.7792653892560969
1789036764.3462045,LIDAR_ONLY,-0.339020547511165,0.9309289328787778,-1.0211202453725516,0.030422137347987217,-0.04123301104949383,0.41349445481206776,0.9090636216451757,0.6868283691066076,0.4981908480203485,-0.030445962535412457,115,-0.2713202159748607,0.5118961066096072,-0.7793154462362718
1789036764.496005,LIDAR_ONLY,-0.3400469388074913,0.9306205808446846,-1.0216602278351063,0.030400730093852663,-0.041269915297058535,0.41350481249020693,0.9090579518097694,0.6868303597787428,0.4981932275198887,-0.03044607544076902,115,-0.27183756308664,0.512132914405162,-0.7794992680648616
1789036764.588059,LIDAR_ONLY,-0.34061531413283486,0.9328934131367215,-1.0217386770972576,0.030432148825409622,-0.04126316618480304,0.4135087990472201,0.9090553935513498,0.6868315859992385,0.49819469325159493,-0.030446144988585985,115,-0.2712438110637092,0.5121999642219462,-0.779441773192894
1789036764.681138,LIDAR_ONLY,-0.3406681399244977,0.9309554925968664,-1.0228649542579114,0.030425071220301875,-0.041219874443405684,0.4135017846102673,0.9090607851602849,0.6868327834276982,0.4981961245675261,-0.030446212903412963,115,-0.2710876648236961,0.5119955622817801,-0.7792969700499386
1789036764.7779279,LIDAR_ONLY,-0.34110726208939185,0.9325480140422784,-1.0232842787682679,0.030419989579896015,-0.04121904206929426,0.41351133165049914,0.9090566502707517,0.6868340386274087,0.49819762493892766,-0.03044628409488053,115,-0.2710876648236961,0.5119955622817801,-0.7792969700499386
1789036764.8871307,LIDAR_ONLY,-0.3412837688976588,0.9328151824208304,-1.0233122808916155,0.030437569640147218,-0.041215892520597736,0.41350535170678976,0.9090589247501923,0.6868354381799949,0.4981992978589824,-0.03044636347366353,115,-0.2710697443075903,0.5121392199263862,-0.7795959359196776
1789036765.0078294,LIDAR_ONLY,-0.3414120866001693,0.9335388054424638,-1.0235841748381889,0.030406600486082905,-0.04126090942423844,0.41352814145210304,0.9090475522366991,0.6868370109700227,0.4982011778541573,-0.03044645267802168,115,-0.2697961911796432,0.5119136079029589,-0.7792183792750563
1789036765.1088445,LIDAR_ONLY,-0.34058947610342627,0.9327643331802365,-1.0243489715129181,0.03043294750531357,-0.041218047875173906,0.41350521039568383,0.9090590460531812,0.6868383529728601,0.4982027819837209,-0.030446528792779273,115,-0.27112295292092886,0.5117901916702132,-0.7795189963931307
1789036765.2154539,LIDAR_ONLY,-0.34013147847457453,0.9337125243855282,-1.0242003507709398,0.0304349959755562,-0.04123535281837835,0.41351826485557747,0.9090522544544645,0.6868397527757716,0.49820445520323453,-0.030446608185818735,115,-0.2704293714071294,0.5118821936838683,-0.7794008800640059
1789036765.3300056,LIDAR_ONLY,-0.34254087714643755,0.9336078916184247,-1.0250053511480892,0.030467209106774418,-0.04126052001196116,0.413537301008562,0.9090413738285736,0.6868412536855708,0.4982062492784313,-0.030446693313388694,115,-0.2707684881971256,0.5116097724483012,-0.7792272959226315
1789036765.4558206,LIDAR_ONLY,-0.3436941860524808,0.935007757483317,-1.0255277111683898,0.0304839594471267,-0.041240819120125595,0.4135425937410144,0.9090392984996201,0.6868428990208174,0.4982082159890956,-0.03044678663240684,115,-0.2705831984343283,0.512254373703865,-0.7793524473736174
1789036765.5556595,LIDAR_ONLY,-0.34301459913162624,0.9356625232361401,-1.0262381378581813,0.03052572739329761,-0.04129854422228284,0.41354763670338046,0.9090329820140076,0.6868441836148492,0.49820975149677216,-0.030446859491165296,115,-0.2705831984343283,0.512254373703865,-0.7793524473736174
1789036765.6704717,LIDAR_ONLY,-0.3437340762897641,0.9359192012512187,-1.0262607719409171,0.03052152253683669,-0.04128078337656259,0.4135475799759565,0.9090339557364624,0.6868456992349707,0.49821156315584847,-0.030446945453129613,115,-0.26931273471287603,0.5114691581263282,-0.7792496780405287
1789036765.7787688,LIDAR_ONLY,-0.34331552367358714,0.9367369522296144,-1.0268328900856332,0.03053920454622925,-0.04133208390075813,0.4135506341018443,0.9090296413539368,0.6868471283353013,0.49821327139571103,-0.03044702650794024,115,-0.26917123990037717,0.5109691850651397,-0.7790743654453252
1789036765.887399,LIDAR_ONLY,-0.3436567718036175,0.9367222403706185,-1.0273977999310442,0.030525247180921925,-0.0413099519430026,0.4135647636610984,0.9090246880106999,0.6868485575201312,0.4982149797366558,-0.03044710756756277,115,-0.2698778559605355,0.5116362966330444,-0.7792566479613084
1789036765.985182,LIDAR_ONLY,-0.34422635151571285,0.9365374886290678,-1.0277782394744972,0.030540774517350416,-0.041297659401646376,0.41355436219956826,0.9090294571275095,0.6868498568523826,0.4982165328615812,-0.030447181262303682,115,-0.2697289571558091,0.5112866966352746,-0.7792124262963838
1789036766.1222098,LIDAR_ONLY,-0.3444539464305974,0.9375673438445874,-1.0281511354725366,0.03054719330369625,-0.04132377908531234,0.4135600417255404,0.909025470573484,0.6868517049118351,0.49821874189421295,-0.030447286079449395,115,-0.26928657450413074,0.5109817840619661,-0.7794099686444333
1789036766.2282102,LIDAR_ONLY,-0.34301522092116415,0.9389294035513184,-1.028343049982006,0.030585532446067182,-0.041339593630935756,0.41354340676618834,0.9090310302314408,0.6868529466560783,0.49822022618287237,-0.030447356507984663,115,-0.26928657450413074,0.5109817840619661,-0.7794099686444333
1789036766.3365355,LIDAR_ONLY,-0.34250711616295265,0.9389436736666604,-1.0288524073942855,0.030620172275166873,-0.04136788607643868,0.41354528024201714,0.909027724682233,0.6868543761847491,0.4982219349351344,-0.030447437587186897,115,-0.26970425513595786,0.511412510939882,-0.7790178467871552
1789036766.4477975,LIDAR_ONLY,-0.34310776158104817,0.9389764368373626,-1.029177705237989,0.030580481625245584,-0.04137918846099264,0.41356575898944664,0.9090192296631356,0.6868558057978548,0.49822364378840056,-0.030447518671197008,115,-0.271116107715447,0.5120207963250453,-0.7795870726655635
1789036766.5925555,LIDAR_ONLY,-0.3428582863421577,0.9380076154690642,-1.0291987168487524,0.030514678318414735,-0.04137275174146651,0.4135800157553374,0.9090152476104444,0.6868577554063225,0.4982259742056023,-0.03044762924804853,115,-0.27054420308573807,0.5111432012966693,-0.7793457221760901
1789036766.6826463,LIDAR_ONLY,-0.341886478084579,0.9391752570969687,-1.0297457379607065,0.030552849315222876,-0.041384616864822636,0.41357572018779304,0.9090153797141286,0.6868589396895697,0.4982273898099309,-0.030447696417610172,115,-0.2706075279490778,0.5119215148640389,-0.7793730395417883
1789036766.7797666,LIDAR_ONLY,-0.3422863406934692,0.9386733736495054,-1.0301529352713126,0.03055671720095829,-0.04132432840168857,0.4135673138570228,0.9090218170237373,0.686860181804937,0.4982288745425405,-0.030447766867277674,115,-0.2706075279490778,0.5119215148640389,-0.7793730395417883
1789036766.878731,LIDAR_ONLY,-0.3424416509675857,0.9401276776467943,-1.03011569190994,0.030585006379332785,-0.041399905985484965,0.41357299330802966,0.9090148427695809,0.6868614673169591,0.49823041114835337,-0.03044783977830945,115,-0.27059977219088166,0.511460968457687,-0.7797225331632478
1789036766.9880252,LIDAR_ONLY,-0.34402835937936904,0.9410105707825679,-1.0306356374378245,0.030618007587283648,-0.041397324202526176,0.4135877242220595,0.9090071471298088,0.6868628684582824,0.4982320859689342,-0.030447919247563633,115,-0.2702489879806505,0.5116618999908424,-0.7795294805968647
1789036767.1052034,LIDAR_ONLY,-0.3443694953446623,0.9405945868419177,-1.030663828201769,0.030593263389963345,-0.041317168110572615,0.4135897900426992,0.9090106871907014,0.6868643130186576,0.4982338126895091,-0.030448001179457118,115,-0.2722810434620151,0.5120765515723849,-0.7797235469534014
1789036767.2133267,LIDAR_ONLY,-0.3439791532705812,0.9417373675524227,-1.031085085402379,0.0305993590622767,-0.041406859659736624,0.41358984537470156,0.9090063756657747,0.6868657432182053,0.49823552224428813,-0.030448082296858463,115,-0.2714691293597476,0.5126422051902713,-0.7793331090494396
1789036767.3236587,LIDAR_ONLY,-0.3456551039696594,0.9420082007920557,-1.031280573154108,0.030580861341123373,-0.04140882795383752,0.41361771905114625,0.9089942257099609,0.6868672312931111,0.49823730097906976,-0.030448166696827407,115,-0.27272730277027607,0.5121633949126497,-0.7792837809188401
1789036767.4515076,LIDAR_ONLY,-0.34292911302511464,0.9438945073746274,-1.0317497859960294,0.03062668022455405,-0.041464138374626,0.4135996363846429,0.9089983896959136,0.6868688206001146,0.49823920071930783,-0.030448256838455222,115,-0.2725805848536199,0.5121695683371926,-0.7793290883558627
1789036767.549746,LIDAR_ONLY,-0.343899498244643,0.9446820528078024,-1.0317087777358778,0.030664017290415922,-0.04145685191161191,0.4135965473955875,0.9089988687867777,0.6868700921206623,0.4982407206011471,-0.030448328956024368,115,-0.2722018523224705,0.5117315048308687,-0.7795164582671307
1789036767.6670818,LIDAR_ONLY,-0.34379894914846365,0.9458898525070041,-1.032029295241174,0.030713703447333072,-0.041476595456386746,0.4135904937213951,0.9089990450782603,0.6868716671645975,0.49824260329252734,-0.030448418288725604,115,-0.2725007237200737,0.5122189873411745,-0.7793887421116841
1789036767.7787027,LIDAR_ONLY,-0.3433601777004869,0.9458611504642709,-1.0323976065970237,0.03072426719206575,-0.04151227253149253,0.4135877637873368,0.9089983015826663,0.6868731122489042,0.4982443306398284,-0.030448500250448825,115,-0.27145822832034167,0.512156850578498,-0.7794390151893725
1789036767.8790495,LIDAR_ONLY,-0.3448576783324776,0.9459174276004304,-1.0328997996189264,0.030688761179304604,-0.04148069356372121,0.4136017904858575,0.9089945604378749,0.6868744273503519,0.4982459026152616,-0.0304485748398714,115,-0.27237246644335306,0.5123357311569279,-0.7794590495268645
1789036768.0211303,LIDAR_ONLY,-0.3452344267861208,0.9462843882609259,-1.033451203124202,0.030673586185616275,-0.04147889036513109,0.4136096639271519,0.9089915723870379,0.6868763640029714,0.49824821754730814,-0.03044868468222397,115,-0.2712687615561978,0.5119319371316466,-0.7793227287421398
1789036768.119768,LIDAR_ONLY,-0.34558276275749666,0.9462133778936905,-1.0338211852647912,0.030704823427748135,-0.04149364027995681,0.4136195990411226,0.9089853238219248,0.6868775636487996,0.4982496515157296,-0.03044875272331231,115,-0.2726690552035861,0.5124539455122373,-0.7795554177913753
1789036768.3048115,LIDAR_ONLY,-0.345358075934412,0.9454824895337671,-1.0338403404842766,0.030667446600525713,-0.041478841155257004,0.41362118641039214,0.9089865387385452,0.6868800643057285,0.4982526406173281,-0.030448894554728913,115,-0.2729534461145011,0.5118906828695644,-0.7794852527402362
1789036768.3965092,LIDAR_ONLY,-0.3449242678268872,0.9465975946673146,-1.034313239769743,0.03069562946599485,-0.04151698472801424,0.41361634162283506,0.9089860506373695,0.6868812352219401,0.4982540402446288,-0.030448960966378447,115,-0.27134725302747853,0.5121328977497349,-0.7792458911017244
1789036768.4928875,LIDAR_ONLY,-0.3463425765155512,0.9469424141086346,-1.0349505841057203,0.03070231665182625,-0.04152765250509657,0.4136260732964179,0.908980909215927,0.6868824929354775,0.4982555436231348,-0.03044903230098399,115,-0.27227327592839523,0.5120737849846307,-0.7795644254911713
1789036768.5952108,LIDAR_ONLY,-0.3473131267985619,0.9480347363344768,-1.0352499999917442,0.03074674128723795,-0.04152473737160159,0.4136398963997626,0.9089732505375661,0.6868838085445046,0.4982571162057203,-0.030449106919302464,115,-0.27190177134197935,0.5119111134141474,-0.7794417845981073
1789036768.6851006,LIDAR_ONLY,-0.3464673122092549,0.9487365089616239,-1.0355484790480864,0.030762011713224926,-0.04154285273661823,0.41363062825121344,0.908976123665724,0.6868849940992825,0.4982585333310417,-0.030449174161255685,115,-0.2720669767959166,0.5123378648683157,-0.7794705111164015
1789036768.7871275,LIDAR_ONLY,-0.3464441832351692,0.9496386681595544,-1.0354588851378355,0.030772179151882764,-0.04151383833697628,0.41362014729955565,0.9089818743873114,0.6868862375480493,0.49826001965864686,-0.03044924468683643,115,-0.2722252691384069,0.512395072472534,-0.7795625987504242
1789036768.8941703,LIDAR_ONLY,-0.3463918087883646,0.9509208824511961,-1.035926856619669,0.030779959718194236,-0.04155738841744962,0.41363157272396284,0.9089744218588158,0.6868876111990116,0.49826166162048446,-0.030449322597204204,115,-0.2722252691384069,0.512395072472534,-0.7795625987504242
1789036768.9986992,LIDAR_ONLY,-0.345908627521236,0.9508181729018625,-1.0362517360460657,0.030760642793400465,-0.041571922287772005,0.4136365347467063,0.9089721531790582,0.6868890283096338,0.4982633555308852,-0.03044940297252216,115,-0.2709093912286361,0.5127600425123046,-0.7794956598096646
1789036769.110883,LIDAR_ONLY,-0.3466707195446133,0.9511837268084268,-1.0364538227229978,0.03078242709920464,-0.04156525056201583,0.41363490088136406,0.9089724643246698,0.6868904599642943,0.4982650668262347,-0.030449484172762317,115,-0.27054041742143875,0.512218157327561,-0.779623047821574
1789036769.210286,LIDAR_ONLY,-0.34693718711524146,0.9510014258958941,-1.0364941630230935,0.030793419417560246,-0.041616811668720215,0.41365781124452516,0.908959306846843,0.6868917760039057,0.49826663992386494,-0.030449558815591568,115,-0.2703015348110395,0.512367049760084,-0.7796095975491178
1789036769.3548472,LIDAR_ONLY,-0.34626712786317737,0.9510256117476188,-1.0368923216086698,0.030763002796098823,-0.04159628138744437,0.41365527386574635,0.908962431257067,0.6868937140377873,0.4982689565081214,-0.030449668736573815,115,-0.2712056300862618,0.511798220166878,-0.7792312592054312
1789036769.4594004,LIDAR_ONLY,-0.3459788505259045,0.9529208857302777,-1.03750478193176,0.030832690130451944,-0.041572075478632155,0.41363130281768806,0.9089720859790253,0.6868950013245635,0.4982704952368514,-0.030449741748641256,115,-0.2712056300862618,0.511798220166878,-0.7792312592054312
1789036769.5640337,LIDAR_ONLY,-0.3468099198321486,0.9526857956110313,-1.038031483625504,0.03081033588899588,-0.041620925157893895,0.41364051407167707,0.9089664168218358,0.6868963754697185,0.4982721377898132,-0.030449819687139598,115,-0.2718280150759199,0.5116273061056792,-0.7795761387812592
1789036769.6675828,LIDAR_ONLY,-0.3477748053417619,0.9540013589170737,-1.038383126093302,0.030848493873982967,-0.041649324331348485,0.41364782636189057,0.9089604941660183,0.6868976918287453,0.49827371126950754,-0.030449894348150222,115,-0.2718280150759199,0.5116273061056792,-0.7795761387812592
1789036769.7786977,LIDAR_ONLY,-0.34672313969319646,0.9544692263038711,-1.0384771383061673,0.030877459511984742,-0.04169971248521583,0.41364437677266985,0.9089587702624832,0.6868991384590581,0.4982754404660734,-0.030449976397880267,115,-0.27161997644794234,0.5115436454112945,-0.7794082585239724
1789036769.8910007,LIDAR_ONLY,-0.34632291154647266,0.9552672807122305,-1.0388064552559648,0.03089524860428634,-0.041700762830408016,0.41363868980765145,0.9089607055793176,0.686900599642747,0.4982771870587551,-0.03045005927306369,115,-0.27243559864674005,0.5116033795594483,-0.7796089390439995
1789036769.9894416,LIDAR_ONLY,-0.34754800944358255,0.9536787190574573,-1.039237897707988,0.030817966166167176,-0.04168384077920719,0.41366407082485,0.9089525548057436,0.686901887292973,0.4982787262222169,-0.030450132305818257,115,-0.27194820686855803,0.5114143291161547,-0.7796533165636286
1789036770.1363623,LIDAR_ONLY,-0.3468008379673733,0.9552651808631061,-1.0395327757944146,0.030890936407528834,-0.04169634699031879,0.41364817547049787,0.9089567380384267,0.6869038695390061,0.49828109565511125,-0.030450244734581293,115,-0.26997080328548406,0.5113452931115985,-0.7796032294118325
1789036770.2390049,LIDAR_ONLY,-0.3465580494918223,0.9565724376673511,-1.03969345611033,0.030897090473403683,-0.04175451552301385,0.4136521174640263,0.9089520647158706,0.6869051139508562,0.4982825831346934,-0.030450315314980977,115,-0.2701208623342383,0.5114788776834458,-0.7795237199811599
1789036770.4342964,LIDAR_ONLY,-0.34789112656922927,0.9578155031537341,-1.0400181640896986,0.0309519772208716,-0.041666250928040105,0.41364629518595075,0.9089568972831757,0.6869077042672325,0.4982856794109931,-0.030450462232269764,115,-0.26999680628814277,0.5124337619058751,-0.7794154134449364
1789036770.5361378,LIDAR_ONLY,-0.35102058828259386,0.9582342799461607,-1.0404252718954943,0.030937271734060755,-0.04167597576016843,0.41367586908459486,0.9089434930726971,0.6869090067647071,0.4982872363220739,-0.030450536107203337,115,-0.2701588742570616,0.512087662222536,-0.7794767226611637
1789036770.6304312,LIDAR_ONLY,-0.35063969642245,0.9585492346011643,-1.040713082321345,0.03094948171931052,-0.041717503543395346,0.41368283961869884,0.9089379999122177,0.686910338278325,0.49828882791700524,-0.030450611627885975,115,-0.27112673840543255,0.5126025338948393,-0.7794766083272283
1789036770.7213194,LIDAR_ONLY,-0.3526954577997155,0.9590232776789176,-1.0413032892696485,0.030956365914099396,-0.04168602374339281,0.4136953237906818,0.9089335277717401,0.6869114238050523,0.49829012547706697,-0.030450673196714295,115,-0.2715681783184822,0.5125715679327166,-0.7796192699536967
1789036770.8193002,LIDAR_ONLY,-0.350595952389309,0.9593611323463294,-1.041161371025696,0.030962373644453235,-0.041674546275587254,0.4136765280165392,0.9089424039944483,0.6869127265007506,0.4982916826252431,-0.030450747082929407,115,-0.2715127190035149,0.5121284900277658,-0.7798257797177663
1789036770.9093323,LIDAR_ONLY,-0.35149349404739905,0.9606386768979182,-1.0417893196424888,0.03100497577007209,-0.041723078420587444,0.4136846603579123,0.9089350240744194,0.6869139279371879,0.4982931187354726,-0.03045081522593978,115,-0.2698054649177741,0.511912659133333,-0.77967154078869
1789036771.002331,LIDAR_ONLY,-0.3535070310304726,0.9625720885004948,-1.0414829207452607,0.031019082508205075,-0.041736161807726435,0.4137021617524418,0.9089259764575248,0.6869151004802536,0.4982945203086987,-0.030450881730188388,115,-0.2698054649177741,0.511912659133333,-0.77967154078869
1789036771.1008432,LIDAR_ONLY,-0.35336622739591,0.9618077343662927,-1.0421035276117925,0.030994787860499744,-0.041750736695175664,0.413710603370118,0.9089222935818143,0.6869163599409647,0.49829602577704324,-0.030450953164240402,115,-0.2720415927361433,0.5121110146698611,-0.7797630075470666
1789036771.2167113,LIDAR_ONLY,-0.3545594298681999,0.9623414680531981,-1.0426033092348614,0.03101692053986696,-0.04173923648903779,0.4137126366100665,0.9089211412915221,0.6869178221548355,0.4982977736019287,-0.030451036098055217,115,-0.2710347190116127,0.5122565090808648,-0.7798661134755744
1789036771.3693745,LIDAR_ONLY,-0.35409243957588504,0.9627833934383908,-1.042920488472329,0.031042695274099488,-0.041734901629909275,0.41370299573264635,0.9089248485864467,0.6869198780884357,0.49830023111662153,-0.030451152706481056,115,-0.27156480426896495,0.5117214333993674,-0.7794873845508369
1789036771.461768,LIDAR_ONLY,-0.3539015988980352,0.9648933783787186,-1.0430456527118375,0.03109353896794177,-0.04180739890343878,0.4137051964232172,0.9089187772753984,0.6869210798760633,0.49830166764690387,-0.030451220869477547,115,-0.2711165410684343,0.5119558839723307,-0.7795462186754264
1789036771.5512288,LIDAR_ONLY,-0.35360504609786286,0.9660937146081432,-1.0433538214416682,0.031134355010287502,-0.04186709844245101,0.41370996469486715,0.9089124617466059,0.6869221803598413,0.4983029830859069,-0.0304512832867316,115,-0.2711165410684343,0.5119558839723307,-0.7795462186754264
1789036771.6646838,LIDAR_ONLY,-0.3542236622593546,0.9672154009103329,-1.0435330201505704,0.031144340483112147,-0.041798791777392735,0.41370807291978223,0.9089161245477068,0.6869235994777076,0.4983046793971916,-0.03045136377629202,115,-0.27245030746689225,0.5118413160310642,-0.7797457155215328
1789036771.7778053,LIDAR_ONLY,-0.35419870736042114,0.9668480270084163,-1.0440043873771028,0.03112747848425832,-0.04181844248358144,0.4137148475266708,0.9089127146692596,0.6869250766060695,0.498306445050109,-0.03045144755610954,115,-0.27199185833822087,0.5127859393856492,-0.7797758219942499
1789036771.8963447,LIDAR_ONLY,-0.3537557944667612,0.9689436648433374,-1.0447364804505073,0.031187088671952724,-0.04186278250043753,0.41369939296870156,0.9089156645139398,0.6869266407213993,0.4983083146810583,-0.03045153626967509,115,-0.27081602760876317,0.5124076771868338,-0.7798304341879517
1789036771.9946342,LIDAR_ONLY,-0.35355521459935557,0.9690567430924012,-1.045040851928831,0.031232296465722603,-0.041839122087945504,0.4136901100083524,0.908919426792972,0.6869279442270971,0.49830987279805633,-0.030451610201985786,115,-0.2710371520434924,0.5118075297243742,-0.7797134721945761
1789036772.2408762,LIDAR_ONLY,-0.3550308715142522,0.9698577027324219,-1.0455182336082658,0.03122834328396183,-0.04184811151748753,0.4137069982995311,0.908911461967639,0.6869311598375022,0.49831371650777,-0.030451792585215645,115,-0.27104886683277574,0.512326092632912,-0.779762962956405
1789036772.3586545,LIDAR_ONLY,-0.35479101241201705,0.9692708242682838,-1.0458641412891327,0.031232942961224645,-0.041855551383256376,0.41370190569310733,0.9089132793167212,0.6869324925563851,0.4983153095442888,-0.030451868174487105,115,-0.27104886683277574,0.512326092632912,-0.779762962956405
1789036772.4631252,LIDAR_ONLY,-0.3545245088212152,0.9699943301081899,-1.0462460421803332,0.0312566655476898,-0.041851063249591036,0.41370343013440136,0.9089119766285123,0.6869338688094778,0.49831695461853265,-0.030451946232949896,115,-0.27049024881394573,0.511883822219801,-0.7797541991207669
1789036772.5636792,LIDAR_ONLY,-0.35292906154585957,0.970123483165276,-1.0463632953347382,0.03126353675766277,-0.04190809471218954,0.41368988763824255,0.9089152764327678,0.686935201675525,0.49831854783106605,-0.03045202183059524,115,-0.27044011047126937,0.5115578826197912,-0.7799523992313107
1789036772.6719446,LIDAR_ONLY,-0.3523466907186875,0.9725470633283463,-1.0466067879442045,0.031315817885890475,-0.04197602715840037,0.4136886466046884,0.9089109067254701,0.6869365635916875,0.49832017576807996,-0.030452099075922057,115,-0.2700820372562174,0.5120284843443964,-0.7799514077186804
1789036772.772437,LIDAR_ONLY,-0.3534219438620007,0.9722874425517265,-1.0471434386838945,0.03130065858960413,-0.04194577247555594,0.4136959289456906,0.9089095110719483,0.686938027011353,0.49832192503516903,-0.03045218207835218,115,-0.27036595879588,0.5115915180494451,-0.7799195025249817
1789036772.8661046,LIDAR_ONLY,-0.35303577273486925,0.9720245958609828,-1.0473817399376943,0.031307049178538826,-0.041900172007239216,0.4136890424401307,0.9089145286672802,0.6869392296888484,0.4983233626297828,-0.030452250291985263,115,-0.26943713556518645,0.5111421867105743,-0.7796696469186306
1789036772.9658394,LIDAR_ONLY,-0.35236455780887843,0.974060402244526,-1.0476815634338577,0.031391446639885946,-0.0419677775453268,0.41367565894500763,0.9089145900040195,0.6869404758987478,0.49832485225996126,-0.030452320974706716,115,-0.2697045382756285,0.5118188360765313,-0.7798365142557777
1789036773.0689342,LIDAR_ONLY,-0.35155352877909224,0.9748968066768489,-1.0482854924534157,0.03140549676840092,-0.0419778703352534,0.4136609582669679,0.9089203291710999,0.6869418381074758,0.4983264805468938,-0.030452398236680278,115,-0.26928738402700164,0.5110766849804733,-0.7796015514980243
1789036773.1677024,LIDAR_ONLY,-0.3523047768839819,0.973531771875961,-1.0484820147457035,0.031368091185763954,-0.041992250554542324,0.4136810964657709,0.9089117911962656,0.6869431569134133,0.4983280569532839,-0.030452473036940375,115,-0.26905650031803974,0.5111316311571676,-0.7795549961705723
1789036773.2692633,LIDAR_ONLY,-0.3502237408585315,0.9754627659969403,-1.0488409268670495,0.03141281804548245,-0.04203725471558752,0.4136500850774464,0.9089222800624044,0.6869445192707908,0.49832968541800493,-0.030452550307371658,115,-0.26950449292897793,0.5114787143924155,-0.7797735478419255
1789036773.3871047,LIDAR_ONLY,-0.3526866337169946,0.9756787644927776,-1.0497024851014694,0.03138808685336052,-0.04203285412295546,0.41368537596186317,0.9089072762901925,0.6869460266478,0.49833148722889936,-0.03045263580306839,115,-0.2695712001742542,0.5117487592184848,-0.7800130336415638
1789036773.5057871,LIDAR_ONLY,-0.3520825413299264,0.9763410911044704,-1.0499168486634747,0.031434577327053695,-0.04206498669518681,0.41368107729137377,0.9089061395620848,0.6869475920986797,0.4983333584572209,-0.030452724592627288,115,-0.2699720907016877,0.5114885568980694,-0.7800094661583562
1789036773.6027398,LIDAR_ONLY,-0.3502385822731091,0.9748270181880289,-1.0505892792782086,0.03143320198734344,-0.042091056262506976,0.41367694782439585,0.9089068597134812,0.6869488387326976,0.4983348485946562,-0.03045279529947975,115,-0.2697479453794653,0.5114783211774933,-0.7798962190406397
1789036773.6987593,LIDAR_ONLY,-0.3520918096302056,0.9753326710993382,-1.0509305809832687,0.03139744698815602,-0.04207008652951251,0.4136887595285882,0.9089036903774366,0.6869501724111396,0.4983364427788386,-0.030452870943348642,115,-0.26948512607387287,0.5116407148391137,-0.7799846380455895
1789036773.7939851,LIDAR_ONLY,-0.3515852526816462,0.9775234777637981,-1.0511825674045374,0.03144298621402917,-0.04208743344332886,0.4136830896969902,0.9089038936338923,0.6869513901806943,0.49833789841383874,-0.030452940013082762,115,-0.26994734164237955,0.5114616639682575,-0.7798797084842143
1789036773.9065309,LIDAR_ONLY,-0.3529458580314661,0.9787825843560993,-1.051596144674304,0.0314876792752624,-0.042121177729728364,0.4136883446059732,0.9088983914485098,0.6869527674927027,0.4983395447545758,-0.030453018131795233,115,-0.26994734164237955,0.5114616639682575,-0.7798797084842143
1789036774.0083532,LIDAR_ONLY,-0.3548109505743925,0.9783958097398391,-1.0518052921913192,0.03144160040698623,-0.04209304821538075,0.4137055589173724,0.9088934544690317,0.6869541158833385,0.4983411565248138,-0.030453094610151457,115,-0.2715843145208002,0.5117702469364244,-0.7800415148948349
1789036774.1169744,LIDAR_ONLY,-0.3538896413986115,0.9788840020624265,-1.0521115313148832,0.031469808063674956,-0.04204946522694499,0.4136882037672456,0.9089023950449209,0.6869555223479735,0.4983428377126311,-0.030453174382376894,115,-0.26984263325322727,0.5112724347963487,-0.779834240325916
1789036774.2268279,LIDAR_ONLY,-0.3544442030387769,0.9803088084979708,-1.0525732670532735,0.031494490768882076,-0.04210968428166796,0.413690725908861,0.9088976041545641,0.6869569288929593,0.4983445189965487,-0.030453254159173666,115,-0.27041308224363575,0.5109867471721787,-0.77976805890888
1789036774.3348598,LIDAR_ONLY,-0.35453401563119424,0.9806514764403577,-1.052835233023152,0.03153576488825066,-0.04211647971974973,0.41369354578550266,0.9088945746588805,0.6869583790234453,0.49834625237953223,-0.03045333640807915,115,-0.270104336003473,0.5112352199016486,-0.7795604044294024
1789036774.476226,LIDAR_ONLY,-0.35528448310459787,0.9790362414214018,-1.0532453405328264,0.03146697142251487,-0.04207988618301577,0.41370461185917434,0.9088936169952835,0.6869602788235665,0.49834852326574447,-0.030453444161494606,115,-0.26874176813951506,0.5106688645821201,-0.7793298913782621
1789036774.6716783,LIDAR_ONLY,-0.35748484637702743,0.9798353432930451,-1.0536370831707655,0.0314576215579479,-0.042102342995428504,0.41372739961925553,0.9088825279234392,0.6869628169530662,0.4983515571657364,-0.030453588119900482,115,-0.27129691632878966,0.5112755763415991,-0.7797784868884762
1789036774.7640114,LIDAR_ONLY,-0.3572478277064738,0.9799211559910174,-1.053804989895778,0.031497662552733924,-0.042055221821533637,0.4137144017622658,0.9088892393167313,0.6869640788632985,0.49835306556379405,-0.03045365969332791,115,-0.27030596894744763,0.5112152777376292,-0.7796045289601509
1789036774.8605306,LIDAR_ONLY,-0.3585963687142438,0.9820680348616937,-1.0546729556172063,0.03154101968634571,-0.042066436861185254,0.41372015691015396,0.9088845970381428,0.6869653553439634,0.49835459137835764,-0.03045373209317693,115,-0.270419724769659,0.5117291526505461,-0.7798478144819598
1789036774.956622,LIDAR_ONLY,-0.35723819168619364,0.9819227005769233,-1.054796306509947,0.031524074175361606,-0.04211715107694818,0.4137259536006309,0.9088801976332176,0.686966573864429,0.49835604791144517,-0.030453801205630834,115,-0.27033924154741973,0.5115170243505367,-0.7797307371346408
1789036775.0494537,LIDAR_ONLY,-0.3575886197794084,0.9822771960945169,-1.0548187937394349,0.0315303176535931,-0.04210213206049016,0.41372100149713653,0.9088829311109494,0.6869677924451056,0.4983575045165434,-0.030453870321509917,115,-0.2707716665916442,0.5111273304920029,-0.7800184909588674
1789036775.142868,LIDAR_ONLY,-0.3582225173326875,0.9843691762281963,-1.054855474259551,0.03153913615563859,-0.042106759737459254,0.41372747317905634,0.9088794648421985,0.6869690401019805,0.4983589958773121,-0.030453941086553325,115,-0.2705540187187162,0.5115030910820223,-0.7799854979857923
1789036775.2393107,LIDAR_ONLY,-0.35754248415699796,0.9854434866812409,-1.0555962182469663,0.03156549932678507,-0.04217142707503728,0.4137304233588932,0.9088742084457984,0.6869703023306998,0.4983605046562741,-0.030454012678098545,115,-0.27017731404313,0.5113243817253473,-0.7801318183122612
1789036775.3408682,LIDAR_ONLY,-0.35839693771639025,0.9855205178210362,-1.0557215065902041,0.031605780243325415,-0.042109830116546614,0.4137219005941917,0.9088795441814587,0.6869716081524975,0.49836206554336343,-0.03045408674218314,115,-0.27017731404313,0.5113243817253473,-0.7801318183122612
1789036775.441418,LIDAR_ONLY,-0.3607967701839613,0.9872643808618521,-1.0562698946088545,0.03160056508679659,-0.04217539429330541,0.41375487064223654,0.9088616767265663,0.6869728850228427,0.49836359182397566,-0.030454159164199614,115,-0.27012586557475504,0.5108574731818821,-0.780189145284706
1789036775.5649843,LIDAR_ONLY,-0.35955208724724896,0.9871831094490409,-1.0563475514813268,0.03163956720134149,-0.042124249960906114,0.41373695620495665,0.9088708469429531,0.6869744957148693,0.4983655171315044,-0.03045425052005646,115,-0.2702619932087598,0.5116483167065673,-0.7803395426252616
1789036775.7210534,LIDAR_ONLY,-0.3614436431923675,0.9884192700904758,-1.0565386765636167,0.03167557670422513,-0.04211659871937235,0.4137504067148671,0.9088638241761239,0.6869765999303128,0.49836803236218147,-0.030454369867792576,115,-0.2690857926365217,0.5109886491217889,-0.7803492016115806
1789036775.8183641,LIDAR_ONLY,-0.3595985453261287,0.9886874962382456,-1.0568071637242393,0.03167598627621629,-0.042149111915868016,0.4137306666541277,0.9088712888677163,0.6869778770588355,0.4983695589515641,-0.030454442304495136,115,-0.2696178752885628,0.5112063834471353,-0.7801532668307215
1789036775.909309,LIDAR_ONLY,-0.3610231250491719,0.9898931738874215,-1.056875509639518,0.031678482551380886,-0.04214648248672609,0.4137487195445502,0.9088631056613989,0.6869790961976596,0.4983710162241889,-0.03045451145212409,115,-0.27048201987080395,0.5114737996099359,-0.7802066252535542
1789036776.00604,LIDAR_ONLY,-0.36071798824882906,0.9900345620932413,-1.0572562865962494,0.031696236196483346,-0.042141526232780425,0.4137440796883423,0.9088648287290003,0.6869803444259245,0.4983725082683201,-0.030454582249670438,115,-0.27048201987080395,0.5114737996099359,-0.7802066252535542
1789036776.1151161,LIDAR_ONLY,-0.3613381610422729,0.9904815081273242,-1.0575042488406958,0.03170308069272002,-0.042187684699254525,0.41375892024353234,0.9088556925349665,0.6869817378714892,0.4983741738950275,-0.03045466128372598,115,-0.27058769864313853,0.5117033496258893,-0.7803415171794996
1789036776.2188458,LIDAR_ONLY,-0.3621720521867282,0.9903223750367668,-1.0576935010178834,0.03168020091826334,-0.04210208701384981,0.41377272073695204,0.908854176814299,0.6869830588142966,0.49837575285708907,-0.03045473620555024,115,-0.27061825469553014,0.5111796741082677,-0.7804150616979337
1789036776.33961,LIDAR_ONLY,-0.36003965017656914,0.9921005981532477,-1.0577976328555416,0.03173308615412235,-0.04212148073287837,0.41373974854515116,0.9088664437516659,0.6869846411354055,0.49837764425243336,-0.030454825952360688,115,-0.2681164832500587,0.5107030621610356,-0.7803598460091525
1789036776.4403262,LIDAR_ONLY,-0.3591527036485574,0.9920641040380542,-1.0584451584135521,0.031741782496804476,-0.04219978328831713,0.41374560009989625,0.9088598439431248,0.686985947715398,0.4983792060462917,-0.03045490005957307,115,-0.2681857530670844,0.5106654698045009,-0.7801903604642922
1789036776.5500588,LIDAR_ONLY,-0.3586063738013536,0.991999722987935,-1.0585145820569353,0.031734865396447154,-0.04215326293648691,0.4137417643405304,0.9088639904751766,0.6869874285895076,0.4983809761791342,-0.03045498405249368,115,-0.2693505459375236,0.5107909188628942,-0.780220929758348
1789036776.7647896,LIDAR_ONLY,-0.35981101497440837,0.9917319012515943,-1.058632960595442,0.03170899032878665,-0.04218833811621316,0.41376388669501474,0.9088531950355658,0.6869902308781999,0.49838432583825365,-0.030455142994072586,115,-0.2691909199193627,0.5108721072137554,-0.7801695556824488
1789036776.8666263,LIDAR_ONLY,-0.36083629758912106,0.9927181802799796,-1.0591603206000018,0.03171654620768162,-0.04221087000098903,0.4137805510425133,0.9088442983973489,0.686991682966076,0.4983860615622087,-0.03045522535432195,115,-0.2701713890004455,0.5113317295331935,-0.7802903503738314
1789036776.9589164,LIDAR_ONLY,-0.35883968891856965,0.9948066147246357,-1.0590154906935827,0.031790459615559305,-0.0422226028963502,0.4137506931362507,0.9088547642012781,0.6869929173077552,0.4983875370076781,-0.0304552953643437,115,-0.27001195428086666,0.5118880192085357,-0.7802143214268035
1789036777.050183,LIDAR_ONLY,-0.35976715934341164,0.9947229275260053,-1.0600559042548843,0.03182868275368416,-0.04225209271856936,0.41375709798977023,0.9088491401097052,0.6869940645746176,0.49838890837005195,-0.030455360435620193,115,-0.2692012551793559,0.511490135369983,-0.7803060981792912
1789036777.1484494,LIDAR_ONLY,-0.36015788531733967,0.9955319431313105,-1.0600909675899854,0.0318183248124985,-0.04224738401723161,0.4137571917026181,0.9088496790251894,0.6869953716522791,0.49839047075908943,-0.030455434571138647,115,-0.2706231879730789,0.5114009037094588,-0.7803992696465909
1789036777.237556,LIDAR_ONLY,-0.3604628446410079,0.9959173229288962,-1.0605343319809626,0.03182898176271916,-0.04223006231100404,0.4137536095250182,0.9088517416840747,0.6869965626053249,0.4983918943409347,-0.030455502120249424,115,-0.2696164853073105,0.5112919796162195,-0.7803999522214357
1789036777.3392227,LIDAR_ONLY,-0.35984240568163395,0.9961504673647473,-1.0605353769307964,0.03183855190627971,-0.04225583543752849,0.41376257187364596,0.9088461283960524,0.6869977826653848,0.4983933527153018,-0.0304555713202767,115,-0.2701094997688545,0.5111171203471915,-0.7803370229021759
1789036777.4365356,LIDAR_ONLY,-0.3591863768456272,0.9961165823236376,-1.0610854410972188,0.03187418970337947,-0.04227289371620203,0.4137561112562727,0.9088470272194867,0.6869990173111373,0.4983948285244201,-0.030455641347592703,115,-0.2701094997688545,0.5111171203471915,-0.7803370229021759
1789036777.6264093,LIDAR_ONLY,-0.3591853669603606,0.9976807812716981,-1.0617415832579862,0.03186028359427215,-0.04230995118782412,0.4137700082340385,0.908839463626982,0.6870016030039141,0.4983979192807076,-0.03045578800436688,115,-0.26945301308240555,0.5105744040985734,-0.7805578749120541
1789036777.7164302,LIDAR_ONLY,-0.35840044657442083,0.9986623959075002,-1.0619096352696675,0.031918565900855324,-0.04234080804216914,0.41375666340083017,0.9088420570245311,0.687002721617527,0.49839925639322685,-0.03045585145053449,115,-0.26949890815868477,0.5105262842715764,-0.7804345372616469
1789036777.8131711,LIDAR_ONLY,-0.3580258657683956,1.0003369914747475,-1.0619724723031616,0.031976992512902945,-0.04237734040908094,0.41375377795960866,0.9088396141200237,0.6870040146234245,0.4984008019621296,-0.030455924787993277,115,-0.270365497465932,0.5105264212599794,-0.7804803953569012
1789036777.9076352,LIDAR_ONLY,-0.35590879539525083,1.0018871899585373,-1.0619957817996082,0.032003750058959834,-0.04240052188083512,0.41373689670910174,0.908845276176269,0.6870052786381861,0.49840231287709175,-0.030455996481125958,115,-0.2709658358933358,0.5115962127742477,-0.7803559923206569
1789036778.005389,LIDAR_ONLY,-0.3567299275658502,1.0012415501899656,-1.0625618675669481,0.031965068726457345,-0.042404965065811484,0.41374343293774707,0.908843454627896,0.6870065136573626,0.49840378913279293,-0.030456066529679547,115,-0.2709658358933358,0.5115962127742477,-0.7803559923206569
1789036778.112228,LIDAR_ONLY,-0.3561692435708431,1.002334022619354,-1.0629126550543806,0.03200161657041071,-0.042413734080641086,0.4137262981804562,0.9088495595488362,0.6870079231073213,0.4984054738909166,-0.030456146471713547,115,-0.2704179594479409,0.5108764032386236,-0.7801410287629867
1789036778.220193,LIDAR_ONLY,-0.354888891426308,1.0028493188876546,-1.0630369585342125,0.03200134815091752,-0.04243384765485946,0.41371995286307356,0.9088515186171524,0.687009347169016,0.4984071761149361,-0.030456227242517203,115,-0.2690391244176457,0.5112515135637117,-0.7803170562475603
1789036778.3284535,LIDAR_ONLY,-0.3552482593120985,1.003416665857764,-1.063966294396764,0.032059676656161655,-0.04245379832223322,0.4137160605433781,0.9088503030693149,0.687010785844942,0.49840889580783565,-0.03045630884223234,115,-0.2689392463834328,0.5110700850923844,-0.7801736303869455
1789036778.426253,LIDAR_ONLY,-0.3558845781483227,1.0045325052034564,-1.0642337980629142,0.03205124294100667,-0.042423641032703206,0.4137192844881058,0.908850541150807,0.6870121083377944,0.4984104766236309,-0.03045638385221478,115,-0.2693201141482821,0.5109839486929467,-0.7801160375161521
1789036778.564864,LIDAR_ONLY,-0.3551319936954675,1.0055238528392014,-1.064944405070537,0.032118946741859285,-0.042504444360077616,0.4137118092590159,0.9088477784257749,0.6870139105293922,0.498412630837942,-0.030456486070069747,115,-0.26946743031633674,0.5113023968939687,-0.7801406288814093
1789036778.6546202,LIDAR_ONLY,-0.35482280198216887,1.006300519240802,-1.0653227116029325,0.032125042879906175,-0.042543889868570134,0.4137089375310304,0.9088470245656094,0.6870150296980813,0.4984139686142781,-0.030456549547804614,115,-0.26946743031633674,0.5113023968939687,-0.7801406288814093
1789036778.7662015,LIDAR_ONLY,-0.3537602000434414,1.0067871413052238,-1.0650103827743636,0.03211990231466614,-0.04253396053520469,0.4136971791444945,0.9088530233455651,0.6870164832392038,0.4984157060761852,-0.030456631990703115,115,-0.2705029377299541,0.5116245330952229,-0.780346127449718
1789036778.8883848,LIDAR_ONLY,-0.3541007582235016,1.0081205871301857,-1.065238961375837,0.03214705043300233,-0.04255692666939021,0.413700571780178,0.9088494441048354,0.6870180967694709,0.49841763477803774,-0.03045672350798557,115,-0.26966838102311286,0.5113931584969341,-0.7802219335164249
1789036778.9850109,LIDAR_ONLY,-0.35408963881245853,1.0077480597956288,-1.0661748506195092,0.03219371255451524,-0.042526542141000184,0.41369465246487735,0.9088519090629954,0.6870193905766526,0.4984191813051943,-0.030456796891012723,115,-0.27102554151923175,0.51129483113838,-0.7807023073919707
1789036779.0932117,LIDAR_ONLY,-0.354710603004959,1.009296024281729,-1.0661438479715346,0.032213220579755904,-0.042560728407907526,0.41369355433463273,0.9088501174116922,0.6870208443729654,0.49842091907227964,-0.03045687934842288,115,-0.2700996481364256,0.5107316098080812,-0.7807760834913197
1789036779.215363,LIDAR_ONLY,-0.3545007162828766,1.009538275706282,-1.0664795984430333,0.03225603035950601,-0.042593374039842404,0.4136878009540077,0.9088496885267586,0.6870224581864698,0.4984228481128507,-0.030456970881811887,115,-0.2690708612238465,0.5109818798977991,-0.7809014526811072
1789036779.4112558,LIDAR_ONLY,-0.3545876335470574,1.0116266657901367,-1.0665478962437034,0.03225765692042236,-0.04258132182591951,0.41369373675327664,0.9088474936823407,0.6870250608632057,0.49842595917196447,-0.03045711850226092,115,-0.2700853018851865,0.5114036194887446,-0.7807664368071877
1789036779.5084958,LIDAR_ONLY,-0.35286926361951715,1.0125805660921496,-1.0665358117837624,0.032315528571209555,-0.0426429767777224,0.4136661808290126,0.90885508965018,0.6870263841161761,0.49842754089677294,-0.030457193555468415,115,-0.26983112438668355,0.5112306587070161,-0.7808045059424259
1789036779.5995524,LIDAR_ONLY,-0.35435287027341966,1.0130819663902695,-1.0671348952586257,0.03230101454752577,-0.04261386082319219,0.41368576396552326,0.9088480577176823,0.6870275183890477,0.4984288967279107,-0.03045725788997576,115,-0.2702989890124276,0.511426457096251,-0.7807078234578032
1789036779.695713,LIDAR_ONLY,-0.35447729910769554,1.013286750405658,-1.0676835396152131,0.032314807411041986,-0.0426103599389851,0.4136818593605843,0.9088495088208098,0.6870287545145356,0.49843037430663517,-0.03045732800144174,115,-0.2699347444337556,0.5110434693178886,-0.7807705373045206
1789036779.793016,LIDAR_ONLY,-0.35481028970230905,1.0118429940179847,-1.067757980920694,0.032251932630047345,-0.04262286565588134,0.41370930973017966,0.9088386607134876,0.6870300779640194,0.4984319562664476,-0.03045740306582359,115,-0.26999251248628475,0.5109998013680386,-0.7807816948857359
1789036779.8898215,LIDAR_ONLY,-0.3562595260727381,1.0146663128460418,-1.0674490861604593,0.0322508426623272,-0.04259116191159996,0.4137155490154668,0.9088373455010641,0.6870312705831912,0.4984333818408025,-0.030457470709684117,115,-0.27090549530113334,0.5112264209479574,-0.7806742699290559
1789036779.9912045,LIDAR_ONLY,-0.35675368454905904,1.0135653189896148,-1.0682408119095423,0.03228291984143126,-0.04261397989231323,0.4137130356444773,0.9088362811541365,0.6870325941664988,0.49843496396065023,-0.030457545781675435,115,-0.27090549530113334,0.5112264209479574,-0.7806742699290559
1789036780.0995493,LIDAR_ONLY,-0.3545833858229345,1.0156986553358582,-1.068348169628937,0.03234512090305082,-0.0426819385698268,0.41369611169741316,0.9088385843702556,0.6870340487348215,0.4984367026509598,-0.0304576282829847,115,-0.2704546725328429,0.5110497195723842,-0.7807416620149967
1789036780.210065,LIDAR_ONLY,-0.3544124018038636,1.0164397179578701,-1.0688022113731575,0.03238537555517517,-0.04270511991675637,0.4136870508977902,0.9088401862277741,0.6870355179350977,0.49843845883133847,-0.030457711614212353,115,-0.27029501494770375,0.5106860865307578,-0.7808263179570234
1789036780.317067,LIDAR_ONLY,-0.3562229900644016,1.0165658240673057,-1.0693544911806745,0.03238224986158562,-0.042697894826812084,0.4136867487548854,0.9088407746001896,0.687036841744242,0.49844004122125485,-0.030457786699044878,115,-0.26921230810201074,0.5109905195391703,-0.780680632575499
1789036780.4245272,LIDAR_ONLY,-0.3569614721540693,1.0169664960921396,-1.0695048253540314,0.03233967445790612,-0.042586552997080404,0.41369770158967356,0.9088425290770702,0.6870382820121343,0.4984417628179477,-0.03045786838928608,115,-0.26934553154466473,0.5104852974851621,-0.7805603251121037
1789036780.5718763,LIDAR_ONLY,-0.35712444850791447,1.0169596040043776,-1.0697659279837164,0.03236800044263984,-0.04266611723411576,0.41371068147062456,0.9088318805063023,0.6870403043469988,0.49844418017734216,-0.030457983093676977,115,-0.2691377429900689,0.5107842420163987,-0.7803587049921845
1789036780.6637926,LIDAR_ONLY,-0.35518994307212626,1.0182796289975564,-1.069721089205427,0.03240216719197492,-0.042679046048419725,0.4136844452936487,0.9088419985408611,0.687041468355163,0.49844557155233055,-0.03045804911482452,115,-0.269453103954182,0.51088314462779,-0.7802807079714736
1789036780.7613246,LIDAR_ONLY,-0.3563421136712518,1.0176182696100706,-1.070573188421683,0.03235912047681136,-0.04270424606918691,0.4137023302534452,0.9088342074506763,0.6870427633781386,0.49844711953341125,-0.03045812256698399,115,-0.269453103954182,0.51088314462779,-0.7802807079714736
1789036780.865448,LIDAR_ONLY,-0.35586325386841705,1.0188532039204485,-1.071123041984441,0.032394170548677444,-0.04272072048442528,0.4137055126907934,0.9088307359046582,0.687044102124306,0.498448719778214,-0.03045819849908058,115,-0.2701243203247973,0.5107575954321105,-0.7805524898111275
1789036780.9783423,LIDAR_ONLY,-0.35573199538332945,1.0205346867538263,-1.0708265305440252,0.03239354416867703,-0.04275822934042419,0.4137006548492115,0.9088312056136703,0.6870455428119084,0.498450441876816,-0.030458280213185703,115,-0.26892482957256914,0.5108246569412863,-0.7806797793802293
1789036781.0872157,LIDAR_ONLY,-0.3561290508722454,1.0206591010393626,-1.0714662303498055,0.032379320505959,-0.04274107810502918,0.41370492807063,0.9088305740544094,0.6870469981364278,0.4984521814714218,-0.03045836275749117,115,-0.26882593626376877,0.5113752730174932,-0.780492514162401
1789036781.2333117,LIDAR_ONLY,-0.3566854777065427,1.0205867589799649,-1.0721761838857753,0.032386049572251434,-0.04271869752581349,0.41370787979783,0.9088300428947022,0.6870490211785903,0.49845459967663386,-0.03045847750209703,115,-0.268529181198724,0.5107515552931322,-0.7804905426228854
1789036781.3226023,LIDAR_ONLY,-0.3570782517460339,1.02182310763124,-1.0722640862788448,0.03240763963882652,-0.04271811631511828,0.41370695339718844,0.9088297223035482,0.6870501564827587,0.49845595674104887,-0.03045854189524292,115,-0.2687843128702571,0.5108673188321227,-0.7804141649756391
1789036781.516685,LIDAR_ONLY,-0.3586398065058564,1.0236190036245882,-1.0727208919477493,0.032468876762691744,-0.04276636782809091,0.41371778206244186,0.908820337927082,0.6870527038275389,0.4984590016616599,-0.03045868637773292,115,-0.2681755087313528,0.5109248124481577,-0.7804080879717877
1789036781.6126971,LIDAR_ONLY,-0.3588272862307981,1.0242987673020665,-1.0731865122402997,0.03250528834988476,-0.04275507282519221,0.41371196569369817,0.9088222155178975,0.687054072222949,0.498460637347397,-0.03045876399157412,115,-0.2683557270127498,0.5109761938630201,-0.7804518986271137
1789036781.7104492,LIDAR_ONLY,-0.3585010781929747,1.0255419903533978,-1.073120408020703,0.03255001393830326,-0.04274796534387742,0.4136949970245549,0.9088286733419169,0.6870553096663707,0.4984621165021675,-0.03045883417797516,115,-0.26850073796486446,0.510797383933997,-0.780259486366099
1789036781.8024883,LIDAR_ONLY,-0.3592573280976,1.0258595399896986,-1.0736028689352486,0.03255108953442128,-0.042782609420070575,0.41370873811640096,0.9088207496021793,0.6870564743750383,0.4984635087148424,-0.030458900238950162,115,-0.2698154688384248,0.510771851631705,-0.7807181220283572
1789036781.9005938,LIDAR_ONLY,-0.3594314372986655,1.0256060787875594,-1.0738262547933453,0.03254375334379663,-0.042849944740118204,0.41371992343783004,0.9088127482076068,0.6870577992972018,0.4984650924357492,-0.030458975387064602,115,-0.2692497013177637,0.5111142802742329,-0.7808577248930862
1789036781.9958456,LIDAR_ONLY,-0.360034861691284,1.0278974523238722,-1.0744832476133062,0.032577975593147526,-0.042792312908199064,0.4137092043960197,0.9088191171296033,0.6870590806074741,0.4984666240260307,-0.030459048061569953,115,-0.2700902340771229,0.5111966881932926,-0.7807621213239649
1789036782.0977938,LIDAR_ONLY,-0.3613534149486813,1.0265861532354614,-1.07462687923745,0.03252478038620516,-0.04279240091508019,0.4137332703667496,0.9088100627063866,0.6870603765449519,0.49846817310070146,-0.030459121565723064,115,-0.26962255559483644,0.5112790787523872,-0.7807327720900187
1789036782.191656,LIDAR_ONLY,-0.36189181403538484,1.0284511412825097,-1.075046958918523,0.0325493925287336,-0.042796515878290226,0.4137302484934173,0.9088103634731863,0.6870616143008195,0.49846965262910053,-0.030459191769887345,115,-0.26962255559483644,0.5112790787523872,-0.7807327720900187
1789036782.3060083,LIDAR_ONLY,-0.36094136345447064,1.0286756040949103,-1.0760065765285856,0.032622354714478136,-0.04285332784243355,0.4137169796606513,0.9088111107409393,0.6870630414366345,0.4984713585293264,-0.03045927271548604,115,-0.27006657678908974,0.5119164651048078,-0.7807897129312402
1789036782.4140446,LIDAR_ONLY,-0.36277205900275805,1.0291596078155811,-1.0759156652569086,0.032565032748344144,-0.04287123231123043,0.4137419699137552,0.9088009454298015,0.687064497781694,0.49847309934431866,-0.030459355317812457,115,-0.2701026298695982,0.5110997000356811,-0.7810509405491591
1789036782.53297,LIDAR_ONLY,-0.3642170493177304,1.0287745370850239,-1.0762143280666336,0.03256270823394972,-0.04285533632236828,0.4137499492865881,0.9087981457103185,0.6870660707296797,0.49847497953849723,-0.030459444533744023,115,-0.2708943801801191,0.5109781954389455,-0.7807863282903346
1789036782.687156,LIDAR_ONLY,-0.36361350054937536,1.0307779615385302,-1.076282045318127,0.03260243888738629,-0.04282710059503083,0.41373545494889125,0.9088046510397333,0.6870681827136483,0.49847750405940644,-0.030459564323241782,115,-0.270741728201266,0.5117775230258136,-0.7809686572697112
1789036782.7752023,LIDAR_ONLY,-0.3628064721922574,1.0322019953964603,-1.0763804064800278,0.03259329893905236,-0.042895283715001405,0.4137327541281702,0.9088029927661981,0.6870693625892563,0.4984789144018919,-0.030459631244548903,115,-0.2703209853306527,0.5107579338449668,-0.7811196840506603
1789036782.8711796,LIDAR_ONLY,-0.36417822737629546,1.0322659060259314,-1.0771755645189547,0.03263593084299041,-0.042895669690364395,0.4137443521267774,0.9087961645072123,0.6870705570879336,0.49848034222382,-0.030459698995268528,115,-0.2703209853306527,0.5107579338449668,-0.7811196840506603
1789036782.972473,LIDAR_ONLY,-0.36320921413625773,1.0329485627167254,-1.077631366993902,0.032662739589105136,-0.042912691987565386,0.41373528277074556,0.9087985266820837,0.6870718827569093,0.49848192683777226,-0.030459774185839297,115,-0.26880585241492516,0.5119452639147055,-0.7811701168816502
1789036783.0819907,LIDAR_ONLY,-0.36109893547907257,1.0319856137179195,-1.0777239553117266,0.032618781525872054,-0.04289755027945704,0.4137179999064788,0.9088086882425651,0.6870733541860542,0.4984836856834919,-0.03045985764378644,115,-0.2699169501864003,0.5119147561317905,-0.7809797710226425
1789036783.1964133,LIDAR_ONLY,-0.3618490139044328,1.0327811789479078,-1.0788898570416432,0.03262339856368145,-0.042908443272383315,0.4137357178364086,0.9087999423132065,0.6870748111318518,0.4984854272168486,-0.030459940280263928,115,-0.2703265750556952,0.5118999054996022,-0.7811069716051485
1789036783.3075297,LIDAR_ONLY,-0.3625588569400575,1.0319666649790094,-1.079048068966015,0.032592795263513545,-0.04292136247459523,0.41375243122011696,0.9087928212742867,0.6870762827332122,0.49848718626850275,-0.03046002374800099,115,-0.2703537108830857,0.5114945669338145,-0.7810902611966012
1789036783.4425976,LIDAR_ONLY,-0.3641454164600092,1.0309878616385675,-1.0797794204829023,0.03257091571922207,-0.04288282778511771,0.4137737542169385,0.9087857166855033,0.6870780895700417,0.49848934603777156,-0.030460126229969027,115,-0.2701239346969577,0.5108367556238812,-0.7807321193682599
1789036783.5347445,LIDAR_ONLY,-0.3634963516116129,1.0324428706540598,-1.0800419631786553,0.03263262476121318,-0.04293714152718519,0.4137676137570374,0.908783734165877,0.6870792990578787,0.4984907917769103,-0.030460194830912092,115,-0.2701239346969577,0.5108367556238812,-0.7807321193682599
1789036783.7283971,LIDAR_ONLY,-0.3646626443205683,1.0331730830940944,-1.0803566052828473,0.03263883242998604,-0.04295290613431453,0.41377768574551316,0.9087781804441123,0.6870818785222716,0.49849387509252724,-0.03046034113558281,115,-0.2693076768524341,0.5117206862990524,-0.7808671818239011
1789036783.8269007,LIDAR_ONLY,-0.36361028786369964,1.0336996594164483,-1.0810958333905332,0.03263108698193705,-0.04292791705069736,0.41376214900882685,0.908786713232353,0.6870832922397487,0.49849556495392616,-0.030460421320254796,115,-0.26898924613661257,0.5118656151205851,-0.7805790127551894
1789036783.933382,LIDAR_ONLY,-0.3632200861635111,1.0347015188075805,-1.081227362808172,0.032676711808304275,-0.04297314106427449,0.4137520726188188,0.9087875241529776,0.6870846914613765,0.49849723748801095,-0.030460500682746285,115,-0.2681358283679228,0.5112299483777787,-0.7808607241153134
1789036784.0349388,LIDAR_ONLY,-0.3626774141604603,1.0332621425489765,-1.0816547277356157,0.032649193232156724,-0.042953899188368616,0.4137536847443449,0.9087886889075381,0.687085974149851,0.49849877072634463,-0.03046057343559906,115,-0.2703634476826082,0.5120175733641872,-0.7807941164804177
1789036784.1247175,LIDAR_ONLY,-0.3630664500242694,1.0357413093969583,-1.0821774308567156,0.032689484830871425,-0.04299787499438352,0.41376266811829265,0.9087810708851122,0.6870871694413913,0.49850019949636915,-0.030460641231389314,115,-0.2686912535748226,0.5119511804000327,-0.780769448030863
1789036784.220952,LIDAR_ONLY,-0.3630693970427643,1.036575898744974,-1.0819759914106521,0.03269571884367483,-0.04295819615215505,0.4137586728698673,0.9087845421097427,0.6870884522567073,0.49850173288637717,-0.03046071399145211,115,-0.2685524991384429,0.5115630287961559,-0.7806902488490663
1789036784.3166947,LIDAR_ONLY,-0.3644332862270543,1.037992090404036,-1.0825897315097188,0.03269272094303866,-0.04297691284438131,0.4137712901271213,0.9087780204352682,0.6870897205591162,0.4985032489286733,-0.030460785928364563,115,-0.26794626172602926,0.5113277980194506,-0.7804966431232385
1789036784.4087842,LIDAR_ONLY,-0.3654205991528321,1.0389497051088634,-1.0831536648949935,0.03274439098271019,-0.0429809134626516,0.41377363214674034,0.9087749046255521,0.687090916029324,0.4985046779123437,-0.030460853734310685,115,-0.26794626172602926,0.5113277980194506,-0.7804966431232385
1789036784.517673,LIDAR_ONLY,-0.3642534319685044,1.0369151022647178,-1.0839757704827273,0.03268918255619968,-0.04301967603890817,0.41377440509748054,0.9087747061310306,0.687092286516515,0.49850631609942747,-0.03046093146706417,115,-0.2703379733089331,0.5112636746316559,-0.7804431028019221
1789036784.6300232,LIDAR_ONLY,-0.3651444381386415,1.03871131297278,-1.0836895413244505,0.03270755495691069,-0.04295847371057282,0.4137753547798457,0.9087765078180727,0.6870937591447384,0.4985080763789838,-0.03046101499317176,115,-0.27093811288496955,0.5108316633362961,-0.7806314483947963
1789036784.7391672,LIDAR_ONLY,-0.3632448637055278,1.0389612929613716,-1.0841472158639467,0.03272471582043748,-0.04298204223926981,0.4137567580485067,0.9087832426869471,0.6870952318594287,0.4985098367619342,-0.030461098524194187,115,-0.27106908974962446,0.5113937087140906,-0.7804074821233266
1789036784.8936446,LIDAR_ONLY,-0.36408687879081825,1.0402256507211687,-1.0846197882136457,0.032751814567022176,-0.04295842250618105,0.41375784607428856,0.9087828879277565,0.6870973171379976,0.49851232936213563,-0.03046121679929413,115,-0.26963208927914495,0.5112610629544686,-0.7805594372478968
1789036784.9769378,LIDAR_ONLY,-0.36518469207790283,1.041486328319623,-1.0849151086889053,0.03279437269309186,-0.04301555359971911,0.4137672635489314,0.9087743630205496,0.6870984108848539,0.4985136367527825,-0.03046127883562738,115,-0.2712530792342603,0.5112686982761807,-0.7807989029793192
1789036785.0762477,LIDAR_ONLY,-0.36519848938659405,1.0410251430513273,-1.0854022657106333,0.03277953944540992,-0.04306143748435796,0.4137729224751204,0.9087701486195096,0.687099723444007,0.49851520569680235,-0.03046135328280386,115,-0.2712530792342603,0.5112686982761807,-0.7807989029793192
1789036785.1828895,LIDAR_ONLY,-0.3648707923463527,1.042410458417545,-1.085598774564596,0.03282609947834184,-0.043119680425636284,0.41376941969061687,0.9087673011733638,0.6871010798272452,0.49851682702518557,-0.030461430215651772,115,-0.27147147009996364,0.5113124124406285,-0.7807108823043531
1789036785.2950106,LIDAR_ONLY,-0.36582062267853643,1.0420771310428056,-1.086324901104458,0.03281625510438011,-0.04310342499468736,0.41377900780437255,0.9087640622598809,0.6871025237996159,0.49851855305170234,-0.0304615121164867,115,-0.27086218560831077,0.511446005706757,-0.7807844609195846
1789036785.406868,LIDAR_ONLY,-0.3657723715262851,1.043547126928582,-1.0868553596592339,0.032895917458625065,-0.04306522731719666,0.41376094721046774,0.9087712161892949,0.6871039824418775,0.4985202966136463,-0.03046159484939491,115,-0.27060558496081055,0.5113635658405215,-0.7807881043908634
1789036785.514415,LIDAR_ONLY,-0.36588111303875226,1.0434472310810048,-1.0870677745778472,0.032913628409708774,-0.043132730687839266,0.41376187859835534,0.9087669494579333,0.6871054265811806,0.49852202283977287,-0.030461676759717927,115,-0.26965126691464997,0.5108131059789398,-0.7808831438793135
1789036785.647666,LIDAR_ONLY,-0.3666568267386969,1.0446681330958167,-1.0870373222781766,0.03286748411743664,-0.043113903152915176,0.41376967384829993,0.9087659637366393,0.6871072501080076,0.498524202560051,-0.030461780188584746,115,-0.2700106367876773,0.5110991723502204,-0.7806339323646477
1789036785.7480276,LIDAR_ONLY,-0.3659187946758762,1.044755579393379,-1.0875882166799642,0.032900784728660745,-0.04315996103235192,0.41376858467176664,0.9087630683883713,0.687108446413509,0.49852563254253107,-0.030461848042008084,115,-0.2700106367876773,0.5110991723502204,-0.7806339323646477
1789036785.9275668,LIDAR_ONLY,-0.367021936014901,1.0470732835232124,-1.0876297856636197,0.03295053704396393,-0.04316798892263234,0.4137659967471173,0.9087620627957322,0.6871109413314049,0.49852861479829025,-0.03046198955163547,115,-0.26925389204208044,0.5116944221676191,-0.780660790302305
1789036786.0253654,LIDAR_ONLY,-0.3687349790425264,1.0463879294222864,-1.0879813116693784,0.03291119196997256,-0.043203715349055934,0.41379501206545494,0.9087485793182312,0.6871121378126528,0.49853004499091796,-0.030462057415047476,115,-0.2701881041564867,0.5109920853873047,-0.7804467220821396
1789036786.1438222,LIDAR_ONLY,-0.3668974785172882,1.046968032364113,-1.087900303061523,0.032931987060031045,-0.04317718052082329,0.4137775017953493,0.9087570601203327,0.6871136407905329,0.49853184154888924,-0.030462142662700496,115,-0.2703481925952422,0.5112710980556836,-0.7806637141257338
1789036786.2477798,LIDAR_ONLY,-0.3674326329566065,1.0479068082500431,-1.0884927338131425,0.03295270467960968,-0.04325651359340129,0.4137909611693016,0.9087464078281838,0.6871149249593224,0.49853337655732116,-0.030462215499692434,115,-0.2685675122593809,0.5107498900984545,-0.7803099587775794
1789036786.3552675,LIDAR_ONLY,-0.3669881637024411,1.0490218010553845,-1.0888286130691223,0.033007538631659006,-0.04322128296723758,0.4137729848634673,0.9087542792687815,0.687116325945534,0.49853505120142144,-0.030462294962480624,115,-0.26846771486562365,0.5115643425339782,-0.7802673464213289
1789036786.4585688,LIDAR_ONLY,-0.36773451890066977,1.0490094636785907,-1.089018738212429,0.03299852337701866,-0.04324962123673993,0.4137820244835223,0.9087491424656932,0.6871176978201645,0.4985366910475379,-0.030462372774092403,115,-0.2703456178949933,0.5114587604505848,-0.780509437260219
1789036786.5561543,LIDAR_ONLY,-0.3668609062673379,1.0500841741962557,-1.0894243017465526,0.0330600695992666,-0.04325999775916353,0.4137672308126647,0.9087531475035385,0.6871190259828495,0.49853827864338096,-0.030462448106406415,115,-0.2681423468356864,0.5108583408556254,-0.7803841284369283
1789036786.6431458,LIDAR_ONLY,-0.36762579048177757,1.0521815603031757,-1.0897612153972323,0.03308549310088288,-0.043256898170420895,0.41376510900653796,0.9087533358814993,0.687120149867589,0.49853962205920593,-0.03046251185224666,115,-0.2681423468356864,0.5108583408556254,-0.7803841284369283
1789036786.745563,LIDAR_ONLY,-0.36726108642359206,1.0525035900977344,-1.0900242812901937,0.03307325873032906,-0.04331639720758749,0.4137733491242816,0.9087471952332985,0.6871215073537608,0.4985412447064149,-0.03046258884778027,115,-0.27033712514266006,0.5117568455129373,-0.7807986877916607
1789036786.8598762,LIDAR_ONLY,-0.36671164615442725,1.0539041662599857,-1.0904792963712957,0.03309052019880445,-0.04333140056909106,0.41377655128842106,0.9087443935461469,0.6871229670980259,0.4985429895860687,-0.030462671643320657,115,-0.26986369323782655,0.5111310134993591,-0.7808485222743692
1789036786.9691768,LIDAR_ONLY,-0.368278743040172,1.053941836735553,-1.0911997212638096,0.03313630144377744,-0.04328187862070298,0.41377950183449297,0.9087437418608664,0.687124397729557,0.49854469966635995,-0.030462752787619042,115,-0.2694008938754075,0.5109832173200664,-0.780834453436567
1789036787.0826802,LIDAR_ONLY,-0.36783899797761416,1.0549698115013293,-1.0915845388688883,0.03316067910833605,-0.04330280456884827,0.4137705782363926,0.9087459188703227,0.687125916039712,0.49854651455178983,-0.030462838904990144,115,-0.2697898463484909,0.5109283542449198,-0.7809537796971284
1789036787.2206392,LIDAR_ONLY,-0.3685915464195715,1.056898537095915,-1.0917025930354505,0.03320909074637729,-0.043255812144053066,0.41377947380102065,0.9087423386573928,0.6871278286568641,0.4985488007652279,-0.030462947387162015,115,-0.2702059770237023,0.5121265233353908,-0.7806449630492268
1789036787.310584,LIDAR_ONLY,-0.37076753241890315,1.057706502793434,-1.0919775114649684,0.033180708121525244,-0.04325540136647467,0.41379346678709705,0.9087370234041832,0.6871290259415358,0.4985502319185339,-0.030463015296234706,115,-0.2713398079391222,0.5112043104483242,-0.7808754380930186
1789036787.4053817,LIDAR_ONLY,-0.36884224857258563,1.060303933979991,-1.0923970116143853,0.03325072825475625,-0.04328558159316145,0.4137751594363327,0.9087413630566773,0.6871302670893913,0.49855171550295313,-0.03046308569320038,115,-0.2713398079391222,0.5112043104483242,-0.7808754380930186
1789036787.5195484,LIDAR_ONLY,-0.36890746126958707,1.060327917931383,-1.0926944224075907,0.033275663290022676,-0.04331195633836419,0.41377193698237597,0.9087406609350137,0.6871316981357692,0.4985534260792853,-0.030463166861074767,115,-0.271216412860247,0.5111154646801827,-0.7807146364415767
1789036787.6300042,LIDAR_ONLY,-0.36949794806759023,1.0617948650865565,-1.0932152226601588,0.03327589562608341,-0.04331894277729709,0.4137770804595406,0.9087379774463695,0.6871331730747595,0.4985551891219183,-0.030463250518514395,115,-0.2711004448633873,0.5115926528598018,-0.7806602442413885
1789036787.7410483,LIDAR_ONLY,-0.3679648944095888,1.0606736119824112,-1.0937748874837607,0.03323385577453402,-0.04328713365533739,0.41377139773918015,0.9087436191265542,0.6871346334954633,0.49855693481040275,-0.030463333352496985,115,-0.27053968491803626,0.5118127372171927,-0.7807445729091148
1789036787.8569846,LIDAR_ONLY,-0.36799420693304735,1.0615467606792937,-1.0940108572646186,0.03326253007475563,-0.043314607143331255,0.41376831507763695,0.9087426645309762,0.6871360940008102,0.4985586806000961,-0.030463416191289727,115,-0.2703272536483802,0.5122171802450017,-0.7804404669372849
1789036787.9674795,LIDAR_ONLY,-0.3678553738552311,1.0636220472276559,-1.0943475993841416,0.033331162146507776,-0.043375390170288845,0.4137646638776297,0.9087389130458597,0.6871375399844775,0.49856040903158316,-0.03046349820643251,115,-0.2714259425235854,0.5120030131988085,-0.7807312940896873
1789036788.1075537,LIDAR_ONLY,-0.3674818634742279,1.0637821825534708,-1.094886757882616,0.033341498772440636,-0.043376901916943156,0.4137611073717656,0.9087400810276752,0.6871394534843077,0.49856269630045147,-0.030463606738766136,115,-0.2721896740100498,0.5117012607185706,-0.7805753734647742
1789036788.205851,LIDAR_ONLY,-0.3691343058507617,1.0657210496461909,-1.0951525317258703,0.03336909938807773,-0.04340610724829295,0.41376544833561424,0.9087356969015833,0.687140607497155,0.4985640757297399,-0.030463672193552095,115,-0.27211523091152373,0.5123434968601123,-0.7808610187629411
1789036788.3092444,LIDAR_ONLY,-0.36798409189868114,1.0651640111449898,-1.0951530199173267,0.033336741854684125,-0.04340865989630255,0.4137709843462441,0.9087342419000516,0.6871419368685523,0.49856566477086117,-0.03046374759455702,115,-0.27211523091152373,0.5123434968601123,-0.7808610187629411
1789036788.5085828,LIDAR_ONLY,-0.36841227143774713,1.0651178248471374,-1.095645309426984,0.03333813291135632,-0.04337833152247198,0.4137736047330444,0.9087344459601681,0.6871446688736922,0.4985689304260628,-0.030463902551978804,115,-0.27164940255929004,0.5118082466430979,-0.7809355729203161
1789036788.6107132,LIDAR_ONLY,-0.36916528953829986,1.0658632670782946,-1.096240664388731,0.03337042149399124,-0.04336247330538225,0.4137743457759954,0.9087336802693077,0.6871459838479531,0.4985705022578939,-0.030463977136410962,115,-0.2713236895260563,0.5116950316566155,-0.7807772077285293
1789036788.708356,LIDAR_ONLY,-0.3715257211741756,1.067958313387895,-1.0969203195499264,0.03343381817353997,-0.04338816470167039,0.4137796606438222,0.9087277036624573,0.68714724044295,0.4985720043070999,-0.03046404840961829,115,-0.27164782955200273,0.5115554143673554,-0.7811817560830584
1789036788.821385,LIDAR_ONLY,-0.37005609867630845,1.0671613504783162,-1.0969148617011433,0.03337829152269319,-0.04337161917871531,0.4137786956532142,0.9087309741218066,0.6871487162913948,0.4985737684371715,-0.030464132118739454,115,-0.27097451900294495,0.5121279132067661,-0.7807888168597912
1789036788.927413,LIDAR_ONLY,-0.3690999555896166,1.0691894794682393,-1.0971666724216618,0.03344859216483408,-0.043412640777891955,0.41376180344701313,0.9087341219031866,0.6871501191580405,0.4985754453297329,-0.030464211688390926,115,-0.27082555396246794,0.5115880482327461,-0.7805089826292555
1789036789.018254,LIDAR_ONLY,-0.36987336839820967,1.0689168713717847,-1.097612836119654,0.0334254004517266,-0.04342159736689642,0.4137736517213565,0.9087291525135102,0.6871513175017113,0.4985768777492894,-0.030464279657643555,115,-0.2726487281121616,0.5120553939495943,-0.7809482358285247
1789036789.110282,LIDAR_ONLY,-0.3682847844304538,1.0703852662804068,-1.0977668812186234,0.03346278871552484,-0.04345670805044696,0.4137712250040111,0.9087272031008417,0.6871525597472694,0.49857836264623545,-0.030464350116988143,115,-0.27224210649768577,0.5119032229570044,-0.7810664545126109
1789036789.1982162,LIDAR_ONLY,-0.3689998142101685,1.0688251124384809,-1.0981829441774444,0.03343807255756323,-0.04337907043562758,0.413762419461243,0.9087358316878204,0.6871536705127026,0.4985796903806845,-0.03046441311887256,115,-0.27224210649768577,0.5119032229570044,-0.7810664545126109
1789036789.309206,LIDAR_ONLY,-0.3673086691931458,1.0700633592263775,-1.098706459752927,0.033456169059341866,-0.043481427312223195,0.4137609286943295,0.9087309525468859,0.6871551175041131,0.4985814200171279,-0.030464495191280784,115,-0.2718411120953097,0.5116104146629173,-0.7811383313700541
1789036789.4216526,LIDAR_ONLY,-0.3676217341650542,1.0701224927076087,-1.0989508440096756,0.0334167131745068,-0.043486122372453355,0.4137723121207837,0.9087269964977609,0.6871565791957678,0.4985831672252855,-0.03046457809748602,115,-0.2714853444172734,0.5118288164961651,-0.7808916182025466
1789036789.5280814,LIDAR_ONLY,-0.36972508604308013,1.0712437471377954,-1.0997832429490038,0.03346741752434822,-0.04345641621926792,0.4137775871362508,0.9087241496941364,0.6871579971174938,0.49858486211383446,-0.030464658521097455,115,-0.2731905454311545,0.511897083675805,-0.7808869519916543
1789036789.6364195,LIDAR_ONLY,-0.36877681649169214,1.0712126175408307,-1.09994322213816,0.03347042478460579,-0.04344748649094251,0.4137693304126452,0.9087282254845114,0.6871594735947958,0.4985866269958228,-0.030464742265952367,115,-0.2720224384085224,0.511724255547487,-0.7808703697858517
1789036789.7496312,LIDAR_ONLY,-0.3700840737395507,1.0718037011229782,-1.1005376884070912,0.03352577339120909,-0.04345208719226137,0.41376564799299126,0.908727641913735,0.6871610086379226,0.49858846188350303,-0.03046482933263303,115,-0.27264549376728764,0.511812482423508,-0.7810418831895403
1789036789.860158,LIDAR_ONLY,-0.37149956368478904,1.0732474713486568,-1.1009547774891157,0.03349897451469434,-0.043449823951402546,0.4137861734487296,0.9087193924241487,0.6871623975668157,0.49859012211604864,-0.030464908111814445,115,-0.271733720771254,0.5113218796740121,-0.7809907443853938
1789036789.9693332,LIDAR_ONLY,-0.3703135170895552,1.0738418549950015,-1.1009939762036833,0.03351146033207978,-0.04342717732404866,0.4137686489644846,0.9087279941930821,0.6871638450581437,0.49859185235023307,-0.03046499021262896,115,-0.27151049753669787,0.511479846055322,-0.7810581874096831
1789036790.0799732,LIDAR_ONLY,-0.3702870610463813,1.075211568561515,-1.101025345059709,0.0335128715948065,-0.04347576027452034,0.41377396896789664,0.9087231967494704,0.6871653072547459,0.4985936001621464,-0.03046507314752602,115,-0.27051789384205127,0.5114540507450673,-0.7811361888181099
1789036790.1904845,LIDAR_ONLY,-0.3716924066248185,1.0750678031156697,-1.1021365633590188,0.03350943618004265,-0.043478210772821414,0.4137874153190429,0.9087170834745408,0.6871667841591563,0.4985953655548181,-0.03046515691664961,115,-0.27125620460370004,0.5108119167622692,-0.7810001395120062
1789036790.3187575,LIDAR_ONLY,-0.37182370232962186,1.0765918885314436,-1.1022688921459052,0.03355763942505101,-0.04342134979640674,0.4137745760425879,0.9087238697419877,0.6871685536334666,0.49859748066600207,-0.03046525728017216,115,-0.2716043668753842,0.510967524483145,-0.7808678938144984
1789036790.4099207,LIDAR_ONLY,-0.37077370142552774,1.0766734170232684,-1.1027052596323175,0.03353845835778933,-0.04351172569789528,0.4137974332568496,0.9087098468531181,0.6871697382267725,0.49859889664959467,-0.030465324469601512,115,-0.2716043668753842,0.510967524483145,-0.7808678938144984
1789036790.614225,LIDAR_ONLY,-0.37122513006162666,1.0775853406273457,-1.1028847934157278,0.03355785925327982,-0.04349634985702055,0.41379249493268266,0.9087121154517743,0.6871724147344277,0.4986020959678656,-0.030465476279547814,115,-0.27114550732458276,0.5107648463669913,-0.7810422552621985
1789036790.7062733,LIDAR_ONLY,-0.3717797936938277,1.0774973661382967,-1.1034034922690015,0.033562520323893494,-0.04353312045342198,0.4137970234205011,0.9087081203892862,0.6871737604080802,0.498603704496199,-0.03046555260537963,115,-0.2716451360827593,0.5109085021899312,-0.7807006785751305
1789036790.7964396,LIDAR_ONLY,-0.3722296014233281,1.077723697158104,-1.1035511883168372,0.03355823106795906,-0.04355135436721534,0.4138052688916225,0.9087036503161539,0.6871748721055104,0.498605033345014,-0.030465615660220727,115,-0.2720111448062737,0.512141349070441,-0.7808082749685556
1789036790.8926704,LIDAR_ONLY,-0.37086635696593606,1.079468685722498,-1.1032588045903926,0.0335782089247574,-0.04356738844440412,0.41378649383295013,0.9087106932742531,0.6871761593951242,0.49860657208501075,-0.030465688674555805,115,-0.2725654583513871,0.5121931223874251,-0.7807222675834582
1789036790.9845476,LIDAR_ONLY,-0.3737488866138082,1.080861036797128,-1.1038859217376877,0.033610542849042954,-0.04358278339365878,0.41381885848918665,0.908694021527467,0.6871773882326502,0.4986080409553073,-0.030465758373527656,115,-0.2722999846424759,0.5112058659505964,-0.7805785179348966
1789036791.0841045,LIDAR_ONLY,-0.3726469851103315,1.0814495156280513,-1.1040838946878917,0.033646408782416676,-0.04357806101770755,0.413807967577703,0.9086978803448341,0.6871786610201192,0.49860956236045006,-0.03046583056532167,115,-0.2736609671001708,0.5122825299231248,-0.7809057980627652
1789036791.18039,LIDAR_ONLY,-0.3729042271959118,1.0810372947883837,-1.104697428926283,0.03362191215638846,-0.04354969486787004,0.41381331477227484,0.9086977119026138,0.687179933871577,0.4986110838421025,-0.030465902760751326,115,-0.2736609671001708,0.5122825299231248,-0.7809057980627652
1789036791.2935834,LIDAR_ONLY,-0.3723129112086426,1.0832762505747207,-1.1050347850946505,0.03369683033363514,-0.043606247950941784,0.41381277646457837,0.9086924698707392,0.6871814408933814,0.49861288523537894,-0.03046598823820132,115,-0.27235742697353754,0.5115688907883086,-0.7808393153749416
1789036791.4036052,LIDAR_ONLY,-0.3727646326172298,1.0842302047458148,-1.1050254747716246,0.033618778107676876,-0.043580292970944026,0.41382322334317023,0.908691848563077,0.6871828748420467,0.49861459928192986,-0.030466069570991072,115,-0.2724426382495253,0.5111625688792425,-0.780934629970538
1789036791.514575,LIDAR_ONLY,-0.3709352940940559,1.08425282060478,-1.1052897541936983,0.03365045865363665,-0.043580544611123706,0.41380750558477564,0.90869782165773,0.6871843235052741,0.4986163309173123,-0.030466151738390665,115,-0.2716183218296383,0.5112302165600824,-0.7808035657270143
1789036791.623724,LIDAR_ONLY,-0.3686670476658567,1.0849346016321295,-1.1055697729030556,0.0336600250509478,-0.043625398240236916,0.41378542510426264,0.9087053699154831,0.6871858161540395,0.49861811513010007,-0.030466236400634693,115,-0.27179286139227393,0.5121104594894609,-0.7810084605267138
1789036791.756514,LIDAR_ONLY,-0.3723449831401789,1.086330021145752,-1.1058931823181377,0.03365547950287804,-0.04362386482005277,0.4138134737522777,0.9086928392249309,0.6871874406070317,0.4986200568929025,-0.030466328538753813,115,-0.2727474523433773,0.5114765735939906,-0.7807791687510988
1789036791.8546736,LIDAR_ONLY,-0.37106956377635325,1.0875416414083336,-1.1057183461138187,0.03369651420347027,-0.04363716198928148,0.4138038595868277,0.9086950582099044,0.6871887285356664,0.49862159639694736,-0.030466401589395495,115,-0.2727474523433773,0.5114765735939906,-0.7807791687510988
1789036791.9681523,LIDAR_ONLY,-0.37100193325288144,1.088546062015895,-1.1063109843730223,0.03372404440375523,-0.04364456448771515,0.41380698454669984,0.9086922583361755,0.6871902214439402,0.4986233809200159,-0.03046648626638341,115,-0.27177162377965003,0.5111861512056046,-0.7809347923209717
1789036792.0796597,LIDAR_ONLY,-0.3721825089017889,1.0889120999334119,-1.1067402508746091,0.03375425205486943,-0.043638342816592,0.41381563534732424,0.9086874960328928,0.6871916412520098,0.49862507806399703,-0.030466566797173057,115,-0.2705863801019786,0.511243152350218,-0.7807255082229431
1789036792.188349,LIDAR_ONLY,-0.3723909743404168,1.0882052557208448,-1.107146627803088,0.0337532517059998,-0.04362657851547478,0.4138126213095791,0.9086894706615674,0.6871931196933745,0.4986268452943389,-0.03046665065362124,115,-0.271622111320388,0.5121432864004463,-0.7809909738781574
1789036792.2981558,LIDAR_ONLY,-0.3685486496667551,1.0900885204340416,-1.1075635402826574,0.033816068767675386,-0.0437224003213305,0.41377098110713784,0.9087014913583437,0.68719461286027,0.49862863012662656,-0.03046673534530231,115,-0.2727304774861308,0.5114172480465782,-0.7809383009928813
1789036792.4237926,LIDAR_ONLY,-0.37086925318651365,1.0908955378232423,-1.1079877462587315,0.03384021061170543,-0.04369081808389223,0.41379164415833025,0.9086927026149497,0.6871962232368338,0.4986305550635791,-0.03046682668506652,115,-0.27223991318869806,0.5117476279670701,-0.7810622523631908
1789036792.61838,LIDAR_ONLY,-0.369273293180746,1.0919793421502029,-1.1081702973588727,0.03386969704341992,-0.043707398074829935,0.41376964314262066,0.9087008250185226,0.6871987854102916,0.49863361771524745,-0.0304669720103005,115,-0.27238206540710025,0.5117259333405714,-0.7809759199163229
1789036792.7242594,LIDAR_ONLY,-0.3709806413732293,1.0933551973796942,-1.1080686323873825,0.03389309177517531,-0.04369130548523571,0.41379695537532096,0.9086882897215249,0.6872002642681851,0.4986353854436071,-0.030467055890412806,115,-0.27180259502640514,0.5113040457224555,-0.7809450036183612
1789036792.8242462,LIDAR_ONLY,-0.3725244123800534,1.0937419390899603,-1.108613650341344,0.033881305784765336,-0.043706429039043274,0.413813897087615,0.9086802868754968,0.6872015821349773,0.49863696073393377,-0.03046713063919345,115,-0.2720112778502378,0.5115310149406354,-0.7808785897763195
1789036792.9313247,LIDAR_ONLY,-0.3722189847336871,1.0950161599793797,-1.1088604362529693,0.03392694949076104,-0.043686464986020954,0.41379959134487865,0.9086860585912431,0.6872029293584394,0.49863857111529464,-0.030467207053077018,115,-0.271334939667671,0.5116124765469583,-0.7807576613902211
1789036793.0341578,LIDAR_ONLY,-0.37191720811949475,1.0943931313483526,-1.108917572926882,0.03391503746471014,-0.04369699860796234,0.41379950530258325,0.9086860359649863,0.6872042180738889,0.49864011156008814,-0.030467280148419824,115,-0.27241074259024267,0.5121799205027118,-0.780885662978554
1789036793.135605,LIDAR_ONLY,-0.3705262765228523,1.0960402852111453,-1.1093174339187897,0.03395931326430648,-0.04377118119054997,0.4137827363488905,0.9086884481710029,0.6872055507916367,0.49864170460232465,-0.03046735573955875,115,-0.2715407430725637,0.5117276162298585,-0.7808790156481613
1789036793.224869,LIDAR_ONLY,-0.37233985665866015,1.0965662867377919,-1.1096553091034882,0.03392890972914898,-0.043790634175717234,0.41381724372693285,0.9086729324885406,0.6872067224694276,0.4986431051481152,-0.03046742219659051,115,-0.2732002494749078,0.5126948625732398,-0.7812395831203237
1789036793.3216455,LIDAR_ONLY,-0.3722870129578123,1.09845699780693,-1.1099739757382312,0.033993928277286485,-0.043764296103269255,0.4138088372646268,0.9086755996661084,0.6872079234952826,0.49864454077464754,-0.030467490318236208,115,-0.2732002494749078,0.5126948625732398,-0.7812395831203237
1789036793.4185386,LIDAR_ONLY,-0.37413278806816824,1.0970578806520088,-1.1101124835366187,0.03391542631805557,-0.043799901405320904,0.41383184475777013,0.9086663396202864,0.6872092124642777,0.49864608152258455,-0.030467563427982777,115,-0.27064116802563504,0.5125142534805156,-0.7809330114545733
1789036793.5337338,LIDAR_ONLY,-0.37323373544225624,1.0989346405259484,-1.1105304520317012,0.03398251137927202,-0.043803445366662516,0.4138191968538336,0.9086694225127286,0.6872107065783898,0.4986478674873943,-0.03046764817347622,115,-0.27081575465441926,0.5117555469833456,-0.7811410115697174
1789036793.6441574,LIDAR_ONLY,-0.37359601243797314,1.0996350668647037,-1.11097441441407,0.03396772615869017,-0.043862768961803016,0.4138271838206886,0.9086634762163878,0.6872121421825842,0.49864958351335964,-0.030467729600320514,115,-0.2709583636975031,0.5120700539275985,-0.7810297289487687
1789036793.7524896,LIDAR_ONLY,-0.37239347209702417,1.0995400802604847,-1.110952258760255,0.03398406793560016,-0.043870122709273186,0.41381400767409354,0.908668510796279,0.6872136071684625,0.49865133466026174,-0.03046781269368845,115,-0.2710426239542494,0.5113817517320226,-0.7813256787534826
1789036793.8796895,LIDAR_ONLY,-0.37545625874398947,1.0997300763356885,-1.1116917151232222,0.03400927928713034,-0.04381617580382798,0.413843712001507,0.9086566423556874,0.6872153506117372,0.49865341865669044,-0.030467911581049792,115,-0.27107873911674163,0.5113952806208099,-0.7810574765867776
1789036793.9733033,LIDAR_ONLY,-0.3757866849809054,1.1002508370473623,-1.1121303425139637,0.034022257641616954,-0.04382844881978443,0.41384990272319877,0.9086527450434616,0.6872165813496048,0.49865488979910805,-0.030467981387984726,115,-0.27107873911674163,0.5113952806208099,-0.7810574765867776
1789036794.0881057,LIDAR_ONLY,-0.37624554822717826,1.0993843304646547,-1.1127841944273265,0.03402154296585877,-0.04380511143136847,0.41384468392716006,0.9086562740728403,0.6872180612442945,0.4986566587670884,-0.03046806532699698,115,-0.27263557028577146,0.5117111196480455,-0.7811677495432966
1789036794.2002506,LIDAR_ONLY,-0.3781817557719209,1.1012680552308374,-1.11279992426683,0.03405069523704294,-0.04378792693143324,0.41386496878391654,0.9086467714257336,0.6872194972640856,0.4986583752899479,-0.03046814677745046,115,-0.27283473838908606,0.5121284031663424,-0.7810461040269505
1789036794.3095858,LIDAR_ONLY,-0.37843156052834115,1.1014438566833606,-1.1136147232847722,0.03405854433088846,-0.0438026196432143,0.41387718602181267,0.90864020434995,0.687220948019512,0.4986601094268318,-0.03046822906371026,115,-0.27341832934392185,0.5119171360470596,-0.7812708548063669
1789036794.4268563,LIDAR_ONLY,-0.3780321957709582,1.1021962053393421,-1.114176624043576,0.03406438393659075,-0.043835414801551925,0.4138790976489884,0.9086375331701062,0.6872223988577266,0.4986618436626976,-0.03046831135467297,115,-0.2721448678579588,0.5117868508586608,-0.7811336705109677
1789036794.5368197,LIDAR_ONLY,-0.37772493859692025,1.104007547673808,-1.1143216955053434,0.03411407461896334,-0.04382624322040528,0.413870412476136,0.9086400673506043,0.6872238644349169,0.4986635955165822,-0.030468394481631883,115,-0.2720047890267714,0.5115759210432375,-0.7808118155229291
1789036794.6504548,LIDAR_ONLY,-0.37867116151629576,1.1029972316814975,-1.1151211052130423,0.03410226950881058,-0.043841129491446654,0.4138839748118516,0.9086336148157877,0.6872253594106668,0.49866538251158093,-0.030468479276072866,115,-0.27184066994864214,0.5117568700995644,-0.781008360164139
1789036794.8072593,LIDAR_ONLY,-0.37915143923272754,1.1035354026164277,-1.1154441894867682,0.03408681339411985,-0.04384370284995484,0.4138881920386038,0.9086321496425577,0.6872274847725417,0.498667923028445,-0.030468599825781907,115,-0.27301811316641167,0.5120209255845735,-0.7810575606794891
1789036794.9224632,LIDAR_ONLY,-0.3788834185692099,1.1044683463053735,-1.115735372112502,0.034108832802685174,-0.04387569661622878,0.41389807843088827,0.9086252755908222,0.6872289946202288,0.49866972780043123,-0.030468685463771898,115,-0.2722346464748436,0.5118812984221467,-0.7809698713390933
1789036795.0183308,LIDAR_ONLY,-0.3782883956795729,1.1032618474086764,-1.1163279552845198,0.0341064179306163,-0.04389780702296851,0.4138998779658088,0.9086234785731684,0.6872302699982737,0.49867125230294584,-0.03046875780273839,115,-0.2704707824592668,0.512386326189154,-0.7807780744468672
1789036795.1164386,LIDAR_ONLY,-0.37940674391448354,1.1049869741738119,-1.1164765521136457,0.03415144973401366,-0.04388978523633565,0.4139018654701441,0.908621269282922,0.6872315601008671,0.49867279440622897,-0.030468830976881286,115,-0.27216049583706164,0.5121579091848253,-0.7809521303684526
1789036795.208447,LIDAR_ONLY,-0.37985217263826626,1.1067383672304054,-1.1164588076418371,0.03414569737990963,-0.04392539127083552,0.4139083866391758,0.9086167942658215,0.6872327476394678,0.49867421391131717,-0.030468898333637327,115,-0.27216049583706164,0.5121579091848253,-0.7809521303684526
1789036795.3132744,LIDAR_ONLY,-0.37969507083710224,1.1067135987914993,-1.1173012461797314,0.03416944295554831,-0.04393169778246249,0.4139054049800613,0.9086169549520576,0.6872341258401458,0.4986758613212582,-0.030468976504682575,115,-0.27231581584887166,0.5124100170453944,-0.781224181743809
1789036795.4263587,LIDAR_ONLY,-0.3799082649252013,1.107168881088409,-1.1178581992629502,0.034196234237415676,-0.04394211447452526,0.4139015243932736,0.9086172110654805,0.6872356067559515,0.49867763151009237,-0.030469060501699875,115,-0.2725391645223476,0.5119936728808038,-0.7812205781061602
1789036795.539383,LIDAR_ONLY,-0.38063960835987576,1.1073249071263562,-1.118230850797613,0.03418304617937177,-0.043955762825358104,0.41391487589613857,0.9086109650341142,0.6872370584302965,0.49867936674563923,-0.03046914284015892,115,-0.272699142247005,0.5121355671212983,-0.7807081469422149
1789036795.684612,LIDAR_ONLY,-0.37739429488421494,1.1077922680795613,-1.1183488952283769,0.03423557225882104,-0.04405647767334738,0.4138872514212878,0.9086166933740877,0.6872390527845444,0.4986817506649031,-0.030469255959242755,115,-0.27194173578714104,0.5118120718252737,-0.7809867185129202
1789036795.7768462,LIDAR_ONLY,-0.3766179626225196,1.1089025330638074,-1.11888205591453,0.03425407176782606,-0.04402816844847108,0.4138776568316692,0.9086217387482676,0.6872402846696071,0.49868322317891317,-0.03046932583134431,115,-0.270957631444902,0.5113576848660294,-0.7808323509922145
1789036795.8712218,LIDAR_ONLY,-0.3768839109611227,1.1094399069287746,-1.1192711078813073,0.03425283264245658,-0.04405035676431443,0.4138880718111148,0.9086159659269598,0.6872414872815447,0.49868466070177914,-0.030469394043088967,115,-0.270957631444902,0.5113576848660294,-0.7808323509922145
1789036795.9838383,LIDAR_ONLY,-0.37569870385883053,1.1106230398803825,-1.1195356046226226,0.03429481207631818,-0.044082904301131015,0.4138698042743687,0.908621124849584,0.6872429392911242,0.49868639633813094,-0.03046947640059019,115,-0.27061671308683977,0.5116847880635736,-0.780853146793279
1789036796.100158,LIDAR_ONLY,-0.37821578621007035,1.1108509583702841,-1.1203100822188168,0.03431858177461865,-0.04407797814685784,0.41388333480991646,0.9086143031859484,0.6872444207195151,0.498688167139808,-0.030469560426723684,115,-0.2718344569513663,0.5113316769544969,-0.7809314125656711
1789036796.2137444,LIDAR_ONLY,-0.3773933218292657,1.1118254251537762,-1.1206184584596703,0.03435881339500925,-0.04412224932873705,0.413870146905324,0.9086166411401595,0.6872458875651579,0.4986899205102533,-0.03046964362573542,115,-0.2733219255516792,0.5115703798822175,-0.7803538257643815
1789036796.321863,LIDAR_ONLY,-0.37676014083409165,1.1115196820866837,-1.121220511656007,0.03433072368871243,-0.04410121883606242,0.41386161641398017,0.9086226094300045,0.6872473398255186,0.4986916564464354,-0.030469725997481434,115,-0.2718187628281607,0.5118763742114546,-0.7805342877048947
1789036796.4285133,LIDAR_ONLY,-0.37545803697872143,1.1131029497005271,-1.121704342189196,0.034386568551416134,-0.04420630670482199,0.4138597631623731,0.9086162351542936,0.6872487921686338,0.49869339248155786,-0.03046980837392793,115,-0.27228457998311667,0.5115903185236015,-0.7804588434789057
1789036796.6537597,LIDAR_ONLY,-0.37574439460935444,1.1129390707367004,-1.1222078825846524,0.03435171598608517,-0.04415865343210817,0.4138607916508975,0.9086194022086294,0.6872518731703937,0.49869707530782115,-0.030469983127404808,115,-0.27226497573741987,0.5119918725008029,-0.7808242315952553
1789036796.7498167,LIDAR_ONLY,-0.3749776936649996,1.1145889879370845,-1.122391192083632,0.03439819349188563,-0.04421253498101651,0.41384217974929693,0.9086235008491679,0.6872530616562922,0.498698495945489,-0.030470050537969126,115,-0.27214026439951977,0.5118938571443744,-0.7804533270714722
1789036796.8459895,LIDAR_ONLY,-0.3747183963472092,1.1151737662861325,-1.1226877469872854,0.034428614761239616,-0.04423449805844944,0.41384842551519535,0.9086184349691201,0.6872544703039019,0.4987001797499658,-0.030470130436045614,115,-0.2726241719720104,0.5115667537457689,-0.7808643995149528
1789036796.9397657,LIDAR_ONLY,-0.3745662572114124,1.115866381608902,-1.1229038352768097,0.03443630045845684,-0.04425895802204987,0.4138405092994529,0.9086205581585235,0.6872556735853496,0.498701618073288,-0.030470198685818975,115,-0.2726320838784119,0.5124225830885464,-0.7805925951926593
1789036797.0364487,LIDAR_ONLY,-0.3740679651266209,1.1162389601572384,-1.123307171433352,0.03441566934465735,-0.044252046678199417,0.4138329915076754,0.9086251004722234,0.687256964974931,0.49870316171528106,-0.03047027193306502,115,-0.27269570065733595,0.5118569414534921,-0.7806279453509739
1789036797.1359365,LIDAR_ONLY,-0.37554336060160937,1.1165507334887492,-1.1234037868762001,0.03443377865870383,-0.04427718881143271,0.4138460969733579,0.9086172205379768,0.6872582711058912,0.4987047229781623,-0.0304703460164431,115,-0.2704118989796055,0.5110415654249736,-0.780249725711324
1789036797.236577,LIDAR_ONLY,-0.3747195019547594,1.1174382907837028,-1.1234677696217634,0.034439483629704906,-0.04429324665724002,0.41384537585061665,0.9086165501216351,0.6872595919804828,0.498706301864625,-0.0304704209360811,115,-0.27155795546416883,0.5113058823871367,-0.780490186431991
1789036797.3489132,LIDAR_ONLY,-0.37537828760970854,1.1183036719062047,-1.1241033920818,0.034513414335332115,-0.044289330813285316,0.413840004320376,0.9086163823259739,0.6872611330872658,0.4987081440021605,-0.030470508347234353,115,-0.27201665118339613,0.5119899629242299,-0.7802860483452468
1789036797.4553726,LIDAR_ONLY,-0.3762585889715449,1.1202757678157946,-1.1244765133556855,0.03456244912393115,-0.044266175573392186,0.41383504084361955,0.9086179074730043,0.6872625568590952,0.49870984588524114,-0.030470589103187742,115,-0.27185328988334323,0.5117761700287704,-0.7804234069704675
1789036797.559624,LIDAR_ONLY,-0.3756770336882377,1.1184899383640612,-1.1251927287717571,0.034510439063178085,-0.04431179916944525,0.41384337776832003,0.9086138633805567,0.6872639807103536,0.498711547863285,-0.03047066986365253,115,-0.2727207836000485,0.5119225546609149,-0.7806192990613565
1789036797.6541476,LIDAR_ONLY,-0.37796091017264904,1.1206966618041563,-1.1252364610492225,0.03453061073621197,-0.04431221013952578,0.4138551480697278,0.9086077158878405,0.6872651404004777,0.4987129340805158,-0.030470735640972503,115,-0.2723770716411099,0.512203500419011,-0.7805622629103278
1789036797.7578866,LIDAR_ONLY,-0.3788550944807928,1.121302423420563,-1.125665407258418,0.03451522154272121,-0.04427289166823344,0.4138604088748062,0.9086078210708778,0.6872665350343206,0.498714601134018,-0.030470814744244165,115,-0.2723770716411099,0.512203500419011,-0.7805622629103278
1789036797.8605638,LIDAR_ONLY,-0.37868936279469223,1.1222248348889285,-1.1260246097196167,0.0345729431406726,-0.04430357378883917,0.4138550207219107,0.9086065852586562,0.6872678856997082,0.4987162156305396,-0.03047089135364197,115,-0.27283450419049127,0.5123447281354641,-0.7807376275720537
1789036797.9783413,LIDAR_ONLY,-0.3782346288723528,1.1225156917396375,-1.1268212197693277,0.03456610030690528,-0.04433131853045112,0.4138552435773546,0.9086053908438214,0.68726948603704,0.4987181285684945,-0.030470982124376156,115,-0.27153959418200796,0.511940321648595,-0.7806697820747565
1789036798.0822506,LIDAR_ONLY,-0.3799544165239789,1.1221329474692836,-1.1269294069685876,0.03453228497155871,-0.04425768426670002,0.4138694758989779,0.9086037836136815,0.687270822175297,0.4987197257002755,-0.030471057909810646,115,-0.2722911926903868,0.5116488380357012,-0.7807332225527291
1789036798.1919491,LIDAR_ONLY,-0.377783298723568,1.1243478634453927,-1.126856495360071,0.034602290684433976,-0.04436953856548319,0.41387213968971986,0.9085944516204846,0.6872722758556458,0.49872146333416,-0.030471140362209763,115,-0.27263793878316145,0.5119829963776132,-0.780704993384245
1789036798.3512945,LIDAR_ONLY,-0.3790391801299123,1.1246283605920937,-1.1275760874536123,0.034563339673936086,-0.04442966790982913,0.41388596135687794,0.9085866998540643,0.6872745079299277,0.49872413140899563,-0.030471266964937543,115,-0.2718877142178126,0.5115561718093029,-0.7806071639793811
1789036798.45008,LIDAR_ONLY,-0.3802680108676079,1.1239835466960537,-1.1279674898670031,0.03456849794238173,-0.04440037256560359,0.41389806483817526,0.9085824221220973,0.6872758296447776,0.49872571130004417,-0.030471341932299577,115,-0.2731048923367314,0.5118619633964528,-0.7805711076489746
1789036798.5403662,LIDAR_ONLY,-0.3801812339985849,1.1252211410805386,-1.1282998565769333,0.03460588705036913,-0.044389925203249275,0.4138911734108048,0.9085846486126289,0.6872770486201835,0.49872716838312803,-0.03047141107230858,115,-0.27200068533005556,0.5112827423048917,-0.7808336437853561
1789036798.6290379,LIDAR_ONLY,-0.38097890750936186,1.1249593962558018,-1.1287895209790086,0.03456640583814962,-0.04440412189852633,0.413916483634952,0.9085739277137166,0.6872782235912691,0.4987285728663523,-0.030471477716406653,115,-0.27200068533005556,0.5112827423048917,-0.7808336437853561
1789036798.7401311,LIDAR_ONLY,-0.38038484558758257,1.1249237052290648,-1.1294660177475793,0.03459570312208981,-0.04439019570018989,0.4139045474396853,0.9085789307814355,0.6872796483161674,0.4987302758888884,-0.030471558526490722,115,-0.2740058376820213,0.5120113510027697,-0.7808847528293243
1789036798.8495321,LIDAR_ONLY,-0.38043013586798763,1.1262393916135025,-1.1291043580158024,0.03458630824416885,-0.044396422244126744,0.41390745187140454,0.9085776611051373,0.6872811024987249,0.4987320141231927,-0.03047164100741285,115,-0.2733012644501245,0.5115322928248686,-0.7808715032981961
1789036798.9656038,LIDAR_ONLY,-0.3810708690299182,1.1249990548523598,-1.1296928913624422,0.03453000696633559,-0.04442316121619388,0.4139314313639268,0.9085675712325835,0.6872825714539751,0.4987337700158217,-0.030471724326245127,115,-0.27282509265596083,0.5117197474407427,-0.7809073174616092
1789036799.0771196,LIDAR_ONLY,-0.3799677140867063,1.126873723300882,-1.129710560654737,0.03459953830324282,-0.044431569117164775,0.4139125822051062,0.9085731021262353,0.6872840551844484,0.49873554356980127,-0.03047180848313137,115,-0.2738086837434031,0.5117928927819125,-0.7806618621255587
1789036799.225873,LIDAR_ONLY,-0.38090649756888584,1.1268970371341047,-1.130482910811836,0.034616155671228915,-0.04439272534914362,0.4139144246138911,0.9085735285595615,0.6872861119829327,0.49873800213168146,-0.030471925144327373,115,-0.2727654587986916,0.5117631318972006,-0.7806351735532844
1789036799.3405588,LIDAR_ONLY,-0.3805106257050938,1.1276149609452901,-1.131079266299089,0.034628321468591336,-0.04446334614788885,0.41391833534889694,0.908567830084028,0.6872876253045803,0.4987398110570534,-0.03047201097963432,115,-0.27213491432316195,0.5116614505091839,-0.7804609549648186
1789036799.441166,LIDAR_ONLY,-0.3805609093762761,1.1279402082983767,-1.1314785090265669,0.03464735188838103,-0.04444651707294354,0.41391123939321484,0.9085711606864815,0.6872889476977658,0.49874139175908844,-0.030472085985521764,115,-0.27182105500145537,0.5111230146228204,-0.78072863300461
1789036799.5402946,LIDAR_ONLY,-0.37934299737031324,1.1292185863536006,-1.1312761634361224,0.03464125650804376,-0.04450478087293465,0.4138986212247718,0.9085742892990254,0.6872902554649194,0.49874295497813925,-0.030472160161828292,115,-0.2737507850757322,0.5110856756000208,-0.7808641135878768
1789036799.6538842,LIDAR_ONLY,-0.3800017639554967,1.1296107835915843,-1.1319079477087233,0.03466352168890025,-0.04444738662474648,0.41389194524515516,0.9085792908423211,0.6872916661651064,0.4987446412366006,-0.03047224017648259,115,-0.2716474687845834,0.5107103278994239,-0.7805807025102355
1789036799.7609098,LIDAR_ONLY,-0.3826732537633862,1.1296214147112644,-1.132389208654202,0.03466784430349823,-0.044428495524430865,0.41391303531421947,0.9085704422628735,0.6872929887671695,0.4987462221883591,-0.030472315194232602,115,-0.2716474687845834,0.5107103278994239,-0.7805807025102355
1789036799.8677192,LIDAR_ONLY,-0.3820198087730846,1.12987743756301,-1.1329394869381355,0.03469454516283914,-0.04444663489707707,0.4139157053398113,0.908567319495543,0.6872944584051914,0.4987479788972753,-0.030472398551841487,115,-0.2720440893364115,0.5114157452776076,-0.780664331113916
1789036799.9698226,LIDAR_ONLY,-0.382812090782528,1.1322105170254717,-1.13347181605694,0.034716065731845984,-0.04449990113518256,0.41392288299802127,0.9085606201622803,0.6872957958491328,0.49874957759007177,-0.030472474411430646,115,-0.27272605291196644,0.5113246809468112,-0.7806995079772993
1789036800.0906296,LIDAR_ONLY,-0.3825744720653549,1.1325928917272976,-1.1333840324442244,0.03471911263510969,-0.04445732966156072,0.41391624242769554,0.908565613102175,0.6872973979344115,0.49875149261779084,-0.030472565281437415,115,-0.27198760834589303,0.5122294477325788,-0.7806790146474522
1789036800.195876,LIDAR_ONLY,-0.380734940108327,1.1332720660921791,-1.1337180203785877,0.034762175266472406,-0.044498187199068784,0.41389592366115063,0.9085712227907193,0.6872987355319445,0.4987530914942121,-0.0304726411497492,115,-0.2725147349476995,0.5122213940580076,-0.7806144441599815
1789036800.3037949,LIDAR_ONLY,-0.3809455295744308,1.1326257132333901,-1.134089447519311,0.03471230207628054,-0.044487617780492074,0.4139197717399378,0.9085627829223141,0.6873001907998377,0.49875483102608636,-0.030472723692310154,115,-0.2718995983925736,0.5116756155581067,-0.7806671120952738
1789036800.4466627,LIDAR_ONLY,-0.3799134747767851,1.1328579218817767,-1.134704057980783,0.03474667199501039,-0.04455490329011597,0.4139095804051327,0.9085628149043556,0.687302145986899,0.4987571681286017,-0.03047283459021518,115,-0.2731798589196856,0.5114774316373997,-0.780931940407467
1789036800.546404,LIDAR_ONLY,-0.3817371264744135,1.1337141268177497,-1.1344675831376838,0.03474814350871161,-0.044542524483270465,0.4139242145527236,0.9085566986392573,0.6873033956207255,0.4987586618590208,-0.030472905469256274,115,-0.27272893516064617,0.5119057598015162,-0.780877363317121
1789036800.641464,LIDAR_ONLY,-0.3815115223599921,1.134224491927534,-1.1346813004711218,0.03477251917801202,-0.04451560008205618,0.4139171520064604,0.9085603031908285,0.6873046600181758,0.4987601732369219,-0.030472977185692245,115,-0.27272893516064617,0.5119057598015162,-0.780877363317121
1789036800.752383,LIDAR_ONLY,-0.38094548759907654,1.134918150274581,-1.1352765618276068,0.03478628324396626,-0.04455416294218506,0.4139193327399204,0.9085568925756554,0.6873060862157784,0.49876187802014266,-0.030473058079414098,115,-0.2732804928391887,0.5123141856512542,-0.7810416741285113
1789036800.8680003,LIDAR_ONLY,-0.38228432092810216,1.135024073216681,-1.1361588955495012,0.0348133258990498,-0.04455947782360062,0.41392596378999835,0.9085525751306062,0.6873075419013877,0.4987636180514117,-0.030473140645697075,115,-0.2713863217805561,0.5115328662152507,-0.780622260771138
1789036800.9812756,LIDAR_ONLY,-0.38157301789657416,1.1364172320347135,-1.1361586922789624,0.03480867829102881,-0.044591273060189805,0.4139265674824842,0.9085509182289518,0.6873090123748551,0.498765375759134,-0.030473224050751077,115,-0.2725196022254072,0.5113084760613097,-0.7809542225553866
1789036801.0893989,LIDAR_ONLY,-0.38066210536706674,1.1364550080674332,-1.1365437140948538,0.0348238546307036,-0.04458439635685613,0.41392159158953784,0.908552941091568,0.687310497638711,0.4987671511463361,-0.030473308294719857,115,-0.2733192533342844,0.5119806435088574,-0.7809349129495952
1789036801.2354872,LIDAR_ONLY,-0.3810095929152784,1.1380025729867869,-1.1368882328059373,0.03484161162795536,-0.04467917791633022,0.4139347048992171,0.9085416298881883,0.6873124830268018,0.49876952434934135,-0.030473420905678082,115,-0.272988203990393,0.5117914317516462,-0.78106726636627
1789036801.328571,LIDAR_ONLY,-0.3809976148676213,1.138471454590374,-1.1378494807709543,0.0349117926651984,-0.04460684784129484,0.4139139568414497,0.9085519424834336,0.6873136743334743,0.4987709483593955,-0.030473488476444995,115,-0.2754193585125658,0.5116910699943819,-0.7812326431272506
1789036801.527808,LIDAR_ONLY,-0.3817700138994935,1.137606230483845,-1.1379294742151804,0.03485653304674304,-0.04460952757013005,0.4139271917739156,0.9085479030101227,0.6873163071705011,0.4987740954805603,-0.030473637810648407,115,-0.27216093174042244,0.511589863714673,-0.7809994227390139
1789036801.622998,LIDAR_ONLY,-0.381784317603298,1.1384673974816935,-1.1389618082539297,0.034896758693955574,-0.044613440272560256,0.4139172434638872,0.9085506990492935,0.6873176751757929,0.4987757307046236,-0.0304737154037533,115,-0.2747007912916715,0.5122641722152788,-0.7809262985156186
1789036801.723224,LIDAR_ONLY,-0.3828306832206611,1.1398556043320303,-1.138849900073166,0.03495703797314445,-0.044686305835477634,0.4139379388459361,0.9085353720967062,0.6873190432540648,0.49877736601593664,-0.030473793001002503,115,-0.2735370486342914,0.5115573010395773,-0.7811284824536417
1789036801.821978,LIDAR_ONLY,-0.3855572651229886,1.1389040551023832,-1.1399360574319433,0.03492235965644892,-0.04459511889504473,0.41396295846697057,0.908529786624542,0.687320264288777,0.4987788255610043,-0.03047386225796133,115,-0.273527077768029,0.512568041400349,-0.7810217314138096
1789036801.9241345,LIDAR_ONLY,-0.3834643470650417,1.1397642688305059,-1.139782446372041,0.034916948690714766,-0.044652689402527215,0.4139485869834914,0.9085337150362789,0.6873215883680089,0.4987804082787668,-0.03047393735959874,115,-0.2731216108007604,0.5108766434802161,-0.780845948626809
1789036802.026917,LIDAR_ONLY,-0.3839495884558051,1.139301715879607,-1.1400914741939223,0.03488341711054149,-0.0446190999881631,0.41395972510600804,0.9085315784919623,0.6873229419418656,0.49878202625248835,-0.03047401413417291,115,-0.27218445225864185,0.5113019836352958,-0.7809355762278735
1789036802.1289797,LIDAR_ONLY,-0.38154385911477356,1.139450377076316,-1.1401670810687077,0.03486264352040149,-0.04468861078115837,0.4139514835495976,0.9085327145569976,0.6873243397289486,0.49878369707582565,-0.030474093416521922,115,-0.2740636089897336,0.5113800542356248,-0.7808567458155395
1789036802.237858,LIDAR_ONLY,-0.3806073685489263,1.141116257700004,-1.1401821217624504,0.03491200327976057,-0.04473371627251013,0.4139612013490187,0.9085241716284282,0.6873258111660409,0.4987854559355853,-0.030474176876297693,115,-0.2738421599917966,0.5119307974303161,-0.7808365237832918
1789036802.3407438,LIDAR_ONLY,-0.3793806358036959,1.1414908713763303,-1.1406395400920337,0.034946878210082404,-0.04474522449424042,0.41394198697322343,0.9085310187379347,0.6873271649626872,0.4987870741756565,-0.030474253663523243,115,-0.27236803228630035,0.5116009773536218,-0.7809162679173276
1789036802.437353,LIDAR_ONLY,-0.37888901681626985,1.143174894816813,-1.1412856950178925,0.03497985426740465,-0.044780957565959914,0.4139369632685447,0.9085302780177017,0.6873284599654357,0.49878862213735503,-0.030474327115968494,115,-0.27358539590512926,0.5114023749077229,-0.7809778781551664
1789036802.5504568,LIDAR_ONLY,-0.3804804549237668,1.1446690824498675,-1.1411066991582406,0.03503962231222098,-0.04478851372190886,0.4139514053215532,0.9085210222879329,0.6873298433360012,0.49879027572818324,-0.03047440558063358,115,-0.2722327939880145,0.5113044168908955,-0.7809421036773263
1789036802.6557453,LIDAR_ONLY,-0.38106381863889666,1.1452686702790043,-1.1410727168223675,0.03503949649215473,-0.044778850456153985,0.41394894469251037,0.9085226246084127,0.6873311679095976,0.49879185903696616,-0.030474480710343838,114,-0.2722327939880145,0.5113044168908955,-0.7809421036773263
1789036802.7629936,LIDAR_ONLY,-0.3804028788258273,1.1464146659144268,-1.1413565211075378,0.03509112489567035,-0.044819769643087454,0.41393913089194406,0.9085230856280534,0.6873326250194899,0.4987936007709977,-0.03047456335750759,115,-0.27322754678726896,0.5115632149232654,-0.7809869956669437
1789036802.8706155,LIDAR_ONLY,-0.38133432438553055,1.1470290105836227,-1.1418554470916278,0.0350919457272084,-0.044783431684286445,0.4139429157094166,0.9085231214039873,0.6873340233340064,0.49879527222488956,-0.03047464266980704,115,-0.2731117888162981,0.5120215444919223,-0.781227079439208
1789036802.9819925,LIDAR_ONLY,-0.3818435072523955,1.1478468262855412,-1.1425088560352794,0.035066984088600886,-0.044806685814402884,0.4139527445944262,0.9085184603385893,0.6873355100466378,0.498797049344132,-0.03047472699604667,115,-0.27166796067328175,0.5115102121200423,-0.7810889822368305
1789036803.0942817,LIDAR_ONLY,-0.3812687065974533,1.148368152549816,-1.143196567825886,0.03511902915028019,-0.044768785931418476,0.4139367087288987,0.9085256247153712,0.687336967402945,0.49879879137275496,-0.03047480965720297,115,-0.2735876777602353,0.5119132875928973,-0.7814893901350162
1789036803.206222,LIDAR_ONLY,-0.3808257875199098,1.1496234239259755,-1.1434709718742218,0.035139097014369604,-0.044799912951669685,0.4139342494652267,0.9085244348833977,0.6873384395639746,0.49880055109799165,-0.030474893158087484,115,-0.273138733271034,0.5111224316074073,-0.7816941420634856
1789036803.3447204,LIDAR_ONLY,-0.3816857484124934,1.149711873311048,-1.1441586714321579,0.03513748029463987,-0.0448486160277648,0.41393820823499206,0.9085202908477843,0.6873403829457256,0.4988028740897542,-0.030475003386591065,115,-0.27277715649038126,0.5116126616830912,-0.7816144793857077
1789036803.453454,LIDAR_ONLY,-0.38221877877112764,1.1504387676250165,-1.1444262111168082,0.035161925911351914,-0.04486280767764719,0.4139443539861543,0.9085158442517492,0.6873416933391248,0.49880444044855043,-0.030475077712036225,115,-0.27229894002006116,0.511409533721207,-0.7815725628268636
1789036803.6417096,LIDAR_ONLY,-0.3816878893557736,1.1516319762758138,-1.1444188946119531,0.035166511827282795,-0.04488790982004397,0.4139386630223867,0.9085170197927656,0.6873441817981712,0.49880741499021014,-0.030475218857314967,115,-0.27214070765428267,0.5112048318295104,-0.7817169178407853
1789036803.741097,LIDAR_ONLY,-0.38136174044196597,1.152505936229667,-1.1447803135813808,0.03516842702346605,-0.04488539164254665,0.4139372831939169,0.9085176987488078,0.6873455954680276,0.4988091047989826,-0.030475299040608743,115,-0.27196292013818163,0.5113326278978976,-0.7817735391960376
1789036803.839644,LIDAR_ONLY,-0.38120598577269266,1.1541237466451237,-1.1452221586942943,0.035193619424504385,-0.04487947332920139,0.41393932048921994,0.9085160873525684,0.6873468472197822,0.4988106010614247,-0.03047537003991877,115,-0.27051471776940095,0.5117219048627332,-0.7816628120354571
1789036803.9397252,LIDAR_ONLY,-0.3814758856945631,1.154146075854323,-1.1458852476560395,0.03525672659734321,-0.04493487711043815,0.41394176783995373,0.908509786896236,0.6873481284876458,0.4988121326055098,-0.030475442713385245,115,-0.2703273697468512,0.5114308992886322,-0.7816871439120031
1789036804.036866,LIDAR_ONLY,-0.3814184438448333,1.1546636677676874,-1.1463882877814384,0.0352649008885423,-0.0449367999840542,0.41393936478528176,0.9085104694243605,0.687349439276023,0.4988136994365028,-0.03047551706125825,115,-0.27071352783078356,0.5112470019522809,-0.7817730573290997
1789036804.1423755,LIDAR_ONLY,-0.38128500103339147,1.1560120942205225,-1.1465069359799942,0.03528461514831124,-0.04493550581348067,0.4139346173143661,0.9085119310388453,0.6873508679641851,0.49881540719722717,-0.030475598096407888,115,-0.26981535093652304,0.51124580991971,-0.7817493498595155
1789036804.2370079,LIDAR_ONLY,-0.3814371438835727,1.1567775247686538,-1.1467125105407,0.035270729529135264,-0.044983276539684064,0.41394687714615924,0.9085045202810933,0.6873521494324379,0.49881693898087787,-0.030475670781252857,115,-0.27082898016221063,0.5114709511113148,-0.7817968158078231
1789036804.336575,LIDAR_ONLY,-0.3816254450773659,1.1585447340206236,-1.1467469915395028,0.035315231147255446,-0.04499107910000536,0.4139429745550412,0.9085041832963443,0.6873534604258106,0.49881850605694283,-0.03047574514076591,115,-0.2704049110750844,0.5113624858691244,-0.7818739852085723
1789036804.43582,LIDAR_ONLY,-0.3820592192378247,1.158382700818851,-1.1473400078624776,0.035355392702246476,-0.04501717280555666,0.41394943352910074,0.9084983857114999,0.6873547420232519,0.49882003799503727,-0.030475817832946353,115,-0.2704049110750844,0.5113624858691244,-0.7818739852085723
1789036804.5520215,LIDAR_ONLY,-0.38209114463667426,1.158370529725844,-1.1476853908677687,0.03533192402351995,-0.04499660231767529,0.41394549949055676,0.9085021102761263,0.6873562741315757,0.4988218693775357,-0.030475904734104033,115,-0.2710481711224694,0.5112116888733568,-0.7817729654775537
1789036804.6599364,LIDAR_ONLY,-0.38268817784821235,1.1579995154801115,-1.1479496129567623,0.03533769644257507,-0.0450570473226277,0.4139597104113953,0.9084924148570602,0.6873576590003069,0.4988235247594272,-0.03047598328383929,115,-0.27021431607857044,0.5113776774687508,-0.7815919402725567
1789036804.7677763,LIDAR_ONLY,-0.3839042209006195,1.1601054662425285,-1.1482764005107897,0.0353820021927239,-0.04505723046899482,0.41396854989368886,0.9084866535080274,0.6873590734112759,0.4988252154541982,-0.030476063509214592,115,-0.27117622810126424,0.5117721663287998,-0.7817667608920792
1789036804.882287,LIDAR_ONLY,-0.38293909038515694,1.1607671994951532,-1.1480640314054025,0.0353920254485088,-0.045069191891618274,0.4139600616924064,0.9084895375294686,0.6873605615734177,0.49882699430633237,-0.030476147917760626,115,-0.2704019941675403,0.5110458498996726,-0.7817167325081548
1789036804.9966426,LIDAR_ONLY,-0.3855448271909931,1.160811190590871,-1.148477668370025,0.0353944985654728,-0.045052182667618144,0.4139820052628981,0.9084802857666711,0.6873620203505291,0.4988287380335269,-0.030476230659593033,115,-0.2694812953944808,0.5111190712459148,-0.7816438233302233
1789036805.1061883,LIDAR_ONLY,-0.384684505942711,1.1606261877886146,-1.1487109716419657,0.03542491841957427,-0.045077616113208895,0.41397128590060056,0.9084827230775059,0.6873634792103307,0.4988304818595774,-0.030476313406120517,115,-0.2705956304789579,0.5110347165439972,-0.7817630632404688
1789036805.2581294,LIDAR_ONLY,-0.3865846181667039,1.1603906244305484,-1.1494567278199117,0.035401816851584424,-0.04506674273855328,0.41398835059638894,0.9084763869430099,0.6873655423855445,0.4988329480449588,-0.030476430429426472,115,-0.2693623450475406,0.510711297437058,-0.7817179993542243
1789036805.4572732,LIDAR_ONLY,-0.38484677733429107,1.161811165685521,-1.1502776475497472,0.03550037265637729,-0.045123281645995925,0.41395470898476555,0.9084850642162988,0.6873681658042422,0.4988360839089775,-0.030476579229759077,115,-0.269774843753303,0.5112142008216525,-0.7816058316854475
1789036805.554669,LIDAR_ONLY,-0.38860304410458846,1.1624149844353968,-1.1500528276218422,0.03546709698893166,-0.04506811718503125,0.4140029343508655,0.908467126644353,0.6873694333944459,0.4988375991038457,-0.03047665112749276,115,-0.269774843753303,0.5112142008216525,-0.7816058316854475
1789036805.6482484,LIDAR_ONLY,-0.3883646443989162,1.1630523210947483,-1.1505447879687989,0.03549191316712873,-0.045092796717262774,0.41399028558520434,0.9084706969545212,0.6873707010470494,0.4988391143733121,-0.03047672302876936,115,-0.27120219958373837,0.5114047780746102,-0.781927487490744
1789036805.7388172,LIDAR_ONLY,-0.3885675323580713,1.1627537553433471,-1.150719253976614,0.035462401895681554,-0.04510034732790576,0.41399454651694195,0.9084695328831468,0.6873719687620526,0.49884062971737664,-0.03047679493358893,115,-0.26934632262097197,0.5111597755821315,-0.7816617016826973
1789036805.8313203,LIDAR_ONLY,-0.3877745506244676,1.1642732381602396,-1.1506588919892051,0.03550414320266965,-0.045079963140853545,0.4139854834873118,0.9084730442893947,0.6873731186040427,0.4988420041637145,-0.03047686015265204,115,-0.2701340230031012,0.5113449974229225,-0.7819261746008601
1789036805.9211571,LIDAR_ONLY,-0.3874799477815498,1.1632840736775223,-1.1510836190986766,0.03550202980286558,-0.04511009386140147,0.4139847462864064,0.9084719671810858,0.6873743274676344,0.49884344916064594,-0.03047692871942497,115,-0.2695596391361931,0.5118020580406484,-0.7819862844462223
1789036806.0200088,LIDAR_ONLY,-0.3876853233265085,1.1653223724957484,-1.1510932661628965,0.03554285240654409,-0.045078889423185685,0.4139779887808947,0.9084749992025671,0.6873755953611308,0.4988449647180959,-0.030477000634379102,115,-0.27006637408381207,0.5115462226036953,-0.7820272826159272
1789036806.11715,LIDAR_ONLY,-0.3884676169218379,1.1656610094305744,-1.1517991972681836,0.03553353400115119,-0.04515007114454166,0.4140003359848666,0.9084616452230934,0.6873768190849578,0.4988464274780029,-0.030477070044031676,115,-0.27006637408381207,0.5115462226036953,-0.7820272826159272
1789036806.2235253,LIDAR_ONLY,-0.3875027968296878,1.1665688193488002,-1.1516684032948443,0.035562134265523765,-0.04515984005014445,0.41398470760783274,0.9084671624885424,0.6873782640385208,0.4988481546815653,-0.030477152001845975,115,-0.2697646475288788,0.5112948389681773,-0.7821761536551305
1789036806.350849,LIDAR_ONLY,-0.3891317506144109,1.1671969899940178,-1.152148188311229,0.03551484472419582,-0.04514223214731802,0.4140031758518109,0.9084614714260526,0.6873799155132412,0.49885012874710866,-0.03047724567355288,115,-0.268447438174785,0.5109137906836461,-0.7821971739030208
1789036806.4489207,LIDAR_ONLY,-0.3864634025909249,1.1678245757411292,-1.1524147348959062,0.03554432172524958,-0.04520275594246877,0.4139943786310241,0.9084613181144313,0.6873811836817346,0.49885164463331144,-0.03047731760412059,115,-0.26933425663690447,0.5111612560525454,-0.7820895793016867
1789036806.5592196,LIDAR_ONLY,-0.3859405119954015,1.1682168168573968,-1.1525459385137875,0.03554421136437762,-0.045234623095769665,0.41399570595983226,0.9084591313640303,0.6873826583747258,0.4988534073854896,-0.03047740124877058,115,-0.2688219447194775,0.5106951405061408,-0.7821622983768121
1789036806.722558,LIDAR_ONLY,-0.3829996203376017,1.170233408966213,-1.1528560962227836,0.03561308363995551,-0.045309164411366606,0.41397181237779757,0.908463607664412,0.6873849443156012,0.49885613985069704,-0.03047753090744488,115,-0.26923273462540626,0.5106924338117018,-0.7823116526303363
1789036806.8191385,LIDAR_ONLY,-0.38371775987282025,1.1704617077114134,-1.1530871648415713,0.035590960192557544,-0.04528581339928006,0.41398901903062496,0.9084577980178267,0.6873862422303074,0.4988576912936257,-0.030477604525233307,115,-0.26826879469614023,0.5105734504460466,-0.7820363265949155
1789036806.915788,LIDAR_ONLY,-0.3829169587481552,1.1704529665531433,-1.1533874158144328,0.035572819482309975,-0.04528231625619437,0.4139798175278527,0.908462875976866,0.6873875697106571,0.4988592780774128,-0.030477679819990375,115,-0.2694973327490218,0.5100395623118004,-0.7819828015607652
1789036807.0167634,LIDAR_ONLY,-0.38517463660306683,1.1717628511759726,-1.1544074110600349,0.0355897848053437,-0.045291676690006374,0.41400055672423614,0.9084522938889745,0.6873888235048503,0.4988607767815627,-0.03047775093526813,115,-0.2704617220123673,0.5104931294363143,-0.7821164811355926
1789036807.116032,LIDAR_ONLY,-0.38497111786997396,1.1719070748175326,-1.1546385410901485,0.03560453412835922,-0.04532424994253239,0.41400543040855103,0.9084478703309727,0.687390136366451,0.49886234609106567,-0.030477825400856286,115,-0.2704617220123673,0.5104931294363143,-0.7821164811355926
1789036807.2206073,LIDAR_ONLY,-0.3844010066273669,1.1729380154970748,-1.1548547082130785,0.035669422238823176,-0.04534386920342091,0.41399196504107666,0.9084504822631994,0.687391537809317,0.49886402128487045,-0.030477904890783163,115,-0.26980949302302654,0.5111368073263546,-0.7820149052257512
1789036807.3292696,LIDAR_ONLY,-0.3861447893140208,1.1735590572201147,-1.1551344082291535,0.03567142620462674,-0.04532132996674114,0.4140127090609016,0.9084420747293835,0.6873929688348116,0.4988657318398385,-0.030477986058642922,115,-0.27009263316874377,0.5107357522076706,-0.7820612921774668
1789036807.449142,LIDAR_ONLY,-0.3869654680255819,1.1745093926529924,-1.1554124659743745,0.03569261874925688,-0.045338336866544524,0.4140160698676763,0.9084388620420856,0.6873946064974666,0.49886768939546733,-0.03047807894698134,115,-0.2704327635781918,0.5114562646303953,-0.7820701417330975
1789036807.547819,LIDAR_ONLY,-0.38508235904877586,1.174040216120213,-1.156027123562292,0.035709903484185054,-0.04540118816416331,0.41400961905956246,0.9084379837020182,0.687395919653427,0.49886925905686746,-0.030478153429281778,115,-0.27036119119776214,0.5109890706694583,-0.7820781239081886
1789036807.6560023,LIDAR_ONLY,-0.3854728068771141,1.1750655137859973,-1.1561448644984977,0.035718855239867245,-0.04538193155743588,0.4140137734066925,0.9084367006555942,0.6873974247008723,0.49887105809290505,-0.03047823879568559,115,-0.2710206351334634,0.5109850030221791,-0.7820161119312781
1789036807.7820272,LIDAR_ONLY,-0.38513358459644875,1.175504269671088,-1.1564385975137228,0.03569170421188799,-0.0453931781035957,0.4140138448673442,0.9084371733313565,0.6873991511869202,0.49887312182229016,-0.030478336722109353,115,-0.27039249413915284,0.5108317955450267,-0.7820959955816769
1789036807.968972,LIDAR_ONLY,-0.38525542958913817,1.1759858198600728,-1.1566812131874085,0.035696339771518405,-0.045432099420999024,0.4140274286546406,0.90842885466653,0.6874016747204448,0.49887613829053407,-0.030478479857139723,115,-0.2717155231803263,0.5111681058819065,-0.7818673866400422
1789036808.0660105,LIDAR_ONLY,-0.38532013559751793,1.1770157852912426,-1.1572080720565165,0.035697377051018754,-0.045397164473149065,0.41401913313726496,0.9084343411197877,0.6874030177540739,0.4988777436658078,-0.03047855603412364,115,-0.2702211494299388,0.5105229517669455,-0.7820682518913386
1789036808.1529465,LIDAR_ONLY,-0.38476410195747784,1.1780547539102497,-1.1568925020205816,0.0357270441893179,-0.04543203935067073,0.41402008285656394,0.9084309985383467,0.6874040951832053,0.4988790315547034,-0.030478617146000232,115,-0.2699766006970011,0.5109256130644557,-0.7818847929348184
1789036808.2505975,LIDAR_ONLY,-0.3847901196215335,1.1783984954026818,-1.1574898632621198,0.035740684688067514,-0.04546240840916965,0.4140345326285721,0.908422356985288,0.6874054088220145,0.4988806017933326,-0.030478691655714006,115,-0.27058912674271857,0.5110827421089907,-0.7818950120704686
1789036808.3414097,LIDAR_ONLY,-0.38461874856525885,1.178642864945532,-1.1579760634476672,0.03576940816019612,-0.04548457446825913,0.4140225977753714,0.9084255563647711,0.6874066339611312,0.4988820662451773,-0.030478761145720352,115,-0.27141101819469277,0.5108216207242859,-0.7822681378405436
1789036808.450762,LIDAR_ONLY,-0.38474183421282426,1.1802435965107223,-1.1582321815337058,0.035784614576997435,-0.04551707392820339,0.41402045354922834,0.9084243069092116,0.6874079772527464,0.49888367192886485,-0.030478837337351114,115,-0.27032609826069776,0.5113138329997697,-0.7821314467237409
1789036808.551103,LIDAR_ONLY,-0.38413299721537897,1.1822189733365318,-1.1584169985581425,0.035844882868104756,-0.04557076571484798,0.4140224780810432,0.9084183162662267,0.6874092468013498,0.4988851894649452,-0.030478909346274438,115,-0.27032609826069776,0.5113138329997697,-0.7821314467237409
1789036808.663786,LIDAR_ONLY,-0.3843261855581066,1.1808283090745653,-1.1588473119475782,0.03579187610772703,-0.045532971669659354,0.4140118856127501,0.9084271289800819,0.6874107378625298,0.49888697178280705,-0.03047899391941746,115,-0.27057202722734125,0.5113242652222033,-0.7822882612799718
1789036808.7806525,LIDAR_ONLY,-0.3853534723685957,1.1821908122173552,-1.1593994219739636,0.03584964845766332,-0.04552298925992269,0.4140118796759046,0.9084253539182663,0.6874123175954974,0.4988888600931861,-0.03047908352203829,115,-0.27168927549284844,0.5111293028132542,-0.7824932940806447
1789036808.8868778,LIDAR_ONLY,-0.3833437572777987,1.1824050321509776,-1.1596676330734488,0.03584093614931684,-0.04559790075357995,0.4139993631611333,0.9084276449145431,0.6874136464176546,0.4988904484810571,-0.030479158892975325,115,-0.2699236146183449,0.5107849398735888,-0.7823143532167178
1789036809.0530007,LIDAR_ONLY,-0.3841823757800297,1.1835755603805749,-1.1596942316667882,0.03585889078146556,-0.045532926410289366,0.414003455344258,0.9084283304297885,0.6874159498712997,0.49889320188025194,-0.030479289545124633,115,-0.26935619040125436,0.5115196314166944,-0.7820838094044823
1789036809.154071,LIDAR_ONLY,-0.3854400787719702,1.1846793811436207,-1.1600266421851169,0.03585026399730178,-0.04555775571975694,0.414017325261153,0.9084211049115402,0.6874173084145807,0.49889482579485145,-0.030479366601857003,115,-0.270542998467835,0.510549404808376,-0.7822811920695794
1789036809.2541418,LIDAR_ONLY,-0.3836957393982179,1.1847711256169244,-1.1604187219695903,0.035864332163816084,-0.0456291350518179,0.41401142040598615,0.908419658245177,0.687418667029281,0.49889644979482956,-0.030479443662644032,115,-0.2723779838193985,0.5108191056623853,-0.782214057384621
1789036809.3503182,LIDAR_ONLY,-0.3818216976070902,1.1847480819045364,-1.160852996040476,0.03589515503794699,-0.045623657184630746,0.4139845741458648,0.908430950661176,0.6874199518719297,0.49889798561248383,-0.030479516539074804,115,-0.2698666397168504,0.5109028177370458,-0.782315039515346
1789036809.4447267,LIDAR_ONLY,-0.38238084836204045,1.1860087541105853,-1.1611056766823058,0.03594910272808784,-0.04560669710009505,0.41398316448939265,0.9084303114229589,0.6874211924702611,0.4988994685433564,-0.0304795869059657,115,-0.2698666397168504,0.5109028177370458,-0.782315039515346
1789036809.5545027,LIDAR_ONLY,-0.38220954220854075,1.1870119762962201,-1.1618213387627447,0.036003294097424,-0.045602427821298495,0.41397903672077613,0.9084302606951599,0.6874226103698315,0.4989011634086515,-0.03047966732940855,115,-0.26956387478635185,0.5113924886394862,-0.7822569781109441
1789036809.6714644,LIDAR_ONLY,-0.38345816382130526,1.186720255431012,-1.1621105851213898,0.03596323802930563,-0.0456258719722634,0.4139953192644868,0.908423249891984,0.6874241465154572,0.49890299961763085,-0.030479754459787005,115,-0.27061799375868023,0.511220350078698,-0.7822102985534997
1789036809.7849827,LIDAR_ONLY,-0.3820001754336466,1.1882638925248517,-1.1620245960167683,0.03599042413248452,-0.04568325125796381,0.4139735332180849,0.9084292177821016,0.68742560889272,0.4989047476486973,-0.030479837406018728,115,-0.2701904331496058,0.5107608236327226,-0.782168350140422
1789036809.8992174,LIDAR_ONLY,-0.38190692591251985,1.1889346856676084,-1.162480212440422,0.03601868795353469,-0.04567214138705688,0.41398956434965417,0.9084213506015864,0.6874270861254317,0.49890651343701486,-0.030479921194857665,115,-0.26900936221391275,0.5108525154468301,-0.7818763304201775
1789036809.9995627,LIDAR_ONLY,-0.3831889992024008,1.1900682125746027,-1.1631479381343746,0.035969756762468066,-0.04568017678206472,0.41401784638345057,0.9084099960500314,0.687428415707021,0.4989081027327503,-0.03047999660890864,115,-0.26817917197826213,0.5108836203861723,-0.7822852790237355
1789036810.1367722,LIDAR_ONLY,-0.3821542069315931,1.191825294217574,-1.1635813895165714,0.03606936129087985,-0.04575690777510991,0.4140010345466793,0.9084098469089861,0.6874303215598299,0.4989103808657995,-0.030480104709148595,115,-0.27004572631727325,0.5113894371423956,-0.7820631661492453
1789036810.2438543,LIDAR_ONLY,-0.3811531914054568,1.1935603384659268,-1.1635204369818528,0.03609555706278649,-0.04573641644891419,0.4139898590376384,0.9084149313968451,0.6874316069817108,0.49891191737589696,-0.030480177618462785,115,-0.26931497833922763,0.5110053955111655,-0.7819667150540522
1789036810.445684,LIDAR_ONLY,-0.3836659920505296,1.1928530350064162,-1.16423790699255,0.03605682758894078,-0.045743232754095454,0.41401333685560066,0.9084054264187973,0.6874342962317553,0.49891513193131987,-0.030480330153122882,115,-0.2700596486712024,0.5113546742666374,-0.7819097175034262
1789036810.541861,LIDAR_ONLY,-0.38150034532328964,1.194345663697322,-1.164026365785774,0.03609803872724809,-0.045722886511841664,0.4139893084300201,0.9084157648096521,0.6874356705168866,0.4989167746628175,-0.03048040810278399,115,-0.2697177646219952,0.5110210310684339,-0.7817243377311002
1789036810.6442606,LIDAR_ONLY,-0.38359056179587386,1.1949156065448063,-1.164535228628098,0.03609551695728117,-0.04577849233871846,0.4140087434457018,0.9084042071926415,0.6874370596534463,0.4989184351467591,-0.03048048689482402,115,-0.2716944788614319,0.5111912719195577,-0.7823381261642817
1789036810.7428493,LIDAR_ONLY,-0.38281480947399715,1.1958079644504145,-1.1648924685515962,0.036140396058411905,-0.0457971897030429,0.41400770348008187,0.9084019543391534,0.6874383158517685,0.498919936724942,-0.03048055814658985,115,-0.2707568379324944,0.5113740108048311,-0.7820148127072214
1789036810.839153,LIDAR_ONLY,-0.3837522635694935,1.1946221530341086,-1.1652385107028258,0.03613767182898941,-0.04578786241123435,0.4140250710961799,0.9083946173521689,0.6874396164507394,0.4989214913767942,-0.03048063191677062,115,-0.2712933629178333,0.5119096133499705,-0.7821566240070017
1789036810.941698,LIDAR_ONLY,-0.38318940042375704,1.1968793566698235,-1.1653623047833521,0.03617247994085216,-0.04578884000352535,0.41401129932254754,0.908399459411616,0.6874410205798029,0.4989231697818277,-0.03048071155919823,115,-0.2720700046013027,0.5119833661314493,-0.7822357274987879
1789036811.0358346,LIDAR_ONLY,-0.3819044528921846,1.1983295881943776,-1.1651119931549103,0.036162430269508127,-0.04585141535923242,0.4139990738186681,0.9084022749992667,0.687442276970367,0.4989246715898242,-0.030480782821877363,115,-0.26974748125676407,0.5120478537088672,-0.7819476618065542
1789036811.1344357,LIDAR_ONLY,-0.38207819639966084,1.1983763708261854,-1.1654539886621023,0.03617211972563192,-0.04580560336776039,0.4140014337117802,0.9084031249061513,0.6874436221149047,0.4989262794885859,-0.03048085911869977,115,-0.2698391776720162,0.5110079510359167,-0.782085521280363
1789036811.2373924,LIDAR_ONLY,-0.37998640377418286,1.1966558439914947,-1.1661377791947831,0.036114749683046676,-0.045854703177394485,0.4140052760926604,0.9084011792260531,0.687444922980486,0.49892783445915406,-0.030480932904015573,115,-0.2693571910100596,0.5111007391589765,-0.7818786194888717
1789036811.33373,LIDAR_ONLY,-0.3798597888073253,1.197219376566189,-1.1665671967664546,0.036103229240093064,-0.04585765929905904,0.41399987809029026,0.9084039480667582,0.6874461943440836,0.49892935416496603,-0.03048100501597685,115,-0.2693571910100596,0.5111007391589765,-0.7818786194888717
1789036811.4415538,LIDAR_ONLY,-0.3800732710045849,1.1981562643150618,-1.1668048207928237,0.03608541432325747,-0.04583213683767249,0.4140052412294002,0.908403499740395,0.6874476136143848,0.4989310506688922,-0.03048108551723528,115,-0.26986128377309837,0.5111080542739552,-0.7817725672778908
1789036811.5553458,LIDAR_ONLY,-0.3815270085202696,1.1978817676334592,-1.1674567155230295,0.03611623105412621,-0.045841707530462676,0.4140257727215178,0.9083924345939296,0.6874490921036551,0.49893281795935296,-0.030481169377407892,115,-0.26971896383273813,0.5114649079427891,-0.7817450503819736
1789036811.6634374,LIDAR_ONLY,-0.3808419844988933,1.1988630914582104,-1.1675137607475408,0.03613619522674537,-0.0459085502152036,0.4140220539842792,0.9083899598885444,0.6874505706773217,0.49893458535070373,-0.0304812532423714,115,-0.26941855130806064,0.5107119572613052,-0.782025965895615
1789036811.9149804,LIDAR_ONLY,-0.3812721392933959,1.1992730616678584,-1.1679970033879623,0.03613996011890898,-0.04591248514593646,0.4140288636901762,0.9083865075075419,0.6874538238364674,0.4989384739668139,-0.030481437762155644,115,-0.270087733015847,0.5110603097268273,-0.7820645769163981
1789036812.0157776,LIDAR_ONLY,-0.38073052188074147,1.1980310081915269,-1.168862030157673,0.03612860669472556,-0.04584986679680168,0.41402221689405233,0.9083931513453566,0.6874551695808151,0.49894008258260947,-0.03048151409302776,115,-0.270087733015847,0.5110603097268273,-0.7820645769163981
1789036812.1084938,LIDAR_ONLY,-0.3814095472081464,1.199146246281577,-1.1687781630506626,0.036095066241052826,-0.04589365763689646,0.41403987890396654,0.9083842232551984,0.6874563822894326,0.4989415321760995,-0.03048158287809105,115,-0.27104530160591683,0.511430339498286,-0.7822407643138847
1789036812.2020407,LIDAR_ONLY,-0.3815315323459992,1.2002159996615034,-1.169273841926781,0.03612472462016924,-0.045892989485430635,0.4140306738520812,0.9083872736321215,0.6874577281666518,0.4989431409507337,-0.03048165921650587,115,-0.26861156841225653,0.5111317249651319,-0.7822710143554815
1789036812.3016434,LIDAR_ONLY,-0.382320320781775,1.1997572854138026,-1.1700934311556281,0.03613437819131878,-0.04588393622274864,0.4140455041109177,0.9083805874384203,0.6874589557859406,0.4989446083674885,-0.030481728847310978,115,-0.26895752069612106,0.5112777787316337,-0.7824003574956423
1789036812.4000602,LIDAR_ONLY,-0.3815947591751147,1.1996576378497439,-1.1700478185321623,0.036160553897186594,-0.045885537404389075,0.4140463009989333,0.9083791017125283,0.6874602574217035,0.4989461642587576,-0.030481802676347786,115,-0.26852295580989477,0.5108439547146407,-0.7822333526664212
1789036812.4996283,LIDAR_ONLY,-0.38001724383261465,1.201280776611872,-1.1699799570948648,0.03614910950421745,-0.04595566729126013,0.4140315169903785,0.9083827505322375,0.6874615443304022,0.4989477025462531,-0.030481875670065585,115,-0.269271978542015,0.51149311527669,-0.7822373166748736
1789036812.5961993,LIDAR_ONLY,-0.3803454286940018,1.2021084143350165,-1.1707135092165868,0.03618717850907697,-0.04595159585475049,0.414033931526382,0.9083803402181055,0.6874628756824919,0.4989492939585108,-0.0304819511846244,115,-0.2692265030762163,0.511631886922949,-0.7823075528371939
1789036812.712894,LIDAR_ONLY,-0.3805762318501025,1.20237301694164,-1.1712633894216085,0.03620057720362207,-0.045939739103181304,0.41403180451062305,0.9083813755438481,0.6874644142189426,0.49895113302557503,-0.030482038450725855,115,-0.26857993728823615,0.5109524292945473,-0.7818964605291817
1789036812.8167818,LIDAR_ONLY,-0.3820908412837015,1.2039579198867978,-1.1715033339844974,0.036189259206837854,-0.04594469298713265,0.414042651133854,0.9083766321005996,0.6874657901028972,0.498952777668361,-0.030482116491148036,115,-0.2683318717117394,0.5110878574092427,-0.7819382261600446
1789036812.9153137,LIDAR_ONLY,-0.38254373915733897,1.2045256976813985,-1.1716717870701647,0.03622255210768808,-0.04597428514852447,0.41404059500878965,0.9083747450852294,0.6874670772862355,0.4989543162841675,-0.03048218950045592,115,-0.2694908906245439,0.5117936117368777,-0.7820581753963217
1789036813.0137448,LIDAR_ONLY,-0.38441223368249994,1.2049414917598067,-1.1719791150912582,0.0362340787390013,-0.045961651543345916,0.4140578993317961,0.9083670371200643,0.6874683349408546,0.4989558196032562,-0.030482260834891507,115,-0.2694908906245439,0.5117936117368777,-0.7820581753963217
1789036813.1261666,LIDAR_ONLY,-0.38187287501367667,1.2072275112395527,-1.1719721284052163,0.03626567528552355,-0.04600522215718705,0.4140314099983015,0.9083756446895587,0.6874697850183406,0.49895755293221644,-0.03048234308359607,115,-0.2697355905985043,0.5115834836786198,-0.7819244163497955
1789036813.2398806,LIDAR_ONLY,-0.38004656347300325,1.208322101151064,-1.1720523677534893,0.036354279527030034,-0.04602268523078306,0.41400331132912793,0.9083840250757034,0.6874712795707816,0.4989593394236728,-0.03048242785493343,115,-0.2701041415530911,0.5114911875968299,-0.7822161888306243
1789036813.4045258,LIDAR_ONLY,-0.38177624478875766,1.2095005594774537,-1.17297033382921,0.036403982022181806,-0.04608165036533184,0.4140175366821182,0.90837256173456,0.6874735881576246,0.49896209895928995,-0.030482558798485444,115,-0.26890244974449995,0.5110341282498302,-0.782149182037444
1789036813.5134513,LIDAR_ONLY,-0.3818741226014451,1.2113231452552637,-1.1729283262725043,0.036390934900501264,-0.0460827169727264,0.4140238815871892,0.9083701385057503,0.6874750385287782,0.49896383263930705,-0.030482641063859936,115,-0.26901578211997906,0.5113052149492991,-0.7824317946443593
1789036813.6215842,LIDAR_ONLY,-0.3827077004849896,1.2099515409876966,-1.1732309434053563,0.036355467588859096,-0.046058893819480154,0.41405020477635807,0.9083607687483962,0.6874764593791274,0.4989655310320669,-0.030482721654811397,115,-0.2692402109424678,0.5114627273837302,-0.7822556806140851
1789036813.731763,LIDAR_ONLY,-0.38141661413959943,1.2118059813073412,-1.1734808221889939,0.036407243797666404,-0.0460888896707626,0.4140471200844157,0.9083585796356939,0.6874779099107706,0.4989672649039364,-0.030482803929296004,115,-0.2676142494254102,0.5110687069323291,-0.7823673021116705
1789036813.8275387,LIDAR_ONLY,-0.3824354970026334,1.2118831262175138,-1.1736914917729828,0.03640230253811527,-0.04611484018827165,0.41405108121265594,0.908355655033294,0.6874791680906063,0.4989687688508796,-0.03048287529354523,115,-0.2667093077790078,0.5106687186764947,-0.7823067797613159
1789036813.9209187,LIDAR_ONLY,-0.37884239037686307,1.2124860446103032,-1.1745100023556507,0.036460726723024126,-0.04616366652886452,0.4140086057570925,0.9083701919693914,0.687480441134629,0.4989702905655189,-0.030482947500897306,115,-0.2685647838187364,0.5112039681128339,-0.7825246168981512
1789036814.0284605,LIDAR_ONLY,-0.3794157109893289,1.2127362617924398,-1.1748787378103296,0.036450347291636924,-0.04618549477859088,0.41402446496943346,0.9083622706063645,0.6874818770847893,0.4989720070076439,-0.030483028948326447,115,-0.2685647838187364,0.5112039681128339,-0.7825246168981512
1789036814.129154,LIDAR_ONLY,-0.380698586947514,1.211720607845331,-1.1750278518531858,0.03642860321316658,-0.04608387097375682,0.41403982474165957,0.9083613032444237,0.6874831798711789,0.4989735642743986,-0.030483102842678418,115,-0.2676825151678111,0.511387568895016,-0.782362526620833
1789036814.2396529,LIDAR_ONLY,-0.3799084576323627,1.2124897796988643,-1.1753703717430386,0.03643042657176452,-0.04612297872075615,0.4140422932366316,0.9083581200523697,0.6874846455840111,0.4989753162929127,-0.030483185978260025,115,-0.2676734555741106,0.5110015962753551,-0.7824722902203824
1789036814.3532083,LIDAR_ONLY,-0.3796597132596851,1.212567973495659,-1.176285374043939,0.03646618416999137,-0.0461306239965344,0.4140355498678812,0.9083593707269012,0.6874861706053871,0.4989771392050402,-0.030483272477840245,115,-0.26837215416301996,0.5108275741982655,-0.7825758575375686
1789036814.45546,LIDAR_ONLY,-0.380694095318222,1.2135201964559998,-1.176424407753442,0.036497001209086936,-0.0461384737597324,0.4140404031099961,0.9083555222127394,0.6874875772579022,0.49897882062667526,-0.030483352263513404,115,-0.2678313960149629,0.5108191383292666,-0.7824938554120884
1789036814.5682442,LIDAR_ONLY,-0.37892164848560983,1.2143099800564996,-1.1767964788877234,0.036490962167532705,-0.046228413147401164,0.4140493785476652,0.908347100849809,0.6874891172595953,0.498980661445321,-0.030483439612788314,115,-0.26819259974827203,0.5111366006154227,-0.7825170240885561
1789036814.6791124,LIDAR_ONLY,-0.37943460897486997,1.2144521900358218,-1.1771946150111554,0.03652619767620786,-0.04621104606996133,0.41404006160274226,0.9083508152098703,0.6874905981165703,0.4989824315661921,-0.030483523607363783,115,-0.2686567321457138,0.5111448472483408,-0.782482543638326
1789036814.7863393,LIDAR_ONLY,-0.37883043491300045,1.2148470158342555,-1.177243734665521,0.03651700605095021,-0.046222437672596595,0.4140341818259123,0.9083532852389676,0.6874920198186942,0.49898413097717764,-0.030483604246664776,115,-0.26871833073181606,0.5111435778115297,-0.7826288124652471
1789036814.8995247,LIDAR_ONLY,-0.3771630009154895,1.214563500857431,-1.1777875699423144,0.03653223620961867,-0.046270236300805775,0.4140291247356915,0.9083525443465161,0.6874934860305024,0.49898588359217666,-0.03048368741056972,115,-0.26820993773416935,0.5110558837304252,-0.7823472573041198
1789036815.0085855,LIDAR_ONLY,-0.3791663461006909,1.2154638630736543,-1.1782481259455175,0.03649898910013942,-0.046240840851226,0.41404784835597847,0.908346843283899,0.6874949819480274,0.49898767171547603,-0.03048377225939395,115,-0.2682670613255961,0.5112245761523337,-0.7822791402658589
1789036815.1376832,LIDAR_ONLY,-0.3791349011313789,1.2169823924695353,-1.1786413703226224,0.03654140659801837,-0.04629299623807584,0.41404904684536165,0.9083419350165374,0.6874967149502618,0.49898974323454853,-0.03048387055572789,115,-0.2689798791061514,0.5108376194637338,-0.7826259712152978
1789036815.2342718,LIDAR_ONLY,-0.378561293579959,1.2173879603340787,-1.1786461811479236,0.0365799444752339,-0.04624887767083734,0.41402969874806506,0.9083514504479878,0.6874979740414643,0.4989912482709515,-0.03048394197170881,115,-0.2689798791061514,0.5108376194637338,-0.7826259712152978
1789036815.3572567,LIDAR_ONLY,-0.378729843890545,1.217375763536303,-1.1793527020654295,0.03658448880762976,-0.0462920133044949,0.414042390649492,0.9083432850129705,0.6874995739159299,0.49899316065769134,-0.030484032717008808,115,-0.2687910554842359,0.5113482425901831,-0.7824978836431432
1789036815.4648657,LIDAR_ONLY,-0.3787876771316189,1.218374234493417,-1.1795301227571513,0.03661647863110323,-0.04627841260143701,0.41402708495138735,0.9083496655729036,0.6875010553689886,0.49899493149112595,-0.030484116745419183,115,-0.26903847210838794,0.5112139554747859,-0.7825786972532182
1789036815.6223903,LIDAR_ONLY,-0.3774515594165414,1.2206080988727483,-1.1789941961757255,0.03661916494505436,-0.04633256282614652,0.41401236976981237,0.9083535039059806,0.6875032480744736,0.49899755250984745,-0.030484241116262092,115,-0.26900114126640834,0.5112784438639119,-0.7825462631893015
1789036815.7139597,LIDAR_ONLY,-0.3767015058274306,1.2214237470073326,-1.1791894718061875,0.03666361261983136,-0.04639381627836118,0.4140041334580435,0.9083523384680898,0.6875044926652664,0.49899904021342184,-0.030484311709788978,115,-0.2681430085358305,0.5120499703292202,-0.782373642169993
1789036815.8045301,LIDAR_ONLY,-0.377657277692577,1.2219199838106303,-1.1795030855561275,0.03665390474332536,-0.046400331751341284,0.4140140318254613,0.9083478859622334,0.6875057076804156,0.49900049256418205,-0.030484380625779656,115,-0.26744780722182,0.5110752547698844,-0.7822147292672352
1789036815.8950405,LIDAR_ONLY,-0.3756565035825276,1.2223540432121283,-1.1799536414415168,0.03668411257667072,-0.046419638910261324,0.41401239226982467,0.9083464273364651,0.6875069079340521,0.49900192726998394,-0.030484448704495522,115,-0.26744780722182,0.5110752547698844,-0.7822147292672352
1789036816.009661,LIDAR_ONLY,-0.37564405309921867,1.2226785124825283,-1.1803391517683377,0.036665013259769404,-0.0464051153591237,0.4140132036753221,0.9083475707314154,0.687508449081681,0.4990037694584906,-0.03048453611881554,115,-0.26828517201828606,0.5107584910712882,-0.7824542703892308
1789036816.114382,LIDAR_ONLY,-0.3766856902830159,1.2224238510831296,-1.1810396151408802,0.03668299477315031,-0.04636953531672855,0.4140212297240415,0.9083450035238683,0.687509812480719,0.4990053991777963,-0.030484613451189378,115,-0.2692825812851102,0.5108607810989146,-0.7824086110517082
1789036816.2318764,LIDAR_ONLY,-0.37716660080347036,1.224400661573997,-1.1814876482629852,0.03674041169359275,-0.04641759829643294,0.4140251467819771,0.9083384427343911,0.6875114130838327,0.499007312435568,-0.030484704237848215,115,-0.26921089686443805,0.510990566334927,-0.7823949359932348
1789036816.331667,LIDAR_ONLY,-0.37865441786631776,1.2242957903203115,-1.1815853880823177,0.03666518917514299,-0.046378336793706926,0.4140399479318162,0.908336741134927,0.6875127618166229,0.49900892462379676,-0.03048478073835449,115,-0.26879166466410137,0.5109334248704196,-0.7825067999305103
1789036816.467766,LIDAR_ONLY,-0.37990912549677996,1.2252903294344792,-1.181832807695666,0.036672979614943195,-0.04638703368751966,0.4140456986561626,0.9083333612150141,0.687514644230934,0.4990111747405197,-0.03048488750943263,115,-0.26957764755397845,0.5112549352282557,-0.7823207573282013
1789036816.667324,LIDAR_ONLY,-0.37965109482793535,1.2249057366080525,-1.1825062275046574,0.03665995714031416,-0.046342232601489876,0.414040428985527,0.9083385757444525,0.687517327277277,0.4990143818811788,-0.030485039692597984,115,-0.26876393460228604,0.5108026644211492,-0.7823910626871823
1789036816.7583468,LIDAR_ONLY,-0.37887747273206945,1.2254142580208858,-1.1826849829843111,0.036701047533264586,-0.0463951835041328,0.414032359066249,0.9083378918131818,0.6875185577170208,0.4990158526695448,-0.03048510948350009,115,-0.2688639857084389,0.5107960402041348,-0.7822593433883733
1789036816.8488777,LIDAR_ONLY,-0.37830813286112974,1.226879148824741,-1.1829645552040888,0.03671103438118939,-0.0463739623059202,0.41402723638164335,0.9083409068785194,0.687519832691863,0.49901737669230056,-0.030485181800448388,115,-0.26966483589927354,0.5114339030172469,-0.7823789788415536
1789036816.9386423,LIDAR_ONLY,-0.37942657179550204,1.227672681835282,-1.1833666015536821,0.03676258924987913,-0.04639433888724661,0.41402666338509475,0.9083380424473398,0.6875209742921052,0.49901874128765894,-0.03048524655235222,115,-0.2682206730171453,0.5113478225260876,-0.7824694177084989
1789036817.0263207,LIDAR_ONLY,-0.3786823533216098,1.2275062372504348,-1.1837714566300723,0.03675298291018076,-0.04644535749231669,0.4140367374940966,0.9083312319962688,0.6875221752502998,0.49902017683569133,-0.030485314671058764,115,-0.26842830971820647,0.511716841003319,-0.7822999809539735
1789036817.1149735,LIDAR_ONLY,-0.37927122930336815,1.2302212821904384,-1.18374418399591,0.03675841911815046,-0.046483746844682323,0.4140395394992782,0.908327771035566,0.6875233466085827,0.4990215770019001,-0.030485381110851542,115,-0.26842830971820647,0.511716841003319,-0.7822999809539735
1789036817.2232866,LIDAR_ONLY,-0.3790293879792562,1.231115425210883,-1.1842749629666738,0.036835124472193975,-0.04647529838435215,0.4140229694914152,0.9083326488565266,0.6875247552737911,0.4990232608295202,-0.030485461010767052,115,-0.2696112507062651,0.5121496913328176,-0.7823363188790458
1789036817.3333185,LIDAR_ONLY,-0.3779803982700044,1.2308079952885769,-1.1845642915512948,0.03675540847426898,-0.04645924100779298,0.41403466581406034,0.9083313681565274,0.687526238161623,0.49902503337808624,-0.030485545120615264,115,-0.2689764748068834,0.5114463212395443,-0.7824921858271159
1789036817.4948988,LIDAR_ONLY,-0.37791924202548227,1.2333443023135093,-1.1850900540509444,0.03684683007514023,-0.04650237858199864,0.4140124766304308,0.9083355707523334,0.6875284774823087,0.4990277101177559,-0.030485672135570817,115,-0.26952748368484564,0.511471313885455,-0.782634179162246
1789036817.5908782,LIDAR_ONLY,-0.3761250551370175,1.2337510483443335,-1.1849588796631583,0.03690607193051749,-0.04650404597604747,0.4139997023636434,0.9083389026158307,0.6875297677743875,0.4990292524497792,-0.03048574532133625,115,-0.26802200051029346,0.5108872854903865,-0.7826696420015673
1789036817.680931,LIDAR_ONLY,-0.3782971363998458,1.2341875755661678,-1.1854376777240117,0.036866677935568366,-0.04649709842958516,0.4140323141604674,0.9083259936424547,0.6875309691382765,0.4990306884827768,-0.030485813463069465,115,-0.268588462278181,0.510881463498999,-0.7827147787346304
1789036817.7791388,LIDAR_ONLY,-0.3766511103752509,1.235993743058756,-1.1858463287640648,0.036933427327470146,-0.04655830588039048,0.4140021299705539,0.9083339047284534,0.6875322298883687,0.49903219550221967,-0.030485884973208886,115,-0.268588462278181,0.510881463498999,-0.7827147787346304
1789036817.8892112,LIDAR_ONLY,-0.3775406277802802,1.236900294002433,-1.186089064043611,0.03695026773903904,-0.046558027588022244,0.41400855047325225,0.9083303077163961,0.6875336835348059,0.4990339330975314,-0.03048596742449213,115,-0.2668456930408204,0.5112307877467802,-0.7826173280211324
1789036817.9912531,LIDAR_ONLY,-0.3764245518500415,1.2382598576984547,-1.1864367598301686,0.0369754330936002,-0.04654659800310437,0.41399810296179346,0.9083346312378023,0.6875350037533926,0.49903551120178974,-0.03048604230770839,115,-0.2671401903792586,0.5112979101504892,-0.7827271507025947
1789036818.0981693,LIDAR_ONLY,-0.3773956013437419,1.2393095733066921,-1.1868672251686296,0.03698884879321049,-0.04655790669470323,0.4139993258383928,0.9083329480947593,0.6875364723897559,0.499037266715102,-0.03048612560923082,115,-0.26859123937480955,0.5113232032572936,-0.7828136049494188
1789036818.2397683,LIDAR_ONLY,-0.37884774375351055,1.2395749352958971,-1.1873693167172485,0.03701229427685594,-0.046617094548072696,0.4140181327595152,0.9083203852796568,0.6875384603728663,0.4990396430220717,-0.03048623836827121,115,-0.2692141862172812,0.5118852216689066,-0.7827264373042714
1789036818.3318813,LIDAR_ONLY,-0.37707547339185593,1.239998958977001,-1.187297724397524,0.037026151593401724,-0.04656223004960114,0.41398567010427667,0.9083374305726388,0.6875396918116136,0.49904111500464027,-0.030486308215875113,115,-0.2682991041711122,0.5108701643230693,-0.7825002114075409
1789036818.4289327,LIDAR_ONLY,-0.37539790148364927,1.241202892237385,-1.1878131065557342,0.037045086675123066,-0.04662828603662748,0.4139891016879251,0.908331706029325,0.687540938146224,0.49904260479276774,-0.030486378908379456,115,-0.2682991041711122,0.5108701643230693,-0.7825002114075409
1789036818.5465412,LIDAR_ONLY,-0.376248325636212,1.2427987421727436,-1.1874203270868162,0.03706851320703472,-0.04661190522791053,0.4139928097929329,0.9083299010048037,0.6875425703412097,0.4990445558135428,-0.030486471487013035,115,-0.268589268299119,0.5118122427458046,-0.7823629524675219
1789036818.6577864,LIDAR_ONLY,-0.3778552746725463,1.2426072331483757,-1.1880601563154638,0.03703160102385447,-0.04659473142061207,0.41402005378772067,0.9083198701950014,0.6875440394040958,0.4990463118367157,-0.030486554812743767,115,-0.2682231802190881,0.5116779603906945,-0.782686889807846
1789036818.756108,LIDAR_ONLY,-0.37649260317432753,1.2434162446089068,-1.1880781556847158,0.037084919745439565,-0.04666787380211156,0.4140002334532375,0.9083229739376459,0.687545374987662,0.4990479083073092,-0.030486630567486135,115,-0.2694170610840652,0.5119575594877969,-0.7824615535930021
1789036818.8966131,LIDAR_ONLY,-0.37477695726411475,1.2448105753271994,-1.1881845049233837,0.03711970637989008,-0.04671478926170783,0.41398418471368204,0.9083264559999632,0.687547363649987,0.49905028542620394,-0.030486743365076674,115,-0.26908286898271994,0.5118153399976229,-0.7826145614809894
1789036819.006994,LIDAR_ONLY,-0.37594430952477154,1.2462078349295609,-1.1885299419599626,0.03713271679121309,-0.04669099040189289,0.41399144295309853,0.9083238397843609,0.6875486103514862,0.4990517756529057,-0.030486814078404444,115,-0.26818001591363944,0.5115601036835518,-0.7825225764182643
1789036819.1963847,LIDAR_ONLY,-0.3749697588390802,1.2477170902430892,-1.1887536469232132,0.03716940300712214,-0.04675699459444481,0.41398536938495184,0.9083217122098284,0.6875511929942331,0.4990548627777678,-0.030486960566775294,115,-0.26810422376267673,0.5116008182848397,-0.7828462578565418
1789036819.2862298,LIDAR_ONLY,-0.37586065253415213,1.2473269880925082,-1.189537613332693,0.03719017066748181,-0.04676218591400072,0.41399298264279694,0.9083171249606543,0.6875524101904152,0.499056317735722,-0.030487029606557983,115,-0.2680982523709157,0.5114174421525557,-0.782611453998639
1789036819.3818536,LIDAR_ONLY,-0.374911907995611,1.2494824294577185,-1.189853082900701,0.03720975513785477,-0.04680500760726444,0.4139812790320446,0.9083194515127689,0.6875536719781327,0.4990578259955298,-0.030487101175589885,115,-0.26917838576466924,0.5116584587719002,-0.7826389092028044
1789036819.4823308,LIDAR_ONLY,-0.3774054872699706,1.2501187447023612,-1.1900916808414346,0.03719450405099367,-0.04669256462768682,0.41400688237072536,0.9083141937823952,0.687555022900881,0.49905944080161835,-0.030487177800393707,115,-0.2694589444063784,0.5116283635715893,-0.7827551140463743
1789036819.574957,LIDAR_ONLY,-0.3757341600859933,1.250360901363896,-1.1903955247112417,0.037231999197037645,-0.046802879193335326,0.41398885905876354,0.9083151949132134,0.6875562848150019,0.49906094921252664,-0.030487249376599718,115,-0.2686329869218144,0.5114111514406806,-0.7824847910113781
1789036819.6690292,LIDAR_ONLY,-0.37574686759520476,1.250735034227762,-1.1906132515620829,0.03722702913365646,-0.046783516561114145,0.41399024303050364,0.9083157653347224,0.6875575764844402,0.49906249319102897,-0.03048732264053996,115,-0.2684502544521572,0.5116178989960174,-0.7826587037303843
1789036819.771899,LIDAR_ONLY,-0.37781882943829725,1.2524996701111837,-1.1913935461466685,0.03726780198182429,-0.04680254409451049,0.41400737805442267,0.9083053031432919,0.6875589573052547,0.49906414373535063,-0.03048740096117967,115,-0.2684502544521572,0.5116178989960174,-0.7826587037303843
1789036819.8790898,LIDAR_ONLY,-0.37739533732624736,1.2517722519417092,-1.191730027631508,0.037253233422095584,-0.04674858820652737,0.4140108245037381,0.9083071084682925,0.6875603975940783,0.4990658653639062,-0.03048748265486842,115,-0.2688988246946587,0.5117429623559351,-0.7827210051100848
1789036819.985099,LIDAR_ONLY,-0.3770127264423329,1.252421109959642,-1.1913611361304377,0.037192152402433266,-0.04674162447514906,0.4140051806633723,0.90831254242413,0.6875618231128456,0.4990675693372912,-0.030487563510797185,115,-0.2686089034336698,0.5116303770190941,-0.7823424509981487
1789036820.0922575,LIDAR_ONLY,-0.37637527081194116,1.2522717756898047,-1.1923641032166226,0.03722790491695387,-0.046759743412932576,0.4140018275837585,0.9083116735178288,0.6875632190087675,0.49906923790143587,-0.030487642686510205,115,-0.2700329214083859,0.5120256489762504,-0.7825428865020321
1789036820.202437,LIDAR_ONLY,-0.37656841913289435,1.2528730554928598,-1.1923070067391999,0.0371475297029857,-0.04672718486769815,0.4140200079708201,0.9083083530559146,0.6875647040863989,0.4990710130676605,-0.03048772692064436,115,-0.26894061637503625,0.5118395601355807,-0.7822506328842537
1789036820.3231544,LIDAR_ONLY,-0.3764108430949687,1.2537363509607633,-1.193388591217682,0.03726643815488196,-0.046739333907544756,0.4139993044829232,0.9083122938399455,0.687566322917275,0.49907294811390995,-0.030487818741313753,115,-0.27007748669213233,0.5117796557296892,-0.7826406433859731
1789036820.4223347,LIDAR_ONLY,-0.3763199105239026,1.2551361380890902,-1.1932318484227653,0.03724857249240141,-0.04670574062204428,0.4139881564423757,0.9083198357217945,0.6875676596423005,0.49907454594898343,-0.030487894560840424,115,-0.269194384996661,0.5119270343592669,-0.7824874881343739
1789036820.5535536,LIDAR_ONLY,-0.3763614151256186,1.2559827749591501,-1.1934290560846494,0.03724000177191174,-0.04675160511837914,0.4139955375436922,0.9083144634876142,0.6875694717566248,0.49907671203383663,-0.030487997344623707,115,-0.26913831314635656,0.5119921597837278,-0.7825420098947256
1789036820.645111,LIDAR_ONLY,-0.37693349326891057,1.2555355244958348,-1.1939881644542762,0.037266381827685394,-0.04675871816464483,0.4139970253723132,0.9083123372738856,0.6875706898057917,0.49907816801143184,-0.030488066432817665,115,-0.26914877104429924,0.511083686287248,-0.7827916145878938
1789036820.7545993,LIDAR_ONLY,-0.3768205028145516,1.258044316739913,-1.194187996058572,0.03734160036906949,-0.04683123998669702,0.41399266197068374,0.9083075006172813,0.6875721604530681,0.4990799259285562,-0.03048814984847136,115,-0.26915678889923034,0.5115025750258386,-0.782500545528508
1789036820.875792,LIDAR_ONLY,-0.37659905759595147,1.2580573487392865,-1.1945198852204304,0.0373154913898477,-0.04684086398267222,0.4139927340666621,0.9083080445001579,0.6875737500336743,0.4990818260109341,-0.03048824001007034,115,-0.26887009526349714,0.5117844993975836,-0.7827018713190157
1789036820.9730625,LIDAR_ONLY,-0.3759455724261969,1.2589397575863501,-1.1949442895634996,0.037374719497929566,-0.046803621032079495,0.4139671466932106,0.9083191910663445,0.6875750722819146,0.49908340654140576,-0.03048831500848126,115,-0.2692023562894888,0.5116350884129078,-0.7826562127947088
1789036821.1101534,LIDAR_ONLY,-0.37490484788501094,1.2604707807758138,-1.1946747699525384,0.03736981850681397,-0.046873032377648206,0.4139816582009463,0.9083091996526771,0.687576944343345,0.49908564428319374,-0.03048842119250421,115,-0.26743740339131006,0.5119883671887945,-0.7826742907456974
1789036821.2962122,LIDAR_ONLY,-0.37426248795997696,1.2598640963547048,-1.195328210054805,0.037358877131666905,-0.04693009570906813,0.4139829943775642,0.9083060942118492,0.6875794109148429,0.4990885926640737,-0.030488561097366904,115,-0.2683375484907525,0.5122336864186925,-0.7827421867483341
1789036821.3975089,LIDAR_ONLY,-0.3739441232464704,1.2598732129567702,-1.1957664368008454,0.03739486986977918,-0.0469232290293791,0.4139756786576793,0.9083083021556021,0.6875808969137072,0.49909036893151737,-0.030488645383784867,115,-0.2679786779648976,0.5119866231388093,-0.782324502867975
1789036821.4965785,LIDAR_ONLY,-0.373570116844294,1.2603365705126743,-1.1961841964062792,0.03740473282385782,-0.04694444085497723,0.41398590279224046,0.9083021401078405,0.6875822046626293,0.4990919321304504,-0.030488719559800967,115,-0.2688430041328073,0.5118106561809737,-0.7828007131286231
1789036821.5926867,LIDAR_ONLY,-0.3737553328003001,1.2624771298285948,-1.1961213012085865,0.037442476889956416,-0.046948514693268925,0.41397730229581636,0.9083042943178895,0.6875834530294832,0.49909342434788145,-0.030488790367645617,115,-0.27042369350721923,0.5118223388951996,-0.7828327130506838
1789036821.6801198,LIDAR_ONLY,-0.37346125596493457,1.262168688406293,-1.1964982636327721,0.03740255803790212,-0.046995402598729454,0.41396619914976457,0.9083085746310569,0.6875846122806836,0.49909481004219447,-0.03048885612081805,115,-0.2691120047434765,0.5114957829417281,-0.7828862725858167
1789036821.7813854,LIDAR_ONLY,-0.37325419611811594,1.2637550125072436,-1.196667167904596,0.037405314436652404,-0.046971648027827585,0.4139725909305275,0.9083067767509561,0.687585994532024,0.4990964622965323,-0.030488934522646206,115,-0.26936815367198197,0.5114700783918918,-0.7825371620016001
1789036821.887079,LIDAR_ONLY,-0.3735994367868816,1.2636315536423584,-1.1978943710179506,0.03743084328867429,-0.04704341145570732,0.4139846695635577,0.9082965059801011,0.6875872728080077,0.4990979902654195,-0.03048900702695411,115,-0.27081787935738116,0.5115566467866847,-0.7827471497387789
1789036821.9802256,LIDAR_ONLY,-0.3741658903707678,1.2650542830092224,-1.1977123664698073,0.03738877536304848,-0.04701998571723053,0.41399158496466837,0.9082962996723286,0.687588476822797,0.4990994294672535,-0.030489075319140267,115,-0.27081787935738116,0.5115566467866847,-0.7827471497387789
1789036822.0970235,LIDAR_ONLY,-0.37314843285794563,1.265988137151549,-1.198573646230265,0.03744829404809965,-0.04702897149593501,0.41398792945077667,0.9082950486389213,0.6875900822621301,0.49910134850616933,-0.030489166380285135,115,-0.2698310083900464,0.51212727219133,-0.7826045014245557
1789036822.2014537,LIDAR_ONLY,-0.37350372913952967,1.2674117624831858,-1.1985250346969867,0.03745025126508248,-0.04704544828430588,0.41398967069884474,0.908293321031578,0.6875914350699674,0.4991029655656472,-0.03048924311207553,115,-0.26945057070035305,0.5119260781657723,-0.7825595685690544
1789036822.3467996,LIDAR_ONLY,-0.3744532237549713,1.267509872961912,-1.198556739138972,0.037451701184228206,-0.04701031936543209,0.4140050970259354,0.9082880487973587,0.6875935015819166,0.4991054357411201,-0.030489360325446982,115,-0.2701259556358139,0.5122175870460319,-0.7825925448667569
1789036822.4386091,LIDAR_ONLY,-0.37564817306525455,1.2683720251496895,-1.1990345931549802,0.037459570867580595,-0.04707619354274102,0.4140086258801515,0.9082827039247041,0.6875946910153737,0.4991068575133765,-0.03048942779058343,115,-0.26937447373379736,0.5119350960750365,-0.7823960423886672
1789036822.538156,LIDAR_ONLY,-0.3733006990678517,1.2682134519549366,-1.1988497444620951,0.03750320217027483,-0.04706652316087677,0.4139895717249494,0.9082900895239996,0.6875960291926918,0.4991084570844805,-0.030489503692532532,115,-0.26937447373379736,0.5119350960750365,-0.7823960423886672
1789036822.6434038,LIDAR_ONLY,-0.37579363480416195,1.2685063508728207,-1.199307795570326,0.03747473459355584,-0.04704942476611753,0.4140099615061364,0.9082828566421408,0.6875973823082777,0.4991100745118305,-0.03048958044178833,115,-0.2680659339549637,0.5120080873891515,-0.7825488811761633
1789036822.7558146,LIDAR_ONLY,-0.3733005795500036,1.2704304868707263,-1.19932111413867,0.03753539541719177,-0.04710626025728477,0.41398633852039846,0.9082881733535466,0.6875988544586007,0.4991118342256521,-0.030489663942744404,115,-0.26913703063132094,0.5127081905864487,-0.7825587222883197
1789036822.865581,LIDAR_ONLY,-0.37329826135050426,1.2710877629444943,-1.2000109935423233,0.03755010256198337,-0.047084439280603504,0.41398705900207927,0.908288368500899,0.6876003415632596,0.4991136118149276,-0.030489748291919076,115,-0.26848341463460934,0.5120412400171833,-0.7825862743366807
1789036823.0165024,LIDAR_ONLY,-0.37380123036848195,1.2718469185481296,-1.2002158907818736,0.03755239317157982,-0.047091811147404176,0.4139949810940903,0.9082842807837469,0.6876024980152078,0.49911618949891345,-0.030489870606745947,115,-0.2696927333180408,0.5124037128025272,-0.7825339395175579
1789036823.1056092,LIDAR_ONLY,-0.3739607427968169,1.2735567956554816,-1.1998951201016825,0.037572672780894725,-0.04704240157130431,0.413994961527905,0.9082860114215194,0.6876037027312785,0.4991176295390354,-0.030489938938731274,115,-0.2695981321823988,0.5119650571138467,-0.7825730150480461
1789036823.3118794,LIDAR_ONLY,-0.37464150869093243,1.2736469229261735,-1.2002324072844113,0.03756532943429314,-0.04710124374469865,0.41400647333731394,0.9082780185036934,0.6876064098265589,0.4991208654266607,-0.030490092486282434,115,-0.26965337517620713,0.5123700531386637,-0.7826809457351249
1789036823.4061105,LIDAR_ONLY,-0.37467163825493277,1.2747815975905383,-1.2002122901253138,0.03759957698252364,-0.047130489969384654,0.4140058194414284,0.9082753823563712,0.6876076593496245,0.4991223590261885,-0.030490163359744492,115,-0.26931328804133997,0.5126012480820945,-0.7825933617021656
1789036823.5025244,LIDAR_ONLY,-0.3742722538093975,1.2748022191452995,-1.2008640928935055,0.037637886858432446,-0.047148962708232905,0.41400184754533503,0.9082746473492578,0.6876090576961844,0.49912403051975396,-0.030490242674538544,115,-0.2695086834265581,0.5128089258525412,-0.7825212484011127
1789036823.595357,LIDAR_ONLY,-0.3764042457295739,1.2750371777914693,-1.2009614200028327,0.03759517160445554,-0.04711666069816167,0.41403148382082905,0.9082645835668197,0.6876102478372226,0.49912545313782725,-0.030490310179831233,115,-0.2687927688468486,0.5125464327862319,-0.7826375969767291
1789036823.6974325,LIDAR_ONLY,-0.37569363389280247,1.2751953680649515,-1.201429517290398,0.03762347782630475,-0.04712725384834891,0.41401862488252683,0.9082687235126774,0.6876116314442122,0.49912710701266116,-0.030490388658594887,115,-0.26954938583803467,0.5121466527319342,-0.7826868323368866
1789036823.8006256,LIDAR_ONLY,-0.3738361521041108,1.2767341047658833,-1.201824535721881,0.0376642416873635,-0.0472049067379362,0.4140078110328896,0.9082679307790922,0.6876130300030264,0.49912877875994716,-0.030490467985434484,115,-0.2693816009725584,0.5126382393239463,-0.7825167999110278
1789036823.9012988,LIDAR_ONLY,-0.374314470032228,1.2779264901539915,-1.2016280177626872,0.03757184280434845,-0.047190213536674665,0.4140296816038314,0.9082625518679489,0.6876143839981756,0.49913039723869446,-0.03049054478460659,115,-0.2707266824423904,0.5125344643129889,-0.7828345541875023
1789036824.0025976,LIDAR_ONLY,-0.37402122243439473,1.2778663913470985,-1.2020331641253277,0.037598851934891465,-0.047216733117325,0.4140237735670697,0.9082627490810077,0.687615782704067,0.4991320691617901,-0.030490624119792892,115,-0.2699809867880031,0.5130529233554837,-0.7824339696611661
1789036824.0989127,LIDAR_ONLY,-0.3736574133498679,1.2799891139626538,-1.2021466963463054,0.03767860728176576,-0.047209065679530676,0.414008711146146,0.9082667084981587,0.6876170029127908,0.4991335277208494,-0.030490693330546652,115,-0.27024441675240884,0.5131058322079257,-0.7827768442845209
1789036824.1990817,LIDAR_ONLY,-0.37243543885027985,1.2804520713550205,-1.202615192117556,0.037673157377587224,-0.04728440571171877,0.41401033118275077,0.9082622770233508,0.6876183571134401,0.49913514644524326,-0.030490770141380984,115,-0.27024441675240884,0.5131058322079257,-0.7827768442845209
1789036824.3008893,LIDAR_ONLY,-0.37461812808504014,1.2804202055603155,-1.2032572242080641,0.03766396409157378,-0.04727897058763375,0.4140298572414302,0.9082540404874195,0.6876197262666166,0.49913678304292863,-0.030490847800331053,115,-0.27069076755964205,0.5124550958372985,-0.7825823399283731
1789036824.4203856,LIDAR_ONLY,-0.3757991758157543,1.2819277989256765,-1.203196589674732,0.03769190891417238,-0.047258177319644205,0.4140334082711717,0.9082523446235568,0.6876213633915621,0.49913873995684066,-0.030490940658756516,115,-0.2714209416712966,0.5127878285012265,-0.7828686576164534
1789036824.5243192,LIDAR_ONLY,-0.3754647756139243,1.282007512877758,-1.203575698561557,0.03769441973466202,-0.04724694692333566,0.41403048498060885,0.9082541572896942,0.6876226731652103,0.49914030557605865,-0.030491014949678978,115,-0.2710388772365336,0.5125009736043158,-0.7825950840937504
1789036824.6523578,LIDAR_ONLY,-0.3752349215446889,1.283740826280194,-1.203869914285618,0.03767394018335268,-0.04727558501215334,0.41402926091715914,0.908254074803527,0.6876242955892986,0.4991422449175149,-0.030491106974270904,115,-0.27179723777616227,0.5126614369127102,-0.7827219694236568
1789036824.8220596,LIDAR_ONLY,-0.3751396134566059,1.2852980401646932,-1.2039079147753686,0.03776157394039496,-0.047269777408626014,0.4140185971051169,0.9082555988973556,0.6876265731064195,0.49914496731507274,-0.03049123615602633,115,-0.27159796930437846,0.5126860150563759,-0.7828530383317157
1789036824.9293609,LIDAR_ONLY,-0.3756305815006631,1.2860146545645703,-1.204362817394931,0.03778148155980505,-0.047267844071422024,0.4140245535304304,0.9082521564201835,0.6876280468994918,0.49914672899257145,-0.030491319750209453,115,-0.2711021545933058,0.5124896308596826,-0.783021994897928
1789036825.0260258,LIDAR_ONLY,-0.3740574000446906,1.286909994553497,-1.2046423601634622,0.037787348068027374,-0.04727929291395008,0.4140121853919503,0.9082569543551672,0.687629371895351,0.49914831280744804,-0.030491394904551987,115,-0.27120107988837633,0.5126568660265466,-0.7827851643356163
1789036825.1164315,LIDAR_ONLY,-0.37519928886290577,1.287892863804783,-1.2050578259194076,0.03777728290933636,-0.047298753117819184,0.4140209059382273,0.9082523846902782,0.6876306076260335,0.49914978992047193,-0.03049146499573656,115,-0.2713748643329613,0.5124851046639384,-0.7828155068002908
1789036825.213122,LIDAR_ONLY,-0.37569176011246835,1.2891780449228791,-1.2055062214210588,0.03780002658022929,-0.047300137485932946,0.4140258080052219,0.9082491317309195,0.687631843414998,0.4991512671031633,-0.030491535090228665,115,-0.2707825424107765,0.5129529963067663,-0.7829618261512433
1789036825.3118951,LIDAR_ONLY,-0.3752986279213419,1.288847610485466,-1.205544042236517,0.037827122994804355,-0.04726883703601327,0.4140099474568342,0.908256863017279,0.68763316860286,0.4991528511475512,-0.03049161025546724,115,-0.2707825424107765,0.5129529963067663,-0.7829618261512433
1789036825.4201066,LIDAR_ONLY,-0.37603721435537635,1.2896700945128923,-1.2063243071080267,0.03784167755115814,-0.04734334241488938,0.414024292496996,0.9082458370900814,0.6876346129850546,0.4991545776691839,-0.03049169218146295,115,-0.27005719484513263,0.5127473171685129,-0.7827473469852246
1789036825.5335577,LIDAR_ONLY,-0.375891197531273,1.291191239084701,-1.2062773079312177,0.03785228230085736,-0.047370603310000356,0.41402280408904524,0.9082446522611113,0.6876360723386297,0.49915632208664423,-0.030491774956644305,115,-0.2708854514957723,0.5129236159835404,-0.7832091225302138
1789036825.6426413,LIDAR_ONLY,-0.3755435024222718,1.290604965827722,-1.2065392651821643,0.03783914130972686,-0.047350917859253265,0.41402606325234004,0.9082447406457129,0.6876375466660752,0.4991580844029082,-0.030491858581152553,115,-0.27035227675873497,0.5122918526443669,-0.7833193921087057
1789036825.7573004,LIDAR_ONLY,-0.3761205723092736,1.2914327577657507,-1.2070021742471486,0.037851984928831996,-0.04736441927356559,0.4140324667288368,0.9082405823999827,0.6876390359699072,0.49915986462098233,-0.030491943055130442,115,-0.271325899471978,0.5119593484969731,-0.7831636059964246
1789036825.9028003,LIDAR_ONLY,-0.3779617481684109,1.292464952588967,-1.2073270030673176,0.03788977273651023,-0.04741912456855066,0.4140459302926682,0.908230014564156,0.6876410019805275,0.4991622146637127,-0.030492054568133746,115,-0.27036214070040016,0.5125077877858454,-0.7830391574476766
1789036826.003311,LIDAR_ONLY,-0.3785026346055157,1.2927448989394252,-1.2078492009592592,0.03792025595689812,-0.04743206085780359,0.41404449866503445,0.9082287194953512,0.6876424318990388,0.4991639238963944,-0.030492135673754972,115,-0.2714454792413251,0.5123423812180165,-0.783108192176084
1789036826.1043968,LIDAR_ONLY,-0.37713863309615286,1.2935251849322593,-1.207903849167431,0.03791968881714011,-0.047488901685041864,0.4140506574766341,0.9082229651687557,0.6876436980378149,0.49916543735730845,-0.03049220748971771,115,-0.27068868285184444,0.5126715713169779,-0.7830640387011623
1789036826.202511,LIDAR_ONLY,-0.3761571183926784,1.2947991665618477,-1.2079944517842176,0.03790606483922648,-0.047490982045414465,0.41403846465840427,0.9082289836027464,0.6876450089282564,0.49916700431148764,-0.030492281844016943,115,-0.27068868285184444,0.5126715713169779,-0.7830640387011623
1789036826.3147926,LIDAR_ONLY,-0.3767426662207933,1.2956150757659626,-1.2081103759735707,0.03788533163105314,-0.04747228585793239,0.4140563799777189,0.9082226587805299,0.687646528451451,0.4991688206518517,-0.030492368032062636,115,-0.27015671135564495,0.5121553460401989,-0.7830331434483272
1789036826.4740357,LIDAR_ONLY,-0.377257265205328,1.295800519109453,-1.2081415573427448,0.03790678186512515,-0.04751278155541694,0.4140676524083899,0.908214506989677,0.6876487632043301,0.4991714919318133,-0.030492494788265212,115,-0.27022911908003644,0.5125295271831583,-0.7830907709435448
1789036826.562813,LIDAR_ONLY,-0.37795479818023514,1.2977342344175626,-1.2085774435242231,0.037954171156017874,-0.04750212394550198,0.4140666452353863,0.9082135445015335,0.6876499849497375,0.49917295232775133,-0.030492564086224132,115,-0.27052450578431814,0.5127621515409342,-0.7827918479996722
1789036826.6611743,LIDAR_ONLY,-0.37578578601135515,1.2984459413591467,-1.2084946548494304,0.037972478944793116,-0.04754852909063961,0.4140559827228585,0.9082152120480652,0.6876512365528191,0.4991744484136348,-0.03049263507772565,115,-0.27052450578431814,0.5127621515409342,-0.7827918479996722
1789036826.76756,LIDAR_ONLY,-0.3768873084828228,1.2999341196582619,-1.2085601224124323,0.037957211235374794,-0.04758054586713544,0.41407122163509813,0.9082072259037781,0.6876525925235477,0.49917606925389674,-0.030492711989009852,115,-0.2698598987328366,0.5126442858254248,-0.7832783322838222
1789036826.8840647,LIDAR_ONLY,-0.37914819496441043,1.2992403676280195,-1.208732385614844,0.037962334068541236,-0.047574040512593875,0.4140885240976678,0.908199463813974,0.6876541124861346,0.4991778861194868,-0.030492798201990017,115,-0.26962663273188764,0.5125590718521231,-0.7830504331326184
1789036827.0008528,LIDAR_ONLY,-0.37944380819838325,1.2982659093332818,-1.2095365965181497,0.037955347263093894,-0.04752067831605782,0.41408720927435333,0.9082031490046143,0.6876555729252922,0.4991796318345958,-0.030492881038775996,115,-0.2711543466162091,0.5128525265857354,-0.7829826995766453
1789036827.1148062,LIDAR_ONLY,-0.38000245786376485,1.3000718355191903,-1.2097228423539557,0.037955236980568345,-0.04758923643828838,0.41410542656043026,0.9081912575301382,0.6876570930605463,0.4991814489065826,-0.030492967261554496,115,-0.2699804012695481,0.5125402173096412,-0.7828879377476265
1789036827.230058,LIDAR_ONLY,-0.3787049873303327,1.3009697493315866,-1.2102355866936905,0.03801412418830725,-0.04765084150588858,0.41408285913811943,0.9081958541162677,0.687658568570157,0.49918321263594395,-0.030493050953148068,115,-0.27052798163719977,0.5125393114895245,-0.7828229211384197
1789036827.3449764,LIDAR_ONLY,-0.3805369595424521,1.3015100256786043,-1.2098513906702406,0.037993652564123466,-0.04762532659516061,0.4141138948683059,0.9081838980672046,0.6876600590681284,0.4991849942814299,-0.0304931354948906,115,-0.27129012655211626,0.5126546817145927,-0.7830233737339576
1789036827.4530692,LIDAR_ONLY,-0.38051364248564057,1.3027912437151647,-1.2100661462634252,0.03803046673690095,-0.04767397561407809,0.4141074272598324,0.9081827538205978,0.6876615496507497,0.4991867760281007,-0.03049322004143682,115,-0.2716028145847526,0.5129803971126298,-0.7829126060724209
1789036827.5982897,LIDAR_ONLY,-0.38033674593900946,1.3019013184935426,-1.2102982651076424,0.03803271518015486,-0.047615253162996994,0.4141072361244185,0.9081858274778593,0.6876635471641801,0.49918916372728345,-0.030493333341340037,115,-0.27101490185500055,0.512560034982403,-0.78285834309377
1789036827.6929262,LIDAR_ONLY,-0.38033960233404557,1.3017604743419409,-1.210845279204449,0.038027612005208274,-0.04761484520334844,0.41411277997901136,0.9081835346996209,0.6876648441386111,0.49919071404716764,-0.030493406906343168,115,-0.27061008128284136,0.5125254826055775,-0.782697918059565
1789036827.8959963,LIDAR_ONLY,-0.3803926429795493,1.3021859277810874,-1.2112286188154318,0.0380239790414455,-0.04764916731365604,0.4141085376945492,0.9081838210850561,0.6876674979181481,0.4991938862046817,-0.030493557429978863,115,-0.2699195873350974,0.5125871592101197,-0.7825404179272781
1789036828.002203,LIDAR_ONLY,-0.38134774806048083,1.302663969821923,-1.2115810146312387,0.038056616356249746,-0.04753774983789386,0.4141106193480662,0.9081873436879774,0.6876689143709445,0.4991955793413263,-0.030493637771856964,115,-0.2704578729104719,0.5123808963075424,-0.7826329808642133
1789036828.1018457,LIDAR_ONLY,-0.3823868119695681,1.3041925619551529,-1.212296279213006,0.03807622601386985,-0.0475724549462691,0.41411737896410067,0.908181622244598,0.6876702265217064,0.49919714780202273,-0.030493712197675715,115,-0.27118298680080277,0.5122698330086454,-0.7827014381862083
1789036828.2052069,LIDAR_ONLY,-0.3813296162383905,1.3050943950053415,-1.2124703260100784,0.038057542039425636,-0.04757893557682301,0.41412319287665234,0.9081794148211799,0.6876717475057684,0.4991989658886258,-0.030493798468621214,115,-0.27057678924201883,0.5122871893199307,-0.7823988434686846
1789036828.3058474,LIDAR_ONLY,-0.3819095307229798,1.3061752182743598,-1.2126020482489246,0.03806670879697577,-0.04760224704175855,0.41412120113529044,0.9081787172843272,0.6876730747108853,0.4992005523443311,-0.030493873748333872,115,-0.2708176520414084,0.5121559897586704,-0.7824346227578586
1789036828.4029198,LIDAR_ONLY,-0.38240428455398545,1.3061413822520358,-1.212988959189736,0.03804780117421964,-0.04760304242547943,0.4141311227710434,0.908174943681029,0.6876742975884464,0.49920201409358084,-0.03049394311053883,115,-0.27154915013805864,0.5121160783263099,-0.7825850189027529
1789036828.4985464,LIDAR_ONLY,-0.3844148675493687,1.3067524851012713,-1.2135998546194064,0.03806685472404603,-0.047574922942731114,0.4141472749526422,0.9081682530939473,0.6876755652655278,0.4992035293932984,-0.03049401501379577,115,-0.2718570682014701,0.5123295844220036,-0.7825361479591656
1789036828.5931253,LIDAR_ONLY,-0.3841081261992226,1.3076906608982573,-1.2139706254346632,0.03808913146365716,-0.04760248594786252,0.41414655649763005,0.90816620237547,0.6876768628336596,0.4992050804228573,-0.03049408861248916,115,-0.2705107925883516,0.5121051332138669,-0.7828339387434411
1789036828.6855488,LIDAR_ONLY,-0.3857735587244371,1.3083026984603208,-1.2142537923396508,0.03807256156925733,-0.04759976478194823,0.4141622973096976,0.9081598614425832,0.6876780560563232,0.49920650672454864,-0.030494156292658364,115,-0.2705107925883516,0.5121051332138669,-0.7828339387434411
1789036828.790959,LIDAR_ONLY,-0.3854433526460731,1.3089006667688245,-1.2146850754145624,0.0381453764755812,-0.0475989794342259,0.4141450056727013,0.9081647326816399,0.6876794581622048,0.4992081827118158,-0.030494235820787002,115,-0.270612787690761,0.5119147481376931,-0.7828045035027369
1789036828.901242,LIDAR_ONLY,-0.3856719291529302,1.3100401655635485,-1.2149580351044535,0.038173585966748004,-0.0475901282715149,0.41414253678849683,0.9081651371022391,0.6876809200118361,0.49920993011292203,-0.03049431873761218,115,-0.27070156182632227,0.5124730880144575,-0.7826924840815213
1789036829.0109425,LIDAR_ONLY,-0.38492214491175164,1.3102804883586805,-1.2156759564464765,0.03819151420420901,-0.04760175804425029,0.41411633078859134,0.9081757238817169,0.6876824117789724,0.49921171327549096,-0.03049440335137489,115,-0.2699732364298612,0.5126128592131035,-0.7827233382930131
1789036829.1252878,LIDAR_ONLY,-0.3841311506212242,1.3119269621574337,-1.2153551174127548,0.03817690208158156,-0.04762420725550329,0.41412377648107607,0.9081717661234521,0.6876839185497429,0.49921351437243977,-0.03049448881615329,115,-0.2703516657471341,0.5123785713799008,-0.782717562921236
1789036829.2355125,LIDAR_ONLY,-0.38396339818999636,1.3123148117775427,-1.2157367788356572,0.03822171055040681,-0.04767176068315628,0.41412023216334237,0.9081690026580672,0.6876853955673122,0.49921527990432446,-0.03049457259331751,115,-0.2702457202118953,0.5116476543047027,-0.7830012354087192
1789036829.3464026,LIDAR_ONLY,-0.3838907220964812,1.3130000840322567,-1.2159204378961517,0.038152650454551656,-0.047711872758652386,0.41414655353824087,0.9081577972211393,0.6876869025091608,0.4992170812057695,-0.030494658067803722,115,-0.2698619232105192,0.5115439110324281,-0.7828369427059576
1789036829.59809,LIDAR_ONLY,-0.3841361121257992,1.3133390317575546,-1.2163134002811617,0.03819876762522518,-0.04768723556034855,0.4141383936382081,0.9081608737615217,0.6876903643265169,0.49922121923976936,-0.030494854423802627,115,-0.27087713480839687,0.5117449167750328,-0.7827738475307566
1789036829.69926,LIDAR_ONLY,-0.3848161327222156,1.3139161214739823,-1.2169297433107567,0.03821773121774446,-0.04770309772072567,0.4141397570276347,0.9081586211326229,0.6876917372423967,0.4992228603351841,-0.030494932296275895,115,-0.27105673117274665,0.5122374026306404,-0.7829717881994585
1789036829.799485,LIDAR_ONLY,-0.38517454321643535,1.3143800449213987,-1.217233957523415,0.03822791501459225,-0.04770711041106277,0.4141476664030513,0.9081543748409578,0.6876930206851175,0.4992243944801341,-0.030495005093788552,115,-0.27105673117274665,0.5122374026306404,-0.7829717881994585
1789036829.9068246,LIDAR_ONLY,-0.38405038600184194,1.31492362886879,-1.2178178621218465,0.03825567793985871,-0.04765810923111236,0.4141325529166205,0.9081626706403648,0.6876944534393642,0.4992261071024867,-0.030495086360327377,115,-0.2694248626816859,0.5119224602835104,-0.7828748658915058
1789036830.0129087,LIDAR_ONLY,-0.3867403106492361,1.3144219015651855,-1.2184024442829635,0.03822193589106497,-0.04769526295797535,0.41416294349260274,0.9081482818051534,0.6876958564202101,0.49922778413562907,-0.030495165938105757,115,-0.2700435540339142,0.5118584190516327,-0.7828573104454062
1789036830.1152945,LIDAR_ONLY,-0.38466471331548147,1.3148259950893493,-1.218649130482416,0.03826449610967426,-0.04769344377927349,0.41414725722045675,0.9081537386889508,0.6876971549904574,0.4992293363630513,-0.030495239593664146,115,-0.26982154546916215,0.511315561789219,-0.7829395371069341
1789036830.2238085,LIDAR_ONLY,-0.3836462101837492,1.3152903180542073,-1.2186316311460255,0.038239558086536354,-0.04770362473511125,0.4141419401924115,0.9081566790802914,0.687698632751839,0.49923110278403976,-0.03049532341303575,115,-0.2701894408035661,0.5118061988721708,-0.7830289331590069
1789036830.330857,LIDAR_ONLY,-0.3836563530342522,1.3152533290731763,-1.2188134441417788,0.03821625565576591,-0.047744242156305676,0.41414510400189064,0.9081540827281658,0.6877001553807125,0.4992329228367443,-0.030495409777316226,115,-0.26953127330576054,0.5117990387271133,-0.7828263087607958
1789036830.4322717,LIDAR_ONLY,-0.38325064354628013,1.3168259034425402,-1.21938144127073,0.03827763594970786,-0.0477266069818684,0.4141335822737425,0.908157678823021,0.6877014989499759,0.4992345288530975,-0.030495485985246686,115,-0.26899671543034337,0.5118006403631086,-0.782871132329974
1789036830.5324032,LIDAR_ONLY,-0.38270387363800823,1.3167515734602588,-1.2195128998355156,0.03821271017925857,-0.04771749813944069,0.4141342132548915,0.9081606039483439,0.6877028276581776,0.4992361171054924,-0.030495561350251783,115,-0.27086598887914676,0.5118018666465277,-0.7828691174517547
1789036830.6325283,LIDAR_ONLY,-0.38390320972581865,1.3177111863634574,-1.2198286002443786,0.038245548567941975,-0.0477162878551193,0.414146470120397,0.908153695788813,0.6877040668510224,0.49923759835698217,-0.030495631637901692,115,-0.2705647890546802,0.5119621800987773,-0.7828859869548037
1789036830.7318108,LIDAR_ONLY,-0.38444832798078205,1.3180627293748695,-1.219991606489219,0.038289158803229376,-0.04768963048078385,0.4141375126365504,0.9081573432450779,0.6877053807577875,0.49923916891669023,-0.030495706163364736,115,-0.2701560715308924,0.5120607028058417,-0.7828977072900063
1789036830.8309932,LIDAR_ONLY,-0.38480775758183094,1.3179310029851412,-1.2202159343725274,0.03822962689621864,-0.04775353951095913,0.4141621874097085,0.9081452403726823,0.6877067693896592,0.49924082879798803,-0.030495784927275678,115,-0.27058700179021505,0.5119130097984333,-0.7829282293354098
1789036830.926303,LIDAR_ONLY,-0.38678430349478254,1.3205416767912652,-1.2205276167995758,0.038276312245993004,-0.04775426741412071,0.4141732530266611,0.9081381890119485,0.6877080535660707,0.49924236381994136,-0.03049585776642092,115,-0.27071846800464594,0.5120708387283547,-0.7826741334710787
1789036831.0269582,LIDAR_ONLY,-0.3855424807495134,1.3201104325402226,-1.220564313930143,0.03829529401130167,-0.047733104202481086,0.41416094109530055,0.9081441163663608,0.6877094423389987,0.49924402386984756,-0.030495936538335912,115,-0.27071846800464594,0.5120708387283547,-0.7826741334710787
1789036831.1292121,LIDAR_ONLY,-0.38752664389149377,1.3198767243716136,-1.2212053099958033,0.03825866739277343,-0.04775952604421484,0.41418862205908674,0.9081316465128588,0.6877107863825811,0.4992456304531682,-0.03049601277318098,115,-0.27133991717911754,0.5120425291608464,-0.7832045400918077
1789036831.248628,LIDAR_ONLY,-0.3885385213213608,1.3213213900460927,-1.222505546982592,0.03837226937632287,-0.04777327852955666,0.41417703582603865,0.908131414386599,0.687712309714952,0.49924745134678394,-0.03049609917738045,115,-0.27040159489180987,0.5119962626102601,-0.7831051058240686
1789036831.3563504,LIDAR_ONLY,-0.38875085183982067,1.3216337661907815,-1.221796903959327,0.03829550866295825,-0.04772313040895169,0.4141893403931764,0.9081316794082679,0.6877137883277444,0.49924921878548895,-0.03049618304506433,115,-0.2710941375860662,0.5114544602066958,-0.782933803474742
1789036831.4672866,LIDAR_ONLY,-0.38951336067789827,1.3229018399174683,-1.222307688767016,0.03832176003046088,-0.04777353201580005,0.41419545754666737,0.9081251319584819,0.6877152670235962,0.499250986323477,-0.030496266917461205,115,-0.2708301686850951,0.51195709100384,-0.7827534593283607
1789036831.5827112,LIDAR_ONLY,-0.388127609508639,1.3228764818607217,-1.2223510227588652,0.03831609686819664,-0.04776459460571922,0.4141930990191995,0.9081269167620846,0.6877167308649341,0.49925273610533283,-0.030496349947304165,115,-0.2704650970234762,0.5111231578336909,-0.7831362426132434
1789036831.6908102,LIDAR_ONLY,-0.38715976636755284,1.322832553962485,-1.2226718117831077,0.03836743086370541,-0.04779398110717778,0.4141818355692036,0.9081283404361803,0.687718254541344,0.4992545574101877,-0.03049643637102553,115,-0.26998244675159594,0.5119292819444891,-0.7829777718532559
1789036831.7992857,LIDAR_ONLY,-0.38837623870265636,1.3234497847771332,-1.2226633530002198,0.03836442814790819,-0.047714566945180906,0.4141797959493585,0.9081335735350089,0.6877197484273476,0.49925634310550465,-0.030496521105021407,115,-0.26894014607629735,0.5119298153628317,-0.7830854859258614
1789036832.0220654,LIDAR_ONLY,-0.38843710575080653,1.322611162829595,-1.22315875885781,0.03838760744453452,-0.04773838711427664,0.41418701281576636,0.9081280506653036,0.6877227364536285,0.49925991480007836,-0.03049669058744138,115,-0.2706167727236221,0.5116686469406025,-0.7831732767136396
1789036832.1231587,LIDAR_ONLY,-0.3878082822333192,1.3242828878999753,-1.2234364726731781,0.03839695971138079,-0.04776050839076452,0.41418441293690395,0.9081276779194051,0.6877240662343315,0.49926150433446337,-0.030496766013303672,115,-0.2712042687482858,0.5116708506214153,-0.7833038661285139
1789036832.2292097,LIDAR_ONLY,-0.38802233761416194,1.3235844506214667,-1.2237099374233922,0.03838287362017899,-0.047749683790489106,0.4141891281511589,0.9081266920600608,0.687725500679799,0.49926321897838044,-0.030496847375808156,115,-0.2705735169097717,0.512298535061487,-0.7830841850402029
1789036832.3241725,LIDAR_ONLY,-0.38891705540866245,1.3252147544317958,-1.2239550921515532,0.038425548897935285,-0.0477620067336772,0.41419113992894374,0.9081233217515267,0.6877268455433758,0.49926482654186166,-0.030496923657182123,115,-0.27084485074311526,0.5124351428351354,-0.7832486405289185
1789036832.4178274,LIDAR_ONLY,-0.38939056333994054,1.3261831397163721,-1.223738292426318,0.03840594924592706,-0.04781987569453929,0.4141960703116843,0.908118856697424,0.6877280111473505,0.4992662198299356,-0.03049698977085772,115,-0.27084045134994456,0.5120730302103668,-0.7830785072334855
1789036832.5159912,LIDAR_ONLY,-0.3895674243074125,1.3262742729415724,-1.2242326385432856,0.038396929617906334,-0.04781197752694849,0.41420021924032047,0.9081177616268447,0.6877293411943721,0.49926780968265755,-0.030497065211831542,115,-0.27186748341313055,0.5123458404159158,-0.7830442616839676
1789036832.615869,LIDAR_ONLY,-0.38922053744503804,1.3282291232695318,-1.224314838221766,0.03842312044137116,-0.047848541034796827,0.4142027652719927,0.9081135667841461,0.6877307011995215,0.4992694353453994,-0.030497142352047847,115,-0.27154373347950356,0.5118601693075616,-0.7832380125238256
1789036832.7090292,LIDAR_ONLY,-0.3873387554222326,1.3298686935660018,-1.2246914297086895,0.038522973448039455,-0.04788540951238225,0.4141825124645219,0.9081166304176626,0.687731956651202,0.49927093603164374,-0.03049721356193704,115,-0.2712305960899947,0.5118792297517788,-0.782959861305704
1789036832.802719,LIDAR_ONLY,-0.3885599669030907,1.3307227509240396,-1.2243444706188706,0.03847676517130979,-0.04790309794489021,0.4141912578720577,0.9081136678035391,0.6877331972157864,0.4992724189228094,-0.03049728392742341,115,-0.2712305960899947,0.5118792297517788,-0.782959861305704
1789036832.9170496,LIDAR_ONLY,-0.3877432876090844,1.33164693029164,-1.224619305552166,0.03848456986901865,-0.047940457881502925,0.41418395854803886,0.9081146947724087,0.6877347068972537,0.49927422349899786,-0.030497369557364977,115,-0.26983000693496223,0.5117622995811589,-0.7828223244537958
1789036833.029393,LIDAR_ONLY,-0.3884785668008901,1.3323218778827413,-1.2249807937860433,0.03846794668290027,-0.04794212617780852,0.4142038070391385,0.9081062580171094,0.6877362017165894,0.4992760103099488,-0.030497454344320288,115,-0.2695961278406433,0.5117410822211997,-0.782906541537002
1789036833.1774454,LIDAR_ONLY,-0.38811281358584404,1.3330008422291446,-1.2254856179559592,0.03851924646631056,-0.04795257963437624,0.41420070611675947,0.908104945923352,0.6877383095559142,0.4992785298855883,-0.03049757390210156,115,-0.268633684203795,0.5116883443507626,-0.7829625817370203
1789036833.269205,LIDAR_ONLY,-0.3883491051378197,1.333084962113036,-1.2259377921852281,0.03853372935839402,-0.04796900431230563,0.4142019851982599,0.9081028806169709,0.6877395653701084,0.499280031005153,-0.030497645132560404,115,-0.26980076390890206,0.5117490607207459,-0.7828096812177848
1789036833.3660336,LIDAR_ONLY,-0.38796029817541605,1.3342570470613198,-1.2261308485346036,0.03856781882815235,-0.04795454792166602,0.4141962519354691,0.9081048119942307,0.6877408361953763,0.49928155006798874,-0.030497717214456807,115,-0.26980076390890206,0.5117490607207459,-0.7828096812177848
1789036833.464209,LIDAR_ONLY,-0.3891603301555235,1.335878133573917,-1.22624729783435,0.038582726517433254,-0.04800351043052587,0.41420930086111574,0.9080956399416161,0.6877421668898446,0.49928314069461793,-0.03049779269216791,115,-0.26935453516888624,0.5118099923505621,-0.7829340428607876
1789036833.5769715,LIDAR_ONLY,-0.3893317418028538,1.3359216140698045,-1.2266948184659032,0.03861698538076776,-0.04797466131007975,0.41420752317037796,0.9080965191329309,0.6877436621323052,0.49928492801133834,-0.030497877503132022,115,-0.2706331033908052,0.5122414454356589,-0.7831743571841657
1789036833.6870005,LIDAR_ONLY,-0.3892681827756266,1.3351742292004258,-1.2273938753006821,0.03856260194290681,-0.04795732596424049,0.414214730326971,0.90809645842163,0.6877451724132705,0.4992867333041186,-0.030497963167090004,115,-0.2692984736207088,0.5124474303363005,-0.782966273116961
1789036833.798618,LIDAR_ONLY,-0.3908930951721624,1.3362514249684905,-1.2277543357797063,0.038596328376751185,-0.04799212335900118,0.41423379755282935,0.9080844897344575,0.6877466379170994,0.49928848507318774,-0.030498046291266206,115,-0.2709110229967111,0.5123111346541954,-0.7829055714183385
1789036833.9117832,LIDAR_ONLY,-0.39259315498884967,1.336902640034131,-1.2284858770124147,0.0386083739149511,-0.047976736569041105,0.4142422293646776,0.9080809444222525,0.6877481334131312,0.4992902726930063,-0.030498131116618178,115,-0.27090600343076726,0.5120569894631654,-0.783110408301524
1789036834.0664248,LIDAR_ONLY,-0.39318055756746007,1.33910556781588,-1.2285539091474642,0.03866332102591372,-0.04803567562902035,0.4142450409980923,0.9080742081364274,0.687750287076416,0.4992928470436461,-0.03049825327357949,115,-0.27205125525631646,0.5121713021389778,-0.7831788004750411
1789036834.1652422,LIDAR_ONLY,-0.39253959841805464,1.3400941249822165,-1.228360664929744,0.03870270851377267,-0.048002355426291554,0.41423660770712245,0.9080781392933769,0.6877516332052803,0.4992944561195515,-0.030498329626747922,115,-0.27133454923536654,0.5122864428421364,-0.7831409347821521
1789036834.3694975,LIDAR_ONLY,-0.39349192854022075,1.3402104473198606,-1.2288937320790736,0.03871541747465683,-0.04799162920785455,0.41424843421916685,0.9080727695084285,0.6877543555869308,0.4992977102795575,-0.030498484041734324,115,-0.27035706895622,0.511859940023816,-0.783273340712856
1789036834.4726968,LIDAR_ONLY,-0.3927075324193691,1.3419439930408312,-1.2290755731228502,0.03874791681641601,-0.04802388063087072,0.4142448320041967,0.9080713215322654,0.6877557468025064,0.4992993732492148,-0.030498562952250084,115,-0.2698777174199717,0.5121428736424596,-0.7830800208576458
1789036834.5765774,LIDAR_ONLY,-0.39457468428530773,1.3418230958935835,-1.229544507526795,0.038751591135569544,-0.04801354306360964,0.41425577110059075,0.9080667211041243,0.6877571530519441,0.4993010541893829,-0.030498642715496356,115,-0.26996598681153666,0.5119660702189406,-0.7831885303083755
1789036834.671367,LIDAR_ONLY,-0.3939357068811282,1.34257999188875,-1.22956278432666,0.03875980807205905,-0.04801444397260747,0.4142457560339205,0.9080708915366158,0.6877583948025895,0.49930253849826933,-0.030498713148281245,115,-0.2698342308973203,0.5117713634624103,-0.7833835329028289
1789036834.7765203,LIDAR_ONLY,-0.39144138510597054,1.344630307014488,-1.2294696049835916,0.03879960988169884,-0.04808664775775551,0.41422728937940695,0.9080737950815664,0.6877599358515195,0.49930438056908105,-0.030498800557432496,115,-0.2700861816893837,0.5115695279941577,-0.7833677984201348
1789036834.871844,LIDAR_ONLY,-0.39054537663917305,1.3472484297850307,-1.2290348304414336,0.03883523911257086,-0.04810822745745647,0.4142132885582785,0.9080775155435286,0.6877612375843251,0.4993059365767824,-0.03049887439244158,115,-0.2711197316300621,0.512318574782431,-0.7832606345379979
1789036834.9700642,LIDAR_ONLY,-0.3933726630335978,1.3468468973167742,-1.2303359819536748,0.0388629719666598,-0.048058846178418935,0.4142246511890604,0.9080737608042746,0.6877624346366801,0.49930736745620263,-0.030498942289918417,115,-0.2699433665899363,0.5120391479696264,-0.7832464304633919
1789036835.074502,LIDAR_ONLY,-0.39246266197545887,1.3480044263246354,-1.2302488878117723,0.03887668036822372,-0.0481403123239186,0.4142244599630418,0.9080689460725044,0.6877638562068764,0.4993090667098129,-0.0304990229221737,115,-0.2683713669141477,0.5116588543597467,-0.7832017152614124
1789036835.1806598,LIDAR_ONLY,-0.3936718565936727,1.3493959624320158,-1.2303798723461183,0.03889874292878588,-0.04807630942097457,0.41422520991382095,0.9080710499420571,0.6877652928187545,0.4993107839432808,-0.030499104407603124,115,-0.26990442786154234,0.5113812176031883,-0.7832011391081617
1789036835.2960823,LIDAR_ONLY,-0.3946216361405184,1.3485202955637152,-1.2310049585501472,0.038848967539322134,-0.04807340032349953,0.41423620844725323,0.9080683176467006,0.6877668642025309,0.4993126622744086,-0.030499193537371697,115,-0.27088537677349106,0.5116671683880394,-0.7831643549434351
1789036835.396914,LIDAR_ONLY,-0.3938322473078669,1.3507346340231114,-1.2313291117072003,0.0388916081080261,-0.048099042929626176,0.41423046492670595,0.9080677545286094,0.6877682261441399,0.4993142902518345,-0.030499270787464658,115,-0.27041746544189293,0.5119660843209408,-0.7833595920127937
1789036835.5001035,LIDAR_ONLY,-0.39395612306876154,1.3520305056203106,-1.2315813344615565,0.03895011166099864,-0.048197232746582615,0.4142223752166787,0.9080637309280779,0.6877696480262813,0.49931598987831766,-0.030499351437419726,115,-0.27066902597990394,0.511592987808502,-0.7830610153106533
1789036835.5908637,LIDAR_ONLY,-0.39319306056025993,1.354997795796627,-1.2314047460535866,0.03897907810215662,-0.04817877336825001,0.41420239441208023,0.908072581752327,0.6877708903649408,0.4993174748900655,-0.03049942190356869,115,-0.27039265262250767,0.5118962113863169,-0.7830859988359048
1789036835.6815104,LIDAR_ONLY,-0.3935795172469779,1.3548964883074113,-1.2320026450959263,0.03898216027729419,-0.048164950207299835,0.4142079463586172,0.9080706502938087,0.6877721028240917,0.49931892418576884,-0.030499490674936187,115,-0.27039265262250767,0.5118962113863169,-0.7830859988359048
1789036835.795718,LIDAR_ONLY,-0.393157867780559,1.3553852110630307,-1.2320229689688507,0.03896965066426076,-0.04817119746002226,0.41421456727179534,0.908067835749187,0.6877735997640406,0.49932071353152285,-0.03049957558221658,115,-0.2697192647990188,0.5119059855102621,-0.7832712184883401
1789036835.9071748,LIDAR_ONLY,-0.39390688720188427,1.3564715580882103,-1.2318630367903205,0.038945865078058965,-0.048175540241480734,0.41422755625288593,0.908062700784767,0.6877750668475258,0.4993224671887777,-0.03049965879602301,115,-0.2704369171366965,0.5122461994586428,-0.7830772413876426
1789036836.019061,LIDAR_ONLY,-0.39367730764239633,1.3561725800424256,-1.233076864590406,0.039005870185220996,-0.04823465467958218,0.4142288441021243,0.9080563996211101,0.6877766238415932,0.49932432831935886,-0.030499747109610335,115,-0.27008153799187107,0.5121571359233855,-0.7829476219969842
1789036836.1448026,LIDAR_ONLY,-0.3947019359087498,1.3580060068285364,-1.2329421627590271,0.03896730633845635,-0.04821263312578163,0.41423913394055306,0.908054530827298,0.6877783605971168,0.4993264043252219,-0.030499845619371503,115,-0.27061348053651385,0.5119888116643263,-0.7829248491891139
1789036836.2637973,LIDAR_ONLY,-0.39367141040884235,1.357470078504496,-1.2336037331636704,0.03900204906256477,-0.04822061420469217,0.4142298122731891,0.9080568678000086,0.6877799177853715,0.4993282656879173,-0.030499933943976834,115,-0.27170766934872476,0.5125253082824385,-0.7832023358689499
1789036836.3840666,LIDAR_ONLY,-0.3942023116863536,1.3590289791915537,-1.233995233149072,0.03904707727354677,-0.04827901555688723,0.4142325537867954,0.9080505788757149,0.6877815649113106,0.4993302345563342,-0.03050002736990083,115,-0.27043066776639074,0.5124305933429667,-0.7830147852442929
1789036836.4957392,LIDAR_ONLY,-0.3941984046856677,1.357574076160841,-1.2345556708566747,0.03901156835541471,-0.04823704210018413,0.4142436708345607,0.9080492643449385,0.687783092338045,0.49933206034401734,-0.030500114006419242,115,-0.2700473536992342,0.5123636325438444,-0.7827259993929798
1789036836.5882187,LIDAR_ONLY,-0.3965125364994545,1.356993036387295,-1.235232848149474,0.03897431581453157,-0.04821901092802277,0.41425668497164964,0.9080458846601376,0.6877843502851966,0.49933356401313655,-0.030500185357902707,115,-0.27150663556571414,0.5129094301736399,-0.7830945169304532
1789036836.6832962,LIDAR_ONLY,-0.39831331746210336,1.3559271799940835,-1.2359556423150313,0.03893200064589389,-0.04813430707009226,0.41427266167219295,0.9080449050568077,0.687785623268879,0.4993350856559564,-0.030500257562268,115,-0.27150663556571414,0.5129094301736399,-0.7830945169304532
1789036836.7883804,LIDAR_ONLY,-0.3979735036315459,1.3574472379387408,-1.2361367821026876,0.03901187647939135,-0.04820588117158285,0.41426643120277923,0.9080405224947514,0.6877870460879276,0.4993367864023342,-0.0305003382653826,115,-0.2712024034239661,0.5123100913288168,-0.7827387870277166
1789036836.900627,LIDAR_ONLY,-0.39776343502602113,1.3585319592180767,-1.2366148726162827,0.039023492927514246,-0.04821810990821609,0.4142684211796344,0.9080384661950994,0.6877885888098821,0.49933863047293114,-0.030500425769460562,115,-0.27097307987639235,0.5126637854213741,-0.7826147804495753
1789036837.0138438,LIDAR_ONLY,-0.3974662988928961,1.3597544884744035,-1.236946367953257,0.03906674571327809,-0.048286406444029525,0.41426229928616926,0.9080357700675851,0.6877900417468866,0.4993403672203718,-0.030500508180885913,115,-0.272013764645113,0.5126726991088149,-0.7827410038802891
1789036837.1236336,LIDAR_ONLY,-0.3982469578002271,1.3600880013333165,-1.2376129424892608,0.0390821582913077,-0.04827514455636597,0.41427141220611385,0.9080315481028769,0.6877915397037121,0.4993421577816084,-0.03050059314586303,115,-0.27070352275155923,0.5125589440689539,-0.7828556598131868
1789036837.2589142,LIDAR_ONLY,-0.3960819047490352,1.3613931930860939,-1.2375392490754165,0.03908150382944648,-0.04831983019701072,0.4142621082949874,0.9080334441523359,0.6877934572123376,0.49934444984807647,-0.03050070190806304,115,-0.2705928237648792,0.5129886619925681,-0.782934379267195
1789036837.3605242,LIDAR_ONLY,-0.39729291857766064,1.361188744777821,-1.238015813381447,0.03907836428750926,-0.048282171544195514,0.4142670942691428,0.9080333077378774,0.6877947156529729,0.499345954107061,-0.030500773287546176,115,-0.2704436725590498,0.5122124966681096,-0.7831156820635038
1789036837.456437,LIDAR_ONLY,-0.39542536718087723,1.3611856693937017,-1.2385293531947883,0.039129318367938135,-0.04830306624569895,0.4142425535830508,0.9080411978739278,0.6877960340836115,0.49934753007423444,-0.030500848069698272,115,-0.2704436725590498,0.5122124966681096,-0.7831156820635038
1789036837.5712993,LIDAR_ONLY,-0.3938050753317796,1.3630660604408218,-1.2389741170431936,0.03915706700645452,-0.048364940580839594,0.414249776638192,0.9080334130313001,0.687797562346858,0.4993493568618069,-0.03050093475367932,115,-0.27181321093825767,0.5125013548894006,-0.7832853042043149
1789036837.6780286,LIDAR_ONLY,-0.39260537817060354,1.3642934744804205,-1.2389671936586957,0.039192717041361076,-0.04839980081763981,0.41423032001009474,0.9080388935481031,0.6877990307614283,0.4993511121101198,-0.030501018043010107,115,-0.2693038619742824,0.5116807866962251,-0.783156629954753
1789036837.825944,LIDAR_ONLY,-0.39317071233702516,1.3633221886563314,-1.2398331722883913,0.03918113859622989,-0.04843164754964328,0.41425438681305,0.9080267159616364,0.6878011286380022,0.49935361977681336,-0.030501137035795274,115,-0.2695328068391708,0.5116696154911226,-0.7829951026870535
1789036837.9147787,LIDAR_ONLY,-0.3945292182994406,1.3655329415380852,-1.239917619735294,0.03919021620869602,-0.048430491540284504,0.41426206807137905,0.9080228815398355,0.6878023274993471,0.49935505281853587,-0.030501205035912658,115,-0.27057471982701736,0.5119118162167767,-0.7828887917404105
1789036838.013958,LIDAR_ONLY,-0.39392643389904075,1.3646577722035007,-1.2402518403659837,0.03917749240376109,-0.0484224485253972,0.41426236725876797,0.9080237230606478,0.687803616335912,0.4993565934108462,-0.03050127813947824,115,-0.27057471982701736,0.5119118162167767,-0.7828887917404105
1789036838.1177237,LIDAR_ONLY,-0.39407043204355,1.3650977494221117,-1.2409305338124574,0.03920078145980933,-0.04845299985644103,0.41427354803250455,0.9080159871601448,0.6878050401237387,0.4993582953152102,-0.03050135889755979,115,-0.27143437669572024,0.5114930101343103,-0.7828005614252285
1789036838.2333398,LIDAR_ONLY,-0.3929438012618676,1.367300432507056,-1.2407757375805646,0.039225980352594204,-0.048408189818153945,0.4142506042244555,0.9080277564720042,0.6878065389305739,0.4993600868924682,-0.030501443910764967,115,-0.2709286873264972,0.5118489275904202,-0.7830151971999009
1789036838.3420038,LIDAR_ONLY,-0.39434814457858486,1.3683787267556922,-1.2411285207840927,0.03920534416118577,-0.04842680943101119,0.4142665297681935,0.908020389325787,0.6878080228330048,0.49936186065395727,-0.030501528078585034,115,-0.2700980323445396,0.5119542712027494,-0.7831770333083826
1789036838.449544,LIDAR_ONLY,-0.392933859756144,1.3680981370823866,-1.2415641599677412,0.03923534455485752,-0.04848862016573641,0.41424697027413276,0.9080247183148631,0.6878095218088613,0.4993636524332469,-0.030501613101380096,115,-0.27031725848083804,0.5115959784830001,-0.7828858355584798
1789036838.582216,LIDAR_ONLY,-0.3938737348520741,1.3671530411473576,-1.2418128851117998,0.03917173397122799,-0.04843574163763758,0.41427154350450357,0.9080190760287448,0.6878113956481298,0.4993658923001349,-0.030501719386651194,115,-0.27104921647238495,0.5116075823084535,-0.783172021692687
1789036838.7775176,LIDAR_ONLY,-0.39348870973967626,1.3682136486649243,-1.242541442866793,0.0392353221173759,-0.04844560158999449,0.4142619581096009,0.9080201777758733,0.687813974267929,0.49936897461631297,-0.030501865647494242,115,-0.27092245080970445,0.5119898440686708,-0.7830550611116662
1789036838.871589,LIDAR_ONLY,-0.39369939191075404,1.3692582798027615,-1.242556828102933,0.03924859021983408,-0.048484278709013215,0.41426623342396657,0.9080155894743999,0.687815308652419,0.49937056965366394,-0.030501941334574977,115,-0.2703106539294146,0.5119939398324803,-0.7828745810267832
1789036838.9719088,LIDAR_ONLY,-0.39555520979872905,1.3699805902490227,-1.242899971585279,0.039271706562128195,-0.04850210861788993,0.4142843364209668,0.9080053783538706,0.6878167780525093,0.49937232607997195,-0.030502024679821986,115,-0.270941696666048,0.5117125312827502,-0.7830824955909433
1789036839.065808,LIDAR_ONLY,-0.3969685977684615,1.3701470635858106,-1.2434534679649907,0.03925596401216562,-0.048489868530997376,0.41430143671458747,0.9079989105035045,0.6878180226082367,0.49937381374179624,-0.030502095271764097,115,-0.2708893178114172,0.5116015632358129,-0.7830488128254002
1789036839.1601033,LIDAR_ONLY,-0.3949589213844109,1.3722409430211269,-1.243530539777816,0.03931845068474892,-0.048455013451442625,0.41427166837576324,0.9080116496435126,0.687819297213919,0.49937533732340095,-0.0305021675681586,115,-0.27000701869275573,0.5118532367580172,-0.7830680090349169
1789036839.2521534,LIDAR_ONLY,-0.3953410721481355,1.37179325141007,-1.2436622124766283,0.03930492582708133,-0.048531416952685494,0.41428481553031055,0.9080021563825215,0.6878205568845464,0.49937684305259966,-0.03050223901742883,115,-0.26904681531650654,0.5110696399926865,-0.7831764745737794
1789036839.3449948,LIDAR_ONLY,-0.3961032751517883,1.371693602952032,-1.2445664865333315,0.03934730450090851,-0.04849692261522083,0.4142719553407727,0.9080080314311646,0.687821831612278,0.49937836678008984,-0.03050231132074805,115,-0.27041836911516914,0.5115652500354101,-0.7830039816631633
1789036839.4411175,LIDAR_ONLY,-0.39614374725206847,1.3730421099140337,-1.2449080255774496,0.039351624395870824,-0.04854092488015528,0.4142784060922087,0.9080025498394179,0.6878230914035228,0.49937987265346256,-0.030502382776861778,115,-0.27041836911516914,0.5115652500354101,-0.7830039816631633
1789036839.5437589,LIDAR_ONLY,-0.3959929887420576,1.373422663251984,-1.245527099260478,0.0393717370598483,-0.048558648509785404,0.41428082859871534,0.9079996250171887,0.6878245312383594,0.4993815937393545,-0.03050246444515701,115,-0.27075033070448734,0.5117769208552404,-0.7829062029893046
1789036839.6586504,LIDAR_ONLY,-0.3953839587451619,1.3741427482631967,-1.2452337273219705,0.039375808457574345,-0.04850790851625716,0.41427278756580627,0.9080058292776249,0.687826016150055,0.4993833687072196,-0.03050254867024013,115,-0.26983792934316736,0.5114646105730106,-0.783002746015054
1789036839.7708738,LIDAR_ONLY,-0.3958310864789679,1.3746373695675822,-1.2459229039755921,0.0393176266647399,-0.04860025601742584,0.41429872479970875,0.9079915781425663,0.6878275461461838,0.49938519756611127,-0.030502635452540748,115,-0.27003710501133765,0.5116184903835561,-0.7829367177337996
1789036839.917292,LIDAR_ONLY,-0.39792566942134655,1.3738124429091438,-1.2466300303646407,0.03933638162131653,-0.04850264570691614,0.41431107742430806,0.9079903488274975,0.6878296012801093,0.4993876541409186,-0.030502752020975313,115,-0.27007794910647076,0.5115432523012713,-0.7828044205092426
1789036840.0155451,LIDAR_ONLY,-0.39824221827718725,1.3746271981502554,-1.247303493517643,0.039373931400986974,-0.04854761854749112,0.41431087819277906,0.9079864087476892,0.6878309664572297,0.4993892859857693,-0.030502829454645504,115,-0.26990303036167185,0.5117231436648735,-0.7829151982905855
1789036840.113433,LIDAR_ONLY,-0.39750612601900165,1.3771491957517925,-1.24757136609845,0.03943136987162369,-0.048593069185621195,0.41428584190142437,0.9079929085060062,0.6878322116801481,0.4993907744450866,-0.030502900084442036,115,-0.26990303036167185,0.5117231436648735,-0.7829151982905855
1789036840.2131848,LIDAR_ONLY,-0.3975277881117944,1.3784121186838514,-1.2475581680455357,0.03946864075551564,-0.048574619298101814,0.4142843110152771,0.9079929748646483,0.6878335319804416,0.499392352647063,-0.030502974972673638,115,-0.2704972509366824,0.5116053440329165,-0.7828823623067701
1789036840.3283296,LIDAR_ONLY,-0.3992013655596467,1.379550478375633,-1.247976860555396,0.039525930873761383,-0.048553948256594,0.4142845759013951,0.9079914675080708,0.6878350624108677,0.4993941820250694,-0.03050306177961485,115,-0.2695947061422205,0.5114617153991788,-0.7828977535006979
1789036840.4340124,LIDAR_ONLY,-0.3993631159350732,1.3785383226751748,-1.2484883420891073,0.03951588457101758,-0.04858183329462294,0.4142973447814775,0.9079845871199143,0.6878365329077103,0.4993959397623257,-0.03050314518708823,115,-0.2699088820450233,0.5118353996692163,-0.7829627732664118
1789036840.546722,LIDAR_ONLY,-0.3987051202431791,1.380500092684183,-1.2484341686946259,0.039604288963433466,-0.048642992899015164,0.4142869635250836,0.9079821977278483,0.6878380334988428,0.499397733472355,-0.03050323030152928,115,-0.27034524119363,0.511902040418779,-0.783039478841536
1789036840.6547022,LIDAR_ONLY,-0.4001799390906093,1.3806793651627574,-1.2491995760030803,0.039553818285024536,-0.048639649897553594,0.4143087279437963,0.907974646048287,0.687839519167796,0.499399509345369,-0.030503314569576605,115,-0.2703856701475434,0.5119696452701651,-0.7829222119039113
1789036840.8059988,LIDAR_ONLY,-0.40043484888513603,1.3809634883518027,-1.2495343818109306,0.03958554035017414,-0.04859865012773881,0.41429900610187176,0.9079798950108684,0.6878416052476427,0.4994020029109035,-0.030503432893297426,115,-0.2712318245002421,0.512458084051448,-0.7829958228514247
1789036840.9067147,LIDAR_ONLY,-0.400247681093529,1.3806668363440873,-1.2499808852725633,0.03956111199621393,-0.04862738729211726,0.414314202834512,0.9079724868917386,0.687843016070994,0.4994036893182966,-0.030503512916059586,115,-0.27194187280212423,0.5124999168612622,-0.7829329847229928
1789036841.0019932,LIDAR_ONLY,-0.4014298709186624,1.382406108251988,-1.2501290676055947,0.039579760003601666,-0.04863890177241769,0.41432140613084334,0.9079677704930893,0.687844261860443,0.4994051784547865,-0.03050358357799897,115,-0.2708006951893147,0.5119682021916484,-0.7828684356910216
1789036841.213716,LIDAR_ONLY,-0.40145311990425764,1.383321704067608,-1.2507393441489016,0.03962718714593402,-0.04867670285920397,0.4143210380536806,0.907963844028923,0.6878470688537096,0.49940853375378425,-0.030503742792376914,115,-0.27115520172064667,0.5121044464751655,-0.7828615673389357
1789036841.334861,LIDAR_ONLY,-0.40162712063628375,1.385479720524509,-1.2506177516008683,0.03966292356145316,-0.04872853357770941,0.4143253298744981,0.9079575450065454,0.6878485700416346,0.4994103281771578,-0.030503827940677658,115,-0.27126606480793736,0.5117005704284538,-0.7827666563813034
1789036841.4590409,LIDAR_ONLY,-0.40113590000927,1.3852016938801366,-1.2505696390220873,0.03966257391319773,-0.048659593496913685,0.41431383711439645,0.9079665018968711,0.6878501313672731,0.4994121944852776,-0.03050391650002781,115,-0.2692820100928903,0.5118070612757988,-0.7828177928251068
1789036841.5987678,LIDAR_ONLY,-0.4025203899912718,1.3858315265401016,-1.251374561887086,0.03962604570622247,-0.048736411796496036,0.4143406522501987,0.9079517402151782,0.6878519179969321,0.49941433010730973,-0.03050401783876227,115,-0.27071895372261356,0.5112353019250695,-0.7828074497839346
1789036841.738722,LIDAR_ONLY,-0.401451848205296,1.3865925996725033,-1.251379005326814,0.03968524740634975,-0.04869620427033406,0.4143296631289649,0.9079563266365829,0.6878538699148605,0.499416663304288,-0.030504128552751177,115,-0.27093848482986427,0.5117681142478355,-0.7828458351022692
1789036841.8591354,LIDAR_ONLY,-0.4004970654197269,1.3858001597410041,-1.2515894441545166,0.039682302346831025,-0.048701369090152345,0.4143208448790873,0.907960202337018,0.6878554916175079,0.4994186017831828,-0.030504220536727314,115,-0.2710166605714098,0.5124761810731235,-0.7827854942474659
1789036841.987122,LIDAR_ONLY,-0.4013265285382606,1.3876024532226714,-1.2520707148566557,0.03967465954566042,-0.048698272208595836,0.4143355233267501,0.9079540042223404,0.6878570683679581,0.4994204865291121,-0.030504309970988477,115,-0.27122041812090025,0.5119722428369551,-0.7827309000393763
1789036842.1215467,LIDAR_ONLY,-0.4017539104463732,1.3889849248416413,-1.2528285391390708,0.03972911031858883,-0.04874409151977437,0.41433465532261443,0.9079495606771864,0.6878587353203875,0.4994224790966733,-0.030504404521563215,115,-0.2704313374591014,0.5117505852285318,-0.7827423334010839
1789036842.2495866,LIDAR_ONLY,-0.40158770089562074,1.387614182799604,-1.2533450549618417,0.03965318745066882,-0.04872888259355577,0.4143513201035359,0.9079460910509184,0.6878603573206286,0.4994244179312798,-0.030504496522423458,115,-0.27074120645987476,0.5124786745021188,-0.7826487452496893
1789036842.3694935,LIDAR_ONLY,-0.4015611006236396,1.3881704606711716,-1.2537866241729996,0.03969781882255569,-0.04871910944745947,0.4143467725090261,0.9079467405452434,0.6878618442413332,0.4994261953005056,-0.03050458086148982,115,-0.27033123887889265,0.5122340695280196,-0.7826927700049346
1789036842.4847279,LIDAR_ONLY,-0.40034318821059567,1.3896040136528796,-1.2538252318733862,0.03973357863757758,-0.048783718047050596,0.41434981138861443,0.9079403203869608,0.6878633612867476,0.4994280086788653,-0.030504666909249745,115,-0.26956143370140695,0.5120741281375562,-0.782475155820178
1789036842.603429,LIDAR_ONLY,-0.4025365980477068,1.3900642722675964,-1.2544752799558334,0.03967642246669298,-0.048760531017082366,0.4143707090328179,0.9079345282622622,0.6878649084620299,0.49942985807252405,-0.030504754665995837,115,-0.27018446888900954,0.5125599584262418,-0.7827040718954539
1789036842.7229416,LIDAR_ONLY,-0.4027247464611962,1.3901407401798351,-1.254620669641252,0.03972764646411773,-0.04872765420403802,0.41436324621267123,0.9079374593055906,0.6878663505707305,0.4994315818763565,-0.030504836463301065,115,-0.2700721294823453,0.5123662624731466,-0.7828026741906755
1789036842.8382444,LIDAR_ONLY,-0.4034489592876337,1.390767996896383,-1.2550565504636293,0.03975610682686706,-0.04875311576267014,0.41436208760981147,0.907935375467352,0.6878678979203718,0.4994334314784255,-0.030504924229939404,115,-0.26975958799620586,0.5123588326597225,-0.7827012298673385
1789036842.9531345,LIDAR_ONLY,-0.4029667677728958,1.3916215798172653,-1.2555779311526263,0.03974695725799502,-0.048771953048289754,0.41437209561531646,0.9079301968543384,0.6878693552156597,0.4994351734353187,-0.030505006888639732,115,-0.2704768514392266,0.5127779266090948,-0.7827128958275309
1789036843.0737662,LIDAR_ONLY,-0.40278997395417904,1.391957533613459,-1.256225399820265,0.03979470861874067,-0.04878588189922809,0.4143563744726888,0.9079345316855798,0.6878708576657344,0.4994369693673307,-0.03050509210854903,115,-0.2708720793996569,0.5119366635233036,-0.7827424956181934
1789036843.1772897,LIDAR_ONLY,-0.4047316874721343,1.3925587606639107,-1.256463241277962,0.039781891735303505,-0.04878685988568409,0.41437567941683107,0.9079262303184632,0.687872209943543,0.49943858579308886,-0.030505168810594306,115,-0.27139799018482025,0.5119417327076698,-0.7828979251196267
1789036843.2970564,LIDAR_ONLY,-0.4049714088942835,1.3934417321871824,-1.2570057143417661,0.03980010083227867,-0.04878521817577137,0.41437984496093133,0.9079236193377929,0.6878738628211206,0.4994405615364374,-0.030505262562848343,115,-0.2714928071973817,0.5117262762486117,-0.7828301953069713
1789036843.4122462,LIDAR_ONLY,-0.4039778844721871,1.3919069631383238,-1.257613399567703,0.03977237941823902,-0.04875432038004796,0.41437840282543614,0.9079271520069945,0.6878753955814136,0.49944239369931964,-0.030505349501975892,115,-0.27106186985692965,0.5120551505758644,-0.782906317096233
1789036843.5281649,LIDAR_ONLY,-0.404219098589491,1.3933217224724443,-1.2580910197406714,0.039803180342398325,-0.04880887713647886,0.4143792739420438,0.9079224733833674,0.6878769434586,0.49944424393195846,-0.030505437298544387,115,-0.27003141218287496,0.5116695606826702,-0.7826915552645815
1789036843.6375425,LIDAR_ONLY,-0.40404945748885424,1.394141224896783,-1.2581378764158968,0.03982572618886805,-0.048773748351530984,0.41436968528505874,0.907927748734464,0.6878784012507229,0.4994459864827136,-0.030505519985432557,115,-0.2713210651586543,0.5120027879195228,-0.7830887850296053
1789036843.7586398,LIDAR_ONLY,-0.40353439660521007,1.3947259801992133,-1.2584407831146807,0.03983460246606581,-0.04879623917307071,0.4143695029941628,0.9079262340506004,0.687879949303202,0.4994478369248783,-0.03050560779194622,115,-0.2701608909362355,0.5122279552628602,-0.7829392864842092
1789036843.88296,LIDAR_ONLY,-0.4030153673990618,1.395405340559265,-1.2589481859375653,0.03988463912719301,-0.04882600766705466,0.4143715162804955,0.9079215181018641,0.6878814523531496,0.499449633573913,-0.0305056930458891,115,-0.26991013081886617,0.5121723461433939,-0.7829053276571013
1789036844.028929,LIDAR_ONLY,-0.4042358884976282,1.3960491171994807,-1.2590520985566094,0.03983215170012564,-0.04883803520737839,0.4143839835236362,0.907917485351562,0.6878831959977055,0.49945171781423103,-0.030505791946511693,115,-0.2716634136150342,0.5120702273409327,-0.7830627343185154
1789036844.1554246,LIDAR_ONLY,-0.40417944791770705,1.3962321250188086,-1.2588422087808229,0.0398453156503755,-0.048814040866068414,0.4143786911771997,0.9079206135633878,0.687884954789685,0.499453820160797,-0.03050589170630729,115,-0.2712182961722115,0.5127254371978199,-0.78276698927965
1789036844.2789743,LIDAR_ONLY,-0.4032313865479566,1.3976207074335134,-1.2593413719583133,0.03985555848754835,-0.04883757738306862,0.4143671451927801,0.9079241678013554,0.6878865934272144,0.49945577888247344,-0.03050598465086774,115,-0.2714931262563788,0.5119579305271403,-0.7831403149014959
1789036844.395751,LIDAR_ONLY,-0.402296444685333,1.3976971202819426,-1.2602299570805031,0.03987882153863592,-0.04891391418672911,0.41437614942982937,0.9079149273887563,0.6878881870616161,0.4994576838103076,-0.030506075042823606,115,-0.2710065097344542,0.5125539550675123,-0.782868450663714
1789036844.509592,LIDAR_ONLY,-0.40009853288328395,1.3989175583923013,-1.2598083454916627,0.039952290875876914,-0.04895648611746995,0.4143447509070787,0.9079237326540982,0.6878896454712399,0.49945942709915486,-0.030506157764745225,115,-0.27117164900555535,0.512477195090245,-0.7828783876005794
1789036844.6313267,LIDAR_ONLY,-0.3991237302151055,1.3987671988532009,-1.2602053161062758,0.03990730911403735,-0.04898028935129238,0.4143492060950958,0.907922393898677,0.6878913896538879,0.49946151198264754,-0.03050625669589601,115,-0.2702462938214129,0.5121298646550582,-0.7829403251448667
1789036844.7496023,LIDAR_ONLY,-0.40031909194647947,1.399246628214021,-1.2607060051947003,0.03993694983618516,-0.04896901098352023,0.4143566316057512,0.9079183101168374,0.6878929835761215,0.4994634172545233,-0.03050634710418173,115,-0.27052709955710846,0.5123207156242797,-0.7831764397387343
1789036844.8617973,LIDAR_ONLY,-0.401269272769409,1.400348367596101,-1.2609166583924638,0.03994222088942618,-0.0489831816703318,0.4143508000175381,0.9079199752338848,0.687894382096101,0.49946508895513864,-0.030506426429128028,115,-0.26966413815834,0.5118927805320629,-0.7829756538979098
1789036844.9757845,LIDAR_ONLY,-0.40280778541492906,1.4010728953300309,-1.2615465162743158,0.039963924649364435,-0.04900153130035533,0.4143710513038429,0.9079087875432136,0.6878959310805065,0.4994669405112235,-0.03050651428851372,115,-0.26915875514033943,0.5122009494240464,-0.7830448059068915
1789036845.089136,LIDAR_ONLY,-0.4030040024907531,1.4002553942606393,-1.261780017399085,0.03995870653050185,-0.048961653470822014,0.41436678673074034,0.9079131149599358,0.6878973748754502,0.49946866633060294,-0.030506596181486968,115,-0.26970348478004946,0.5120675478013605,-0.7833966665382577
1789036845.203326,LIDAR_ONLY,-0.40335768555047047,1.4010743678656528,-1.2621303150261416,0.039963881718141546,-0.0490014169102578,0.41438153858706206,0.9079040091204713,0.6878989691568513,0.4994705720317862,-0.030506686610149596,115,-0.2705185451154437,0.5119495842587461,-0.7832755497294612
1789036845.3312504,LIDAR_ONLY,-0.40170651921050715,1.4035608665237709,-1.2621870265162634,0.040028266001123664,-0.04905730360904211,0.4143527467197887,0.9079112953198237,0.687900638742748,0.49947256774710314,-0.030506781310132867,115,-0.26925417710989813,0.5111650604775716,-0.7833396579754998
1789036845.451756,LIDAR_ONLY,-0.4030388532084949,1.4036349317847858,-1.2628438498091787,0.04004928550444768,-0.049031604482432316,0.4143595580298026,0.9079086480267761,0.6879021730493113,0.4994744017582235,-0.03050686833698666,115,-0.2706802655324099,0.5118831160636444,-0.7833950717927826
1789036845.574059,LIDAR_ONLY,-0.40330896138871764,1.4034806966168003,-1.263350580633679,0.04003699526786004,-0.04903841513855081,0.41436894909596145,0.9079045362127721,0.6879037224879947,0.4994762538572998,-0.03050695622214524,115,-0.2700569459154137,0.5119681562210934,-0.7833940170570828
1789036845.6997662,LIDAR_ONLY,-0.4044666347105868,1.4042611792318298,-1.2640635990079399,0.04004138615047594,-0.04903245690178862,0.41436937786680716,0.9079044686813684,0.6879053472391741,0.4994781959800717,-0.030507048379078243,115,-0.2697088136463868,0.5117787193053576,-0.7832246220950934
1789036845.821531,LIDAR_ONLY,-0.40364253700983777,1.4040678369683397,-1.2640508530595915,0.040024112293502494,-0.04902502774886354,0.4143650954804837,0.9079075860112581,0.6879068065911061,0.4994799403952465,-0.030507131154460562,115,-0.2684817220816408,0.5119521606072582,-0.7832210238521669
1789036845.9430764,LIDAR_ONLY,-0.4039994729174464,1.4048283787518416,-1.2642758197842248,0.040027888434250425,-0.04907155681069104,0.4143737628616444,0.9079009500554298,0.6879084164846375,0.49948186475813505,-0.030507222468660618,115,-0.2684842945540357,0.5112348114953541,-0.7831878200586947
1789036846.0731466,LIDAR_ONLY,-0.40256053799825525,1.4061518256037502,-1.2644579947280097,0.040087684106647044,-0.04914342381834849,0.4143574122131418,0.9079018870023371,0.6879100264756759,0.49948378923757214,-0.030507313788392568,115,-0.26916291094302575,0.5117558267931921,-0.7831208024913276
1789036846.1884532,LIDAR_ONLY,-0.40246248262170714,1.4072192560416734,-1.264895266713643,0.040120929137800375,-0.04912263124476754,0.41434758256621435,0.907906029810489,0.6879115462763058,0.49948560590920765,-0.030507399992467363,115,-0.26918099920605815,0.5116198754931913,-0.7830514403045412
1789036846.306164,LIDAR_ONLY,-0.4037942078522387,1.4062775380249326,-1.2648997205747994,0.040048707241297846,-0.04911876063893207,0.41438300420068086,0.9078932614747258,0.6879130059686042,0.499487350731217,-0.030507482787159763,115,-0.26946501653113997,0.5126005518094742,-0.7831479135435291
1789036846.4321356,LIDAR_ONLY,-0.40347386969672105,1.407647505163898,-1.264917020316478,0.04010927406695711,-0.04915000919647395,0.41437269908629454,0.9078936000334773,0.6879146613867422,0.4994893295112633,-0.03050757668354972,115,-0.2697508225113967,0.5119264221357366,-0.7832320354654039
1789036846.548266,LIDAR_ONLY,-0.40399811904488,1.4081009182488085,-1.265261818795176,0.040131387506543464,-0.04920825415268192,0.4143780119927088,0.9078870428841989,0.6879161212500721,0.4994910745377041,-0.030507659487945295,115,-0.2691039214558194,0.511747285007713,-0.7832320557478725
1789036846.6644251,LIDAR_ONLY,-0.4034360618893625,1.4103058508263127,-1.2653693526397694,0.04019993846491756,-0.049262550322882785,0.4143670245746444,0.9078860804243329,0.6879176263477216,0.4994928736343276,-0.030507744858061826,115,-0.2679536145792463,0.5120181660399074,-0.7829951471947209
1789036846.7871842,LIDAR_ONLY,-0.4048617544205975,1.4105787004704387,-1.2663822164852572,0.04021027344155271,-0.04923446032851046,0.4143756884432246,0.9078831921856025,0.6879192971058724,0.49949487075082116,-0.030507839624550878,115,-0.2691490727705875,0.5119418224212867,-0.7830497010533859
1789036846.904841,LIDAR_ONLY,-0.4039733768805716,1.4105792909502035,-1.2666871781184712,0.040224675143871035,-0.04927531735683578,0.4143830445689649,0.9078769800929576,0.6879208625961423,0.4994967420368765,-0.030507928420178375,115,-0.2697486506378931,0.5121813576407755,-0.7830577475678756
1789036847.0292501,LIDAR_ONLY,-0.4030082409736072,1.4099412317108497,-1.2670942926291562,0.040206488149533724,-0.04927804455656319,0.4143835326519862,0.9078774149092064,0.6879225787201878,0.4994987933808218,-0.030508025759853043,115,-0.26894506661072803,0.512140148352189,-0.783019847851918
1789036847.1469593,LIDAR_ONLY,-0.4053115634017594,1.4104504022411022,-1.2678362001086863,0.040201655420395686,-0.04924486224811598,0.4143976290465443,0.9078729952389963,0.6879242046240536,0.4995007368813805,-0.03050811798218156,115,-0.2681885274063844,0.5119200653905454,-0.7829798475203901
1789036847.263986,LIDAR_ONLY,-0.40319252334215416,1.4121123880863047,-1.2678935743404747,0.04024317647063141,-0.049261148841732216,0.41435898292121376,0.9078879111624099,0.68792581557126,0.499502662503709,-0.030508209356159728,115,-0.26955327864325374,0.5120135920434146,-0.7831412931551341
1789036847.3845966,LIDAR_ONLY,-0.40430875309136094,1.4117954117580485,-1.2679575052341658,0.04021508269223291,-0.049262056462598916,0.4143815569904526,0.9078788036645095,0.6879274868438858,0.499504660235145,-0.030508304151836356,115,-0.2678277735251355,0.5113493092592842,-0.7831493247071846
1789036847.506993,LIDAR_ONLY,-0.40569246563579997,1.4134159033929148,-1.2680574683866124,0.04023736474839287,-0.049218278807681454,0.41437351707305503,0.9078838603355722,0.6879290227004865,0.49950649609899905,-0.030508391266628583,115,-0.26909115173702036,0.5112954606266644,-0.782976053067221
1789036847.6287284,LIDAR_ONLY,-0.40445563192430595,1.413618200766349,-1.26851063303296,0.04027123218035706,-0.04925369185618246,0.41435316497345465,0.9078897269898438,0.6879307092333873,0.4995085120715714,-0.030508486927880406,115,-0.26903279759380777,0.5112192109385911,-0.7829418785089799
1789036847.7453437,LIDAR_ONLY,-0.40281878511132013,1.4150975878545153,-1.2681719292471902,0.04031601759198139,-0.049325278317014574,0.414346036698646,0.9078871061517485,0.6879322753953712,0.49951038416051435,-0.03050857576161605,115,-0.26902264748868204,0.5117773445764027,-0.7831320285897095
1789036847.8646986,LIDAR_ONLY,-0.4035609980095338,1.415306918725177,-1.2689011155927041,0.04032260345095965,-0.04931958065131457,0.414363570775716,0.9078791207144888,0.6879337512862109,0.49951214834515356,-0.030508659475114164,115,-0.26904807360837807,0.5114848176963154,-0.7833145100839414
1789036847.990623,LIDAR_ONLY,-0.4036253008714771,1.41764529323856,-1.2693003899988726,0.04035944258456579,-0.049370027411081555,0.4143593666048605,0.9078766607279378,0.6879354381188275,0.4995141646759705,-0.030508755153369607,115,-0.26918109540154855,0.5118154311969488,-0.7834812958591183
1789036848.0995576,LIDAR_ONLY,-0.4027452733299201,1.4165433862784307,-1.2699276013881704,0.0403563459544116,-0.049395256909247606,0.41436234639840785,0.9078740660594306,0.6879367936867986,0.4995157850344105,-0.03050883204207734,115,-0.26839208988410795,0.5115362234278286,-0.7832640725776178
1789036848.2217515,LIDAR_ONLY,-0.4034456220391473,1.4180386047812321,-1.2700676777770088,0.04035619549381403,-0.04943938033705951,0.4143792215115552,0.9078639688503065,0.6879384355226719,0.49951774757901507,-0.030508925168090055,115,-0.2689261583415454,0.5114418798054657,-0.7835212072302417
1789036848.3415515,LIDAR_ONLY,-0.4010273048232904,1.4180484275003704,-1.2700226338768583,0.04030362025483218,-0.049473039301940545,0.41436735844996764,0.907869885406372,0.687940002139384,0.4995196202114853,-0.030509014027623488,115,-0.2694240692632588,0.5119532601699693,-0.7833675578311478
1789036848.4605782,LIDAR_ONLY,-0.40252301850894845,1.4196877037401172,-1.2707174317411931,0.0403726759376375,-0.04947307075226216,0.414377747088147,0.9078620737899165,0.6879415537833473,0.49952147494649307,-0.030509102037893775,115,-0.26800255573624127,0.5111140095488559,-0.7831591972475381
1789036848.5814395,LIDAR_ONLY,-0.40243468166801605,1.420080048619834,-1.2707782725810628,0.040387255812588764,-0.0494635537509304,0.4143747395168934,0.907863316622367,0.6879430904519318,0.4995233117808951,-0.03050918919875168,115,-0.26894801956701975,0.5120792882066324,-0.7832728849722418
1789036848.700824,LIDAR_ONLY,-0.40377898799670553,1.4193099454417473,-1.2713217761495101,0.04038213610682796,-0.04945293647749951,0.4143874208521823,0.9078583345416169,0.6879446121425327,0.4995251307115774,-0.030509275510049456,115,-0.26853507546970296,0.5114218550889342,-0.7834288021733397
1789036848.8278759,LIDAR_ONLY,-0.4023006077894577,1.420489281127336,-1.2717143011678977,0.04039926642809909,-0.04946563164812531,0.41436033982325704,0.9078692413223826,0.6879462243254659,0.4995270578109454,-0.03050936695413324,115,-0.26868171792012907,0.5118826898540367,-0.7832333506418022
1789036848.9612815,LIDAR_ONLY,-0.40268801798155096,1.4211639219331915,-1.272102923010455,0.04041001518788433,-0.0494781385111256,0.4143711965828954,0.9078631262059542,0.6879480626344506,0.4995292552067854,-0.030509471224237805,115,-0.2684296033460834,0.5119552624608757,-0.7832646926564754
1789036849.0823574,LIDAR_ONLY,-0.40461745193243653,1.4209562758769692,-1.2725260548065926,0.04038625342732289,-0.049450996670240444,0.4143872788118156,0.9078583218880371,0.6879495996787106,0.4995310924902241,-0.030509558406408503,115,-0.2687382047783565,0.5116722652832736,-0.7833421373091184
1789036849.1954792,LIDAR_ONLY,-0.4027584205435129,1.421414576216112,-1.2727278076337847,0.04040056014911385,-0.04948519253315286,0.41437051512775375,0.90786347357538,0.6879511066709673,0.49953289385143396,-0.030509643884010666,115,-0.2684557817451329,0.5112268740292764,-0.7833268506857328
1789036849.3149116,LIDAR_ONLY,-0.40391521809895387,1.4211817522824393,-1.272423736526205,0.04041827419276188,-0.0494470338412278,0.4143877538236695,0.907856895901858,0.6879528096748362,0.4995349295122592,-0.03050974047952272,115,-0.26922424380129584,0.5115646014430871,-0.7832514238542694
1789036849.436939,LIDAR_ONLY,-0.4041930323950465,1.4220393142237637,-1.2733205373604306,0.040449966584679656,-0.04946742713623843,0.4144004466851406,0.9078485796888021,0.6879544524985562,0.4995368932376157,-0.030509833661577904,115,-0.26793407138680486,0.5112858559680885,-0.7831575392426449
1789036849.5506818,LIDAR_ONLY,-0.40307265244391516,1.4229009170044615,-1.2733498376664945,0.04043550858563787,-0.04952725158542514,0.4143977584893979,0.907847189098902,0.6879560200578448,0.4995387669967267,-0.030509922574585464,115,-0.2687312435792443,0.5116085548463833,-0.7833421810442494
1789036849.6822944,LIDAR_ONLY,-0.4041813293577645,1.4238206598119219,-1.2739699044936936,0.040471758272079786,-0.049506404637475715,0.4144124678747822,0.9078399964488069,0.6879578138205732,0.49954091114481036,-0.030510024318004092,115,-0.26979943046218596,0.5118429836857866,-0.783423668372044
1789036849.8118525,LIDAR_ONLY,-0.4052209688986522,1.4255062487770664,-1.2742128559831394,0.04049474349265522,-0.049526515053335655,0.41442231117453887,0.9078333812197531,0.687959502178174,0.4995429292984078,-0.030510120082774768,115,-0.2679054964276903,0.5119079250762483,-0.7831646680438308
1789036849.9413438,LIDAR_ONLY,-0.40303425221657324,1.4260422099182275,-1.2747847171089683,0.0404683697968035,-0.04953271993087037,0.4144089770749921,0.9078403055724602,0.6879611303386152,0.49954487549620374,-0.030510212433123386,115,-0.2689568712921304,0.5119356913288856,-0.7831692441536495
1789036850.073111,LIDAR_ONLY,-0.4042199235869835,1.426049539986235,-1.275087548541118,0.040470427324174184,-0.04953170966745671,0.4144089943772419,0.9078402610750751,0.6879626982908473,0.49954674972499125,-0.030510301368423205,115,-0.26835113155870377,0.5122045174578607,-0.7833257796722044
1789036850.2016048,LIDAR_ONLY,-0.4035167512778912,1.426725053873105,-1.2753642815400033,0.04053134211283325,-0.04954929149008964,0.4143956666998307,0.9078426677788203,0.6879643869579681,0.49954876824855027,-0.030510397150753384,115,-0.26954494227531345,0.5121167469855565,-0.7835917115084069
1789036850.3508294,LIDAR_ONLY,-0.40312266195069446,1.4268419223658135,-1.2756990169262312,0.04048803437411739,-0.04957126144992529,0.4143947181136877,0.9078438338779753,0.6879663471522021,0.49955111133806707,-0.030510508334284696,115,-0.2696184975547657,0.5118262512916689,-0.7834828130670101
1789036850.4806957,LIDAR_ONLY,-0.4040409210175338,1.429011887724551,-1.275900499295804,0.04055897369096997,-0.049556527132081266,0.4143867263592177,0.9078451196592034,0.6879681416102352,0.49955325631723213,-0.03051061011714886,115,-0.2687973632721924,0.5115965001333805,-0.7832480435022537
1789036850.6128097,LIDAR_ONLY,-0.40563179765794577,1.4275359050343281,-1.2764723442931005,0.04047315909178493,-0.049553699338976326,0.41441659345806137,0.9078354704138683,0.6879698909461119,0.4995553473602807,-0.03051070934065532,115,-0.26977652550480696,0.5119633206306513,-0.7833030592264046
1789036850.739414,LIDAR_ONLY,-0.40705394630064645,1.4294935863915539,-1.277042499795152,0.04055005660484807,-0.04957859035411186,0.4144181275019163,0.9078299796138308,0.6879716705607415,0.49955747459658584,-0.03051081028159419,115,-0.2690497572228051,0.511737665021063,-0.783077129420845
1789036850.8646746,LIDAR_ONLY,-0.40271083915674316,1.4311650053013796,-1.2776568639670194,0.04060861213137181,-0.04965467786620179,0.4143836895602909,0.907838923715638,0.6879732542160225,0.49955936759574554,-0.030510900107588043,115,-0.2690693200256092,0.511866828305479,-0.7833745500049545
1789036850.987796,LIDAR_ONLY,-0.4039730013642783,1.4316419506042224,-1.2774806222172428,0.040568373756397255,-0.049669453067629904,0.4144006011072947,0.9078321950033699,0.6879748832167393,0.4995613147979016,-0.030510992505606495,115,-0.2694311281692052,0.512282804279749,-0.7831678919574968
1789036851.106998,LIDAR_ONLY,-0.40491073625084345,1.4311764235761726,-1.278112577947225,0.04059698463558425,-0.04964455552448081,0.41440529394291703,0.9078301357067629,0.6879764821475571,0.4995632260564388,-0.030511083198041078,115,-0.26891920398936225,0.5116681153484932,-0.7830596935506845
1789036851.2339811,LIDAR_ONLY,-0.4047828591343725,1.430057246501046,-1.278279605615619,0.040516297347467485,-0.04963350063227092,0.4144213410774969,0.9078270194942245,0.6879782622021886,0.499565353818667,-0.030511184163941635,115,-0.2684224450725533,0.5118548532812569,-0.7833853495435539
1789036851.3542972,LIDAR_ONLY,-0.40371650193984815,1.4302648800639515,-1.2790623997872799,0.0405525677464888,-0.049685792444461446,0.41442346243150885,0.9078215711606616,0.68797975572952,0.4995671390846787,-0.030511268877821247,115,-0.26968919104708383,0.5122018633805211,-0.7831495391571203
1789036851.4709291,LIDAR_ONLY,-0.40433976960263474,1.4304148798875347,-1.2792920244236567,0.04056558612428755,-0.04966787662970546,0.41442657109535797,0.9078205507828261,0.6879813851274592,0.4995690867616245,-0.03051136129837452,115,-0.268903527457055,0.5119540424537903,-0.7831760423049551
1789036851.598379,LIDAR_ONLY,-0.40496041509227204,1.4318271278779984,-1.2792741288829765,0.040601022042693016,-0.049673679197496295,0.41442076547030593,0.9078212994588081,0.6879831051555032,0.4995711427719314,-0.030511458859529723,114,-0.2690243922939592,0.5114995180932742,-0.7833360245455794
1789036851.7204735,LIDAR_ONLY,-0.40599324893344224,1.4315888088782205,-1.2801280153185433,0.04057865603356654,-0.04976280143907148,0.41444947169038443,0.9078043135406476,0.6879846894899914,0.49957303658292923,-0.03051154872405551,115,-0.26782498287498674,0.5119296696590803,-0.7832427291145491
1789036851.835348,LIDAR_ONLY,-0.40478626901025533,1.4321691437810153,-1.2798169490181979,0.04060552359579061,-0.04970406125253439,0.41443357908558726,0.9078135856412518,0.6879862437381118,0.49957489443062314,-0.030511636882063056,115,-0.26772512842185703,0.5116556691383388,-0.7831467379539453
1789036851.9566717,LIDAR_ONLY,-0.40517710765150095,1.433023971100128,-1.2802250017599865,0.04060860945380304,-0.049746288908043924,0.4144455680942757,0.9078056612872157,0.6879879037147432,0.49957687865933526,-0.030511731037064414,115,-0.2673229578190819,0.5112180574538696,-0.7831559502042068
1789036852.0780175,LIDAR_ONLY,-0.4054326685457986,1.4336729326408342,-1.2806992997824473,0.04063930984467617,-0.049789616153626204,0.4144499457387611,0.9077999135799479,0.6879894732421862,0.4995787547709314,-0.030511820061727403,115,-0.26821469673190984,0.5119253090727501,-0.7831933123322213
1789036852.1953962,LIDAR_ONLY,-0.4040403541166567,1.4336733800970034,-1.280949603898967,0.0406737894474125,-0.0498016264737346,0.4144356865381506,0.9078042204000871,0.6879911636057696,0.4995807753222281,-0.03051191594029936,115,-0.26953032726038273,0.5119497662265166,-0.7831700047528013
1789036852.3154914,LIDAR_ONLY,-0.40525977536783864,1.4355436437210938,-1.2815420721471844,0.040691920384188,-0.04980188463450128,0.4144494385476865,0.907797115433733,0.6879925371050342,0.49958241711440715,-0.03051199384611243,115,-0.26925545620198144,0.5114570646400057,-0.7833615212334599
1789036852.440511,LIDAR_ONLY,-0.4049837543150215,1.436379708971074,-1.2820193295977529,0.04074107655631223,-0.04994044605327576,0.41444338830954663,0.9077900607604906,0.6879941370944159,0.4995843296382169,-0.030512084598599942,115,-0.26979399842821195,0.5116632720298386,-0.783117443970338
1789036852.5577593,LIDAR_ONLY,-0.4064429242076201,1.4358336345019096,-1.2821669828198965,0.040703564702765434,-0.04983035885139512,0.41444811560778233,0.9077956348354993,0.6879957522753307,0.4995862603209963,-0.03051217621276249,115,-0.2702215185858075,0.5111719230815065,-0.7835897774183053
1789036852.6777,LIDAR_ONLY,-0.405945227484435,1.4372727453288623,-1.282334165197059,0.04077344307435377,-0.04986178346317357,0.4144436740915824,0.9077928011915518,0.6879971712999731,0.49958795653125154,-0.030512256700808336,115,-0.26932602068394507,0.5117627046483288,-0.7831866193302377
1789036852.8016386,LIDAR_ONLY,-0.4062967443422276,1.437390728095233,-1.2824297035731755,0.04079430097179042,-0.04981833318762038,0.41443425925267674,0.9077985478311338,0.6879988470538801,0.4995899596190551,-0.03051235175071415,115,-0.26997223775405943,0.5117208700746426,-0.7832775731097028
1789036852.917349,LIDAR_ONLY,-0.406273701906704,1.4377795584367168,-1.283353417011789,0.040844696974281516,-0.0498407804307949,0.41442825716626436,0.9077977897071909,0.6880004021268401,0.4995918184526564,-0.03051243995551515,115,-0.2695870277387718,0.5116520643194842,-0.7830747956716962
1789036853.0395248,LIDAR_ONLY,-0.4059195838498854,1.4375533077930385,-1.2831375289280191,0.04079837403228568,-0.049874179447212764,0.4144373965965545,0.9077938660307523,0.6880019270921823,0.49959364129755435,-0.030512526452592385,115,-0.2690428713426584,0.5113100522145219,-0.7831620907957951
1789036853.1643116,LIDAR_ONLY,-0.4085587951450424,1.4386912864108683,-1.2836116950277907,0.0408378425644781,-0.049885477681854966,0.4144749075367155,0.9077743446218135,0.6880034672446048,0.4995954822960988,-0.030512613811091938,115,-0.2698681929256799,0.5111375031731438,-0.7831604194337713
1789036853.2858038,LIDAR_ONLY,-0.4094003996937477,1.4398337471174654,-1.2835401815433112,0.04079278113375811,-0.04984209406621293,0.41448158788623446,0.9077757035577532,0.688005052788439,0.49959737755259387,-0.03051270374422435,115,-0.26838700164375906,0.5112935955076948,-0.7832412288932742
1789036853.4156752,LIDAR_ONLY,-0.4096699169752943,1.440369883123422,-1.284197126584002,0.04081364726048408,-0.0498469444460489,0.4144802476893545,0.9077751112484087,0.6880068347500704,0.4995995075942052,-0.03051280481830977,115,-0.2687569649357294,0.5111330476885669,-0.7832427414770267
1789036853.548495,LIDAR_ONLY,-0.4079983094245335,1.4406833040285605,-1.2844983379410464,0.04081282642308267,-0.04988856973636729,0.4144681868882216,0.9077783682521904,0.6880085413163274,0.4996015475130585,-0.030512901615918943,115,-0.26955576558090394,0.5115380820610322,-0.7831509104198964
1789036853.6678061,LIDAR_ONLY,-0.40760698419273694,1.4420080720635062,-1.2848090307908453,0.0408747574228741,-0.04991956500335909,0.41446446642085893,0.9077755765110501,0.6880101271614923,0.49960344312972516,-0.030512991566145786,115,-0.268778749428529,0.5118595286330639,-0.7828452965684933
1789036853.7974398,LIDAR_ONLY,-0.40708328419682244,1.443863578633793,-1.2848453133258102,0.04091604444546546,-0.049969034639053396,0.41446500432396266,0.9077707491844599,0.6880120303000025,0.4996057180183114,-0.03051309951347022,115,-0.26761288036927483,0.5114812536891764,-0.782828880318536
1789036853.9246893,LIDAR_ONLY,-0.4071989259528546,1.444080291581442,-1.2851416916601144,0.040893947706094634,-0.049945488240241025,0.4144671464791824,0.9077720626538687,0.6880138278331226,0.4996078666730424,-0.03051320147078554,115,-0.2694574771550135,0.5124722234422345,-0.7829830204801321
1789036854.0492144,LIDAR_ONLY,-0.4092991210760993,1.4450049952854356,-1.2863429121221053,0.04096281687831294,-0.0499882561932679,0.4144920212550187,0.9077552457529945,0.6880154290989532,0.49960978072255335,-0.030513292295685966,115,-0.26882869780651125,0.5119388316206606,-0.7830030070644889
1789036854.1735713,LIDAR_ONLY,-0.4105771467678218,1.4451694028268698,-1.2868975406959047,0.04093196494948195,-0.04998821601797176,0.41450449414443463,0.9077509442786504,0.6880170606760732,0.4996117310042114,-0.030513384839864544,115,-0.26995331788356686,0.511992227462086,-0.7832592567129821
1789036854.2920659,LIDAR_ONLY,-0.41063483203113355,1.4457000145438885,-1.2874629183842694,0.040962865835658606,-0.05002074969435246,0.4145063658381462,0.9077469035486697,0.6880185563759768,0.49961351886703587,-0.030513469676994587,115,-0.26894033765381214,0.5120903614038378,-0.7834174741526188
1789036854.415883,LIDAR_ONLY,-0.41140538897365275,1.4450491415168059,-1.2881914507263805,0.04091029455267871,-0.05002408967059882,0.4145197400835945,0.9077429830812631,0.6880201125970844,0.4996153790729836,-0.03051355794692985,115,-0.26912956630011725,0.5119158365242362,-0.7833563351149604
1789036854.54863,LIDAR_ONLY,-0.4106615408982143,1.4455557046440761,-1.2885845548038273,0.040924985188507644,-0.05003769725407057,0.414519690007962,0.9077415937570193,0.6880217444602638,0.49961732969655837,-0.0305136505073364,115,-0.27003543091472776,0.5124092838992215,-0.7835304748561347
1789036854.6778145,LIDAR_ONLY,-0.4130597453672439,1.4438526755130314,-1.2884939227469538,0.04084542582424927,-0.04994525491927417,0.41452856612379835,0.9077462148462159,0.6880234368680942,0.4996193526912817,-0.030513746501878353,115,-0.268045234380322,0.5122793219640538,-0.7834363038923549
1789036854.8078222,LIDAR_ONLY,-0.41263935378559596,1.444467818811846,-1.2894296354502677,0.04088482117454343,-0.04998430744574733,0.41453261133417,0.9077404444813334,0.6880252351688669,0.4996215022635625,-0.030513848502742157,115,-0.2699413513200035,0.5122490116309052,-0.7832261340648787
1789036854.936968,LIDAR_ONLY,-0.41113042319633947,1.4453906388621638,-1.2894377379068085,0.04090851339955001,-0.05003193753525859,0.41452212797141635,0.907741540406715,0.6880269580242813,0.4996235616533411,-0.03051394622429409,115,-0.26840274407509035,0.5113307032152636,-0.7832441044671158
1789036855.0619915,LIDAR_ONLY,-0.41425621822788095,1.4463220103969188,-1.2896174748741331,0.040846255700357346,-0.049972886493151646,0.41455019009031796,0.9077347816994152,0.6880286054197298,0.49962553084315603,-0.030514039665705386,115,-0.2692103245868607,0.5113456664330666,-0.7833854178406873
1789036855.1841815,LIDAR_ONLY,-0.4149569971198093,1.4465631624496695,-1.2895929033352804,0.04091606928653701,-0.04998685988933583,0.41454636197118355,0.907732616406946,0.6880301924563221,0.4996274278838987,-0.030514129683521407,115,-0.26879947988543246,0.511377166437861,-0.7830862705932022
1789036855.313982,LIDAR_ONLY,-0.4143460234592928,1.447406502086543,-1.2896468704309614,0.040929473723785845,-0.050041253734704104,0.41455940166301974,0.907723059968266,0.6880319760956153,0.49962955993076624,-0.030514230852779864,115,-0.2695673670527758,0.5118730549904533,-0.7833280698230103
1789036855.4450583,LIDAR_ONLY,-0.4143490075848283,1.449010977188212,-1.2899867743066427,0.0410074911690106,-0.05003855260355923,0.41455199822530747,0.9077230688314412,0.6880335784493393,0.49963147528060087,-0.030514321739395896,115,-0.270229298193831,0.5120580333978931,-0.7835199392841277
1789036855.577123,LIDAR_ONLY,-0.4150236924094078,1.4501887455145732,-1.2899547095777704,0.04101170865082583,-0.05006717730768987,0.4145616807906193,0.9077168778479536,0.6880352564887344,0.4996334811001766,-0.03051441691895662,115,-0.27079146377287033,0.5117231174223784,-0.7835467866004525
1789036855.7097294,LIDAR_ONLY,-0.4150765609496053,1.4500788725053824,-1.2904417712960616,0.04101116603136249,-0.050072818154415846,0.41456268735269486,0.9077161315068355,0.6880368439202382,0.49963537861294205,-0.030514506959175555,115,-0.26829769798131675,0.5120038826675924,-0.7834268872031308
1789036855.8398542,LIDAR_ONLY,-0.416517953011274,1.4514748848756645,-1.2908670999970688,0.04102820791759853,-0.05013620703758814,0.4145812836491206,0.907703369029113,0.6880386582430812,0.49963754733690613,-0.030514609868830027,115,-0.26926639508222217,0.5114215628294064,-0.7831397691467369
1789036855.971053,LIDAR_ONLY,-0.4160688201035018,1.451680020029697,-1.2909922155249562,0.04103313960548642,-0.050100897532131414,0.41457124128563594,0.9077096823431371,0.6880404726890357,0.49963971620802117,-0.030514712785468523,115,-0.2699582170677562,0.5119434068877883,-0.7835469341329911
1789036856.1095917,LIDAR_ONLY,-0.4159808160470917,1.4525847529870692,-1.291373792348186,0.041045148844905004,-0.050128445708447975,0.41456967872761014,0.907708332101695,0.6880423326239119,0.49964193945363744,-0.03051481828227142,115,-0.26916321043768915,0.5113465134583722,-0.7832762653739795
1789036856.245854,LIDAR_ONLY,-0.4161353245044638,1.4518725484164534,-1.291611723615972,0.04105523886883732,-0.050122833701500426,0.4145761483638078,0.9077052308491919,0.688044101950305,0.49964405439173626,-0.03051491863969897,115,-0.26752656429079213,0.511222792540224,-0.7833917962845026
1789036856.363669,LIDAR_ONLY,-0.4154895341585406,1.4525091875282463,-1.2922700079706417,0.041066714001108555,-0.050177202107280064,0.4145760030554862,0.907701774307164,0.6880455537927186,0.49964578983005536,-0.030515000989214357,115,-0.2684986387482407,0.5108871440662807,-0.7834302659330044
1789036856.4933283,LIDAR_ONLY,-0.41686631108303673,1.4529852128490937,-1.2926217681233325,0.041064840347553394,-0.050183343672977866,0.41458751713231273,0.9076962606197594,0.6880472930826904,0.49964786886454754,-0.030515099642956803,115,-0.26873192240910376,0.5119236713791491,-0.7835540294920704
1789036856.6184218,LIDAR_ONLY,-0.41740488181128144,1.4524540783757114,-1.2928748760627078,0.041040388134518005,-0.050198405438315406,0.41460312360938756,0.9076894053180072,0.6880488661031819,0.4996497491512733,-0.03051518886577889,115,-0.2693661022821447,0.5121310042056348,-0.7836280879177665
1789036856.747812,LIDAR_ONLY,-0.4168844426041564,1.453519922195949,-1.2929471854917123,0.04110147103666367,-0.050238437728304566,0.41459409665311614,0.9076885498196109,0.6880505602286966,0.4996517741990852,-0.03051528495776342,115,-0.2693821358595644,0.5115053720123977,-0.7834563333414097
1789036856.8736901,LIDAR_ONLY,-0.4154658953953277,1.454858084851499,-1.2934759110196443,0.04113347541745668,-0.050302021838286026,0.41458343849880847,0.907688446726941,0.6880521183138226,0.49965363663302953,-0.030515373333442626,115,-0.2697541262389626,0.5117970767080394,-0.7836145769832464
1789036857.0003147,LIDAR_ONLY,-0.4175950468758868,1.454957470355037,-1.293809285183064,0.04113634472978751,-0.050286904310940184,0.4146040365638945,0.9076797459798359,0.6880539336730681,0.49965580659576864,-0.03051547630189099,115,-0.26867535794450476,0.5109945733151703,-0.7833092263749538
1789036857.1279275,LIDAR_ONLY,-0.41855702067665107,1.4551829342638907,-1.2937686838992928,0.04111844536013121,-0.0502378440776742,0.4146024725456196,0.9076839880887247,0.6880556281194898,0.49965783202715003,-0.03051557241208013,115,-0.26902695661589493,0.5120857453512605,-0.7837217058736466
1789036857.258482,LIDAR_ONLY,-0.41855716217164984,1.4564649799025162,-1.2942454415146927,0.04114086416852,-0.05030856610203182,0.41460898471967106,0.9076760805826871,0.6880574588473649,0.4996600203605347,-0.03051567625224976,115,-0.2692526597207503,0.5117843789898505,-0.7835292511054956
1789036857.3817294,LIDAR_ONLY,-0.41824702574478356,1.4559491154774002,-1.2944894715386535,0.041126931079191194,-0.050345153356152715,0.41462051072311457,0.9076694184345182,0.687944646689681,0.49951931090267787,-0.030508504174354474,114,-0.26830868729875434,0.5119771221622669,-0.7836151302871628
1789036857.5142436,LIDAR_ONLY,-0.42155551719518736,1.456536294269064,-1.2956724577968313,0.04115348116450211,-0.05022753198559531,0.41462817995141293,0.9076712281486385,0.6864430355690656,0.49772766141560515,-0.03042563932367843,114,-0.2681701713461359,0.5113980718061376,-0.7834323330274744
1789036857.6439033,LIDAR_ONLY,-0.4244403905694883,1.4569990504779124,-1.296162794916717,0.041247051155918056,-0.05026744009417514,0.4146520740565425,0.9076538562237959,0.696459903255904,0.4997122972223904,-0.030299811849898974,114,-0.2701877789795534,0.5101429728345094,-0.7836449741854529
1789036857.767848,LIDAR_ONLY,-0.411282217052454,1.4612552385818547,-1.3000464320187206,0.04334058435184028,-0.050236947181331225,0.4009438754225206,0.9136968050984482,0.7497612673835774,0.5166062609378894,-0.03195544281610697,109,-0.29114859844789404,0.503968415278669,-0.7850508082478626
1789036857.8849592,LIDAR_ONLY,-0.39632754971948236,1.498753660268192,-1.2996348759626484,0.04663301527321565,-0.04621643633265779,0.34287307169823067,0.9370845530705633,0.7557414926985592,0.5247267808191278,-0.03247182496000499,74,-0.21934636102058544,0.5194453639363283,-0.7815339722064095
1789036858.0302315,LIDAR_ONLY,-0.36585601921439004,1.503718239090053,-1.3038716737767957,0.04907738935923211,-0.04691879930710173,0.3227237558578684,0.9440547725266015,0.7525217342494874,0.5221472775487017,-0.032333093937672204,85,-0.21322967913926993,0.527521950060691,-0.7800153387234134
1789036858.1464286,LIDAR_ONLY,-0.3687566683381708,1.503106051720894,-1.3070277021134955,0.04934724772997364,-0.04703330425809118,0.3226269860437855,0.9440680829836086,0.750048840539172,0.5201718827414519,-0.03222929935647819,121,-0.21243354588289637,0.5268416499874226,-0.7796060558093424
1789036858.2511864,LIDAR_ONLY,-0.36926083426111,1.5038383091744525,-1.3068767067836178,0.04948337268982925,-0.046972017998758615,0.32260078357072225,0.9440729631717667,0.7594093680073064,0.5202217655837671,-0.03179566869115531,134,-0.21608882003690108,0.5259539009644731,-0.7797779891397274
1789036858.374698,LIDAR_ONLY,-0.3407322353411129,1.5063029384516387,-1.306516315257294,0.05152589460114294,-0.047461380819478594,0.31050104807367646,0.9479881848743733,0.8150305583898404,0.5263397648991152,-0.03380434093508762,126,-0.22344723352486678,0.5256294221697775,-0.7803301532287013
1789036858.5000818,LIDAR_ONLY,-0.34416991295949045,1.5198376412394123,-1.3122953877581873,0.05400005302732481,-0.04190473797298227,0.2558011284267845,0.9643099967873638,0.8212602531757671,0.5316889262711842,-0.033783839241178636,62,-0.14618209790511144,0.5356986789747304,-0.7766843030750621
1789036858.6514475,LIDAR_ONLY,-0.32619289532558576,1.53788967764146,-1.312351385612836,0.056656059570989355,-0.04183918402459024,0.23406221995402213,0.9696671855767008,0.8203442749901007,0.53120519384901,-0.03375280400644792,107,-0.14182297457787163,0.529195731799514,-0.7761709225743205
1789036858.7845078,LIDAR_ONLY,-0.325897249357765,1.5394309339400813,-1.3148392883865696,0.057040755541845074,-0.042148063675970154,0.23340125182173393,0.9697905694445732,0.8190862374731532,0.5305399449805616,-0.03370991775944336,138,-0.1456107646466558,0.5343574770659136,-0.775995148801969
1789036858.890293,LIDAR_ONLY,-0.33002314110446523,1.540274522507501,-1.3152445036644227,0.05703725158106605,-0.04214065343954422,0.23343945888206044,0.9697819014070211,0.8165656582915335,0.5292047436743489,-0.033625175220527895,142,-0.1467490422268745,0.534637063464423,-0.775840177963733
1789036859.0195563,LIDAR_ONLY,-0.3307840480343554,1.5409217411507545,-1.3162695159536835,0.057103140804989114,-0.04225644274364769,0.23344750834968048,0.9697710478263333,0.8178845579044378,0.5272906872993898,-0.03357348729350056,143,-0.14712599621542677,0.5331436462062293,-0.776020439724857
1789036859.14438,LIDAR_ONLY,-0.33166178697208354,1.5405979669957666,-1.3168168146107897,0.05715593940266031,-0.04225828758043639,0.23346770146028756,0.9697629958379618,0.880894828763894,0.5202856007372493,-0.0345271741386016,140,-0.15587770757567168,0.5281302097338041,-0.7765176899997827
1789036859.244105,LIDAR_ONLY,-0.2804416782837824,1.5315457986777357,-1.3224396942520191,0.06156198948720581,-0.03776767556360999,0.15858791052894866,0.9846997505671267,0.8887465685763216,0.5241158465559481,-0.03463800597451704,81,-0.02815972027163306,0.5212696361167979,-0.7729470483703015
1789036859.3650923,LIDAR_ONLY,-0.27722412048316475,1.5377339104381769,-1.3260017943992881,0.06200916850260803,-0.03796746913097242,0.14333575311611652,0.9869995928003412,0.885743678807603,0.5232152030659337,-0.03455890923265207,96,-0.11055367315081348,0.4979863471066392,-0.772331750969149
1789036859.4476798,LIDAR_ONLY,-0.27973718876908005,1.538144458347853,-1.3269203008163841,0.06208438239540317,-0.038006554981308234,0.14331544070423538,0.9869963098698926,0.8838383898998221,0.5226252270234895,-0.03450863678506042,134,-0.11055367315081348,0.4979863471066392,-0.772331750969149
1789036859.5546744,LIDAR_ONLY,-0.2807978712161912,1.5380864097783034,-1.327534737699967,0.06216279831622355,-0.03800434963995743,0.14331757105301862,0.9869911497786611,0.8810908135125839,0.5217841248192615,-0.034440289541523145,143,-0.09411261277634833,0.5165155813668321,-0.7735049492930671
1789036859.6782613,LIDAR_ONLY,-0.2863805765457218,1.5380827063165556,-1.3324745186767786,0.06305515980413678,-0.03859574969887279,0.12896052488401677,0.9888900838560855,0.9075358445189241,0.5111725156862177,-0.03455024885543075,142,-0.08696504162223538,0.5157971770853453,-0.773269438800688
1789036859.8021333,LIDAR_ONLY,-0.2669419625012625,1.5160842507262708,-1.3395105579130115,0.06317698300519868,-0.0341732744088349,0.07447935562683673,0.994632435485567,0.9472434048611578,0.5004434006188863,-0.03400177241440344,96,-0.09669973750402877,0.5113031561135312,-0.7734175123261403
1789036859.9199524,LIDAR_ONLY,-0.2522952359880503,1.5195651904203993,-1.336506613771118,0.06533948283519471,-0.03258951356954539,0.058763415284288856,0.9955980798556494,0.9471801505759344,0.4997556018773095,-0.03477782893261247,128,-0.011239874754120093,0.5112441839695558,-0.7704253154645464
1789036860.0386703,LIDAR_ONLY,-0.2566177959957853,1.5237880748912473,-1.3378531209770086,0.06582368642229917,-0.03283391936785201,0.0580272748910307,0.9956013315647209,0.9438439450014741,0.4993482815817372,-0.03471055519849229,140,-0.033111733672067066,0.4955926577503063,-0.771805617504642
1789036860.1462188,LIDAR_ONLY,-0.2594130564760483,1.5228463101890883,-1.3387884388356388,0.06584828867831304,-0.032650201392938207,0.05802091806163621,0.9956061170434939,0.9409860665521583,0.4990042626186555,-0.03465663844128467,142,-0.02982355782995669,0.49175433069170177,-0.7719256098475048
1789036860.2752573,LIDAR_ONLY,-0.25455473943404905,1.5102020888031182,-1.3435557595769332,0.06646243476161975,-0.03421829419479825,0.043345749786501,0.996259503886112,0.9648324581012583,0.48437414238405796,-0.03420741204584798,143,-0.033080901195306885,0.4920754179189961,-0.7722485356982217
1789036860.3851488,LIDAR_ONLY,-0.2412152756537482,1.5088410718505225,-1.351776446278398,0.06700116004116162,-0.027828993853237095,0.0016992663600791237,0.9973632759171016,0.9820176294552209,0.48646460988716145,-0.03514192360459885,88,-0.021358236425387873,0.48362688923608543,-0.7715907312491513
1789036860.4883523,LIDAR_ONLY,-0.23856257576250617,1.511571088487469,-1.343655558539019,0.06802117866226774,-0.028585250996666894,-0.006756894309056786,0.9972513961174232,0.9803683442368367,0.4875850006295014,-0.03491316262445492,119,0.039374153878635264,0.49114592695134773,-0.7683284122027619
1789036860.627172,LIDAR_ONLY,-0.24079961375994224,1.5101867730349328,-1.3443482672227627,0.06800054832658038,-0.028568872748213656,-0.006748434762484567,0.9972533296838058,0.9762391457780729,0.4876223366958799,-0.03484852743965746,145,-0.002310786839495822,0.48139990403875416,-0.7709337250666698
1789036860.7337575,LIDAR_ONLY,-0.24444620792624192,1.5112219466111698,-1.3446388330650012,0.06800621500685133,-0.028587040203289362,-0.0067097614497740946,0.9972526836033807,0.9734257173610872,0.48765482548872097,-0.03480915818321234,144,5.086255469215908e-05,0.4790447228547671,-0.7710305011995513
1789036860.857427,LIDAR_ONLY,-0.24065978596077567,1.5121239902462849,-1.3423206617694359,0.06833291234522064,-0.03000941243462649,-0.01986913496489214,0.9970131722958809,0.9966555111993715,0.4689594031909631,-0.0344348612393502,142,0.00043623209155685795,0.47777277444794547,-0.7709808723734578
1789036860.9744196,LIDAR_ONLY,-0.21795790170465593,1.5103436133248669,-1.3440897292698362,0.06979967640225375,-0.024128919167984587,-0.06228982067428869,0.9953219472483718,1.0116507975370712,0.4724254068615112,-0.0352209074884246,105,-0.0043519903696694,0.4816739806339835,-0.7704356375022815
1789036861.1014123,LIDAR_ONLY,-0.1835293205124807,1.5128146666354523,-1.3401190609618456,0.0715402555520261,-0.023935599266032753,-0.07499045438260586,0.9943266619551228,1.011534443895653,0.4755195056426432,-0.03501889277993715,129,0.03333700300450089,0.47210190484709597,-0.769918154482036
1789036861.2058115,LIDAR_ONLY,-0.18612970653225722,1.5137225027967252,-1.34115172492089,0.07161906986688842,-0.02379050314697079,-0.07500480453445658,0.9943233880826517,1.0084354125783412,0.47596527601471483,-0.03498455148919041,144,0.041168777433732415,0.4682598191634317,-0.768956227973918
1789036861.3308568,LIDAR_ONLY,-0.18670112441617134,1.5146519836703278,-1.3416918521021175,0.07165822087504999,-0.023856159506298685,-0.07498906023980469,0.9943201817719399,1.0051483596197595,0.47644489091838865,-0.03495333340050929,144,0.04345473163479416,0.4679830531242205,-0.7688017137931775
1789036861.45788,LIDAR_ONLY,-0.19938561167727473,1.5006486200081266,-1.3516867486905597,0.07119445436458148,-0.026111764802759663,-0.08264261728322794,0.993689953262683,1.0224040810679809,0.458608392601322,-0.0335428757709068,146,0.0438165809956447,0.46738411187658546,-0.7687480181494694
1789036861.5743196,LIDAR_ONLY,-0.15330947226806368,1.5063429411801936,-1.3551727682135357,0.0730197940731817,-0.018420306112272404,-0.13038622935364125,0.988599126638892,1.0417247965684557,0.4524830745569668,-0.03523895669982556,114,0.0405172693550997,0.47238748769444044,-0.7685951846673503
1789036861.6876693,LIDAR_ONLY,-0.1003930157298114,1.5052129971188675,-1.3552545475540794,0.07568520802389696,-0.018429017685036454,-0.14252644523331837,0.9867210005886659,1.0426214024030984,0.45573795711463383,-0.03486328143156806,133,0.09784158140083069,0.45050602301042103,-0.7673424833788081
1789036861.813378,LIDAR_ONLY,-0.10417001464045791,1.5054043977833842,-1.3562780956946179,0.0756572443536605,-0.018354609938257903,-0.1424945065627459,0.9867291448367503,1.0390923774481862,0.45675459929392304,-0.034841691671616104,143,0.06109920483500578,0.4500750908590453,-0.7690942809805256
1789036861.9454324,LIDAR_ONLY,-0.10598231991439468,1.50678792460225,-1.3563004974178503,0.07564323572409046,-0.01836403551593914,-0.1424831036147767,0.9867316901129,1.0360589378179201,0.45764102455050965,-0.03482919873727279,148,0.059524612848179816,0.4506776927291478,-0.769137081263045
1789036862.055044,LIDAR_ONLY,-0.13297272940724036,1.5010162541722276,-1.3619313478124235,0.07475024374773492,-0.01896611391493947,-0.14941381613672147,0.9857627499201224,1.0474839994535852,0.44228471624091836,-0.03293606013318554,148,0.055292355891156664,0.4519231367140273,-0.7693169297784279
1789036862.1810977,LIDAR_ONLY,-0.13175604445334255,1.484210779937986,-1.3729937553130342,0.07494974311173623,-0.012735259190043978,-0.1972296997665418,0.9774051333560956,1.0678256641605852,0.4273296686186083,-0.03464487895775018,115,0.07652091028236202,0.4567649089472533,-0.767571087288303
1789036862.2927654,LIDAR_ONLY,-0.09802999776811594,1.5238138574850941,-1.3683823429345507,0.07951364717325415,-0.01311706348296184,-0.20594055598613387,0.9752404882688749,1.066008989917065,0.4291190432928861,-0.034351007022243356,100,0.1300337047243685,0.4308839847158783,-0.7665960143968301
1789036862.4071205,LIDAR_ONLY,-0.09991185165374557,1.5242605801649853,-1.36913178619254,0.07953020786068783,-0.013099573289705348,-0.20591929219231672,0.9752438630005721,1.0629546094641722,0.4304437985071171,-0.03434819789225172,135,0.07598395984656475,0.42796294868782775,-0.7693342247598194
1789036862.5247335,LIDAR_ONLY,-0.10542521330957584,1.5268694642867442,-1.3697891251466996,0.07956355349315321,-0.013023634440405375,-0.20586355272261975,0.9752539277346829,1.0601629314014211,0.43168580205261264,-0.03435275479731311,143,0.07718360138716797,0.42930331805876265,-0.7691623952828154
1789036862.648363,LIDAR_ONLY,-0.14557790820168906,1.5111421664771207,-1.3750501695227249,0.07845368644100223,-0.014473840822396509,-0.21146904947134595,0.974123384449501,1.067294407531197,0.419835660885025,-0.03218847864832094,146,0.07337238200310407,0.42955331077226977,-0.7693288461716141
1789036862.7674575,LIDAR_ONLY,-0.11058572580981876,1.4833655701082602,-1.3864100470774647,0.08060205876790788,-0.006748062352351448,-0.26226163150295534,0.9616010651087444,1.086614635755221,0.39556829025286294,-0.03374620647442208,142,0.10353058707152676,0.4331012026795638,-0.7679352005269983
1789036862.879599,LIDAR_ONLY,-0.10165043262208077,1.481562520904266,-1.3882110784396595,0.08163767927116272,-0.00698585990525092,-0.2699420724168503,0.9593840548101157,1.0856290027832005,0.3977628825549934,-0.033616856837208414,83,0.11324881351408192,0.39484772646977073,-0.7684289009692118
1789036862.9919558,LIDAR_ONLY,-0.10415717815655047,1.4811899520103893,-1.3887725216352778,0.08156999309026794,-0.006989120836976603,-0.2699309157368708,0.9593929274007779,1.0827898285538955,0.39946782024682365,-0.0336317347688711,143,0.09212929897508927,0.393784521972589,-0.769128040877752
1789036863.100628,LIDAR_ONLY,-0.11018099300981182,1.4847195904336739,-1.3885850383983862,0.08147506211151932,-0.007093903550842278,-0.2698618663652602,0.9594196495112001,1.080583550909143,0.40102380719781877,-0.03365916307163269,143,0.08800246176555675,0.39497022120967,-0.7691812884007214
1789036863.2285178,LIDAR_ONLY,-0.11852785314118429,1.482193998776503,-1.3933939353569509,0.0812122062413546,-0.007131615080283967,-0.2700573918790994,0.9593866388037813,1.083773293572405,0.39560967151472637,-0.03245958404124662,136,0.08698508116782602,0.397397356296228,-0.7690391609584889
1789036863.3431673,LIDAR_ONLY,-0.1089069973403468,1.4460893663852954,-1.4029280772509178,0.08258092406582503,-0.0011683248325222394,-0.3231226921966275,0.9427463878398705,1.1018169197361656,0.3595017907967343,-0.032593557907739094,139,0.10542412585759522,0.4029453443346271,-0.7679667737315731
1789036863.458291,LIDAR_ONLY,-0.11053515413549245,1.4429859236765166,-1.4074420422613674,0.08253736537395671,-0.0011627243544275342,-0.3303852006750617,0.9402296796868842,1.10068743200785,0.3619283775243265,-0.03265720115515407,104,0.12465615984412418,0.3450065294959676,-0.7697595680386696
1789036863.5723104,LIDAR_ONLY,-0.11001795817313717,1.4463073304690004,-1.4076643864494398,0.08269681458078955,-0.0012019625955161978,-0.330409049596124,0.9402072389048574,1.0980924611388878,0.3639956624315907,-0.0326905224226774,115,0.1102070466680783,0.3611362610263529,-0.7691535406488111
1789036863.6865876,LIDAR_ONLY,-0.1180147024235399,1.4464332034736744,-1.4106897970120122,0.08270925760708288,-0.0012827067322432578,-0.33032840403694624,0.9402343744279552,1.0964416973369056,0.3659270860222033,-0.03274265967420574,128,0.11032639324679881,0.3639057849370701,-0.7691854817824066
1789036863.8185701,LIDAR_ONLY,-0.1059547225031042,1.4645823196665386,-1.4112797717344903,0.08387478754005624,-0.0008417294660152978,-0.3368822177893294,0.9378031151814114,1.0999485163474818,0.36711532655403684,-0.03293158589497206,127,0.1154995411728253,0.3636801916885504,-0.7689142974537
1789036863.934414,LIDAR_ONLY,-0.07702370762900335,1.4396740050412555,-1.4172823867921236,0.08500415442715561,0.0048218354262321685,-0.38942993918409574,0.9171125155074039,1.114018885362999,0.3156336420027216,-0.031285258019188876,118,0.1090229438976929,0.364667353028876,-0.769216582819269
1789036864.103932,LIDAR_ONLY,-0.07559207695218084,1.4447517976729285,-1.4211746575173458,0.08544871598431056,0.006267441061561839,-0.40322945720310466,0.9110791628408929,1.1137594275375928,0.3152603026991262,-0.03131100112658967,81,0.13102056922506644,0.3164346901412223,-0.7699549862874948
1789036864.206229,LIDAR_ONLY,-0.07590531599733955,1.4501350531858104,-1.4238836715537582,0.08595621421257656,0.006374026271030209,-0.40355665502845905,0.9108857926269238,1.1127023763092507,0.31689102252957435,-0.031356208067908856,103,0.13102056922506644,0.3164346901412223,-0.7699549862874948
1789036864.2926238,LIDAR_ONLY,-0.07868740822926394,1.4356254292455615,-1.4326787514547648,0.08582353759714055,0.006601189191458614,-0.4043262448503538,0.9105553428654309,1.1149514800412228,0.3178064647470493,-0.031427872894424606,110,0.11209996096890117,0.31723618275169363,-0.7708060756468609
1789036864.4126716,LIDAR_ONLY,-0.05832522355182735,1.4578140605790595,-1.4372844748264426,0.08670881631148541,0.009067105441102185,-0.418692824681387,0.9039334529339549,1.1339004439869287,0.31533477160637713,-0.031744258605189014,108,0.13285307931445176,0.3132859216383021,-0.7696852608877213
1789036864.5226877,LIDAR_ONLY,-0.01136563413109163,1.4253126293698652,-1.4425125017814766,0.08357728737111997,0.011543649835541873,-0.4589059541579187,0.8844698448350684,1.1618290555910171,0.28597731575958807,-0.03142127756915454,97,0.1291017817970809,0.31140209664719254,-0.7697705062798564
1789036864.6570315,LIDAR_ONLY,-0.01617984446993546,1.4177993282670613,-1.4513184708996272,0.08710605343574782,0.014528627830258387,-0.47635376202623425,0.8748077204915787,1.165992910280683,0.2849084196806152,-0.031142029176656177,73,0.21273621520270272,0.3014447708974273,-0.7662674977831417
1789036864.7768934,LIDAR_ONLY,-0.015516739014947508,1.4234833883780285,-1.452915978675118,0.08778060945701702,0.014390425720296297,-0.47728129578953704,0.8742368357261114,1.1646452701350904,0.28731556546336795,-0.031233656688569214,83,0.1758377670618929,0.2746664926815122,-0.7696519279351393
1789036864.8708122,LIDAR_ONLY,-0.0008071227166690665,1.4299290525938806,-1.4536567406840857,0.08831017751748983,0.015433227544503754,-0.4835875084408981,0.870692970980192,1.1702387770817755,0.2870577103981614,-0.031305614649538474,90,0.17511368754291112,0.281822990962118,-0.7691386689087716
1789036864.9913337,LIDAR_ONLY,0.062114386195488425,1.4188204455447626,-1.4578470025983248,0.08821154848025198,0.01964244012548584,-0.5132997322913472,0.8534379192948156,1.2031746266273036,0.2738865897550822,-0.03151061228941912,87,0.18089134850104346,0.28315355081386034,-0.7689352728612568
1789036865.1058109,LIDAR_ONLY,0.12005349736919199,1.407940271827003,-1.4655797225552427,0.08677870349874689,0.0268690847093412,-0.5698752517268292,0.8166943775827296,1.2544337921383601,0.24570499346503222,-0.03151282391209868,81,0.20639333528540632,0.26785352054216593,-0.7682852775870536
1789036865.2318563,LIDAR_ONLY,0.1574146122396849,1.3721775216408436,-1.4711169430331752,0.08576655653582635,0.03167917480512808,-0.6212832792809979,0.7782336503579774,1.2931846486923457,0.21975330038931695,-0.031033472194377812,45,0.2659928115949823,0.24335031421238348,-0.7675276223464585
1789036865.3580897,LIDAR_ONLY,0.2019668114783847,1.357145320885846,-1.4737282179089255,0.08543161927932826,0.03584107708302724,-0.6567593626253359,0.748387596920742,1.317654258923324,0.19720363750838055,-0.030688336042372505,52,0.30066632213415206,0.20951460295661606,-0.7668481608138572
1789036865.4648745,LIDAR_ONLY,0.21851144462836097,1.364187549069687,-1.473081527120457,0.08624741722705488,0.03680619930679422,-0.6627461939053143,0.7429496410782298,1.3184978508595004,0.19640773859228172,-0.030660574852825,46,0.31466006877308683,0.18750994624310605,-0.7670682944108053
1789036865.593362,LIDAR_ONLY,0.21154738266042894,1.3641533342694359,-1.4762524933730925,0.08612518901576985,0.03738449674807813,-0.6627163575586881,0.742961560677291,1.3190797183225174,0.19604826911516213,-0.030683026287648817,71,0.33570161467032456,0.1828560384958296,-0.7650921005405548
1789036865.7293458,LIDAR_ONLY,0.2402700957809715,1.3458864018305046,-1.4798129791857506,0.08535070445292667,0.03845532436616217,-0.6653608930494644,0.7406290078559586,1.3233615565510986,0.19385952876545898,-0.030702593887128024,69,0.333046301058769,0.18383435786776858,-0.7652751189831822
1789036865.8266861,LIDAR_ONLY,0.25731026718106836,1.346614108134768,-1.4844971479194304,0.08480593026727416,0.04141871312415967,-0.6767521421180428,0.7301362766862644,1.3359242199045636,0.18124599715565465,-0.030516516396595653,64,0.33825930010209176,0.18137381118563417,-0.764600595975334
1789036865.9453428,LIDAR_ONLY,0.2852350503813111,1.2959090736763463,-1.4955405229876944,0.08265978186951602,0.0453520602501506,-0.7051345434471429,0.7027772241115531,1.3560235998683958,0.14442901959727542,-0.029521524667256924,40,0.3347074336291703,0.17629135137651625,-0.7649529351496225
1789036866.0731075,LIDAR_ONLY,0.29739267237725714,1.2411422096304094,-1.5056203958998053,0.08310268497654204,0.04592852351000501,-0.7138247876787862,0.6938578290782749,1.3568752973916458,0.09411289798659112,-0.027844352101707798,34,0.355988758044521,0.14060303943524932,-0.7655570622565506
1789036866.1826842,LIDAR_ONLY,0.2880690075980184,1.2036733412773242,-1.5191857466067886,0.08356157564394012,0.04619620625888576,-0.713849358548538,0.6937596607637471,1.3552966581711992,0.0498788036364593,-0.026329336895063893,41,0.3612028926486302,0.10001748198934811,-0.767161686137188
1789036866.3067853,LIDAR_ONLY,0.2904995239345703,1.1807389959696497,-1.5261525992440679,0.08380082811249544,0.04643744663804378,-0.7138609980343237,0.693702717482668,1.3542792837992805,0.02134170119389957,-0.02535213493002579,77,0.35746361844677255,0.04863828138611905,-0.7687990917981524
1789036866.4314609,LIDAR_ONLY,0.29107895604201345,1.176052095536949,-1.5279050184743947,0.08384028133501582,0.04651210401381877,-0.7138468955749677,0.6937074607382093,1.3540330621691399,0.014480732751545381,-0.025110290459787493,79,0.35873155363829007,0.01648196902430481,-0.7696387795855228
1789036866.5588396,LIDAR_ONLY,0.29191836104580526,1.1569334133655937,-1.533532086682238,0.08390288716657032,0.04664509044583438,-0.7138514767402008,0.6936862476784791,1.3527457815307502,-0.021669730076309488,-0.02387098121328713,87,0.35763181090527413,0.010738474303248587,-0.7697313368849825
1789036866.6674616,LIDAR_ONLY,0.3014716080332648,1.1017583404510065,-1.5457700564860637,0.08407192579611811,0.04643315738337272,-0.7138742815594616,0.6936565312287527,1.3511988599395661,-0.06510788462626493,-0.02238249488672229,97,0.35811836019570065,-0.014166586357449688,-0.7703223778486804
1789036866.775168,LIDAR_ONLY,0.311649265015271,1.0627407506311144,-1.5548665900273437,0.08457672786221246,0.046503271623033,-0.7139082921048587,0.6935554579818397,1.3494376217394715,-0.11454470166498773,-0.02068750978517033,93,0.3574489608635925,-0.06348868595791032,-0.7726613303931111
1789036866.9032493,LIDAR_ONLY,0.3220401935078386,1.026309803947083,-1.563028559640592,0.08495228116282137,0.046955074639450145,-0.7139868157472784,0.6933982678301833,1.347498367487182,-0.16897809424036403,-0.018821285721217003,87,0.35494510589544825,-0.11083183980734601,-0.7752964481944671
1789036867.0173233,LIDAR_ONLY,0.3192293997706049,0.9836448988187019,-1.5738331197818978,0.08499810033019982,0.04747928328655894,-0.7139609805415063,0.6933835582583878,1.3459148269529295,-0.21342565372697694,-0.017297533123947995,85,0.34860613302182697,-0.15880233468640062,-0.777889846891044
1789036867.1300027,LIDAR_ONLY,0.33190832652764396,0.9383758517278045,-1.5842822883742742,0.08542736133613456,0.04774651285005009,-0.713930863311251,0.6933434638456308,1.3440999357060643,-0.26436567309742676,-0.015551391882037753,79,0.34901598282985674,-0.20692751077167754,-0.7796552510757119
1789036867.2616944,LIDAR_ONLY,0.3363326485355296,0.9008988570480223,-1.5918068113559658,0.08563747899685237,0.048296568393669276,-0.7139676627519745,0.6932415453627561,1.3423035660410412,-0.31480116496864646,-0.013822447982812236,89,0.3462467286574098,-0.2562919059885592,-0.782245308131489
1789036867.3739114,LIDAR_ONLY,0.3353665877485048,0.856218829798452,-1.6041443894032636,0.0856558306543429,0.0484377607268466,-0.7139725532512994,0.693224390233425,1.340578733205528,-0.3632319403068894,-0.012161468383184444,86,0.33848045228492507,-0.30352345252555646,-0.7843687513889807
1789036867.5087738,LIDAR_ONLY,0.346868478905206,0.8140657302995402,-1.6151147832969786,0.08629770527367772,0.04853851030864765,-0.7138951651414505,0.6932174350585651,1.33860705708936,-0.4187479286718813,-0.010386551382429693,87,0.3398205437583349,-0.35019280460435254,-0.7853139867179757
1789036867.6200178,LIDAR_ONLY,0.3642926597586829,0.7782880078655553,-1.6271409940799755,0.08705885973393471,0.050332514796925285,-0.7139738818187423,0.6929131900726966,1.3369908444922995,-0.46404221848533134,-0.009178076644730013,60,0.33507451734321037,-0.3994424469096039,-0.7875173999151459
1789036867.742954,LIDAR_ONLY,0.3387509091370125,0.731434824057706,-1.644526642121322,0.08724133020710548,0.05156791235980559,-0.7136590018876915,0.6931237477847734,1.3351275769514452,-0.5163200682379714,-0.007786986946758681,60,0.3183651096509739,-0.4590400985304868,-0.790085341103807
1789036867.862684,LIDAR_ONLY,0.3460212575052917,0.6983574605197628,-1.6567065681829916,0.08847150349675155,0.05285491058102753,-0.7135850765927025,0.6929469604238717,1.3333713227717192,-0.5655005160453526,-0.0064704303100211885,60,0.29850922453410816,-0.5160867408618329,-0.7941501021589675
1789036868.007293,LIDAR_ONLY,0.3510418381398035,0.6642171740896532,-1.6689664038077807,0.08943788743976258,0.054344812446699184,-0.7135507238220763,0.6927430044276425,1.3314173771256033,-0.6201824871334031,-0.0050063528057824325,60,0.2844373817637504,-0.5746250981987918,-0.7963875104102407
1789036868.1264176,LIDAR_ONLY,0.3464704201193014,0.6160554639042084,-1.6875252521147373,0.09014890804745755,0.05527486503157876,-0.713324677805931,0.6928100516784211,1.3296060499728484,-0.6708347188336964,-0.003649620743335094,59,0.26871105690325875,-0.630055506611173,-0.7984405265884505
1789036868.232423,LIDAR_ONLY,0.3465141618067377,0.5831186308475138,-1.7009462116841967,0.09145062555010093,0.05653674502803997,-0.7132826114964358,0.6925808946866454,1.3280287636610026,-0.7149574982030102,-0.0024684935777996853,62,0.2576163794333694,-0.6888388350060652,-0.8013636212273945
1789036868.3741755,LIDAR_ONLY,0.3592756884980563,0.5520113048026374,-1.7122700457106779,0.09245321156968461,0.057828308532088174,-0.7132909791665234,0.692332484751677,1.3258086715434407,-0.7771254734461807,-0.0008072322111952468,59,0.248965884032357,-0.7442421308201762,-0.8042471394946973
1789036868.4817002,LIDAR_ONLY,0.36400979004330253,0.5001021235678662,-1.7301064081017228,0.09325600056027201,0.05896930031175455,-0.7131766472689333,0.692246350492719,1.3242321443977176,-0.8212455330066671,0.0003715357379007883,61,0.2300700386113319,-0.7971639890492727,-0.8082481476581549
1789036868.586551,LIDAR_ONLY,0.3641497405265133,0.47208192105066676,-1.741744063487565,0.09423617544514565,0.05996745003115726,-0.7131601322713099,0.6920448496398195,1.3226526094795321,-0.8654034050978617,0.0015504288785871678,61,0.21137018569140417,-0.853693300637118,-0.8128841549090379
1789036868.7231212,LIDAR_ONLY,0.37984056811144706,0.4200251538115129,-1.7583486894118954,0.09512135483038793,0.06100671722784114,-0.7130608256010871,0.6919352334586019,1.3208870832585364,-0.916591982504436,0.0027515972413550693,57,0.19088561570769091,-0.9005617154836387,-0.816216576970616
1789036868.8533041,LIDAR_ONLY,0.3823141599337132,0.38655591232114517,-1.7692463804306622,0.0956419969447304,0.061227515211307454,-0.7130405103192896,0.6918648932017585,1.3189720217927763,-0.9700395277183099,0.003775325148825323,61,0.17095018128331743,-0.9595267635499124,-0.8198042848970464
1789036868.9790986,LIDAR_ONLY,0.35900064736722714,0.34295644534130326,-1.7853573326288834,0.09519490481114014,0.061890573351819765,-0.7130342910130382,0.6918739674736397,1.316877882367353,-1.0284631052309263,0.004896674545776414,55,0.17464890467987276,-1.0045385898191346,-0.8211326680527796
1789036869.0709343,LIDAR_ONLY,0.36038028874046196,0.2930756554624443,-1.7999075682576031,0.09558989220218397,0.061650355256652974,-0.7129183096600412,0.6919604684929429,1.3154455325346943,-1.0684240979666133,0.005663142351113065,64,0.1722914004215493,-1.0529421893192115,-0.8231988127099962
1789036869.1912916,LIDAR_ONLY,0.3736711865095888,0.2502184924137588,-1.8100855728340208,0.09586100013994013,0.061734515917642147,-0.7130216614855505,0.6918089537213074,1.313708486643329,-1.116880667370121,0.0065922408434104796,58,0.16666765494979965,-1.097225397850451,-0.8253027783868514
1789036869.3064036,LIDAR_ONLY,0.36977669202551317,0.20264248945173627,-1.8263607426853774,0.09607449814623267,0.062017004757971964,-0.7128919060574712,0.6918877887378452,1.3118639112412156,-1.1683373868985736,0.007578824879251211,62,0.15525827899118655,-1.1462093675344716,-0.8271443351783146
1789036869.4322293,LIDAR_ONLY,0.36303370871423735,0.16310083165791522,-1.8371462772242522,0.09618428659405462,0.062175237995813155,-0.7128843551242713,0.6918661135014553,1.3100013137945776,-1.2202968065616984,0.00857498481941256,61,0.1528942825555767,-1.1929592658823378,-0.829765018605117
1789036869.5526874,LIDAR_ONLY,0.35930874751361136,0.11373977759521094,-1.8538445383054696,0.09670442401363892,0.0619862463361746,-0.712723887996689,0.6919758804468727,1.308174395580914,-1.2712595985462543,0.009551923447829638,58,0.14589812881379793,-1.239901261948514,-0.8318714398929516
1789036869.6670263,LIDAR_ONLY,0.3625641162006743,0.078044446384091,-1.8644630976888636,0.09702640453650517,0.062056506190951134,-0.7127726519615921,0.6918742757739518,1.3064011729128273,-1.3207232263103124,0.01049998494308571,62,0.1380470670316081,-1.2867803333069068,-0.8339905314069842
1789036869.7692857,LIDAR_ONLY,0.3496810895138618,0.030999236869870064,-1.8785100832486645,0.09726268283575407,0.062048009693436657,-0.7126023517077916,0.692017270999214,1.3048079206058298,-1.3651843317111745,0.0113522969791532,61,0.13770953695313662,-1.3348536222986773,-0.835412224886608
1789036869.8994608,LIDAR_ONLY,0.3547424850594737,-0.007419386590955576,-1.8905161423444414,0.09761820975829755,0.06214511149159881,-0.7126828492604845,0.6918755860783349,1.3028205941857829,-1.4206319434963957,0.01241559038435687,64,0.1249739007367201,-1.377068096887541,-0.837094998763418
1789036870.0170372,LIDAR_ONLY,0.35158902136945985,-0.037911628470174326,-1.9005814310713829,0.09798979147823161,0.06248213714570147,-0.7126286758689646,0.6918485048281919,1.3012450621560079,-1.4645912373797976,0.013258241068306309,64,0.1284177891042282,-1.4267589673164343,-0.8379170902884072
1789036870.1387837,LIDAR_ONLY,0.3361930232711299,-0.08951362295762061,-1.9153283738921327,0.09791879199636745,0.06257654927604742,-0.7125504247826565,0.6919306163169328,1.2994191272226032,-1.5155331529278155,0.014234940302917803,57,0.11868221534674922,-1.4690805604772363,-0.8390941185758458
1789036870.2637296,LIDAR_ONLY,0.3331139100773725,-0.12309769991261905,-1.9261475790417941,0.09828643997276366,0.06277820608653853,-0.712503419880796,0.6919086277943112,1.2975931902708437,-1.5664748197374236,0.015212741875536742,62,0.11614811135611934,-1.5207633987575782,-0.8407035426847166
1789036870.3937633,LIDAR_ONLY,0.3335554710117412,-0.17903955951289996,-1.9400270126949015,0.09844743888942846,0.06241329132781047,-0.7124382642785622,0.6919858397637136,1.2956054333405371,-1.621923804079219,0.01627596240758128,66,0.10741053831413096,-1.5642962154842435,-0.8421562974450554
1789036870.5380967,LIDAR_ONLY,0.3259247867566274,-0.21003437462086183,-1.9518307770365813,0.09893394497629127,0.06252663516757913,-0.7123587733853171,0.6919880579945114,1.2933310139026444,-1.6853695547175862,0.017492430068087497,63,0.10402473835069777,-1.6162850437777356,-0.8436161289138001
1789036870.6325653,LIDAR_ONLY,0.3161643293396562,-0.2632636882349316,-1.9680528429572155,0.09913857386490554,0.06204465150380826,-0.7122496237763981,0.6921144976246222,1.2920415108866525,-1.7213408755767714,0.01818208319560806,84,0.0992460085042124,-1.659137181954504,-0.8444022694598246
1789036870.7488997,LIDAR_ONLY,0.3307074785512958,-0.2950171704902496,-1.975991823824738,0.09964830165113861,0.06242682697205683,-0.7122907803424938,0.691964559418563,1.2903220669684696,-1.7693048371692102,0.019101589639247518,79,0.09449934901020247,-1.7100406973077507,-0.8455567854108526
1789036870.8802598,LIDAR_ONLY,0.31826195841571364,-0.3460967244192312,-1.9927041586048708,0.09967836998238636,0.06250049582429357,-0.7121832362725576,0.6920642662005592,1.2882442820216986,-1.827262568617688,0.020212499028588016,79,0.09018968580057804,-1.7552366410768832,-0.8466389125765417
1789036871.0025046,LIDAR_ONLY,0.30439535144058777,-0.39084093581129065,-2.0054362057415474,0.09977799253787432,0.06245397634553144,-0.7120346645296917,0.6922069701699292,1.2865253868506752,-1.8752225326273009,0.021131819475267585,79,0.09016212478867389,-1.8081657232804753,-0.8463571674801842
1789036871.1076257,LIDAR_ONLY,0.31219662990215713,-0.428351920032441,-2.0173672807584215,0.10042096114418184,0.062387458239062096,-0.7120309580297678,0.6921237970367433,1.2848960044128832,-1.920680023745546,0.022003540913575217,78,0.08724153555277137,-1.8591353472751997,-0.8473706550224207
1789036871.215936,LIDAR_ONLY,0.3086039856586832,-0.478710295274456,-2.0309299407064,0.10041004434447158,0.06233336969647529,-0.7119578252441514,0.6922054818409359,1.2831235586612064,-1.9701341462435484,0.022951658530872235,73,0.08815437125382412,-1.908045460005737,-0.8490994347219798
1789036871.3288844,LIDAR_ONLY,0.3104041494657211,-0.510740359557392,-2.0411965207178215,0.10057035444197077,0.06278157590049727,-0.7119607228788051,0.6921387191977891,1.2813335679759212,-2.020082613190646,0.023908978868422553,82,0.0838549767273512,-1.956922504210672,-0.8514635880349907
1789036871.4590836,LIDAR_ONLY,0.3134039533612582,-0.5633068750147152,-2.054338542183768,0.10063132335770524,0.06278352120988749,-0.7119160622668614,0.6921756182575423,1.279579199386836,-2.06902097897114,0.024848488938468596,82,0.0810274458131351,-2.005527164481954,-0.852509300100722
1789036871.578023,LIDAR_ONLY,0.32730074357779,-0.596283340189536,-2.0637068596491392,0.10084321729408392,0.06331488814704635,-0.7120130721985107,0.6919965718723926,1.277734810182967,-2.1204722586211147,0.025835181800602333,82,0.07471955412989657,-2.058140830163523,-0.8539214837696939
1789036871.6947927,LIDAR_ONLY,0.32637124828614555,-0.6427639271524543,-2.075022321403701,0.1008513970265357,0.06339220448435104,-0.7119813827112207,0.6920209063323366,1.2758901989890472,-2.171927042511819,0.02682175711375684,77,0.06842518628007511,-2.1007299867434646,-0.855414617854743
1789036871.8163223,LIDAR_ONLY,0.32234545973137774,-0.6942313070116186,-2.088461072959323,0.1008054186280344,0.06338699148068093,-0.7119568339995779,0.6920533385567562,1.274099232499142,-2.221886036954561,0.027779610186885628,78,0.06411053688797595,-2.152828182185254,-0.8572097618413747
1789036871.9373355,LIDAR_ONLY,0.327131860424973,-0.7296183758897364,-2.096108612660994,0.10089975283434673,0.06355901712861177,-0.7119983418258755,0.6919811070085774,1.2723797943304342,-2.269849370615112,0.0286991346974437,74,0.0576789641838696,-2.202188522546392,-0.8603333029024773
1789036872.0544095,LIDAR_ONLY,0.3272493877096556,-0.7761768137715068,-2.1080890992983226,0.10100803067098915,0.06357206334350926,-0.7120007804480527,0.6919616023621407,1.2705706717613505,-2.3203128620944096,0.029666464979989357,79,0.05475315670794325,-2.250281504750508,-0.8625612112042266
1789036872.1692886,LIDAR_ONLY,0.32632059505913197,-0.8126362514347981,-2.115819447443711,0.10107509528890019,0.06387312240207621,-0.7120736036834707,0.6918491398304869,1.2687794630591596,-2.370274728209495,0.030624048593332107,79,0.05185963838696277,-2.2998852645437253,-0.8632122033159902
1789036872.2909129,LIDAR_ONLY,0.33435741372916966,-0.8597631154887072,-2.127298534947292,0.10135232411599818,0.06373081228432154,-0.7120499103761133,0.6918460920575004,1.2670607006756056,-2.418231121022905,0.031543553772331145,73,0.049981622846165114,-2.3454016904544415,-0.8653350233143128
1789036872.4042232,LIDAR_ONLY,0.3304911854930846,-0.9085704685604855,-2.1408473778902346,0.10140436390618328,0.06371730540100703,-0.712059573005716,0.6918297655233798,1.2652166413686787,-2.469682757213593,0.032530151441418284,76,0.047362252520659946,-2.394848561852233,-0.8661913722139066
1789036872.5219898,LIDAR_ONLY,0.3292215367036332,-0.94435210716424,-2.1489297872055513,0.1015231282775173,0.06415022281730944,-0.7121482825810015,0.6916810153200437,1.2633904917438163,-2.520634245229863,0.033506691846350564,77,0.04665690737911769,-2.443888800421265,-0.8662930568295459
1789036872.6321173,LIDAR_ONLY,0.3416621610068112,-0.9901585370116492,-2.1598470292237613,0.10169948801238725,0.06436487169524123,-0.7122082911930983,0.6915733709343358,1.261654217589572,-2.5690736009417576,0.034436135839911675,81,0.0395345399680871,-2.4885423465735252,-0.8672068048960249
1789036872.758274,LIDAR_ONLY,0.3383204640387048,-1.0430453408310925,-2.1747874630370876,0.10175729014062851,0.0643116941861182,-0.7122093251776507,0.691568750757394,1.2598458851122494,-2.619521994837378,0.035403989334762034,82,0.03781689204329785,-2.5346971348803096,-0.8684560573187685
1789036872.8829203,LIDAR_ONLY,0.34166545351978733,-1.082426976541476,-2.1841714325786903,0.10193574423090825,0.06467488775809233,-0.7122940625286653,0.691421312535258,1.2580550460173847,-2.6694767985667167,0.03636182812723179,83,0.035432473759820116,-2.5842273057143292,-0.8686667749934741
1789036873.023906,LIDAR_ONLY,0.3480800429577323,-1.1206083151788977,-2.194299294827059,0.10229060765092239,0.06494280476486317,-0.7122729056448525,0.6913655846076786,1.2557447574174427,-2.733922546915673,0.03759745618951997,76,0.02983968384533076,-2.6323211397852218,-0.8693000014552522
1789036873.1236837,LIDAR_ONLY,0.34774884835242875,-1.1665177053841964,-2.205488703921224,0.10239369913987006,0.06523198349969515,-0.7122656063561504,0.6913306189568453,1.2543835747846592,-2.7718928438720187,0.03832541984077552,86,0.02787114973731275,-2.6772355331574347,-0.8692139673709186
1789036873.25186,LIDAR_ONLY,0.34777728504733185,-1.2186857395011428,-2.2194018629878522,0.10244569548606977,0.06538878819778701,-0.7122740986698446,0.6912993521033136,1.252646161093731,-2.82035704648884,0.03925448169540997,86,0.025576783327670088,-2.726244492747804,-0.8702012494061823
1789036873.369631,LIDAR_ONLY,0.355579477474665,-1.2558434185150262,-2.2276935232348194,0.10261119347669172,0.06566841796439785,-0.7123697247809962,0.6911497501054238,1.2508191171541916,-2.871319501651823,0.04023127092520695,87,0.02429407585667789,-2.7730706203240185,-0.8706697839586877
1789036873.4863431,LIDAR_ONLY,0.3557946772447796,-1.3042185576312058,-2.2397782100442205,0.10272351061499235,0.0658207758535152,-0.7123175839253401,0.6911723124255912,1.2490284687437623,-2.92127675578257,0.041188949850918935,78,0.01997796234283952,-2.8179815520452847,-0.8720527952153972
1789036873.6216688,LIDAR_ONLY,0.34724865896924906,-1.351486805315311,-2.2533410549769086,0.10267274645762388,0.06607575377476764,-0.7122410784709942,0.691234365491488,1.2468800689545703,-2.9812203372406727,0.04233842844951041,73,0.01692848891601378,-2.8692380360145324,-0.8718224323011815
1789036873.7289941,LIDAR_ONLY,0.3503913429868679,-1.4005817695857126,-2.265545274188019,0.10269117678202122,0.06620652341994421,-0.7122820445352852,0.6911769002942749,1.2455194019706388,-3.0191851721003617,0.0430661468734584,76,0.01216596240396229,-2.9164335526930167,-0.87292570286218
1789036873.8518686,LIDAR_ONLY,0.3492250518726202,-1.4365264168832943,-2.275006298367622,0.10283442808863547,0.06628069836561089,-0.7123259482209192,0.6911032433110256,1.2437114118576986,-3.069627708046535,0.04403325475865291,83,0.010843373750272623,-2.960752291100591,-0.8737245203805994
1789036873.979001,LIDAR_ONLY,0.34398242347835006,-1.4826348127006073,-2.28843497925073,0.10288365097123296,0.06604653561402288,-0.7122441486246175,0.6912026347216922,1.241957103078157,-3.1185707505305915,0.044972763579056094,82,0.006592016462284439,-3.0030597337478118,-0.8751576771366486
1789036874.0886424,LIDAR_ONLY,0.3511934699781557,-1.5300646535441056,-2.299815918357814,0.10302682702427426,0.06606803671286969,-0.7122844516221783,0.6911377195722355,1.2401663147268487,-3.1685246583173847,0.04593062887489675,80,0.0027523154976915676,-3.053459106983637,-0.8771718481108706
1789036874.2122607,LIDAR_ONLY,0.348654812002317,-1.5768785058940207,-2.3127083063906753,0.1029966265876404,0.0660761094306705,-0.7123045883532865,0.6911206957434622,1.2382858563558137,-3.2209792646904343,0.046936365644295305,73,-0.0009233256948084688,-3.1019813892842456,-0.8817676480780651
1789036874.321976,LIDAR_ONLY,0.34442244154639057,-1.6267277209166924,-2.325979536387529,0.1028546297165231,0.0660083923480422,-0.7123104885469683,0.6911422322441909,1.2365664949497956,-3.268940549994531,0.04785590490695109,74,-0.005835363443964867,-3.151981294371144,-0.8833360144679373
1789036874.4503,LIDAR_ONLY,0.3453626559239395,-1.6688578261556306,-2.3367110232021546,0.10298377059424195,0.06611148231306553,-0.7123418680896935,0.6910808041517631,1.234775370655244,-3.3189029624692687,0.04881373105781442,73,-0.011111238264033589,-3.1977331721919664,-0.8853911823918825
1789036874.5640862,LIDAR_ONLY,0.3485583591966463,-1.7095174191978573,-2.3487778127547294,0.10342826679614811,0.06613528873712247,-0.712325895419572,0.691028607168985,1.2328587400157345,-3.372364362862348,0.04983847746205171,77,-0.014887002027958047,-3.2470024864162066,-0.8878760124142894
1789036874.6724472,LIDAR_ONLY,0.3442168883140108,-1.7558906167919264,-2.361618199341758,0.10350948308027826,0.06607656591971865,-0.7123200693035645,0.6910280697743586,1.231157332461432,-3.419826477378528,0.05074819077846665,75,-0.017007048376089143,-3.2942358271841305,-0.8888099531741283
1789036874.791474,LIDAR_ONLY,0.34744873130585807,-1.8114762987373925,-2.375203464202564,0.10332699860178177,0.06578298147117137,-0.7124218785889583,0.6909784349865706,1.229349032955533,-3.470279123879214,0.051715675843457654,75,-0.021992031405127923,-3.340623121127853,-0.8897612537825031
1789036874.9087574,LIDAR_ONLY,0.3515607833450638,-1.8615113130234449,-2.387747596295593,0.10319290530003875,0.06590320423159497,-0.7125598840755627,0.6908447029354474,1.2275765648092218,-3.5197330950904044,0.05266384810586286,71,-0.023179327570341125,-3.3887817395602196,-0.8909793375418156
1789036875.0322142,LIDAR_ONLY,0.3504165550813245,-1.9138390603106687,-2.401191691465762,0.10294111198317628,0.06550620976347629,-0.7125928775848405,0.6908859925931683,1.2257862847523389,-3.569682949421155,0.053621177112946325,73,-0.026958978622248865,-3.432584893287723,-0.8916741318964067
1789036875.1511567,LIDAR_ONLY,0.3557976677704129,-1.9607961129049998,-2.411614268771998,0.10275196829234004,0.06549072113288171,-0.712690026799321,0.6908154052699811,1.2240141971271299,-3.619120856463724,0.054570163731617466,76,-0.03280428371956803,-3.475088797018623,-0.8917245064393844
1789036875.2759786,LIDAR_ONLY,0.36363800514100453,-2.008043630572734,-2.423611211804367,0.10268414273476044,0.06552060146510422,-0.7128229931560319,0.69068545521283,1.2222414761879052,-3.668573199874214,0.05551859722466504,82,-0.03434215425396559,-3.521197058183843,-0.8915687946855457
1789036875.4095888,LIDAR_ONLY,0.36448958770750745,-2.0546261737440474,-2.4349660250435523,0.10287974368415957,0.06548262120207228,-0.7128562605105476,0.6906256124058142,1.2201282443364916,-3.727520925480801,0.05664885008989837,80,-0.03484749415913957,-3.570704878580355,-0.8902017204760708
1789036875.5221062,LIDAR_ONLY,0.37102963375570264,-2.106132083423062,-2.4474309056883627,0.10293735473102196,0.06545979274999535,-0.7130095135512793,0.6904609692947717,1.218588027417268,-3.7704852961774016,0.057472604073568856,86,-0.03965048813941881,-3.6160945159033404,-0.8902851013905136
1789036875.6396036,LIDAR_ONLY,0.36861024765858463,-2.1570613668900314,-2.4616096872210314,0.10294983376967315,0.06520413745642989,-0.7130019835415634,0.6904910742733437,1.2168507043582721,-3.818947672257287,0.0584017118835133,79,-0.041797552454540574,-3.6677223205259226,-0.8905310602011471
1789036875.7743335,LIDAR_ONLY,0.36793863846727115,-2.2016191558758886,-2.4747984181711495,0.1029636583015467,0.06506229889617714,-0.7130541906744741,0.6904484799701407,1.214737090064327,-3.877904631721432,0.05953185949436837,77,-0.045653267720747,-3.7130879910805823,-0.8895922586090544
1789036875.8893738,LIDAR_ONLY,0.370936872958406,-2.245299119073929,-2.4865885296728987,0.10310262743529483,0.0647754360650374,-0.7131059617795568,0.6904012444752519,1.212927979379426,-3.928365680790682,0.060499022211893,79,-0.04746779078100952,-3.7621976094918304,-0.8890125465019186
1789036876.003938,LIDAR_ONLY,0.3697662619511809,-2.2907732683921953,-2.499642713695992,0.10312852517103922,0.06465750923628535,-0.7131158149569881,0.6903982533680374,1.211388321367881,-3.9713267692738006,0.06132275268641954,81,-0.05265944001378964,-3.8067824961848147,-0.8908158483763607
1789036876.1179929,LIDAR_ONLY,0.37111765861358365,-2.33132607116433,-2.5116906421152287,0.10320317507489096,0.06449260778791856,-0.7131208062017642,0.6903973667079858,1.2096516778552862,-4.019781238771898,0.062251884700323154,83,-0.056188112748399605,-3.850455600555226,-0.8912055016480976
1789036876.2295105,LIDAR_ONLY,0.3721282760660946,-2.376147507244453,-2.5241191562165177,0.103178751064241,0.06462402743017623,-0.7131642613243756,0.6903438395301178,1.2078434273027885,-4.07023369084794,0.06321888911439702,85,-0.05694568235355442,-3.897179708430774,-0.8930213297498203
1789036876.3470428,LIDAR_ONLY,0.3738463115453574,-2.422168481045974,-2.536570208389059,0.10322562585276518,0.06449559092645066,-0.7132262885090701,0.6902847602967414,1.20614296121579,-4.117674929822872,0.06412895723567796,82,-0.0603016913613543,-3.9449776031394896,-0.8970500801354406
1789036876.4681787,LIDAR_ONLY,0.3742145555033118,-2.469545707348372,-2.5505507993791174,0.10326987563996065,0.06457096580594332,-0.7132517320953319,0.6902448042710673,1.2042989135547832,-4.169120227362709,0.06511613438115893,82,-0.06665527425093519,-3.992330066139166,-0.8999043774964571
1789036876.5948026,LIDAR_ONLY,0.3793122812998676,-2.518222337523047,-2.5626546084701527,0.10347034345011386,0.0643779966074617,-0.7132994005745114,0.6901835456740244,1.2022752370468377,-4.225569307472446,0.06619849201431334,85,-0.07331999159916686,-4.0403180206707825,-0.9023290197193555
1789036876.7001474,LIDAR_ONLY,0.3791164070187183,-2.558255872743556,-2.5748417561449664,0.10363011607195115,0.06430231484764938,-0.7132950834439492,0.6901710913120293,1.2006633847548367,-4.270531258999015,0.06706055691441232,86,-0.0751478682239428,-4.0925088598259505,-0.9047340568156821
1789036876.8222427,LIDAR_ONLY,0.38100044527966176,-2.602975994879585,-2.586691919328164,0.10373759311462627,0.06417910984237712,-0.7133389004353319,0.6901211247022773,1.1987827867037886,-4.3229898496170645,0.06806629980288342,87,-0.07871850120939186,-4.136473880049486,-0.9059548594166469
1789036876.939638,LIDAR_ONLY,0.3842400299881445,-2.6501149910512436,-2.5979281872125073,0.1036833312848246,0.06417909742636721,-0.7134126129422181,0.6900530805395879,1.1971349041351953,-4.368955950125536,0.06894747915188723,84,-0.08126453711331942,-4.177746597486828,-0.9057621324594454
1789036877.063831,LIDAR_ONLY,0.3845217015949842,-2.695622408400818,-2.609488255911822,0.10367485583655346,0.06395916252549663,-0.713416445774665,0.6900708113625381,1.1953794697819002,-4.417920405220369,0.06988599042912941,85,-0.08786771968736938,-4.224906442930877,-0.9059569315164347
1789036877.1936789,LIDAR_ONLY,0.39020066230723666,-2.7419988658186405,-2.6200781671431423,0.10368384512861543,0.06379011685520575,-0.7135133644385566,0.6899848983988823,1.1933379857387763,-4.474872240885193,0.07097771327376119,90,-0.09080165781628957,-4.272782215584576,-0.9069917013069104
1789036877.3118262,LIDAR_ONLY,0.38831019694214924,-2.791473263139376,-2.6331436406361557,0.10348495861402714,0.06356479755181772,-0.7135414035890326,0.6900065544739723,1.1916192488320845,-4.522826789980585,0.07189734973485723,90,-0.09372776877184001,-4.317888803831004,-0.9076907010539748
1789036877.4163024,LIDAR_ONLY,0.38708735292539037,-2.834837489700086,-2.6432636413117274,0.10353935891714147,0.0632489047435373,-0.7135243513844496,0.6900450544603381,1.1899362890589793,-4.569783341837359,0.07279750702663543,95,-0.09592632710953394,-4.365072632954773,-0.9061965027625346
1789036877.5356967,LIDAR_ONLY,0.3888355831098185,-2.8772730457774602,-2.653458940942723,0.10357771124212838,0.06318464551158301,-0.7135217613804951,0.6900478638050362,1.1882177034840695,-4.617731192841238,0.07371663001743695,95,-0.09928567850227049,-4.406361195156173,-0.9046234502883892
1789036877.665109,LIDAR_ONLY,0.3931252795290935,-2.928812384489543,-2.6657545738186275,0.10335618112638562,0.06288003058225816,-0.713588601873595,0.6900397878767803,1.1864097154849602,-4.66817076567722,0.07468489410314832,94,-0.10592915357244666,-4.449567991016805,-0.9068522219837624
1789036877.8189409,LIDAR_ONLY,0.3968478840071432,-2.9718785808532537,-2.677333393743221,0.10345447672543272,0.06285005611357117,-0.7136402535137327,0.6899743692752964,1.183813058755239,-4.740604031136434,0.07607381266162994,91,-0.10905397343034233,-4.497379204359874,-0.9078174274105022
1789036877.9173706,LIDAR_ONLY,0.39538728332791545,-3.0124013869204975,-2.687700208139464,0.10358190483111974,0.06272395946586584,-0.7135967977939556,0.6900116695235624,1.1823982347962887,-4.780070152574198,0.07683051347687925,95,-0.1115392198562041,-4.5453817550506335,-0.9079359646189703
1789036878.0323312,LIDAR_ONLY,0.39460212544695034,-3.0555297103281207,-2.6984829284394047,0.1036521726777696,0.06250583353443367,-0.7135693056630298,0.6900493416335715,1.1809297585254483,-4.8210358757357,0.07761674506899244,93,-0.11756236112079613,-4.588721521587383,-0.9095953541294854
1789036878.1477294,LIDAR_ONLY,0.3952718246723512,-3.1067402418367847,-2.7111483907209886,0.10347608325989141,0.062407569823363984,-0.7135874287427929,0.6900659221858325,1.1792276103972459,-4.868499866692527,0.07852661506448362,97,-0.12060006909537221,-4.634113035208683,-0.9115068283257448
1789036878.269105,LIDAR_ONLY,0.3936589225840465,-3.153046133186604,-2.724000387650956,0.10348190273414307,0.06259779194335024,-0.7136206292492261,0.6900134852017583,1.1774337534540034,-4.917970069659224,0.07946191739977079,100,-0.12327671452456557,-4.678663259076992,-0.914099022878502
1789036878.4008589,LIDAR_ONLY,0.38469181954585674,-3.1943287480905154,-2.7370797136919927,0.10427929001474244,0.06251331823643604,-0.7134256748898382,0.6901026888261416,1.1756487970280647,-4.967804567647096,0.08043532093896014,94,-0.12531126911434096,-4.728998402395356,-0.9159329681633327
1789036878.5256748,LIDAR_ONLY,0.37243069729012446,-3.2307109412277835,-2.753794046195935,0.10511631677594763,0.06280111517180154,-0.7133104559974957,0.6900686728473346,1.173973441711407,-5.0208708482244555,0.08151731355034506,102,-0.1323971803448542,-4.792186092783806,-0.9146893606410061
1789036878.6401813,LIDAR_ONLY,0.3662441359116763,-3.2808362573947636,-2.769708310347809,0.10573036559301081,0.06316803042159944,-0.713170559492024,0.6900859676866772,1.1720962864628575,-5.067411563917958,0.08246723506388354,103,-0.13869847244927466,-4.849834164476826,-0.913653254822783
1789036878.7617402,LIDAR_ONLY,0.36117051111709647,-3.3132074617314844,-2.7810384617244557,0.10644061254378133,0.06376744130027408,-0.7130470440270912,0.6900492898594623,1.170058596985674,-5.118046807636046,0.08349754616321933,104,-0.14535559562685707,-4.911365578216334,-0.917036803091333
1789036878.8796346,LIDAR_ONLY,0.35632039040230923,-3.3473382874590647,-2.791690644285532,0.10746671200976377,0.06390501043005255,-0.7129211768443926,0.6900075731892744,1.1680471199178055,-5.1686777527123855,0.08451665778870773,106,-0.15238904363485298,-4.967795430967331,-0.9242128014463413
1789036878.9980662,LIDAR_ONLY,0.35115600896503424,-3.3916109580462908,-2.804717818199832,0.10815073590647936,0.06414520543571917,-0.7127831305895534,0.6900210284400412,1.1660496086697534,-5.218309643462373,0.0855215248956028,107,-0.1602508782909621,-5.020210745671614,-0.9259760999521799
1789036879.1264336,LIDAR_ONLY,0.34947637953058763,-3.4217392924346544,-2.820673755565793,0.10930245236822161,0.06465226909265963,-0.7125798174267036,0.6900022186946857,1.1639906475435586,-5.269407764744031,0.08656049870388982,103,-0.16626697721100833,-5.077256748317587,-0.9291454399900844
1789036879.2441664,LIDAR_ONLY,0.34551759056321407,-3.453096344471488,-2.8327350886364453,0.11042543861201753,0.06510845054923388,-0.7124222507546509,0.6899432214349952,1.1620701783133374,-5.31698815312288,0.08752604049174313,107,-0.17362388031510084,-5.133484129761986,-0.9310565482546096
1789036879.3598993,LIDAR_ONLY,0.3411064006924977,-3.490092783813406,-2.8434942800246827,0.11132023294624979,0.06493899292582818,-0.712291926664966,0.6899499577088781,1.1600817899842317,-5.367964822973722,0.08815419994546995,106,-0.17975539072311283,-5.193950951193425,-0.9330014517229019
1789036879.4858208,LIDAR_ONLY,0.34024431385319454,-3.5247270728638096,-2.852404764744414,0.11155541324587202,0.06526453968773631,-0.7122345881660933,0.6899404474697552,1.158181092219436,-5.417929341774211,0.08868726236429587,109,-0.18519916977598552,-5.2452203202265455,-0.9328836224831134
1789036879.6054788,LIDAR_ONLY,0.3374138288392623,-3.5630851085317845,-2.8626262086782983,0.11180961957579322,0.06520827179896414,-0.7121268310783663,0.6900158452655946,1.1562696925891371,-5.468362652089843,0.08921386429978348,113,-0.18641482289526656,-5.2923886146126025,-0.9338340095024406
1789036879.7308133,LIDAR_ONLY,0.33980623233700225,-3.6023687793933536,-2.8734224425755337,0.11183536374040819,0.06535872181397995,-0.7121154942105015,0.690009138928773,1.1544742142295539,-5.516276925839506,0.08972421416179302,110,-0.18999176797669054,-5.336418571724834,-0.9340783078219544
1789036879.862748,LIDAR_ONLY,0.339560461916697,-3.637546358691338,-2.88379770653549,0.11209572309342108,0.06525394017995197,-0.7120624519123762,0.6900315476350987,1.1523422087230428,-5.572234343748572,0.09032200305896901,121,-0.19083340636715837,-5.38030725865985,-0.9341740374989188
1789036880.0015788,LIDAR_ONLY,0.3365480141186915,-3.678171995866554,-2.8951163408750262,0.1122537378036279,0.06515121619296155,-0.7119820420664184,0.6900985358284898,1.1501161001877882,-5.630682473857013,0.09094430463354963,114,-0.19083186609204353,-5.422614426979351,-0.9351619100779255
1789036880.1204033,LIDAR_ONLY,0.3357546054857388,-3.7183579586313873,-2.904999704803704,0.11256076421896803,0.06488061025805512,-0.7119225371358908,0.69013540837214,1.148689120171418,-5.6681439712304345,0.09134341956348166,119,-0.1916411701763112,-5.470232180839448,-0.9366806702558399
1789036880.278818,LIDAR_ONLY,0.3323100791144914,-3.7507412286191784,-2.914804164272875,0.11307634215133641,0.06470724828421479,-0.7118079505413168,0.6901855941783551,1.1460825721436216,-5.736566237580704,0.09207333863742147,121,-0.19332302256585324,-5.5169189647838275,-0.9378674006054664
1789036880.374964,LIDAR_ONLY,0.32875287725780394,-3.795149699211855,-2.9256163400391673,0.11299873595744081,0.06448332256802375,-0.7117508801556326,0.6902781116189991,1.1447509208464586,-5.771525026855579,0.09244575997318195,124,-0.19677622885145804,-5.5627297573460055,-0.9393860537563593
1789036880.4971514,LIDAR_ONLY,0.33091751904603883,-3.844278580893384,-2.939909873087021,0.11315293854650105,0.06442656105157316,-0.7117758704205386,0.6902323818949996,1.1428297806508545,-5.821964190025577,0.09298278811191359,125,-0.1994002061407826,-5.611462651899114,-0.93957555192333
1789036880.601748,LIDAR_ONLY,0.33234212715946443,-3.8762778902798547,-2.948429429887042,0.11350838506426082,0.06446094352173595,-0.7117565718535016,0.6901907096620054,1.1410570008879637,-5.868428381319164,0.09348817494863865,121,-0.20107149921241504,-5.6608409312635395,-0.9414383944379874
1789036880.7497115,LIDAR_ONLY,0.3329614423503232,-3.9132541319592256,-2.9574150410041073,0.11362745112499752,0.06453879487397324,-0.7117225530384635,0.6901989233572182,1.138525435062304,-5.934882124162695,0.09419573740450793,119,-0.2064825575841253,-5.709010107248576,-0.9425140483417612
1789036880.8459191,LIDAR_ONLY,0.3329280334675649,-3.964552097284531,-2.9714141276675483,0.11359586305936434,0.06463418301316509,-0.7117537933708882,0.6901629806822225,1.1372125059496931,-5.969358980335988,0.09456235792459129,132,-0.20783718263806622,-5.754341729243996,-0.9431857818015386
1789036880.9778817,LIDAR_ONLY,0.329541142749311,-3.9985327944442726,-2.982633825553069,0.11416897869855813,0.06462388106964395,-0.711604082343086,0.6902237523376599,1.1351574604059607,-6.023319305032408,0.09513695794938268,134,-0.21138186657990674,-5.803628615314323,-0.9445851543842773
1789036881.081304,LIDAR_ONLY,0.3275931845705211,-4.037692648003418,-2.994146119464516,0.11434766002663718,0.0646626038039875,-0.7115410090704954,0.690255570587201,1.1334643165706617,-6.067781265631614,0.09561063891115443,127,-0.21304629979208298,-5.855770564844793,-0.9455374799885162
1789036881.195641,LIDAR_ONLY,0.3273313448276016,-4.082855757067833,-3.004817484266552,0.11416447431255067,0.06455625134188178,-0.7115886626317283,0.6902467228691574,1.1316000397080608,-6.116738392770881,0.09613210639989764,133,-0.2143592601497356,-5.905341248165345,-0.9464314161344642
1789036881.3107102,LIDAR_ONLY,0.3259489989386038,-4.126491507750511,-3.019066049071455,0.114376824319845,0.06454494664648971,-0.7115487591106405,0.6902537615464452,1.1296596715154534,-6.1676890165702565,0.09667459198394757,129,-0.21474735170909542,-5.953613294887026,-0.9495830955500406
1789036881.4472122,LIDAR_ONLY,0.32631701654888207,-4.1614356779381705,-3.028960345734996,0.1146952937628429,0.06446402714482556,-0.7114363519919731,0.6903243410580855,1.1276053532243502,-6.221628254776632,0.09725028402280592,133,-0.21825733729818234,-6.00205227730602,-0.951004371688418
1789036881.5788474,LIDAR_ONLY,0.32755294494972714,-4.199843616395021,-3.0404974174273804,0.11484957538176599,0.06444790383528605,-0.7114715868073721,0.6902638798978735,1.12564550596383,-6.273083475653611,0.09779855080339359,131,-0.21932758365938543,-6.049766445466993,-0.9526602520547311
1789036881.707382,LIDAR_ONLY,0.32032987565172905,-4.239855900932991,-3.0548687500169334,0.11517900063188996,0.0640903052066442,-0.7113401835925474,0.6903777037234613,1.1236664722759768,-6.325041396222623,0.098352059387863,134,-0.22077643934808855,-6.096673524027711,-0.9535577808918111
1789036881.8097456,LIDAR_ONLY,0.31539913922299995,-4.283501165748229,-3.068014489744264,0.11540008210936692,0.06390814598066985,-0.7112403439452282,0.690460529698214,1.121934738497664,-6.370507132417774,0.09883636657160699,134,-0.22309030604134478,-6.140718578337837,-0.9564785244652997
1789036881.932645,LIDAR_ONLY,0.31857822627281873,-4.3225343996896886,-3.0760966372217298,0.11571599978082037,0.06362857717151318,-0.711317921285377,0.690353551754537,1.1201267734875375,-6.417973909939204,0.09934192624123804,144,-0.2282358594808514,-6.19031971294105,-0.9582820266841463
1789036882.0690556,LIDAR_ONLY,0.31385841589499547,-4.365139794098551,-3.0884793577752774,0.11584638446412567,0.06354578083338244,-0.7112447081251718,0.690414740651447,1.1180331907357401,-6.472937709231059,0.09992720002658284,144,-0.22937888031875894,-6.238212065888263,-0.9600502791698617
1789036882.1811354,LIDAR_ONLY,0.3145659209495141,-4.407869147216022,-3.0992239801681984,0.11630774508962727,0.06340307372102692,-0.7111731975984251,0.690423957936371,1.116282202152631,-6.518905798482143,0.10041662374643637,141,-0.2345466092477039,-6.289034977881844,-0.9593957548738824
1789036882.287772,LIDAR_ONLY,0.31757614407086093,-4.443386085829526,-3.108013279230247,0.11649760956040497,0.06349565639431425,-0.7112022974584212,0.6903534606820119,1.1144368226194559,-6.567366577281651,0.10093282525637176,141,-0.23597106525674733,-6.338782812965354,-0.963860837477106
1789036882.4245458,LIDAR_ONLY,0.30926141826544606,-4.482314735690737,-3.120334637285321,0.11656573264366489,0.06352488259388367,-0.7110402720586362,0.6905061554942574,1.112306250570037,-6.62331742424012,0.10152888089262925,145,-0.23934198174817722,-6.3851338029386735,-0.9649073335461449
1789036882.5416448,LIDAR_ONLY,0.3020622127833406,-4.522655913678412,-3.1326134033027113,0.11672767420472968,0.06355029488026259,-0.7109733844199265,0.6905453328651652,1.1106892634241257,-6.665779402182904,0.10198094610931377,142,-0.24372773523032798,-6.433103181174365,-0.9665283900561469
1789036882.6748016,LIDAR_ONLY,0.30355568740086025,-4.561818754100611,-3.142512775085982,0.11663566224646406,0.06418413589321245,-0.7110639670507815,0.6904089757194468,1.1084447212698028,-6.724712687049447,0.10260956011802239,138,-0.24571996301389742,-6.478338164868625,-0.9681173163255218
1789036882.7841716,LIDAR_ONLY,0.29725261275290144,-4.598374661926433,-3.1514056908799963,0.11685051108326801,0.06417011726442602,-0.7110100551803749,0.6904294718088513,1.1066372717426722,-6.772169321591577,0.10311541827806517,143,-0.24976566053756435,-6.529804253406645,-0.970174251242662
1789036882.9066248,LIDAR_ONLY,0.29889273601219357,-4.638634680537015,-3.1627675017145616,0.11701180695529947,0.06418843800717493,-0.7109914607777728,0.6904196000696559,1.104924715987227,-6.817131580553717,0.1035944250218234,145,-0.25401941127271016,-6.576447949492057,-0.9731563947172203
1789036883.0403402,LIDAR_ONLY,0.30434601940201333,-4.680881634980298,-3.1736914667274245,0.1168417429480018,0.06457058443605239,-0.7111455469776705,0.6902540530444494,1.1027744234388488,-6.873587361397142,0.1041958289573397,144,-0.2547870966733874,-6.62786631016193,-0.9744365172306743
1789036883.1478631,LIDAR_ONLY,0.29978291621259295,-4.718783969375632,-3.184042312171667,0.11708194226094965,0.06473041988875634,-0.7110746290886477,0.6902714418284095,1.1010426696152498,-6.9190544610726326,0.10468012024168959,141,-0.25840176945161475,-6.677056963638288,-0.9767546235488761
1789036883.2649596,LIDAR_ONLY,0.3005820998867711,-4.759629070709658,-3.196092614947131,0.11716278741898596,0.06506392345591712,-0.7110664189339428,0.6902348259637401,1.099044346486698,-6.971519123366729,0.10523884131978031,142,-0.26129529561909626,-6.723289887367628,-0.9777145317257632
1789036883.4064252,LIDAR_ONLY,0.30502393892366253,-4.80283048658909,-3.210547247308994,0.11709643984981134,0.06568013787326099,-0.7112054092171847,0.6900444979591287,1.0971220822774868,-7.021985295345757,0.10577615997960838,146,-0.2631959709815688,-6.770590771980131,-0.9795714494635371
1789036883.5191913,LIDAR_ONLY,0.3038198497041219,-4.845426753998671,-3.2226161500572075,0.11732181897632067,0.06573347708345505,-0.7111604024185534,0.690047522142126,1.095162322210773,-7.0734457548308205,0.10632421725973526,146,-0.26424649301471953,-6.824130035634814,-0.9816937696238084
1789036883.6400115,LIDAR_ONLY,0.30457228728122177,-4.881254286619011,-3.232560395622487,0.11754790599843874,0.06610613764154855,-0.7110621634002691,0.6900746830177353,1.0931459275719113,-7.126399543708138,0.10688836544503935,144,-0.27037880466815645,-6.870330066948593,-0.982735338963302
1789036883.735311,LIDAR_ONLY,0.30700483092377484,-4.914232497721137,-3.242711005546246,0.11808838350708736,0.06644535361840069,-0.7110411866779568,0.6899714338368015,1.091586036005024,-7.167363730101059,0.10732458118934154,143,-0.2705312857680646,-6.920855717723981,-0.9841186236809242
1789036883.8839724,LIDAR_ONLY,0.3030741242921215,-4.961692180196903,-3.2556993455952288,0.11772462441816371,0.06712082499387394,-0.7110690249917165,0.689939525868082,1.0893034481406185,-7.227298379237614,0.1079633338557784,143,-0.2730283023008677,-6.970566835980207,-0.9842963381581338
1789036884.0036306,LIDAR_ONLY,0.3028928039908779,-5.008454042216948,-3.2695855249268377,0.11766467315705909,0.0674023773623638,-0.7109593624307257,0.6900353101029253,1.0875152671677513,-7.274251544467661,0.10846421599423578,139,-0.2780037375721533,-7.0172001081284145,-0.9872016930598386
1789036884.123831,LIDAR_ONLY,0.30513043247233507,-5.04681123098543,-3.2817405876178336,0.11777172044190494,0.06780149422454833,-0.7109577165949144,0.6899796406121111,1.085688574784136,-7.322210758321524,0.10897516587305231,139,-0.2783300288683519,-7.070865751347612,-0.9903346131424557
1789036884.2413266,LIDAR_ONLY,0.30158515095394606,-5.08516680989006,-3.291599357910628,0.1177304052022245,0.06824852238554835,-0.7108899434486279,0.6900124485737312,1.0838808265866526,-7.369672864494047,0.10948077274307597,148,-0.28258819121697304,-7.117327317524614,-0.9915084718714295
1789036884.361632,LIDAR_ONLY,0.30607759678472024,-5.123689515619053,-3.3020617048223238,0.11805603527783386,0.06789095550987337,-0.7109236770892942,0.6899573291503411,1.081901716731278,-7.421634396956768,0.11003425984702886,146,-0.2836598621225217,-7.16948348500861,-0.9960940556629774
1789036884.4827108,LIDAR_ONLY,0.30616585673618535,-5.162947327431818,-3.3131596846642277,0.11804162147360266,0.06798865165122464,-0.7109238882810488,0.6899499575461151,1.079979557577839,-7.472099917611333,0.11057172488481487,143,-0.2879034600183584,-7.21773939176665,-0.9982462379465685
1789036884.591095,LIDAR_ONLY,0.3067019917425937,-5.207220938940006,-3.323990610587607,0.11791425520218597,0.06846984002584248,-0.7108915160469295,0.6899575072708809,1.078228578433746,-7.518069773130953,0.11106119622537955,144,-0.2873660405999433,-7.265476156009659,-1.0005506400657462
1789036884.720234,LIDAR_ONLY,0.3143342968519621,-5.256430994613204,-3.3366768584964324,0.11810473997341656,0.0683141272080547,-0.7110549603480673,0.689771914319525,1.0761923139098366,-7.57153122408823,0.11163044665971372,145,-0.290886909796698,-7.314901362084545,-1.0028583138656266
1789036884.8454072,LIDAR_ONLY,0.3143505463621471,-5.289527293956238,-3.3452268459616104,0.11839175257477798,0.0684776682196639,-0.7110375907045412,0.6897243989323212,1.0742709962040236,-7.621988346683504,0.11216799641448108,141,-0.29369080170217093,-7.367523600313366,-1.0047462131881129
1789036885.0333958,LIDAR_ONLY,0.3120240827430216,-5.331960857381611,-3.3547293826854068,0.11856263829246548,0.06835867713394157,-0.7109416133292193,0.6898057802733133,1.07113221328529,-7.704415037747242,0.1130457715186255,143,-0.2969419835000225,-7.465837181620597,-1.0121622410154356
1789036885.123224,LIDAR_ONLY,0.31916403445565417,-5.372537338841852,-3.3654360967968215,0.1188009357311863,0.06851376087447665,-0.7110279089353023,0.6896604345294293,1.0696865961861706,-7.742371565376271,0.11345045844504531,145,-0.2986765101478414,-7.51826596349415,-1.0138974867160535
1789036885.2325323,LIDAR_ONLY,0.31984098606048866,-5.405926899481179,-3.375161812860961,0.11910056985821041,0.06872259021634615,-0.7110082382275635,0.6896082547547863,1.0679555271725871,-7.787825291813022,0.1139354168028768,142,-0.2986765101478414,-7.51826596349415,-1.0138974867160535
1789036885.331253,LIDAR_ONLY,0.32315994131100817,-5.461672715268657,-3.391471523136546,0.11943879941439585,0.0687604214398044,-0.7109663383471698,0.6895891844968902,1.0664333268392325,-7.8277907527311985,0.11436122406545832,143,-0.300224731910769,-7.568253864368374,-1.0165001058271315
1789036885.46653,LIDAR_ONLY,0.3309565297031538,-5.5041161423432285,-3.4025744639938007,0.11972975660259279,0.06895066147235974,-0.7110950628300797,0.6893869764400057,1.0641689423679412,-7.887242536120868,0.11499456880364713,137,-0.3014017486607165,-7.622266704777538,-1.0176185796811867
1789036885.5542545,LIDAR_ONLY,0.33107398343155636,-5.534085099784126,-3.4110707561251625,0.11997091413124922,0.06924699953315401,-0.7110355516526748,0.6893767308983849,1.0628939829324602,-7.920717180859283,0.11535114787288298,148,-0.3024492370428385,-7.6746783827836325,-1.02062101978924
1789036885.6681035,LIDAR_ONLY,0.3262004278550653,-5.578450026043055,-3.4232222763007605,0.11969700164950692,0.06990643555748191,-0.7108772097825534,0.6895210734093173,1.0609909529489872,-7.970681753891308,0.11588332242334254,144,-0.30245309656691965,-7.721808829233215,-1.0221547168310057
1789036885.782453,LIDAR_ONLY,0.3358768267656414,-5.6164297933539,-3.4353956862380217,0.11979393099822079,0.07033424392946415,-0.7110430710073612,0.6892896774211006,1.0592400411652458,-8.016651184099832,0.11637284406186141,144,-0.304150225093066,-7.771084461195862,-1.0239187165137345
1789036885.9209204,LIDAR_ONLY,0.33526578577043137,-5.659226922238872,-3.448351122550854,0.12001771725310335,0.07058759604176396,-0.710991842125532,0.6892776938660801,1.0572226639043687,-8.069615009254841,0.11693675528927447,146,-0.3076304005508881,-7.819838785639122,-1.0252150557082227
1789036886.0257926,LIDAR_ONLY,0.3348213896974092,-5.698841781764975,-3.459194373783464,0.1204445289524123,0.07040530824230068,-0.7108974675563053,0.6893192283976779,1.0554343166897104,-8.116577838983554,0.11743695953017437,143,-0.3102470097861058,-7.874787043403183,-1.0280330235384334
1789036886.149209,LIDAR_ONLY,0.34345323912320175,-5.7372592697326,-3.4704167759042197,0.12073025185810146,0.07069261948903487,-0.7109890807804917,0.6891453307154953,1.0533799060717874,-8.170530581836367,0.1180117372442092,145,-0.31135038843016233,-7.924673263284279,-1.0309597444275458
1789036886.274531,LIDAR_ONLY,0.34621112716864916,-5.775445495083019,-3.4803518647168934,0.12118000171365573,0.07054851049433769,-0.7110229065927652,0.689046254726114,1.0516488322161157,-8.215990289415304,0.11849574918135833,146,-0.31390802739389373,-7.974626727836344,-1.0342359699172723
1789036886.4072144,LIDAR_ONLY,0.34899358323281704,-5.8216332082058075,-3.4969987800674445,0.12153149634593803,0.07010225700413994,-0.7109778487106382,0.6890763873487727,1.049575568061624,-8.270428358345228,0.11907624180714091,143,-0.3164012463489657,-8.025723520818024,-1.0380502326484387
1789036886.5205894,LIDAR_ONLY,0.3561688762907224,-5.862427994234648,-3.508205462867966,0.12177450610606005,0.06978741506620084,-0.7111571456485097,0.6888803964071465,1.0477112105039816,-8.319381722059827,0.11959825846428651,146,-0.3184167356075689,-8.077353203304833,-1.037872639321514
1789036886.6344733,LIDAR_ONLY,0.36261913417749814,-5.9108334684263495,-3.5202533164116203,0.12213563750928472,0.06937974700215689,-0.7112142675993045,0.6887986660260763,1.0457893780452243,-8.369839351191409,0.12013580911864263,146,-0.3208613398852146,-8.124719188195074,-1.0375920723168823
1789036886.7674038,LIDAR_ONLY,0.3657165383634704,-5.952879686578241,-3.5331404595263307,0.12253609321361948,0.06890262576818498,-0.7112278950414613,0.6887613631273788,1.04379134450443,-8.422298291568142,0.12069463394869118,146,-0.32399172182089125,-8.1755635815725,-1.0406954047527959
1789036886.8795137,LIDAR_ONLY,0.36775548194237095,-5.991300717984239,-3.543722805348357,0.12287840102835533,0.06870726354122529,-0.71119267672521,0.6887562610022666,1.041945436096943,-8.470763227697784,0.12121085727243097,142,-0.3270158673436889,-8.227323898777994,-1.040911885977625
1789036887.0041716,LIDAR_ONLY,0.3655169330322869,-6.0293018962113125,-3.555476522601107,0.1228332380716021,0.06910548257926155,-0.7111439098953459,0.6887748306384988,1.0400422994607774,-8.520729653088363,0.1217429774018988,141,-0.33138323084766746,-8.275257743359239,-1.0423896330224913
1789036887.1306906,LIDAR_ONLY,0.3677811926060447,-6.076120417630869,-3.5705233295149905,0.12332955893661958,0.06892595577722029,-0.7111877044408533,0.6886589007374007,1.038329410080067,-8.565699994975049,0.12222178497060152,146,-0.3320885072866119,-8.325042811751556,-1.0456383521252064
1789036887.3038635,LIDAR_ONLY,0.3692266943801384,-6.112809990824819,-3.581133290400768,0.12355704429801019,0.06915521960351831,-0.7110782480689813,0.6887081657197603,1.0354753780298465,-8.640641773723397,0.12301993499222541,143,-0.3339974474818729,-8.378270558105966,-1.049494106441705
1789036887.4687307,LIDAR_ONLY,0.3719567845030683,-6.160629920464339,-3.5950113438932396,0.12337163490363517,0.06926657311132005,-0.71115902713866,0.6886468032814885,1.0329834379562224,-8.706084388837066,0.12371706668270407,147,-0.3396726819876571,-8.477758805620454,-1.052459833293966
1789036887.5162935,LIDAR_ONLY,0.37828470138836706,-6.20047829249892,-3.606622511861334,0.12399818026884174,0.06888455210457917,-0.7112195852310726,0.6885100372217593,1.0323937273649468,-8.7215708031054,0.12388194395713543,147,-0.3396726819876571,-8.477758805620454,-1.052459833293966
1789036887.6733606,LIDAR_ONLY,0.37849392436441276,-6.246648239608725,-3.6195045271767534,0.12404526757688418,0.06862891337121726,-0.7112656826995886,0.6884794640765645,1.0297497660901864,-8.790995272908178,0.12462202975366682,138,-0.33964242787102217,-8.579392210486288,-1.0581640276135207
1789036887.7804396,LIDAR_ONLY,0.38220395326980855,-6.28957045896511,-3.6318429188712873,0.12412401683160951,0.06869150645126475,-0.711305897332672,0.6884174793007544,1.0280946712745722,-8.834454068371215,0.1250854315157207,146,-0.33964242787102217,-8.579392210486288,-1.0581640276135207
1789036887.8741064,LIDAR_ONLY,0.3772440776842269,-6.327380918408829,-3.643920081164703,0.12423690186576927,0.06873114436249272,-0.7111801950653613,0.6885230222412406,1.0266676040374965,-8.871922057437354,0.12548461086540075,142,-0.3434861958571205,-8.629217213440036,-1.0592554161000345
1789036888.0337968,LIDAR_ONLY,0.38052282499666484,-6.370744640744005,-3.6575551866144322,0.12459427015245701,0.06852603685901926,-0.7112284527671706,0.6884290363515978,1.0239846014835634,-8.942365976098117,0.12623503915153467,145,-0.34375028943739566,-8.68074796858032,-1.0617894618968058
1789036888.109283,LIDAR_ONLY,0.38264171470297104,-6.4087704737594375,-3.668373411588108,0.12493528779344105,0.06841734132604647,-0.7112156867649351,0.6883912319090992,1.0228808984911817,-8.971344585704452,0.12654371416872018,144,-0.3453634977595729,-8.73103073503955,-1.0641539244217728
1789036888.2390664,LIDAR_ONLY,0.3835903003395082,-6.453105555673856,-3.681503922782151,0.1249743382260167,0.06827905215379722,-0.7112660270631039,0.6883458611539814,1.0209778539844407,-9.0213099202846,0.1270758697095726,148,-0.346709524770451,-8.77955126133388,-1.0665364837548534
1789036888.352296,LIDAR_ONLY,0.3850252949821425,-6.489238166135714,-3.6926324674693585,0.1250789578188204,0.06868269841779814,-0.7113046401288876,0.6882467945294924,1.019093718595421,-9.070777274451785,0.12760259867049112,149,-0.34831198965553145,-8.832993680925906,-1.0696069558721484
1789036888.4734433,LIDAR_ONLY,0.38589534076266346,-6.535853514017287,-3.7052722293735836,0.1253027599943421,0.06852111365336805,-0.7113038551373582,0.6882230023678625,1.0172098172093922,-9.120242247980574,0.12812929486113722,144,-0.3519123004804375,-8.882389975027296,-1.0696998824504251
1789036888.609843,LIDAR_ONLY,0.39024588389697706,-6.572053696675074,-3.716356929675516,0.12569791794305205,0.06859038983377663,-0.711316018391005,0.6881314655119325,1.0152883971665452,-9.170700245431567,0.12866679400659248,144,-0.35286093108637623,-8.932889874948168,-1.0697305255994953
1789036888.7214067,LIDAR_ONLY,0.39159731845922746,-6.613885871073176,-3.7283683626963513,0.12560117593881992,0.06864091430100643,-0.7113858466094896,0.6880719052035241,1.0134432432301246,-9.219157764356035,0.12918297654473962,139,-0.3541276802315647,-8.982684431458367,-1.0718789037620993
1789036888.8333614,LIDAR_ONLY,0.39371202336192335,-6.660427734074023,-3.742245392501789,0.12584583853422227,0.06854936763507803,-0.7114907391984729,0.6879278575223278,1.0116550961395918,-9.266114377869265,0.12968287317930555,147,-0.3546770622359853,-9.033728025611017,-1.0727810987291126
1789036888.9556851,LIDAR_ONLY,0.39626407755671966,-6.7015987322635215,-3.7556183202590487,0.12605734697451568,0.06878512934962738,-0.7115008287869263,0.6878551605458948,1.0096390053133464,-9.319053131654165,0.1302477645394538,146,-0.35871400279817506,-9.085607756828537,-1.073620631452227
1789036889.092706,LIDAR_ONLY,0.3982514305520028,-6.740571109266816,-3.7673050322949075,0.12630909892961267,0.0688329983796897,-0.7114601776567436,0.6878462367929956,1.007774509861843,-9.368009018954934,0.1307695471430539,143,-0.36056414475484216,-9.135600003562093,-1.0781887846388394
1789036889.2217574,LIDAR_ONLY,0.39219714864788974,-6.789965521211336,-3.7813291624664465,0.12622010924977536,0.0687239250606039,-0.7113637005195533,0.6879732492825332,1.0058146238992443,-9.419466499170346,0.13131773637445157,149,-0.36477113090388097,-9.184455155901142,-1.0800603172469756
1789036889.3481584,LIDAR_ONLY,0.39197024291011534,-6.829778700057703,-3.7936139516244416,0.12631714020027923,0.06880981289426828,-0.7113572257048787,0.6879535501605739,1.00385465065551,-9.470926979507347,0.13186591258654035,140,-0.3649311404077901,-9.237336786232763,-1.0834362570834957
1789036889.5184507,LIDAR_ONLY,0.39105322654881464,-6.872274989246107,-3.805801793623086,0.12630617683187334,0.06888552719372561,-0.7113786390615044,0.6879258431868657,1.0009049289488565,-9.54837318440203,0.1326907535578709,139,-0.37038229376079074,-9.334648283747624,-1.0865316946652672
1789036889.6188183,LIDAR_ONLY,0.39455609265855873,-6.915585264009182,-3.8183698787460885,0.12639649388435187,0.06875055390654809,-0.711385200663348,0.6879159715753475,0.9993443145895441,-9.589346345352888,0.1331270194024353,147,-0.37305439454808553,-9.384047108942859,-1.0884054914162888
1789036889.7612252,LIDAR_ONLY,0.3962779013041702,-6.961791325826557,-3.833415858247226,0.12659676284960922,0.06854370907470599,-0.7113545366550209,0.6879314956902342,0.9971179244476495,-9.647804010659655,0.13374948331422565,139,-0.37440187987084333,-9.434100343628895,-1.0916574893805056
1789036889.8374465,LIDAR_ONLY,0.3936906022764133,-7.0037820332885525,-3.846262601188194,0.1268544838709318,0.06845816248380891,-0.7112809401350624,0.6879686359942304,0.9960715844506499,-9.675281124370851,0.13404219328292166,147,-0.37440187987084333,-9.434100343628895,-1.0916574893805056
1789036889.9898896,LIDAR_ONLY,0.39813289190537976,-7.050334408373829,-3.8581198508015304,0.1270550507299203,0.06826418625221686,-0.7114132110360253,0.6878141159664811,0.9936747954775885,-9.738225902305468,0.13471273814745913,148,-0.3776579364109859,-9.484047350246437,-1.0922269632708794
1789036890.0840077,LIDAR_ONLY,0.3975983922610576,-7.094009821168562,-3.8734263574081633,0.12719156398393267,0.06849522404164433,-0.7113796225254124,0.6878006564335395,0.9923622399769835,-9.77269507138209,0.13507969535211978,148,-0.37976669616816305,-9.5349570616851,-1.0935708056756916
1789036890.203755,LIDAR_ONLY,0.3935930144324601,-7.136146062044208,-3.886754503262245,0.127285864787512,0.06839693118927725,-0.7112707327533768,0.6879055990160706,0.990517225184923,-9.821140165126295,0.13559624314549854,144,-0.383445494042663,-9.58443033472498,-1.0946548738941833
1789036890.3830051,LIDAR_ONLY,0.3928913259365831,-7.184765838857506,-3.9007237003203463,0.12754761600873615,0.06812024969935175,-0.7112883267388933,0.6878663776318563,0.9878538047994782,-9.891074425977353,0.1363418789130463,148,-0.3873272835169025,-9.687795255959381,-1.0994635102033539
1789036890.4724798,LIDAR_ONLY,0.39372477859425015,-7.226153472522864,-3.912784760614222,0.12757477764466443,0.06821691743042754,-0.711337970562852,0.6878004215764395,0.9865599259250339,-9.925046038720456,0.13670379354421797,141,-0.3873272835169025,-9.687795255959381,-1.0994635102033539
1789036890.5719676,LIDAR_ONLY,0.39234252640752876,-7.268823148948497,-3.9273689607532054,0.12780155302630042,0.06817647127362438,-0.7112854940711015,0.6878166018153179,0.9848854475587836,-9.969011198195613,0.13717214536130135,147,-0.3895815217789881,-9.737519555649232,-1.1014691127506835
1789036890.6990743,LIDAR_ONLY,0.39046576970030783,-7.317794670892361,-3.942271209199526,0.1279023672931948,0.06806669423330627,-0.711252692987434,0.6878426537334461,0.9829635045194954,-10.019473998856279,0.1377096638371367,146,-0.39189658247372416,-9.787208196551669,-1.101686565319635
1789036890.8301444,LIDAR_ONLY,0.3919785871561862,-7.356494031799852,-3.9552603699498348,0.1280336760762211,0.06832244274833771,-0.7112664451199956,0.6877786458255838,0.9810604516818904,-10.069439906669354,0.1382417996884791,146,-0.39436929929119274,-9.838855096720549,-1.1032561244170909
1789036890.9498873,LIDAR_ONLY,0.3920099821507583,-7.3929670674680805,-3.966146274201083,0.12847450861396562,0.06829499810881207,-0.7111503516709705,0.6878192140293642,0.9791192409427836,-10.12040615305629,0.1387844595350748,145,-0.39741623723932723,-9.891428903517667,-1.1056842870177785
1789036891.0667512,LIDAR_ONLY,0.3909764321764205,-7.442990784029047,-3.980992740018083,0.12823608377438145,0.06853533511611548,-0.711244200115579,0.6877427589300246,0.9771974106172531,-10.17086883313717,0.13932182468319987,145,-0.40025036634624245,-9.938555876637455,-1.1084392153628846
1789036891.193165,LIDAR_ONLY,0.3891472314644332,-7.48512354587943,-3.994149958231051,0.12821287341479568,0.06862678282286792,-0.7112622341965881,0.6877193162735671,0.9753142202559106,-10.220326407765228,0.1398487200722154,144,-0.4016863242996877,-9.986598621948923,-1.110484830315141
1789036891.3148534,LIDAR_ONLY,0.38871066018210026,-7.527557184757846,-4.007056643180765,0.12842337724485556,0.06859094754746903,-0.7111135203744274,0.6878373930168777,0.9734310305529388,-10.269783177880159,0.14037545814247626,145,-0.4055288862920043,-10.038233082390287,-1.1111640408517265
1789036891.4308872,LIDAR_ONLY,0.3930938271880108,-7.568798734790874,-4.0204565621907,0.12881866047085416,0.06850035336369012,-0.7111184869790445,0.6877673674871316,0.9714717745880805,-10.32123069861393,0.14092336965213026,144,-0.4100724208754361,-10.090979461459181,-1.1115294404370577
1789036891.5431068,LIDAR_ONLY,0.3915316786074527,-7.62117976373604,-4.036794773138842,0.12844968313086236,0.06878795830394235,-0.711186180387595,0.6877376771136358,0.9696268336587406,-10.369677321789595,0.1414404749356438,149,-0.4100153540381815,-10.142171520914866,-1.111039662308087
1789036891.6635725,LIDAR_ONLY,0.39013520766937126,-7.655903064686058,-4.0481769890089,0.12865834578827068,0.06898311255603444,-0.7111390129447589,0.6877279000513659,0.9676886136137395,-10.420676828909356,0.14191760622575028,144,-0.4115649642696672,-10.190652776370424,-1.1141928178840408
1789036891.8031714,LIDAR_ONLY,0.39169713024435493,-7.701382540562755,-4.064884514571751,0.12931915083500858,0.06915317710075188,-0.7110243847850629,0.6877054017275183,0.9657995568207057,-10.470243910812737,0.1422642011254744,143,-0.41609009370900535,-10.240558610943694,-1.1158815319749955
1789036891.9928362,LIDAR_ONLY,0.39087269762692006,-7.7416463761403245,-4.079555027575996,0.12941871261620383,0.06983411008413871,-0.7109099301849585,0.6877361885621103,0.9626310056441634,-10.553347999089556,0.14284523321686685,146,-0.42274113318601475,-10.355207225695766,-1.1230471593879476
1789036892.084051,LIDAR_ONLY,0.3865504945685008,-7.785250806183182,-4.094301331280514,0.12947087390740722,0.07029527157313886,-0.7109407885786612,0.6876474843546382,0.9612762339636911,-10.588888869071058,0.14309355418940933,148,-0.42274113318601475,-10.355207225695766,-1.1230471593879476
1789036892.177146,LIDAR_ONLY,0.38651483100887013,-7.82818235613601,-4.109697123532594,0.12995859402571333,0.07082224944410406,-0.7108920582391912,0.6875517830352731,0.9599217408971712,-10.624428288312384,0.14334162376300058,143,-0.4255417884943961,-10.410180287577015,-1.1238469504780095
1789036892.2883964,LIDAR_ONLY,0.38708866753662413,-7.871788874391162,-4.12603224218469,0.1304406042820729,0.0712706834374451,-0.7106999409415569,0.6876127779372304,0.9581467684708018,-10.670985885864432,0.14366661756830887,145,-0.4293743251034647,-10.469049984004835,-1.127212898214681
1789036892.486404,LIDAR_ONLY,0.3864332156045532,-7.9031161418293525,-4.1380552352666555,0.13095771636735648,0.07193082893379801,-0.7105229954023288,0.687628610063053,0.9547874205472408,-10.759146203806006,0.14427970466869627,143,-0.4369900751451005,-10.57869517245127,-1.13189773823035
1789036892.5619476,LIDAR_ONLY,0.3852105561047491,-7.956028959576114,-4.156486722400758,0.1304399319874235,0.07269890871299316,-0.7107271522560134,0.6874352390306406,0.9535078452525119,-10.792704273517897,0.14451532010352416,141,-0.4369900751451005,-10.57869517245127,-1.13189773823035
1789036892.6589787,LIDAR_ONLY,0.37663858886115215,-7.998407221790677,-4.17224446920174,0.13054217929265513,0.07321559196668771,-0.7105317275183561,0.6875630012648095,0.9520376164219496,-10.831274645227083,0.1447856999885529,142,-0.4399840999234696,-10.634482524282246,-1.1367882609509976
1789036892.773913,LIDAR_ONLY,0.377369472942336,-8.038536596917979,-4.185748626767643,0.13104629210330052,0.07330191970492961,-0.7104251985909381,0.6875679858025494,0.9504532117940403,-10.87285662779614,0.1450739228331911,147,-0.44749204063572107,-10.68884415647459,-1.139599833364957
1789036892.9098806,LIDAR_ONLY,0.37478966141606657,-8.078693025778835,-4.199522821499322,0.13111290336283335,0.07400931657031827,-0.7103116415853538,0.6875968291527259,0.9484243013800173,-10.926911117700532,0.14534729548223232,149,-0.44986935586567495,-10.74603006287446,-1.1431465143747535
1789036893.0170825,LIDAR_ONLY,0.37294009096295055,-8.128503439062532,-4.215076338654415,0.13089283719906128,0.07431466718476432,-0.7104778635601445,0.6874340701494293,0.9467658152938145,-10.970377444405157,0.14549121793360112,146,-0.4531493982308993,-10.799972204859662,-1.1484841350585155
1789036893.1353958,LIDAR_ONLY,0.3654339580543672,-8.171434360907108,-4.230760264252329,0.13132575029879998,0.07402009828540607,-0.710245549592353,0.6876233210432384,0.9448211784029754,-11.021340841227026,0.14565990045290994,147,-0.4570645151630305,-10.848137738239373,-1.1489084737996071
1789036893.2469332,LIDAR_ONLY,0.3644992700910214,-8.210854977491174,-4.243879995529707,0.13176377633216074,0.07419579163446405,-0.710125883510951,0.6876441822034235,0.9429717539626031,-11.069808875856918,0.14582026688248734,145,-0.46055579290850157,-10.896503385675192,-1.1511990297098709
1789036893.3616939,LIDAR_ONLY,0.3621960943831854,-8.246821321573387,-4.255840147658031,0.13187496727315481,0.07454020389611743,-0.7101059481177617,0.6876062052204042,0.9410268540605287,-11.120777897618744,0.1459888105795284,146,-0.46276269610724735,-10.946470442590769,-1.1540393417529413
1789036893.48496,LIDAR_ONLY,0.3574916880037418,-8.296644128278077,-4.273708030794558,0.13167246201467503,0.0748183201968292,-0.7101924358384185,0.6875254801007834,0.9390246922219998,-11.173246304402971,0.1461622322100331,148,-0.46504576014179594,-10.992538972223885,-1.1575944347982534
1789036893.616493,LIDAR_ONLY,0.35424775403307485,-8.339168552094804,-4.287130208564927,0.13196045874518028,0.07500394201872715,-0.7100183363876148,0.6876298481034524,0.9372525631242058,-11.21971448481931,0.14631587539233226,143,-0.4688815266564471,-11.039728733209202,-1.158681107042486
1789036893.7317724,LIDAR_ONLY,0.35485441148956465,-8.380263739326047,-4.30086895930795,0.1324707194234984,0.07465412535950003,-0.7099488009193633,0.68764160006168,0.9353465554135543,-11.269674785205446,0.1464811929334173,141,-0.47022128283457776,-11.090189246800579,-1.1628671774355195
1789036893.8843045,LIDAR_ONLY,0.35347774847379054,-8.412301667849686,-4.310301470120648,0.1326763936806176,0.07480171707879392,-0.7098881952447293,0.6876484770099844,0.9334023491486164,-11.320633195171444,0.146649687175417,138,-0.47002561313746016,-11.135724392787118,-1.1653338247021
1789036894.023363,LIDAR_ONLY,0.350505807912268,-8.454540666669809,-4.324924914009363,0.13263879171955528,0.07501142335567176,-0.7099022340316344,0.687618393743381,0.9314965205110364,-11.370582431427033,0.14681521636740474,147,-0.4733261404302733,-11.181724731234805,-1.1683413976188304
1789036894.1696293,LIDAR_ONLY,0.34854198128041525,-8.50281322765102,-4.3410259264627244,0.1326509510200272,0.07486600921352189,-0.7097526024955623,0.6877863397223732,0.9294379290051901,-11.424532388750062,0.14699451789180898,147,-0.47511437872512147,-11.230229869379729,-1.1712745510019906
1789036894.2934003,LIDAR_ONLY,0.34912677127162195,-8.544252120928158,-4.354812728790976,0.1332470689555489,0.07442949718052481,-0.709693255025012,0.6877797266103536,0.9276839173672163,-11.470496150448822,0.1471467116672027,146,-0.4778542487114948,-11.280687479529488,-1.1735762695300582
1789036894.4245946,LIDAR_ONLY,0.3464795016749235,-8.577674523785513,-4.365671147170308,0.1334537773407778,0.07449067379907966,-0.7096408885951644,0.6877870586630014,0.9257391660769858,-11.521458699929713,0.14731540472493138,142,-0.47992080622221384,-11.329880805311646,-1.176836263707159
1789036894.5478938,LIDAR_ONLY,0.34398792436525966,-8.61466660438985,-4.3777191162351405,0.13340165084352335,0.07499104267614842,-0.7095833615574089,0.6878021489290758,0.9239087154611092,-11.569426254199644,0.14747413501771192,148,-0.4830712074703462,-11.376351176866132,-1.1773014011556362
1789036894.6933448,LIDAR_ONLY,0.34623400639198343,-8.6630095470139,-4.394377758818953,0.13340666597402742,0.0747733986643092,-0.7096321989967473,0.6877744851860408,0.9218874458710695,-11.622393435186119,0.14764932190100305,145,-0.4839424070567907,-11.423107480313254,-1.1802716471597874
1789036894.8300834,LIDAR_ONLY,0.34652905261986616,-8.706550382357356,-4.407955373951244,0.1338963044055598,0.07443930282926689,-0.7095468871004715,0.6878035946888161,0.9199042000348222,-11.674362656329649,0.14782109312772806,144,-0.4879679631115662,-11.475502304732366,-1.1834056471721965
1789036894.9788039,LIDAR_ONLY,0.34673745003343315,-8.745698098072667,-4.422341420897682,0.1341550606998386,0.07427037311240105,-0.7095770443237307,0.687740321295157,0.9172161024042584,-11.744815525898051,0.14805405140242828,144,-0.49001081763119714,-11.573549665542947,-1.187409800047303
1789036895.0896592,LIDAR_ONLY,0.3461262351173583,-8.788669959985908,-4.436537370084052,0.13422366666500013,0.07423858731483639,-0.7095437267123216,0.687764741276907,0.9153292003236918,-11.794275583181244,0.14821775282817456,147,-0.49493527788428693,-11.623407904069316,-1.1892611059236977
1789036895.2420716,LIDAR_ONLY,0.34366738100909916,-8.830620771639996,-4.452249675457992,0.13438530184822237,0.07424149885563562,-0.7093817672503133,0.6878999191653196,0.9127940745947536,-11.860719500672346,0.1484373907665437,149,-0.498463638261298,-11.672850646964829,-1.1913315995971776
1789036895.3142433,LIDAR_ONLY,0.33959191804416744,-8.87148347361696,-4.465990400890598,0.13458274121469635,0.0742252023942056,-0.7092665455225617,0.6879818838451848,0.9119364741791594,-11.883195547591393,0.14851198390312415,146,-0.498463638261298,-11.672850646964829,-1.1913315995971776
1789036895.4206092,LIDAR_ONLY,0.339176578828281,-8.919108589587283,-4.482933209492822,0.13439054268587466,0.0745496033650955,-0.7093406823187942,0.6879079408483453,0.9103735817364369,-11.924155097506873,0.14864829748444192,148,-0.49862301514633905,-11.723416625566895,-1.1946567912822994
1789036895.5289237,LIDAR_ONLY,0.33575135535562284,-8.958315518541486,-4.497725632664863,0.13436805459763845,0.07483566288399712,-0.7091854964393931,0.6880412641000323,0.9086768394456879,-11.968618788741415,0.14879559609637427,149,-0.5025468725091443,-11.776739406211464,-1.1977805868045952
1789036895.6522071,LIDAR_ONLY,0.33530829309199883,-8.99635578961196,-4.511585643127001,0.13443421783354753,0.07505156326335048,-0.7090693771464778,0.688124496236194,0.906694004852397,-12.020579176050068,0.14896761779363984,147,-0.5061569708037316,-11.82029027488592,-1.2026570486770376
1789036895.792671,LIDAR_ONLY,0.33388461528391944,-9.038422069157232,-4.52546093457291,0.13452779679574495,0.07501583951010532,-0.7090005893767927,0.6881809790856164,0.9043297328230472,-12.082536030358117,0.1491726640977353,146,-0.5052516304646476,-11.868194086477008,-1.2017555425269417
1789036895.8843694,LIDAR_ONLY,0.3329480779223273,-9.08855689991588,-4.542707968142876,0.13416650840387326,0.07546759866634571,-0.7091103389403445,0.6880890325983684,0.9028805653562892,-12.120511804623368,0.14929829211694506,147,-0.5065507128570342,-11.917571617481364,-1.2048417148411208
1789036896.0041718,LIDAR_ONLY,0.33044057710348407,-9.127964325137334,-4.556174686988874,0.13442814071165188,0.07530941767160967,-0.7089898584216819,0.6881794440768881,0.9008782945941478,-12.172980356067743,0.14947175983769087,147,-0.5098333443721116,-11.96873853962867,-1.2081535439298894
1789036896.1031775,LIDAR_ONLY,0.3289656283859882,-9.171556263593866,-4.5711855435384505,0.13470892759641726,0.07498714234740546,-0.7088378901155832,0.6883162636789004,0.8991429789298362,-12.218452435955651,0.14962207030204383,148,-0.5137960449342214,-12.01835489335189,-1.20892100322677
1789036896.2607226,LIDAR_ONLY,0.33016127621046526,-9.215415021086878,-4.586043102793947,0.13482021094010938,0.07468015334758518,-0.7089297425969028,0.6882332493272427,0.89649349033661,-12.28790234489796,0.14985177645909176,150,-0.5134913998865613,-12.066900585494784,-1.210362078601756
1789036896.3407004,LIDAR_ONLY,0.32601575507234176,-9.254311756782272,-4.597721645480237,0.1352011713991764,0.07405967844063,-0.7088952287995275,0.688261114597379,0.8952165060044159,-12.321375017967506,0.14996256146182627,150,-0.5156387435228919,-12.117629447455032,-1.2079142016208573
1789036896.4541328,LIDAR_ONLY,0.3280094815514747,-9.298738576724041,-4.612433455674443,0.13547414993085008,0.07364286002821974,-0.7089212463952201,0.6882253630002495,0.8934248297661974,-12.36833604053749,0.15011775833628102,146,-0.5197754956688642,-12.167582004622853,-1.2093774409367333
1789036896.6036997,LIDAR_ONLY,0.3274384685541587,-9.340223440191435,-4.627247601836422,0.13569691346824952,0.07329441959475795,-0.7088421016183581,0.688300189383039,0.8911758867740472,-12.427274599309476,0.15031357967429465,146,-0.5229601108065209,-12.21626872985547,-1.2096866783253373
1789036896.7073338,LIDAR_ONLY,0.3281821145216198,-9.379817853746781,-4.640654228292198,0.13559837351694237,0.07348087086900491,-0.7088369903072671,0.6883049933627009,0.889536480674026,-12.470238020076899,0.1504560703757857,142,-0.5236905789438159,-12.269064229112807,-1.210298538199924
1789036896.8576443,LIDAR_ONLY,0.32574989047467195,-9.42137810705115,-4.655271858304157,0.13574394583135804,0.07341459817242774,-0.7087399617603835,0.6883832831709416,0.8872867474221695,-12.529192522651787,0.15065125530149487,144,-0.52588748212657,-12.31856872477051,-1.2109011406866956
1789036897.0103543,LIDAR_ONLY,0.3240083651687217,-9.463055693015358,-4.669465385043104,0.13601984416832347,0.07328813516324871,-0.7086394825034887,0.6884457386562183,0.8846746158432763,-12.59764469921596,0.1508777996787649,149,-0.5300378166411777,-12.418229349036592,-1.213640429610982
1789036897.1169508,LIDAR_ONLY,0.32324706632420186,-9.50440403648859,-4.683501664687908,0.13597631428573106,0.07370348006113545,-0.7086061605796758,0.6884442956177912,0.8829584883796378,-12.642616258645006,0.15102656399052122,148,-0.5300378166411777,-12.418229349036592,-1.213640429610982
1789036897.2691808,LIDAR_ONLY,0.32306750895964775,-9.54496741437458,-4.696161135936092,0.13596559588158277,0.07383092725861364,-0.708622271478631,0.6884161730241127,0.8805366720666279,-12.706078557929382,0.1512363469783131,146,-0.5341370872960857,-12.517715138645183,-1.2179366232698736
1789036897.3608363,LIDAR_ONLY,0.3236319786764586,-9.587925022687369,-4.710240056591301,0.13616811006084542,0.07357647266515631,-0.7084799361723472,0.6885498736575573,0.8790874713936765,-12.744054639124661,0.15136189744408485,149,-0.5341370872960857,-12.517715138645183,-1.2179366232698736
1789036897.4668245,LIDAR_ONLY,0.3213542385349587,-9.627552197198334,-4.724008170354262,0.13628594438863026,0.07351514046271192,-0.7084531380888979,0.6885606847742906,0.8772766358478014,-12.79152079905319,0.15151888242485284,145,-0.5340898514988741,-12.567871715322967,-1.221682679267582
1789036897.5806,LIDAR_ONLY,0.3181173144358008,-9.671937448697582,-4.738989680491021,0.13631322040156407,0.07363345256954816,-0.708377325717757,0.6886206394056176,0.8755994259471016,-12.835484986912762,0.15166440385492908,148,-0.5384939133946056,-12.616467087834913,-1.2226677708338145
1789036897.6857557,LIDAR_ONLY,0.31400054772324065,-9.719087405444567,-4.756822000528816,0.13570395479261357,0.07436616117767297,-0.7083193616080209,0.6887218543770384,0.873979305401234,-12.8779503207595,0.1518047801783394,145,-0.5413038294983307,-12.665784625341846,-1.223398441345251
1789036897.8424456,LIDAR_ONLY,0.3115921887995972,-9.758438392758615,-4.769017583712113,0.1356066312616064,0.07472248494974235,-0.7082146952836994,0.6888100878943566,0.8713682029361154,-12.946381185837266,0.15203195531063182,145,-0.5441935069506109,-12.767303215620782,-1.2278104777219307
1789036897.904122,LIDAR_ONLY,0.30994014800622627,-9.795182757108833,-4.781916728872308,0.1355467357559271,0.07496480659376874,-0.708119802072163,0.6888931020931714,0.8705294898497304,-12.96836190085357,0.15210491575812116,141,-0.5441935069506109,-12.767303215620782,-1.2278104777219307
1789036898.0287557,LIDAR_ONLY,0.30477049936419737,-9.843104269882069,-4.79775565857247,0.1355191620271391,0.07494199471564628,-0.7082262469936067,0.6887915774897752,0.8685467748426081,-13.020320214547688,0.15227699229977096,142,-0.5473215875346324,-12.81900712837485,-1.2290360426740974
1789036898.1643848,LIDAR_ONLY,0.3045362784307877,-9.891540876281578,-4.813543290216009,0.13556923386126837,0.07484519348422969,-0.7082055740199409,0.6888135050720645,0.8665448984174948,-13.072781120509928,0.15245065580389888,143,-0.5508501729624858,-12.867878469152249,-1.2321005379400356
1789036898.269903,LIDAR_ONLY,0.30719215235360464,-9.928449420043199,-4.825360204051093,0.13569652055880013,0.07495261974089702,-0.7082933343854412,0.6886865118233152,0.8648289211061124,-13.117750184080771,0.15259947397653603,144,-0.5531632222982099,-12.921004033230712,-1.234427776935468
1789036898.388787,LIDAR_ONLY,0.30152064067074535,-9.977692354035534,-4.843614093261759,0.1354986292724986,0.07504471093374121,-0.7081162925660868,0.6888974735246207,0.8629602889659552,-13.166719154173558,0.15276146006659694,147,-0.5547781699015623,-12.969702256283927,-1.2364010771909972
1789036898.5073678,LIDAR_ONLY,0.2987891968080936,-10.023668302818134,-4.860344507166773,0.1355584536912107,0.07492725386334011,-0.7080403513921371,0.6889765402840983,0.8609199089233901,-13.220187277486229,0.1529382101818083,144,-0.5552286621853166,-13.017973417656044,-1.2391331830571102
1789036898.6348956,LIDAR_ONLY,0.29409583047827187,-10.061883619104334,-4.872509613653387,0.13595382466289077,0.07451912937248022,-0.7080062701905594,0.6889779229321883,0.8590704485630605,-13.268656973073412,0.1530984694620727,142,-0.5568644272424474,-13.070815716056126,-1.240969168785447
1789036898.7641592,LIDAR_ONLY,0.29293269225715035,-10.11280139334226,-4.889179237661555,0.13582045260562567,0.07460068614900356,-0.70808547112599,0.6889140061432819,0.8571262218072001,-13.319619595586904,0.1532670096757139,149,-0.560839450763537,-13.119721561490492,-1.2426690024622649
1789036898.880273,LIDAR_ONLY,0.2939854786299784,-10.166828607201793,-4.907853629183592,0.13527590591342326,0.07510814402756223,-0.7081864894194512,0.6888621721242874,0.8552584325130821,-13.368579736242118,0.15342902957773163,146,-0.5631225323842792,-13.17125290440971,-1.2444934612934404
1789036898.9899588,LIDAR_ONLY,0.2934668444937779,-10.206557714850383,-4.920436105680606,0.13580496096584968,0.07458755587473986,-0.7080447991198954,0.6889602829807853,0.8533714342936844,-13.418036793782269,0.1535924650296356,147,-0.5649871479876994,-13.22381697443773,-1.245253985812564
1789036899.117419,LIDAR_ONLY,0.2930188674697985,-10.240119635207908,-4.9333207428595465,0.1359237763536445,0.07471698519775839,-0.7079180282499906,0.6890530926012653,0.8514466329931354,-13.468483634865972,0.15376030031727292,145,-0.5671974649635578,-13.274810853409981,-1.2475153513789534
1789036899.2515218,LIDAR_ONLY,0.28975639180285573,-10.283516886522435,-4.946498100282466,0.13613318904652275,0.07427104810279418,-0.7079117268846964,0.6890664359790449,0.8492734105598979,-13.525436597117649,0.15394904692227462,146,-0.5695241257781452,-13.321845536102703,-1.2518328129585024
1789036899.3763318,LIDAR_ONLY,0.29047421204910234,-10.334441642605448,-4.965379900693833,0.13620382892381924,0.07416668507337155,-0.7080144658912315,0.6889581525030911,0.8474812779633886,-13.572400993002825,0.15410452278334136,145,-0.5706919842748991,-13.371756595455075,-1.2542320364562969
1789036899.490605,LIDAR_ONLY,0.2917160218975673,-10.371671975303009,-4.977816037158598,0.13616839649428378,0.07446880205258012,-0.7080723798693933,0.6888730435886737,0.8456318698074428,-13.620866936251344,0.1542649259561812,143,-0.5740811568595021,-13.42089569055985,-1.2564580283892308
1789036899.634324,LIDAR_ONLY,0.2895873939220506,-10.4208355004582,-4.993090801637843,0.13621405231177164,0.07415196085294587,-0.7079182322181505,0.6890565979276289,0.8436870068625854,-13.671834109685854,0.15443354126164835,137,-0.5754385238050378,-13.46609301869107,-1.2595640730952988
1789036899.758412,LIDAR_ONLY,0.28885368580832377,-10.46805719299004,-5.011149465691082,0.1365012710722519,0.07390509697272053,-0.708038977099252,0.6889022039051387,0.8417801354404376,-13.7218042646717,0.1545987517745426,145,-0.5775190237594162,-13.521681452281582,-1.2623109899208937
1789036899.9281147,LIDAR_ONLY,0.28616461800540327,-10.504137586962141,-5.023639972826047,0.13640614063275183,0.07404713611852878,-0.7080056205159918,0.6889400755857418,0.838805708795952,-13.799755227045418,0.154856459618049,147,-0.582485113082424,-13.621722374075725,-1.2664826449805595
1789036900.0337956,LIDAR_ONLY,0.28397380453746673,-10.549752118069463,-5.038579351629153,0.13634861133964513,0.07409131012192192,-0.7079568464460702,0.6889968341874315,0.8372618787380426,-13.840224390583055,0.15499033222124667,145,-0.5847058581209498,-13.670969395534057,-1.266572821772903
1789036900.1381536,LIDAR_ONLY,0.2834472003340547,-10.600201480934235,-5.054928064060309,0.13594527290392514,0.07439233754385384,-0.7079114187051644,0.6890907677198123,0.8358705829307678,-13.876694606752013,0.15511104483983718,146,-0.5847058581209498,-13.670969395534057,-1.266572821772903
1789036900.2453294,LIDAR_ONLY,0.28199760834212,-10.641507172580367,-5.068435949931869,0.13629147803385944,0.07423212626215885,-0.7079114782920801,0.6890395949060307,0.8342886220978402,-13.918160566687412,0.15524809333194042,150,-0.5853791959522131,-13.72058881125792,-1.270292548204608
1789036900.4053595,LIDAR_ONLY,0.2801892234287664,-10.680185576428372,-5.080700372172611,0.13650707480436236,0.07408717343335304,-0.707819761050377,0.689106737107975,0.8316394712930004,-13.987590322707273,0.15547866637038327,146,-0.5871932099723872,-13.772243340553562,-1.273144331173879
1789036900.4816527,LIDAR_ONLY,0.2797396372347922,-10.721418014801953,-5.095005932668844,0.13681058076400088,0.07384626793040075,-0.7077115422089054,0.6891835508252218,0.8304194808629229,-14.019563253648663,0.15558468065794467,147,-0.5908369786851766,-13.81840244073024,-1.2747383340720435
1789036900.5932462,LIDAR_ONLY,0.2799703657158791,-10.769627892506056,-5.108314524678271,0.13733788335272928,0.07329816641728727,-0.7078934145749087,0.6889503597484599,0.8285130388710952,-14.069523918123693,0.15575010795335562,147,-0.5911059781255708,-13.869783497726319,-1.2765862902108875
1789036900.7040112,LIDAR_ONLY,0.2806182826515708,-10.81967232935688,-5.1221859382225245,0.13786944015413524,0.0727252399411774,-0.7079522139490705,0.6888444815135657,0.8266637210098866,-14.117988394263383,0.15591053182757506,146,-0.5929613935361406,-13.921748377242622,-1.2801341647461157
1789036900.838837,LIDAR_ONLY,0.2825520976279664,-10.869237157840516,-5.139818195463014,0.1382475445830821,0.07246524777506816,-0.7078893320081602,0.6888607246103436,0.8243185637373541,-14.179447339236308,0.1561138926721952,146,-0.5971790766054162,-13.969557943984976,-1.2828360574508701
1789036900.9284565,LIDAR_ONLY,0.28020297306138686,-10.91285626250634,-5.154349233995705,0.1382466200361508,0.07252325262214138,-0.7080295286468974,0.688710705914855,0.8229266203860715,-14.215924930646,0.15623452970022456,144,-0.5987334637373688,-14.019764846360864,-1.2834202575493734
1789036901.051148,LIDAR_ONLY,0.2802166200642295,-10.952448223481912,-5.166768137783415,0.13861217579953544,0.07227431963372148,-0.7080088173196667,0.6886846898539334,0.8208862869031647,-14.26939303840175,0.1564112605159493,146,-0.599277824844991,-14.072206741149872,-1.2860676591731373
1789036901.1676307,LIDAR_ONLY,0.2793475628503594,-10.996094500161268,-5.180527965815896,0.13895456815631813,0.07184475856175424,-0.7079159304256624,0.6887561209203612,0.8190179206658265,-14.318361499687855,0.1565731854078119,142,-0.6025635596938165,-14.120301142839038,-1.2889212996158834
1789036901.2846787,LIDAR_ONLY,0.277761358173235,-11.048477979042758,-5.197146133743799,0.13875589441754443,0.07193221610019823,-0.7080331885672627,0.6886665099586132,0.8171501428554504,-14.36732394830347,0.15673515157349124,140,-0.6057745769512916,-14.16906784369568,-1.2911737503764127
1789036901.3968954,LIDAR_ONLY,0.27645662234216084,-11.088191091574851,-5.209708621001835,0.13923605898329736,0.07142768884220267,-0.7079451812885249,0.6887125855070596,0.8152442568356728,-14.417283343174317,0.15690042310558164,148,-0.6069855019199605,-14.22120799194849,-1.293375378916755
1789036901.5193117,LIDAR_ONLY,0.27565233548013673,-11.130917227043176,-5.224655215436684,0.1392964243115842,0.07133652861338535,-0.7078860687334183,0.6887705855744314,0.8132622426344452,-14.469234180912084,0.1570729821773608,147,-0.6087640811082968,-14.272883866913263,-1.296139685814834
1789036901.6299853,LIDAR_ONLY,0.2734088700688224,-11.168247591750106,-5.236217873699424,0.13951579905625192,0.0713511849038424,-0.7079825674451576,0.6886254674496698,0.8114131065688848,-14.517686124149517,0.1572342974870798,147,-0.6117361504094783,-14.32093074521279,-1.2999742673142052
1789036901.8302014,LIDAR_ONLY,0.27650000453688023,-11.209995565456632,-5.248003534326975,0.13976542435497494,0.07109819360380433,-0.7080461063659853,0.6885356811967829,0.8080497807302248,-14.60466141196909,0.1575068101272259,147,-0.6158276887579671,-14.422230681689888,-1.3009905084332756
1789036901.8745363,LIDAR_ONLY,0.2750675280543395,-11.261265802000642,-5.265868181214759,0.13983827140823687,0.07099672753573405,-0.7079585733570319,0.688621362534629,0.807486082128551,-14.619159547847753,0.15755306931905078,147,-0.6158276887579671,-14.422230681689888,-1.3009905084332756
1789036902.03541,LIDAR_ONLY,0.2730351988984051,-11.301742085836318,-5.2791350934157375,0.13992554913875688,0.07106672801049622,-0.7080266917803375,0.6885263717496161,0.804622555926399,-14.692596647042892,0.157821444986455,147,-0.6198480189080494,-14.476894373885218,-1.3020202890218842
1789036902.1310508,LIDAR_ONLY,0.2746142598274953,-11.349515997255544,-5.294432746937414,0.14056582951130853,0.0705671587116438,-0.7080577646838717,0.6884153728353561,0.8031988001696926,-14.729047408033493,0.15795440515939774,146,-0.6237323845922971,-14.528651920964993,-1.3059734160839191
1789036902.2692983,LIDAR_ONLY,0.2712196462150042,-11.39437058105296,-5.310176649924448,0.14086723058385814,0.07044880128280213,-0.7080622430457932,0.6883612784856588,0.8010232159059198,-14.784940923046655,0.1581604350523639,146,-0.6282031684570571,-14.57986476905454,-1.3088042612252095
1789036902.3556378,LIDAR_ONLY,0.2694379707498789,-11.440952501561595,-5.324759430424253,0.14043288806983198,0.07062841013584362,-0.7081169282431261,0.6883753682153138,0.7995492110543307,-14.823337533980407,0.1582997905745478,143,-0.6314083110238586,-14.633183057004004,-1.3119677108406036
1789036902.4708467,LIDAR_ONLY,0.2673503900931231,-11.491778856432227,-5.339861862627272,0.14066914267867645,0.0699574644066649,-0.7080909095279926,0.6884224061691026,0.797676858711879,-14.872213408464672,0.15848981353511613,148,-0.6338701618895083,-14.689010100166959,-1.3141463093637382
1789036902.5880718,LIDAR_ONLY,0.268223359609851,-11.53516150504333,-5.3550260522599915,0.14111123858056693,0.06948725191695843,-0.7081151571019288,0.6883546066162397,0.7958276359504644,-14.919230079358384,0.15866933269692995,147,-0.6369862718350078,-14.740456488520213,-1.3167982324539262
1789036902.7074788,LIDAR_ONLY,0.2628391043907937,-11.58566723427151,-5.371736844833856,0.1408430372975352,0.06900922957747195,-0.7080956202953473,0.6884777103120161,0.7938565504472365,-14.96922853935755,0.15883790492702243,149,-0.6408037612268843,-14.791855953643367,-1.3213952402004114
1789036902.812946,LIDAR_ONLY,0.263206217398372,-11.633731922241646,-5.384660971255528,0.14154073169432949,0.06863252983205911,-0.7082271527843133,0.6882369484264197,0.7920059258756027,-15.017158704751063,0.15885202320738823,142,-0.6440493684475563,-14.84430997575923,-1.323373417834052
1789036902.928362,LIDAR_ONLY,0.2613839288222184,-11.673683007582367,-5.399095029730419,0.14174488990938083,0.06872377561797371,-0.708196902173348,0.6882169546018619,0.7900998941663969,-15.06659551135174,0.15886041959464042,148,-0.6461785707285679,-14.893311658385302,-1.3275953264528135
1789036903.0531938,LIDAR_ONLY,0.2587203184268151,-11.719761967057059,-5.412776432432868,0.14210562007016428,0.068733886611208,-0.7080270433108963,0.6883163164681062,0.7881401509116768,-15.117542172809893,0.15886681705091935,147,-0.6487834704864401,-14.939500161808285,-1.3290336666172369
1789036903.1848164,LIDAR_ONLY,0.2582890771063351,-11.77356374753205,-5.430556338533671,0.14219484208530347,0.0686289887053456,-0.7081664188375618,0.6881649598929026,0.786024069998912,-15.172480226815779,0.15887682080454144,143,-0.6507127018701395,-14.98867560837845,-1.3304899243723387
1789036903.2937562,LIDAR_ONLY,0.2582661725688582,-11.816163468259788,-5.4432128837548195,0.1427598580178744,0.06817307314395034,-0.708159634995844,0.6881002735062522,0.7843121889025568,-15.21693027170254,0.15888459079319803,146,-0.6514429367443015,-15.04077534009869,-1.3320329299555893
1789036903.4196754,LIDAR_ONLY,0.2555956019052298,-11.857019339561623,-5.457765760507699,0.14318926114763456,0.06789503266101617,-0.7079631873652334,0.6882406740142677,0.7822736581607395,-15.269871017882657,0.15889333382745857,145,-0.653512510988197,-15.090686253911176,-1.3339086194826522
1789036903.5436826,LIDAR_ONLY,0.2530452860662622,-11.89893006572683,-5.472797300328421,0.143280766082211,0.06789002966947413,-0.7080132880914025,0.6881705819260027,0.7802925388790595,-15.321316608218769,0.1589022263273019,145,-0.6569513558548885,-15.136842132809702,-1.337482545938508
1789036903.6633816,LIDAR_ONLY,0.25183840642579386,-11.943946358482789,-5.488789519694873,0.1432249974157391,0.06800754825983728,-0.7080392773013271,0.6881438478207604,0.7783892378659334,-15.370769773952944,0.15891213653926134,146,-0.6583317125571863,-15.18725178064906,-1.3397951200852545
1789036903.784887,LIDAR_ONLY,0.2513343559774309,-11.982761362262517,-5.5021304797037365,0.14361985075080588,0.06771824497895497,-0.7079158217800428,0.6882170929588811,0.7763290793994426,-15.42422789811848,0.15892403907924713,147,-0.6622633352906977,-15.235352779713555,-1.3396814276312496
1789036903.8983617,LIDAR_ONLY,0.25202026876127503,-12.030649872223144,-5.516657440827011,0.14372890453961915,0.06749251672987228,-0.7079438522051797,0.6881876664909068,0.7745368052401793,-15.47069436505019,0.15893802075452773,146,-0.6636955794786155,-15.284663488287652,-1.341294234355613
1789036904.0058568,LIDAR_ONLY,0.2489340693226466,-12.07234754839561,-5.529640184286121,0.14405567737762448,0.0670932576815918,-0.7078800821275504,0.6882239794689211,0.7727259614655357,-15.517635836402135,0.15895071513453027,145,-0.6654041701692988,-15.333121759753116,-1.343467239235391
1789036904.1679022,LIDAR_ONLY,0.2449962986670292,-12.116205973091022,-5.544869226002597,0.14429902371002742,0.0669255633750221,-0.7077884106646601,0.688283609024698,0.7702428290248218,-15.582069319707859,0.1589638487730236,148,-0.6653197263077465,-15.381802319412154,-1.3479860251498657
1789036904.3501976,LIDAR_ONLY,0.24418474607601307,-12.151653801742821,-5.556335481890356,0.14466358385053682,0.06693192230668535,-0.7077572703147845,0.6882384845389101,0.7671623294413842,-15.66200874334254,0.15897885237073628,142,-0.6714917995551374,-15.482802583712514,-1.3500058750384372
1789036904.4141462,LIDAR_ONLY,0.24725277771700727,-12.200079054273957,-5.571046996978976,0.14570437477418124,0.06604437840798011,-0.7077959461769001,0.6880648761765967,0.7660455729193201,-15.690988532651913,0.15898428985663426,144,-0.6727822794267895,-15.529785286466623,-1.3505120325823192
1789036904.5161543,LIDAR_ONLY,0.2472427806051972,-12.236751314836297,-5.582941317655053,0.1458139556295211,0.06608674820533669,-0.7076595268525913,0.6881779029510343,0.764370359593272,-15.734460089323845,0.15899240613729568,148,-0.6727822794267895,-15.529785286466623,-1.3505120325823192
1789036904.6289444,LIDAR_ONLY,0.24669025183008764,-12.27549426223771,-5.596459962405237,0.14590917556495625,0.06606659764947131,-0.7075869804438111,0.6882342495599789,0.7626180058637847,-15.779932447731575,0.1590008183523494,147,-0.6740239198781917,-15.58101356505505,-1.3528077086277293
1789036904.7878666,LIDAR_ONLY,0.24300684525484637,-12.322869513115355,-5.611617218049351,0.14612701672143913,0.0659576383642274,-0.7075807577533203,0.688204879510995,0.7599990135688917,-15.847891277941764,0.15901330928224283,150,-0.6784591449860349,-15.682824117058725,-1.351038883427434
1789036904.843507,LIDAR_ONLY,0.24141075135160414,-12.371655360580025,-5.626976804773113,0.14651044513931452,0.06554504394235135,-0.7075816165185062,0.6881618942114806,0.7591904741116728,-15.868877525663715,0.15901720512758644,150,-0.6784591449860349,-15.682824117058725,-1.351038883427434
1789036904.9574487,LIDAR_ONLY,0.2388396293405781,-12.4103784563463,-5.640471105702194,0.1469003912845506,0.06528843161465137,-0.7075319555997553,0.6881542178486816,0.7572271141490833,-15.919839021384062,0.15902665809399524,147,-0.6818217152376169,-15.733303756900469,-1.3526649684237315
1789036905.0763676,LIDAR_ONLY,0.2351339650731554,-12.457944046829283,-5.656070797173156,0.14660902208208773,0.06558367809898355,-0.7074777737187634,0.6882439796359174,0.7552253775717961,-15.971796470747968,0.15903636447319205,146,-0.6836199562727063,-15.779965910005545,-1.3536309599828802
1789036905.2047775,LIDAR_ONLY,0.23463729355465118,-12.503653841609012,-5.673844991633254,0.14614519535757386,0.06590747291207814,-0.7076120954765469,0.6881736039863273,0.7534737535458571,-16.017255330039806,0.1590447712035558,147,-0.6855235663499293,-15.834710881594441,-1.3567726783753247
1789036905.3289213,LIDAR_ONLY,0.23785319118753412,-12.54175568126244,-5.685203550780296,0.14673741234410614,0.06553231492157963,-0.7075497516498933,0.6881475106833921,0.7513950987887072,-16.07120139171314,0.15905576069721458,145,-0.6881584245337381,-15.885232221220367,-1.3599932617588109
1789036905.4452946,LIDAR_ONLY,0.2352275078268301,-12.582329089477573,-5.698441799718538,0.14674578658580484,0.06548704264741598,-0.7074310341580434,0.6882720779420666,0.74948913885989,-16.1206610783385,0.15906518979095116,137,-0.688480930106126,-15.93672456813622,-1.3621324393130176
1789036905.5506952,LIDAR_ONLY,0.23376876006551972,-12.62189946674232,-5.711484451798554,0.14681412336901345,0.06546684810717097,-0.7074121236923638,0.6882788622581406,0.7477371023921611,-16.166126412754906,0.1590737711945229,142,-0.6894000121467531,-15.987902783227696,-1.3650508194078372
1789036905.6706026,LIDAR_ONLY,0.2324002626357007,-12.66039284062959,-5.724257069183724,0.14695825373756563,0.06536486699110129,-0.7073425099180156,0.6883293394041278,0.7458502153303461,-16.215091763204015,0.15908296759694704,148,-0.6933937405959911,-16.035451555480368,-1.3654867182601087
1789036905.7919343,LIDAR_ONLY,0.2332655676601503,-12.708621811389618,-5.739445019059066,0.14699116363606174,0.06543496021134543,-0.7073780537558234,0.6882791242364393,0.7437128802333929,-16.27055592303233,0.15909330720893397,145,-0.6959550058205404,-16.08402915445028,-1.3675343408969627
1789036905.905511,LIDAR_ONLY,0.2339590064429102,-12.748213905346274,-5.751929372432808,0.14734918600853883,0.06525591302925823,-0.7074427554175271,0.6881530578327731,0.7417679490183633,-16.32102565868626,0.15910260591830225,144,-0.697843911560668,-16.132516543331924,-1.36853723781161
1789036906.0440147,LIDAR_ONLY,0.23616752138306615,-12.788123474322136,-5.765566637926238,0.1475397968343451,0.06501033896316553,-0.707342089231437,0.6882389359660499,0.7399000381404327,-16.36949579859067,0.1591115355069317,147,-0.6996585716689178,-16.184865878703615,-1.3726965811872367
1789036906.1994033,LIDAR_ONLY,0.23635248962361266,-12.833032174423295,-5.779777740060855,0.14755950303865323,0.06490508848319841,-0.7072491390567132,0.6883401614430994,0.7375517251380168,-16.430452502231155,0.1591228012794412,149,-0.7020968992063461,-16.237473328711623,-1.3714438838014618
1789036906.3671348,LIDAR_ONLY,0.23494543499380538,-12.881367182922006,-5.796772220038765,0.14811994118580454,0.0641997397415689,-0.7072035353669527,0.6883327945149149,0.7348186344069846,-16.50139427469924,0.1591360041035941,149,-0.7044867097138725,-16.342978060938155,-1.3766791976814274
1789036906.4337223,LIDAR_ONLY,0.23197076922945672,-12.922907690230517,-5.810219577957497,0.14829833065073023,0.06412170104735072,-0.7072117869119783,0.6882931795635983,0.7338946827794325,-16.525372650115376,0.15914038526764515,144,-0.7044867097138725,-16.342978060938155,-1.3766791976814274
1789036906.5720115,LIDAR_ONLY,0.23031120174102568,-12.964609628648946,-5.823900794064445,0.14845501240209172,0.0637789753460271,-0.7072728589926544,0.6882284900589793,0.7314118718036627,-16.589807567678903,0.15915342107214708,148,-0.7077580219396986,-16.39453419241461,-1.3780722047985623
1789036906.6826496,LIDAR_ONLY,0.2305546303068296,-13.004122232990321,-5.836133272193729,0.14889338115360604,0.06346198077846471,-0.7073236386017658,0.688110898271114,0.7298909773796051,-16.62927530894122,0.15916095460506866,147,-0.7097991637528951,-16.44334199274903,-1.3792315885866169
1789036906.829675,LIDAR_ONLY,0.22863375876513237,-13.049053223553544,-5.85184212760141,0.14893379639509113,0.06315167337536343,-0.7072600651498554,0.6881960408818546,0.7274073115816292,-16.69372649949755,0.15917311131398543,145,-0.7116716705062115,-16.491685950013082,-1.3809071993308242
1789036906.9050128,LIDAR_ONLY,0.22982835482175584,-13.087442151908501,-5.864413507220546,0.14932155466282393,0.06297116135405754,-0.7073249228348132,0.6880618865244057,0.7263483404982204,-16.721207154118172,0.1591782705943874,149,-0.7142447594083958,-16.54442376106409,-1.3837000020022263
1789036907.0317671,LIDAR_ONLY,0.23024325687227926,-13.129000834847592,-5.876910279489698,0.14958538672201735,0.06286245965836483,-0.7072843714376482,0.6880562049462062,0.7244420999829935,-16.77067459647397,0.1591875106519977,149,-0.7165738976773531,-16.59176270413634,-1.3854274958492363
1789036907.1642842,LIDAR_ONLY,0.22653705210232464,-13.175505665824588,-5.892332132364161,0.15004780498102868,0.062127275315933005,-0.7072593149697265,0.6880480501176838,0.7223238893766639,-16.825641340769835,0.1591976677799605,149,-0.7164391093902611,-16.641429486862414,-1.3866113524818873
1789036907.2805696,LIDAR_ONLY,0.2233595993813371,-13.206895481405663,-5.904007705363184,0.15022533373813998,0.06214371432641839,-0.7071859206561908,0.6880832663992323,0.7203596754692749,-16.876610588556773,0.15920702664841976,146,-0.7183933512510942,-16.698309857591894,-1.3902931466847122
1789036907.4252517,LIDAR_ONLY,0.22017367742409896,-13.251693011860896,-5.918864256895976,0.14982809425365576,0.06210412103614518,-0.7071551190997628,0.6882050986832674,0.7182613288790732,-16.931073765452837,0.1592170883517109,147,-0.7201010406417151,-16.745450768490887,-1.3935563776149449
1789036907.528035,LIDAR_ONLY,0.21761296806079017,-13.297839158419405,-5.934668379469893,0.14931465088708215,0.06244160267600051,-0.707207827646957,0.6882319883590077,0.7165676612756964,-16.97503804440398,0.1592253388602562,147,-0.7224569061023074,-16.79591242585584,-1.3955356818008229
1789036907.66117,LIDAR_ONLY,0.217751577919196,-13.336869350371558,-5.948302150673958,0.1497470966197376,0.062136834628302294,-0.7070552972831997,0.6883223281429277,0.7146429046566303,-17.02499700098922,0.15923456565588945,148,-0.7249065307224477,-16.849128807270837,-1.3981206966072757
1789036907.7831867,LIDAR_ONLY,0.21745702323172897,-13.38107704363404,-5.963414878553529,0.14937629344284184,0.062018918163055256,-0.7071011843100437,0.6883663936411307,0.7127566959434387,-17.073947975662126,0.15924403801524092,146,-0.7265415146747592,-16.895568711252558,-1.3983742492635074
1789036907.9068959,LIDAR_ONLY,0.21587261424639498,-13.41816190718354,-5.976757799933194,0.1495710863545158,0.06161329246107858,-0.7069803337176356,0.6884846403917347,0.7107740627661634,-17.125401089740176,0.15925431914024857,147,-0.7285838050430884,-16.947038912217355,-1.3973171533618083
1789036908.0346422,LIDAR_ONLY,0.2145981543109471,-13.465103480683851,-5.992381282706134,0.1497369160295434,0.06138269583928548,-0.7069895055600547,0.6884597734489741,0.7088103209355122,-17.17636065277507,0.15926397319108326,148,-0.7315328690171428,-16.9944261704054,-1.3980498895615403
1789036908.2050276,LIDAR_ONLY,0.2125012966976254,-13.509723173383984,-6.007179322848406,0.14986970148572712,0.0610297505276446,-0.7070392609326758,0.6884111603009413,0.705941571516382,-17.250806785865503,0.1592779751240478,146,-0.7332459149519532,-17.09760155963803,-1.4038658057252766
1789036908.3634999,LIDAR_ONLY,0.21236327808596636,-13.548582019427167,-6.019592033724788,0.15002963989870524,0.060791337181525,-0.7070277860700199,0.6884092025826449,0.7033806485772383,-17.317264167872654,0.1592903517473008,146,-0.7358795404381526,-17.146757974312766,-1.4039196110001315
1789036908.4125822,LIDAR_ONLY,0.21208901450632484,-13.587339855400625,-6.034126010212363,0.1499056974219397,0.06063040224705554,-0.7069506203055479,0.6885296338237036,0.7025141125007466,-17.339750687365797,0.15929449770383913,148,-0.7358795404381526,-17.146757974312766,-1.4039196110001315
1789036908.521274,LIDAR_ONLY,0.21328464112417742,-13.633321553981878,-6.0487082516792094,0.14990870792818303,0.06028712695513457,-0.7069828476858571,0.6885260305092281,0.7010313497813927,-17.37822771028434,0.15930155846019023,146,-0.7378643837321425,-17.195307841763864,-1.4026719438187991
1789036908.6712153,LIDAR_ONLY,0.21346808261587688,-13.677916332086898,-6.0630150992049305,0.1501342198784815,0.06017498033604627,-0.7071185823623027,0.688347294787278,0.6984515594824783,-17.44518409282806,0.15931391304502987,145,-0.7390065128004625,-17.244713658169886,-1.4034223563878687
1789036908.834339,LIDAR_ONLY,0.2139092025191786,-13.713267121871976,-6.074218009764472,0.15034554430362268,0.0598582471545692,-0.7070172687353384,0.6884328502226288,0.6957955818580849,-17.514128356192156,0.15932679906834474,150,-0.7453514522876996,-17.34372339361715,-1.406180316319511
1789036908.8795805,LIDAR_ONLY,0.21368359023247144,-13.748723732555563,-6.0854547199022235,0.15049943137521574,0.059795030179132375,-0.70692678260189,0.6884976394743512,0.6950834267573505,-17.532613232829387,0.1593301958042038,150,-0.7453514522876996,-17.34372339361715,-1.406180316319511
1789036908.989504,LIDAR_ONLY,0.2125580663992296,-13.793060436917619,-6.1000082588726015,0.1507653445603836,0.059132322340183896,-0.7070169674912604,0.688404087011188,0.6934473305347806,-17.575073603992188,0.15933807701588065,150,-0.7485584717440245,-17.391031169918655,-1.405804734362079
1789036909.0994167,LIDAR_ONLY,0.21313103463851163,-13.843045972152897,-6.116161898109966,0.15103514743436092,0.05865613627275253,-0.7071542874073177,0.6882446190988215,0.6917344866284254,-17.61952802809701,0.15934724194420377,149,-0.7487210774051193,-17.441313494241825,-1.4106765477148104
1789036909.2449648,LIDAR_ONLY,0.21212114670350973,-13.880881506418335,-6.129883139331042,0.15074721145205572,0.05867240773302438,-0.7071456729350392,0.6883152069070461,0.6893665558644959,-17.68097793901195,0.15935898162306192,142,-0.7521522456624968,-17.49028976373193,-1.4151304772651279
1789036909.3921802,LIDAR_ONLY,0.2135185384216416,-13.92367894063539,-6.143166202129519,0.15065645873293995,0.05869016610812018,-0.7071281788752793,0.6883515340905272,0.6868829060517856,-17.74543023624716,0.15937111996584322,149,-0.7525182175663025,-17.541916077215625,-1.4157877667284098
1789036909.470935,LIDAR_ONLY,0.2134230774992921,-13.961444140805007,-6.15599852427006,0.15056388906462706,0.058501808179512935,-0.7071279373548041,0.6883880693052448,0.6857084104906082,-17.775909386792282,0.1593768309740052,147,-0.7543063797512478,-17.592918569259385,-1.4171681767566606
1789036909.5925486,LIDAR_ONLY,0.21266399149277154,-14.003833161063309,-6.1700240839704605,0.15071464845144625,0.058371995847648815,-0.7071906836269404,0.6883016357921721,0.6839176904116101,-17.822379690778682,0.1593854864816817,146,-0.7570479955977768,-17.63978649997366,-1.418994057531722
1789036909.7132137,LIDAR_ONLY,0.21448749972569256,-14.042279922766808,-6.182541257265051,0.15078081085389655,0.05811309538322876,-0.7072383460481714,0.6882600795500698,0.6819342785404513,-17.873848981979286,0.15939496659772412,148,-0.759856034116284,-17.689242201465042,-1.419543988153292
1789036909.8349705,LIDAR_ONLY,0.2141494946327255,-14.08247392431588,-6.1946786140680326,0.15101019580530498,0.05779820624554216,-0.7072216376919178,0.6882534731463424,0.6798738926542603,-17.927315989357623,0.15940481495866637,147,-0.759627646631808,-17.740203994995788,-1.4218738328127856
1789036909.9689639,LIDAR_ONLY,0.21273652739877205,-14.116635469984821,-6.206473066397049,0.15117852219369998,0.057607842975188256,-0.7072023023676929,0.6882523478934957,0.6778528083089179,-17.97977872352149,0.15941451193079192,149,-0.764348325738019,-17.7890058808719,-1.4228813583189086
1789036910.0832894,LIDAR_ONLY,0.21294055494958697,-14.169959326387794,-6.223777403248895,0.15137891375086704,0.05743438088597456,-0.7073134333513557,0.6881085839927953,0.6761014070073084,-18.02524141327652,0.1594230559301793,148,-0.7658690145745006,-17.83701937964904,-1.4243958067390214
1789036910.1882343,LIDAR_ONLY,0.21374881831612602,-14.211076354959873,-6.235169345079999,0.15182829212762847,0.05698126898167399,-0.7072754816422585,0.6880862575015991,0.674407637404044,-18.069204831860574,0.1594311186040008,149,-0.7676844555667751,-17.892937372709603,-1.4280865553794069
1789036910.3201203,LIDAR_ONLY,0.21374593854565815,-14.250110970913825,-6.248948757317258,0.15193530260385008,0.05682271704523986,-0.7072194569179763,0.6881333318528583,0.672232784314444,-18.125647178539538,0.159442363729971,148,-0.7698257716967567,-17.94155577541697,-1.4313467587379827
1789036910.4358048,LIDAR_ONLY,0.21272365005347146,-14.297532141828043,-6.263807617694368,0.15207409912272932,0.05663882074316369,-0.7072327588306951,0.6881041615900589,0.6703270327935734,-18.175104946992242,0.1594519799872598,146,-0.7724177420403548,-17.992354625613967,-1.4334966324457281
1789036910.5524752,LIDAR_ONLY,0.21391996325879195,-14.343371108545993,-6.278289229979372,0.1524698687119653,0.05634030696074728,-0.7073385047676193,0.6879323721265292,0.6684018103062744,-18.22506596438813,0.15946142669984661,147,-0.7745863116544437,-18.043295019280535,-1.4332506876677662
1789036910.661986,LIDAR_ONLY,0.21091321006660374,-14.380729149207516,-6.291275689300707,0.15222308764607226,0.05634043564509189,-0.7073091714046376,0.6880171676242552,0.666515020344556,-18.274030492854358,0.15947063691486618,143,-0.7773635019339832,-18.093773778899685,-1.437264341821748
1789036910.7846756,LIDAR_ONLY,0.20852883848629838,-14.416643087437166,-6.303735748685519,0.1521451622799875,0.05616681625161016,-0.7072140682859066,0.6881463506881739,0.664608866719437,-18.323497549830353,0.1594798851377921,143,-0.7799908394257542,-18.141856087758942,-1.4361496270412968
1789036910.9140966,LIDAR_ONLY,0.21025778133767936,-14.454297956749066,-6.315828004701428,0.1523392852270646,0.05603086224672606,-0.7072606144971959,0.6880666449069045,0.6626448020080802,-18.37446632241328,0.1594893199501902,141,-0.7833104404511291,-18.19131188374473,-1.4376866769598442
1789036911.065005,LIDAR_ONLY,0.2118376344450044,-14.508352223093983,-6.332771900795756,0.15253589318700791,0.055456143125940535,-0.707470577552781,0.6878537630749515,0.6600644612424907,-18.44142556766634,0.15950164008519305,149,-0.7844524223143349,-18.242421830597028,-1.4404706120556232
1789036911.1752865,LIDAR_ONLY,0.21233731474401268,-14.548188848511893,-6.345105232700977,0.15273940599761437,0.05532209472884661,-0.7073615880364827,0.6879314816613743,0.6585437909885619,-18.48089926596166,0.15950891922733618,148,-0.7861327148744611,-18.291521456079,-1.4411002771936432
1789036911.2843359,LIDAR_ONLY,0.21006894993767158,-14.591687670298441,-6.35967822667726,0.15258037847477895,0.05537284373448846,-0.707338550811834,0.6879863740050842,0.6568309379252718,-18.525363627731924,0.15951722611932173,148,-0.7873870159063451,-18.34394725022111,-1.4461793886008791
1789036911.4016755,LIDAR_ONLY,0.2099431529890586,-14.633714009655478,-6.373203629185071,0.15276774522472467,0.05515725263232065,-0.7073876114231785,0.687911666354059,0.6548677683474546,-18.57632180163008,0.15952665631080556,145,-0.7895487408140424,-18.396261374124485,-1.4477580779077572
1789036911.5476704,LIDAR_ONLY,0.21035652966448978,-14.67858797586767,-6.387801203943436,0.15251637794038972,0.05505877961377869,-0.7074632400692142,0.6878975571974036,0.652423499446564,-18.639757886210305,0.15953908139593165,144,-0.7927783015644752,-18.44484015300098,-1.4497987767066272
1789036911.6648097,LIDAR_ONLY,0.21241378450407972,-14.720598081993064,-6.402038300011123,0.152697915733527,0.05468258437724443,-0.7075490685246222,0.6877990092508145,0.6508835984069732,-18.679722634099257,0.15954697533590645,145,-0.7956453224671937,-18.49030208289332,-1.4508045534902683
1789036911.785805,LIDAR_ONLY,0.21068594879382296,-14.754460118761358,-6.414741729420981,0.15244303877233858,0.05469314150902081,-0.7075945827732549,0.6878078849734663,0.6489006435992632,-18.731182009790444,0.15955671758052348,146,-0.797493064926799,-18.543507361983085,-1.4543259407030447
1789036911.9071987,LIDAR_ONLY,0.20911589074053555,-14.79495928408634,-6.427769070133386,0.15249246778841014,0.05454167851764955,-0.7075057955368568,0.6879002848189828,0.6471293852950217,-18.777148215873588,0.15956537065593868,146,-0.8005360253758954,-18.586888124685597,-1.4550088167867552
1789036912.0208118,LIDAR_ONLY,0.20800640580505386,-14.844569719813514,-6.444386541171685,0.1525958860170937,0.054401451572518564,-0.7076089131240686,0.687782381066014,0.6452617685889974,-18.825615300801534,0.15957444659390294,150,-0.8033729365022769,-18.636540045868834,-1.4585479907902543
1789036912.1770098,LIDAR_ONLY,0.2070663067248435,-14.888222471723243,-6.458053810152733,0.1526235242225153,0.05412739753943642,-0.7076413719894274,0.6877644751936727,0.6426430335456292,-18.893573472010242,0.1595870380506278,145,-0.8050332677258422,-18.689886238238234,-1.4650001583142784
1789036912.264385,LIDAR_ONLY,0.20655591881412647,-14.927561350050082,-6.468517102225443,0.1529915664985747,0.05381790593606782,-0.7076314446725653,0.6877172035739595,0.6413913672386999,-18.926054237341617,0.15959299236173025,149,-0.8056805296049023,-18.737714072017912,-1.4672930449214752
1789036912.395406,LIDAR_ONLY,0.20613195746159352,-14.963770705689594,-6.481169336999244,0.15307340330119007,0.05364170731874765,-0.7075420404783566,0.6878047407465616,0.6393889989875623,-18.978021380068487,0.15960260186189576,145,-0.8088680031833324,-18.790609186707023,-1.4704173325105196
1789036912.522607,LIDAR_ONLY,0.20716496318597133,-15.014112841713295,-6.496525034101595,0.15272777163519116,0.053216675540063305,-0.7078742703368128,0.6875727093267573,0.6373488028321723,-19.030981318304256,0.1596124237471602,148,-0.8119567213359875,-18.840655050852046,-1.4722258215996875
1789036912.6431136,LIDAR_ONLY,0.20647783829307992,-15.044566214658275,-6.508061616572791,0.15267922357384403,0.053165544066383554,-0.7079271601101556,0.6875329923657364,0.6355973889159201,-19.0764440928227,0.159620927186574,148,-0.8153501610363822,-18.888009791600652,-1.4765956947949004
1789036912.759735,LIDAR_ONLY,0.20593980222833488,-15.082947486949518,-6.520053689679284,0.1526364987265784,0.05312412856673308,-0.707768444566627,0.6877090628283548,0.6336726297999492,-19.126399489903275,0.15963015128154795,144,-0.8179343908263947,-18.935985403466223,-1.4779354732977807
1789036912.8743682,LIDAR_ONLY,0.20702555811981138,-15.129694481904059,-6.534457312891478,0.1527061698891338,0.052848418248477,-0.7078484215457188,0.6876325199419088,0.6318058073729792,-19.17485020374049,0.15964006545120119,148,-0.8197493301895651,-18.98711208295613,-1.4795384399747717
1789036912.9946058,LIDAR_ONLY,0.2073484043498658,-15.17545259169929,-6.548340845083366,0.15287882218250437,0.052665968623612745,-0.7080006908475467,0.6874513679064315,0.6298229789505624,-19.226307839278924,0.15964991270583992,149,-0.8215627582645973,-19.037696209652587,-1.4832078608664345
1789036913.1138062,LIDAR_ONLY,0.20664525323148902,-15.219489932992508,-6.5627656070248195,0.1528396541049234,0.05267507818654707,-0.7078808223768037,0.6875828078000996,0.6279362769719316,-19.27527038344652,0.15965915604178868,149,-0.824108300661334,-19.089135974109617,-1.4865354944904188
1789036913.242412,LIDAR_ONLY,0.20444510759890244,-15.262036501181933,-6.576483873060005,0.15286804915026447,0.05262132266457301,-0.7077412618519098,0.6877242632205802,0.6258184529590097,-19.330231652125214,0.1596694750018753,149,-0.8263615263207368,-19.140936604276803,-1.4895633888144213
1789036913.4138515,LIDAR_ONLY,0.20277397564861166,-15.309139176249149,-6.591125882435083,0.15275466465365037,0.05242931208911943,-0.7077700081662165,0.6877345383218778,0.6230265324198204,-19.40268588202011,0.15968294206375927,148,-0.8311797466570299,-19.243128492439862,-1.4941929044897608
1789036913.5684533,LIDAR_ONLY,0.20117977313320334,-15.351651244750363,-6.604123057097749,0.15292925967099866,0.052328685830694464,-0.7079275861883682,0.6875411863221165,0.620638796134962,-19.4646486278816,0.15969432781948073,147,-0.8339655417244086,-19.289789068710252,-1.4964597610597292
1789036913.6411512,LIDAR_ONLY,0.19831701354967948,-15.38907045299288,-6.616339715907568,0.15302507201467913,0.05231313899370036,-0.7078290841384427,0.687622462163113,0.6193297124405758,-19.498626864802528,0.15970062659299777,148,-0.8339655417244086,-19.289789068710252,-1.4964597610597292
1789036913.7383235,LIDAR_ONLY,0.1962806051127169,-15.431379816614946,-6.629638587120511,0.15280472434708178,0.052128422240512944,-0.7078607906362503,0.6876528520203707,0.6177899542669338,-19.538597396796124,0.1597079968013573,150,-0.8377125200183865,-19.340217781543505,-1.5003387612679895
1789036913.8638525,LIDAR_ONLY,0.1972636111193839,-15.472657761636334,-6.643194848647899,0.15273194203193424,0.052055160777391224,-0.7080358229616791,0.6874943545386912,0.6155959334959686,-19.59555076329261,0.1597186479216594,147,-0.8392370321725684,-19.389009320381536,-1.5047107046216037
1789036914.0170832,LIDAR_ONLY,0.19598355719215377,-15.512124513378208,-6.656455528811701,0.1524748173739177,0.05226872244528757,-0.7079544746371866,0.6876189879300258,0.6131323951786178,-19.65949032865816,0.15973069296515693,145,-0.84398119381158,-19.49240131268276,-1.5075960283095016
1789036914.0831037,LIDAR_ONLY,0.19698725349687146,-15.556730687273504,-6.67034150485903,0.1523183374017214,0.0524513979080752,-0.7079595216424102,0.687634561860087,0.612285611134776,-19.681467472031553,0.159735304735252,142,-0.84398119381158,-19.49240131268276,-1.5075960283095016
1789036914.1893783,LIDAR_ONLY,0.19618164758169265,-15.5998530448725,-6.685023631955382,0.15214754448879572,0.05255887081279834,-0.7079662547545321,0.6876572343353589,0.6106109272032019,-19.7249302226352,0.15974377659945166,148,-0.8448238600773306,-19.54487591912736,-1.5112775510353909
1789036914.3044035,LIDAR_ONLY,0.1958118421046484,-15.642922148389502,-6.698841671567324,0.1522129920694494,0.05237700455717656,-0.7080800539311342,0.6875394473510341,0.6086664933066398,-19.775390831250803,0.15975331641707016,145,-0.8460805595828783,-19.59450646131072,-1.513407023202663
1789036914.4729748,LIDAR_ONLY,0.19523273518218762,-15.683484219430804,-6.7119422930715045,0.15210570897537376,0.052190376656319384,-0.7079253862166824,0.6877366250473588,0.6058363202419501,-19.848838691957027,0.15976711112335404,149,-0.8491354845424459,-19.641649310869735,-1.517266434215022
1789036914.5591717,LIDAR_ONLY,0.19239985513131214,-15.719200599495224,-6.724183113044405,0.15228767265384444,0.05200765916746584,-0.7079524048385191,0.6876823835383264,0.6045655465309442,-19.881817362459344,0.1597732617788304,145,-0.8525762990407288,-19.68978192239356,-1.5190587906003912
1789036914.6843362,LIDAR_ONLY,0.19095978648579157,-15.768096630524829,-6.738987353571185,0.15254922073886307,0.051476170966349495,-0.7080871625049441,0.6875256427001875,0.6027362893334913,-19.929288584153326,0.15978203868338042,150,-0.8547751522129736,-19.740881588772094,-1.5210925117905034
1789036914.7940865,LIDAR_ONLY,0.18864325130523113,-15.804270213951009,-6.751267984254313,0.15256296566342026,0.051436854044767825,-0.7080557199354416,0.6875579168482193,0.600945482078604,-19.975760849439897,0.15979056198558092,145,-0.8570189630369272,-19.793661628631565,-1.5240111763047348
1789036914.9253263,LIDAR_ONLY,0.18606388507646984,-15.84266972254813,-6.764589212305141,0.15246856971893263,0.05147989051712247,-0.7080094304952386,0.6876232998161247,0.5989817615868765,-20.02672781065893,0.1597999836279545,142,-0.8605168819865551,-19.845846448668105,-1.5270997037330396
1789036915.0457735,LIDAR_ONLY,0.18455473418713025,-15.886311286865574,-6.779274212208221,0.15224652882792508,0.05176918620483993,-0.7079946037722635,0.6876660431116924,0.5968647708764746,-20.081684278216677,0.15981024413510675,142,-0.8626135583348045,-19.89284492864409,-1.528899246040173
1789036915.1610718,LIDAR_ONLY,0.1831564347282508,-15.934742701928654,-6.794850860666529,0.15206944363599859,0.05186369237460066,-0.708035466596455,0.687656033033268,0.595017114678528,-20.1296450182185,0.15981912528804132,149,-0.8653544069121107,-19.944041723448848,-1.5303019881687325
1789036915.291324,LIDAR_ONLY,0.1808070685725513,-15.976303568106832,-6.809590506740998,0.151816884460906,0.052157095583497425,-0.7078981417165683,0.687831005354591,0.5931502227464404,-20.17809769564783,0.15982835547064111,149,-0.8677563226077938,-19.997002505711176,-1.5316934980802273
1789036915.4110317,LIDAR_ONLY,0.18239662701683446,-16.018476246304598,-6.824364470312759,0.15220008184879466,0.05168460726595202,-0.7079327634547314,0.6877463477797116,0.5911292659224382,-20.230548596045193,0.15983892826671683,145,-0.8717600288734658,-20.047403262340772,-1.5332619558754748
1789036915.534704,LIDAR_ONLY,0.18197123763665043,-16.056566699244755,-6.835979790226193,0.15249326327615187,0.05140780308040887,-0.7079772899872033,0.687656308994698,0.5891463904998792,-20.28200752070515,0.15984868601519667,142,-0.8736753583283051,-20.098070819138307,-1.53595256932449
1789036915.6647587,LIDAR_ONLY,0.1800815366716167,-16.10436824790784,-6.85043724329296,0.15247525875305853,0.05113421991076919,-0.7079963058861444,0.6876611213918367,0.5872019389641474,-20.332470054120115,0.15985819298499587,149,-0.8745186348540749,-20.146057089998866,-1.5391784084529272
1789036915.7758896,LIDAR_ONLY,0.18122886470657742,-16.13918624791867,-6.861915303552893,0.15278948405758294,0.05099563539961043,-0.7080314252463137,0.6875655020398285,0.5855654414428785,-20.37494085344822,0.1598661532490718,147,-0.8790214254942593,-20.19849623931586,-1.5389777239761342
1789036915.97954,LIDAR_ONLY,0.17918277660276763,-16.182243230245298,-6.874580577047211,0.15262699491916934,0.05064066489735708,-0.7080024185884104,0.6876576900999937,0.5820571582349783,-20.465801180104553,0.1599676544497128,148,-0.8831977915615661,-20.295073071226735,-1.5423304231529376
1789036916.0506508,LIDAR_ONLY,0.17728840910569585,-16.218156482091917,-6.886560506502215,0.1525011034238449,0.05046147839416186,-0.7080175038386836,0.6876832606010017,0.5811727770031536,-20.48876209084042,0.1599988599528767,147,-0.8831977915615661,-20.295073071226735,-1.5423304231529376
1789036916.1640823,LIDAR_ONLY,0.17731485872337457,-16.260308388095698,-6.9007223674472415,0.15216136746024883,0.05058288452144455,-0.7080459405775307,0.6877203182092246,0.5794806750353172,-20.532692126130474,0.16005940216252248,145,-0.8853687982937135,-20.344749923105546,-1.5407321200641764
1789036916.2713535,LIDAR_ONLY,0.17802225376849964,-16.30249872440202,-6.913666798189121,0.152089937637821,0.05045773969604703,-0.7079833041172024,0.6878097909054353,0.577769251016786,-20.577130628247087,0.16012184944709584,141,-0.8870533720078227,-20.393430639543453,-1.542574648161553
1789036916.4316206,LIDAR_ONLY,0.17441217763232494,-16.34915699147796,-6.927725015043917,0.152141992593397,0.050244993172637184,-0.7082845704863158,0.6875036159627145,0.5749792702897631,-20.649530914494495,0.16022225863144007,147,-0.8882900307942855,-20.441616892796493,-1.5415214676049334
1789036916.4990003,LIDAR_ONLY,0.17327950428003988,-16.392144833410022,-6.941672615574404,0.15216242460365878,0.050101673794297585,-0.7081931256593705,0.6876037489648793,0.5739594477080701,-20.675992640041862,0.16025850800983935,147,-0.8915440542671723,-20.493967085475976,-1.5463579368898595
1789036916.6191235,LIDAR_ONLY,0.172994919295818,-16.42954438021378,-6.954799000637011,0.15252693690709188,0.049728316640564,-0.7081386906339151,0.6876061538912521,0.5719777014815857,-20.727411552051365,0.16032956515589336,147,-0.8950540540277317,-20.540224544379953,-1.5450265148801692
1789036916.7483616,LIDAR_ONLY,0.17085335708822308,-16.468309885496947,-6.967847252276574,0.1523311549642597,0.04975076499304049,-0.7082938161017724,0.6874881458482399,0.5699768280621647,-20.77932304652128,0.16040147918488779,145,-0.8975148028322083,-20.592282013956712,-1.5480974444645628
1789036916.885828,LIDAR_ONLY,0.1701212091019675,-16.5091182453853,-6.981322688930491,0.15195345516712758,0.04970271477601403,-0.708252390969021,0.6876178722905122,0.5679763040179455,-20.831230796304283,0.16047284497348582,146,-0.898298137294328,-20.643289519611596,-1.548641146581136
1789036916.9944842,LIDAR_ONLY,0.16870445251638963,-16.548895617068453,-6.9948790845794395,0.15167312344796663,0.04972735320355011,-0.7082602765653563,0.6876698587305339,0.566129877257736,-20.879144978885485,0.16053837365550794,146,-0.9010825595437936,-20.693523120689004,-1.5499045608237214
1789036917.1055377,LIDAR_ONLY,0.16690456336638454,-16.581588365321092,-7.005520306629278,0.15161524825046338,0.04975228569306016,-0.7083153926436565,0.6876240477981623,0.5643561738276006,-20.92508259627662,0.1606195910599356,146,-0.9018786550912419,-20.7413735555166,-1.5505822360864807
1789036917.2378798,LIDAR_ONLY,0.16472856508528572,-16.621293976650822,-7.017356800021538,0.1516810542172415,0.04942581648503978,-0.7083399507252037,0.6876077811244936,0.5621997710357908,-20.981048723427183,0.16076278290954113,145,-0.9046698445556212,-20.787929515218153,-1.5505873197095208
1789036917.3392928,LIDAR_ONLY,0.16520787213954816,-16.66753611882693,-7.0326159229270715,0.1516046361427256,0.04937925586195821,-0.7083171876507492,0.6876514270101418,0.5606015839725795,-21.022523141956878,0.16086883166149749,145,-0.9078488842651563,-20.838572777064766,-1.5524470688708312
1789036917.4655104,LIDAR_ONLY,0.1652468340268567,-16.703863466826192,-7.044645575005342,0.1515409439170478,0.049714174132766784,-0.7083102137002976,0.6876485180489128,0.5584266746419653,-21.078983960488117,0.16101330782802425,147,-0.9109609598174665,-20.890574275705774,-1.554783459070117
1789036917.5798774,LIDAR_ONLY,0.16256000384012914,-16.74959603909962,-7.060313161101658,0.15143643760212858,0.049868118403952146,-0.7082658464862528,0.687706090444412,0.5565214826419169,-21.12844321842066,0.16113999576696825,146,-0.913957207713869,-20.938401048915214,-1.5549262822204606
1789036917.707245,LIDAR_ONLY,0.1595910610781882,-16.79489760049643,-7.074519714412885,0.15125574846779358,0.04992058022622998,-0.7082207670741604,0.6877884698875171,0.5545776804224938,-21.178900833749044,0.16126901989032486,148,-0.9167570034711708,-20.98753434926486,-1.5570180100693114
1789036917.8399913,LIDAR_ONLY,0.15556790185681518,-16.834255444508376,-7.0879445662783445,0.15113264786412764,0.05009487523351386,-0.7083372704441085,0.6876828756954081,0.5526339826848168,-21.229348012965843,0.1613988083331127,149,-0.9170516179437758,-21.041248350429104,-1.5596736999304661
1789036918.0210056,LIDAR_ONLY,0.15379034956090692,-16.8765871978848,-7.101631421272597,0.15097870446239484,0.05013678460840696,-0.7082080727654613,0.6878466829881629,0.5495734364802499,-21.308780319163688,0.16160274858355844,146,-0.9226158351507437,-21.143215577416598,-1.560180638765844
1789036918.1257315,LIDAR_ONLY,0.15378534698166701,-16.9181892975754,-7.113570639481715,0.15118713589221447,0.04977576624076402,-0.7082411387239863,0.6877930738636477,0.5479563606390596,-21.350748222479865,0.1617102794864354,145,-0.9226158351507437,-21.143215577416598,-1.560180638765844
1789036918.2223763,LIDAR_ONLY,0.15127342935636928,-16.953678038587597,-7.125599006582141,0.15101056147103228,0.05001106570875983,-0.7083342893385328,0.6877188656552571,0.5464547371611925,-21.38972024222592,0.161810104231765,150,-0.9227300005627425,-21.193993990145717,-1.56173734747388
1789036918.394406,LIDAR_ONLY,0.14759635901304988,-16.99111311299213,-7.138793588759051,0.1508583269178683,0.050063000002529924,-0.7082168742262661,0.6878694064220806,0.543566783113132,-21.46467138585589,0.1620019695040364,148,-0.9307474142178134,-21.296291963248294,-1.5617075048200024
1789036918.468037,LIDAR_ONLY,0.14797180538361485,-17.027439480465,-7.1507367544972835,0.15129570229666034,0.049617206781027906,-0.708156594515988,0.6878677059590221,0.5423152395711532,-21.497151738425522,0.16208504038477545,147,-0.9307474142178134,-21.296291963248294,-1.5617075048200024
1789036918.5900414,LIDAR_ONLY,0.14887436750897762,-17.071012467067685,-7.165125836524314,0.1510910217685718,0.04977298485957395,-0.7083289339475881,0.6877239812975633,0.5401972692634502,-21.55211738755062,0.1622256101606298,149,-0.9325301996429708,-21.347029251269955,-1.562426694811331
1789036918.659495,LIDAR_ONLY,0.1470363773230423,-17.112369289835502,-7.178792721467109,0.15101963042356686,0.05004450347737114,-0.7083622984246791,0.6876855917270178,0.5391579125839343,-21.57909935227978,0.16229464906446583,147,-0.9334160400084842,-21.398365162300937,-1.5624425840993807
1789036918.7847278,LIDAR_ONLY,0.14953538323518817,-17.160227072277102,-7.19371481396691,0.15110988775875078,0.049725383959522605,-0.7083298725560512,0.68772231289696,0.5372142516130375,-21.62955934135028,0.16242383427477491,146,-0.9365718724897438,-21.451610852545663,-1.563527458991162
1789036918.9302888,LIDAR_ONLY,0.1470732069758531,-17.198897128958556,-7.206313566400352,0.15131409838589446,0.049680629195299836,-0.708359122740239,0.6876505158458779,0.5349818376307804,-21.687511235647243,0.16257210787971052,140,-0.9386830090172743,-21.50221499939531,-1.564026432198535
1789036919.0276792,LIDAR_ONLY,0.14555290036499874,-17.243330770717854,-7.220199387268874,0.15142116245106638,0.049613960205241815,-0.7085409242024798,0.6874444306596833,0.5333845159056204,-21.728969626561447,0.16267837920494588,147,-0.9412103731577401,-21.549820744730408,-1.562509002133914
1789036919.1559696,LIDAR_ONLY,0.1464451635068758,-17.287022615306782,-7.234000196347721,0.151579002345322,0.049326210278935224,-0.708448932946836,0.6875251562190323,0.5311905513050856,-21.785914657670393,0.16282510451948196,149,-0.9444463362991192,-21.60342101826575,-1.563223949050314
1789036919.2778478,LIDAR_ONLY,0.14375752355281352,-17.32441396139964,-7.246934753901944,0.15127087938312173,0.049864179137448644,-0.7084440527835273,0.6875592401860776,0.5294965371238898,-21.82987933177572,0.16293778954460575,146,-0.946750423953235,-21.6547877833592,-1.5640623816645383
1789036919.4166594,LIDAR_ONLY,0.13877417328577366,-17.3673206038423,-7.262845474091935,0.150595400452209,0.05035968056988348,-0.7085039087714179,0.687609728836904,0.5273211666787662,-21.886337088980838,0.16308242934518993,149,-0.9490840202316311,-21.70611484547884,-1.5642454674092687
1789036919.5244503,LIDAR_ONLY,0.13557905052493666,-17.406358989020042,-7.2755343935216015,0.15035235009693051,0.05056438921809414,-0.7084667798322811,0.6876861458815419,0.5255114698886895,-21.933304807830456,0.16320270709018436,149,-0.9520080247455985,-21.758678352915574,-1.5637501558995035
1789036919.6265812,LIDAR_ONLY,0.13447303056823023,-17.4441962686454,-7.286663758722134,0.1505493841493398,0.05021231216327953,-0.7084426910589474,0.6876936528168838,0.523817176534193,-21.977276875631638,0.16331525091617952,146,-0.9550700652964057,-21.809652133627587,-1.5635944204693248
1789036919.7400687,LIDAR_ONLY,0.1347654780531866,-17.486323522326714,-7.299478933057007,0.15092524751490818,0.04988633391243387,-0.7084830628474506,0.687593392209114,0.5218917223303658,-22.027246802213934,0.16344304016812156,148,-0.9582916634124324,-21.858525036470173,-1.564804582109452
1789036919.871615,LIDAR_ONLY,0.13438675351681678,-17.529261250970624,-7.312585556524924,0.1508103779539299,0.049718144358590496,-0.7086021707274638,0.6875080360717667,0.5199665293094615,-22.077215172314585,0.1635708555169647,144,-0.959187223993129,-21.911840286619242,-1.5664985146726602
1789036920.0056226,LIDAR_ONLY,0.13270609477490977,-17.571064582741972,-7.325803880094387,0.15075830892565953,0.04979142514927909,-0.7085319809283183,0.687586487849545,0.5180033102678443,-22.128177288296246,0.16370127116822708,146,-0.9601287293121026,-21.962970907610632,-1.5678857835333662
1789036920.1677613,LIDAR_ONLY,0.13106432159230308,-17.612274954920267,-7.3377129955413105,0.15042868297017456,0.04996366494348329,-0.7086644561889966,0.6875096596118689,0.515289813905754,-22.198619026065245,0.16388160267081883,145,-0.9645101752901357,-22.01458797497363,-1.56523452241632
1789036920.3007188,LIDAR_ONLY,0.12985749621646236,-17.654030497238608,-7.352254899962215,0.15025891591858817,0.05006288384662069,-0.708691128718896,0.6875120725653242,0.5130574439837516,-22.256561307292607,0.16403026261263276,146,-0.9690874282222413,-22.11580932412916,-1.5671344394185098
1789036920.4570632,LIDAR_ONLY,0.129228062283557,-17.69762897336375,-7.365825416225816,0.15024529062262576,0.05002090319140043,-0.7086661212247846,0.6875438826124906,0.5106130847042314,-22.320004012243334,0.1641934320465444,148,-0.9708457693943513,-22.16643833746476,-1.5669147883159655
1789036920.522138,LIDAR_ONLY,0.12757864240403863,-17.741494361945342,-7.380634734664978,0.15027789138443348,0.0499804959470911,-0.7087863636396494,0.6874157374576276,0.5099778353198181,-22.336490733610567,0.1642356875030311,142,-0.9708457693943513,-22.16643833746476,-1.5669147883159655
1789036920.6315835,LIDAR_ONLY,0.12687429919169013,-17.782988905767315,-7.393944833531638,0.15033158805102945,0.04967117736421609,-0.7088558739733422,0.6873547393499206,0.5082260499319013,-22.38195559703235,0.16435218456344686,149,-0.9725532597439019,-22.219896069191602,-1.568223345948099
1789036920.7526803,LIDAR_ONLY,0.12457544421305705,-17.820439333883083,-7.405846639160032,0.1503927320988384,0.04956773513853317,-0.7089095350562111,0.6872934867081674,0.5062239260114662,-22.433918356131443,0.1644852828635645,145,-0.974792783675286,-22.268955104883027,-1.5682873217059192
1789036920.8711195,LIDAR_ONLY,0.12334920290533002,-17.86322877348536,-7.418772737441393,0.15047102072774712,0.04919054442081301,-0.7088621158881184,0.6873523571788737,0.504317933866939,-22.483385854925466,0.16461192439238465,144,-0.9778296202932485,-22.318334500859105,-1.5694518021738297
1789036921.019393,LIDAR_ONLY,0.1216868601744927,-17.902282001714095,-7.430826990496802,0.15047944180415201,0.04897239599807243,-0.7089727862121249,0.6872519410195475,0.5018919342898893,-22.546347498308364,0.16477296458579527,144,-0.9810714193901372,-22.367112961545793,-1.5709547031495452
1789036921.095437,LIDAR_ONLY,0.11968150874998697,-17.948120677602038,-7.446188527388187,0.1504401075404052,0.04888844150754276,-0.7090119946253576,0.6872260805641524,0.5006981767356253,-22.57732820514864,0.16485218877454533,148,-0.9813894225400117,-22.418056347559048,-1.5724520352817102
1789036921.2072222,LIDAR_ONLY,0.12055597555420625,-17.98488216798514,-7.458362841463371,0.15078959512945048,0.04866031202291606,-0.7090311601688178,0.6871458985864568,0.49873485724888816,-22.62829332898515,0.16498258266611904,148,-0.9837567350588646,-22.469035154870905,-1.572102385868069
1789036921.3275087,LIDAR_ONLY,0.12230110140639099,-18.023387797676907,-7.470598656911473,0.15059730760656084,0.048681802129715804,-0.709105091827183,0.6871102544918252,0.49682972973267836,-22.677752957590123,0.16510925162658824,146,-0.9870853074379679,-22.517543870975913,-1.5708960475129679
1789036921.4676967,LIDAR_ONLY,0.12188055561600908,-18.062581943133132,-7.4827746991487665,0.1506131664655675,0.048767831272618495,-0.7091938064388932,0.6870091102954126,0.49461656576108254,-22.735204556951988,0.16525616913372076,144,-0.9886809684362707,-22.568140369530138,-1.5728904618194137
1789036921.5717902,LIDAR_ONLY,0.12070650585826231,-18.098139132189402,-7.495921138094085,0.15060569181099437,0.04885652760373337,-0.7090921486001075,0.6871093727335703,0.4929808622480426,-22.77765931608463,0.1653653489933928,147,-0.990176920474767,-22.61597254020563,-1.5734351107379865
1789036921.6862833,LIDAR_ONLY,0.11885036717335684,-18.1444016025357,-7.510934885394411,0.15090429263913432,0.04864199201090512,-0.709208218585467,0.6869392649769862,0.49107549420061153,-22.82711404506849,0.16549261856980912,146,-0.9916314141942891,-22.66800429546351,-1.5733685946102405
1789036921.7999465,LIDAR_ONLY,0.11865268240434515,-18.183326022790716,-7.52201700063741,0.15130755134281174,0.04814752374411252,-0.7092919961055374,0.6867988825883273,0.48918899299981894,-22.87607508223208,0.16561809672587838,148,-0.9956469894979149,-22.718249097088247,-1.5746070849512348
1789036921.9202697,LIDAR_ONLY,0.1181246196365002,-18.222968986451285,-7.5346468020478055,0.15172026866775687,0.04790158693924264,-0.7093790430169945,0.6866351078792717,0.48722540667751363,-22.927037352817468,0.16574865117191617,145,-0.9982528593250029,-22.765002369049068,-1.5746636499731015
1789036922.0523849,LIDAR_ONLY,0.11376523677431288,-18.261726112417794,-7.548323498992864,0.15193666434238204,0.04794645323294393,-0.709343608873675,0.6866207338851357,0.4853579739935605,-22.97550432165548,0.16587276219191777,147,-0.9994918696756041,-22.812870875222213,-1.5754961685568403
1789036922.2345083,LIDAR_ONLY,0.11107649903425038,-18.306504242190492,-7.564122608927616,0.1520164068658846,0.04783291110079941,-0.709508374109826,0.6864407415991858,0.4823351530730169,-23.053955934854102,0.1660734727602859,149,-1.0071391355136667,-22.914077968374553,-1.5748236173229406
1789036922.3371542,LIDAR_ONLY,0.11052712702684511,-18.34216915877127,-7.576769095239046,0.1523928667820696,0.04783958324121465,-0.7095280000666949,0.6863365104310025,0.4806022780838583,-23.098928090675667,0.16618846777097793,149,-1.0071391355136667,-22.914077968374553,-1.5748236173229406
1789036922.5012834,LIDAR_ONLY,0.10944705409771363,-18.376581271546474,-7.5886896163701705,0.1523479519977321,0.04795621995008948,-0.7094904111026241,0.6863771988080788,0.47790775560340576,-23.1688770633492,0.16636749236813253,149,-1.010999470468064,-23.011700320543763,-1.574530999502899
1789036922.588773,LIDAR_ONLY,0.10946946002353326,-18.41509574453027,-7.601968275310453,0.15250140256865938,0.047964543512361776,-0.7095220246458849,0.6863098580981093,0.47659916724645246,-23.202848858337116,0.16645452030820151,142,-1.010999470468064,-23.011700320543763,-1.574530999502899
1789036922.6837168,LIDAR_ONLY,0.10748014507315684,-18.456530176116622,-7.616727348951028,0.15251683750080317,0.04818454610256708,-0.7096077374486967,0.6862023919723573,0.4753482475429191,-23.235322095159383,0.16653758381048173,149,-1.0124343933436786,-23.061678759055933,-1.5748898105309208
1789036922.8391988,LIDAR_ONLY,0.10812227064016072,-18.492162257405596,-7.628698929911819,0.1526373558449066,0.048209898626047396,-0.7096216246507545,0.6861594516605927,0.47257709028736206,-23.307249849146764,0.1667223858581151,144,-1.0184415719203503,-23.16519138794592,-1.5757040111424783
1789036923.0172164,LIDAR_ONLY,0.104052023963661,-18.527339807202374,-7.642243924222359,0.15217276124184997,0.048883270751171326,-0.709600385879578,0.6862369626712428,0.46990159904177653,-23.376691002821037,0.1669006325125781,147,-1.0195377125706928,-23.20947011931579,-1.5754395296932575
1789036923.0697641,LIDAR_ONLY,0.09949389896633522,-18.57277405430233,-7.657397135723513,0.1522194426032272,0.048779669647541234,-0.7097451112734612,0.6860842966764812,0.46893909851307636,-23.401671511886804,0.16696464436540853,147,-1.0227260804332918,-23.258823294666215,-1.5762988726728153
1789036923.1802495,LIDAR_ONLY,0.09547388464791148,-18.612301329525927,-7.670906698988404,0.15236102821331382,0.04878039672489974,-0.7097784029710875,0.6860183734077067,0.4671680506326791,-23.447637495212064,0.16708240059683185,149,-1.0227260804332918,-23.258823294666215,-1.5762988726728153
1789036923.2865126,LIDAR_ONLY,0.0939769379317452,-18.656873335925464,-7.685137711387835,0.15261344936428325,0.048599395879921126,-0.7098489570495771,0.6859021008634321,0.4656664414446501,-23.486610611294342,0.16718220727716712,148,-1.0257891991106876,-23.30839164271993,-1.5764948324188797
1789036923.4532614,LIDAR_ONLY,0.0935464235140995,-18.70317969854878,-7.698179998058955,0.15278691869034422,0.04818955895981404,-0.7099279771416498,0.685810608809702,0.4629325238973803,-23.55756592681315,0.16736378348842107,149,-1.0273463872700752,-23.359767619290274,-1.576973022455645
1789036923.516888,LIDAR_ONLY,0.09402359008760486,-18.738308241563075,-7.70997550477413,0.15292208079897654,0.04824545073105701,-0.709927096159931,0.6857774652362068,0.46196982258966474,-23.58255088048371,0.1674276683260294,147,-1.0303228086284886,-23.410574220073528,-1.5780061526444975
1789036923.6416512,LIDAR_ONLY,0.09255636102084885,-18.775956974470116,-7.72223554063211,0.15280349975033203,0.048246604865738556,-0.7099494898449481,0.685780633622646,0.4600446638336797,-23.632519284507815,0.16755549099239095,142,-1.0331595905454993,-23.46140392372491,-1.5790216709707077
1789036923.7574897,LIDAR_ONLY,0.0887701862076579,-18.820325295027693,-7.736256844516905,0.15267839129017155,0.04827804176916445,-0.7101335971044698,0.685615645809988,0.45813926252650866,-23.681982912681978,0.16768204695720793,142,-1.0345575215011276,-23.50692389440295,-1.5784212849166959
1789036923.8671565,LIDAR_ONLY,0.08816967178287331,-18.861075956868696,-7.749949285990852,0.15267087038853136,0.0480821959788533,-0.7101265279791051,0.6856384047185519,0.45642657537340575,-23.726446116291996,0.16779593190064526,149,-1.0356624707431898,-23.560819162235003,-1.5793500656022028
1789036923.9989789,LIDAR_ONLY,0.08471478248756811,-18.901067561733704,-7.762754173362221,0.15287078983048905,0.047944908568147884,-0.7101218733557606,0.6856082936638818,0.454444335464242,-23.777901860579846,0.16792747599794527,141,-1.0380536142804087,-23.608589051768455,-1.581767468791491
1789036924.1277409,LIDAR_ONLY,0.08300926617836718,-18.94401203548924,-7.775604560671978,0.15304194701841842,0.04789228801250896,-0.7102897873838052,0.6853998169973549,0.45230836153660586,-23.833343298420818,0.16807034048213254,140,-1.0408966466336171,-23.657191263029407,-1.58048473311547
1789036924.2418103,LIDAR_ONLY,0.08523721983287198,-18.986381659964803,-7.78879802524847,0.15346041293134546,0.047476153148159034,-0.7103500267035056,0.6852727603717534,0.4504605500375096,-23.881302871761218,0.16819342145427638,144,-1.0433802186513126,-23.71378955830714,-1.5812978674443061
1789036924.3565228,LIDAR_ONLY,0.0849150017587054,-19.019726141304332,-7.799644972124742,0.15341721617115206,0.04762413678248529,-0.7102868088994788,0.685337689377589,0.4486317943932397,-23.9287659611226,0.16831504007404666,141,-1.0456286314137129,-23.76246496118901,-1.5812303944128325
1789036924.4814756,LIDAR_ONLY,0.08551464875938225,-19.05672054352646,-7.811231891709441,0.15352270332560716,0.047698367088543,-0.7104872961009883,0.6851010490575757,0.44666820607432445,-23.97972919530112,0.16844558125556466,136,-1.049242149263209,-23.809137396860315,-1.5796113089206556
1789036924.6162748,LIDAR_ONLY,0.08634013152766831,-19.098076188518057,-7.823920535848188,0.15389936357605036,0.04723015832923742,-0.7105684389332442,0.6849648105027398,0.444492713929363,-24.036192039959925,0.16859013434211728,136,-1.0509990099724138,-23.859167860220115,-1.580242790880922
1789036924.727527,LIDAR_ONLY,0.08421625888850942,-19.13818229660306,-7.8375636631282255,0.15353735057410015,0.0474018697020566,-0.7104979713455513,0.68510727440401,0.4427616197687726,-24.081159990519975,0.16870913613251806,147,-1.0541296745295554,-23.910851012952573,-1.5798225528971177
1789036924.849539,LIDAR_ONLY,0.08246167825089934,-19.179033692682356,-7.849940903045674,0.15338850710040822,0.047453692392221504,-0.7106000355060043,0.6850311690038038,0.44082045086082355,-24.131605375436195,0.16887114336609496,144,-1.0553697437972953,-23.96193116547356,-1.5799923717608229
1789036924.9639058,LIDAR_ONLY,0.08105778751384987,-19.22523528896199,-7.863785800924145,0.15356543603160014,0.046889091754790495,-0.7107982738583012,0.6848247102805906,0.4389872774469655,-24.17909780602648,0.1690317152813989,139,-1.05518039860341,-24.010497448403736,-1.5804809852901693
1789036925.0750172,LIDAR_ONLY,0.08041184069792967,-19.2646074793537,-7.875668394958372,0.1537762383482611,0.046625896635287045,-0.7108171895927274,0.6847757423141615,0.4371973730989667,-24.225644630645416,0.16918637704248296,143,-1.0576521268561871,-24.05682841863172,-1.5800661157442297
1789036925.2272775,LIDAR_ONLY,0.07675133760956246,-19.298362336693128,-7.887261811688743,0.15377112280160782,0.046762963642744876,-0.7108137771964016,0.6847710866935494,0.4346682031155188,-24.291314730687542,0.16940970190126414,144,-1.0600771552873942,-24.109187456646577,-1.5784440911916422
1789036925.335773,LIDAR_ONLY,0.076595560299713,-19.33932053531593,-7.898820240412983,0.15374031602471971,0.046522457833308606,-0.7109846235268121,0.6846170033341303,0.4331991630263414,-24.329916748711128,0.1695402224603903,146,-1.0635621454214184,-24.157651740768824,-1.5780288806936507
1789036925.483091,LIDAR_ONLY,0.07573394118637225,-19.37265505959563,-7.90811541768273,0.1541887694973659,0.0460211046517384,-0.7111664329961669,0.6843611516348881,0.430673738881864,-24.395436545034304,0.16976130190018623,145,-1.0660513203513042,-24.210217605773487,-1.5777408144309775
1789036925.6389596,LIDAR_ONLY,0.07410595300284753,-19.416003424474773,-7.92203234048881,0.15402809449946267,0.04586199243312856,-0.7111698088911298,0.684404505155162,0.4283059177007016,-24.45689850232963,0.16997549143491486,149,-1.070522486076198,-24.30813119664526,-1.578820143429479
1789036925.7104237,LIDAR_ONLY,0.07261609457360033,-19.463391018974114,-7.936282297750431,0.15352454002764176,0.04605015035505967,-0.711305188258402,0.6843643243318991,0.427285172178176,-24.483378817427813,0.1700669148510352,148,-1.070522486076198,-24.30813119664526,-1.578820143429479
1789036925.8153481,LIDAR_ONLY,0.07082801077149262,-19.50591168571095,-7.9491402399897195,0.15301865421491015,0.04628353547116399,-0.7113231736865389,0.6844431812671212,0.4255895396702774,-24.52733420259547,0.17021936301304247,147,-1.0729132235079344,-24.36101370516284,-1.5783329115953688
1789036925.9422078,LIDAR_ONLY,0.06821492547968588,-19.547834068724086,-7.962276852776109,0.15278236021155056,0.046174357052455026,-0.7113275583025978,0.6844987830217414,0.42366498627289884,-24.577275265086755,0.17039090173667906,150,-1.074288633955584,-24.40825233445425,-1.577856065326062
1789036926.0720205,LIDAR_ONLY,0.06652482032490925,-19.589965277279816,-7.9751943602725435,0.15239336736087858,0.04643881049277852,-0.7114475721833048,0.6844428759939791,0.42173991563880026,-24.62772581581542,0.17055780559840755,148,-1.077873603881855,-24.45826986688235,-1.575977075997343
1789036926.1882246,LIDAR_ONLY,0.06833617755850394,-19.62815351975214,-7.988758096970561,0.15230184890440598,0.046594328718030945,-0.7114486207420084,0.6844515873280662,0.4198560190968518,-24.677174402880393,0.17072041566361668,145,-1.0796943639018914,-24.51231497677452,-1.5764714568008233
1789036926.3117166,LIDAR_ONLY,0.06885852725388572,-19.667182127561254,-8.000903129986984,0.15228080110884312,0.04669735863072888,-0.7113002475929263,0.6846034414789368,0.4179535433517226,-24.727151199200485,0.17088982605297579,145,-1.0823135351397246,-24.56439172387759,-1.5775740221572694
1789036926.4393387,LIDAR_ONLY,0.06696572632153344,-19.71270860447063,-8.015492320365976,0.152616461487823,0.04627322075931504,-0.711523496002403,0.6843254484234925,0.41582542082947105,-24.782738760868906,0.17107910735318876,143,-1.0834301524363497,-24.61334480698016,-1.5773922449296054
1789036926.5713682,LIDAR_ONLY,0.06813276045539468,-19.754127963079576,-8.028487206454196,0.15262402811164644,0.04626497852744877,-0.7114128583842662,0.6844393345873381,0.4139753138209399,-24.831929330499968,0.17125010987365616,146,-1.0845939233616566,-24.66470995494629,-1.5780333753786562
1789036926.7028773,LIDAR_ONLY,0.06446003850603671,-19.792310701873408,-8.042292574798669,0.15277852055433092,0.04625462953470403,-0.7114483200884363,0.6843687023433925,0.4120541518831606,-24.88258621343615,0.17140981396502847,147,-1.0869624977970223,-24.715315867794764,-1.5799036179973156
1789036926.8179033,LIDAR_ONLY,0.06430453378111677,-19.82982959644917,-8.052904009224138,0.15316007718892602,0.04593638100190487,-0.7114475583967033,0.684305641732771,0.41032128967167003,-24.927646674735463,0.17156634209034655,149,-1.090122649945423,-24.76519503468544,-1.5796012127887193
1789036926.9471154,LIDAR_ONLY,0.06036099685236074,-19.87233259294483,-8.066094893814979,0.15298164170037834,0.045844815258149416,-0.7115221001568739,0.6842741929993815,0.4082674467194235,-24.981190050813897,0.17175218904688713,149,-1.091588503713396,-24.81615715812955,-1.5813211734341917
1789036927.063309,LIDAR_ONLY,0.06229349366203069,-19.908521742246386,-8.077558295542229,0.1535023976901122,0.04568736904171183,-0.7116041255722241,0.6840827776534238,0.40630835660445663,-25.032177125291778,0.17193344034016592,146,-1.0948523806332737,-24.867927204801394,-1.5814858146368382
1789036927.1808054,LIDAR_ONLY,0.06831718005731013,-19.94175626901391,-8.088264959860417,0.1539483734682939,0.04526139489596334,-0.711502569049507,0.6841165095760297,0.40439142150725177,-25.082139370490893,0.17211010203301555,149,-1.09745423472224,-24.91931599902701,-1.5833733079054162
1789036927.2811687,LIDAR_ONLY,0.07001795768220555,-19.983328048247586,-8.101501735139381,0.15414895961144837,0.044875162300157916,-0.7116207278757235,0.6839738721010242,0.4026487575585186,-25.1275957593783,0.17226892841257999,149,-1.0984291822371055,-24.971521512192524,-1.5808446046064328
1789036927.3933976,LIDAR_ONLY,0.07125390146386068,-20.023785676133325,-8.113270749546391,0.15436095281952486,0.044715724582752206,-0.7116488682269464,0.6839072221953753,0.40079239976016534,-25.17603823131073,0.17243675937619507,147,-1.0983709124733707,-25.020458178174973,-1.5818422610581402
1789036927.508103,LIDAR_ONLY,0.07012467701520746,-20.058941108318937,-8.123663694340845,0.15452651097328582,0.044841152424359876,-0.7115686366908097,0.6839451028654717,0.39882527747421315,-25.2269814930025,0.172646202353714,148,-1.101447012946918,-25.06888343292681,-1.5827431015686364
1789036927.6367092,LIDAR_ONLY,0.06778277561148646,-20.09874994568848,-8.136662278507714,0.15443534865247513,0.04482146148811389,-0.7116957904825737,0.6838346740887323,0.39662293696388906,-25.28392656653265,0.17289053353110825,150,-1.1031356571702775,-25.118269624754628,-1.5816706099776965
1789036927.763287,LIDAR_ONLY,0.06295282035755984,-20.14475778951345,-8.151374074708675,0.15380997914313208,0.045184553466010274,-0.7117649991817957,0.6838796914544291,0.39478732204189354,-25.331385767570794,0.17309289202862754,147,-1.1055516365456586,-25.169955536477225,-1.5798165277694576
1789036927.8814464,LIDAR_ONLY,0.05938823300991089,-20.179557947975987,-8.162693088784014,0.1535616497803758,0.04537879385807505,-0.7117584589313173,0.683929441480941,0.3928166945153827,-25.382331275706342,0.17331110134101801,145,-1.1093795195890739,-25.22319919308058,-1.5788400547532784
1789036928.0182333,LIDAR_ONLY,0.05882283221394759,-20.215388100711305,-8.174258652839688,0.15331026015407645,0.04552921535429161,-0.7116576432132306,0.6840807361246933,0.39076789121975,-25.435284945763314,0.1735374627360835,147,-1.113112838979952,-25.27406243487461,-1.5788246014713432
1789036928.160646,LIDAR_ONLY,0.06176670747037482,-20.262731680489136,-8.188778392893525,0.1535454197462163,0.04508675476295144,-0.7115782898025808,0.6841398439657921,0.38840955322740467,-25.496236626346594,0.1737976876389671,143,-1.115268461326113,-25.32035636965173,-1.5776174837755408
1789036928.247595,LIDAR_ONLY,0.06259132332693224,-20.308197098799752,-8.202385732476294,0.15398798829047708,0.04451397583302783,-0.7116727714423314,0.6839795843483779,0.3870563566573231,-25.531210818758392,0.1739469729506318,144,-1.115432270971104,-25.3713261791876,-1.5771721528297902
1789036928.395545,LIDAR_ONLY,0.06108077419758158,-20.348283817285825,-8.213837726831258,0.15454645800403816,0.043943743851326766,-0.7117963600808744,0.6837618602045258,0.3850844515316417,-25.582175809560734,0.1741644602857556,144,-1.1172433023578021,-25.42166752098615,-1.5789519276724242
1789036928.5165586,LIDAR_ONLY,0.05596303373514665,-20.38754720852711,-8.225917699601077,0.1545399714789258,0.04401907581646269,-0.7118951133125635,0.6836556631969414,0.3830930602908915,-25.63364316877102,0.17438398858257534,149,-1.1203354676195916,-25.474410604436958,-1.580121799548865
1789036928.6309211,LIDAR_ONLY,0.05362616290430191,-20.430142781608488,-8.238830088682462,0.15451401360684208,0.043987206834248074,-0.7118635176156545,0.6836964805539754,0.38114026707336446,-25.684111397897237,0.17459917379229561,147,-1.12104205866352,-25.526972922489062,-1.5786375484157709
1789036928.7619147,LIDAR_ONLY,0.05581705216051472,-20.468614334435983,-8.250363102904672,0.15465172812487427,0.043663354959742336,-0.7118512042257528,0.6836989231116246,0.3792846151274057,-25.732078023462364,0.17480377882667084,149,-1.1254255224692997,-25.57742988060744,-1.578292625942138
1789036928.8779771,LIDAR_ONLY,0.05065454741862841,-20.509578266427727,-8.263563868568113,0.1545765087462213,0.04386949873352277,-0.7119635281627275,0.6835857697398183,0.3773522019093369,-25.78203690211776,0.17501700028826767,145,-1.1278218964784592,-25.627067427136776,-1.5778619953389157
1789036928.9993463,LIDAR_ONLY,0.05152177235553131,-20.556621436202246,-8.277996912125925,0.15418081847863996,0.04386950001046556,-0.7119092823750434,0.6837316109778304,0.37526509937912644,-25.83599135995458,0.17524710363974072,148,-1.1313348285519411,-25.676150090343576,-1.576609200466227
1789036929.1171303,LIDAR_ONLY,0.05132673771222974,-20.594942599079857,-8.290373597408694,0.1541741014329893,0.04362285984357118,-0.7118677691866118,0.6837921261170498,0.3734487390084046,-25.882942231047956,0.1754477589887709,149,-1.134286815536923,-25.732667289450372,-1.5768151387610492
1789036929.2417037,LIDAR_ONLY,0.04843184515738052,-20.636896522475805,-8.302678313315226,0.15423347417716954,0.043571385684851166,-0.7119386853198595,0.6837081820029451,0.37157414673080036,-25.931395384060597,0.17565530061669274,149,-1.135001365800623,-25.77968052115571,-1.5760926131634247
1789036929.352709,LIDAR_ONLY,0.051380311111428184,-20.675333629122562,-8.3148690858968,0.15464140934053622,0.04317511256823516,-0.7120083434672886,0.6835686234789164,0.3696411185814188,-25.981354530251146,0.17586862550483318,146,-1.1392046463896515,-25.83018404648194,-1.5747794497456613
1789036929.4849198,LIDAR_ONLY,0.05152729430954215,-20.708235858731285,-8.324513890561944,0.1552839066175321,0.043130014495419845,-0.7120461042998334,0.6833864613428141,0.3677079990268577,-26.031316438860568,0.17608190330371803,146,-1.139615037119791,-25.87745320896709,-1.5739376344094527
1789036929.603188,LIDAR_ONLY,0.05271464985284029,-20.73710192047539,-8.333552107185835,0.15548486175306137,0.04310666411755141,-0.7119477799977875,0.6834446808853737,0.3657554458214501,-26.081780958571155,0.17629727443665616,150,-1.1427200809967792,-25.928407854964004,-1.574540521547351
1789036929.7318408,LIDAR_ONLY,0.05429893361542787,-20.7898439914875,-8.347462054681248,0.15542607811423914,0.04287426844939927,-0.7120181242733574,0.6833993869277359,0.36380275165885717,-26.132248351187148,0.17651257444068358,146,-1.144752850082889,-25.977296058363784,-1.5739863166666714
1789036929.8494234,LIDAR_ONLY,0.05276952328740229,-20.830209220996853,-8.36035289058247,0.15562121949624924,0.042819620534075384,-0.7121010093964889,0.6832720311532735,0.36183060817377166,-26.183216859273756,0.17672989717963658,138,-1.1469538551134628,-26.027763577967853,-1.5736551761835964
1789036929.9669664,LIDAR_ONLY,0.04990869467856192,-20.869942111041123,-8.372618060121589,0.15583597579248287,0.04252948315671736,-0.7121017021455825,0.6832404829286621,0.36001331831627326,-26.230185562809677,0.17693020734240794,147,-1.1495256155016533,-26.076524856731957,-1.5755600029227212
1789036930.1132562,LIDAR_ONLY,0.04957305920471382,-20.912936836463516,-8.385916259587853,0.15596215991598023,0.042379270597859404,-0.7120183712100294,0.6833078670389742,0.3579068648910627,-26.284642762278153,0.17716259238229998,146,-1.1528496735413825,-26.129177859657506,-1.5739371722046478
1789036930.214034,LIDAR_ONLY,0.048282207136605915,-20.95741186762386,-8.397840689758246,0.15639605944690047,0.04206136680806815,-0.7122443995674956,0.6829927007636731,0.3561096565108712,-26.33110373857887,0.1773608645504601,148,-1.155114311218072,-26.18272742295746,-1.5746413502067416
1789036930.3528693,LIDAR_ONLY,0.05061708649811673,-20.992967039512866,-8.410026490857287,0.15712143825205702,0.041725958728672345,-0.7120709916437503,0.683027598907441,0.3538486139648477,-26.389548500766907,0.17761020858591337,150,-1.1560588155361737,-26.233021267632434,-1.5735126103770767
1789036930.4783432,LIDAR_ONLY,0.053719033612355235,-21.026719772909793,-8.42153624132656,0.1575657673632592,0.041413409956637955,-0.7118541007595091,0.683170328441496,0.35210947457557146,-26.434501751140317,0.17780293606110273,145,-1.159389317638383,-26.2816695284122,-1.5735446010056826
1789036930.6013417,LIDAR_ONLY,0.05010885563274205,-21.076042201806896,-8.435913880637594,0.15748498796371194,0.0411424553623948,-0.7119734661280684,0.6830809325858885,0.35007988653776545,-26.486957680845993,0.17802699477140574,141,-1.1602796736025394,-26.329755137453002,-1.5729562104004131
1789036930.7307425,LIDAR_ONLY,0.045105097039104626,-21.12016786499515,-8.449459743613357,0.15795004260459672,0.040903765926175,-0.7121751226239771,0.6827776070506311,0.34816615328880696,-26.536418993082606,0.17823815309918672,147,-1.162087379824507,-26.379629887122263,-1.5732273580093963
1789036930.892076,LIDAR_ONLY,0.04341140152226711,-21.158023152983233,-8.459483622875547,0.15754476124336442,0.04131114395582859,-0.7119940767936265,0.6830354838517716,0.34544037513589754,-26.606868814336796,0.17853882836264737,147,-1.1692975425955463,-26.4825949172298,-1.5715611652199906
1789036930.9696503,LIDAR_ONLY,0.04575621949146776,-21.19499292235982,-8.471099301575553,0.15819992382908693,0.04100803353478067,-0.7120330127260327,0.682861709333867,0.34437705617296677,-26.634350798000046,0.1786560794641405,148,-1.1692975425955463,-26.4825949172298,-1.5715611652199906
1789036931.0959644,LIDAR_ONLY,0.04728382277375278,-21.242519445655436,-8.483948351478846,0.15865370312335939,0.04058860331722184,-0.7121226913031878,0.6826879523597196,0.3422116273604614,-26.690315871764422,0.17889474575091024,149,-1.1716899468967492,-26.534126369081537,-1.5708271161201615
1789036931.2070124,LIDAR_ONLY,0.04875439682635266,-21.2716067828811,-8.494559908792533,0.15878246981185032,0.04073549265022944,-0.7119754950530088,0.6828027836520696,0.3404329163226541,-26.736286032799285,0.1790907754908193,148,-1.173070770522247,-26.585544808418486,-1.5705219589544914
1789036931.3241808,LIDAR_ONLY,0.04604207071534015,-21.30925269496722,-8.506641762752253,0.15905109687785463,0.04058064707255745,-0.7119304771982111,0.6827964230291862,0.3386548768402026,-26.782252447551464,0.17928686262594795,149,-1.1756386718921157,-26.629504515581182,-1.5705315012847931
1789036931.4611373,LIDAR_ONLY,0.04426185307230175,-21.366170942310724,-8.523197376182603,0.15953876298805825,0.04017510719271593,-0.7122239438340314,0.6824004672447056,0.33658719109777546,-26.83570765301208,0.17951502131834568,149,-1.1792935301531724,-26.679571510956965,-1.5706678967659962
1789036931.5680299,LIDAR_ONLY,0.04744795705676811,-21.398036982453306,-8.532880421072726,0.15994899202332763,0.04003221973744973,-0.7121712375080244,0.6823678405375676,0.33484793076804376,-26.880669036610957,0.17970669691743274,149,-1.1791680437805343,-26.737102571015217,-1.5692942833254053
1789036931.6911914,LIDAR_ONLY,0.04980076668649009,-21.436568769916274,-8.543826297381653,0.15974703198527496,0.04011525941580628,-0.7120078226916631,0.6825807733592966,0.33291559974260343,-26.930614839218535,0.17992047239982156,148,-1.1832359849246943,-26.784353920081458,-1.567138028441073
1789036931.804496,LIDAR_ONLY,0.04944027253108506,-21.47459425344508,-8.554056456382284,0.1593374524322869,0.04043194371071146,-0.7119194188597935,0.6827500093229559,0.33100223485054503,-26.980070083326776,0.1801320426057877,148,-1.1851675470135945,-26.83330434225128,-1.5653609458470188
1789036931.9257529,LIDAR_ONLY,0.048929558979059894,-21.520238325030398,-8.56693284968712,0.15977876878493907,0.039723009759501986,-0.7120995116432756,0.6825006322770873,0.32903053905462887,-27.031029129137373,0.18034961283256473,148,-1.1851040132863093,-26.881042084832814,-1.5646966401913363
1789036932.0509803,LIDAR_ONLY,0.04354647734130838,-21.561670769298562,-8.580063440737279,0.160105681518168,0.039668832179700096,-0.712099221607069,0.6824274709342439,0.32713608469797884,-27.079992524469755,0.18055861646013582,148,-1.1877163004710816,-26.934411160933493,-1.563846956832171
1789036932.1670914,LIDAR_ONLY,0.04145119952160873,-21.60405879868632,-8.594167281863648,0.16020207497442646,0.03943380757970356,-0.7120223268389266,0.6824987004211334,0.3252028584980948,-27.129958101171866,0.18077184248268258,147,-1.193159796597265,-26.98361546061161,-1.562450485091526
1789036932.3082387,LIDAR_ONLY,0.04154140820275109,-21.644156120355625,-8.606653193738948,0.1604750575668787,0.039222431409522696,-0.7120648232077814,0.6824024064460084,0.32325015458168344,-27.180426046226806,0.18098711853356012,148,-1.194429917205356,-27.036642803333365,-1.56193140011308
1789036932.4252155,LIDAR_ONLY,0.04729427158695422,-21.687956431136406,-8.622313111350488,0.16147578778744096,0.0385122311538568,-0.7121881062500258,0.6820780595547544,0.32133603996265364,-27.22989531985181,0.18119803637869603,146,-1.1969708139579784,-27.085309415384607,-1.5620683761656309
1789036932.5575788,LIDAR_ONLY,0.049657363129791826,-21.729037491818296,-8.634593502025641,0.16127123556182862,0.03844775740862808,-0.7119128245939151,0.6824173859957863,0.31915172894734034,-27.286356146263564,0.18143886430056372,144,-1.1995258097994197,-27.13464782659583,-1.5602292415387256
1789036932.6778953,LIDAR_ONLY,0.045465145796147355,-21.768786322353698,-8.646321640719513,0.1613028142546465,0.03828806040439418,-0.7118543305714914,0.6824799180859568,0.31719999203429267,-27.3368144416555,0.1816542369014877,149,-1.2010632425472327,-27.186617459073933,-1.5584941932477043
1789036932.7837653,LIDAR_ONLY,0.04369309403489264,-21.814028278105617,-8.661719699846143,0.161575421562718,0.038176236717997254,-0.7119655765677638,0.6823056323081418,0.3154800717320476,-27.381277160143302,0.1818438982185318,146,-1.2040134025480482,-27.23555717796519,-1.5560833680987078
1789036932.9399621,LIDAR_ONLY,0.043120060906457695,-21.851940710255654,-8.672937980079341,0.16169181258804327,0.03788902757378913,-0.7119991551074432,0.6822590288576568,0.31289065784116626,-27.448208553259377,0.18213002852000787,149,-1.2060451375400012,-27.283850840050544,-1.555987094174229
1789036933.0324981,LIDAR_ONLY,0.047553315687740946,-21.893715541228595,-8.686641628196965,0.1619249277759244,0.03787285889416707,-0.711757367548191,0.6824568953896015,0.31146052822981884,-27.48517426651169,0.1822882519582888,149,-1.2084387590614563,-27.33523614569397,-1.5540137206610005
1789036933.1565099,LIDAR_ONLY,0.052084684759891475,-21.93504845592825,-8.699608230987632,0.16222984804153368,0.037543284467847174,-0.7116975567686853,0.682465065688546,0.3094309069220904,-27.537631168584525,0.1825122490837473,143,-1.2121424444101692,-27.386301183221015,-1.5528199050649645
1789036933.2750723,LIDAR_ONLY,0.04960115329983782,-21.98528075949369,-8.716646456165845,0.16258543818356033,0.0371620513657602,-0.711921601014139,0.6821675682985915,0.3075751754082409,-27.585594381539167,0.18271699969896252,146,-1.2120363603710302,-27.439270189041217,-1.554124120218138
1789036933.372944,LIDAR_ONLY,0.05156144318749041,-22.028637684264503,-8.730966578700514,0.1626495493236555,0.0368619278025933,-0.7116836181352391,0.68241684479607,0.3058353454977002,-27.630562349649377,0.18290892112311027,147,-1.2127778654799326,-27.48994219276455,-1.5533584356309011
1789036933.5369678,LIDAR_ONLY,0.05458052820104409,-22.06444400847949,-8.743398285916879,0.1631297156495193,0.03629659359131686,-0.7116032288585936,0.6824163669225687,0.303167389350575,-27.699517604661885,0.18320308935750867,145,-1.2165233885592843,-27.537794166214976,-1.5514726117456565
1789036933.623605,LIDAR_ONLY,0.05285531723835751,-22.107486680205948,-8.758012056378982,0.1627776002182657,0.036385054440666045,-0.7117361182204965,0.6823571489337177,0.30175599567827527,-27.735994994185397,0.18335862119172092,145,-1.2192587866461206,-27.586925921360695,-1.5489867709800922
1789036933.74472,LIDAR_ONLY,0.05134865370234848,-22.154766946025084,-8.773280898815669,0.1624775859802069,0.03667574624185565,-0.7116938234487188,0.6824571967212241,0.29986144810405646,-27.784962598087663,0.1835674598578803,139,-1.2195592103212192,-27.639533883175858,-1.5477442041303475
1789036933.88424,LIDAR_ONLY,0.049124007849935473,-22.196770541027792,-8.785177041909582,0.16262969381668613,0.03677274315551167,-0.7115422250108361,0.6825738129144265,0.29792896239578465,-27.834923933595544,0.18378062411877566,139,-1.225060646201267,-27.687419405834362,-1.5472426903136525
1789036933.999153,LIDAR_ONLY,0.044330243300645916,-22.24085618634903,-8.80011376268265,0.16247510623783465,0.036846623161334635,-0.71160614096697,0.6825400108072112,0.2960545205153283,-27.883383192213977,0.18398743045432558,146,-1.2257785945016446,-27.741340831953448,-1.547142134914443
1789036934.1332316,LIDAR_ONLY,0.04327661940850566,-22.288796599752864,-8.815845501204453,0.16212195783979355,0.036974289050072016,-0.7115930475471234,0.6826307255156564,0.2939094370699698,-27.938831772107704,0.18422390318199722,147,-1.22578421410325,-27.78971515866191,-1.5460947837871104
1789036934.2660701,LIDAR_ONLY,0.047361073081277044,-22.32161072743983,-8.827397158907317,0.16308539056573648,0.03685296690840549,-0.7114580164531785,0.6825485367639271,0.29205447164122456,-27.986780496802538,0.18442948642825902,147,-1.230814485999645,-27.83575545306323,-1.5460639555413829
1789036934.3665829,LIDAR_ONLY,0.04572642292819762,-22.356130659586007,-8.839188753277009,0.16304240903512007,0.03716434712423062,-0.7114575505289378,0.6825424074401666,0.29037288550655466,-28.030243651161474,0.18461516713854265,147,-1.2332858303139804,-27.889912543949922,-1.547062283682254
1789036934.4874816,LIDAR_ONLY,0.04592431380662313,-22.406877562941975,-8.85652228535457,0.16303381527320102,0.03682870123370813,-0.7114575882189178,0.6825626139839649,0.2884591901204234,-28.0797045897242,0.18482632709622385,146,-1.2338586533305367,-27.93607705854573,-1.5487505728408981
1789036934.592096,LIDAR_ONLY,0.041654366047458785,-22.442755866341248,-8.868528517418136,0.1635701781452646,0.03666761186027346,-0.7115652310555675,0.6823307152802282,0.28648741742410716,-28.130667282181278,0.18504385153689507,143,-1.2342469617168863,-27.987690150690483,-1.5459004153296783
1789036934.7038198,LIDAR_ONLY,0.0431247728895072,-22.474053861193006,-8.879073068559252,0.16367107214719817,0.03688085943169383,-0.7113616061256753,0.6825073242684403,0.28459285076462026,-28.17963432496272,0.18525279621037566,143,-1.2386953937566212,-28.033730049698853,-1.5444689447267825
1789036934.8244324,LIDAR_ONLY,0.04591358474614419,-22.515001182361384,-8.891528037984676,0.16363583948953966,0.036514970539996416,-0.71124901182963,0.6826527756717846,0.282659476720315,-28.229603079941946,0.18546591191928322,146,-1.24075786800134,-28.08106451177742,-1.5422322586305035
1789036934.948715,LIDAR_ONLY,0.04745273816479819,-22.566657163022807,-8.907558069696295,0.16420029773268324,0.03594499476968014,-0.7114120381289655,0.6823775579403951,0.28047472555438047,-28.28606714603348,0.1857066637082542,145,-1.2437146025487862,-28.131050435333155,-1.541939408525265
1789036935.0503228,LIDAR_ONLY,0.0478903170610679,-22.608612580541514,-8.92292934878138,0.16481981815452135,0.035681698325703545,-0.7114016149079344,0.6822528755926844,0.2786773153312204,-28.332533397403807,0.1859048901073107,143,-1.244220724385556,-28.184295699710887,-1.5417505544335053
1789036935.1762052,LIDAR_ONLY,0.0491255072539838,-22.64960127349951,-8.937347283895903,0.1650835813573869,0.035661555918093675,-0.7112134194388939,0.6823863543519578,0.2766869677192233,-28.383990307534482,0.18612453915279234,147,-1.2452008046804137,-28.234678818577006,-1.5418209900833904
1789036935.3049674,LIDAR_ONLY,0.05339932257106854,-22.691613690290662,-8.951363265571329,0.1658194084523206,0.03547000154858166,-0.711084042573693,0.6823527585990407,0.274851114170763,-28.43145001729306,0.18632690290662907,149,-1.2495954367551572,-28.285795552775816,-1.5422156820991333
1789036935.4281552,LIDAR_ONLY,0.053884331823185194,-22.73684323812546,-8.966286550436397,0.16587742183591356,0.035269382331791936,-0.7112123876270913,0.6822152822099314,0.27280283402579747,-28.484393711265117,0.1865534129501867,149,-1.2509637317847877,-28.333397816779804,-1.5413445157689192
1789036935.5398679,LIDAR_ONLY,0.04941778067671406,-22.778328009481594,-8.980175389983703,0.1657925244718825,0.03523902469345962,-0.711207143691582,0.6822429543278228,0.2708895147197077,-28.53384881602245,0.1867649881053526,146,-1.2533468090847475,-28.382740430651413,-1.5407821909130597
1789036935.702742,LIDAR_ONLY,0.047569171679158445,-22.814078080690123,-8.991669934915368,0.16574207861493073,0.03534052841914922,-0.7111806311123954,0.6822775977254658,0.26818334551985157,-28.603792923376652,0.1870636133185563,148,-1.2565585004029476,-28.481852392224187,-1.5391914315959456
1789036935.779658,LIDAR_ONLY,0.047315985872983836,-22.850492924420497,-9.003990232803593,0.1659194995071469,0.035290689040866866,-0.7111177504883167,0.6823025955474264,0.2670235128135474,-28.633770649899343,0.1871915737100738,148,-1.2565585004029476,-28.481852392224187,-1.5391914315959456
1789036935.8949826,LIDAR_ONLY,0.046687900022980296,-22.88975058799741,-9.016594860159318,0.16607152761972477,0.03509834712977735,-0.7112015439427829,0.6821881834480942,0.2652450235954705,-28.67973856840719,0.18738774864951308,149,-1.260220141504969,-28.53227567965264,-1.538055693333442
1789036936.016196,LIDAR_ONLY,0.05307465746925318,-22.934000690339435,-9.030843576694977,0.166094046937323,0.034914828788044194,-0.7109723352004109,0.6824309934948429,0.26315707774733577,-28.73370385569172,0.18761795784371063,144,-1.263198266117327,-28.575964603126803,-1.5403683151680583
1789036936.1501555,LIDAR_ONLY,0.053491633798216066,-22.989696397982954,-9.048470500823315,0.16630250988696416,0.03416917107712077,-0.7110584896136481,0.6823281961794896,0.26095302562309897,-28.790668191741158,0.18786084365000474,143,-1.2640604256376096,-28.62668168423038,-1.5393992648808736
1789036936.2486494,LIDAR_ONLY,0.046280942449393736,-23.0236655691287,-9.06053407385754,0.16657844373644543,0.03412037795409755,-0.7111536646815784,0.6821641203556331,0.2594453408347037,-28.82964163970158,0.1880270872714577,148,-1.265751914367253,-28.67685681509681,-1.5395185247077516
1789036936.3780408,LIDAR_ONLY,0.04587436780596288,-23.075070777686157,-9.077335433634095,0.1664239308634526,0.034026379406994815,-0.7110323127246873,0.682333005944891,0.2572617023671241,-28.886096380470686,0.18826799317758422,147,-1.2674417427530278,-28.727401447875245,-1.5395677158912908
1789036936.4911125,LIDAR_ONLY,0.04554992988153185,-23.118281975995835,-9.088311512167936,0.16620430163306846,0.034387441073099455,-0.7108212855544366,0.6825882609727819,0.25534860831529527,-28.93555482918156,0.18847897727995644,148,-1.2689311168943969,-28.775777898826398,-1.5395588153690916
1789036936.614804,LIDAR_ONLY,0.042154779788852535,-23.155059690331868,-9.100567964854498,0.16616728768081457,0.034369808238056514,-0.7109549783270025,0.6824589127401973,0.2534355421509168,-28.985005470844243,0.18869005641420472,148,-1.2718791356234782,-28.82386535423946,-1.538890195027546
1789036936.7301042,LIDAR_ONLY,0.0409657074646057,-23.198436166313034,-9.114690316648112,0.1664137377799352,0.03433505683015155,-0.7109084557356039,0.6824490745207294,0.2515804874784008,-29.032956749682324,0.18889559623285324,148,-1.2751012223996798,-28.87474162858263,-1.5389021509287308
1789036936.8578725,LIDAR_ONLY,0.03924590264875922,-23.239349958718257,-9.128784627825434,0.16653924572680823,0.03423359387879323,-0.7109006408510137,0.682431695864506,0.24958959561486752,-29.084414208360688,0.1891153452519505,146,-1.277663654933073,-28.92803635296975,-1.5378106044631468
1789036936.9518068,LIDAR_ONLY,0.03822263633799439,-23.276125485008375,-9.138371758377287,0.16660356572822296,0.0339831828334987,-0.71093499647798,0.6823927212053199,0.24790787465751457,-29.12788058624414,0.1893009016395522,146,-1.280430323691317,-28.975224719485542,-1.5386296718310113
1789036937.088442,LIDAR_ONLY,0.04158304812711631,-23.31713792688315,-9.150139338666621,0.1662327258111062,0.0342115559316404,-0.7106926028596992,0.6827241569994809,0.24572346390429284,-29.18434022070603,0.1895418709207158,142,-1.2810617425895814,-29.019127033192934,-1.5386554226458902
1789036937.2005181,LIDAR_ONLY,0.03553276439972097,-23.361519497746503,-9.164200154508416,0.16615194867707944,0.03448601019465834,-0.7107214565756103,0.6826999752561195,0.24382888287448024,-29.233308194558056,0.18975078947168555,146,-1.2831194812174767,-29.066683676206704,-1.5384164200897499
1789036937.325191,LIDAR_ONLY,0.031510177248597455,-23.40848673650648,-9.180387480618798,0.16648376822366265,0.03413866904781175,-0.7109761067803472,0.6823713664722122,0.2418375065748486,-29.284776391724346,0.1899702577512394,143,-1.285360108613447,-29.119940846830985,-1.5382726357245957
1789036937.4493477,LIDAR_ONLY,0.031824552779081125,-23.448250911795757,-9.191878590621032,0.16673488971005984,0.03421094293045028,-0.7108852848831291,0.6824010548598355,0.24009757604291193,-29.329747015945905,0.19016202511151853,145,-1.2861641975830354,-29.171278022422644,-1.5370451552977875
1789036937.563774,LIDAR_ONLY,0.03539912672842949,-23.48430790405349,-9.202671148260446,0.16675059741874274,0.03421338221688131,-0.7107234107192828,0.6825656863579678,0.2381456649936463,-29.380209095025304,0.19037731973237915,148,-1.2910187892036575,-29.218121842662672,-1.5362540688570234
1789036937.6879725,LIDAR_ONLY,0.032527337031058846,-23.531614519843888,-9.218675886551642,0.16688175482501172,0.03406957801257237,-0.710827119430052,0.6824328172379641,0.23627127488167793,-29.428668301885423,0.19058416552759977,148,-1.2936530196009397,-29.266681344138178,-1.5344866383107785
1789036937.8079054,LIDAR_ONLY,0.02586628663764421,-23.571839706060498,-9.232516703523743,0.16702230330288143,0.033898424946921406,-0.7110346366599801,0.682190730261947,0.23418418108474115,-29.482620773715055,0.19081418528700134,148,-1.296355125969048,-29.316339393090605,-1.5353478489605665
1789036937.9284885,LIDAR_ONLY,0.027123264866577977,-23.60970027378455,-9.243755414101813,0.16707596962442914,0.03403746343326102,-0.7107537731514836,0.6824632923520617,0.23219398972911665,-29.534065363560337,0.1910346199966337,148,-1.2984600230561878,-29.365339345622186,-1.5349062354769818
1789036938.0430534,LIDAR_ONLY,0.0313996869143937,-23.64800146716942,-9.255397731427257,0.16710977168581503,0.0339658151305535,-0.7106358847077123,0.6825813409223247,0.23049318120984846,-29.578027249379772,0.19122250855318143,146,-1.3033146292014697,-29.413037669185204,-1.5345619312242778
1789036938.1707215,LIDAR_ONLY,0.02898401131846893,-23.696316844041718,-9.271053147199073,0.16731173689909734,0.033441667000794505,-0.7108838231030123,0.6822995146227646,0.22834761298895123,-29.633482946977704,0.19145927340122335,146,-1.3024593799666397,-29.463484646382433,-1.53410592141834
1789036938.2828016,LIDAR_ONLY,0.024480894359131845,-23.736589559553845,-9.28500535603759,0.16763537145052615,0.033388474820225784,-0.7110581734170661,0.6820409562516088,0.226395255948809,-29.68394565924201,0.19167467025812904,149,-1.303852502466238,-29.515342427873986,-1.5335515710666006
1789036938.3899055,LIDAR_ONLY,0.02461441706826977,-23.77873495798213,-9.298611554622362,0.1675855351740475,0.03347532721624454,-0.7107700509043405,0.6823491962372601,0.22455876977213146,-29.731413331550193,0.19187722571694205,139,-1.3034464212979031,-29.568195023803273,-1.5321662942553493
1789036938.5101137,LIDAR_ONLY,0.026670211990809645,-23.80739419590988,-9.309104637807811,0.16829159482332795,0.03335031421639491,-0.7107583285181098,0.682193736482263,0.22247081664482588,-29.785379283321905,0.19210739965722104,139,-1.3071655731563296,-29.61966892003777,-1.530212413214082
1789036938.6173584,LIDAR_ONLY,0.025237523796716798,-23.853276408169375,-9.32355417791527,0.16878303803606376,0.03277127825575049,-0.7109670320661727,0.6818828408955739,0.22084680708387672,-29.827352890313588,0.19228636158457105,148,-1.3072288437216983,-29.665494729615805,-1.5285384775133466
1789036938.744237,LIDAR_ONLY,0.020307369034616368,-23.89827603460274,-9.33825120877352,0.16907313222558604,0.03265404781240483,-0.7110088163639005,0.6817730210075051,0.21868207068765977,-29.883313693734276,0.19252506167818667,148,-1.3105607763706653,-29.71628937706966,-1.5276428791905217
1789036938.8722796,LIDAR_ONLY,0.020284557729406582,-23.93892575583671,-9.35109137831579,0.16937139221196995,0.03247855758399562,-0.7109423284160764,0.6817767086545052,0.2166724708593627,-29.93527052708395,0.19274682001166515,146,-1.3141603518853255,-29.767393923861427,-1.5280245989729728
1789036939.0816066,LIDAR_ONLY,0.024875547616195964,-23.976808126213342,-9.362666253175334,0.16964552112297962,0.03231129218680303,-0.710833174119294,0.6818303132976865,0.21317491060258828,-30.02568544320854,0.19313271624757686,146,-1.3181315034179744,-29.866083727630485,-1.5254024522123821
1789036939.1514804,LIDAR_ONLY,0.02104793011958753,-24.012986145041683,-9.376206620042682,0.1699936472488652,0.0320499269143301,-0.7109676365541419,0.6816157142059096,0.2118802890317281,-30.059150712682868,0.1932762541272242,147,-1.31982751662311,-29.916518931191696,-1.5254737801425076
1789036939.2395961,LIDAR_ONLY,0.015942665477122236,-24.056604837836336,-9.391094093595257,0.17020704760030353,0.03178238743193014,-0.7110909825846822,0.6814462966977413,0.21039206059683535,-30.097617899111835,0.19344060863491613,150,-1.31982751662311,-29.916518931191696,-1.5254737801425076
1789036939.3691628,LIDAR_ONLY,0.016685430168714415,-24.10023235838176,-9.403785000354642,0.17048788388263758,0.03154622745391078,-0.7110002600354752,0.6814817291843804,0.20820782584611203,-30.154073185705258,0.19368163113089756,147,-1.3189718500409244,-29.97043769085687,-1.5245472142013643
1789036939.5459054,LIDAR_ONLY,0.01848094937455073,-24.133627519123614,-9.413788790960357,0.17076384969735073,0.0317049307204731,-0.7109147519848372,0.6814944757038668,0.20544354165008408,-30.225521863529625,0.19398657675046346,146,-1.3272724718475464,-30.07050946746997,-1.5243098967104067
1789036939.5952632,LIDAR_ONLY,0.016960950223263185,-24.17056281334408,-9.426950892982065,0.1707494653619039,0.03186613272054039,-0.7108333122631192,0.6815755070724768,0.20447694784551085,-30.250505333138523,0.19409317461201064,146,-1.3272724718475464,-30.07050946746997,-1.5243098967104067
1789036939.7094176,LIDAR_ONLY,0.014302225832451176,-24.219042281933355,-9.442749229637661,0.17113853946680385,0.031668562187992584,-0.7110203151061937,0.6812920181422968,0.20271765212541346,-30.29597677773397,0.19428711910518798,146,-1.3298222975862803,-30.119148544938216,-1.5216566183018008
1789036939.8170216,LIDAR_ONLY,0.017450537000368024,-24.269710740786767,-9.456419476468055,0.1713989753049173,0.03127651542973594,-0.7109426384997352,0.6813257191755152,0.20103564025570303,-30.33944975208043,0.19447246699689466,149,-1.3303857395698415,-30.171393680150008,-1.5210381092659915
1789036939.969066,LIDAR_ONLY,0.024618037812112383,-24.31017471190272,-9.467374063145694,0.1717293930988037,0.03108243939128927,-0.7108408126251062,0.6813576422216766,0.1983246217067382,-30.408876183588756,0.19483884544299626,146,-1.335834810726241,-30.273837098112004,-1.520401932380235
1789036940.0377567,LIDAR_ONLY,0.021398823840108706,-24.344333510440375,-9.478646309379176,0.1720138307360446,0.030854035751542917,-0.7108423662675162,0.681294650523951,0.19720311583964234,-30.437823844357897,0.19505131952350147,146,-1.335834810726241,-30.273837098112004,-1.520401932380235
1789036940.1487296,LIDAR_ONLY,0.016947070033031874,-24.38337237190398,-9.49275956338242,0.17198393122180652,0.030339321403486868,-0.7109862359131816,0.6811751796126123,0.19542937020842882,-30.483719946565785,0.19538730447173136,148,-1.3338441331228381,-30.322438265933812,-1.515156863198673
1789036940.2750165,LIDAR_ONLY,0.015502651758593947,-24.428182326411388,-9.507394344077616,0.17166958546429245,0.029975697234296144,-0.7110933251197583,0.6811587876346907,0.19350068930875125,-30.53360110040362,0.1957533342896863,148,-1.3369652941815275,-30.373112446308287,-1.513300385731411
1789036940.4121702,LIDAR_ONLY,0.016546673810952175,-24.461788190874643,-9.517801405280823,0.17134617358699228,0.030238611341002156,-0.7110341523341092,0.6812903561593832,0.1912244830809841,-30.592448558818152,0.1961856647899261,147,-1.342044716642163,-30.42239537403932,-1.5115571656425912
1789036940.5093799,LIDAR_ONLY,0.012041428271907895,-24.511092763797034,-9.534523021846432,0.17055838475505294,0.029766389465951292,-0.7111666272982268,0.6813705509230449,0.18966224331200063,-30.632833581608356,0.1964828762839387,146,-1.3439229387230016,-30.470076730343266,-1.5101422255598647
1789036940.6329849,LIDAR_ONLY,0.00641849865340444,-24.548275248592915,-9.548312156981728,0.17033785433599424,0.029386752595316607,-0.7112147162779116,0.6813920028161772,0.18759888932880606,-30.6861785166989,0.19687519911223697,146,-1.346846537813817,-30.524843312674736,-1.5102156170883145
1789036940.7570426,LIDAR_ONLY,0.004487959972382081,-24.59010165425552,-9.56176694740019,0.16947795930976886,0.029773154537658164,-0.7110894978003293,0.6817202554531797,0.1857478187977603,-30.73404014134059,0.19722695369717996,148,-1.3512197760506541,-30.57197396527091,-1.5080847583147703
1789036940.8816042,LIDAR_ONLY,0.007149611925486351,-24.62610390265204,-9.573392121179078,0.16928251153675725,0.029721036648009097,-0.7110427224775316,0.6818198721657468,0.18372365737422258,-30.786388677076285,0.1976107121982747,148,-1.35383879641522,-30.620866371461435,-1.508065320802621
1789036940.9875734,LIDAR_ONLY,-0.00028224614126591205,-24.66218106359434,-9.587329317960783,0.1692866756555367,0.02930838605426442,-0.7112617896989649,0.681608176643016,0.18200832969427366,-30.830757483068854,0.19793537367554792,144,-1.3551633060443269,-30.66773302750983,-1.507576032293744
1789036941.1157556,LIDAR_ONLY,-0.0011818627466745717,-24.715201991300205,-9.607518309268995,0.1688604562405215,0.027849450064666485,-0.7114923541418707,0.6815344337940655,0.17980923526467685,-30.887596926515375,0.19835274449352186,143,-1.358849086432703,-30.71698704917933,-1.5057016429841352
1789036941.2171957,LIDAR_ONLY,0.002162605300146298,-24.75987515766055,-9.622296474003678,0.1686734395928691,0.026499551095905176,-0.7116992897775737,0.6814184951244892,0.17814611057692367,-30.93052437422713,0.19872200218468922,145,-1.3633721308950022,-30.768442563575626,-1.505079852086264
1789036941.3410103,LIDAR_ONLY,0.0027647187419971887,-24.79571839473374,-9.633655442824278,0.16942788003471593,0.026075527443913418,-0.7118046116580738,0.6811376183692707,0.176176434176821,-30.981481052398653,0.1992531286202402,142,-1.3616172266109983,-30.81699191797399,-1.505405839915332
1789036941.4604304,LIDAR_ONLY,-0.004690487443382744,-24.844348141165884,-9.650273849497234,0.1693717402065781,0.0257861022651462,-0.711902566639487,0.6810602221253842,0.17418708808321773,-31.032932500398317,0.19978950536792645,149,-1.363192870978778,-30.862764229485087,-1.5043451687768574
1789036941.5641747,LIDAR_ONLY,-0.005619662552471438,-24.876550472237295,-9.660644198775618,0.16948516527015436,0.025856138919044213,-0.7118009317117243,0.6811355756733523,0.17237170483856595,-31.079876570924792,0.20027999432814278,136,-1.3663934681194982,-30.915366706014588,-1.505604249491404
1789036941.682413,LIDAR_ONLY,0.003693705302119512,-24.90862718169726,-9.67118108229362,0.17075265445517354,0.025014218629140633,-0.7117810425391907,0.6808711826364137,0.17034346177771925,-31.13232722863653,0.20082754140472753,144,-1.3689137873691095,-30.96432763227653,-1.5033653859913332
1789036941.8098383,LIDAR_ONLY,-0.0008068602863234471,-24.96085535984506,-9.687628992385788,0.17087802127170282,0.024522774044986338,-0.7119139230963804,0.6807186654565358,0.16846943320428204,-31.18078604619794,0.2013330737138902,145,-1.3685881499388857,-31.01259398842539,-1.5029723195711877
1789036941.9267678,LIDAR_ONLY,-0.0034078213220158256,-24.999066437808242,-9.7014649706983,0.17151050228253747,0.024186281925585935,-0.7119959286624131,0.6804858330204646,0.16651804305197943,-31.231245923012803,0.20185944319907834,143,-1.3727289034504153,-31.063295328179205,-1.5035839800757673
1789036942.0369236,LIDAR_ONLY,-0.0013041574090505957,-25.043971097460414,-9.715167652676584,0.1717021613870723,0.023987022394472302,-0.7119579669965624,0.6804842715021242,0.16458585970828832,-31.28120912185516,0.20238057322358316,142,-1.373817716464229,-31.10895559779755,-1.5016655927853546
1789036942.159882,LIDAR_ONLY,0.0011609737292699839,-25.08160704018536,-9.727959148373479,0.17256700610964554,0.023311951575585375,-0.7120973222747836,0.6801430621017714,0.16251826887606646,-31.334672488732572,0.20293809518882305,148,-1.372603842209856,-31.163143604075195,-1.4992674797594254
1789036942.300396,LIDAR_ONLY,-0.0038213359471560397,-25.114957561887945,-9.7403311435534,0.17283099462079962,0.023341324189192443,-0.7120601050984265,0.6801139879540031,0.16006420663316323,-31.39812789623003,0.2035996914083279,143,-1.3765594115230422,-31.214857244387005,-1.4984143623862658
1789036942.388074,LIDAR_ONLY,-0.0005844731898290816,-25.168623573953358,-9.755860357823606,0.17273679514190005,0.022978957953151444,-0.7119922822852933,0.6802212559613761,0.15873155550553364,-31.43260004337543,0.20395924190780612,144,-1.378835294061016,-31.260060304903774,-1.4973203407640707
1789036942.5019023,LIDAR_ONLY,0.0036447768236161464,-25.21195964074987,-9.769145841074089,0.17328656264546233,0.022795052051527948,-0.7120577779813243,0.6800190244579836,0.15683881109133452,-31.481556234926206,0.20446999362564128,145,-1.380582189466624,-31.313196769277006,-1.49558929005357
1789036942.6227665,LIDAR_ONLY,-0.0004441077957964522,-25.245202629679433,-9.78096554589669,0.1735689508963586,0.02271548492922606,-0.7120666001541268,0.6799404260478343,0.15492670823953483,-31.531011791659278,0.2049857051234335,146,-1.3837519258174862,-31.365043697790828,-1.4958551555086024
1789036942.7546022,LIDAR_ONLY,-0.0027448462112332588,-25.285786956707746,-9.793462834934074,0.17377452881658662,0.02267490528880667,-0.7120560978138303,0.6799002686945035,0.15266710965068125,-31.589446041644546,0.20559568084660218,149,-1.3844972189174836,-31.413240741180672,-1.4939798880294624
1789036942.8572104,LIDAR_ONLY,0.003994513395138,-25.32915731235956,-9.8066105263048,0.17393782639178937,0.022631798389601186,-0.7118948537215913,0.6800287872557061,0.1511026532713002,-31.629905140473454,0.20601832293218442,148,-1.3878062884224864,-31.461108489223065,-1.4933565848835488
1789036942.9740741,LIDAR_ONLY,-0.0012639675237907204,-25.37345939845598,-9.821470741186424,0.17432377570177332,0.02250645470833246,-0.7119734374150595,0.6798518258686405,0.14917076541972668,-31.67986136269319,0.20653951717310465,146,-1.387512978739349,-31.513049795801958,-1.4924340818944861
1789036943.0933588,LIDAR_ONLY,-0.008437007445365501,-25.41196730422662,-9.83553779644602,0.17477093471639812,0.02221639464968596,-0.7121584155071079,0.6795527524846997,0.14702626783239925,-31.735315894657045,0.20711801103555194,146,-1.3908373416512552,-31.565949057883433,-1.4924530324905514
1789036943.2250392,LIDAR_ONLY,-0.007961849247988578,-25.447768195753667,-9.846264370223622,0.17513679745227223,0.02222884588154663,-0.7121477523464537,0.6794693219099964,0.14488164575597964,-31.79077399521685,0.20769647823114007,142,-1.392486143585867,-31.61730045808665,-1.490751029333373
1789036943.335631,LIDAR_ONLY,-0.008880015790218295,-25.49013775178273,-9.859679165417543,0.17536876964775458,0.022065559208776758,-0.7121602613565415,0.6794016984624187,0.1431812832663672,-31.834743174346794,0.20815503014814582,147,-1.3935688960183554,-31.66625990664797,-1.4898981467789576
1789036943.446086,LIDAR_ONLY,-0.017612111578262087,-25.53281190292284,-9.874788138603508,0.17550105817684766,0.02210321894664372,-0.7121689060441585,0.6793572517864737,0.14144219010768763,-31.87971267806612,0.20862391138279068,147,-1.3980521667948813,-31.715192653880507,-1.4897263954411464
1789036943.5795548,LIDAR_ONLY,-0.01648646929950894,-25.57582577167745,-9.888063542095763,0.17565110200402384,0.021996453448323725,-0.7121109209124518,0.6793827218274598,0.13931705651564658,-31.934671896771757,0.2091969944095211,147,-1.4003900784548151,-31.767693309595366,-1.488161507137197
1789036943.6987743,LIDAR_ONLY,-0.0164640408241228,-25.619083425486153,-9.901663969147288,0.17564453695581886,0.02204704868360886,-0.7121491406449034,0.6793427159840932,0.1373855793703167,-31.984628525772127,0.20971813404641065,143,-1.399873526738851,-31.816855060654813,-1.4879623050704094
1789036943.824016,LIDAR_ONLY,-0.023352771650598365,-25.6659344088633,-9.918656884421344,0.17562890991083335,0.021916348299395597,-0.7122357974914064,0.6792601331246612,0.13545421928988893,-32.034583744779994,0.21023916458276976,146,-1.4022884983105917,-31.867085306549743,-1.486493813542905
1789036943.9438703,LIDAR_ONLY,-0.024672703699839937,-25.70881993137867,-9.931691039942553,0.17545434679467942,0.021966800851460234,-0.7121253755547611,0.6794193707440165,0.13346486063568036,-32.08603114463669,0.21077563850760309,146,-1.4046166625149596,-31.9176661359151,-1.4846954827669634
1789036944.0854006,LIDAR_ONLY,-0.021666764168473764,-25.746642597477965,-9.943815834903317,0.17593365157752552,0.02171212165145707,-0.7121523621717035,0.6792753102161547,0.13108948976229268,-32.14746360336549,0.21141760335402623,146,-1.4068249709119056,-31.96987728394183,-1.4822101161351913
1789036944.2434902,LIDAR_ONLY,-0.02860430230513687,-25.793886939680508,-9.959162043247122,0.1761533257358341,0.021377746513001006,-0.7124031992582266,0.6789658897712568,0.128520077044282,-32.21390616312424,0.21211078061335437,148,-1.4098673966968505,-32.06622807065866,-1.4792935107770693
1789036944.2985823,LIDAR_ONLY,-0.034258183125585526,-25.836994301553293,-9.972436910260894,0.17622008965576585,0.021144639499588332,-0.712464230194691,0.6788918212169246,0.12772796779912,-32.23438942832765,0.21232445757087437,147,-1.4098673966968505,-32.06622807065866,-1.4792935107770693
1789036944.4098282,LIDAR_ONLY,-0.031024540531719116,-25.869580916739,-9.983215446062024,0.17641346234106844,0.021068248440392238,-0.7123428720610875,0.6789713188612989,0.1259504941872918,-32.28035365560353,0.21280391826283554,135,-1.414994823887133,-32.11893657738868,-1.4774016154640224
1789036944.5523453,LIDAR_ONLY,-0.041231744788028296,-25.914835630558564,-9.997423406184101,0.17596044868835023,0.021567957968457212,-0.7124656035562611,0.678944406734217,0.12394104916040359,-32.332316163793635,0.21334587795421092,146,-1.4150713287518302,-32.160470528824426,-1.476266116287764
1789036944.6912324,LIDAR_ONLY,-0.04904979108369631,-25.95670452209417,-10.0123975556712,0.17597361167715475,0.021532028846550335,-0.7125036404946092,0.6789022182972877,0.12187348681326471,-32.38577993814422,0.21390336223100315,148,-1.4188321051923485,-32.214214158045614,-1.4748590854707881
1789036944.8167608,LIDAR_ONLY,-0.048504043491631434,-25.997742230284594,-10.025790536164816,0.17598454662178148,0.021595898155293662,-0.7124450134403124,0.6789588789884298,0.12013442003136367,-32.4307480987084,0.2143721962422545,145,-1.4203730902243104,-32.261884184392585,-1.4762107060760934
1789036944.937839,LIDAR_ONLY,-0.05551293496319492,-26.039477221090415,-10.040655310915414,0.17593291336945655,0.021625295852621396,-0.7126577851884124,0.678747992838998,0.11818354052832977,-32.48120650913273,0.21489850417333128,147,-1.4207709025695978,-32.313617297742226,-1.4736212330493794
1789036945.0764508,LIDAR_ONLY,-0.06197703138836728,-26.084716033835956,-10.057889388802083,0.1759007848346895,0.021602729470966062,-0.7126830643852584,0.6787304956404878,0.1161170163339738,-32.53465841438032,0.21545613099984057,143,-1.4231917226602535,-32.361927136834744,-1.470807062867657
1789036945.201578,LIDAR_ONLY,-0.06148470929476559,-26.12621327056437,-10.071287035380566,0.17583660298797518,0.02148487163478816,-0.7126281474396267,0.6788085244141029,0.11422426077421781,-32.5836131795717,0.21596650753151345,148,-1.427445867770199,-32.412547763408725,-1.4703681084185922
1789036945.3294704,LIDAR_ONLY,-0.06623514786196687,-26.158942628765782,-10.083872967560094,0.17607956373686035,0.02147902356082651,-0.7127100066337683,0.6786597713325908,0.11225447565687666,-32.63455335399674,0.2164986605933119,142,-1.4287925607560072,-32.4612451861662,-1.4684853626529686
1789036945.4442027,LIDAR_ONLY,-0.0758376925449847,-26.214090590136795,-10.102321043766613,0.17633090527292927,0.020825855969487682,-0.7130206021178136,0.6782885201183328,0.11024562602103254,-32.686504295245875,0.21704099855102518,147,-1.4316324596321963,-32.51207874636267,-1.4660106922622478
1789036945.5621872,LIDAR_ONLY,-0.07418976333008634,-26.250588799522358,-10.11343232595295,0.1761281316944401,0.020963093504827883,-0.7129094240769362,0.6784538178821201,0.10827509996475576,-32.73746072446905,0.21757259580498567,149,-1.434880761706912,-32.562042657778,-1.465175877538237
1789036945.6781101,LIDAR_ONLY,-0.08235497516442562,-26.28865579687821,-10.127498036112978,0.1762475102081526,0.02071694956423147,-0.7130921594309279,0.6782383027405019,0.10651701677964302,-32.78292427502603,0.2180468525488824,139,-1.435010948100264,-32.60774128219567,-1.4645679627288002
1789036945.8111897,LIDAR_ONLY,-0.09233350914544038,-26.336659131148334,-10.145101189986008,0.176369331959572,0.020457899611200685,-0.713271616172762,0.6780257625267114,0.10450766496898264,-32.83488557849279,0.21858883216269878,140,-1.4379893248959417,-32.65726391123773,-1.4637429400843465
1789036945.9342463,LIDAR_ONLY,-0.09321871102089863,-26.37438378882153,-10.156175346096578,0.17629735668863902,0.020489956896091736,-0.7132308247879181,0.6780864209400903,0.1025947736084965,-32.884351332835045,0.21910468167066222,146,-1.4361609297423745,-32.70846134692244,-1.4626553365979724
1789036946.0691848,LIDAR_ONLY,-0.0983091899814674,-26.410003745344163,-10.169226092574897,0.17635915696080243,0.02048192479540763,-0.7132879469415833,0.678010503798143,0.10066249120206876,-32.93431699526126,0.21962562716906225,137,-1.4417253151991964,-32.75614957535391,-1.4620189967348347
1789036946.2721124,LIDAR_ONLY,-0.10698190529973664,-26.45255160884472,-10.182832658586001,0.1769098202329121,0.02002723433237359,-0.713570874181581,0.6775827867573744,0.0972436001185488,-33.02274401812848,0.22054795372317695,140,-1.4445878687285094,-32.8551621790277,-1.4580430273102682
1789036946.3350067,LIDAR_ONLY,-0.10766260477616088,-26.48983346431312,-10.194596743715143,0.17645258928053326,0.020547409318554324,-0.7134133803234916,0.6778522231887275,0.09620069471342796,-33.04971977037515,0.22082934991434278,143,-1.4445878687285094,-32.8551621790277,-1.4580430273102682
1789036946.437104,LIDAR_ONLY,-0.11254502836689029,-26.535314395867545,-10.20887234372033,0.17611032118885128,0.020670065202047633,-0.713419592708097,0.6779309610244364,0.09479080988938465,-33.08618692828002,0.22120957243377526,143,-1.4478531632746054,-32.90490230979025,-1.4567143845615294
1789036946.552024,LIDAR_ONLY,-0.12659911364184956,-26.570078009167474,-10.2225945220428,0.17576695760951133,0.021331145647399206,-0.7134033851442254,0.678016643529365,0.09295615377877384,-33.13363411958604,0.2217046418766679,144,-1.4506572442667183,-32.954054680762844,-1.4561383885861288
1789036946.7115502,LIDAR_ONLY,-0.12881201554202948,-26.623868874382158,-10.238314736859493,0.17551654042054302,0.021418925073424654,-0.713507701658162,0.6779689766958296,0.09023286943633085,-33.20406271372704,0.22244027791396676,141,-1.4534178789900936,-33.00437736007831,-1.4547364585227955
1789036946.7884405,LIDAR_ONLY,-0.13552867656784914,-26.658648738381782,-10.252788557494558,0.17569074222274592,0.02150181967140028,-0.7136086328192323,0.6778149850909948,0.0890737443471659,-33.234036874441394,0.22275298101996877,147,-1.4543454291582336,-33.0537160030174,-1.4527374324709694
1789036946.906922,LIDAR_ONLY,-0.14297347603147173,-26.70440732758895,-10.269232674612656,0.1749004934090035,0.021869777407469922,-0.713594862717006,0.678022051370995,0.08714180702735118,-33.28399597014392,0.22327414423125885,144,-1.45763275824041,-33.10122659001494,-1.4524553414450916
1789036947.0303092,LIDAR_ONLY,-0.14342720678016796,-26.74220262925385,-10.280998213399394,0.17470975705974703,0.022158653028324433,-0.7134960702325683,0.6781658002633105,0.08517112967720716,-33.33495724274166,0.22380571170560365,143,-1.4574954978297214,-33.149409446495504,-1.451113554601964
1789036947.150517,LIDAR_ONLY,-0.14785256096460792,-26.791010113899606,-10.297250943714012,0.1749934387731948,0.02156917570293849,-0.7136875062235005,0.6779101787894241,0.08329692394699029,-33.38342311597709,0.22431117071752676,145,-1.461466156504675,-33.20013869084332,-1.4494477749380037
1789036947.2641644,LIDAR_ONLY,-0.15143277546120043,-26.825142997164363,-10.30893176632272,0.17518988353566098,0.021388060030937368,-0.7136755727774433,0.6778777414959595,0.08128734734797222,-33.43538801380922,0.2248529891839566,148,-1.461743756665098,-33.25217381137082,-1.4477965812137086
1789036947.3819888,LIDAR_ONLY,-0.14895918877562983,-26.869499696091797,-10.321018375578456,0.17535306268384812,0.02087392732654037,-0.7136847336261551,0.6778419310977485,0.07945185545455115,-33.482852929157914,0.2253478906472289,140,-1.4658635955260884,-33.29934990916785,-1.4460212545636912
1789036947.504219,LIDAR_ONLY,-0.15715100319702544,-26.90749152913172,-10.336590062504676,0.17557130718279096,0.020655524516137204,-0.7139693246170787,0.6774923386333768,0.0775011562062194,-33.5333094486046,0.22587426343126626,144,-1.4687376670130832,-33.34787680576708,-1.44458250963004
1789036947.6268892,LIDAR_ONLY,-0.15728890216109606,-26.96370187925241,-10.351507046783656,0.17575011130671175,0.02025205998510344,-0.7139478250130178,0.6774808156702444,0.07549258221948511,-33.58526283971017,0.22641617635109978,141,-1.4686109675635994,-33.400644373087154,-1.443038638758666
1789036947.732281,LIDAR_ONLY,-0.15947751636643856,-26.99167416326262,-10.362029899724623,0.17615503388675877,0.020172344931884793,-0.7139338215209642,0.67739278046402,0.07365787285844297,-33.63271657540499,0.22691092081414285,144,-1.4732773148076386,-33.450448161132535,-1.4438952076110554
1789036947.850232,LIDAR_ONLY,-0.16816854403466838,-27.03748219396075,-10.37871507632903,0.17652380435524645,0.0197325788265123,-0.7141768402123732,0.6770534784882778,0.07163013838215743,-33.685155853843334,0.22745897842435212,140,-1.474197155936174,-33.4945827891009,-1.442420564718069
1789036947.9669416,LIDAR_ONLY,-0.17160379705808237,-27.08280956842465,-10.393719737492537,0.1758670245742039,0.020259952078852568,-0.7140775024175583,0.6773135496579713,0.06968759342734457,-33.735607359592194,0.22807624618965036,135,-1.4745536999931035,-33.54980221589709,-1.4391300149057973
1789036948.0928147,LIDAR_ONLY,-0.17969713047304076,-27.11983057517017,-10.406323039006029,0.17561055812014673,0.021113191567824582,-0.7140021181420119,0.6774334951176179,0.06762507934057838,-33.789015060819786,0.2287751077455671,143,-1.478900765342847,-33.59972574379947,-1.4352659810388229
1789036948.2081945,LIDAR_ONLY,-0.18827656687480912,-27.164207301625833,-10.422322455737724,0.17489131048810502,0.02152322653288541,-0.7140576133801554,0.6775481569668712,0.06563878295183585,-33.84041495849406,0.22944824072492825,142,-1.4833061672589547,-33.64795707895783,-1.4327449565937262
1789036948.3693855,LIDAR_ONLY,-0.18894918001909938,-27.199767090849537,-10.433067570561558,0.17483662446806159,0.022137477228755042,-0.71387109028939,0.6777390008665564,0.06295967418841365,-33.90976066740582,0.2303552036012055,134,-1.4897134377588606,-33.73900921805872,-1.431610374043585
1789036948.503142,LIDAR_ONLY,-0.1962742468536187,-27.242884065039014,-10.449312380694389,0.17438306102685014,0.022035965041679276,-0.7140514574017228,0.6776691526505125,0.06074564206203559,-33.96712938058153,0.23110351815828678,140,-1.4907996305384525,-33.78619604588052,-1.4313030340447381
1789036948.5847692,LIDAR_ONLY,-0.20563623347240295,-27.273878995477265,-10.461713228510655,0.17417435301527864,0.02230868716204513,-0.7140463401935818,0.6777192938709704,0.05973385261638288,-33.99306535256396,0.2314418278908004,142,-1.4907996305384525,-33.78619604588052,-1.4313030340447381
1789036948.6984937,LIDAR_ONLY,-0.20195387657511774,-27.318085370363697,-10.473808253650665,0.17431281285795028,0.02189875250654074,-0.7139345786653801,0.6778148016221635,0.05795949244583912,-34.03902336294159,0.2320400048089779,142,-1.5002720081440388,-33.828858778912185,-1.430963753312379
1789036948.8446915,LIDAR_ONLY,-0.21207712458414657,-27.361925036933904,-10.486904175351397,0.17416144883882634,0.02246621859256505,-0.7139774548829283,0.6777899768212925,0.05554612256932599,-34.10152465827345,0.23285406861463062,137,-1.5008158014274564,-33.88470023744995,-1.4320731975161534
1789036948.974514,LIDAR_ONLY,-0.21445710812695196,-27.40002483094446,-10.499658061486787,0.17348711906704709,0.022705189070879445,-0.7139411911718688,0.6779931190323136,0.053523499668188895,-34.15409126357987,0.2335413495065397,142,-1.5014542414377354,-33.932462813831414,-1.4296760206525574
1789036949.0605521,LIDAR_ONLY,-0.2170775322882938,-27.436269367403217,-10.512036427194545,0.17326927454993415,0.022642408268551094,-0.7139741263281941,0.6780162437424577,0.05217619392380958,-34.18911891145039,0.2339939894063003,144,-1.5033820245355491,-33.976202651349254,-1.4298827051303775
1789036949.1738257,LIDAR_ONLY,-0.2168999726345334,-27.469004366455323,-10.52429908419117,0.17336435919002838,0.02219395423468175,-0.7140063537696071,0.6779728269884351,0.05037920854646178,-34.236620235932925,0.2346049467691411,142,-1.5061642548664753,-34.02747345033843,-1.4303533629839733
1789036949.3048844,LIDAR_ONLY,-0.21338421173992958,-27.522683230643747,-10.539021304780325,0.17261876317158711,0.02231541787534868,-0.7139505836986781,0.678217773847366,0.04836446360154689,-34.29016636827567,0.23530192749491918,141,-1.5070038348416863,-34.07495724470703,-1.4292706417747583
1789036949.4080741,LIDAR_ONLY,-0.22122040056672396,-27.55058128495565,-10.550475868148602,0.17223966066229,0.023008419871385827,-0.7139655722098922,0.6782752196630527,0.046745175346715705,-34.333178065478506,0.23586574711937308,140,-1.5058078866326656,-34.12802829871537,-1.426763746166356
1789036949.5161057,LIDAR_ONLY,-0.21485633096160617,-27.591874148292234,-10.56084614826945,0.17202091139717096,0.023549800832982585,-0.7136084608039419,0.6786878351582872,0.044844683545241674,-34.38364857896255,0.2365268670918392,139,-1.5112864363047858,-34.17426519937748,-1.4250269380322884
1789036949.6436212,LIDAR_ONLY,-0.21528020221117605,-27.642564139458543,-10.576356914930923,0.17135980572135462,0.023735520066723515,-0.713591187772731,0.6788667459843684,0.04277884066605063,-34.43858347377696,0.23724403738338867,139,-1.5128855866936004,-34.22721660399523,-1.4226119603180707
1789036949.7568727,LIDAR_ONLY,-0.2151305468098622,-27.684129421650834,-10.587822835435368,0.1711462167441582,0.023949486978291412,-0.7135969640438016,0.6789070389052597,0.040960497995358336,-34.4870062854887,0.23787480802257252,142,-1.5135059306091092,-34.27699734377633,-1.4217121793192282
1789036949.877835,LIDAR_ONLY,-0.2198711996473955,-27.72596914567332,-10.602239456210008,0.17094479103842722,0.023986033763359955,-0.7135926402823911,0.6789610388939396,0.03925307225722374,-34.53244613933046,0.23846724074387368,135,-1.5130193108539352,-34.32739770843032,-1.4194561857567352
1789036949.9945512,LIDAR_ONLY,-0.22027057169977354,-27.76533171920657,-10.614384891472271,0.17102774987895383,0.02394335640931481,-0.7135961283615604,0.6789379868902535,0.03739720227263483,-34.581918945827134,0.2391135222346267,138,-1.5147644093647403,-34.373835638021895,-1.418443720622007
1789036950.1161623,LIDAR_ONLY,-0.21258872600360335,-27.805338391401456,-10.624813132685366,0.1713104245716383,0.023640764486779754,-0.7135015686254343,0.6789767037657553,0.035476918447854694,-34.63295117757682,0.2397789093444685,134,-1.5154526870886806,-34.4272920870714,-1.4184952864593228
1789036950.2377448,LIDAR_ONLY,-0.21022694889225,-27.859454362033734,-10.641510737623511,0.17127556264163074,0.023251999384834406,-0.7134486616494141,0.6790545142748557,0.033598803073362986,-34.68363739557808,0.24044067991303997,140,-1.516847766712377,-34.478231020080116,-1.4179619342269187
1789036950.3692384,LIDAR_ONLY,-0.20900801674856484,-27.89581355717549,-10.652905901717542,0.17127739584920146,0.023404769171427312,-0.7134905499067008,0.679004790590598,0.0316395546143623,-34.735761145649434,0.2411101023556954,136,-1.5208147204822966,-34.527235629712976,-1.4186002837721863
1789036950.4961147,LIDAR_ONLY,-0.21334521353183755,-27.935775318520363,-10.666199664757478,0.1706548300766635,0.023740077613123047,-0.7133954897461919,0.6792497426545107,0.02963208798699859,-34.78879014244567,0.24181558421665586,137,-1.5213190544986135,-34.574686752242464,-1.4186433549315867
1789036950.6220973,LIDAR_ONLY,-0.215059541565357,-27.98059748803984,-10.678655933514058,0.170573958923301,0.02370959274966653,-0.7134377474500767,0.6792267370048367,0.027751987533466548,-34.838255987966754,0.24250215153568533,140,-1.522811527185755,-34.62035591893221,-1.4172536161167546
1789036950.7452483,LIDAR_ONLY,-0.21049789816148815,-28.026463712449193,-10.691759582616962,0.17046733057002586,0.023723516411770035,-0.7134069069938175,0.6792854105829926,0.02581511297345282,-34.88821366314894,0.24328527146916884,136,-1.5218098823244721,-34.663073279359715,-1.4174046252235384
1789036950.8926795,LIDAR_ONLY,-0.21382207238645945,-28.065109176810576,-10.703887329126168,0.17026964696348898,0.023835085244700262,-0.7133191960755172,0.679423182224808,0.02347134797148004,-34.94866599937468,0.2442327853792234,136,-1.5255042737582325,-34.71694502254978,-1.4165171021835343
1789036951.0321715,LIDAR_ONLY,-0.20980568356331422,-28.107312374978218,-10.716858439802062,0.17050173824353385,0.023308516843831423,-0.7132965354450254,0.6794070376590149,0.02134054644914657,-35.003623754028,0.24509401382377202,141,-1.529361262405273,-34.76306992752811,-1.4159395456438393
1789036951.1517377,LIDAR_ONLY,-0.2166251800212252,-28.151259373697062,-10.731093262140718,0.17026287732114795,0.023261188817793314,-0.7135503288173849,0.6792020302867983,0.019404358034944905,-35.053579823273346,0.24587696426806785,130,-1.530199589603285,-34.81651282750445,-1.4148397089569322
1789036951.2493024,LIDAR_ONLY,-0.21631093221359193,-28.189407670290052,-10.743826859847276,0.17041800310174374,0.023194608550214605,-0.7134579351055912,0.6792624597222213,0.017758522027905455,-35.09603843988026,0.24654265550728274,134,-1.5339899447595353,-34.86403095097049,-1.4153924680175924
1789036951.4017665,LIDAR_ONLY,-0.20904250382506587,-28.228109144367952,-10.75256332079114,0.17068357409074117,0.02305199112243042,-0.713348555398756,0.6793155097238762,0.015163946626923538,-35.162972751745876,0.24759167937745863,137,-1.5375554267052147,-34.96221750546468,-1.4131861917602746
1789036951.4731276,LIDAR_ONLY,-0.2152488346719419,-28.27053309326286,-10.766529721601025,0.17075119355109905,0.02299649199734027,-0.7134184181730988,0.679227025278062,0.014040973628769576,-35.191939055212366,0.2480456413566017,137,-1.5375554267052147,-34.96221750546468,-1.4131861917602746
1789036951.5789359,LIDAR_ONLY,-0.21214210902516856,-28.315380309517778,-10.778088164331601,0.17096875697217556,0.023056729740237196,-0.7133625114422973,0.6792289736324659,0.012395535470947738,-35.2343836216251,0.24871207388634298,136,-1.5427034939821758,-35.01018895535481,-1.4122908195679822
1789036951.7120786,LIDAR_ONLY,-0.20991854271296828,-28.35659480538221,-10.7890536421449,0.1714505733724569,0.022593058296641728,-0.7133489340583515,0.6791373593647121,0.010091029317809266,-35.29382460473447,0.24964416609968296,131,-1.5450761094230134,-35.05947595756523,-1.411342500741599
1789036951.8072214,LIDAR_ONLY,-0.21570204755875494,-28.396519660778615,-10.803460684753038,0.1715259860451262,0.022667907467775444,-0.7133600925038993,0.6791041013755608,0.008560959089703543,-35.33328822008273,0.2502628282189011,131,-1.5465753787424865,-35.107627375067786,-1.4102575871784249
1789036951.93806,LIDAR_ONLY,-0.20827254160031822,-28.43404536295256,-10.812901311256013,0.1717580397956875,0.022649441330459236,-0.713213600227618,0.6791999256649848,0.006469131041988069,-35.38724133983573,0.2511085986222178,115,-1.5516361867192134,-35.15464297451124,-1.410005033220547
1789036952.0536523,LIDAR_ONLY,-0.21600416570530673,-28.48164374992366,-10.82839457770708,0.17167938383326528,0.022241713659329233,-0.7134085976783563,0.6790284737024862,0.004551498187708114,-35.43670132980659,0.25188386757639714,128,-1.5529934556926202,-35.2043928756653,-1.4083422750643495
1789036952.1725478,LIDAR_ONLY,-0.21689175455564672,-28.52076453244575,-10.840268500314613,0.17199702356706692,0.02205762443598684,-0.7134449558819375,0.6789158858171837,0.0025949847049703545,-35.487162763715794,0.25267471383732076,118,-1.5535383633738082,-35.25455851107951,-1.4062681199683873
1789036952.309148,LIDAR_ONLY,-0.2113275539268749,-28.559165693264482,-10.850726781452265,0.17204807480050413,0.021987924632651683,-0.7132999024633281,0.6790576118957768,0.000619092534988,-35.53812245490875,0.25347325113246577,119,-1.556421203407315,-35.3010254165777,-1.405038161720056
1789036952.4242637,LIDAR_ONLY,-0.21136814926839637,-28.60374731593906,-10.864875484942685,0.17229827187797872,0.021425717841581773,-0.7132561354224976,0.6790581193130665,-0.001297876412751267,-35.58757661222284,0.25424848178350834,111,-1.5590338581738052,-35.34918921752432,-1.4044644571398124
1789036952.5487702,LIDAR_ONLY,-0.21242591150272908,-28.650471607605354,-10.877798867407213,0.17252840864946234,0.020910369918314683,-0.71344156516849,0.6788209172739882,-0.003234108432471905,-35.637527514077675,0.2550316183416469,113,-1.5604475123259989,-35.3934715249999,-1.4032512366490326
1789036952.6664097,LIDAR_ONLY,-0.21738670492869813,-28.684901548170316,-10.889577971679984,0.17278729856255753,0.02096472634891053,-0.7134219827408439,0.678773971397469,-0.005131634563800086,-35.68647910745972,0.25579869684181444,113,-1.5612119682167906,-35.44338422050764,-1.4030938260907482
1789036952.7884307,LIDAR_ONLY,-0.21713904422284958,-28.722040661935207,-10.900793344409985,0.1731496936535683,0.020698636045719327,-0.7134419993900498,0.6786687436149175,-0.007183745134945324,-35.73941196357918,0.25662914285642857,109,-1.5649493389212537,-35.49780286816784,-1.401247545110931
1789036952.887695,LIDAR_ONLY,-0.2116006964352856,-28.75829023437252,-10.910992725234028,0.17329129862383616,0.02070035309577258,-0.7133043895620351,0.6787771865896108,-0.008887684893766498,-35.78336486412013,0.2573187104815469,108,-1.5674699033008086,-35.54543541866113,-1.3988348039339487
1789036953.0208132,LIDAR_ONLY,-0.21275236279534052,-28.80325754497021,-10.923734782842937,0.1733393656232914,0.02064805966346757,-0.7132403807377374,0.6788337655439189,-0.010998730308839341,-35.83781318656839,0.2581723156042944,108,-1.5693725115097268,-35.59232236158793,-1.3961518792002443
1789036953.177079,LIDAR_ONLY,-0.21390850614501916,-28.844638575059896,-10.936235146671459,0.17335555135371353,0.020662389282561668,-0.7132531219168088,0.6788158090085349,-0.01371030807209686,-35.90775157376338,0.2592686861371777,100,-1.5748761358879968,-35.689215366496455,-1.3953053558013013
1789036953.2724524,LIDAR_ONLY,-0.21357953618265602,-28.88556444879287,-10.94895188375372,0.17348655008797886,0.020500321129519442,-0.7131637986832207,0.6788811015338964,-0.015317993599120033,-35.949217727158796,0.2599186621330268,104,-1.5748761358879968,-35.689215366496455,-1.3953053558013013
1789036953.4184463,LIDAR_ONLY,-0.2124342116037591,-28.922662228528157,-10.960612223762451,0.17372140204552788,0.020372739161633933,-0.7130987210551676,0.6788932463943594,-0.017681271363831297,-36.01017077179716,0.2608739453761484,98,-1.5787247932588142,-35.78132566244817,-1.3935088380265477
1789036953.4816852,LIDAR_ONLY,-0.21456496714332324,-28.968805628849832,-10.973577563226922,0.17382900860833703,0.020197466020089993,-0.7132481921640068,0.678713897387836,-0.01868859009972758,-36.03615058139776,0.2612810433397068,98,-1.5787247932588142,-35.78132566244817,-1.3935088380265477
1789036953.5978253,LIDAR_ONLY,-0.2059782696260973,-29.00838024464473,-10.982093763543114,0.17363760344003865,0.020432484684415924,-0.712979507636087,0.6790380828291033,-0.02041224704814905,-36.08061250781968,0.26197785210845104,99,-1.5833439161114184,-35.83179241363791,-1.392699224738382
1789036953.7654908,LIDAR_ONLY,-0.20243952372041984,-29.048081753046016,-10.993156533996148,0.1733121698509622,0.020763619030468253,-0.7128255179772299,0.6792728058937754,-0.023084300627796747,-36.14954551019332,0.26305858032330875,86,-1.5838757501935166,-35.88025906708561,-1.391513696630715
1789036953.8390052,LIDAR_ONLY,-0.2016975524619109,-29.090021204605417,-11.005573316099815,0.1732130204328309,0.02092877936210349,-0.7127373279083207,0.6793855585402557,-0.02438157925001931,-36.1830130304308,0.26358310213106595,92,-1.5846107450739246,-35.925519834082806,-1.3895777001727116
1789036953.9567266,LIDAR_ONLY,-0.1955520510599565,-29.13965935729676,-11.017731701490138,0.17274963050600242,0.021232403056952124,-0.7123614858375102,0.6798881258823702,-0.026356404819370557,-36.23395542270827,0.2643815036926691,89,-1.5909134261674147,-35.97237506034872,-1.3886059635897783
1789036954.0806434,LIDAR_ONLY,-0.19595356662485144,-29.197013626015423,-11.034344110801252,0.1727056763096647,0.02109096903840629,-0.7123932451935395,0.6798704175047331,-0.028234220018950526,-36.282395268903734,0.26514199716039255,89,-1.5915849443840753,-36.019570367174914,-1.388059979566449
1789036954.1989198,LIDAR_ONLY,-0.19931745341392393,-29.24769722035758,-11.05011127346464,0.17260876510473352,0.020967554608371287,-0.7124690311266039,0.6798194286340179,-0.030248333785536458,-36.33434479342043,0.26595650225281103,77,-1.5945616108444172,-36.06762264275655,-1.3874977513283813
1789036954.322796,LIDAR_ONLY,-0.19613452086947541,-29.28767592461817,-11.061176262584404,0.17233485501061677,0.021164173982392624,-0.7122996728723275,0.680060255796564,-0.03235945532984304,-36.38879528173769,0.2668101016704528,78,-1.599233397280572,-36.116480031693534,-1.3870454129288055
1789036954.4355175,LIDAR_ONLY,-0.19027630022478095,-29.34451677951411,-11.076124649408431,0.17186192581041146,0.02100904051170167,-0.712192972534577,0.6802964563672794,-0.03400581903976445,-36.4312590440602,0.26747575328805734,80,-1.6022482437807855,-36.15913350291692,-1.3858002381697117
1789036954.5684352,LIDAR_ONLY,-0.18457630571235295,-29.400523838383748,-11.096443913542313,0.17201252918181337,0.020418770407692775,-0.7122546821360144,0.6802117548196583,-0.03619466033084354,-36.48771404066824,0.26836064201159243,80,-1.6051191427233094,-36.20586182876428,-1.3854974304254497
1789036954.6910024,LIDAR_ONLY,-0.18560953745828992,-29.442102848751656,-11.10883096249338,0.17175958572230535,0.020647824394549458,-0.7122049296200275,0.6803208436357111,-0.037996219622404875,-36.534178742257325,0.2690888160751793,80,-1.6057438215443713,-36.255733786260066,-1.3846920689431563
1789036954.795473,LIDAR_ONLY,-0.17773491014026427,-29.486870861821874,-11.126166731640046,0.1717794537261926,0.020734506615845517,-0.7118871119765027,0.6806457517054543,-0.03979774231548934,-36.58064112060174,0.2698168775615811,79,-1.6076838890379976,-36.29393743494398,-1.383206190669922
1789036954.933086,LIDAR_ONLY,-0.17315812449327778,-29.522854943074964,-11.137244988368915,0.17186918637798573,0.020805207284730683,-0.7116717555109151,0.6808461195686004,-0.04194700412998707,-36.636088693762424,0.27068614323927,74,-1.6123356262982178,-36.33698578087876,-1.3821032523770436
1789036955.0539544,LIDAR_ONLY,-0.17667439786215602,-29.565223950075328,-11.155616884291582,0.1717654980706701,0.02102050943867901,-0.7116713174217234,0.6808661306121062,-0.04398004587738853,-36.6885374123365,0.27150834947058733,80,-1.6149465915851642,-36.38104671330864,-1.380646433902116
1789036955.1641052,LIDAR_ONLY,-0.17014785762968712,-29.604331374852215,-11.169296292411662,0.17161567924051965,0.02128048691577832,-0.7114112388837249,0.6811675628693472,-0.04578075945830071,-36.7349895476673,0.27223620104185475,72,-1.615940538345728,-36.42817125470531,-1.3795255776349549
1789036955.2967885,LIDAR_ONLY,-0.14714209038750492,-29.64479610147749,-11.177383933363169,0.17137158104399705,0.02144912217312812,-0.7109076281961905,0.6817492651561496,-0.04769722524944778,-36.78442567233648,0.2730121422076483,73,-1.618416766431501,-36.47818202679792,-1.3793254746817638
1789036955.4442244,LIDAR_ONLY,-0.1450839833878816,-29.6858830998126,-11.190284320671202,0.17105978519199463,0.02184800264534379,-0.7107127158918032,0.6820180717108416,-0.05035026868787573,-36.85285717466599,0.27408526286018187,70,-1.622213376005353,-36.52154173635615,-1.3784340700108841
1789036955.5668004,LIDAR_ONLY,-0.14378922383911308,-29.72885843735809,-11.206526788879557,0.17064269274613655,0.02229010058426417,-0.7105572514673121,0.6822701922372911,-0.0521902011455993,-36.90031360561239,0.2748292274766363,73,-1.626247138899344,-36.56685049233419,-1.3771956585022243
1789036955.6542027,LIDAR_ONLY,-0.13804025690877503,-29.774725760629842,-11.221639990871655,0.17024199517700525,0.022427781053213944,-0.7103115932365532,0.6826214897210101,-0.05354598886871065,-36.93528314434682,0.2753774130123734,72,-1.6281447419952297,-36.61191700699763,-1.3752777450872657
1789036955.8192854,LIDAR_ONLY,-0.1357850149893895,-29.817619725177828,-11.237676936847524,0.16972168413685332,0.022383537143013107,-0.7102196279468082,0.6828481582883673,-0.056335231523816615,-37.00722488621776,0.2765050683062376,64,-1.6333119745877547,-36.706625716971814,-1.372198992396278
1789036955.895462,LIDAR_ONLY,-0.13457087270651705,-29.856829071271406,-11.252405044078003,0.16945935190418407,0.022622438376151514,-0.710105441705217,0.6830241686754357,-0.05732315869314439,-37.0327053873918,0.276904405286219,67,-1.6333119745877547,-36.706625716971814,-1.372198992396278
1789036956.0153363,LIDAR_ONLY,-0.13974891850529508,-29.897604030538226,-11.267471052865154,0.16910878051724834,0.022843684167348745,-0.7100511234262327,0.6831601485499404,-0.059299036485482196,-37.08366564452606,0.27770295762942776,75,-1.6336674395906672,-36.75905331177096,-1.3717316589746649
1789036956.1453934,LIDAR_ONLY,-0.1343148838817676,-29.943501182453804,-11.281424446800774,0.16882727027159034,0.023046177982471376,-0.7098582852717796,0.6834233251243717,-0.06113874591005339,-37.13112331950912,0.2784467973378111,72,-1.6363154552808872,-36.80259182346495,-1.3688428572728244
1789036956.2681653,LIDAR_ONLY,-0.12786944673698636,-29.991903318465553,-11.295449614845882,0.16853432154208592,0.02331256971969638,-0.7096411062984467,0.6837120788803793,-0.06326855355225464,-37.18606946813022,0.279308267188759,78,-1.6404429224780441,-36.85006227919654,-1.368720136395421
1789036956.3793602,LIDAR_ONLY,-0.12977596331196725,-30.030123637892856,-11.308003093428079,0.16845513472659354,0.02371290961101123,-0.7095240415332438,0.6838393086013388,-0.0652047654539144,-37.23602042899025,0.2800910458148586,79,-1.6438522998179799,-36.90497498965993,-1.3676801809899068
1789036956.5016727,LIDAR_ONLY,-0.13255948320775002,-30.067118750082724,-11.322238087044676,0.16834069580923847,0.024105493831092957,-0.7094309117657075,0.683950375928618,-0.06714066571960978,-37.28595795088072,0.2808742424964604,73,-1.6443759063452188,-36.94658590646609,-1.3673322817191333
1789036956.621703,LIDAR_ONLY,-0.14792687206791136,-30.10988833854938,-11.340437137808204,0.16818890266359957,0.024248135127470666,-0.7096440031337012,0.6837615884063902,-0.0689993672979109,-37.333904177700276,0.28162667355540894,76,-1.6509393059065223,-36.99815402631621,-1.3655392088159943
1789036956.7302063,LIDAR_ONLY,-0.15347364090060117,-30.153953103795807,-11.355727164832528,0.16804771532138194,0.024383015604816198,-0.7096269716814095,0.6838091802451554,-0.07101355123664278,-37.385854801499114,0.2824411236184785,77,-1.6501878715085054,-37.045243461395415,-1.3651025341038452
1789036956.8324068,LIDAR_ONLY,-0.1648776897233994,-30.188727184024035,-11.370054644116298,0.16814521463918064,0.024640679565362023,-0.7097077656750107,0.6836921171441758,-0.07273730977975965,-37.430314875488236,0.28313810049763477,71,-1.65333379573543,-37.09760803717563,-1.3635259384543346
1789036956.9584894,LIDAR_ONLY,-0.18166447301503516,-30.22640608164842,-11.38619053692137,0.16806276149658975,0.024785555858257525,-0.709875233009307,0.6835332749610072,-0.07473232121253542,-37.481771543463054,0.2839447104267073,73,-1.6584194883887835,-37.146597599567414,-1.3628081555717342
1789036957.0842414,LIDAR_ONLY,-0.1837298607321276,-30.26784655006614,-11.401274893531479,0.16803170782811028,0.024761894497351274,-0.7098569270864439,0.6835607777020722,-0.07678559056157741,-37.53472998995205,0.28477476499474685,73,-1.6615536287438006,-37.19492645357807,-1.3612300775650175
1789036957.2035239,LIDAR_ONLY,-0.173250408468903,-30.311220479195164,-11.41443973199692,0.1679884525398835,0.024736694864824806,-0.7096090453555318,0.6838296414239666,-0.07874211500490888,-37.58519153706164,0.28556553776915616,71,-1.6637135172415343,-37.238763804561295,-1.3607256990593046
1789036957.3047636,LIDAR_ONLY,-0.16637356091230054,-30.357739394943433,-11.428392802860255,0.16785927816390026,0.024772925505859862,-0.7094321582991275,0.6840435495399524,-0.0804853255912213,-37.6301535412467,0.28627013404963675,71,-1.6658971848071622,-37.29576768275079,-1.358349897359087
1789036957.4313025,LIDAR_ONLY,-0.15640069947262683,-30.399752222183416,-11.441006813192583,0.16791787623892285,0.024862188452398164,-0.7091569130468801,0.6843112823142601,-0.08263450305184722,-37.68559981326669,0.2871394581970278,70,-1.6692332862752814,-37.34390050570479,-1.3573200087614443
1789036957.543891,LIDAR_ONLY,-0.162405376987854,-30.44041758647068,-11.455069060171576,0.1678120682174126,0.025221725098591535,-0.7090766376202599,0.6844072591117021,-0.08457072467425727,-37.73555120659267,0.28792241797316653,70,-1.6679959725187996,-37.39595553901261,-1.3569580856711088
1789036957.670255,LIDAR_ONLY,-0.14017013574464038,-30.47961241662956,-11.463706787866823,0.1678515759806576,0.02520593659255994,-0.7086976853614361,0.6847905518949896,-0.08652621044903185,-37.785995322289516,0.2887129711338613,76,-1.673982664428839,-37.44420689287301,-1.3537819612817343
1789036957.7964752,LIDAR_ONLY,-0.12420064788129548,-30.52672587012235,-11.476424024234179,0.16791450351599493,0.025122872833939387,-0.7084530745000215,0.6850312416240693,-0.08838465598012667,-37.833935375074695,0.2894656021357195,75,-1.6763934976637413,-37.49113944346641,-1.3514824299422339
1789036957.9386673,LIDAR_ONLY,-0.11364884993469149,-30.565552306954007,-11.4868209155103,0.16810372606778975,0.025186430355143348,-0.7082764335737192,0.6851651440727148,-0.09084415998113235,-37.89737362721918,0.2904602465481083,70,-1.6770595036224707,-37.54687581371252,-1.351532748770547
1789036958.0372987,LIDAR_ONLY,-0.09661361206646843,-30.60162823095566,-11.495205512213902,0.16839283156696333,0.02525077269118142,-0.7080038082077217,0.6853735188338709,-0.09233546392897604,-37.93583846260767,0.2910632496972339,74,-1.6802622120691175,-37.58950124228514,-1.3497260432811065
1789036958.1507123,LIDAR_ONLY,-0.06653369308275858,-30.637254019093792,-11.500756644529266,0.16856992974936985,0.025501058041717563,-0.7075156857872986,0.6858246344277625,-0.09421419446508938,-37.98429658571967,0.2918228769457211,73,-1.6820965954880451,-37.64272511167848,-1.3490932171942185
1789036958.2641392,LIDAR_ONLY,-0.04632245023793084,-30.67480264508046,-11.509294609136262,0.1686425914656787,0.02565465723422125,-0.7071602487823739,0.6861675432778688,-0.0961317845759172,-38.03375663267236,0.29259814144432716,72,-1.6838395927253706,-37.69096940841684,-1.347716128502653
1789036958.3760214,LIDAR_ONLY,-0.02805607086587094,-30.71292356440588,-11.51740802951983,0.1686353787723311,0.025864506762553457,-0.7068622064808507,0.6864684678594243,-0.09814636718931138,-38.085716818178575,0.2934124609951635,72,-1.6844636682227858,-37.732452625465285,-1.3464275294005394
1789036958.4995577,LIDAR_ONLY,-0.009885245784341273,-30.754542863541563,-11.528507927242888,0.16877465192862323,0.02577720860167527,-0.7066387245090875,0.6866675799884889,-0.10010279434120817,-38.13617602963577,0.2942031627286935,67,-1.6859601116679654,-37.78437242485882,-1.3440208919649188
1789036958.610785,LIDAR_ONLY,0.008115015501809368,-30.79170778515283,-11.536925938099888,0.16881049054565825,0.026019901087216506,-0.706325760988566,0.6869715440926712,-0.10192286195679288,-38.183132190978206,0.2949392765281389,72,-1.6914979211771175,-37.834601631058604,-1.3419011273521195
1789036958.7381063,LIDAR_ONLY,0.02897948477205832,-30.831446901407805,-11.545640474758502,0.1688519796336766,0.02614036362408813,-0.7059743119890078,0.6873179476596228,-0.10391713485464034,-38.23458180739342,0.2957458624628296,70,-1.6910056469231156,-37.887121099933175,-1.3405844572824255
1789036958.8377976,LIDAR_ONLY,0.04758702701084685,-30.873109361206268,-11.555485003098417,0.16891160499672683,0.026218670803656415,-0.7056980791595219,0.687583938199025,-0.10571778453285653,-38.28103531701677,0.29647375376589424,73,-1.695559181403063,-37.932151228693584,-1.3392438751288944
1789036958.9637613,LIDAR_ONLY,0.06381165990398131,-30.913141290694146,-11.564829715792134,0.1690630446366553,0.026345159027992077,-0.7054836618892261,0.6877618936385924,-0.10778911406743508,-38.33446645754112,0.29731217345371275,70,-1.6994045330231804,-37.97945731017424,-1.3371107086382976
1789036959.0823758,LIDAR_ONLY,0.08824001322226714,-30.95484580077108,-11.573087282850802,0.16900878279645634,0.026487331693741567,-0.705113466790501,0.6881492945197918,-0.10970609487244762,-38.38391503647027,0.29808780757538195,65,-1.7046217955088645,-38.03064672777794,-1.3357010980466635
1789036959.188478,LIDAR_ONLY,0.1122270442349967,-30.986522933629548,-11.57803206189882,0.16908649359812689,0.026657856713811576,-0.704744102867327,0.688501899657396,-0.11168156232267158,-38.43486733191424,0.29888658571735244,72,-1.7072823481801653,-38.077922960059,-1.3346253911417152
1789036959.3081417,LIDAR_ONLY,0.13339414130069863,-31.021781831967026,-11.585544100605428,0.16909248280385172,0.0268444613470914,-0.7043841952077237,0.6888613885940924,-0.11357964144357152,-38.48382420635014,0.29965404408596796,68,-1.7067627139956694,-38.12282948699501,-1.3336092823909058
1789036959.4278865,LIDAR_ONLY,0.1579437262026962,-31.059578111458308,-11.592733481640291,0.16931361902589118,0.026755120110523584,-0.7040499343023069,0.6891521979716413,-0.11553593841446175,-38.53428268887382,0.30044498377842743,65,-1.708299700310259,-38.174466050935074,-1.3311786730039878
1789036959.5544808,LIDAR_ONLY,0.1795055991306942,-31.100319668392466,-11.600443231328963,0.1694061087120076,0.026695158465308882,-0.7038108756007233,0.6893759425971513,-0.11749237980275799,-38.58474374542837,0.30123585709460277,68,-1.7110894611638847,-38.22067104868905,-1.3295177021679403
1789036959.6703014,LIDAR_ONLY,0.20174150189519738,-31.14060168098963,-11.609184643110076,0.1695552740471808,0.026597257734553317,-0.7035213255260655,0.6896385571107774,-0.11939076668841139,-38.633705954953115,0.3020031014273556,75,-1.7146593276305564,-38.2732238732207,-1.3272971861601524
1789036959.7916267,LIDAR_ONLY,0.2236436431700082,-31.17638113788405,-11.616448556999725,0.16981694540296993,0.02653331403057784,-0.703221610562937,0.6898822759991944,-0.12136609660280204,-38.68466066331573,0.30280172874304123,75,-1.7161392365597927,-38.321542143679096,-1.3247081190046817
1789036959.9065802,LIDAR_ONLY,0.2492182076487189,-31.211209409578814,-11.621625481617771,0.17020480946898536,0.026416342630066675,-0.7029068223425015,0.6901119465565311,-0.12326353915013513,-38.73361250717597,0.3035692546019234,73,-1.7178596090841554,-38.369362617864816,-1.3223737724740203
1789036960.0571504,LIDAR_ONLY,0.28116910282878377,-31.250731899188782,-11.62700378013582,0.1704428791941856,0.02610814592324498,-0.7025085402979658,0.6904703762341062,-0.12581931278038755,-38.79954712839517,0.30460252228381257,67,-1.7212180053597577,-38.4202843572027,-1.3189067941892527
1789036960.1742651,LIDAR_ONLY,0.29946788012755854,-31.29003670808409,-11.636040222770358,0.17079625947583388,0.025836978285757397,-0.7023655005296771,0.6905387693445033,-0.12767774399455836,-38.84748560887447,0.30535467879678735,71,-1.7235252914137968,-38.46661005295546,-1.3169368626831917
1789036960.281326,LIDAR_ONLY,0.33037314822432984,-31.32522056781812,-11.640407839214323,0.17108251005467157,0.025743050662979543,-0.7019649239262137,0.6908786548108297,-0.12912987090198288,-38.88494461300579,0.30594245450271174,75,-1.7237403802880706,-38.51591858388915,-1.3148727653641985
1789036960.4279158,LIDAR_ONLY,0.3598215856742348,-31.363825902753266,-11.64731702032092,0.1712189099392266,0.025643315357657855,-0.7015613793098403,0.6912583716075815,-0.13158944608277498,-38.94838416333527,0.30693703163769104,67,-1.7229366188958783,-38.568001995798596,-1.3120389432350092
1789036960.5433977,LIDAR_ONLY,0.38159713979548693,-31.398486090884845,-11.65370127549424,0.1713500643603523,0.02562933196852653,-0.7012685775585497,0.691523444950031,-0.13371990111414753,-39.00333535762739,0.307798465743682,66,-1.731479626782785,-38.61489183250175,-1.3097168879288772
1789036960.6338315,LIDAR_ONLY,0.41102276716352415,-31.440449366799065,-11.661191580923433,0.17155772408953304,0.025567938277846952,-0.7009199725895048,0.6918275940308886,-0.13526940545676053,-39.04330207516694,0.30842495587090996,64,-1.7324725486300339,-38.665100236492634,-1.3083967424036007
1789036960.741435,LIDAR_ONLY,0.4267188107402736,-31.483300523931373,-11.671241012283256,0.17177006041815884,0.025492721594984252,-0.7007786641790131,0.6919208273502835,-0.13695459433425422,-39.086767851151755,0.3091062270562508,61,-1.7351067261157636,-38.71542452931878,-1.3075258530897729
1789036960.869166,LIDAR_ONLY,0.43805860403979463,-31.52383576781174,-11.68213175720685,0.17233502335148107,0.025074356908915667,-0.7007632950767214,0.6918111885661179,-0.1388529559979768,-39.13573039539604,0.30987351944818453,63,-1.7400376600515834,-38.76246362931446,-1.303570103416248
1789036960.9880822,LIDAR_ONLY,0.46720401676572654,-31.564828369067147,-11.689250590572668,0.17227266554628848,0.025015381199459563,-0.7003752034168577,0.6922217374857697,-0.14077044503707742,-39.185188991649845,0.31064858555287883,63,-1.7429944489656408,-38.81540285015291,-1.3026501072237402
1789036961.1033912,LIDAR_ONLY,0.5008072726248661,-31.60087363412871,-11.69393660585387,0.17220842969255473,0.025180867488641505,-0.6999481685301658,0.692663512844881,-0.1426485214201893,-39.23364238712445,0.3114082510176259,63,-1.7465101611045715,-38.86079712398484,-1.3000376011761174
1789036961.2197094,LIDAR_ONLY,0.5302304531056685,-31.63990095799499,-11.699551478080048,0.17219536481717707,0.025051122102139164,-0.6995819677630533,0.6930413176699335,-0.14456533508140396,-39.28309418019424,0.3121834265053989,61,-1.743329134946987,-38.910998742106536,-1.297751035104213
1789036961.329042,LIDAR_ONLY,0.5619206489422014,-31.67336046046356,-11.70471121604317,0.1722392524867177,0.024854847740347765,-0.6992525134120445,0.6933698860879086,-0.14650131915983394,-39.33304120821549,0.312966071917803,63,-1.747281067626646,-38.96220178836661,-1.2969497837723558
1789036961.4372432,LIDAR_ONLY,0.5928409001860743,-31.70818367567348,-11.710198703832232,0.17238935838735628,0.024812035121923398,-0.69884673082715,0.6937431216524667,-0.1484372242264958,-39.38297663869832,0.313750006611354,62,-1.753781535997316,-39.01136765180486,-1.2958557396043886
1789036961.5501945,LIDAR_ONLY,0.6248894894294289,-31.744125969317007,-11.715862547482566,0.17240104663002637,0.02470298623124285,-0.6984565974794684,0.6941368906991865,-0.1503737269482494,-39.43292706586814,0.3145332653777387,62,-1.755858117467801,-39.06333184746613,-1.2945322446602607
1789036961.6734369,LIDAR_ONLY,0.6373754930796834,-31.78093769153871,-11.72584608946261,0.17256930005227494,0.02445393509028713,-0.6983021635318322,0.6942592672372694,-0.15234919779161604,-39.483880041673295,0.315332043875465,63,-1.7555078267296875,-39.112350223349196,-1.293996293480805
1789036961.7845774,LIDAR_ONLY,0.6520533235517658,-31.816122960128308,-11.734497846870022,0.1728373191622727,0.024434913448491614,-0.6982193744610173,0.694276530812348,-0.15422791440988254,-39.532338054676195,0.3160916705085014,62,-1.75913889420609,-39.160695349389,-1.2914264744914805
1789036961.9036095,LIDAR_ONLY,0.6791614094709291,-31.85831881766704,-11.741807025124974,0.17319450682635426,0.023898634504374877,-0.6979735971330764,0.6944532927268157,-0.15626170667067166,-39.58479566819305,0.31691392363646254,61,-1.7609994013231258,-39.21172478859987,-1.2889034424040244
1789036962.0173867,LIDAR_ONLY,0.6840596226207937,-31.89757056097735,-11.754575355195856,0.17364310544734493,0.023460507169594608,-0.6980717548994207,0.6942575181772185,-0.15814067965018327,-39.63325867114537,0.3176734455592849,56,-1.767130110255022,-39.25733410533986,-1.2881623620177685
1789036962.1295657,LIDAR_ONLY,0.6911655985817409,-31.938897514733945,-11.765549884047767,0.17381047205844097,0.02327759013374712,-0.6979576399531466,0.6943365224668951,-0.16005840103261015,-39.68271956793967,0.3184484913854584,61,-1.7696621069242346,-39.308749070332325,-1.286455319425715
1789036962.2446196,LIDAR_ONLY,0.7279568620063303,-31.97928341418029,-11.770873288701853,0.17410589985004446,0.022882907050745676,-0.6977165979594946,0.6945178594781724,-0.1620528451786808,-39.73417195766305,0.31925504372732094,65,-1.7730050174450007,-39.36215074931376,-1.2842519306397786
1789036962.3646016,LIDAR_ONLY,0.7332247197710773,-32.017135233240545,-11.781533079796978,0.17443350566570262,0.022372241252210618,-0.6976948315776942,0.6944741585633688,-0.16395027946851748,-39.783123833149084,0.32002251776603396,59,-1.7699013597048523,-39.411799494635204,-1.2827144608764471
1789036962.4955592,LIDAR_ONLY,0.7449003355689826,-32.05149449027794,-11.790380915355303,0.17473864367984113,0.022143102360848398,-0.6975970073917047,0.694503063132845,-0.16604134665327885,-39.83706998241769,0.32086784812939706,61,-1.7742767786709304,-39.4620095295126,-1.281611072210444
1789036962.6002371,LIDAR_ONLY,0.7533335535521503,-32.08923507329788,-11.800601780489496,0.17520906462683036,0.021563277372096835,-0.6975897820992524,0.6944100407196622,-0.16774488634674045,-39.881013374858505,0.32155729800834004,63,-1.7749017474947968,-39.513563366487105,-1.2794005588703727
1789036962.7338681,LIDAR_ONLY,0.7600940978614196,-32.129363903249924,-11.812487645086103,0.1753805769241421,0.021294913850390253,-0.6974948266308015,0.6944704073645814,-0.1697779247063174,-39.933456812605804,0.32238009369896525,62,-1.7782258145670342,-39.56124842433675,-1.2789934290203797
1789036962.8472884,LIDAR_ONLY,0.7723272345847548,-32.160806668009045,-11.819080866626603,0.17568528280101917,0.021057273135194232,-0.6973681476452234,0.6945278535128061,-0.17165649966319874,-39.981910899028634,0.3231397205080941,60,-1.7822688283013453,-39.61240860797903,-1.2782871602133317
1789036962.961389,LIDAR_ONLY,0.781332424478626,-32.198301430028984,-11.829167085445393,0.17579521441100973,0.020814316293240463,-0.6972086356788334,0.6946674925187531,-0.1734189377570288,-40.02737012308575,0.32385236127167094,61,-1.7873761001976831,-39.66003997212585,-1.2760597789555952
1789036963.0924633,LIDAR_ONLY,0.7890172667563247,-32.235032896871665,-11.841034023574979,0.17642255173639915,0.020147750646457113,-0.6972514918570856,0.6944850671438332,-0.1755494733842382,-40.08232404471146,0.3247137864482128,59,-1.787483804946929,-39.70787027912576,-1.275302119912429
1789036963.201004,LIDAR_ONLY,0.7969090630474382,-32.268394566277514,-11.84996931925466,0.1766725694326584,0.019945295168202717,-0.6971632576287097,0.6945159325913562,-0.17744772937190173,-40.13128572422622,0.32548118546414107,59,-1.7929268688530158,-39.761235007876245,-1.2735006084872091
1789036963.3203058,LIDAR_ONLY,0.8087652107352793,-32.30935875111022,-11.860272146162252,0.17692977859419978,0.019530228701458867,-0.697012703069919,0.6946133567479401,-0.17944292627276903,-40.18274611405914,0.32628759596238655,59,-1.7949891599360295,-39.8062975095121,-1.2720356598754443
1789036963.4446487,LIDAR_ONLY,0.8123030364893608,-32.34308686441117,-11.870740683698253,0.17737220298456627,0.01929171299269891,-0.6969482434817951,0.6945718662066942,-0.18139891479199477,-40.23320235166024,0.32707836658714584,57,-1.7969124958142362,-39.855773651244874,-1.2704944020704934
1789036963.5671482,LIDAR_ONLY,0.8172395492614296,-32.3772246495132,-11.880445787689371,0.17750046481862858,0.019042769314123145,-0.6968846784301381,0.6946097486325276,-0.18337379659881775,-40.284152623854375,0.32787720111921353,57,-1.7985898525354922,-39.90742803454517,-1.2688305220153357
1789036963.691525,LIDAR_ONLY,0.8249332337752486,-32.41907676679756,-11.892708111235969,0.177669541665836,0.018667050757859294,-0.6967775820186041,0.6946841558410289,-0.18542612537447972,-40.337100994607134,0.32870704276373597,55,-1.801567369304908,-39.95749609348821,-1.2684547236131023
1789036963.79833,LIDAR_ONLY,0.8230114768556624,-32.45104230779181,-11.904410815505862,0.1780562883523994,0.01844000973162414,-0.6967564587434248,0.6946123821373955,-0.18718864851794242,-40.38254699832832,0.3294217899484212,55,-1.8040972911208533,-40.011587934886045,-1.267493031140439
1789036963.9307144,LIDAR_ONLY,0.8253277358467459,-32.48630138577719,-11.914007224768557,0.1780753972617332,0.01841051639258238,-0.6966424424456266,0.6947226159839813,-0.1891594231534716,-40.432968914091006,0.33031220237507775,53,-1.806892444982053,-40.05761006267971,-1.2659239825779618
1789036964.0318525,LIDAR_ONLY,0.8335048353701514,-32.523520164681784,-11.92386119423427,0.17809677860004114,0.018386730623298216,-0.6964467310690582,0.6949139632879002,-0.19091796166789554,-40.47835614327244,0.33112106376889217,50,-1.815486924797823,-40.10480337467548,-1.2679771375583049
1789036964.1462815,LIDAR_ONLY,0.8360680479055329,-32.5547457581377,-11.934636707699683,0.1782228489927741,0.01840161497356999,-0.6963149850573955,0.6950132647998759,-0.19296617093961949,-40.531219421320856,0.3320636763087519,52,-1.8193703651291735,-40.15275078317446,-1.2658138610513965
1789036964.2737114,LIDAR_ONLY,0.8427154857414589,-32.59235307001336,-11.945894474089956,0.17840898842259836,0.018173391879564325,-0.6962112023263336,0.6950754796660131,-0.1949369651889839,-40.582086915713425,0.3329704084577948,52,-1.8218380964488277,-40.19810568581937,-1.2645838715650852
1789036964.390079,LIDAR_ONLY,0.842052993795705,-32.63162652230447,-11.957944030791941,0.17812766006490255,0.018193073471571012,-0.6960641491987952,0.6952943614021461,-0.19686873363403506,-40.63195579141529,0.3338586916042193,47,-1.8243954953786488,-40.24805895520526,-1.2635636498811174
1789036964.5247223,LIDAR_ONLY,0.8266035740508619,-32.66996819280114,-11.977442790639822,0.17821856653874585,0.017693019027894125,-0.6962384734433463,0.6951094070114661,-0.19878061252919094,-40.68132282084745,0.33473731482300173,49,-1.8320679426932966,-40.294916107495816,-1.2622730820154313
1789036964.653528,LIDAR_ONLY,0.8283683524399322,-32.704175693444036,-11.989957171242814,0.17830236090302265,0.017280828893878806,-0.6962212113246279,0.6951155774048058,-0.2010011124911159,-40.738668120678554,0.335758865088331,49,-1.8331111100938433,-40.345813927412074,-1.2597676697675322
1789036964.7679007,LIDAR_ONLY,0.8313677911774391,-32.74222207132364,-12.002643407331778,0.17828439437174443,0.016962923889618575,-0.6961273702060685,0.6952219921626462,-0.2026571460774703,-40.782044055545995,0.3365349067943135,49,-1.8365978278660147,-40.39206450585179,-1.25855805460959
1789036964.9094265,LIDAR_ONLY,0.815384704292111,-32.78331252420221,-12.020766274511283,0.17819305272382652,0.016673871162253436,-0.696235665945247,0.6951439530393735,-0.20521742196199705,-40.847906066100194,0.33771209246870193,51,-1.8413067972839439,-40.44210532102569,-1.2564861426728213
1789036965.008567,LIDAR_ONLY,0.7949303266616566,-32.81506817690608,-12.037874447480434,0.1781193776818386,0.01645081057276429,-0.6964084814325494,0.6949950252444574,-0.20659425508513266,-40.88333017214115,0.3383437622862996,54,-1.8429468891008798,-40.492862815722674,-1.254382122596093
1789036965.119011,LIDAR_ONLY,0.7981117653161413,-32.8538888223371,-12.05189439893899,0.17829977274402262,0.015948177760508934,-0.6963523938224631,0.695016683456789,-0.20846030817752398,-40.93123075815934,0.3392413480184873,53,-1.838507083971958,-40.5411702865712,-1.2508578164016013
1789036965.2454708,LIDAR_ONLY,0.7737837856991545,-32.894291519215756,-12.07184738720729,0.17831276778929606,0.015697598827444086,-0.6965180857837364,0.6948530048942243,-0.21041936539929773,-40.98167030542865,0.3402510378924168,51,-1.847840531534539,-40.58949446037902,-1.248691607463764
1789036965.3585622,LIDAR_ONLY,0.7636487577253017,-32.9318834688454,-12.086330924287914,0.1783567405981723,0.0156566935310376,-0.6964784659992864,0.694882355100597,-0.21232064377177826,-41.03062036965536,0.3412301294970152,48,-1.854560984905197,-40.64029072634846,-1.2473674994413795
1789036965.4823663,LIDAR_ONLY,0.7448526229770338,-32.967541883585504,-12.103192253616395,0.1783985061462485,0.015772547115434753,-0.6965133090450908,0.6948340881716557,-0.2142414014278316,-41.0800726050088,0.3422192254069869,45,-1.853240509647686,-40.68855520853439,-1.2469671983612876
1789036965.6022923,LIDAR_ONLY,0.7008896905057297,-33.002606014956264,-12.125381870328495,0.17852705914137051,0.015828512537140595,-0.6968181381007571,0.694494081874705,-0.2164339219114764,-41.13652151511827,0.34334818639665843,47,-1.859079300499751,-40.73746590620936,-1.2456262533522755
1789036965.7171288,LIDAR_ONLY,0.6759201285714639,-33.041365362013096,-12.143533698434943,0.17848352732325484,0.015814977845297375,-0.6969211189146123,0.6944022400315301,-0.2181803038193667,-41.18148295529937,0.34424729417321814,52,-1.8667688296738336,-40.78908012706135,-1.245185236395471
1789036965.84481,LIDAR_ONLY,0.6581931468679014,-33.0805634481612,-12.159439818922744,0.17853388857836353,0.015779303216291656,-0.6969324701390973,0.694378712436458,-0.2202953814075604,-41.235935002685366,0.34533603090389475,68,-1.8649312150935655,-40.83836875536577,-1.2442386378323325
1789036965.960536,LIDAR_ONLY,0.6262210572305059,-33.111291403442436,-12.177933220313506,0.17864212505646448,0.015962131235716603,-0.6971452261051236,0.6941330817938015,-0.22211843821459218,-41.28288675391233,0.34627508794910833,68,-1.8629670552461732,-40.88545684522408,-1.243384954869346
1789036966.085389,LIDAR_ONLY,0.6023713152922883,-33.14349127336262,-12.193796895761915,0.17887458908965811,0.016130081635668963,-0.697215294816954,0.6939989441762435,-0.22413560472543184,-41.33483096097022,0.3473141646418347,64,-1.8696847228061662,-40.93270994913816,-1.2418176581408822
1789036966.1982503,LIDAR_ONLY,0.5879688614679217,-33.1808821932088,-12.209356390391584,0.17896589266377336,0.016233851398928297,-0.6971704806096871,0.6940180057450055,-0.22592001433548378,-41.38078167801819,0.3482329466876707,65,-1.87004180733323,-40.98196460541512,-1.2410059908123927
1789036966.3248057,LIDAR_ONLY,0.5623921227794976,-33.2244180182182,-12.229180320669798,0.1788975085249748,0.016368560253795617,-0.6972354246431403,0.6939672285500766,-0.22803380815376095,-41.43520704882388,0.34932205809429673,64,-1.8602528919391805,-41.03160785684902,-1.2392024283541665
1789036966.4504144,LIDAR_ONLY,0.5372015991092508,-33.25477250447477,-12.245547777769243,0.17914335068353043,0.0163918908728462,-0.6973766588347158,0.6937613145254058,-0.2298763669902086,-41.48265077896949,0.35027170979191724,60,-1.8593840236290513,-41.08192289648303,-1.2374973387671584
1789036966.594988,LIDAR_ONLY,0.5146910326873426,-33.28798869886372,-12.262312951327818,0.17937818359717073,0.016503687030888614,-0.6974472928374467,0.6936269669480011,-0.2322820933023111,-41.54458718279926,0.35151055470665216,60,-1.8712015411892462,-41.12443503931028,-1.2361587281785023
1789036966.6972191,LIDAR_ONLY,0.4907012049827504,-33.32529086406258,-12.28037876946279,0.17931244642261923,0.01647172088218261,-0.6975721798608017,0.6935191294069432,-0.23375663841212885,-41.5825502641621,0.3522698590883602,60,-1.8676833295253925,-41.173287574001165,-1.2340724498124593
1789036966.8486004,LIDAR_ONLY,0.4623137239450767,-33.365967082852,-12.299739915447867,0.179308393440116,0.016573399273869957,-0.6976412519078873,0.6934482721262122,-0.23651188374641036,-41.653485739060216,0.35368855734165683,59,-1.8770656697862405,-41.269026038319176,-1.232942462905475
1789036966.9436376,LIDAR_ONLY,0.4349022063368453,-33.403293410270855,-12.319360879524686,0.17935724477026704,0.01661142765643855,-0.6977765606766316,0.6932985724707101,-0.2379478273095757,-41.69045409566733,0.35442783217946583,58,-1.8770656697862405,-41.269026038319176,-1.232942462905475
1789036967.0552185,LIDAR_ONLY,0.4067622769871569,-33.441070576171185,-12.339055557311559,0.17942706502331474,0.016520195252553004,-0.6979898547279235,0.6930679434101892,-0.23967488771060572,-41.73491597082236,0.3553168311117558,67,-1.882272286859407,-41.31899544731987,-1.2326947276157416
1789036967.1855943,LIDAR_ONLY,0.3761883997253168,-33.47243681424904,-12.356541364172744,0.17944199515568746,0.016742006952068487,-0.6981456227760724,0.6929018436808877,-0.2418088907580158,-41.789861980521394,0.35641559498063957,58,-1.8871026952098868,-41.36935720940007,-1.231603916343726
1789036967.297901,LIDAR_ONLY,0.3495810010208059,-33.507482958819814,-12.373853536260786,0.17941845591119038,0.01694361585095932,-0.6982295203581409,0.6928184960440793,-0.24336054182462433,-41.829818624631066,0.35721497434675875,60,-1.8918662401229138,-41.41102757522165,-1.2295986701965995
1789036967.4264083,LIDAR_ONLY,0.31761842545520613,-33.55172164949925,-12.396251272796565,0.17911553015069756,0.01696166611086192,-0.6984362706753684,0.6926880282974881,-0.24549410454318826,-41.88476027253921,0.358313744447319,55,-1.8981173310845494,-41.461094491064394,-1.2290686812426037
1789036967.54291,LIDAR_ONLY,0.2827287011635805,-33.59075182447076,-12.417152124409785,0.17901789821623587,0.017104461404305927,-0.6986294667917089,0.6925149078890956,-0.24729780595448114,-41.93120341438153,0.3592424542098672,54,-1.8904890370770586,-41.51199886768047,-1.2267273496153808
1789036967.6566515,LIDAR_ONLY,0.253185323364251,-33.624534163642245,-12.435644684631571,0.17907071363028754,0.017128854706146827,-0.6988092871777193,0.6923191908437634,-0.24917882288573573,-41.97963772486862,0.3602123978795222,51,-1.8945546092657706,-41.56271042435553,-1.2257733082931503
1789036967.7896795,LIDAR_ONLY,0.23193751735411364,-33.66118516744174,-12.452544614214807,0.1791022355652701,0.017245278541926277,-0.6988727442754749,0.692244087654348,-0.25131279636955606,-42.034579288565915,0.36131144319794073,49,-1.8990482326351008,-41.60841499190048,-1.2243575280620076
1789036967.8984625,LIDAR_ONLY,0.2134056675878267,-33.70161294431895,-12.469020499882715,0.17899154644394824,0.01718607202828941,-0.6989974928656237,0.6921482284867994,-0.2530589141858025,-42.07953409170039,0.36221061140649063,57,-1.8935021928567586,-41.66045124008646,-1.2244167678464093
1789036968.0399146,LIDAR_ONLY,0.17524376057327978,-33.74103082765811,-12.49048281272718,0.17873434526288676,0.017424754256473413,-0.6991860351244489,0.6920182801411403,-0.2552513626980945,-42.1359805934747,0.3633395825415157,52,-1.8902324512907254,-41.70707159478017,-1.2222532672098232
1789036968.1669652,LIDAR_ONLY,0.1452574858723507,-33.77809280393063,-12.50951657878405,0.1788111849054384,0.017434965463339357,-0.6993600292158593,0.6918223266614036,-0.2571529110131858,-42.18493711139232,0.364318669858993,52,-1.8972801668431363,-41.75658599318056,-1.2195318061575178
1789036968.274048,LIDAR_ONLY,0.1244521180113807,-33.82280179384662,-12.529201930083998,0.17888879055029006,0.017231497062581265,-0.6995246695722912,0.6916408842630789,-0.25911280554796445,-42.235393969601375,0.36532760832664934,49,-1.903428377018969,-41.80398868427529,-1.2188024703276792
1789036968.3860736,LIDAR_ONLY,0.08991573226607595,-33.85593957983772,-12.547132745858807,0.17879869611173232,0.017479508821255794,-0.6997502019399285,0.691429785245864,-0.26087858854016277,-42.28085255634121,0.36623651933353907,43,-1.9008195246128534,-41.856260703748674,-1.2174305130817331
1789036968.5111194,LIDAR_ONLY,0.0640321671918925,-33.89059157347303,-12.564845573143698,0.17891944446780114,0.01749214843043233,-0.6999000536356823,0.691246534931923,-0.26285695648368934,-42.33179903343727,0.3672555992363667,46,-1.9067300095078579,-41.902143393462275,-1.21559972276577
1789036968.6349602,LIDAR_ONLY,0.04332714137257992,-33.926221406048796,-12.580428248597284,0.17897600129462493,0.0176146088914494,-0.6999590770135733,0.6911690148006451,-0.265009904963198,-42.38723985468227,0.36836450985845837,46,-1.9224197188095848,-41.9510825831358,-1.2138949110787043
1789036968.752522,LIDAR_ONLY,0.012519040153971789,-33.977606958033405,-12.602778376256198,0.1786912062972525,0.017627423566162533,-0.7001717198286622,0.6910269817327144,-0.2668525007255882,-42.43468632915751,0.3693131042561808,42,-1.9172777188640235,-42.0004786932246,-1.2118678002294125
1789036968.8621302,LIDAR_ONLY,-0.013667571298292169,-34.0135320910724,-12.62127134370785,0.17879811205886795,0.01752128795972895,-0.700325753702211,0.6908459150156764,-0.26877217216507016,-42.48411619748931,0.37030283552803056,42,-1.91354124387813,-42.05483292917261,-1.2090645242629867
1789036968.9746854,LIDAR_ONLY,-0.04635489659016152,-34.04558394672498,-12.640114192672995,0.17880808987704438,0.017589785725314274,-0.7005372348928692,0.6906271417786253,-0.27067316048028306,-42.53306198501825,0.3712821700255359,42,-1.92017643056103,-42.10172143949738,-1.2081515841481723
1789036969.1084175,LIDAR_ONLY,-0.07055126046347812,-34.07954971396552,-12.65740506767372,0.1789268619226239,0.017698461027846883,-0.7006456484312524,0.6904836116042999,-0.27276850498903105,-42.5870071584154,0.3723611631677425,39,-1.9302268538734302,-42.14835465688254,-1.2059807544621375
1789036969.2428045,LIDAR_ONLY,-0.10158821355036798,-34.12096763733332,-12.677633553329946,0.17911502769180074,0.017590475848253625,-0.7009091008305942,0.6901701343779268,-0.27463111496275583,-42.63496113436262,0.37332028740036766,40,-1.9253540348532545,-42.19598803849285,-1.2054492735889084
1789036969.363115,LIDAR_ONLY,-0.12557537280841266,-34.15576531321482,-12.693914127019474,0.17944458327824372,0.017411661804988564,-0.7010636377758719,0.6899320628538346,-0.2766102565530194,-42.68591514380033,0.37433935173295046,41,-1.9214442051504468,-42.24602631470934,-1.2030665636707967
1789036969.484541,LIDAR_ONLY,-0.15839331175470395,-34.194788508851474,-12.714097193302022,0.17935728684525826,0.01756119518844409,-0.7012313768589837,0.6897804898571104,-0.2784925168425231,-42.734373680562605,0.375308395273388,40,-1.9192110722814728,-42.292197268165864,-1.202138590042904
1789036969.6132848,LIDAR_ONLY,-0.17538242532646295,-34.233199062728225,-12.730816609904739,0.1795541929905458,0.01743712951648962,-0.7013156514099349,0.6896467178064416,-0.28054945324957475,-42.787327248541715,0.37636715417324546,42,-1.9200192734492243,-42.34468279689276,-1.200068674068854
1789036969.7378092,LIDAR_ONLY,-0.2133200425211746,-34.27912022693149,-12.75530620934179,0.17978748958597487,0.017120079883463153,-0.701660686340135,0.6892428038781744,-0.2824698635828524,-42.836776489277554,0.3773561498569682,39,-1.9266288895352934,-42.39152864306485,-1.1995817908973347
1789036969.8540194,LIDAR_ONLY,-0.2401976852071994,-34.31328007250472,-12.77354304516618,0.1800907880156129,0.01696597100915347,-0.7018555007156907,0.6889690268907299,-0.28407971365126,-42.87823163112843,0.3781854748515314,41,-1.9323158786938852,-42.44008330130796,-1.19723370970806
1789036969.9664958,LIDAR_ONLY,-0.2613382135627414,-34.345962530378074,-12.790453264203688,0.1803424009302202,0.016790156818092296,-0.7019821554619573,0.6887784567433363,-0.2860193182400278,-42.92817856350328,0.37918425750497975,45,-1.9394147880544896,-42.48850725443583,-1.1953720430061674
1789036970.10039,LIDAR_ONLY,-0.2795023928702603,-34.38500654314183,-12.807205925900538,0.18056512064152197,0.016709347211784176,-0.7020686392086912,0.688633909100565,-0.2879586560521116,-42.97811361057473,0.3801831056468882,40,-1.9373990187244876,-42.53572429173182,-1.1920096399217766
1789036970.2230427,LIDAR_ONLY,-0.3122312494984326,-34.428697187209906,-12.829051451448102,0.1808031587728074,0.0164526198439687,-0.7023738395739361,0.6882663136898476,-0.2900338351444802,-43.03154656842286,0.38125289190002964,41,-1.9396951221323264,-42.58985689580158,-1.1908119074069436
1789036970.3476572,LIDAR_ONLY,-0.342301550518251,-34.470446718354516,-12.849548571853774,0.18089200907313738,0.016380273289717806,-0.7025552103184972,0.6880595498608899,-0.29209030815000203,-43.084491381619806,0.3823119120978473,38,-1.9457078672955297,-42.63957691457724,-1.1882235348282482
1789036970.4665368,LIDAR_ONLY,-0.35525882391357044,-34.51045548641418,-12.865197741649101,0.18107616178874186,0.016197465894158332,-0.7025792253180868,0.6879909140983638,-0.2940110657727615,-43.13394252915002,0.38330100332510875,36,-1.9425733929476543,-42.692269864684874,-1.1862791073011645
1789036970.5849721,LIDAR_ONLY,-0.3791168051234467,-34.54824933863905,-12.883113114510397,0.18101301692776325,0.016452957838469128,-0.7026628990977634,0.6879160109436336,-0.29595132463689505,-43.183896044634665,0.3843000927518208,39,-1.9361324090299044,-42.739553704062224,-1.183278510189385
1789036970.700237,LIDAR_ONLY,-0.4133487115882043,-34.593991293573396,-12.906281004172559,0.1811253009604929,0.016290767055448286,-0.7029527969499835,0.6875940673979898,-0.29791112516878043,-43.234351845359264,0.38530913600164945,42,-1.9416665211482613,-42.79014049435004,-1.1816784365131636
1789036970.817093,LIDAR_ONLY,-0.4382347426620675,-34.627964203012226,-12.923512778523262,0.18119064110191255,0.016325363713806246,-0.7030933878653864,0.6874322672210429,-0.2997740121916456,-43.28231074051714,0.38626808334852814,56,-1.945358488421876,-42.840519851845976,-1.1790057402638852
1789036970.9403026,LIDAR_ONLY,-0.45829397944478667,-34.6673654287654,-12.940719483535592,0.18127155890212923,0.01638433070935223,-0.7031973997538624,0.6873031300814839,-0.3017705812241938,-43.33426128558944,0.3873598795482004,57,-1.942900718737876,-42.882333077540295,-1.17790518919904
1789036971.0387166,LIDAR_ONLY,-0.4697900335059506,-34.702849533471536,-12.955135115873817,0.18103459645046008,0.016430804463304638,-0.7031972011926414,0.6873646774366163,-0.3034923936076631,-43.37867329069394,0.38839567216647264,55,-1.9435283109786214,-42.928083612631696,-1.1760935036794862
1789036971.1741118,LIDAR_ONLY,-0.4877500305874656,-34.74397144023242,-12.972392022946089,0.1810283856223583,0.016139946335005664,-0.703324663654204,0.687242783321125,-0.3056062548817535,-43.43313301929452,0.38966850443263207,39,-1.9434332911949161,-42.97837990336621,-1.173143989925118
1789036971.280046,LIDAR_ONLY,-0.5173787543999332,-34.79039833253527,-12.993841808715581,0.18073839745025355,0.015978059001753853,-0.7035738909400103,0.6870677647111566,-0.3073624985207898,-43.4786379449152,0.3907372139526881,34,-1.9374660660575007,-43.03141538526535,-1.1684419535794608
1789036971.4206257,LIDAR_ONLY,-0.5326154922232805,-34.83174222891827,-13.010155284730763,0.18061600191834568,0.015834068226948852,-0.7036468430827699,0.6870285746270444,-0.30946648616154593,-43.53311201975272,0.3920102672728951,33,-1.9442531873337598,-43.08176206226784,-1.1636527751471184
1789036971.5338047,LIDAR_ONLY,-0.5578451094614404,-34.87051498114393,-13.029018679652749,0.1805280047790846,0.015671216522841834,-0.7037864958243563,0.6869123821554323,-0.311167540578815,-43.57701931295598,0.39304219937084284,35,-1.9465498380558026,-43.130731067774384,-1.1613308963711253
1789036971.6515136,LIDAR_ONLY,-0.5758267914248681,-34.907253842398696,-13.045320404994312,0.1806376141996097,0.015235392096879576,-0.7039317634066653,0.6867444995273787,-0.3133116333329076,-43.63238543497711,0.39434526194523434,52,-1.9600512777033074,-43.18283011254546,-1.1586349979202262
1789036971.7697973,LIDAR_ONLY,-0.5941015115504941,-34.949188274062905,-13.062944207084024,0.18041372192386948,0.01499905558121585,-0.7040929860098086,0.6866432729773442,-0.3152643823908312,-43.682752115127975,0.39553037937855684,32,-1.9654821483935427,-43.231864794079904,-1.1558344214043614
1789036971.8901465,LIDAR_ONLY,-0.6131616439458392,-34.9898207460378,-13.08126362436289,0.18015267332922236,0.014914138313186116,-0.7042468320644146,0.68655588432257,-0.3172549892070296,-43.734103917324006,0.3967380953020667,31,-1.9825260839689807,-43.28224343548961,-1.1530829394829518
1789036972.0112298,LIDAR_ONLY,-0.6319778192443809,-35.03121595936166,-13.09972717446003,0.17987996252681165,0.014837415536099567,-0.7043475582526704,0.6865257222894589,-0.3191471580718804,-43.782958401140355,0.39788510647897024,31,-1.9855306366179686,-43.32808921250749,-1.1495750359879489
1789036972.1369648,LIDAR_ONLY,-0.6483012110474653,-35.06927161748813,-13.115754142238822,0.17965940482422807,0.014810237148642103,-0.7044213708343026,0.6865083302085467,-0.32104304667255223,-43.831808132954905,0.3990296222361178,32,-1.9620401094266748,-43.38316252923474,-1.144131222961656
1789036972.2579572,LIDAR_ONLY,-0.6591462498500386,-35.107616881550776,-13.13138418945356,0.17941222308522664,0.014987717173172491,-0.7044145064527078,0.686576161573166,-0.3229118751345231,-43.88119481153192,0.40017942968315395,39,-1.9479044818659084,-43.42955672871114,-1.1413438048677256
1789036972.380523,LIDAR_ONLY,-0.6734240309253063,-35.15229244075036,-13.148711218968673,0.17907016206770363,0.015144440207333599,-0.7044277481254733,0.6866484330854675,-0.3249546406843362,-43.935652494300676,0.40145705085144995,33,-1.929077154486259,-43.48005470065288,-1.1374839623161401
1789036972.4969347,LIDAR_ONLY,-0.6895655578591471,-35.19912744422033,-13.16800336001506,0.1787167631249867,0.01554635046510671,-0.7044430286470406,0.6867158429481064,-0.32668563301079423,-43.98170075764895,0.40253497362378443,32,-1.923241220937113,-43.53373997370324,-1.1336136955206537
1789036972.614458,LIDAR_ONLY,-0.7052832155105359,-35.23719181790547,-13.184278380902219,0.17844964137737343,0.01568943971992169,-0.7044749649735869,0.6867492924634326,-0.3285716946888644,-44.0323308629448,0.4037178371350789,37,-1.9183052535897265,-43.59246729921434,-1.1303802313341471
1789036972.733342,LIDAR_ONLY,-0.7252282871322924,-35.27638638530125,-13.20273564303038,0.17833326436964056,0.015857374971115046,-0.7045298593385159,0.6867193515394366,-0.3304585273227253,-44.08238686303064,0.4048905245628573,29,-1.9198196828636673,-43.639468210907836,-1.1283167483044139
1789036972.8415358,LIDAR_ONLY,-0.7335514984315902,-35.31068686751234,-13.216303873732503,0.17805939972835416,0.016151964499684694,-0.7044758061583255,0.6868389933228578,-0.3321704518292962,-44.12790583045279,0.4059631638275551,32,-1.9157833222774363,-43.6909122843902,-1.1256218734487677
1789036972.972362,LIDAR_ONLY,-0.7530136826271554,-35.35751756843257,-13.237053994955355,0.17764058810953495,0.016238795122336492,-0.7046098886050536,0.686807853674554,-0.33421924972740646,-44.1824014825631,0.4072441209368288,31,-1.9203013556852522,-43.73785932282674,-1.1236914217390335
1789036973.091692,LIDAR_ONLY,-0.7649509503611109,-35.39631069050162,-13.252356342148774,0.17743256452811426,0.016422865908657824,-0.7045961613873135,0.686871329929111,-0.3361908069261836,-44.23485109758472,0.4084771452908637,29,-1.920480675707698,-43.79484912307348,-1.1196247477712575
1789036973.2040777,LIDAR_ONLY,-0.7855407619383514,-35.433371757068926,-13.269685141390354,0.17714328542922336,0.016543513245310042,-0.704672711576308,0.6868645704624287,-0.33797148032018975,-44.2822793570361,0.4095898970240007,30,-1.9183929794998693,-43.84538602327333,-1.1173419161644493
1789036973.324778,LIDAR_ONLY,-0.7968808811304702,-35.47275754616986,-13.28520229451148,0.1769453822920086,0.016819818867500023,-0.7046419499219593,0.6869404252109338,-0.3398614849348455,-44.332682297711884,0.4107714468202388,28,-1.9031433680024419,-43.89624096896508,-1.113691114165895
1789036973.4385915,LIDAR_ONLY,-0.8091765943157618,-35.51071173983927,-13.300706799547982,0.17673744437104777,0.01710240660221793,-0.7046215373649587,0.6870079130017686,-0.3417240640730432,-44.38208132900929,0.41192983605341893,32,-1.894723986582928,-43.94642398093693,-1.11102258030137
1789036973.5905972,LIDAR_ONLY,-0.8291889644356328,-35.552911152406,-13.318263725372626,0.17628329804516563,0.017545094822152957,-0.7046339042562488,0.6871007418498373,-0.34412624787325097,-44.445994248527505,0.4134432775957948,29,-1.8892267216416307,-43.99723102167058,-1.1080918159076454
1789036973.6851764,LIDAR_ONLY,-0.8580386189051572,-35.60096935667875,-13.339908795676335,0.17602038233878828,0.01753988024835978,-0.7048445210975716,0.6869522390100458,-0.34549405193206884,-44.48144056003482,0.4143728767846292,31,-1.8844953457935374,-44.046123924170196,-1.1060558637559526
1789036973.829182,LIDAR_ONLY,-0.8797790962884251,-35.64121663396112,-13.358065522799697,0.17607311146349683,0.01760802122456095,-0.7049274078800876,0.68685192481901,-0.34782222590767625,-44.541351421849875,0.4159886995306475,60,-1.9070385973583457,-44.10008341820729,-1.1054955556228836
1789036973.9213433,LIDAR_ONLY,-0.887941066640248,-35.677357208026464,-13.371912132784283,0.1762102042038419,0.01758341416047233,-0.7049282110271304,0.6868165728773522,-0.34935665761952023,-44.58079674739519,0.4170529105148406,66,-1.9081579235355197,-44.146393670148946,-1.1053328706808596
1789036974.0667431,LIDAR_ONLY,-0.8994896846274637,-35.71818189427686,-13.38780941537813,0.17616860742670987,0.017719147108547204,-0.7049073338527893,0.6868451821652619,-0.35178530759680177,-44.64322074296402,0.418736069542179,63,-1.911706256346949,-44.19736507519534,-1.1037777173546548
1789036974.163126,LIDAR_ONLY,-0.9288123990739705,-35.75354185534771,-13.406600814914077,0.17628708746879646,0.017796410825745086,-0.7050595844388039,0.6866564883145513,-0.35347573991278847,-44.6866703029607,0.41990757745119245,62,-1.906231142171046,-44.24670409544811,-1.100598769285795
1789036974.2809308,LIDAR_ONLY,-0.9590621251756546,-35.80180802520493,-13.42866680324313,0.17640702938587774,0.01766701921119152,-0.7053020605126605,0.6863799529794244,-0.35520511236219265,-44.73112096415209,0.42110603940923097,65,-1.924726627872045,-44.29824368818547,-1.0990055009121966
1789036974.3984404,LIDAR_ONLY,-0.9769111337063822,-35.844069999950534,-13.445742432864678,0.17654976969877922,0.01755248522960904,-0.7053853057358141,0.6862606352790204,-0.35718722164883804,-44.78206707294883,0.4224795425205807,62,-1.9367541047218548,-44.34865792236203,-1.0964093643205752
1789036974.5309253,LIDAR_ONLY,-0.9931319861093402,-35.88575208726287,-13.462781860600241,0.17672112781279428,0.017595839052613863,-0.7054194730316756,0.6861802944564365,-0.3591111581231713,-44.83151588584047,0.4238124979461666,65,-1.929910550932902,-44.39638705008604,-1.095426234204976
1789036974.6512012,LIDAR_ONLY,-1.0099491552410655,-35.92517439512696,-13.478729997159132,0.1768239148633137,0.01775876280175593,-0.7054276061430388,0.6861412551125785,-0.36103489009614953,-44.88095973630926,0.4251452605835595,58,-1.9187847871703902,-44.444975458594264,-1.0928818194789978
1789036974.7562375,LIDAR_ONLY,-1.0406714442651854,-35.966481670166004,-13.49838976617303,0.17683968447316356,0.017942416357882924,-0.70555239530626,0.6860040912183188,-0.36278303351786767,-44.92590214827568,0.4263572743830314,61,-1.9340757621258553,-44.491074317917075,-1.0913365518053963
1789036974.8832588,LIDAR_ONLY,-1.060973674155567,-36.007347264292434,-13.515226742907748,0.1769439965673804,0.018173472651178357,-0.7056039435076061,0.6859180868566411,-0.36488093524056414,-44.979835215615964,0.42781146764854344,68,-1.9342222415932728,-44.536372239009644,-1.0889917647598149
1789036975.0035448,LIDAR_ONLY,-1.0768992401419863,-36.058580735296694,-13.534184293241285,0.17700904477587293,0.018120975605752685,-0.7056831957269215,0.6858211542226356,-0.3668423655797874,-45.03026836781977,0.42917084405033185,65,-1.9192753125088573,-44.58753913631556,-1.086614037957517
1789036975.1227112,LIDAR_ONLY,-1.0932625468644732,-36.0982632614043,-13.550474274431359,0.1770510791592904,0.018216711123494867,-0.7057275453801549,0.6857621296747693,-0.36872616759587407,-45.07868954425036,0.4304776629352298,65,-1.9163972780593956,-44.63854123230351,-1.084586372440784
1789036975.2275243,LIDAR_ONLY,-1.1047069223530233,-36.13825909646681,-13.566214157424442,0.17710806293426037,0.01822498328565087,-0.7057259034118502,0.6857488850019663,-0.37059114791223857,-45.126628362665016,0.4317704956198391,66,-1.9052280692611843,-44.6866646478612,-1.0834165305583472
1789036975.3496308,LIDAR_ONLY,-1.1189554370246084,-36.17432453941483,-13.581016041673275,0.17723557134555976,0.018356908892906233,-0.7057353070398904,0.6857027435726228,-0.37268957102973455,-45.180563776448544,0.4332247534311969,67,-1.912647035406131,-44.736830173724975,-1.0813654457031543
1789036975.4663131,LIDAR_ONLY,-1.1470415885091023,-36.212575477813836,-13.59980028131318,0.17732351151312034,0.01845474513049332,-0.7058559241189885,0.685553213859401,-0.37465206978016863,-45.23100628488899,0.4345847941090401,68,-1.9056869547559256,-44.78511945839229,-1.079136658692767
1789036975.5949051,LIDAR_ONLY,-1.163555478681997,-36.25223723439913,-13.61463953801411,0.17739168665681937,0.018682715241494265,-0.7058758980102071,0.6855088345634488,-0.3765952596949381,-45.28095222482753,0.4359313784356285,69,-1.9084535146465191,-44.83385237011994,-1.0766647828322482
1789036975.7063377,LIDAR_ONLY,-1.185486592602554,-36.29729012353467,-13.633695512468165,0.17748756347848318,0.018740798782217818,-0.706003602251474,0.6853509034643628,-0.37857746603789266,-45.331899187496745,0.4373047980765845,69,-1.9005736363967745,-44.879267697438216,-1.07456467795382
1789036975.8325999,LIDAR_ONLY,-1.201066011775007,-36.33629506296025,-13.648864436573374,0.1775772340394086,0.01880660541777511,-0.7060540993211456,0.6852738477246736,-0.3805013551938791,-45.38134581839997,0.43863761280376623,70,-1.9111544534487654,-44.93290847900502,-1.0722316078439456
1789036975.9370873,LIDAR_ONLY,-1.2123553743098032,-36.375017589416636,-13.66304530966824,0.1776522406205884,0.019022012464393653,-0.7059974933990298,0.6853067807621459,-0.3822495241089128,-45.42629003466446,0.43984942541321637,68,-1.9032649970690243,-44.9812199407986,-1.0690194268878943
1789036976.07268,LIDAR_ONLY,-1.2299727613592801,-36.413950321822924,-13.679022071501807,0.177763223914993,0.019166153199820395,-0.7060454062244857,0.6852246194819405,-0.3843668474210888,-45.4807215752042,0.4413172509612889,70,-1.909263650837109,-45.02820715230112,-1.0674012864017919
1789036976.1914768,LIDAR_ONLY,-1.2533960334550225,-36.45388018210266,-13.697114945921255,0.1778163383700615,0.019314776326596318,-0.7061110958717554,0.6851389709474321,-0.3863287265574802,-45.53115815879726,0.44267674498621984,68,-1.9046825915430494,-45.07739971731685,-1.0643276540144246
1789036976.3180203,LIDAR_ONLY,-1.2686637001985734,-36.49764761019305,-13.714126669336109,0.17791287378725293,0.019496733153771893,-0.7061217028386366,0.6850978233196745,-0.3882899559086882,-45.58157697616363,0.44403689198829943,64,-1.9094366216441547,-45.12453298144187,-1.0634442766787766
1789036976.4388788,LIDAR_ONLY,-1.2906158036488964,-36.53821134126211,-13.731689770769414,0.17792719755621586,0.019697613632382375,-0.7061954629554316,0.6850123243330332,-0.390271247972519,-45.63250790458465,0.4454108442324122,62,-1.904911600731436,-45.17822902771452,-1.0600134919552515
1789036976.5509953,LIDAR_ONLY,-1.2969852739395806,-36.58688697132974,-13.748097674750351,0.17793084342350388,0.01958349379341737,-0.706201860748466,0.6850080536788222,-0.3921171024537512,-45.67995057148292,0.4466900426283079,65,-1.9158503374175468,-45.225983205898025,-1.058425841700353
1789036976.6855125,LIDAR_ONLY,-1.315789699689075,-36.62374386029914,-13.764161121548293,0.17796846272799238,0.01968903635217619,-0.7062704194361571,0.6849245671979016,-0.3945265476945632,-45.74187940474784,0.4483597874603765,66,-1.9122477285030133,-45.27657528668254,-1.0562092502934437
1789036976.798474,LIDAR_ONLY,-1.336094645114555,-36.66405187216042,-13.782180060797307,0.178091581528968,0.019791555117033285,-0.7063487612725148,0.6848088130152419,-0.39608111888737263,-45.781835835907835,0.44943705960291913,69,-1.9140538512324599,-45.319248318676436,-1.0535510313562584
1789036976.9257596,LIDAR_ONLY,-1.3500549679055451,-36.70101672609418,-13.797244152589055,0.17826914767076624,0.019953173986076395,-0.7063486112146031,0.6847580749957035,-0.39798559146479384,-45.830784662339006,0.45075668249757006,64,-1.9216829579712518,-45.37224331267328,-1.0520957989231414
1789036977.043696,LIDAR_ONLY,-1.3716469709075023,-36.73649643071334,-13.814308360125331,0.17843267465719373,0.02022640151896905,-0.7064095854251403,0.6846445580852556,-0.39990957786538384,-45.880233061876794,0.4520895799397483,69,-1.9217070884284284,-45.42025423788891,-1.0484154267124424
1789036977.1693473,LIDAR_ONLY,-1.3957591512520606,-36.77707884264978,-13.832780493512463,0.17847721833165406,0.02034989908707255,-0.7065109768770724,0.6845246552871167,-0.4018133802538796,-45.929174948719115,0.453408932619062,70,-1.9109586632069453,-45.469947675447244,-1.0444978330387642
1789036977.2863014,LIDAR_ONLY,-1.4104158379485026,-36.81670142556655,-13.849049045382083,0.1785637122074954,0.020419222628491298,-0.7065379347609727,0.684472207451571,-0.403833732881367,-45.98110888681615,0.4548095245563252,65,-1.9231326333108587,-45.52214308497249,-1.0418398577613672
1789036977.4051785,LIDAR_ONLY,-1.4178295464144686,-36.86464435004767,-13.866043072361098,0.17850944492127943,0.020346031341208982,-0.706556735294957,0.6844691350907588,-0.40571799640291506,-46.02954916621808,0.4561154198649049,64,-1.925082601362377,-45.570742152803945,-1.0397023318066976
1789036977.5196354,LIDAR_ONLY,-1.43413015965348,-36.903165468924094,-13.881907508785215,0.1785427487348192,0.020640007189151703,-0.7065532274615395,0.6844552678890924,-0.40764072688327635,-46.078978087710674,0.4574479678825414,62,-1.9200499530274555,-45.62131498539778,-1.039278432100319
1789036977.6465468,LIDAR_ONLY,-1.4450371892591745,-36.9438928123685,-13.896827981804408,0.1786743637086643,0.02077366197901015,-0.7065288487947972,0.6844420446918678,-0.40962166257682175,-46.12990007857257,0.4588222710944292,63,-1.919831055672346,-45.66838082395836,-1.0372920681898112
1789036977.7551074,LIDAR_ONLY,-1.4702491765974288,-36.983458639150115,-13.915257259097363,0.17874385849596283,0.020833121968336258,-0.706669756891083,0.684276602533307,-0.4115645874262772,-46.17983830712074,0.4601688289873498,66,-1.9221230784280563,-45.71451101861531,-1.0344689509861984
1789036977.87499,LIDAR_ONLY,-1.484376649570932,-37.02142648045324,-13.930774881752047,0.1789226900183422,0.02092386485228013,-0.706697578587377,0.6841983596114374,-0.4135076496925827,-46.22977929566329,0.4615153777777288,64,-1.925619794707234,-45.76410914033216,-1.0310113699533938
1789036977.9936976,LIDAR_ONLY,-1.4907769374078954,-37.06163440086168,-13.94478702545608,0.17904174874192605,0.020972618812144336,-0.7066659049060422,0.6841984363552127,-0.4154313699874086,-46.27922366006567,0.4628484942782483,66,-1.9271073371083123,-45.81755571884198,-1.0270474537493608
1789036978.1135516,LIDAR_ONLY,-1.5053999900001616,-37.1014088101355,-13.960799438316016,0.1791074128790721,0.021076535242510377,-0.7066921411150621,0.6841509570264053,-0.4173552175948929,-46.32867076175423,0.4641816072756644,64,-1.9158748111891237,-45.865291195103005,-1.023365066966541
1789036978.222787,LIDAR_ONLY,-1.5261413748951618,-37.14823505428551,-13.98037619642379,0.17907366889815102,0.021229348740115027,-0.7067742833539096,0.684070207105231,-0.41929863655325045,-46.37861886492034,0.46552805594061186,65,-1.911571788708779,-45.9193883795334,-1.0203064704524534
1789036978.3431015,LIDAR_ONLY,-1.5467827182507647,-37.19016372523588,-13.998914492801843,0.17909511200481498,0.02121965987800285,-0.706875852176942,0.6839599377885861,-0.42128056378301715,-46.429562391128755,0.4669012389840779,66,-1.9057892321107501,-45.97304143364667,-1.0174623072969908
1789036978.4649942,LIDAR_ONLY,-1.5732602482903173,-37.23250923049231,-14.018598151092139,0.17911419043931354,0.021253706517590395,-0.7070107455889976,0.6838144429333322,-0.42341737215495523,-46.48449255273899,0.46838253037003796,65,-1.9116111557083055,-46.0247358874144,-1.0152760700702286
1789036978.5912604,LIDAR_ONLY,-1.5832559798449932,-37.26981490211837,-14.033426629723376,0.1791886261564734,0.02131485256748834,-0.7070174510534153,0.6837861048764544,-0.42522396742355373,-46.53093503031971,0.4696347323160569,68,-1.9189776812359751,-46.07545860678209,-1.0126334445184264
1789036978.719046,LIDAR_ONLY,-1.5948913419342934,-37.308763157598584,-14.048934416275122,0.17929688173393402,0.02133262047838176,-0.7070481783478648,0.6837253988254195,-0.4275545782063196,-46.590853704688534,0.4712498758402641,67,-1.9140124799647744,-46.11975356646511,-1.010628057271624
1789036978.8304589,LIDAR_ONLY,-1.6132073382010597,-37.35053981181023,-14.06645605516409,0.1792719519301098,0.02143402855706464,-0.7071159219574454,0.6836587032907981,-0.4292635909377329,-46.63478213467575,0.47243558401907515,66,-1.9146552707894555,-46.16885169573678,-1.0092591841736749
1789036978.936833,LIDAR_ONLY,-1.6341535601403239,-37.39316624540753,-14.085006412550666,0.17936960308481067,0.021555686310494725,-0.7071990406908175,0.6835432793341387,-0.43101209594141665,-46.67972501255037,0.47364760532952765,66,-1.9174897462846214,-46.221164335845174,-1.0063181799728862
1789036979.062309,LIDAR_ONLY,-1.6534669153015817,-37.43434805043984,-14.102323940277886,0.17940711703566053,0.0217074519556761,-0.7072466340965696,0.6834793862623934,-0.43291632201211105,-46.7286664629836,0.4749672077279289,63,-1.9052554026847768,-46.27402901489266,-1.0044130367835553
1789036979.1751466,LIDAR_ONLY,-1.6722368223574808,-37.479209544914376,-14.12050240495332,0.17956254721791232,0.02170462789224168,-0.7073551225241292,0.683326372536249,-0.4348594923719711,-46.77860944182248,0.47631378221992793,60,-1.9038396415993346,-46.323166388438494,-1.0003957989951595
1789036979.3050652,LIDAR_ONLY,-1.6851839178586472,-37.519859880827035,-14.136468134062552,0.17965907269725534,0.021774443935187366,-0.7073786655537034,0.6832744065954305,-0.4368416466455051,-46.82955423098008,0.4776873033818827,60,-1.909261299552166,-46.37161284355493,-0.997897371265398
1789036979.4126208,LIDAR_ONLY,-1.687920664749264,-37.560448067685385,-14.149746008824218,0.1797337523505933,0.02186416835503049,-0.7072963677677984,0.6833370943762661,-0.4387850756060311,-46.879502428304164,0.479033833066163,58,-1.912981871015273,-46.42040112328649,-0.9937817165776045
1789036979.5375388,LIDAR_ONLY,-1.6955552917960408,-37.60343996741491,-14.165436241969479,0.1798136449859922,0.021810535861775886,-0.7072883651591809,0.6833260730520436,-0.44067023227277263,-46.92795098167203,0.480339738735831,58,-1.9046307936671782,-46.46891056366166,-0.9906135401448924
1789036979.651215,LIDAR_ONLY,-1.7083929728683647,-37.64448381454464,-14.181492983731511,0.17991271506377426,0.021907690668656037,-0.707304849715477,0.6832798238034795,-0.44261288002047516,-46.97788965092431,0.4816861384185156,61,-1.89845903171959,-46.51980816278688,-0.9874908885309178
1789036979.770243,LIDAR_ONLY,-1.7233973466765933,-37.68722432006953,-14.198707441151148,0.1799443413295818,0.021906258394156088,-0.7073603946528985,0.683214038163098,-0.44459431941650335,-47.028825221031134,0.4830597536918041,58,-1.903912348665824,-46.56740989015654,-0.9854896789177661
1789036979.8924859,LIDAR_ONLY,-1.7397207116954283,-37.72857741238728,-14.21545104300946,0.18003235582145233,0.021995518790374036,-0.7074230921680706,0.6831230611521513,-0.44651747187819946,-47.07826382753,0.484392421973435,64,-1.9026603861321634,-46.61837514118933,-0.9827184172712846
1789036980.005946,LIDAR_ONLY,-1.755864154804195,-37.76932152056577,-14.232295968343646,0.18012000213649176,0.022052547293353545,-0.7074826726553257,0.6830364103623627,-0.44844008665785406,-47.127687106462666,0.48572533466268175,70,-1.9019309362106374,-46.66928589476093,-0.9792177980748616
1789036980.1222408,LIDAR_ONLY,-1.7613943868223583,-37.81566279986041,-14.247643817012557,0.18018001948464216,0.022143701318564833,-0.7074381133101646,0.6830637839225434,-0.45038246997145837,-47.17761606730555,0.48707253902323155,67,-1.8934204344973067,-46.71923020695612,-0.975703873884046
1789036980.2382586,LIDAR_ONLY,-1.7708979907639495,-37.860998781001264,-14.263484443830382,0.18027491878327062,0.02211003341320643,-0.7074514753139132,0.683025995227356,-0.45238381032051955,-47.2290532712246,0.48845946534667173,63,-1.897355460547978,-46.769577028108465,-0.9717766449780938
1789036980.353699,LIDAR_ONLY,-1.788400805054446,-37.90133159159821,-14.280633006349834,0.18034748995197736,0.022224235662844736,-0.7075097067558519,0.6829428095115084,-0.45428808639191093,-47.27799611504724,0.48977909428471417,69,-1.8991141247495151,-46.81804292310193,-0.9694974578539078
1789036980.4741504,LIDAR_ONLY,-1.796656394843635,-37.94292850472082,-14.29618093063725,0.18028509607054163,0.02198683868493198,-0.7075769212517267,0.6828973301832468,-0.4562507581473737,-47.328440085158,0.49113914762923244,66,-1.8854065641750313,-46.87000858572623,-0.9668232441995254
1789036980.595557,LIDAR_ONLY,-1.8136798502291045,-37.98533939383459,-14.314008046319923,0.1803260308036484,0.022085199151411845,-0.7076437734803234,0.6828140716531645,-0.4583690502199899,-47.382882623369504,0.49260689305999605,64,-1.8901146782976783,-46.91632594954683,-0.9631625826713117
1789036980.7054307,LIDAR_ONLY,-1.819770745396629,-38.02758863284693,-14.329269818680391,0.1803313069946983,0.022002962006695714,-0.7076244799635321,0.6828353276865928,-0.4601570562592875,-47.42883464312834,0.4938455638141646,65,-1.884218888531621,-46.96764296774429,-0.960763910540408
1789036980.822046,LIDAR_ONLY,-1.8406552012158122,-38.06960391545946,-14.34781368592034,0.1803753844838944,0.022084783240114918,-0.7077081121847373,0.6827343634016381,-0.4621387571808697,-47.479775485550995,0.49521877309755213,65,-1.8868309889839912,-47.01708094482291,-0.9582738906257777
1789036980.9527233,LIDAR_ONLY,-1.854513748177439,-38.11237067735681,-14.365065556033542,0.1803951107110218,0.022093774477103142,-0.7077426938964022,0.6826930118268216,-0.4641591203242967,-47.53170929449516,0.49661933853842455,66,-1.8915085979078032,-47.069553195365344,-0.9551804870642554
1789036981.0961897,LIDAR_ONLY,-1.877709784951552,-38.156810076261486,-14.38393087833519,0.18050685213876433,0.022100404521030688,-0.7078474439801751,0.6825546457989236,-0.46670393209471117,-47.597127977045176,0.49838286615762456,65,-1.9010684797508182,-47.116499086317944,-0.9522940037811972
1789036981.1986792,LIDAR_ONLY,-1.8921937244295934,-38.20172262810026,-14.40117507565968,0.18062347113756635,0.022193920531497578,-0.7079040438627366,0.6824620548048389,-0.4680827931366623,-47.632574740910954,0.49933854623129253,69,-1.8994499582480338,-47.16190476241559,-0.9498659628418574
1789036981.3187096,LIDAR_ONLY,-1.9001304356460755,-38.24391137047457,-14.415502049498341,0.1807798145519812,0.022172695208504126,-0.7079136422367567,0.6824113901253638,-0.470005491815917,-47.68199795196541,0.500672468963356,67,-1.8959426185764527,-47.21369720365439,-0.947830541262581
1789036981.4381862,LIDAR_ONLY,-1.9072821381181762,-38.286938626578014,-14.430678942834374,0.18095767330963247,0.022220608972391132,-0.7078898807394051,0.682387339971963,-0.4719679255558255,-47.732435565201214,0.5020325044858018,69,-1.8911982021184228,-47.25723640059626,-0.9449333311676537
1789036981.569077,LIDAR_ONLY,-1.911718911785875,-38.32796197732138,-14.444680465855559,0.1811138862086844,0.022324750635814017,-0.7078414582853066,0.6823927283199661,-0.473891666325305,-47.78187729561489,0.5033655883543259,70,-1.8802137835714912,-47.309478649213716,-0.9415789784455229
1789036981.6818557,LIDAR_ONLY,-1.9178284333431237,-38.36900643802233,-14.458903325872388,0.18123033520843992,0.02239919306698886,-0.7078004391742292,0.6824019197327574,-0.47585436352302934,-47.83232071242718,0.5047256394682076,70,-1.8578711901874174,-47.36213234238597,-0.9372514947004887
1789036981.8062181,LIDAR_ONLY,-1.9257852881713493,-38.4131846212406,-14.47471415432588,0.1814589411427577,0.022440432337236117,-0.7077920904641118,0.6823484713489946,-0.47787549637763815,-47.88426541946091,0.5061260839001118,66,-1.8630615979642098,-47.40811125349637,-0.9340793818898779
1789036981.914621,LIDAR_ONLY,-1.9462899940083305,-38.45610276730569,-14.492767036979858,0.1815536409801173,0.02248523199105003,-0.7078722941290667,0.6822385982877425,-0.4795858004163693,-47.92822007477753,0.5073109810779834,62,-1.8675538458090863,-47.46105800931889,-0.930706280060632
1789036982.0249627,LIDAR_ONLY,-1.9625814534263775,-38.49811787433589,-14.50952697175661,0.181774580179786,0.022622194313669356,-0.7078996542103931,0.6821468448169374,-0.4815875412121735,-47.979663544190245,0.5086976104619556,60,-1.862997556227252,-47.511471792165274,-0.9279510256342398
1789036982.147341,LIDAR_ONLY,-1.9805993332359062,-38.543160514671925,-14.527511380868335,0.18200373883673285,0.022704562879526154,-0.7079477094669806,0.6820331242207784,-0.48360773737085305,-48.031597691588644,0.5100980741775872,61,-1.8661117311182858,-47.556702145151334,-0.92601557061799
1789036982.2553859,LIDAR_ONLY,-1.9917733091497702,-38.58638875224613,-14.543906224232291,0.18206040646546537,0.02275639759570248,-0.7079705737632158,0.6819925376802,-0.4854144204146106,-48.07803979767131,0.5113503614769062,60,-1.8605699889067795,-47.60810073480264,-0.9221118321792302
1789036982.3679364,LIDAR_ONLY,-1.9911081256427174,-38.63389716029109,-14.558110944811405,0.1822935062991389,0.022752322893297313,-0.7079039899036718,0.6819995237847217,-0.4873181656656065,-48.12697740147026,0.5126694121625703,59,-1.8624355888151096,-47.65504431214101,-0.919503847214923
1789036982.4988678,LIDAR_ONLY,-1.9918876708629432,-38.67497719293519,-14.57164475028101,0.18238502349146343,0.02282487381609668,-0.7078061515858952,0.6820741749388131,-0.48929898977157765,-48.17789498537277,0.5140432638571202,58,-1.853323609468022,-47.70883587777514,-0.9160976700875275
1789036982.6050477,LIDAR_ONLY,-1.997342046599348,-38.71865154796478,-14.586695638736717,0.18254622708770638,0.022938316928459847,-0.7077511590632776,0.682084309625372,-0.49118341022766654,-48.22633107370552,0.5153497340641211,64,-1.8420778706529735,-47.756172230874945,-0.9124989802212065
1789036982.7216532,LIDAR_ONLY,-2.0101445907657243,-38.75812579472313,-14.602478387554918,0.1826878691890544,0.02306803968061422,-0.7077450317848287,0.6820483692380978,-0.49322370951697814,-48.27876777046169,0.5167635919425699,64,-1.8472926381008257,-47.8044132568398,-0.9117251212014954
1789036982.8409219,LIDAR_ONLY,-2.0204117294553057,-38.7995843078632,-14.617969902824868,0.1829036793587709,0.023268292381393198,-0.707705309609679,0.6820249448494875,-0.4950892001393835,-48.326712486940906,0.5180562999199825,63,-1.8518011738471887,-47.85463692470686,-0.9092255391838122
1789036982.9673312,LIDAR_ONLY,-2.040901884120847,-38.842072737122635,-14.636026073473014,0.1830631305893356,0.023373271304584657,-0.7077697799482067,0.6819116650999756,-0.4970713971168931,-48.37765664502898,0.5194298214790893,59,-1.8428015155599606,-47.90479594707879,-0.905864809563092
1789036983.0873363,LIDAR_ONLY,-2.060339063793527,-38.885827847462146,-14.65513174918537,0.18319144536191315,0.02336664594788704,-0.7078482299779262,0.6817959940630894,-0.4989565699795968,-48.426105896546495,0.5207359603570116,67,-1.8416592581712903,-47.95608516855613,-0.9026587327075629
1789036983.2110465,LIDAR_ONLY,-2.076640194504618,-38.93243578946061,-14.673658116460112,0.18337619887097262,0.023334762951534933,-0.7078816832784955,0.6817126821502097,-0.5011333152939549,-48.4820465837471,0.5222438472270374,67,-1.8297651448867105,-48.00333782603554,-0.8992978541413498
1789036983.3085837,LIDAR_ONLY,-2.0920006994299825,-38.973825949348615,-14.69061589617801,0.1834923357807747,0.02342646768750563,-0.7078790968044352,0.6816809720307138,-0.5028429072231546,-48.5259932952124,0.5234286404237266,69,-1.8100148024600076,-48.0576513472577,-0.8959045199515719
1789036983.444091,LIDAR_ONLY,-2.1084009769767453,-39.016484477008675,-14.70801855117889,0.18357873890629642,0.02348781504011829,-0.7079353089741826,0.6815972179182099,-0.505038106659171,-48.58242184733122,0.5249503881505609,65,-1.7966265605964788,-48.106315842371664,-0.8923085916412572
1789036983.575844,LIDAR_ONLY,-2.115832105442548,-39.06508522802705,-14.724661693435781,0.1837217299775733,0.02345360315250217,-0.7079567905384431,0.681537553744267,-0.5073109860199995,-48.64084838860248,0.5265252894990822,67,-1.7943744816448024,-48.15521225679183,-0.8901185508667506
1789036983.6792579,LIDAR_ONLY,-2.128480994351794,-39.10556623859211,-14.740614717866555,0.18382814188254865,0.02352286036461094,-0.70798003642888,0.6814823235495095,-0.5087868782333951,-48.67878779909996,0.5275485555802054,69,-1.7966799783590057,-48.20752546089245,-0.886170245663425
1789036983.8110554,LIDAR_ONLY,-2.1339631814130855,-39.14947576992341,-14.755747857997989,0.18388321986740333,0.02350212568715747,-0.707926404071909,0.6815238939004248,-0.5110595745300923,-48.737204455118594,0.5291247639587876,66,-1.7926383224098266,-48.25663535135665,-0.8841375977434787
1789036983.910958,LIDAR_ONLY,-2.1445006183694275,-39.19140355501821,-14.771443856674146,0.18395032888710125,0.023605373492868585,-0.7078925539285766,0.6815373760382233,-0.512614102155717,-48.77715585897592,0.5302019840281962,59,-1.7835015977050666,-48.30861891171467,-0.8813804042696007
1789036984.0200183,LIDAR_ONLY,-2.1541712306250944,-39.23388736781184,-14.787035466723976,0.1840239848483169,0.023594694924595695,-0.7079049329686861,0.6815050031001695,-0.5144990484930856,-48.82559919360196,0.5315081449323718,61,-1.774180402926311,-48.35521649379979,-0.8799266812413298
1789036984.147726,LIDAR_ONLY,-2.1619730762276204,-39.27708921258015,-14.802653374603137,0.1841413852981866,0.023678185342837697,-0.7078566829924577,0.6815205133392906,-0.5167727686402305,-48.884034424639836,0.5330836551255428,65,-1.7647905481894681,-48.40422854795016,-0.8770535087621026
1789036984.262312,LIDAR_ONLY,-2.182004839679102,-39.32299426591386,-14.821707091061784,0.1843200027126452,0.023810141264260593,-0.7079007221287782,0.681421882083736,-0.5186579591616381,-48.93248350060956,0.5343898256728012,65,-1.7622650022129862,-48.45379656993363,-0.8749238491433974
1789036984.3741982,LIDAR_ONLY,-2.193929403386942,-39.36596942470529,-14.83850736341863,0.18438860563406287,0.0238468253593334,-0.7079220029765827,0.6813799297999839,-0.5203100219081704,-48.97493960631647,0.5355342824470304,62,-1.755973089220172,-48.50753735858542,-0.8719812226807344
1789036984.4967606,LIDAR_ONLY,-2.205150582348658,-39.411606922025804,-14.855901702849458,0.18439186111104502,0.023857167051239463,-0.7079516746527318,0.6813478579203776,-0.5222144216886782,-49.02388452152338,0.5368536016167573,63,-1.739775993631777,-48.5529518658714,-0.8682342878063091
1789036984.626033,LIDAR_ONLY,-2.2219692017543884,-39.45804170260627,-14.874548486004533,0.18452808740349225,0.02391737307790619,-0.7080130155003749,0.6812451204275356,-0.5244873131784153,-49.082309844050414,0.5384291969570341,65,-1.7360405616283703,-48.60432701460317,-0.8655693036374065
1789036984.7481332,LIDAR_ONLY,-2.235077484975477,-39.50249798493863,-14.891775275741724,0.18462257148858063,0.024026620312949217,-0.7080476003067318,0.6811797290826849,-0.5261580546359238,-49.125256802983266,0.5395871061991029,67,-1.7532314706270598,-48.65321638748616,-0.8632253795380423
1789036984.8811896,LIDAR_ONLY,-2.23652695967957,-39.54959724592446,-14.906507973685422,0.18471389775787517,0.0239986287576882,-0.7080201648115612,0.6811844742894937,-0.5284112163941179,-49.18317710839228,0.5411484403268969,65,-1.7449301773548935,-48.703781662224884,-0.8604169046071967
1789036984.9914808,LIDAR_ONLY,-2.238256806273181,-39.59663425289405,-14.921496870101896,0.1848783590731505,0.023942596847297857,-0.7079762011787394,0.6811875240836023,-0.5302951905200631,-49.23160073166277,0.5424553890506452,61,-1.7347289158368342,-48.75666777729064,-0.8577194029759005
1789036985.0962052,LIDAR_ONLY,-2.2402563760392327,-39.63767615651368,-14.935175878581854,0.18489135166765738,0.02395702703660643,-0.7079162541500527,0.6812457897442245,-0.5320827740045752,-49.277543169858454,0.5436942696451587,67,-1.7359482713741146,-48.80788298818517,-0.854379840005491
1789036985.2262027,LIDAR_ONLY,-2.2470306772765363,-39.682714419145206,-14.95093988417783,0.1849509637697008,0.02397367603834345,-0.7078704079849433,0.681276661391756,-0.5341814575279208,-49.33147893094802,0.5451485374585844,67,-1.7295433095254347,-48.854825886324846,-0.8508036033212789
1789036985.323059,LIDAR_ONLY,-2.254602834148746,-39.72471574600771,-14.96489981485206,0.18519117102644447,0.02406637155931241,-0.7078491770944297,0.6812301978190355,-0.5359110004561392,-49.37592843350775,0.5463469946776638,66,-1.7235062239208236,-48.90305375374904,-0.8476804890419902
1789036985.4332857,LIDAR_ONLY,-2.2572212925023463,-39.769657509959316,-14.978756738183817,0.18544452220793567,0.024103291253359013,-0.7078017236617791,0.6812092780601573,-0.5378932933715153,-49.426873329108716,0.5477205145269028,66,-1.7095011491341894,-48.95783293625562,-0.8450336695139046
1789036985.5493371,LIDAR_ONLY,-2.272691058363064,-39.81450333032098,-14.996933260520322,0.18555186629820972,0.024074306543620895,-0.7078701610087059,0.6811099528205441,-0.539817430926862,-49.47632186854499,0.5490535427446783,63,-1.7048633529021524,-49.00981570960826,-0.8422626627360124
1789036985.6859648,LIDAR_ONLY,-2.2815022966844394,-39.863671976492164,-15.014504280500436,0.18569085586236375,0.024102258372026626,-0.7078539536587947,0.6810879293307759,-0.5419164678984947,-49.530263280845865,0.5505075191088054,64,-1.7012404707932423,-49.05446936946718,-0.8394009686201415
1789036985.8081424,LIDAR_ONLY,-2.290642524810424,-39.90595911691767,-15.030236330814589,0.18572373470124215,0.024113209912394008,-0.7078485882440757,0.681084153095058,-0.5440921486239344,-49.586192929505366,0.5520156823993609,61,-1.6887166584546052,-49.10973555841225,-0.836251503524286
1789036985.9159112,LIDAR_ONLY,-2.298229856917773,-39.951841617311466,-15.0469605456803,0.1858046885426838,0.02409109628159845,-0.7078226264671583,0.681089837140917,-0.5455880692423587,-49.62464491990188,0.5530525421326091,60,-1.674866397794734,-49.15454376351903,-0.8338941327218569
1789036986.0474691,LIDAR_ONLY,-2.301769782586624,-39.99518843469694,-15.062537787512204,0.18583615374146303,0.024159019500569312,-0.7077678105113193,0.6811358103516243,-0.5478221515321082,-49.68207180308863,0.554600447688709,58,-1.6657740244806916,-49.21045406535546,-0.8313279091899605
1789036986.1631823,LIDAR_ONLY,-2.31604945944912,-40.04183145555331,-15.081663407908906,0.18587443738221113,0.024252878891677886,-0.7077910368140394,0.6810978928164579,-0.5497058741878686,-49.730492540280274,0.5559069538868349,66,-1.6628626128661104,-49.25521120263846,-0.8279907985869704
1789036986.2848792,LIDAR_ONLY,-2.3273878379471356,-40.086919798106344,-15.09847295860657,0.18606416610420137,0.024285526502134915,-0.7077936531364889,0.6810422041798628,-0.5518818137274881,-49.78641890890917,0.5574154514449318,63,-1.6474090431756523,-49.30771364809354,-0.8244677283772057
1789036986.396949,LIDAR_ONLY,-2.3381304095788864,-40.13128254842112,-15.114453622398429,0.1863169730220931,0.024342537342058733,-0.7077793980225984,0.6809858663543638,-0.5536113119467331,-49.83086554536472,0.5586138654284958,63,-1.6296716108898497,-49.358359925889154,-0.8208902805460674
1789036986.5070457,LIDAR_ONLY,-2.354653607740277,-40.174249035928796,-15.132981316700617,0.18631722603839296,0.024340546439953304,-0.7078201237908879,0.6809435376277648,-0.5555546456452172,-49.880808158891966,0.5599604386846854,67,-1.640822479554495,-49.4132848224321,-0.8175876097400626
1789036986.617558,LIDAR_ONLY,-2.357689831928013,-40.21658815178999,-15.147973750736028,0.18637775715121827,0.0242960533572752,-0.7077687448210447,0.6809819654623644,-0.5573231757123547,-49.9262584383332,0.5611858391496849,66,-1.6355848709129277,-49.46085933908008,-0.8141883310814259
1789036986.7311084,LIDAR_ONLY,-2.3574742242670608,-40.26070145780617,-15.160845911725584,0.18673097748807235,0.024467457214234614,-0.7076699126298688,0.6809817768062906,-0.5592667489063883,-49.97620622197961,0.5625323966469927,65,-1.6364369567335881,-49.50351325507667,-0.8127119473201587
1789036986.8552327,LIDAR_ONLY,-2.3639764972072324,-40.30519594559741,-15.176211855138147,0.18698674432082782,0.024409999268229825,-0.7076491304971756,0.6809352520545648,-0.5611520936602009,-50.02465565813741,0.5638383695819175,67,-1.6325983491202098,-49.5569770428509,-0.8095946781590397
1789036986.9645495,LIDAR_ONLY,-2.3704189913637963,-40.35070090634959,-15.19245280754166,0.18703683174261718,0.024505791788964105,-0.7076017169463868,0.6809673266134032,-0.5631339100093813,-50.07559512627785,0.5652115940506556,68,-1.6319155927422067,-49.606162779640364,-0.8068330406145875
1789036987.0842388,LIDAR_ONLY,-2.380081418463617,-40.39472261801055,-15.20995398426587,0.18709441839418442,0.024632139382019465,-0.7075990701677348,0.680949698739168,-0.5652127148397889,-50.129027167440746,0.5666525783261798,60,-1.6488220545076542,-49.65644924843949,-0.8042718791139408
1789036987.206145,LIDAR_ONLY,-2.389189228851184,-40.44212877241006,-15.227436337130001,0.18722529394578816,0.024681062800871716,-0.7075938952034329,0.6809173326599683,-0.5671943357249567,-50.17996423124131,0.5680257308342824,64,-1.6384263185935881,-49.70178342250772,-0.8002716875369115
1789036987.3187182,LIDAR_ONLY,-2.4005554252415955,-40.48633611829843,-15.245143179480447,0.1873393296100221,0.02474347337503362,-0.7076070242024274,0.680870057651232,-0.569175472751621,-50.23088776512462,0.5693988428989252,71,-1.6680953867640131,-49.751667375174755,-0.796052562577759
1789036987.4334908,LIDAR_ONLY,-2.4141196669325566,-40.53170039173367,-15.263098644023332,0.18745062515110023,0.024813384378132693,-0.707633614025099,0.6808092444935969,-0.5708653425201256,-50.27432264037481,0.5705710788811141,66,-1.6613486885974136,-49.79875306307872,-0.7922118562051971
1789036987.5486796,LIDAR_ONLY,-2.4271316132820284,-40.57660601103294,-15.281334646700005,0.18753317786106802,0.024874881535055095,-0.7076432477154826,0.6807742514465646,-0.5728279321801563,-50.32476024712162,0.5719311061758828,70,-1.6651719797087816,-49.85034176503915,-0.7920827860622348
1789036987.6785963,LIDAR_ONLY,-2.431516412577045,-40.62568036800927,-15.298322949646495,0.1875209632513284,0.024847168762822877,-0.7076279560668012,0.6807945228470093,-0.5749854034289822,-50.38019451434983,0.573426506011739,70,-1.6736029380905628,-49.90538865689359,-0.7884185226763842
1789036987.782057,LIDAR_ONLY,-2.4445176052107263,-40.67276004126111,-15.31632074975198,0.18757044133543085,0.024898153843901427,-0.7076580109810192,0.6807477880733692,-0.5767559918165313,-50.42573616407527,0.574473475196247,65,-1.6537906254032806,-49.95746835160534,-0.7853416232891385
1789036987.9052205,LIDAR_ONLY,-2.439382129557732,-40.71832555078651,-15.329194290358172,0.1880801237133631,0.025161861068142808,-0.7074534544875123,0.6808100745033369,-0.578871148351787,-50.47991550586531,0.5754808619546493,65,-1.673479965808602,-50.01855577298413,-0.7830646687515594
1789036988.009723,LIDAR_ONLY,-2.436713426766042,-40.76139937480605,-15.342148547159253,0.1883941624373766,0.025575168149804085,-0.7072334280316005,0.6809364350718059,-0.5806526178636915,-50.525563707308756,0.5763288134005238,32,-1.7130630769614599,-50.08751918707193,-0.7824977755581396
1789036988.1497216,LIDAR_ONLY,-2.434798146312299,-40.80868027391377,-15.355672833454296,0.1889384081762429,0.02595826669626116,-0.7070455854045955,0.6809662153630135,-0.5828087272587505,-50.58074862540835,0.5773539678438486,30,-1.740362331731821,-50.14783151980005,-0.7812517733784285
1789036988.2680612,LIDAR_ONLY,-2.4372278079149052,-40.85429936357977,-15.370491386444378,0.1893492407468067,0.026355361688783028,-0.7068756880593408,0.6810132315671222,-0.5845262686034733,-50.62497438812767,0.5781732324386595,29,-1.7141752222005342,-50.19972756373546,-0.7849159690288086
1789036988.4173694,LIDAR_ONLY,-2.4491799764836744,-40.90458950812463,-15.388910298783815,0.18972230154395794,0.02671659016674538,-0.7068024676810073,0.6809713237624359,-0.5867830215722376,-50.68283985779243,0.579245365890603,27,-1.7566391576798464,-50.24683705907318,-0.7837376642718972
1789036988.5319629,LIDAR_ONLY,-2.4481181810338337,-40.950434363078216,-15.40178552579643,0.19051411767864126,0.027267229510477473,-0.7065957524952836,0.6809429577545948,-0.588678955621118,-50.73168624192088,0.5801556990897698,30,-1.7864621123414042,-50.30613293094545,-0.7853341915820817
1789036988.6494722,LIDAR_ONLY,-2.458571592469306,-41.00008883644653,-15.420003694843437,0.19096441351920126,0.02774772172311643,-0.7064955844207668,0.6809013481425951,-0.590613105132367,-50.781488080396144,0.5810758741652867,29,-1.821391284188872,-50.36540754981448,-0.7814419273244627
1789036988.772388,LIDAR_ONLY,-2.4545117174407816,-41.04693986760675,-15.432552762556295,0.19161828297790298,0.028328206036532473,-0.7061882617178082,0.6810125442187778,-0.5926497482331049,-50.8337101867469,0.582048854511784,27,-1.8836790626021425,-50.43530573389666,-0.7783713374548185
1789036988.8868222,LIDAR_ONLY,-2.451861329995191,-41.098504256936934,-15.445896571666463,0.19218564045653502,0.029086234641961264,-0.7058344738475315,0.6811874676511913,-0.594548126545137,-50.882399308013404,0.5829565145486518,29,-1.9094161866384856,-50.48695240035922,-0.7790582870800199
1789036988.989008,LIDAR_ONLY,-2.463086924243028,-41.13727150591453,-15.457769998571122,0.19329142026903534,0.030899427727164735,-0.7053515505702115,0.6812949745335799,-0.596309633314342,-50.929515353087076,0.5835389396804647,31,-1.9605532321410357,-50.55588740534771,-0.775012858104673
1789036989.1117177,TRANSITION,-2.4761842067598976,-41.19809639100728,-15.46578125704173,0.19343756194807307,0.031227280544093218,-0.7054141824444691,0.681173691347227,-0.5982478958307518,-50.97897817706315,0.5840442533267926,30,-1.980805766814838,-50.61145200160108,-0.7668873167604698
1789036989.2211163,TRANSITION,-2.4869011721704313,-41.23290469858975,-15.474096052732184,0.1933831738313166,0.03124055782857658,-0.7054470164513955,0.6811545218269571,-0.6001276023155474,-51.02694438654736,0.5845341756788481,63,-1.9954837908167542,-50.65560014087703,-0.7654498008543517
1789036989.3458726,TRANSITION,-2.4938430075864733,-41.29259009015256,-15.481202064879673,0.1933485797009628,0.031149930241340832,-0.7054539444449053,0.6811613177806741,-0.6022814760130321,-51.08190519856209,0.5850954425024608,60,-2.020999809935303,-50.69626452898002,-0.7642446448383634
1789036989.449547,TRANSITION,-2.5076126771338343,-41.33857880170571,-15.489165212606334,0.19346599648491913,0.03105013243570173,-0.7054834156301573,0.68110200979782,-0.6040627616986352,-51.127368343655355,0.5855598551032664,58,-2.0115086480199165,-50.75015239483155,-0.7612219255849451
1789036989.5822916,TRANSITION,-2.5156970828896283,-41.393631190360416,-15.495711814114202,0.193422767805077,0.03096433198754723,-0.7054852640559505,0.6811162787946669,-0.6061764143583571,-51.18131961507289,0.5861111224523871,57,-1.9998583382438324,-50.79164528841482,-0.7615187057589531
1789036989.6945944,TRANSITION,-2.5162528102039414,-41.44361437832324,-15.502885565987945,0.19339094088904965,0.030892125079581074,-0.7055298686390066,0.6810823922612754,-0.608113988861108,-51.23077445657682,0.5866161486951996,61,-1.991100599925768,-50.843528018278825,-0.7575679853166194
1789036989.806789,TIGHTLY_COUPLED,-2.524724693454695,-41.48606300134145,-15.502677411768087,0.19336569933482145,0.0308993362950819,-0.7055325083313954,0.6810864974618778,-0.6098748766156904,-51.27572250673851,0.587075730249015,61,-1.9843664440642328,-50.88691437962227,-0.7558092496637286
1789036989.9333472,TRANSITION,-2.537308804079726,-41.545448412418125,-15.509475346908513,0.19335326675166795,0.030772781599323843,-0.7055200044903589,0.681108708954028,-0.6121256385018415,-51.333163400444214,0.5876633972605083,60,-1.9895773236651269,-50.93090062128358,-0.7520760349478208
1789036990.054878,TRANSITION,-2.5469999694081276,-41.584231821364156,-15.516670785189625,0.19335455011272185,0.03069922014463651,-0.7055498294008025,0.6810807691204596,-0.6140049528868397,-51.38112073291486,0.5881534540515502,60,-1.9818317496659852,-50.980777159003516,-0.748660218026919
1789036990.1568124,TRANSITION,-2.560519323385144,-41.644839373424404,-15.524627691881285,0.19334859864660375,0.03067825172419649,-0.7056259879975764,0.681004500231082,-0.6158060280332565,-51.42708221828294,0.5886230738667031,56,-1.9764259392510295,-51.02190741104429,-0.7459498905362713
1789036990.275817,TRANSITION,-2.571624496443959,-41.68844115699128,-15.533004516966704,0.1933336969058594,0.0305512605920345,-0.7056835258988668,0.6809548174379079,-0.6179008717777229,-51.480540568450515,0.5891692365239811,58,-1.9882126338816317,-51.06889422697352,-0.7446890627897367
1789036990.384223,TRANSITION,-2.5779286274051216,-41.737657653085414,-15.541462583303181,0.19336766346738718,0.030447201722970243,-0.7057375314540512,0.6808938620148859,-0.6196825969198816,-51.52600765197515,0.5896336781717919,58,-1.990614442097826,-51.11815159456853,-0.741333153376931
1789036990.5131998,TRANSITION,-2.590193093203367,-41.82281513347002,-15.548643636563163,0.1933300858795924,0.03032631736483619,-0.705797849485054,0.6808474043654347,-0.6219147600042099,-51.582967697225754,0.5902153875031181,61,-1.9886886752176631,-51.17009009991592,-0.7383767578721788
1789036990.623057,TIGHTLY_COUPLED,-2.5976859065088242,-41.87057694546372,-15.54851887367028,0.1933106044035544,0.030378411055514122,-0.705812881589483,0.6808350303481933,-0.6236373237003376,-51.626934223129986,0.5906644648259247,57,-1.9877117190835438,-51.22283824135911,-0.7368818088794562
1789036990.7475102,TIGHTLY_COUPLED,-2.6106069374672654,-41.93024839799557,-15.54801738536635,0.19337965935613075,0.030370468893785252,-0.7058545804605995,0.6807725414624695,-0.625731506570013,-51.680387475124114,0.5912105778011035,56,-1.9797626812998999,-51.27448712616228,-0.7353158315790884
1789036990.8720822,TIGHTLY_COUPLED,-2.624476889199861,-41.99869249965147,-15.547478699511258,0.1933189544246655,0.030385776030107104,-0.7058881906909504,0.6807542498716103,-0.6278060193451029,-51.73333961480288,0.5917514515188741,55,-1.9691950326008756,-51.32904027434581,-0.731845798792139
1789036990.991743,TIGHTLY_COUPLED,-2.632471826076349,-42.04770733169868,-15.54694482718752,0.1933780826726956,0.030352834298542988,-0.7059479633093655,0.6806769392973705,-0.6297040773083002,-51.78178780500912,0.5922463691391645,60,-1.9713932818454158,-51.37172926261139,-0.7283303384085579
1789036991.1084406,TIGHTLY_COUPLED,-2.642349240278682,-42.08929802892259,-15.546531923918112,0.19350437310143023,0.03037057308953758,-0.705936681873507,0.6806519573660672,-0.6315043607631715,-51.82773503855079,0.5927168161526364,58,-1.9650792934370471,-51.42515078190678,-0.7245424461860881
1789036991.2372668,TRANSITION,-2.6495115639700995,-42.13236055462258,-15.552665871791609,0.19354508177659635,0.030331038235556725,-0.7059588930345853,0.6806191084483502,-0.6336967721214306,-51.88368409180143,0.5932886123359121,57,-1.9585415809514748,-51.47655550142529,-0.7227807774613348
1789036991.3525343,TRANSITION,-2.6566549348351804,-42.17698983310853,-15.560363357366269,0.1935697145263706,0.03023733998095783,-0.7059498254916944,0.6806256774301876,-0.6355173917388408,-51.93014458669253,0.5937633371395097,54,-1.963953484922875,-51.53063209034297,-0.7204208634186369
1789036991.4753592,TRANSITION,-2.6687211313150527,-42.2354765046405,-15.566792253417285,0.19354640540044007,0.03026910849933134,-0.7059603967673198,0.680619929346293,-0.637553453433064,-51.982103411337874,0.5942941937535073,59,-1.9634109626837568,-51.580912268417116,-0.7169688771323555
1789036991.5962932,TRANSITION,-2.6768996811383245,-42.28287712465341,-15.574583820990464,0.19354895367969388,0.030196574820887164,-0.7060008505632392,0.6805804643115796,-0.6394330234243779,-52.030068180095455,0.5947841730548322,59,-1.9584015115277695,-51.63083404239515,-0.7136091168762897
1789036991.7114522,TRANSITION,-2.6826863514650876,-42.32941308069044,-15.581062805997416,0.19355961081806933,0.03013500877682251,-0.7059621975462747,0.6806202567817191,-0.6414106213443562,-52.080533029036836,0.5952995743934246,59,-1.958308576330653,-51.68131531761596,-0.711076605885793
1789036991.8372216,TIGHTLY_COUPLED,-2.6939763893005892,-42.39021030657588,-15.580192839928973,0.19357972857477576,0.03008643047264831,-0.7060016760626631,0.6805757333192548,-0.6434269073762585,-52.13199556652234,0.5958251548584232,61,-1.9560622979690965,-51.72570261008104,-0.7093763871239444
1789036991.9550672,TIGHTLY_COUPLED,-2.7023228030301243,-42.43686695547724,-15.579681515234073,0.19358167588643788,0.030128983906994363,-0.7060542737691944,0.6805187297804416,-0.6454429540992088,-52.183451546643326,0.5963508429159362,61,-1.95736725740779,-51.772863291611635,-0.7061278280860344
1789036992.0701091,TIGHTLY_COUPLED,-2.713820393703592,-42.497242679486064,-15.579052615661904,0.19360830155416625,0.030213484259404053,-0.7061103379238725,0.6804492351492891,-0.6473217204411984,-52.231408108468464,0.5968408035651029,60,-1.957150027277158,-51.82333484072137,-0.7037694060511323
1789036992.183864,TIGHTLY_COUPLED,-2.722345758614654,-42.55044143344239,-15.578391497662636,0.19359470428791498,0.03024815077776915,-0.7060970901685015,0.6804653107262525,-0.6492396898887502,-52.28036160229889,0.59734065260276,58,-1.9576927489499838,-51.880549886710085,-0.7014560574292739
1789036992.2991846,TIGHTLY_COUPLED,-2.7349642412697976,-42.61452768261224,-15.577313833396168,0.19366268112621243,0.030197063706341894,-0.7061531135832758,0.6803900965322521,-0.6512158239315907,-52.33080146437482,0.5978568988681283,59,-1.9633081253586824,-51.929649543953104,-0.6980300901171931
1789036992.4161685,TIGHTLY_COUPLED,-2.744227080938612,-42.672638540148036,-15.576112453484372,0.19368987365407966,0.030215986677892576,-0.7061504734308668,0.680384256039417,-0.6532122895463283,-52.38175291364461,0.5983778141191809,60,-1.9714161217524138,-51.98386852629368,-0.6956711359683214
1789036992.5388522,TIGHTLY_COUPLED,-2.7352291093623906,-42.82088521870095,-15.571921204643687,0.1938300113456624,0.0302853218917878,-0.7061404492051165,0.680351667871879,-0.6552873189396465,-52.43470663372179,0.5989189076282484,61,-1.9698628248969499,-52.03341494662543,-0.6939067572115504
1789036992.6671734,TIGHTLY_COUPLED,-2.7451801505911266,-42.888433345447496,-15.570862526954196,0.19376142063135865,0.030210908543959598,-0.7061232410344114,0.6803923730840352,-0.6574994823315676,-52.491160823349546,0.5994957118616082,61,-1.9637857368537774,-52.084858255223125,-0.691337765796433
1789036992.7708921,TIGHTLY_COUPLED,-2.7499379696763118,-42.93459623129972,-15.5698874501726,0.19379930105339951,0.03024083517288283,-0.7060886210437582,0.6804161829584776,-0.6590852900571058,-52.53163030033124,0.59990914699765,62,-1.971741033584899,-52.12874273111831,-0.68855593914097
1789036992.8966339,TIGHTLY_COUPLED,-2.761357285520442,-43.00476548125146,-15.568685909755267,0.19374680848635775,0.0302191380381605,-0.7061463763355328,0.6803721577826194,-0.661434808110267,-52.59158789425742,0.6005215422929897,61,-1.9770086586443263,-52.18370800456685,-0.6859699275830141
1789036993.0032146,TIGHTLY_COUPLED,-2.769464952779893,-43.06185003411182,-15.567709004232121,0.19373939252920394,0.030173650002637775,-0.7062146951884495,0.6803053747603489,-0.662922861123764,-52.62956086341984,0.6009093277048324,61,-1.979168666890262,-52.22727666189386,-0.6839641302985748
1789036993.1296525,TIGHTLY_COUPLED,-2.7842238766837992,-43.107109498265345,-15.566453625458257,0.193681242430082,0.03018038814969293,-0.706229462890108,0.6803063032545145,-0.6650757909854614,-52.68451706051735,0.6014706930776706,56,-1.981792077704382,-52.287309462530004,-0.6808222076487167
1789036993.238444,TIGHTLY_COUPLED,-2.7924633520929345,-43.15842345251622,-15.565687534989488,0.19366214070407503,0.030184810263334725,-0.7062441498894392,0.6802962981188602,-0.6668957888381007,-52.730975235335485,0.6019453745648178,59,-1.9863534517214405,-52.32799078356238,-0.6787505709162404
1789036993.3717165,TIGHTLY_COUPLED,-2.8036166639433953,-43.22636680201575,-15.564561949589546,0.19361601588279242,0.030162704386432256,-0.7062116587284121,0.6803441355180744,-0.6688723972650032,-52.78142929821427,0.6024606320796967,56,-1.985272464546898,-52.38553253788898,-0.6751906695378584
1789036993.4902499,TIGHTLY_COUPLED,-2.8077619143111616,-43.26261642085351,-15.563729002721834,0.19362642448784334,0.030138311016724987,-0.706174074428528,0.680381265581383,-0.6708681237411298,-52.83237040542487,0.6029814613309677,54,-1.982816552578263,-52.43544903535934,-0.6718414915259328
1789036993.6116385,TIGHTLY_COUPLED,-2.8203775581016473,-43.334192396529325,-15.562581992763146,0.1935007115890854,0.03011523273481163,-0.7062359749540164,0.6803538013802788,-0.6728055812405518,-52.88181901452358,0.6034874258249029,56,-1.9903133812400542,-52.47968915135537,-0.668684776337909
1789036993.729393,TIGHTLY_COUPLED,-2.826060705640712,-43.37681838333117,-15.56186245628609,0.19350765234787173,0.030082667445195777,-0.7062492631833512,0.6803394739798438,-0.6747435289325636,-52.93127496878559,0.6039927968676997,62,-1.999304491974934,-52.53228541224524,-0.6653572592652801
1789036993.8437827,TIGHTLY_COUPLED,-2.8464931534722013,-43.43264878008358,-15.561675704731627,0.19352649208274864,0.03006950639619334,-0.7061890360593278,0.6803972126609813,-0.6766715244930533,-52.98070441610226,0.6045758269061858,56,-1.9981294110387027,-52.579394154362426,-0.663236532226473
1789036993.9504826,TIGHTLY_COUPLED,-2.8569805952003904,-43.50191244082771,-15.560901381177429,0.19346107500129472,0.029988011144461764,-0.7061536662427194,0.6804561200392787,-0.6786046399975149,-53.03009905044339,0.6052169209430655,54,-2.003512269202168,-52.63070926029179,-0.6600265757195083
1789036994.0662832,TIGHTLY_COUPLED,-2.866064636735225,-43.560863578816544,-15.559681463846449,0.19329598067278964,0.029781222985740402,-0.706154950225155,0.6805107852824429,-0.6806144436592276,-53.0814789372017,0.6058825470540062,36,-1.9947627270442834,-52.673885715484225,-0.6578273890700765
1789036994.1796346,TIGHTLY_COUPLED,-2.8775235524182805,-43.61439323250643,-15.558438841682378,0.19309713462328543,0.029542309658358353,-0.7061069070705999,0.6806274930735003,-0.6824860411080329,-53.12936496834805,0.6065015334700531,41,-1.988513489804003,-52.72301226111599,-0.6548639200587931
1789036994.2833648,TIGHTLY_COUPLED,-2.8880681352991306,-43.68584699337804,-15.55630226563687,0.19285316514980955,0.02937154209928533,-0.7061457568108995,0.6806637491040435,-0.6842258770826847,-53.173764542166424,0.6070755147456746,37,-1.9843854367330915,-52.77327286373613,-0.6491976094551114
1789036994.4077768,TIGHTLY_COUPLED,-2.9020770294691043,-43.74528135174373,-15.555338457449457,0.1925933291233674,0.029102470367445742,-0.7062289029691201,0.6806626127581296,-0.6863906768738499,-53.229237072626226,0.6077909695626939,29,-1.9656964996011657,-52.82283875129029,-0.6443831585855135
1789036994.517394,TIGHTLY_COUPLED,-2.914573933353339,-43.79868550513495,-15.554527765986405,0.19237911855224107,0.0289677025429735,-0.7062487098192352,0.680708386045824,-0.6883442551431379,-53.27924462440211,0.6084365087536605,29,-1.970111265738083,-52.86598622907899,-0.6412588060765966
1789036994.6371164,TIGHTLY_COUPLED,-2.9333976491681995,-43.853915908620515,-15.55384146844716,0.1923740244864215,0.028770903246110053,-0.7062353555748516,0.680732026839757,-0.6903063838046539,-53.32980712451956,0.6090908482566477,45,-1.9726493498063726,-52.90994816986199,-0.6381039289267401
1789036994.7594233,TIGHTLY_COUPLED,-2.9504633966995195,-43.92510246585973,-15.552665233799125,0.19217743130021192,0.028550737134778882,-0.7062862894782365,0.6807439809524414,-0.6922556688540411,-53.37982159075014,0.6097313111178176,29,-1.993768788167195,-52.96419103987245,-0.6349253972255402
1789036994.8863838,TIGHTLY_COUPLED,-2.98001630275978,-44.013531955505535,-15.551946877758411,0.19192385241254856,0.028304070782817402,-0.7063666343051772,0.6807424567284044,-0.6941688577293313,-53.42874885636259,0.610367201032624,28,-1.9894711025445242,-53.01704261902745,-0.6308642328692953
1789036995.0286436,TIGHTLY_COUPLED,-2.9898524293239106,-44.08494207986354,-15.550974428318344,0.19173619858988744,0.028093351500887688,-0.7063229071198455,0.680849428750232,-0.6966625291672138,-53.49369508680712,0.6111961559343986,30,-1.997228334433054,-53.06708962277187,-0.627122081168124
1789036995.1298854,TIGHTLY_COUPLED,-2.9986725071379725,-44.13928062366531,-15.550311635745057,0.19159517850623894,0.028256690107863983,-0.70642975224103,0.6807715124665453,-0.6980132747364475,-53.529189533634685,0.6116559170140542,28,-2.0029107643594606,-53.11146439026267,-0.624271286809879
1789036995.2613218,TIGHTLY_COUPLED,-3.009205459832864,-44.21667023717671,-15.548788442785886,0.19151584382540207,0.02848883401364376,-0.7064799768468324,0.6807320399502924,-0.7002374186905644,-53.58763452901298,0.6124127921869426,25,-1.953804876716708,-53.17250676785174,-0.6196106773931582
1789036995.3716626,TIGHTLY_COUPLED,-3.018262285925032,-44.26292015871819,-15.548351314548595,0.1913790866952302,0.02866312127869499,-0.706501611741299,0.6807407313076024,-0.7020209178109934,-53.634566275458276,0.6130181149224141,34,-1.9236254869398886,-53.21349075830324,-0.6154112180730802
1789036995.485933,TIGHTLY_COUPLED,-3.0294549780207145,-44.34520345398481,-15.54702632069023,0.19126863999812813,0.028855655432486367,-0.7064642368297207,0.6808024240434435,-0.7040308975864714,-53.687476502946765,0.6137008540713613,22,-1.884678247986201,-53.27204574550122,-0.6109436656242594
1789036995.598307,TIGHTLY_COUPLED,-3.03959725722878,-44.40220412217079,-15.545869445586996,0.19119286531088295,0.028934446420739845,-0.706503861710681,0.680779244287335,-0.7056759820806706,-53.730950787616344,0.6142624646222838,26,-1.854990054904033,-53.31062055551114,-0.6073539264248128
1789036995.7148008,TIGHTLY_COUPLED,-3.0450135824779996,-44.43725816323069,-15.544810858664743,0.19114507363555766,0.02910230578158267,-0.7065171942703035,0.6807716730471906,-0.7075930480960568,-53.781445483086806,0.6149144108234487,30,-1.8225894812439107,-53.36545467908395,-0.6033869532159909
1789036995.8420954,TIGHTLY_COUPLED,-3.059005480128903,-44.51891194841066,-15.54350563454791,0.19094478463598147,0.02932361735979238,-0.7065552283977031,0.6807789097123419,-0.7094822733150123,-53.831053429416315,0.6155561154769557,28,-1.8231143320565122,-53.414600528994455,-0.6020352511009236
1789036995.9586303,TIGHTLY_COUPLED,-3.064862314468233,-44.56452736345445,-15.54258451935407,0.19086484760273326,0.02932811209972102,-0.7065561471528284,0.6808001782540911,-0.7113292045977511,-53.88073702885599,0.6161893858877124,26,-1.8147051627883963,-53.46088793126289,-0.5996290384380177
1789036996.0828042,TIGHTLY_COUPLED,-3.074077963758284,-44.643201168811544,-15.540996443215526,0.19070675067158452,0.0294921555758476,-0.7066654270037436,0.6807239692308424,-0.7134174899718012,-53.93531274913673,0.6168926596843463,26,-1.8034820725853686,-53.516693747808795,-0.5959106565484288
1789036996.1849174,TIGHTLY_COUPLED,-3.0827895121229223,-44.701172762135954,-15.539968431502356,0.19063772254006947,0.029641257681101634,-0.7066569529477645,0.6807456246193574,-0.715099813373649,-53.97934123339726,0.617463607515705,28,-1.7955371014060444,-53.57258248201736,-0.5924973038510739
1789036996.312243,TIGHTLY_COUPLED,-3.0890364886818387,-44.72876431577636,-15.538834047038087,0.19045522837303475,0.029739646532167693,-0.7067348081414084,0.6807115911829646,-0.7170306426334585,-54.02984040721989,0.6181227832669476,29,-1.7779924682447001,-53.6235173485626,-0.5898354412106835
1789036996.4240422,TIGHTLY_COUPLED,-3.101982225136892,-44.78594552221977,-15.53842705785407,0.19033072935604542,0.029762981177009026,-0.706745797632181,0.680733983244193,-0.7189988828232944,-54.081298198696295,0.6188111316036486,26,-1.7692805423948077,-53.66873525323118,-0.5888860499376611
1789036996.5385592,TIGHTLY_COUPLED,-3.1156360679824866,-44.849822701573245,-15.537393918878443,0.19010819145678556,0.029797896862093203,-0.7067811248160683,0.6807579617509881,-0.7209152732708315,-54.1302588489561,0.6195746823200158,26,-1.7362320946156211,-53.71774767258596,-0.5847711699210273
1789036996.6599832,TIGHTLY_COUPLED,-3.122540704803739,-44.91875267187403,-15.535677069627503,0.1900185201814498,0.029837127614949915,-0.7068212975273136,0.6807395692667982,-0.7229121590257808,-54.18121875176983,0.620371930956801,46,-1.7124952769962283,-53.76453409659876,-0.5814454964434775
1789036996.7768068,TIGHTLY_COUPLED,-3.133423605185985,-44.983271100117086,-15.534209425263782,0.19006066685423662,0.02982717650077572,-0.7068446920707477,0.6807039472107712,-0.7247513633841384,-54.22817680070725,0.6211066864726997,58,-1.734436164593139,-53.81251779355403,-0.5786482222315192
1789036996.9022336,TIGHTLY_COUPLED,-3.1561080157703647,-45.07464663415966,-15.532445552329813,0.18997180401926692,0.029829411377390577,-0.7068689573713363,0.6807034574609591,-0.7270213554822836,-54.28611988042743,0.6220135812940979,60,-1.7297041504131168,-53.85843740275556,-0.5760735124953056
1789036997.0491965,TIGHTLY_COUPLED,-3.171492237072944,-45.1586198636217,-15.530430317148564,0.19002186593694673,0.029751126671020763,-0.7068364282397195,0.6807266886504172,-0.7294478612711989,-54.34805764754445,0.6229825326905717,53,-1.7280724101132978,-53.90263645081526,-0.5728961708772603
1789036997.1428945,TIGHTLY_COUPLED,-3.1802660563506517,-45.20430200051041,-15.529538667058674,0.18999469356321733,0.029719587100045478,-0.7068675372804721,0.6807033475012902,-0.7309736736158945,-54.38700676310278,0.6235925642646598,54,-1.7250798741636195,-53.95011295442026,-0.5702748027185571
1789036997.2587984,TIGHTLY_COUPLED,-3.1893425707795586,-45.253599811288225,-15.528466634986872,0.18996696912862515,0.02974226432244604,-0.706876120320563,0.6807011817777363,-0.7328521693938053,-54.43495231940183,0.624343700180571,58,-1.7324791249220666,-53.99778291467533,-0.5679219127707674
1789036997.3804073,TIGHTLY_COUPLED,-3.2021166690525256,-45.32835159957174,-15.526904647864669,0.18991678628939895,0.029880765265017192,-0.7067416406178824,0.6808487405947286,-0.734887756129059,-54.48690160006781,0.6251567886600747,54,-1.7290801738337782,-54.054408178401445,-0.5657891521891392
1789036997.4996765,TIGHTLY_COUPLED,-3.2133746428947734,-45.364429096059034,-15.526982862093034,0.18992281342814163,0.029754991386807463,-0.7067740895385995,0.6808188832457528,-0.7367276937167883,-54.53385828374217,0.6258916859956761,59,-1.7373320659123779,-54.094287312334714,-0.5636117102265251
1789036997.6169984,TIGHTLY_COUPLED,-3.2285805749787446,-45.441244067184414,-15.525304720185185,0.19002185407089459,0.029750817199031335,-0.7067882953569907,0.6807766810032558,-0.7388222048278434,-54.58731213300454,0.6267282108960992,60,-1.750341800697073,-54.15061207969803,-0.5621207989256088
1789036997.7279806,TIGHTLY_COUPLED,-3.2390870305999404,-45.49676093040329,-15.523952355271705,0.18999270858609812,0.029727665173227627,-0.7068255901154931,0.6807471055872009,-0.7408189926515788,-54.638271070758634,0.6275255980183454,59,-1.7439854354606326,-54.19937124721776,-0.5589633988644251
1789036997.8279133,TIGHTLY_COUPLED,-3.250103156070655,-45.54906047594059,-15.522860569485267,0.19001753932711965,0.029729406018095872,-0.7068659663719904,0.6806981730186075,-0.7424047598262673,-54.678739457888945,0.6281587359835141,57,-1.7389615854497562,-54.24955529481277,-0.5555713738011538
1789036997.945355,TIGHTLY_COUPLED,-3.2588666069014716,-45.59592278457013,-15.521817751741436,0.18996831020722277,0.02969642117064241,-0.7068392053618789,0.6807411412938518,-0.7444403827635033,-54.73069592268037,0.6289716166891085,55,-1.7406141363378262,-54.304730458037675,-0.55254974014936
1789036998.0724516,TIGHTLY_COUPLED,-3.2759213414870727,-45.66621222103628,-15.521580485962605,0.18998067679194383,0.029665818087341953,-0.7068205241044693,0.6807584214591599,-0.7463579143018128,-54.779648818083366,0.6297377683642413,58,-1.7663683963421826,-54.35456332384091,-0.5496626460500645
1789036998.2047987,TIGHTLY_COUPLED,-3.2826178950698273,-45.71313082081485,-15.520757533964773,0.1899780279177012,0.029782162681004344,-0.7068583021470818,0.6807148539442107,-0.748529983160822,-54.83509451597443,0.6306053882843223,59,-1.7763565223194275,-54.402421481435226,-0.5467864930303133
1789036998.3214161,TIGHTLY_COUPLED,-3.2972555424549195,-45.78812391719149,-15.519607161896861,0.18997258762907246,0.029812744480584786,-0.7068215411028214,0.6807532043619643,-0.750545011907281,-54.88653690146555,0.6314102317477266,62,-1.7806799470708956,-54.446901224767714,-0.5445576798832559
1789036998.4359703,TIGHTLY_COUPLED,-3.3064596864258897,-45.83938748082857,-15.518778739155715,0.18988484138701292,0.029791730497943904,-0.7068632988776765,0.6807352469977851,-0.7523645369065537,-54.93297728512519,0.6321381378871025,57,-1.7923795267475076,-54.49987003001025,-0.5423683999298736
1789036998.5529292,TIGHTLY_COUPLED,-3.3192615699818373,-45.89421337508064,-15.518060792730527,0.1898807349009845,0.029808364120132377,-0.7068533786585566,0.6807459651154217,-0.7543608488065701,-54.98392613193179,0.6329356800204288,57,-1.8001583792027804,-54.54628450990441,-0.5397625500496304
1789036998.682146,TIGHTLY_COUPLED,-3.327569958371025,-45.94678831178776,-15.517336741813855,0.1898607637984354,0.02991749740751075,-0.7068214514864732,0.6807798979386079,-0.7563182120196102,-55.033879200361675,0.6337174821829223,59,-1.7995248474709868,-54.597964779972905,-0.537008520732648
1789036998.8050408,TIGHTLY_COUPLED,-3.3372620550202985,-46.00625070021509,-15.517027824396536,0.18981181378014197,0.029893827125815196,-0.7068572445134151,0.680757423997834,-0.7583539689836571,-55.085833462648296,0.6345305570751528,59,-1.8132682472774588,-54.6447628033005,-0.5350432390698763
1789036998.9276297,TIGHTLY_COUPLED,-3.348243264787778,-46.07205511951247,-15.515562014856883,0.18979282317448723,0.02982388193710884,-0.7068624980152668,0.6807603317154108,-0.7602332542233297,-55.13379402991249,0.6352810637371114,63,-1.8232666657849363,-54.69502493305291,-0.5325733969114086
1789036999.046173,TIGHTLY_COUPLED,-3.3584679357673726,-46.1281548757784,-15.514531786384433,0.1897330618022437,0.029822937539963387,-0.7068756456406176,0.6807633797846309,-0.7621518240023974,-55.18275577910656,0.6360471232062188,57,-1.8377364322205112,-54.74626664377626,-0.529794345136376
1789036999.161421,TIGHTLY_COUPLED,-3.3715030512398605,-46.192715491786565,-15.51349202331663,0.18977688756077016,0.02975801835114528,-0.7068852519950288,0.6807440295760842,-0.7641290945448553,-55.233214832136255,0.6368365255050836,57,-1.832632218115403,-54.79951723596096,-0.5267132873835286
1789036999.2775142,TIGHTLY_COUPLED,-3.3803871168696022,-46.24681945026784,-15.512290720641404,0.18982178941319805,0.029753785615167557,-0.7069422977496514,0.6806724529154837,-0.7661639983962429,-55.285166233403,0.6376495543787225,60,-1.8536472555910697,-54.84918288115717,-0.5242968697529224
1789036999.411439,TIGHTLY_COUPLED,-3.3931614406399384,-46.342790536417716,-15.510195854298006,0.1898836286512884,0.029730515180979373,-0.7068790243239345,0.6807219322220607,-0.7681599425651655,-55.33611608213139,0.6384469401535681,62,-1.8626211255015785,-54.89926431700197,-0.5226265876741509
1789036999.531831,TIGHTLY_COUPLED,-3.407630239141733,-46.413089343525954,-15.508917611335134,0.1899258049186783,0.029744660601396238,-0.7068417771780644,0.6807482249903085,-0.7702146071702647,-55.38856240476954,0.6392673505997349,58,-1.875427995490559,-54.95589478327732,-0.5191503774769266
1789036999.6499715,TIGHTLY_COUPLED,-3.414932271447283,-46.46527723798217,-15.507751994819152,0.18990340894587923,0.029758956683536217,-0.7068258693247995,0.6807703652635617,-0.771975066441109,-55.43350327680351,0.6399714875677291,59,-1.865182515593287,-55.00481622229847,-0.5158735052442757
1789036999.7692192,TIGHTLY_COUPLED,-3.4283351414001264,-46.53379847836561,-15.506411533687684,0.1899605376166227,0.029768938879247243,-0.7068406654639273,0.6807386268406691,-0.7739124146110367,-55.48295040696517,0.6407458426198976,57,-1.8548013058528798,-55.062413852482834,-0.5122958289691296
1789036999.8898134,TIGHTLY_COUPLED,-3.435054883130981,-46.58553720424882,-15.505144789508565,0.1900175894877147,0.02977221521353572,-0.7068332209288001,0.680730290701079,-0.7758892829217393,-55.53340173203512,0.6415354665637443,62,-1.8678792070966022,-55.10563564158636,-0.5098292360974386
1789037000.0187325,TIGHTLY_COUPLED,-3.44247024679939,-46.654482667662,-15.503177611289251,0.18997580353552512,0.02976576096946292,-0.7068160415286653,0.6807600729939208,-0.777846657620294,-55.58335632284279,0.6423172716262544,62,-1.86541234938091,-55.1657813178209,-0.5071113245859523
1789037000.1233587,TIGHTLY_COUPLED,-3.4484171791091813,-46.695931847331664,-15.502000070367258,0.18996979206061262,0.029725845684720722,-0.7067923611182654,0.6807880804388715,-0.7797649963392156,-55.63231467739263,0.643083429528194,63,-1.8639702949865014,-55.211542114169404,-0.5055904423718445
1789037000.241816,TIGHTLY_COUPLED,-3.4593944413760895,-46.752494082612486,-15.500589680302301,0.19001562951785267,0.02961123915428487,-0.7068462427803566,0.6807243378357902,-0.7817617827405667,-55.68327400307998,0.6438808008652975,62,-1.8875843173552402,-55.259391785358936,-0.5040300431788742
1789037000.3614953,TIGHTLY_COUPLED,-3.472947692267352,-46.830917735704055,-15.498426797270296,0.1900605299211868,0.029614882300199853,-0.706742001565148,0.6808198711378152,-0.7837586387880331,-55.73423376771585,0.6446780513317154,61,-1.900650655955313,-55.31065335025259,-0.5021737351289074
1789037000.4826996,TIGHTLY_COUPLED,-3.478860687035456,-46.88572855728643,-15.49676445569861,0.19012689858996107,0.029632948294901335,-0.7066834019468452,0.6808613810613348,-0.7857155035597745,-55.784189602479366,0.6454597117682466,65,-1.9052950300449436,-55.360530879388186,-0.49914859543538187
1789037000.6036623,TIGHTLY_COUPLED,-3.481586323559848,-46.9861743499203,-15.493543443302572,0.1902201324581297,0.029706991868575453,-0.7066358796267621,0.6808814356889489,-0.787633148512475,-55.83314163158159,0.6462258828907357,64,-1.8966281316119182,-55.40448175308126,-0.4967970596537983
1789037000.7160144,TIGHTLY_COUPLED,-3.490917073650896,-47.03392792109762,-15.492296711315648,0.19027260652376352,0.0297071452549415,-0.7066340846138299,0.6808686299055271,-0.7895508059342539,-55.88209367000287,0.6469917811533357,66,-1.8957728248951242,-55.45539549508291,-0.49385634906331677
1789037000.8388143,TIGHTLY_COUPLED,-3.4998110938558398,-47.0886661374108,-15.490830575493167,0.1902697651678365,0.029678186178159777,-0.7065408970823926,0.6809673872353644,-0.7915852839626231,-55.93403118740106,0.647804671554146,61,-1.8979593231278216,-55.50179125143337,-0.49077422687806027
1789037000.9526458,TIGHTLY_COUPLED,-3.506866069737015,-47.14600487678163,-15.488938512434848,0.19039418251108742,0.029651132767529485,-0.7065650535341931,0.6809087242176886,-0.7935027333665585,-55.982972726715865,0.6485716149112936,64,-1.9082855286203966,-55.549013833563464,-0.48888702336281015
1789037001.0949092,TIGHTLY_COUPLED,-3.5187453453120514,-47.21625733443043,-15.48701143169299,0.19036121574734158,0.02962559885424815,-0.7065459154414119,0.6809389112136115,-0.7957927157942304,-56.04141566102337,0.6494863476333795,58,-1.9079319383960938,-55.59592044100976,-0.48567021599010063
1789037001.1875172,TIGHTLY_COUPLED,-3.532424709668991,-47.26569073591618,-15.486313586327766,0.19040231713778163,0.029631817191298416,-0.7064695757584918,0.6810063520747232,-0.7974173247177212,-56.08287749580068,0.6501352441811866,58,-1.9238450592025094,-55.64794779032971,-0.48370346552911037
1789037001.3024783,TIGHTLY_COUPLED,-3.543424574012626,-47.350456675560245,-15.48479079047783,0.19029110852903555,0.029678994105506576,-0.7064234121541875,0.681083265162279,-0.7994139304892405,-56.13383337036568,0.6509326797448763,60,-1.9287540334285223,-55.6928319938662,-0.4810950317471423
1789037001.41957,TIGHTLY_COUPLED,-3.550625308520468,-47.41071536491365,-15.483203507852323,0.19024201242098476,0.0296086295969724,-0.7064821822836552,0.681039082490225,-0.8014302566493334,-56.18529178235699,0.6517378932888717,62,-1.9315442889995968,-55.74416109277929,-0.4782037375237723
1789037001.5348992,TIGHTLY_COUPLED,-3.5595593345881134,-47.458210948468945,-15.482263760405765,0.19024848114135684,0.02962205799718863,-0.7064782196717917,0.6810408021791308,-0.8033292413170271,-56.233754063594596,0.6524960989559969,62,-1.9230780338136835,-55.792834438865356,-0.4753966783034685
1789037001.646135,TIGHTLY_COUPLED,-3.579239955268755,-47.53161105600273,-15.480984031014389,0.19024677934675321,0.029647223603607,-0.706483095332242,0.6810351247113177,-0.8052865392714789,-56.28371221204078,0.6532777044222239,62,-1.931355784491526,-55.84322590158461,-0.4726656043144684
1789037001.758019,TIGHTLY_COUPLED,-3.5896835184462113,-47.58411710381079,-15.480011697664182,0.1902432895747038,0.0296062220802099,-0.7065128284000145,0.681007037916749,-0.8072628006935562,-56.33416345756512,0.6540673243745294,62,-1.9390180697341994,-55.89283809538033,-0.4705321107725114
1789037001.8649511,TIGHTLY_COUPLED,-3.602516380719276,-47.6591960569072,-15.478486550137257,0.1901995145691772,0.029665488888804627,-0.7064988475137458,0.6810311900995332,-0.809121746781572,-56.38161693703574,0.6548099225492026,57,-1.9485131048371702,-55.94503179369119,-0.46886940353354156
1789037001.9835043,TIGHTLY_COUPLED,-3.606576429587438,-47.7589009468993,-15.47541273695741,0.1901904436249739,0.029632955079000066,-0.7065708683190254,0.6809604182108678,-0.8111172621127505,-56.4325633385349,0.6556068900550426,62,-1.9546427621815459,-55.99338104465267,-0.46604083948574226
1789037002.1124196,TIGHTLY_COUPLED,-3.6199179032900393,-47.82952751916877,-15.474100875619895,0.1900896205824413,0.02967207666999821,-0.7065891967061168,0.6809678488086774,-0.8134063662681483,-56.490988931131184,0.6565224474820219,60,-1.9380965156310554,-56.04730775119534,-0.46250547068986925
1789037002.218281,TIGHTLY_COUPLED,-3.6293095376752444,-47.88670191155068,-15.473104092922055,0.19012876316250693,0.029654488368341426,-0.7066338446233079,0.6809113557364057,-0.81503077992422,-56.53244721620034,0.6571714180595538,61,-1.943738895837994,-56.09531245849886,-0.46038897103041976
1789037002.3454964,TIGHTLY_COUPLED,-3.6425604997834298,-47.9550885518841,-15.471728415587716,0.19009264775181878,0.029626086555998125,-0.70663495949172,0.68092151845144,-0.816988063803354,-56.58239970109536,0.6579532214539356,64,-1.9540659785603485,-56.151139623330714,-0.45827346057817675
1789037002.4672039,TIGHTLY_COUPLED,-3.6312344091781847,-48.01101549338008,-15.47017315119096,0.18994956532582574,0.029755858142965618,-0.7066974815920946,0.68089090245802,-0.8189845804387336,-56.63335417021452,0.6587506609968447,66,-1.9639000489754346,-56.19755642392046,-0.45673116821274057
1789037002.5782077,TIGHTLY_COUPLED,-3.6465102843035604,-48.08525593003075,-15.469477712761243,0.18997842166307197,0.029880810133213292,-0.7066424967707096,0.6809344448960183,-0.820883349536166,-56.6818136954148,0.6595089916648169,62,-1.9631470388859777,-56.24290659411481,-0.45377081932102964
1789037002.713992,TIGHTLY_COUPLED,-3.6551459027823627,-48.13573470339781,-15.468980689840333,0.1899333930253631,0.02990220820755664,-0.7066365878583739,0.6809521986586573,-0.8230759082653867,-56.73776960820946,0.6603844986387211,65,-1.9594835497940357,-56.30100836919002,-0.450239633101672
1789037002.831189,TIGHTLY_COUPLED,-3.6677574596082914,-48.200822223335265,-15.467885056725413,0.1899603838929556,0.02981822706520102,-0.7066142465112952,0.6809715357584365,-0.8248377954947201,-56.78273333995579,0.661087929801136,64,-1.9611950656539325,-56.34858946043169,-0.4470635249752882
1789037002.9427907,TIGHTLY_COUPLED,-3.678912432360091,-48.27627827284723,-15.46606845876135,0.18998402351805474,0.02975829748337728,-0.7066213653991471,0.6809601754142655,-0.8268531221728147,-56.8341861573593,0.6618931055793361,60,-1.9548344649687428,-56.395797510556804,-0.4444173203964981
1789037003.0482154,TIGHTLY_COUPLED,-3.6874203558815597,-48.33732707456101,-15.464645458510878,0.1899714414050844,0.029760010992698763,-0.7066480380188722,0.6809359320525447,-0.828712029834255,-56.881639491303865,0.6626357869337617,60,-1.9309765441895184,-56.443425811555436,-0.4413356736097027
1789037003.160974,TIGHTLY_COUPLED,-3.6949976322744056,-48.35841490114243,-15.466562481101946,0.18985566277489707,0.02975203495495202,-0.7065956445203984,0.6810229356439816,-0.8306883539937528,-56.932089286963375,0.6634250064831713,60,-1.920526446240054,-56.491446880695435,-0.43886589195257786
1789037003.2751193,TIGHTLY_COUPLED,-3.706403807668168,-48.42522244134311,-15.465502943994563,0.1897653272610822,0.029782559368404345,-0.7066197075842515,0.6810218121180179,-0.8326835480132263,-56.98302365634693,0.6642227180680886,65,-1.9307695285786861,-56.541145422049766,-0.4368830901135355
1789037003.3879964,TIGHTLY_COUPLED,-3.718403236231896,-48.48578425950914,-15.464750867555912,0.18978764789554975,0.02974332838032777,-0.7066696553296948,0.6809654773623588,-0.8345816065652019,-57.03147025741617,0.6649815652692002,61,-1.9432755848838392,-56.59562955818836,-0.43342046427347014
1789037003.4989524,TIGHTLY_COUPLED,-3.727859977420597,-48.538680490142305,-15.463959151981948,0.1897590929812017,0.02978483922314542,-0.7066802202519485,0.6809606569311185,-0.8365584317736819,-57.081921496714145,0.6657711878956996,58,-1.945505962381738,-56.65112134942133,-0.43044147458238863
1789037003.618451,TIGHTLY_COUPLED,-3.742287961063067,-48.60797666731657,-15.462643669190385,0.18982000372411892,0.02975305953835163,-0.7066171962301073,0.6810104695422713,-0.8385157752164186,-57.13187600266388,0.6665529905220129,58,-1.9512674720849015,-56.698283746395425,-0.4272189030804723
1789037003.7386825,TIGHTLY_COUPLED,-3.733996953016424,-48.62838091425167,-15.463143635078785,0.18978912296398276,0.029815241438259175,-0.7066769794986851,0.6809543206626679,-0.8404536549549415,-57.18133386813408,0.6673269672129627,59,-1.9572519042982501,-56.746263097645624,-0.4240713308600991
1789037003.8572009,TIGHTLY_COUPLED,-3.7445118333300678,-48.68007206472079,-15.46192322653315,0.1898568467649361,0.029823082725128392,-0.7067086085032906,0.680902272092397,-0.8424895586097874,-57.2332924330862,0.6681399789720746,59,-1.9526390810321401,-56.79603176307008,-0.421181407235551
1789037003.97191,TIGHTLY_COUPLED,-3.759727027588345,-48.74764262185937,-15.460911414147994,0.18989792213459142,0.029920268436705495,-0.7067740917362952,0.680818580795189,-0.8444668160253643,-57.283752934163545,0.6689294204087562,57,-1.9581166528874372,-56.85469410143897,-0.41877305486288935
1789037004.0889893,TIGHTLY_COUPLED,-3.781146686645709,-48.85379844097223,-15.459436734347436,0.18980752960866293,0.029861143039880807,-0.7068076512349796,0.6808115436711542,-0.8463060858458128,-57.33071174832018,0.6696641594039252,55,-1.9676516270210165,-56.90273987605994,-0.4173529856499313
1789037004.230434,TIGHTLY_COUPLED,-3.7964427736877897,-48.91721334826258,-15.458926744880015,0.1897527740013643,0.02985131637965163,-0.706782495770787,0.6808533523022463,-0.848693572292475,-57.39165237198737,0.6706179594453345,58,-1.9678559081850855,-56.95774745460737,-0.41433717138051906
1789037004.3401194,TIGHTLY_COUPLED,-3.817869364473918,-48.87646565681335,-15.462391337271596,0.189679098709626,0.029885780740578884,-0.7067675931224917,0.6808878387326875,-0.8504546586810051,-57.43660837652909,0.6713213262637988,59,-1.9809969291740572,-57.00583381861963,-0.4115211420047933
1789037004.452404,TIGHTLY_COUPLED,-3.8348933681255724,-48.94742165421331,-15.46160343059273,0.18961413024626592,0.029943082729649358,-0.706757944603664,0.6809134314633555,-0.8522030491269761,-57.48122516586766,0.6720200267547882,60,-1.9937511550196854,-57.06143096381946,-0.408073059408458
1789037004.588223,TIGHTLY_COUPLED,-3.844791400978579,-49.00624787247783,-15.46046242606605,0.18966316118640264,0.029881659095740143,-0.7067797408098746,0.6808798496939038,-0.8534254668002463,-57.51237416705813,0.6725079557059886,57,-1.984525849684679,-57.11319082877153,-0.4047746931159834
1789037004.699891,TIGHTLY_COUPLED,-3.845656230191325,-49.02430689610584,-15.459575689638973,0.1896403587259353,0.02980704535676904,-0.7068033521873477,0.6808649614469278,-0.8533658660415843,-57.510870063680564,0.6724845338450698,64,-2.000907144625253,-57.14485026309293,-0.40387414025656726
1789037004.8105266,TIGHTLY_COUPLED,-3.8448645260207424,-49.00535689354527,-15.459843701000935,0.1895893311950322,0.029846253826654602,-0.706811058974199,0.6808694541109233,-0.8532712737724155,-57.50831215733573,0.6724425908808157,63,-1.9900626657327996,-57.15294708128942,-0.4037001387626735
1789037004.9318068,TIGHTLY_COUPLED,-3.8488300550545596,-48.95171431289769,-15.461875667230345,0.18953085003928946,0.02986127492787005,-0.7069643035000782,0.680725961543789,-0.8532446060898227,-57.507608583891944,0.6724292647635772,57,-1.9947915485235628,-57.148643648257284,-0.40420749226081
1789037005.0438597,TIGHTLY_COUPLED,-3.84759196892503,-48.91219762454899,-15.463312276635566,0.1894674324638435,0.029870309672160787,-0.7069641299928887,0.6807433991887444,-0.8532032056669734,-57.50672139554776,0.6724107032690079,60,-1.995227894901012,-57.148359754269926,-0.4044121784880077
1789037005.167641,TIGHTLY_COUPLED,-3.8580928942281827,-48.82887061126076,-15.467332491690822,0.18942276660509194,0.029794299406236038,-0.707222407349293,0.6804908388491614,-0.8734260838634814,-57.530653701704786,0.673659001207477,60,-1.9898994853662868,-57.14899281718412,-0.4045402171086845
1789037005.2868607,TIGHTLY_COUPLED,-3.887070333294547,-48.83754526567692,-15.4676720713776,0.19078821307290186,0.020646472998495185,-0.7331523476591886,0.6524271729679809,-0.8937282102212146,-57.56336407109671,0.6752213714321917,23,-2.254534625428878,-57.264288599391946,-0.3957733196237472
1789037005.4019158,TIGHTLY_COUPLED,-3.9390057611491707,-48.838308292576826,-15.467754479973582,0.19203649984917817,0.01011860020410282,-0.7598571446828494,0.620996550980771,-0.8915928068325818,-57.56344688288714,0.6741692545983412,21,-2.545961659068693,-57.36904814274682,-0.3974628095958363
1789037005.5079272,TIGHTLY_COUPLED,-3.9287327736489397,-48.702504848876096,-15.4718268732474,0.19080800873246698,0.00965265122310708,-0.7659009250361152,0.6139176680604159,-0.8908585391996976,-57.56018631776045,0.6741022496081639,24,-2.247193943136486,-57.24865282948006,-0.40475171822205636
1789037005.620987,TIGHTLY_COUPLED,-3.9211517825286357,-48.65252390165827,-15.47213705860369,0.19069293862095113,0.009821185563424836,-0.7659997603782966,0.6138274306143602,-0.8901432922526324,-57.55701580041535,0.6740322326389497,30,-2.05484885901506,-57.22242370870916,-0.40221490358805634
1789037005.74087,TIGHTLY_COUPLED,-3.924487047473617,-48.658498884399364,-15.472474457652964,0.19076408972445524,0.009707834440469918,-0.7660216017565256,0.613779867431674,-0.916602744308623,-57.577633725100654,0.6753796057817332,68,-2.061490390384909,-57.21789291332626,-0.40352423476717714
1789037005.864134,TIGHTLY_COUPLED,-3.945843601490274,-48.63133478385069,-15.473264537609586,0.188820328235944,0.0033659965914879823,-0.7797654107769502,0.5969099244171356,-0.9170035100374465,-57.589342198297736,0.675167917769696,41,-2.1947250821900504,-57.36176896201113,-0.38351918313477834
1789037005.9628243,LIDAR_ONLY_SAFE,-3.419724945935474,-48.64597119734648,-15.342987170408334,0.18912074939060647,0.002979994316768987,-0.7807538560541248,0.5955231968953203,-0.915884221151541,-57.586903934209815,0.6750923906084764,19,-2.4321924327518345,-57.39925320012545,-0.39841078713607686
1789037006.0910032,TIGHTLY_COUPLED,-3.415435299733809,-48.62197632962308,-15.342787512223495,0.1898709032616965,0.0014319445576537338,-0.7823452064592846,0.5931972416992097,-0.9146274171081096,-57.58342220438287,0.675009101847144,72,-2.0816861148868413,-57.36860177846451,-0.3889373562373363
1789037006.1936858,TIGHTLY_COUPLED,-3.4138067098267304,-48.60353701434364,-15.340969899950066,0.1899798353008681,0.0013896228511425248,-0.7823243012265099,0.5931900360237348,-0.9135747725365129,-57.58052176864903,0.6749341133364666,68,-2.1438720877129827,-57.35591428456091,-0.39103880728420715
1789037006.3075216,TIGHTLY_COUPLED,-3.4257634220479356,-48.59820134654463,-15.341167673930645,0.1901174298852769,0.0013197634488291581,-0.7824201959921284,0.5930196101158,-0.938141740272231,-57.595393842047194,0.6766090588764919,65,-2.1527731386062876,-57.34622024122946,-0.3916911068951125
1789037006.4390419,TIGHTLY_COUPLED,-3.4584530879370248,-48.606880755705916,-15.341602848728826,0.19052203744877563,-0.009923052213992962,-0.809660324580612,0.555025265263793,-0.946563438960849,-57.6112052772859,0.6761897492607764,21,-2.451030453517914,-57.383637906185214,-0.3924101496720257
1789037006.5735242,LIDAR_ONLY_SAFE,-2.752754665917199,-48.636775614771,-15.172057499220148,0.18993039755570854,-0.009427823642499073,-0.813519316195347,0.5495669953724945,-0.9444212167599626,-57.6087614734655,0.6760927596739057,24,-2.558098793093749,-57.49962176971564,-0.4382095534291909
1789037006.674506,TIGHTLY_COUPLED,-2.753834248436592,-48.62058087268186,-15.170154922584903,0.19008763347933932,-0.009342004866860737,-0.8135084588329781,0.549530168371569,-0.9431194963362802,-57.60627060260575,0.6760228499531483,31,-2.6620604835661776,-57.46691077853234,-0.45392719239520246
1789037006.8023684,TIGHTLY_COUPLED,-2.75461448074256,-48.61093791502577,-15.16943077619363,0.19005554760763652,-0.00930169504210889,-0.8135425247332934,0.5494915174445222,-0.9417732559868774,-57.60370585435165,0.6759449905236267,74,-2.234365600083417,-57.40105292876136,-0.427240325218876
1789037006.9283695,TIGHTLY_COUPLED,-2.7613890462789055,-48.60270162952138,-15.169955837241366,0.18995934559766015,-0.009349796997079263,-0.8139123196200732,0.5489761053879249,-0.9755582656965396,-57.61811729556928,0.6770454701607972,62,-2.287183779718135,-57.38112570882209,-0.4330274337087028
1789037007.045934,TIGHTLY_COUPLED,-2.8021649904353843,-48.61162886203751,-15.169077657581672,0.1896798604227881,-0.021842142607815685,-0.8410569806091788,0.5061300492214061,-0.978326856716832,-57.629486616540845,0.6772050683018405,24,-2.5144311461317987,-57.39263810701086,-0.45323252308091044
1789037007.1345162,TIGHTLY_COUPLED,-2.7948243671935358,-48.612144564875564,-15.170075531863821,0.18869228693045387,-0.022702368557507034,-0.8469704577506876,0.4965086776808892,-0.9766047710069544,-57.627593177895655,0.6771362677352231,23,-2.526970177030699,-57.45365826700622,-0.43572210774738074
1789037007.251334,TIGHTLY_COUPLED,-2.796382133845571,-48.60439975979582,-15.169014016837469,0.18871172087597932,-0.02420087343800396,-0.8485691301218878,0.49369285546080854,-0.9746621260106748,-57.62485751921053,0.6770464874682717,29,-2.49575922726911,-57.43721725429811,-0.46389272205875554
1789037007.3860407,TIGHTLY_COUPLED,-2.79367187912415,-48.59507845836638,-15.16767432778294,0.18867499984711442,-0.02408370325756591,-0.8485864483972916,0.493682852919325,-0.9725169757678718,-57.62199498902418,0.676937496978524,35,-2.4668513336889655,-57.437262711489794,-0.45281044721224095
1789037007.4823651,TIGHTLY_COUPLED,-2.7987369315692447,-48.59191269458244,-15.167987500203502,0.18872490393610744,-0.024122078415729258,-0.8486099383039024,0.49362152361810524,-0.9953726459801979,-57.62882708874904,0.6791004747268429,38,-2.464206857114321,-57.43449162558465,-0.4535263421346504
1789037007.6017022,TIGHTLY_COUPLED,-2.8286789743662744,-48.590341752404974,-15.16770397662896,0.1873768159483628,-0.033274916121781836,-0.8685896561664492,0.4575311115135137,-1.0147647831467375,-57.63994295916338,0.6782332193048445,26,-2.4521676070327127,-57.43818497044661,-0.44235848644970527
1789037007.7159698,TIGHTLY_COUPLED,-2.833050642509053,-48.590628122267724,-15.168980570283017,0.18651427464477377,-0.03707576645065402,-0.8777540690575188,0.439756304274082,-1.012454650508297,-57.63801463524896,0.6781426918509098,28,-2.5389847035342266,-57.5729731425677,-0.45485861187349047
1789037007.8210833,TIGHTLY_COUPLED,-2.8243054179824085,-48.59224022966866,-15.165958856190649,0.18646747860525228,-0.038268583860695024,-0.878838699833268,0.4375019252383557,-1.0104934605900733,-57.635904256165375,0.678061076229311,34,-2.4968032977534977,-57.46079470127178,-0.4575581882498341
1789037007.9409173,TIGHTLY_COUPLED,-2.8279044616378686,-48.5871334072141,-15.16343158808071,0.18673016908164422,-0.03827470239260944,-0.8788183523573876,0.4374302169161891,-1.0083719781234257,-57.63381594453915,0.6779677655602082,36,-2.495432123276407,-57.45052932935961,-0.4542834928296468
1789037008.0573702,TIGHTLY_COUPLED,-2.8334049554436636,-48.58014019331791,-15.163487391350984,0.1867214840522959,-0.03820974576619653,-0.8788738502234248,0.4373280897852825,-1.027789407638336,-57.63729876273041,0.6803652964616873,46,-2.50186224139429,-57.453040981014865,-0.4537689789155829
1789037008.156574,TIGHTLY_COUPLED,-2.8214435400232296,-48.57278590560349,-15.163405177024119,0.18492995080313868,-0.03925632020478708,-0.8816912485974899,0.4322966536610333,-1.054741935953517,-57.645700194664336,0.6792635927967905,35,-2.436455358704621,-57.46107164591565,-0.4536342321592531
1789037008.2634501,TIGHTLY_COUPLED,-2.868635459872623,-48.57006805306294,-15.164299579898625,0.18388043611967866,-0.05187572460723193,-0.9051833746157193,0.3796576783474949,-1.0522432155860955,-57.64483365948449,0.6791901515191008,29,-2.6104908638663753,-57.5110065791774,-0.4775311805228239
1789037008.3857405,TIGHTLY_COUPLED,-2.88228629419156,-48.57252142931463,-15.164075024341335,0.18353890099463532,-0.05281755166315501,-0.9062405086301403,0.3771629867521152,-1.0494770508577609,-57.642570910834,0.6790833396014614,44,-2.525259984465168,-57.48748762432518,-0.4885756547571443
1789037008.5055552,TIGHTLY_COUPLED,-2.8605497720225337,-48.56338542796413,-15.162286763635125,0.18388659896795354,-0.05259980306814956,-0.9062560204948803,0.37698674347246514,-1.047316363233873,-57.64148557790016,0.6789997248692585,46,-2.528878358310015,-57.480163407065945,-0.47846163006489406
1789037008.626486,TIGHTLY_COUPLED,-2.8649866351194504,-48.559950519756505,-15.161166164141884,0.18394425816261947,-0.05257511893930941,-0.9062866043114174,0.37688852145322993,-1.0554732154792266,-57.64706112605811,0.6805485939396345,46,-2.5467882982476273,-57.47478508477646,-0.47324907181698755
1789037008.732935,TIGHTLY_COUPLED,-2.8661269834753456,-48.5535786634707,-15.161383542845845,0.18376969236322316,-0.05324843326904708,-0.9074022924339914,0.3741849598910351,-1.102048459254023,-57.64913132041896,0.6804894528355308,43,-2.5870175368658863,-57.48750166556428,-0.4734833911300171
1789037008.8471527,TIGHTLY_COUPLED,-2.917445246898964,-48.546185252226635,-15.162221466946704,0.1808071000332916,-0.06606897865701317,-0.9275937002818614,0.32017746615615383,-1.100848883850911,-57.649358860879886,0.6804031769637272,47,-2.7084683916672905,-57.52543654187136,-0.47590386850441324
1789037008.9928272,TIGHTLY_COUPLED,-2.9242019746425765,-48.53597135135519,-15.159985282371053,0.1793229292034717,-0.06882176873071157,-0.9321068547690344,0.3070564483987287,-1.097705466626519,-57.64786591516508,0.6802975962711126,54,-2.623890477505388,-57.493847424223105,-0.49019140465097355
1789037009.1341448,TIGHTLY_COUPLED,-2.917940496167982,-48.53368811822994,-15.159271914955873,0.17947978988741628,-0.06894845636513018,-0.9325750246148278,0.30551094718763855,-1.0985691532131074,-57.65572615238366,0.680400552477755,57,-2.5549272021193907,-57.479532263776655,-0.47774504917225463
1789037009.2053742,TIGHTLY_COUPLED,-2.9183443891552523,-48.53371226007754,-15.15927937707691,0.1791419352868903,-0.06985117140286531,-0.9339201546758457,0.30136709436426445,-1.1036064093003823,-57.66812338581408,0.6806206018216088,56,-2.5549272021193907,-57.479532263776655,-0.47774504917225463
1789037009.3331897,TIGHTLY_COUPLED,-2.9321720988799256,-48.54985297511233,-15.160604911568894,0.1754529434724041,-0.07714185169336504,-0.9449877067954618,0.26507288308999566,-1.1393815941960277,-57.696396104208624,0.6820162168894429,39,-2.681260187960051,-57.499546109300816,-0.48238720956693865
1789037009.5090206,TIGHTLY_COUPLED,-2.959594224563723,-48.565926483811865,-15.161239147255321,0.1725789784592092,-0.08781969393504736,-0.9564818308261659,0.2182812517156624,-1.1442537216160646,-57.709736425416764,0.6823160802903535,48,-2.6197439111049325,-57.494215523805714,-0.4989326751382102
1789037009.601275,TIGHTLY_COUPLED,-2.955085114085151,-48.57283543128566,-15.16160266316736,0.17187637155912017,-0.089530996524661,-0.9582053830218884,0.2104403894428269,-1.1454286461192107,-57.71371844509406,0.6823876880409858,64,-2.6112014630498948,-57.54088038581355,-0.5248801315640484
1789037009.688894,TIGHTLY_COUPLED,-2.931716929875756,-48.58211313216932,-15.161194465787688,0.17143398123441844,-0.09050736647730327,-0.9594092899408104,0.20482338994052957,-1.1505878773069096,-57.722841540052514,0.6826213598086344,69,-2.6112014630498948,-57.54088038581355,-0.5248801315640484
1789037009.7816079,TIGHTLY_COUPLED,-2.935637940088103,-48.583606871624454,-15.160426555008826,0.17062779486060825,-0.09248453467616378,-0.961323456268417,0.19542256495830915,-1.1694559185488682,-57.74716490980723,0.6832696787367627,63,-2.65169425579511,-57.54478872098144,-0.5228272187129058
1789037009.8845363,TIGHTLY_COUPLED,-2.9728916362549933,-48.59511927466018,-15.16212077114676,0.16791807979748472,-0.09807237859795982,-0.9663786009458811,0.16821928149634166,-1.2040612211340203,-57.785041873920775,0.684708066686503,59,-2.663175145626471,-57.49690721311781,-0.5157874989733363
1789037010.0033612,TIGHTLY_COUPLED,-2.981029088728656,-48.6354356136347,-15.163956620633268,0.1616499850633166,-0.11005641947561363,-0.9750927510906702,0.10464699533032826,-1.2399708135494834,-57.81662147780349,0.6861778986179132,43,-2.63618602603184,-57.65676732534713,-0.5225046914436765
1789037010.1210425,TIGHTLY_COUPLED,-3.0250817610053784,-48.66674231599308,-15.161736469863785,0.15547605246280632,-0.12135647288567855,-0.9792088892980729,0.047431579342931685,-1.277530309515988,-57.841426643982814,0.6874168138080352,49,-2.722656242505435,-57.65644532254933,-0.5724648938176365
1789037010.3129606,TIGHTLY_COUPLED,-3.0857073856356974,-48.700264014744555,-15.159295879343803,0.14393263243632878,-0.1391983703497464,-0.9784551410981435,-0.050326413249266615,-1.3745626762052627,-57.88053603705157,0.6903282136254791,52,-2.8034195069664034,-57.69956679112531,-0.614999159239464
1789037010.424584,TIGHTLY_COUPLED,-3.1482977244756403,-48.71649704051983,-15.158101622968697,0.13359547389921428,-0.1518898525789605,-0.9712346304199109,-0.125638428477458,-1.4238468720980215,-57.880487137995374,0.6915071559962388,45,-2.811589613657385,-57.781578352190884,-0.6433054215220214
1789037010.5252762,TIGHTLY_COUPLED,-3.1837829348972253,-48.71981234053924,-15.156461451432712,0.1264414309558749,-0.15979256772715056,-0.9631819879791572,-0.17538345950948048,-1.4653283393423662,-57.86422201169569,0.6922536725209962,52,-2.7960586389784936,-57.84447130622026,-0.6670398205394554
1789037010.6217787,TIGHTLY_COUPLED,-3.2290797689989246,-48.715217952338946,-15.15411685747801,0.12326795463471392,-0.16319500879846863,-0.9590388754285355,-0.1960021323358799,-1.4970678439032896,-57.846318241470335,0.6927400313334051,58,-2.7960586389784936,-57.84447130622026,-0.6670398205394554
1789037010.7368586,TIGHTLY_COUPLED,-3.255617841234928,-48.68140426293294,-15.153037102017791,0.12330557317316557,-0.16330257434614687,-0.9587845192397075,-0.1971300345016996,-1.5131925921530622,-57.8372236798847,0.692990090032558,69,-2.790408776205448,-57.873239487201474,-0.6741867119351364
1789037010.8376813,TIGHTLY_COUPLED,-3.2741793267674115,-48.662114404322956,-15.151737734605927,0.12330935471608225,-0.16318787961056483,-0.9587792570715645,-0.19724820708186436,-1.5171972483653773,-57.834965497018274,0.693058059060473,73,-2.790408776205448,-57.873239487201474,-0.6741867119351364
1789037010.9350908,TIGHTLY_COUPLED,-3.2750083384406397,-48.65515158087664,-15.151157750978163,0.12336084515649416,-0.1632455989143648,-0.9587713842140527,-0.1972065139127896,-1.538181126456731,-57.82313101975074,0.6933832298843167,73,-2.7875686951376855,-57.870190538656395,-0.6754624253471266
1789037011.0319688,TIGHTLY_COUPLED,-3.2858341006498035,-48.64189592103326,-15.150467426831705,0.12342851311992965,-0.16319279749828236,-0.9587776135013352,-0.19717758706904975,-1.5719697740389014,-57.804075215279866,0.6939061395437802,74,-2.7934034698872168,-57.86776030714244,-0.6757698727335812
1789037011.1409936,TIGHTLY_COUPLED,-3.3189321771028686,-48.61328126697802,-15.149478877039817,0.12351536959146311,-0.16322188310472457,-0.9587643234647257,-0.19716374515021484,-1.614208670713466,-57.78025302657092,0.6945609725524593,74,-2.805410290727606,-57.85931182778072,-0.6771060659820531
1789037011.2524014,TIGHTLY_COUPLED,-3.3500887278770555,-48.587517198489145,-15.148443294713461,0.1234269538274081,-0.16317294760375128,-0.9587871629535294,-0.1971485541278771,-1.6581917576929015,-57.75544716116942,0.6952428169843867,82,-2.8134474971049057,-57.84926711644575,-0.6806895928331195
1789037011.3661706,TIGHTLY_COUPLED,-3.3832060774152075,-48.55995152956223,-15.147366253600566,0.12341357444109954,-0.1631666407093024,-0.9587866176311761,-0.197164801256922,-1.7026128714879678,-57.73039425372756,0.6959313954755256,83,-2.8253613116662795,-57.83971337639725,-0.6827318225808812
1789037011.5289288,TIGHTLY_COUPLED,-3.44858039495887,-48.504960972751725,-15.145677819824751,0.12341023717077378,-0.16309702486588634,-0.9588206155750839,-0.1970591306932188,-1.7661994281266216,-57.69453219867274,0.6969168293293893,78,-2.845921925374942,-57.80646590581503,-0.6936488651618783
1789037011.619435,TIGHTLY_COUPLED,-3.4835803085146697,-48.47548000198059,-15.144810560951042,0.12340903449786444,-0.16303813772879444,-0.9588412381084194,-0.1970082636666419,-1.8014761047565033,-57.67463651949685,0.6974634126854816,81,-2.845921925374942,-57.80646590581503,-0.6936488651618783
1789037011.7205927,TIGHTLY_COUPLED,-3.516263863711725,-48.447283603516375,-15.144708496122913,0.12342944240690079,-0.16294355996801574,-0.9588611413978806,-0.19697685277520594,-1.8389264098887352,-57.65351506173783,0.6980437643295928,84,-2.85973822282169,-57.78854110788426,-0.6991358166892102
1789037011.9354424,TIGHTLY_COUPLED,-3.605198568782351,-48.401647587101216,-15.148589577294548,0.12364677334448201,-0.16293729950316144,-0.9587899101660298,-0.1971923427416285,-1.9219822109039593,-57.60605062332972,0.6993265502402799,80,-2.884147496033507,-57.7567913855786,-0.7067310974009978
1789037012.028977,TIGHTLY_COUPLED,-3.6415822509840163,-48.377515892950186,-15.147820303949176,0.12378703323153427,-0.16275693627395565,-0.9589675538782344,-0.19638783238084298,-1.9809680662872629,-57.57293383180598,0.7002419431928082,82,-2.8951273902789074,-57.74127460376855,-0.7105178629099677
1789037012.1266737,TIGHTLY_COUPLED,-3.6885745326537855,-48.34021466978483,-15.147138565669682,0.12385794354421975,-0.16258718461000235,-0.9590637646669048,-0.1960135518900002,-2.0577075240258633,-57.52991926306141,0.7014335321167505,75,-2.91238283075106,-57.72053730324763,-0.718207485537579
1789037012.2356021,TIGHTLY_COUPLED,-3.7510530527330452,-48.29256240835999,-15.146191492140366,0.12378900758899393,-0.16261650487957172,-0.9590582056434429,-0.1960599707458504,-2.1487441062716965,-57.47891201634972,0.7028510388738441,73,-2.9397453621236402,-57.68348082092647,-0.7274212912511557
1789037012.3373432,TIGHTLY_COUPLED,-3.84374335846472,-48.255056926390644,-15.145733833348904,0.12377603407112539,-0.16268710921633145,-0.9590621206652499,-0.19599042473940134,-2.2299654044011366,-57.43338484089239,0.7041112683409402,76,-2.973160412532861,-57.65349171092349,-0.7366757174698497
1789037012.4288046,TIGHTLY_COUPLED,-3.926601457778783,-48.19382807247001,-15.144559585307551,0.12385511092751733,-0.16261588083945022,-0.9590812671552366,-0.19590586971259386,-2.3052667980015835,-57.391098603836056,0.705285229501709,77,-2.973160412532861,-57.65349171092349,-0.7366757174698497
1789037012.5286183,TIGHTLY_COUPLED,-4.002724142122781,-48.133736100025686,-15.144353133369501,0.12385344552058285,-0.16251507571428192,-0.959128883923872,-0.19575739633845002,-2.3829063995019197,-57.34761499449936,0.7064930750506676,76,-3.001208530552596,-57.6167052290431,-0.7457011040081514
1789037012.639367,TIGHTLY_COUPLED,-4.077326113638955,-48.07634993344115,-15.14307936582771,0.12376645346820528,-0.16254478779968407,-0.9591811145668043,-0.19553170181185778,-2.4722824200997535,-57.2975558577772,0.7078837871396775,76,-3.046290788513451,-57.57259066189388,-0.7548105356989195
1789037012.7473657,TIGHTLY_COUPLED,-4.159298231977461,-48.02672443760141,-15.141713086515345,0.12379992351502646,-0.16262589090399263,-0.959181944332625,-0.19543898334682744,-2.558053244487989,-57.2495156988063,0.7092182417821229,76,-3.0898897163573205,-57.5239401252524,-0.7673708573093686
1789037012.8493376,TIGHTLY_COUPLED,-4.243668563436615,-47.96392701214654,-15.13975280324685,0.12382830728754056,-0.16267164819624422,-0.9591575814774859,-0.19550247845405888,-2.639310086708272,-57.20400362186349,0.7104814499284169,75,-3.1240644818597767,-57.480065875113524,-0.7762002270700739
1789037012.9633873,TIGHTLY_COUPLED,-4.318375370340524,-47.90705348710256,-15.138053661327517,0.12364186973722605,-0.16262184012435899,-0.9591776251392201,-0.1955635666343198,-2.720839911678529,-57.158399100238235,0.711751364363826,71,-3.1680196905427955,-57.43338337808479,-0.7869175510117608
1789037013.0743494,TIGHTLY_COUPLED,-4.399094327870208,-47.847614134516256,-15.136378859240079,0.12362918525947678,-0.1626081450509538,-0.9591861814049025,-0.1955410062289936,-2.809370410121344,-57.108640938592806,0.7131275209743053,74,-3.201809348047063,-57.395453022851946,-0.7973423610581251
1789037013.1737492,TIGHTLY_COUPLED,-4.473114840206914,-47.790267914592455,-15.135040789033184,0.12368691482170935,-0.16247691157052327,-0.959316844003209,-0.19497177518839576,-2.890664512411759,-57.06323029862457,0.7143942760168965,77,-3.279793284119732,-57.34152814242945,-0.8071344410433442
1789037013.287995,TIGHTLY_COUPLED,-4.5456074961296125,-47.73471324129856,-15.133850869035456,0.12375390206218528,-0.16250977505276795,-0.9593127643775309,-0.1949219455038911,-2.9818980885111452,-57.012266787335086,0.7158157389100366,80,-3.3270146715686737,-57.29773420143038,-0.81605823765881
1789037013.3954868,TIGHTLY_COUPLED,-4.628471708853643,-47.680278781301574,-15.131618269312952,0.12372873723562533,-0.16249773441033033,-0.9592995047735842,-0.19501319451448343,-3.0722303331371847,-56.96180758760017,0.71722224818181,78,-3.385575169512345,-57.25237432928314,-0.822499414372953
1789037013.5700724,TIGHTLY_COUPLED,-4.778010491285297,-47.5627917930463,-15.129297780316387,0.12359862778281105,-0.162485619323337,-0.959310328927815,-0.19505254557612223,-3.2183931640222783,-56.88019066050824,0.7195220455663759,81,-3.447708113368068,-57.162380399633236,-0.8406318700589231
1789037013.6673858,TIGHTLY_COUPLED,-4.869634194354167,-47.50157569972279,-15.126364208458005,0.12369604979398234,-0.16243254753487524,-0.9593921523590372,-0.19463209591069283,-3.292785234193945,-56.83869102747762,0.7207165056103852,77,-3.447708113368068,-57.162380399633236,-0.8406318700589231
1789037013.7693865,TIGHTLY_COUPLED,-4.940424104590927,-47.44627351944847,-15.125402094034973,0.12395924033167184,-0.1621568137803916,-0.9598824254041222,-0.19226285101726315,-3.372476631353018,-56.79477756891961,0.7220070778608085,77,-3.4910728018306765,-57.11733512803194,-0.8480703413013729
1789037013.879362,TIGHTLY_COUPLED,-5.018314429119812,-47.38913168259038,-15.12396906220441,0.12392855502747506,-0.16222106435326697,-0.9598832431984738,-0.19222434537715274,-3.4592629002234863,-56.74697594600482,0.7234152221566663,80,-3.4944270573548795,-57.074324702323736,-0.8579480998530454
1789037014.0761554,TIGHTLY_COUPLED,-5.167660129986338,-47.28268697966895,-15.121182241353507,0.12411068701465162,-0.16236352074963692,-0.9598398718724316,-0.19220313437206915,-3.5683964001882797,-56.6868823289938,0.7252166295864451,76,-3.570271866484736,-56.99476300640664,-0.8737400773037599
1789037014.177654,TIGHTLY_COUPLED,-5.227652502774885,-47.23649073868359,-15.120018704021605,0.12408967314402437,-0.16238885860042812,-0.9598389454340276,-0.19219992312577286,-3.604912641723707,-56.66685211417951,0.7257058822971489,79,-3.563180083011109,-56.96995132130797,-0.8796662527113003
1789037014.2966628,TIGHTLY_COUPLED,-5.269526517722295,-47.20352240704359,-15.11930723696685,0.12410448961805938,-0.1624212776745609,-0.959821619116639,-0.19224948294213393,-3.6540538362205064,-56.64883641157864,0.7265915758906162,80,-3.494659920133654,-56.963569794469365,-0.8843589068442504
1789037014.3972094,TIGHTLY_COUPLED,-5.29513486183797,-47.19184942745467,-15.119140246453343,0.12430841422498604,-0.16156224965154395,-0.9612524193596832,-0.18557705654406037,-3.6952671028224193,-56.63274781945376,0.7275020219518475,75,-3.337878167528797,-56.89592170309131,-0.8990618813032851
1789037014.5067399,TIGHTLY_COUPLED,-5.379939477314382,-47.143559947101934,-15.118174088082482,0.12804557762106128,-0.15858193293501285,-0.9646000032243679,-0.1673407732079463,-3.7430402431906726,-56.61836460509546,0.7284414432298941,64,-3.4471526525975116,-56.86168169770708,-0.9094750614587587
1789037014.6221044,TIGHTLY_COUPLED,-5.466572594153883,-47.10533862717603,-15.11587586963957,0.1314515071530335,-0.15492995754921274,-0.9683111335379435,-0.14522657534851607,-3.8258920950273043,-56.60487214253991,0.7302609357676042,67,-3.4035469291425513,-56.828392079625715,-0.9191223189651112
1789037014.7328856,TIGHTLY_COUPLED,-5.600442724409272,-47.055861247881715,-15.111435212047418,0.13552157408251736,-0.15030681899907053,-0.9723633829580534,-0.11640968431770413,-3.878237671685306,-56.58793895107293,0.7312938350156984,71,-3.4092483761621306,-56.81359800901253,-0.9227044513135566
1789037014.8322716,TIGHTLY_COUPLED,-5.718079194061993,-47.01164266599209,-15.10744736937696,0.13729323142754113,-0.14822214810550974,-0.9739194526764549,-0.10325532971022183,-3.8909232395623965,-56.58375188834856,0.7315349746778109,79,-3.5441795080074603,-56.856493072705625,-0.9078899043890797
1789037014.9456372,TIGHTLY_COUPLED,-5.757690555656604,-46.98958232737666,-15.10647318596145,0.1372481673918504,-0.14818977933756133,-0.9739428283013503,-0.10314115108835102,-3.8909230276024105,-56.58374924432394,0.7315358513700704,88,-3.596911575612209,-56.886227636780525,-0.9028067513226249
1789037015.0365248,TIGHTLY_COUPLED,-5.755165025119035,-46.985013479944854,-15.106399402265831,0.13724061696974274,-0.14812293660720532,-0.9739431049950517,-0.10324454918890469,-3.890923472178768,-56.58374899573115,0.7315358594703685,92,-3.596911575612209,-56.886227636780525,-0.9028067513226249
1789037015.1444268,TIGHTLY_COUPLED,-5.756836736194885,-46.975567372978595,-15.105919126753973,0.13721521482078805,-0.14811705033578398,-0.9739391746520903,-0.10332380316034209,-3.8909237074211087,-56.58374886200533,0.7315358593394263,94,-3.5573261790944097,-56.890548357686235,-0.9054175748478115
1789037015.2568662,TIGHTLY_COUPLED,-5.749642907108741,-46.970280240934905,-15.105727130235646,0.1371677912397112,-0.14804086578054082,-0.9739677635628605,-0.1032264241641981,-3.9149439739338896,-56.57948944752157,0.7320614554771481,95,-3.5462604608736683,-56.892357510190706,-0.9050123287210504
1789037015.3668585,TIGHTLY_COUPLED,-5.758513980489863,-46.96076199227921,-15.104833236153329,0.13743057513199167,-0.14767622541590392,-0.9742608200460424,-0.10060031803634747,-3.9852808394001906,-56.563565972164334,0.733597065020705,92,-3.5434254766565667,-56.90216531285913,-0.9031708951683582
1789037015.473832,TIGHTLY_COUPLED,-5.807794892890748,-46.94199495700455,-15.10304790755953,0.13849886295991404,-0.14621111257371608,-0.9752040708218075,-0.09174636652937312,-4.063048117657635,-56.5492208413206,0.7353039211059489,83,-3.5097532198779264,-56.87921455692016,-0.9062779833733804
1789037015.5807407,TIGHTLY_COUPLED,-5.899880224047908,-46.90853065201051,-15.100521987703287,0.14010179585386,-0.14407993049795642,-0.9764069152429434,-0.07900630539385482,-4.116442117791288,-56.535554979017505,0.7364570751025641,76,-3.4478317238664147,-56.82976780677894,-0.9176521209730915
1789037015.687168,TIGHTLY_COUPLED,-5.944862208002018,-46.907844287710965,-15.100252452366425,0.14102854940973023,-0.14286562854536275,-0.9768923658668215,-0.07335983875970645,-4.122284862873802,-56.53401868786138,0.7365837439791654,82,-3.4877744040009016,-56.812323848883324,-0.9216548156667983
1789037015.7874913,TIGHTLY_COUPLED,-5.950653161124591,-46.91621469500881,-15.102037232615013,0.14095101993109088,-0.14265260505368516,-0.9769148979797488,-0.07362286572118353,-4.128590340606192,-56.53200812096363,0.7367113615312424,92,-3.583483243957226,-56.826971966850614,-0.9169353268417406
1789037015.8847356,TIGHTLY_COUPLED,-5.955581702422617,-46.90753322849004,-15.10132578810013,0.14111184279471123,-0.1424683224221293,-0.9770262642769255,-0.07217966363443597,-4.150288513917199,-56.52782216528834,0.7371901772613018,92,-3.602860364698111,-56.83842122880224,-0.9148291390590201
1789037015.9917798,TIGHTLY_COUPLED,-5.96960213146426,-46.897179663924305,-15.100754480176168,0.1414121467251869,-0.14189488032137174,-0.9772644123638061,-0.06944577758498163,-4.212059887510241,-56.518340350902044,0.7385916177530183,91,-3.5830946928506044,-56.8302798736579,-0.9159764218853662
1789037016.1195972,TIGHTLY_COUPLED,-6.016055551872759,-46.87946077619759,-15.099703980187396,0.14232540337519153,-0.14084691619369574,-0.9777162449799085,-0.06306005118300102,-4.324948018133857,-56.49519744466531,0.7410595598021499,88,-3.5777425068378204,-56.84764100120248,-0.9105254917292163
1789037016.23951,TIGHTLY_COUPLED,-6.089713828317656,-46.872906443605615,-15.100870959647942,0.14348250629144307,-0.1392430952115208,-0.9783098066092711,-0.0541669005608776,-4.421865927828748,-56.4760408480935,0.7432136139885033,86,-3.6045284235670048,-56.84236693649252,-0.9114512738124182
1789037016.3578615,TIGHTLY_COUPLED,-6.182455142926826,-46.83760417956279,-15.09864254194017,0.14349890095071752,-0.1392452100614488,-0.9783214665129601,-0.05390681831466559,-4.5133055829170345,-56.45746952286227,0.7452229114325397,85,-3.6390732173561013,-56.81038690247822,-0.9206629680032036
1789037016.5082252,TIGHTLY_COUPLED,-6.330046155031039,-46.80517110003825,-15.096841571137302,0.14559898222021964,-0.13635380481410037,-0.9791780605112901,-0.03766831695872487,-4.649196488408072,-56.43178476547575,0.7482376105277369,79,-3.6270714569216005,-56.802738589417686,-0.9210074146851837
1789037016.6180763,TIGHTLY_COUPLED,-6.409906228396303,-46.79289962226186,-15.0960168722867,0.14598252395947786,-0.13579598928351522,-0.9793097837867505,-0.03465399504357284,-4.749945788921457,-56.413686903800944,0.7504863436052465,82,-3.575757363516957,-56.76735119714572,-0.9315190229819462
1789037016.721005,TIGHTLY_COUPLED,-6.499108343434897,-46.77846910806437,-15.093747336301,0.14604660697184557,-0.13574056152522804,-0.979306826522416,-0.034684695117900656,-4.842170497388568,-56.39719604755971,0.7525219902964057,85,-3.754669006121833,-56.77880951736487,-0.9234510079691647
1789037016.8320868,TIGHTLY_COUPLED,-6.601837734677675,-46.749514907033394,-15.091104049904802,0.14603741314845264,-0.1357434684137178,-0.979305925729333,-0.03473742326851987,-4.932942037866968,-56.3847351930005,0.75463356697916,85,-3.78988851872653,-56.763406564628205,-0.9265793811994812
1789037016.9640481,TIGHTLY_COUPLED,-6.692906356537691,-46.72627743863573,-15.08866517040862,0.14656818929179916,-0.13504308222084058,-0.9794559127747867,-0.030777374198071777,-5.011991068148468,-56.371695934518165,0.7564143589344772,83,-3.8155385640825115,-56.7063451832946,-0.9383543448263043
1789037017.0643,TIGHTLY_COUPLED,-6.766425510587864,-46.715650194188264,-15.085858594471597,0.14683152471363975,-0.13454727563573132,-0.9795668153097143,-0.028042616020164224,-5.058864819881064,-56.3639371791184,0.7574715378474538,86,-3.8155385640825115,-56.7063451832946,-0.9383543448263043
1789037017.1848814,TIGHTLY_COUPLED,-6.816888544972089,-46.701473426029644,-15.084304582968533,0.14681002927419948,-0.1345596117866876,-0.9795677814169985,-0.028062212851163344,-5.092734549703801,-56.35832961601591,0.7582348828632701,90,-3.9203094083673715,-56.72211105085995,-0.93198644370909
1789037017.2821412,TIGHTLY_COUPLED,-6.855107151023424,-46.686843208444635,-15.084372986138964,0.14690274996524663,-0.1346190872605426,-0.9795487441587477,-0.027956058642213195,-5.097756162014325,-56.3574974456148,0.7583466303448917,85,-3.9203094083673715,-56.72211105085995,-0.93198644370909
1789037017.393691,TIGHTLY_COUPLED,-6.869530081785143,-46.68151873616255,-15.083621729098757,0.1469293411125332,-0.13462902443709382,-0.9795403621101082,-0.028061958173859605,-5.114377347019766,-56.354746094224694,0.7587213393884167,88,-3.937427696158476,-56.7187476323668,-0.9321483789362445
1789037017.5065286,TIGHTLY_COUPLED,-6.876448793518024,-46.67678384051011,-15.08360921731498,0.14699347444212552,-0.13459133444334612,-0.9795377145224037,-0.027999231996923876,-5.160920358911711,-56.34704160229916,0.7597711392398486,88,-3.935757154645707,-56.717373619643595,-0.9324228717161698
1789037017.612651,TIGHTLY_COUPLED,-6.910022316653743,-46.666433355479256,-15.083112341996303,0.1470029257442419,-0.13456028004564485,-0.9795393768923965,-0.028040684262807317,-5.20875461290785,-56.339122475214026,0.7608494590789425,88,-3.9621655246399,-56.709964708972585,-0.9343756556195686
1789037017.7318866,TIGHTLY_COUPLED,-6.956577016832244,-46.65373611489225,-15.081703459253236,0.14696158472411394,-0.1346092070812143,-0.9795380225574511,-0.02806984767650669,-5.2570849760802565,-56.33112113999585,0.761938719200373,86,-3.9889239837445643,-56.712692825441465,-0.9338838710779221
1789037017.8435028,TIGHTLY_COUPLED,-7.006008392445309,-46.640009349410875,-15.080027410819945,0.14704855908020567,-0.13460771228460977,-0.9795261680388172,-0.028035177779532617,-5.309855685105494,-56.32238466372932,0.7631278687897771,86,-3.99808089690567,-56.71970008079664,-0.931912465686254
1789037017.944379,TIGHTLY_COUPLED,-7.055175754309577,-46.62602908028509,-15.078719312173952,0.1470659051919604,-0.1346237993007532,-0.9795217901304629,-0.028019900990428014,-5.356212344491871,-56.31470981622354,0.7641723256890317,85,-4.016487710785893,-56.71725997472643,-0.9324741358162555
1789037018.0715945,TIGHTLY_COUPLED,-7.100703436540223,-46.61475875297108,-15.076892472018564,0.14708046705377287,-0.1347168277456154,-0.9795068379755045,-0.028019045177005108,-5.413408650992852,-56.30523973705396,0.76546194732349,84,-4.030189867167155,-56.711740851119764,-0.9333994664635203
1789037018.1647837,TIGHTLY_COUPLED,-7.178931297925434,-46.604730940129876,-15.074223896099527,0.1469756494453138,-0.1347106743585456,-0.9795227663987466,-0.02804180433818105,-5.455318729926494,-56.29830197227946,0.7664071616605351,83,-4.041188740779315,-56.711792373908516,-0.9333140374587445
1789037018.270077,TIGHTLY_COUPLED,-7.228957915594228,-46.5894327618027,-15.073452216953678,0.14697543341579727,-0.13466233676258518,-0.9795272437209759,-0.02811860306392594,-5.502655877524169,-56.29046588995109,0.7674743220497235,83,-4.060866344198689,-56.71477980473357,-0.9320336142454396
1789037018.3860304,TIGHTLY_COUPLED,-7.275254958763451,-46.57603341322906,-15.072602937215139,0.1470290861943948,-0.1346729890775247,-0.9795186895877437,-0.028085059623858325,-5.552954854629289,-56.28213953308453,0.7686080373718136,85,-4.0713109461448065,-56.713232582775746,-0.9312255813545839
1789037018.4923027,TIGHTLY_COUPLED,-7.324062568172991,-46.56255098095263,-15.07130132936018,0.14713263637178917,-0.13472075023290944,-0.9794960311382431,-0.02810394554860327,-5.600295555809866,-56.27430276289956,0.7696748401069644,85,-4.078774747928215,-56.70964077443156,-0.9318995778706366
1789037018.5992517,TIGHTLY_COUPLED,-7.37152980072417,-46.54930393382466,-15.070180289188828,0.14719427932639617,-0.13473299012638182,-0.9794825952412005,-0.028190621219652757,-5.647136243596208,-56.26654851285648,0.7707310378245404,87,-4.096690190363939,-56.70484993387129,-0.9326199760597654
1789037018.7169592,TIGHTLY_COUPLED,-7.4225755272512846,-46.53526527207052,-15.068985774130686,0.1471999516819432,-0.13476723021428097,-0.9794746031200154,-0.02827489572205646,-5.693982850801598,-56.25879322046392,0.7717872604829523,87,-4.1095233326069405,-56.7046622717463,-0.9326285729176258
1789037018.8269176,TIGHTLY_COUPLED,-7.469024433594482,-46.5251416194378,-15.06796851218942,0.14715673284196337,-0.13472183569848534,-0.9794862745365497,-0.02831185193201422,-5.739354030778105,-56.25128213035965,0.7728099186488352,84,-4.115599935167139,-56.704882741666054,-0.9327983462938703
1789037018.9361925,TIGHTLY_COUPLED,-7.512989637525487,-46.51224119358968,-15.067015153436168,0.14713160444658346,-0.1347299630961028,-0.9794869963089177,-0.02837872581409178,-5.784727527698809,-56.24377064820473,0.7738325243063241,86,-4.129161605622287,-56.70344996721646,-0.932421865444974
1789037019.051015,TIGHTLY_COUPLED,-7.557498832765061,-46.50091612569308,-15.065558698430458,0.14718607054548447,-0.13481164367338358,-0.9794686258916453,-0.028342411001760905,-5.83454060238547,-56.23552413443123,0.7749549827970748,83,-4.1467703658557165,-56.70224124965312,-0.9325880264037464
1789037019.1836684,TIGHTLY_COUPLED,-7.605252220849066,-46.487858338332984,-15.064258417369441,0.14717027208391886,-0.1347604483615564,-0.9794784076316704,-0.028329870375008333,-5.890758152365056,-56.22621731841906,0.7762217739224977,85,-4.167388634552203,-56.70189722131212,-0.9328350657033869
1789037019.3431866,TIGHTLY_COUPLED,-7.697869822375783,-46.462818142640366,-15.061182736569137,0.147230492230992,-0.13487540527840797,-0.9794508337733001,-0.028423079164515256,-5.962252067356001,-56.21438189220365,0.777834101632949,82,-4.194721220253709,-56.694059632144445,-0.9341498687063847
1789037019.448259,TIGHTLY_COUPLED,-7.7175868437169415,-46.45710899012873,-15.06171683418349,0.14722674104965,-0.13473678632272934,-0.9794712722975317,-0.028395631269214506,-6.003672044748114,-56.20752515126157,0.7787678795732402,82,-4.194721220253709,-56.694059632144445,-0.9341498687063847
1789037019.5570805,TIGHTLY_COUPLED,-7.759299706752763,-46.44568858463369,-15.060681375801376,0.14721146129757517,-0.13471536360564246,-0.9794781942574776,-0.028337668311689913,-6.054463962075998,-56.199117002546,0.7799127366067904,83,-4.2161829881303,-56.69364204262005,-0.9330720693713498
1789037019.6673284,TIGHTLY_COUPLED,-7.805069416125896,-46.4336401645882,-15.05946673002647,0.14726032253777094,-0.13470645613664953,-0.9794726061363798,-0.028319285117825787,-6.100326028482704,-56.191524994774085,0.7809462641449096,89,-4.22625743627659,-56.69537081475047,-0.9325056432739107
1789037019.7841,TIGHTLY_COUPLED,-7.850166194846962,-46.420108965377246,-15.058287230920238,0.1472625515981181,-0.13464609279932288,-0.9794777828508497,-0.028415550184211977,-6.151111916933232,-56.1831175692943,0.7820911292499149,83,-4.2441361360361025,-56.69710644233931,-0.9323891228328397
1789037019.8910515,TIGHTLY_COUPLED,-7.899109557963098,-46.405612228704676,-15.05714749505711,0.1472339058754377,-0.1346008340120707,-0.9794901881542739,-0.028350727564263017,-6.197956464750654,-56.175362601204945,0.7831474777529954,90,-4.257863032501562,-56.699243195795404,-0.9316236704287828
1789037020.0161188,TIGHTLY_COUPLED,-7.944535978011034,-46.39266378384816,-15.05623041616996,0.14718856942741476,-0.13457297242173336,-0.9795004843736766,-0.028362673273571587,-6.251217792257948,-56.16654525290556,0.7843479858592901,92,-4.26309065146794,-56.7003327028671,-0.9313606819412145
1789037020.1119666,TIGHTLY_COUPLED,-8.041447338229053,-46.37667656169723,-15.05196475122083,0.1469409345850959,-0.1345358690074155,-0.9795415266770175,-0.02840526727450325,-6.293631871138463,-56.159523637589814,0.785303881392904,94,-4.277803090042721,-56.70002244181052,-0.9301895421948809
1789037020.2165802,TIGHTLY_COUPLED,-8.087626991361052,-46.36154214176426,-15.051424239421566,0.14702464400961543,-0.13451955706585167,-0.9795322321539984,-0.028369860628108926,-6.339006126435164,-56.15201192936224,0.7863263296929554,92,-4.29483042194204,-56.696148627408554,-0.9316249887342931
1789037020.3314583,TIGHTLY_COUPLED,-8.138326774603668,-46.34594677906298,-15.050739070191861,0.14707852160238977,-0.13450729515757615,-0.9795225767309221,-0.028481883839781324,-6.391280191459611,-56.143357839935,0.7875041476329475,86,-4.308823958264002,-56.70317542548399,-0.9297821544862761
1789037020.4405475,TIGHTLY_COUPLED,-8.188230854882372,-46.33123139629616,-15.049792597441543,0.14712044718724834,-0.13456660501558618,-0.979505556344082,-0.028570402956099895,-6.441079284873814,-56.13511386581059,0.788627114887036,88,-4.326842543835331,-56.70462000592018,-0.9288336215530874
1789037020.5418787,TIGHTLY_COUPLED,-8.236081290824654,-46.31741257120574,-15.048839736878831,0.1471722620338872,-0.13453642790450296,-0.9795014599803922,-0.028586093661178716,-6.483482894100906,-56.12809418971382,0.7895833609635232,87,-4.349836315677357,-56.7008397392143,-0.9299543868804725
1789037020.6568778,TIGHTLY_COUPLED,-8.286620286735754,-46.302877087973044,-15.047841244656517,0.1471833867216494,-0.13456814918032847,-0.9794933246708375,-0.028658172038630043,-6.530820354282373,-56.12025779424846,0.7906504847876313,89,-4.36245285150493,-56.70316034482548,-0.9295930209346625
1789037020.7618258,TIGHTLY_COUPLED,-8.339939307538554,-46.289583800984076,-15.046769427995741,0.14712510025019143,-0.13452790553025853,-0.9795096531195497,-0.028588231068616292,-6.5722430383068735,-56.11340057520856,0.7915841261958003,97,-4.378539502151914,-56.700074221537555,-0.9306258282433573
1789037020.887292,TIGHTLY_COUPLED,-8.37953459193697,-46.278587463833915,-15.046028124470256,0.14724368354075176,-0.13454441504180228,-0.97949028885901,-0.02856347439131513,-6.626980336190082,-56.10433922019815,0.7928176316194215,96,-4.381993850403099,-56.69920707043,-0.9310483318999907
1789037020.9907331,TIGHTLY_COUPLED,-8.41984296576217,-46.26724068540599,-15.045264593526273,0.14729514358099874,-0.1345075886387528,-0.9794867257761031,-0.028593763383822093,-6.671354595151312,-56.09699309736572,0.7938182347218108,95,-4.394399671056334,-56.70127452068457,-0.9315253263594204
1789037021.1721256,TIGHTLY_COUPLED,-8.509642034334966,-46.24249008876708,-15.04339612904291,0.14727388958431967,-0.13449071306661445,-0.9794941293250933,-0.028528935543000435,-6.756667942213441,-56.08286956626408,0.7957415001492453,91,-4.420860774218351,-56.707180193247005,-0.9298781982502575
1789037021.2752223,TIGHTLY_COUPLED,-8.558161095479052,-46.22986242685259,-15.042165508677169,0.14719502164796236,-0.13442495663189327,-0.9795154235965035,-0.028514760618528177,-6.80105477986859,-56.075521347347205,0.7967418920616176,90,-4.4433518259751255,-56.717581264235925,-0.9288053576698501
1789037021.3891723,TIGHTLY_COUPLED,-8.607078062245874,-46.21643364259062,-15.041022561901407,0.14710230286361714,-0.13442317744225277,-0.9795317625944081,-0.028440251884285457,-6.852347584677693,-56.06702977178539,0.7978977205074731,91,-4.46066181193466,-56.71845440756459,-0.9289419985171302
1789037021.4819582,TIGHTLY_COUPLED,-8.6691955384066,-46.20563644627446,-15.038679372382001,0.14695307723861606,-0.1344542655305866,-0.9795532420871927,-0.028324715130100545,-6.894759408222586,-56.06000832601009,0.7988533072396735,86,-4.46066181193466,-56.71845440756459,-0.9289419985171302
1789037021.586198,TIGHTLY_COUPLED,-8.716067693839623,-46.194055233647276,-15.037223875395483,0.14691808767596154,-0.13444982165340408,-0.9795610134165955,-0.028258484836571163,-6.942094562395571,-56.05217213317112,0.7999205184280412,88,-4.483046631568008,-56.71581198185727,-0.9291828729670906
1789037021.693971,TIGHTLY_COUPLED,-8.76483238718219,-46.182695016775945,-15.035383139555288,0.14686692253036207,-0.13452231030235962,-0.9795601899628402,-0.028207965849044753,-6.986470269782464,-56.0448259500814,0.8009213051815152,93,-4.506290767017918,-56.71909073867707,-0.9286322083485196
1789037021.8030875,TIGHTLY_COUPLED,-8.813732691747058,-46.170984827093186,-15.033508557574592,0.14678791766511864,-0.13450693409086456,-0.9795731758264649,-0.028241549360260316,-7.034793873308322,-56.03682626212436,0.8020106911237457,93,-4.519569912666847,-56.713870497949614,-0.9301099264679518
1789037021.908057,TIGHTLY_COUPLED,-8.861821005645409,-46.15850216302567,-15.032029419486092,0.14680996125302306,-0.13451334505137233,-0.9795677955823953,-0.02828301854157607,-7.077202862127201,-56.02980573943522,0.8029665811771014,92,-4.546478576242797,-56.70802034519134,-0.9316703126737387
1789037022.0168104,TIGHTLY_COUPLED,-8.910056409699564,-46.14526667608097,-15.030834014941608,0.14680195758799744,-0.13448118118488828,-0.9795720826974642,-0.028328994955727087,-7.128982388641359,-56.02123403799164,0.8041334470550907,94,-4.577088567733548,-56.70268659736167,-0.9327506491013863
1789037022.1473346,TIGHTLY_COUPLED,-8.959134994204879,-46.1315160413092,-15.029725811414274,0.14677613553850774,-0.13443087767919046,-0.9795845357582134,-0.028270876642753587,-7.189628524227088,-56.01119419439947,0.8055008653386387,88,-4.584176754112855,-56.704830716435204,-0.9323000262938993
1789037022.2487135,TIGHTLY_COUPLED,-9.017595985453195,-46.12127148663456,-15.0277791128978,0.14674532714985075,-0.1343382040405326,-0.9796010290034306,-0.028299821028896766,-7.236969053489314,-56.00335701506129,0.8065681470628188,87,-4.602162466755578,-56.708467213999576,-0.9319051720089345
1789037022.356942,TIGHTLY_COUPLED,-9.065366602920044,-46.10596165391221,-15.027321300470206,0.14675471686229488,-0.1342800263528421,-0.9796069482297759,-0.028322333613119723,-7.280367735799044,-55.99617233609701,0.8075463229144879,88,-4.621980266547495,-56.70727421562164,-0.9319683580281143
1789037022.462903,TIGHTLY_COUPLED,-9.11242209233818,-46.09259790466353,-15.02634791232893,0.14672797554913689,-0.13430261508313832,-0.979608381668608,-0.028304192934851938,-7.327714038116709,-55.98833410983216,0.8086133478426615,88,-4.645062530405049,-56.709292982588224,-0.9329123705654486
1789037022.5664022,TIGHTLY_COUPLED,-9.161933112911273,-46.07891353692566,-15.025189372118502,0.1467260777452645,-0.13425520652051404,-0.9796144743031469,-0.02832806677827166,-7.370622129611339,-55.98123058796041,0.8095801824136509,83,-4.669458261524727,-56.71142721491157,-0.9323781325021366
1789037022.6839938,TIGHTLY_COUPLED,-9.211034365192884,-46.06474843031903,-15.024316611616934,0.14672086564767603,-0.13423685497804386,-0.9796164305093857,-0.02837434449022945,-7.418456749826151,-55.97331141258765,0.8106580088693935,83,-4.676217932715131,-56.71252477703949,-0.931867346094682
1789037022.8051481,TIGHTLY_COUPLED,-9.25881830954072,-46.05051483451385,-15.0234457897349,0.14679324062659685,-0.13420188130995903,-0.979611870775849,-0.028322821085675503,-7.466283222730253,-55.96539390077008,0.8117365483330781,86,-4.681557075094693,-56.7156757356948,-0.9316599344662081
1789037022.912304,TIGHTLY_COUPLED,-9.307337392855045,-46.036833900486286,-15.0222811092136,0.14681916137308643,-0.13427027281451306,-0.9795963489864353,-0.028401069424687658,-7.515097089731078,-55.9573129617291,0.8128372844651756,83,-4.698685264373064,-56.721922764775485,-0.9301016438591782
1789037023.036775,TIGHTLY_COUPLED,-9.350727323534606,-46.02611890097857,-15.020753060492138,0.14674264905015516,-0.1342779820267868,-0.9796086794138904,-0.02833467327376122,-7.564407562552091,-55.949149871653916,0.8139488465106952,84,-4.7261896846380225,-56.73148852238428,-0.9291048496975144
1789037023.1530964,TIGHTLY_COUPLED,-9.417098121565449,-46.015715426552994,-15.01957101917635,0.1467576821101222,-0.13428081938662356,-0.9796069947890177,-0.02830159089080745,-7.613720921842221,-55.94098633906331,0.8150602712068585,80,-4.743304863637354,-56.72993211984262,-0.9297388385452409
1789037023.2613645,TIGHTLY_COUPLED,-9.463568812358547,-46.0032980409328,-15.018413637223693,0.14675800777390716,-0.1342891135874288,-0.9796046244995867,-0.028342561372612665,-7.663032092746683,-55.932822938001145,0.8161715186280651,82,-4.772054344052616,-56.726116290960526,-0.9314551261325721
1789037023.371863,TIGHTLY_COUPLED,-9.50893607971312,-45.9914603714616,-15.017426625325601,0.1468142995690097,-0.13424999410750527,-0.979600051830267,-0.028394347647625315,-7.712829476673721,-55.924560271592746,0.8173376532628299,80,-4.787636524645406,-56.72551695126941,-0.9309443722614767
1789037023.551989,TIGHTLY_COUPLED,-9.604747038704167,-45.969613785459984,-15.014888795275933,0.14681833238602074,-0.13439148477157029,-0.9795831873269284,-0.028285777392481573,-7.792648351781084,-55.911296581297734,0.8192480254027602,81,-4.8105361973007055,-56.70698469540519,-0.9333901842342701
1789037023.6566486,TIGHTLY_COUPLED,-9.647489525100621,-45.95802225218818,-15.014434098122308,0.14688775253676642,-0.13444113161273216,-0.9795669089763676,-0.028253161307556878,-7.839369008433841,-55.903532005091726,0.8203725203990488,79,-4.838966382323823,-56.7059522044135,-0.9320488447341326
1789037023.7694306,TIGHTLY_COUPLED,-9.692302867921846,-45.94480182038789,-15.013975208921405,0.14684845109425865,-0.134487600645005,-0.9795674929851891,-0.028216030384845787,-7.892953476935016,-55.894632177922766,0.8216643920303284,81,-4.855332419999379,-56.70141790579819,-0.9325886019620903
1789037023.8667097,TIGHTLY_COUPLED,-9.745292142823393,-45.9270446567636,-15.012621176544192,0.1468893134003375,-0.13463520371443957,-0.9795408761886402,-0.028223454876042407,-7.934155902054025,-55.88785621326946,0.8226566253361302,82,-4.873154468113014,-56.6936777166589,-0.9335288171762173
1789037023.9707546,TIGHTLY_COUPLED,-9.792452605580097,-45.914732626295574,-15.011310638263804,0.14680155398114994,-0.13478118077483495,-0.979534324026678,-0.028210726882873776,-7.977358082958597,-55.880742515569544,0.8237097279154646,84,-4.873154468113014,-56.6936777166589,-0.9335288171762173
1789037024.074756,TIGHTLY_COUPLED,-9.83583337815686,-45.90402629102623,-15.009490925394324,0.14671416825193706,-0.1349777001517581,-0.9795126695393731,-0.028476367530557663,-8.020232769016777,-55.87357974827683,0.824752041933946,81,-4.869795454417619,-56.69021099257335,-0.9345456673497686
1789037024.1796873,TIGHTLY_COUPLED,-9.881560380715735,-45.890857749446035,-15.008324190626727,0.1467787889471958,-0.13500037852224528,-0.9795010720291378,-0.028434746487613814,-8.068033802555899,-55.86559156937167,0.8259065472923699,88,-4.912734845580413,-56.686975574673895,-0.9354165912005545
1789037024.2803626,TIGHTLY_COUPLED,-9.926579919488907,-45.87753836697655,-15.007448217743942,0.14679937836395404,-0.13511679756746753,-0.979486468031402,-0.02827812706736198,-8.106458722331887,-55.85917126190103,0.8268323420274756,86,-4.949449683782485,-56.68073540454096,-0.9368702709164852
1789037024.3867657,TIGHTLY_COUPLED,-9.972251578398154,-45.86454170780352,-15.006170679367656,0.1467844482517499,-0.13516876436220007,-0.9794823946382307,-0.028248353686234524,-8.156177447844593,-55.85086521805867,0.82802817910478,84,-4.972662373859894,-56.67262946260887,-0.9373881227745114
1789037024.4988823,TIGHTLY_COUPLED,-10.017038729899753,-45.85170895622529,-15.004818086971632,0.14677429499180944,-0.13531147946697977,-0.9794649790828783,-0.02822170448947387,-8.20586629736853,-55.84256342492845,0.8292292041102197,83,-5.003639411655122,-56.659877509946384,-0.9403385177549765
1789037024.600148,TIGHTLY_COUPLED,-10.070333072805951,-45.830512182795864,-15.001470973538988,0.14664239369720042,-0.13543505258249228,-0.9794671736855388,-0.02823845915051764,-8.24965755035039,-55.83524374614048,0.830291185823667,84,-5.02434956424661,-56.64842753770177,-0.9432539968947059
1789037024.7259033,TIGHTLY_COUPLED,-10.11497838363584,-45.81880242356074,-14.999938576657009,0.14667292764367745,-0.1356405157831201,-0.9794336468562742,-0.028256577647354154,-8.30378878194607,-55.826198415902546,0.8315974090885585,80,-5.061291011904026,-56.631270420162146,-0.9474529511483063
1789037024.8479347,TIGHTLY_COUPLED,-10.16512472069203,-45.80581649293507,-14.998210161258626,0.14665413070751843,-0.13579725591381842,-0.9794134219771266,-0.028302298206226217,-8.353467470310013,-55.81789752132364,0.8327944276436814,84,-5.077052394482517,-56.628722171113296,-0.9472590842347612
1789037024.9565492,TIGHTLY_COUPLED,-10.213275968493072,-45.79223900054614,-14.996808586908813,0.14662390701628972,-0.13587085847723662,-0.9794057404638261,-0.028371380904739386,-8.401152709354985,-55.80993243460297,0.8339429391370565,85,-5.121506355541915,-56.618331482071895,-0.9501450257512203
1789037025.068816,TIGHTLY_COUPLED,-10.262108757753541,-45.77812026209175,-14.995332143068534,0.1465896116683673,-0.13596915329087436,-0.9793966949101748,-0.028389947222674215,-8.451264840866756,-55.801595567440934,0.8351539372356149,83,-5.171890988043351,-56.61868167343574,-0.9499475228994702
1789037025.1826339,TIGHTLY_COUPLED,-10.310539998871132,-45.76350242465097,-14.9942605959909,0.14655250149665178,-0.13598257740949798,-0.9793991493206057,-0.028432538687528586,-8.499499927502479,-55.7935449007911,0.8363255508128533,84,-5.1970222148473315,-56.607590938184096,-0.9521031914614057
1789037025.290391,TIGHTLY_COUPLED,-10.363080227239443,-45.748720076324425,-14.992762348216708,0.14648734271253935,-0.13615994038904305,-0.9793819444923536,-0.02851203010394045,-8.54680177252932,-55.78561861610432,0.8374700192459168,86,-5.243377134603173,-56.59557100371107,-0.9541072676276099
1789037025.4049351,TIGHTLY_COUPLED,-10.416950922189542,-45.73012590094629,-14.992860091063772,0.1466036762993638,-0.13629778296267267,-0.9793472415811129,-0.028447440349474013,-8.598048464023737,-55.77702768739779,0.8387130509871998,78,-5.308441141331291,-56.588780583672836,-0.9547297014998916
1789037025.5241358,TIGHTLY_COUPLED,-10.467061319053366,-45.71946300762579,-14.993614817678651,0.14648964069734688,-0.13636638749053054,-0.9793535283864543,-0.02848964668344041,-8.648776140872936,-55.76854516566882,0.8399370251977367,82,-5.348991980843701,-56.58419559147651,-0.9547298599490791
1789037025.635549,TIGHTLY_COUPLED,-10.520773110700992,-45.705377322743594,-14.992182546651698,0.14643782179471138,-0.1365135027419193,-0.979341905279179,-0.02845101898526852,-8.697461188693799,-55.76042056892813,0.8411103124457067,82,-5.347041293803839,-56.5844955061176,-0.9557928055041768
1789037025.744562,TIGHTLY_COUPLED,-10.573712454753354,-45.69257714849074,-14.99075955166002,0.14630442599856294,-0.1365009670342081,-0.9793643879601709,-0.0284235206713887,-8.74613292634192,-55.75229155612923,0.8422922898368104,79,-5.306035431796788,-56.581662690491505,-0.9568991719666231
1789037025.8642755,TIGHTLY_COUPLED,-10.632277687983654,-45.6772049783665,-14.989367114430854,0.14612766837285748,-0.13643665076784917,-0.9794001448861659,-0.028409524109381145,-8.797774658889045,-55.74366814826067,0.8435388631394349,82,-5.2770520202740965,-56.58164856629006,-0.9575794940060415
1789037025.9833717,TIGHTLY_COUPLED,-10.687431124367027,-45.66304025526669,-14.988120786650908,0.14592706775019623,-0.13643423953407643,-0.9794289812036812,-0.02845803856394571,-8.848412229511815,-55.73521621406954,0.8447603828969525,81,-5.228999276542644,-56.59215118383093,-0.9570008976377208
1789037026.1095161,TIGHTLY_COUPLED,-10.742822942883612,-45.649181139144076,-14.986359311092329,0.14565654519044877,-0.13634392266239226,-0.9794829144024659,-0.028420520576968023,-8.901489999116972,-55.726361175833425,0.8460398994853005,84,-5.189392091568717,-56.587371668480735,-0.9582069838607529
1789037026.229961,TIGHTLY_COUPLED,-10.804512004612494,-45.6382083212447,-14.985051426016991,0.14553781711477953,-0.13640404756823038,-0.9794956354255691,-0.02830158615219015,-8.951145669089387,-55.71807965833449,0.8472416155030289,83,-5.170834579840274,-56.59841014503726,-0.9561789219625212
1789037026.347274,TIGHTLY_COUPLED,-10.855422947840601,-45.629680753492686,-14.983811331809884,0.14537750930243648,-0.136417323287385,-0.9795176902681076,-0.028298200436721075,-9.002333638066995,-55.709547242791146,0.8484822007477043,83,-5.12980123118842,-56.61020640889751,-0.9536091398442208
1789037026.4771369,TIGHTLY_COUPLED,-10.906579717506357,-45.61750600932711,-14.982378797317216,0.14524463741112767,-0.13633259800787328,-0.9795491597288943,-0.02829949996290954,-9.056028841270324,-55.70057157017343,0.8497813951356137,75,-5.0998390983102215,-56.625078108815956,-0.950270044209586
1789037026.6062615,TIGHTLY_COUPLED,-10.96536194806444,-45.60281270901301,-14.980407007793325,0.14506028654382375,-0.13640261511813212,-0.9795640995788615,-0.028390397549400318,-9.110712863725357,-55.691429049654545,0.8511071176240207,79,-5.074319284789561,-56.63852218196092,-0.9483157118179989
1789037026.7277782,TIGHTLY_COUPLED,-11.019581477410004,-45.58882056016429,-14.978462800360628,0.14495727073119255,-0.1363236546585928,-0.979590992161361,-0.028367920597195624,-9.160990941838508,-55.68301957579232,0.8523985013551258,77,-5.064774903083207,-56.64110230274989,-0.9472168357536537
1789037026.9780066,TIGHTLY_COUPLED,-11.139343999554743,-45.562940167178986,-14.970630258677097,0.14482166655955053,-0.13637018861967223,-0.9796037285252905,-0.02839703523430642,-9.271399398317197,-55.664557744496605,0.8552457333098686,79,-5.091165178048072,-56.64938904167567,-0.9437916461694994
1789037027.0990322,TIGHTLY_COUPLED,-11.1998032343788,-45.54727560149986,-14.969016237771035,0.14484070350188832,-0.13642650756102184,-0.9795895555085343,-0.028518088687231623,-9.319219785501483,-55.65656185960143,0.8564786261959632,79,-5.121786531115338,-56.64732392280671,-0.9444818158868937
1789037027.2265239,TIGHTLY_COUPLED,-11.256185976755463,-45.53459412939981,-14.966871437728141,0.144812086144057,-0.13645958415151074,-0.9795914501234014,-0.02843997969293525,-9.375424121619949,-55.647164075838894,0.8579274926331901,75,-5.1307817333060575,-56.6453757706886,-0.9443761545692013
1789037027.3428242,TIGHTLY_COUPLED,-11.316998512137385,-45.520566887336585,-14.964952810453338,0.1447934049332264,-0.13640878569009782,-0.9796004104871403,-0.028470139582061977,-9.426205188005001,-55.63867303164071,0.8592363117287085,79,-5.154615810795055,-56.64228791386814,-0.9451966730457236
1789037027.4815133,TIGHTLY_COUPLED,-11.36638564284367,-45.50727248440043,-14.96398602231995,0.1448507988398023,-0.13640978536274384,-0.9795909534878471,-0.028498778527016908,-9.479441862289965,-55.62977137684675,0.8606086512045596,81,-5.166564060037561,-56.637613935177605,-0.945185503404576
1789037027.5904133,TIGHTLY_COUPLED,-11.42790004651501,-45.49573775959977,-14.961879437364896,0.14490241075595217,-0.13636669643688573,-0.9795881445019948,-0.02853914173801774,-9.52823609634956,-55.62161293707927,0.8618674558590587,77,-5.185268582178679,-56.63891772838373,-0.9446164200511059
1789037027.7035232,TIGHTLY_COUPLED,-11.479625822543175,-45.482892522916565,-14.960585698236185,0.14496256319790973,-0.13644862708094385,-0.9795688495312493,-0.028504323651720453,-9.575555281377545,-55.61370104137181,0.8630877242986337,76,-5.211026896682412,-56.636670479095294,-0.9439014513142211
1789037027.826177,TIGHTLY_COUPLED,-11.53376208230411,-45.470232335000645,-14.958631641500057,0.14505043820656374,-0.1365098674398494,-0.9795478842102542,-0.028484539786575523,-9.626328239556129,-55.605211741426,0.8643967992432322,75,-5.222781016018402,-56.64261495126697,-0.9425863183839581
1789037027.9491851,TIGHTLY_COUPLED,-11.582703317691541,-45.458711680977835,-14.956709830744106,0.1450580473649175,-0.13657248993770885,-0.9795382340116667,-0.028477464708027943,-9.68055378690317,-55.59614521253289,0.8657946191623357,78,-5.250635436382378,-56.64175350678135,-0.9425520844740461
1789037028.0757847,TIGHTLY_COUPLED,-11.642201130793536,-45.443670682381374,-14.954846108429996,0.1450709497800915,-0.1365100651081298,-0.9795449924183433,-0.028478579357550264,-9.732798636875701,-55.587409358371794,0.8671418502535907,74,-5.260127079327735,-56.646873940200116,-0.9415636134614058
1789037028.1850135,TIGHTLY_COUPLED,-11.681378606407646,-45.42720664361875,-14.95449910772428,0.1449468118176288,-0.1365051005776328,-0.9795655555994018,-0.028427126893700062,-9.778641644234964,-55.57974413528186,0.8683242076566144,77,-5.282290579726828,-56.64805550816283,-0.9403885926472537
1789037028.3016384,TIGHTLY_COUPLED,-11.732076543854394,-45.41536625879966,-14.953135148479163,0.144934492646844,-0.136514285841595,-0.9795664973831965,-0.028413373731002913,-9.828926923089513,-55.571336055444384,0.8696206527001435,76,-5.2963909066358985,-56.65255876155532,-0.9391433385966652
1789037028.4218326,TIGHTLY_COUPLED,-11.78501942752806,-45.403160660543136,-14.951492069687202,0.14490642370981324,-0.13653282816432052,-0.9795701326733769,-0.028342024898501034,-9.878721965311515,-55.563009935969795,0.8709043380349651,77,-5.310615198577384,-56.656734996533466,-0.9376073840477605
1789037028.5376387,TIGHTLY_COUPLED,-11.839384116509875,-45.390553050928396,-14.949256579567077,0.1449308897890277,-0.13662215272531103,-0.9795541806731803,-0.0283378138775233,-9.924080470643638,-55.555425568657135,0.8720734545979234,77,-5.333145625088559,-56.650784999810085,-0.9385567794793672
1789037028.6512566,TIGHTLY_COUPLED,-11.892732074876893,-45.37817682521635,-14.947022968233016,0.1448767446918174,-0.1366464323955877,-0.9795592576515715,-0.028322113448020346,-9.972391193933914,-55.547347446596596,0.8733186027863555,76,-5.338112087825308,-56.66133738468466,-0.9363331548973652
1789037028.7742813,TIGHTLY_COUPLED,-11.935289923367177,-45.36700306694951,-14.945735217964843,0.14492384393461086,-0.13657398455860423,-0.9795627151517076,-0.028311009971697162,-10.020693685044026,-55.53927106747849,0.8745644833241835,80,-5.35123375445105,-56.65977411614,-0.9357946402734182
1789037028.870916,TIGHTLY_COUPLED,-11.9970043308381,-45.35635587504021,-14.943498917538793,0.14486486948825852,-0.13653485075623212,-0.9795797280686575,-0.028212771470713695,-10.066040219311223,-55.531688944795455,0.8757340918276623,78,-5.374645085186615,-56.65659734151552,-0.9362588559489109
1789037028.9824064,TIGHTLY_COUPLED,-12.04224917025027,-45.34650224335314,-14.941925055604434,0.1448569085965743,-0.13648813100878252,-0.979587592715944,-0.028206636143917094,-10.115333473442265,-55.52344699552064,0.8770050895303246,77,-5.397322172626578,-56.65872892858782,-0.9366615177182929
1789037029.089331,TIGHTLY_COUPLED,-12.090404490735793,-45.33424892279733,-14.940460063546698,0.14485845516240511,-0.13641741085294462,-0.97960120884586,-0.028067590061677528,-10.15329136105706,-55.51710038310142,0.8779836770360279,74,-5.417962315323157,-56.65574880335604,-0.9377722766798116
1789037029.1983802,TIGHTLY_COUPLED,-12.133788021167422,-45.32279979487605,-14.939170358467566,0.14494192910587045,-0.13642362479876396,-0.9795878587838376,-0.028072383353240117,-10.20061537882936,-55.50918777014938,0.8792035216621651,78,-5.417962315323157,-56.65574880335604,-0.9377722766798116
1789037029.3030236,TIGHTLY_COUPLED,-12.179818636625326,-45.31003230552005,-14.93776349792747,0.14496330932911505,-0.1364451111724623,-0.9795809041060906,-0.028100229468455966,-10.24595888764743,-55.50160591875492,0.8803729127747901,74,-5.433831084052898,-56.66650537044575,-0.9351556930885997
1789037029.4131658,TIGHTLY_COUPLED,-12.229373726328552,-45.296738435984516,-14.93603398223131,0.14501426001871462,-0.13649728055006533,-0.979566599773889,-0.02808261741866185,-10.289337056164866,-55.494352809852295,0.881491706668337,75,-5.448683339066074,-56.67083620741581,-0.9343353620102555
1789037029.5381317,TIGHTLY_COUPLED,-12.279514908432619,-45.28389222315993,-14.934086180791148,0.14497703046576157,-0.13652413834352667,-0.9795680747025054,-0.028092833792875742,-10.343073059002299,-55.48536768096151,0.8828771107523267,73,-5.46058395214067,-56.67049987486633,-0.9344079572136065
1789037029.643289,TIGHTLY_COUPLED,-12.321061299678215,-45.269572300586866,-14.932667480555752,0.1449303973573586,-0.13656244760703024,-0.9795729337785276,-0.027977584490870337,-10.38497945692278,-55.478360546953866,0.8839574140111577,74,-5.480862922360612,-56.67029640984141,-0.9343416988102148
1789037029.75242,TIGHTLY_COUPLED,-12.369893461475856,-45.2574080693587,-14.931134036803407,0.1450819175216021,-0.13651073890188564,-0.9795584767083276,-0.027950779623779398,-10.430830805872807,-55.47069373234637,0.8851392362678908,76,-5.494188688289239,-56.67023661269606,-0.9340803728134303
1789037029.8690703,TIGHTLY_COUPLED,-12.417445119103073,-45.24390324343482,-14.929823456636353,0.14506072770698342,-0.13649775887728993,-0.9795659070665633,-0.027863610883351136,-10.477663473447546,-55.46286265002236,0.8863462335619762,73,-5.508325917516434,-56.67504260073127,-0.9335542264309524
1789037029.9692662,TIGHTLY_COUPLED,-12.467406357300181,-45.23099071305714,-14.928036806945016,0.14502687543690657,-0.1365055405585844,-0.9795718757241794,-0.027791780943828767,-10.521037538258796,-55.455610311975285,0.8874648585696879,72,-5.527745387680971,-56.676598305151934,-0.9331171885772888
1789037030.0892522,TIGHTLY_COUPLED,-12.517267665869227,-45.21893990477681,-14.925823174369286,0.1450318795440228,-0.13662111761316048,-0.9795549683736203,-0.027793669650028482,-10.570325850722382,-55.44736906931047,0.8887362896824028,71,-5.538656797037577,-56.68005620451831,-0.9327952280963828
1789037030.2113101,TIGHTLY_COUPLED,-12.565395518537406,-45.20663107766684,-14.923862173800126,0.14509885546385265,-0.13662567107014612,-0.9795432594004847,-0.02783435127296635,-10.62306871882632,-55.43855027005216,0.8900962673248424,73,-5.5555002878590685,-56.677558163538194,-0.9328138187475487
1789037030.3330805,TIGHTLY_COUPLED,-12.604175837533889,-45.19399708030317,-14.922389297733577,0.1450260878091739,-0.13657375961524457,-0.9795627497571433,-0.02778239240143889,-10.672857251354072,-55.430225494092596,0.8913798524509093,67,-5.575560844672067,-56.681533971333934,-0.9321090570295804
1789037030.4408433,TIGHTLY_COUPLED,-12.658316881325028,-45.182466530721776,-14.91955722720036,0.14486077657084825,-0.13663078858267225,-0.979578764095995,-0.02779978335762622,-10.71820843128535,-55.42264263487996,0.8925488328058969,76,-5.598504924777105,-56.683791120362685,-0.931643594634451
1789037030.5648866,TIGHTLY_COUPLED,-12.709147236149478,-45.16944409850299,-14.917529712831376,0.14483413600376513,-0.13658289514218191,-0.9795865783161618,-0.02789841188055175,-10.77291698883855,-55.41349481641461,0.8939599718270197,75,-5.608594791523598,-56.685904201398834,-0.9306395481397531
1789037030.6791377,TIGHTLY_COUPLED,-12.754641046861016,-45.15688742883323,-14.916304890015082,0.14499744820512925,-0.1365594125302852,-0.9795676008387263,-0.027831317799305148,-10.822706900517163,-55.40516950807434,0.8952438068847052,79,-5.624546448714837,-56.691426404827965,-0.9300273103655251
1789037030.8523645,TIGHTLY_COUPLED,-12.845841362526707,-45.13385668112851,-14.913092546290148,0.14498445141693023,-0.13662211905300833,-0.9795639462101478,-0.02771968105877582,-10.89764455430372,-55.3926392087287,0.8971757085567751,74,-5.657223589683412,-56.691874496403656,-0.9296795057120124
1789037030.9738686,TIGHTLY_COUPLED,-12.893179197629749,-45.12297069256865,-14.911205828980098,0.14485252834158227,-0.1365393323592454,-0.9795962728721337,-0.02767486092046341,-10.952863280861921,-55.38340601033235,0.8985989599956689,74,-5.698099416360679,-56.69609463943094,-0.9283922445184941
1789037031.0729601,TIGHTLY_COUPLED,-12.938448602851086,-45.099494630902456,-14.912127678989881,0.1449642252183038,-0.13644651877782252,-0.9795929079576544,-0.02766686826037229,-10.995750744887067,-55.376234632341244,0.8997043451527549,75,-5.698099416360679,-56.69609463943094,-0.9283922445184941
1789037031.185338,TIGHTLY_COUPLED,-12.990071000579436,-45.087043124598495,-14.910229739224137,0.1449279285344757,-0.13647450414686255,-0.9795955380891688,-0.027625839432783773,-11.044546046981635,-55.36807570375207,0.900962951302198,75,-5.717072058864176,-56.6935063435956,-0.9289437874695594
1789037031.2963645,TIGHTLY_COUPLED,-13.038987068140521,-45.07651577365427,-14.908554046087216,0.14488447141341346,-0.13640827593603225,-0.9796092555042226,-0.027694380835791968,-11.088906829266909,-55.36065833131934,0.9021071311362554,73,-5.723344589432713,-56.693102540274836,-0.9284980126384511
1789037031.397971,TIGHTLY_COUPLED,-13.086892471498745,-45.065587593439425,-14.90700388807988,0.14482398106391928,-0.13638677689337378,-0.9796229586931816,-0.02763187287629613,-11.13179178422673,-55.35348779079001,0.9032129036216131,75,-5.737817544447605,-56.698992793535666,-0.9269048881920717
1789037031.5211363,TIGHTLY_COUPLED,-13.135592784773255,-45.05334412061724,-14.905344078407937,0.14474301412245902,-0.13637570951657155,-0.9796351982971957,-0.027676776795927616,-11.18404550823381,-55.34475080786497,0.9045600404266503,76,-5.770603227079754,-56.70189123936794,-0.9265682756561002
1789037031.62338,TIGHTLY_COUPLED,-13.181225851239242,-45.041194124462756,-14.905763998871778,0.14475971549969202,-0.13633059012111126,-0.9796408152057954,-0.02761282579893975,-11.223482045108106,-55.33815692163997,0.9055765540737811,81,-5.786467611825587,-56.70229811267214,-0.9258516749821825
1789037031.734577,TIGHTLY_COUPLED,-13.231933636415008,-45.02771849780307,-14.904663803264302,0.1447943221411958,-0.13622313640430733,-0.979649256298932,-0.02766217664600748,-11.272275655662144,-55.329998143071094,0.9068349678459185,81,-5.811505878252427,-56.70106848917017,-0.9252609222199183
1789037031.847459,TIGHTLY_COUPLED,-13.27907355058382,-45.014798106732265,-14.903716599337612,0.14475564173321595,-0.13623965639793803,-0.9796540937744301,-0.02761189529852678,-11.321077293459899,-55.321838091458595,0.9080935260037308,85,-5.829377242815094,-56.70276890754515,-0.9239768885499188
1789037031.960672,TIGHTLY_COUPLED,-13.331970280339842,-45.00098378434374,-14.902234102241575,0.14486705509056344,-0.13625836946462425,-0.9796343256933644,-0.027636588493098812,-11.373334765840328,-55.31310008557802,0.9094407842881267,86,-5.853874597458139,-56.706493256609036,-0.9235087238662114
1789037032.0788612,TIGHTLY_COUPLED,-13.383402377431889,-44.987488112829446,-14.900681807485272,0.14488220082211692,-0.136320975454656,-0.9796227252955204,-0.027659638837271627,-11.422143761189698,-55.304938679617365,0.9106989877546773,84,-5.872081858553643,-56.714136660546615,-0.9210449833055454
1789037032.1826596,TIGHTLY_COUPLED,-13.429610967634748,-44.97137837197178,-14.900689093665232,0.1448720929956633,-0.13635350541849264,-0.9796169641400368,-0.02775611284388873,-11.46306449338976,-55.29809622040227,0.9117536702138399,84,-5.9010297645068945,-56.71227718087665,-0.9210003520967697
1789037032.2962558,TIGHTLY_COUPLED,-13.48131085934808,-44.958072698609016,-14.899171405328472,0.1448524819567339,-0.13634920926186342,-0.9796201169834531,-0.027768291376397115,-11.510881169527716,-55.290100628430444,0.9129861251095538,84,-5.915615510990849,-56.71657432425139,-0.9194331749161291
1789037032.4257019,TIGHTLY_COUPLED,-13.522172242750875,-44.948363661226416,-14.898281736319225,0.14483285940520463,-0.13636551986654996,-0.97962132153306,-0.0277480490459939,-11.563125858681511,-55.28136492019216,0.9143338009248807,79,-5.946732023512052,-56.71406587059578,-0.9204851820760616
1789037032.5387309,TIGHTLY_COUPLED,-13.563773703689108,-44.93794082141543,-14.8977172427363,0.1448967413032127,-0.13630441648837166,-0.979619440964776,-0.02778113189440218,-11.609951259145046,-55.27353541282138,0.9155414680342225,83,-5.967453268122777,-56.71464223780588,-0.9210836889004709
1789037032.705035,TIGHTLY_COUPLED,-13.655212258589065,-44.91302181135385,-14.895590636721307,0.14492419815713806,-0.13632532388772506,-0.979609360481215,-0.027890566738636165,-11.684385484863087,-55.26108965883928,0.9174605829241674,83,-5.992930805681065,-56.712754255876725,-0.9217446422277572
1789037032.805536,TIGHTLY_COUPLED,-13.71259707018035,-44.89957190305336,-14.893685484223306,0.1449091888049103,-0.1363907213665144,-0.979604081519516,-0.027834180342346828,-11.726287108756532,-55.25408355112503,0.9185406802585382,81,-6.0174318279254475,-56.71377835303595,-0.9205337823525142
1789037032.901695,TIGHTLY_COUPLED,-13.75607925212307,-44.88773276598668,-14.892611622457851,0.14498177041605656,-0.1363014519325979,-0.9796056140666058,-0.02783956424371124,-11.768675143817678,-55.24699578798484,0.9196335917990045,78,-6.052955736210393,-56.71342047391537,-0.9194479538340254
1789037033.003792,TIGHTLY_COUPLED,-13.801732983953293,-44.87443532425111,-14.891578317869023,0.1450402905679388,-0.13635181696280774,-0.9795890447991396,-0.02787112183637908,-11.80860001806742,-55.2403199921036,0.9206635222546751,77,-6.061403067771454,-56.71918662136633,-0.9183675080197683
1789037033.1263602,TIGHTLY_COUPLED,-13.852654720890634,-44.859995093773016,-14.890394210233511,0.14507268355752004,-0.13631602535799275,-0.979586973698068,-0.027950289391692848,-11.854447198454244,-55.23265383907649,0.9218456024744702,76,-6.076872354749521,-56.720498883681735,-0.9182195581158139
1789037033.2532995,TIGHTLY_COUPLED,-13.899751808670809,-44.84667285451729,-14.889399128103083,0.14518485049995392,-0.13635252994155753,-0.9795659467083224,-0.02792674011177705,-11.909664389813866,-55.22342090027747,0.9232691166430771,78,-6.093030459123019,-56.729334918894295,-0.9151869564957461
1789037033.3625495,TIGHTLY_COUPLED,-13.954088976912018,-44.83427310308532,-14.887620540691636,0.14523182871536294,-0.13642895273843564,-0.9795453860445404,-0.028030224072197445,-11.957488058370085,-55.215424173500516,0.9245018235478437,78,-6.103415036179211,-56.7350535394811,-0.9142120637521831
1789037033.4803529,TIGHTLY_COUPLED,-13.999006900295957,-44.821743231791196,-14.886528235807283,0.14524725469226696,-0.1363656373476663,-0.979552493542062,-0.028010004474349495,-12.003336478804078,-55.207757629561065,0.9256834585416156,75,-6.114547387213254,-56.741545558794115,-0.9125331380442084
1789037033.6014597,TIGHTLY_COUPLED,-14.044536969221268,-44.808852645356296,-14.885620878305318,0.14524298818886414,-0.13628060539080591,-0.979565239715936,-0.028000216366053966,-12.05509058443452,-55.19910375827688,0.9270180565401673,76,-6.134091493791826,-56.73876851999546,-0.9122493906531826
1789037033.771987,TIGHTLY_COUPLED,-14.139825957149835,-44.783128230284646,-14.8831188757394,0.14521735566006422,-0.13633885785805813,-0.9795587120587753,-0.028077839710563823,-12.129025413818802,-55.18674133609132,0.928924993389848,73,-6.155697198491424,-56.74180776710701,-0.911880540852674
1789037033.892763,TIGHTLY_COUPLED,-14.186665712464366,-44.77271879189093,-14.881441270609065,0.1452791525824403,-0.1364169275009822,-0.9795388443878612,-0.028072086695032323,-12.178319817673378,-55.178499045040866,0.9301959488276844,69,-6.194957663804083,-56.750182728226974,-0.9090262529148897
1789037033.9888508,TIGHTLY_COUPLED,-14.239804322882033,-44.76192073454338,-14.878866700913417,0.1452962234344687,-0.13655069781720278,-0.9795196625277787,-0.028002591001237705,-12.216771197812555,-55.172069807046306,0.9311871860955439,75,-6.194957663804083,-56.750182728226974,-0.9090262529148897
1789037034.1011992,TIGHTLY_COUPLED,-14.286626133930659,-44.7494635990492,-14.877567557662251,0.14528670160595575,-0.13646893440044663,-0.979532630883756,-0.02799695187008902,-12.264585593429965,-55.164074709780024,0.9324196860450805,77,-6.212338612664111,-56.755207859164116,-0.9072118900055691
1789037034.2123306,TIGHTLY_COUPLED,-14.336438249559764,-44.735334927751545,-14.876506136839856,0.1453279438466269,-0.1364300557595628,-0.9795320261758629,-0.02799354065785532,-12.310422093653969,-55.15641055408146,0.933602142392311,76,-6.2248981948564746,-56.759226013971634,-0.9066254838651502
1789037034.325805,TIGHTLY_COUPLED,-14.383723474788649,-44.721919244220985,-14.87574085029858,0.14538086736237277,-0.13639150711143347,-0.9795300724292548,-0.027974942351592518,-12.359719089215895,-55.148167542672006,0.9348732438945827,77,-6.247720070108668,-56.75955048676515,-0.9053486103577834
1789037034.4383996,TIGHTLY_COUPLED,-14.434898614216802,-44.70895217763248,-14.874348500267656,0.1453585521850277,-0.1364919704579042,-0.9795196847551955,-0.0279646291638909,-12.409019368390151,-55.13992391937552,0.9361442236112919,74,-6.288620410798024,-56.75834284977616,-0.9045746980642161
1789037034.5682695,TIGHTLY_COUPLED,-14.488861205987604,-44.69554958474006,-14.872451645534237,0.14524892147771395,-0.1364631283007794,-0.9795393060592283,-0.027987734973226402,-12.465717110812205,-55.130443304521094,0.9376056973678445,72,-6.298634332328641,-56.76097726785776,-0.9052642031865953
1789037034.6673143,TIGHTLY_COUPLED,-14.557627011850554,-44.681110957747265,-14.868837086567797,0.14522074697802195,-0.13659264931601164,-0.979526542922551,-0.02794878369758606,-12.50860812727094,-55.12327127944607,0.9387111034915107,67,-6.323850575332432,-56.76431529012581,-0.9045125420482335
1789037034.7781894,TIGHTLY_COUPLED,-14.606156719851798,-44.668227557831585,-14.867090990471313,0.14530206175696858,-0.13651813223092749,-0.9795246398373434,-0.027956937830814214,-12.555927189866553,-55.115358856253,0.9399311217215575,73,-6.340970413628951,-56.77292095258265,-0.9024922127320588
1789037034.8910081,TIGHTLY_COUPLED,-14.656904369830908,-44.654485724381786,-14.865787026500726,0.14529008170627492,-0.13654013695979578,-0.979521492539271,-0.02802193445183392,-12.605707509116307,-55.10703522014505,0.9412153442300453,75,-6.366521683883216,-56.77404116764769,-0.9011782910496664
1789037035.0024936,TIGHTLY_COUPLED,-14.709712461131168,-44.64124702835419,-14.863969236503479,0.14526917632818864,-0.13657992124278753,-0.9795182141013451,-0.02805102076493826,-12.656477851725509,-55.09854604603451,0.9425245254741148,72,-6.400036324574427,-56.774147008827306,-0.9011332183444831
1789037035.1187632,TIGHTLY_COUPLED,-14.767658175068517,-44.62654033481499,-14.861951090898813,0.1452907684496618,-0.13662448271065014,-0.9795094336125924,-0.028028785048459504,-12.705772759046685,-55.09030362607729,0.9437954360062984,68,-6.421371204075856,-56.78273247594521,-0.899968258175095
1789037035.240154,TIGHTLY_COUPLED,-14.81825092890459,-44.61308707736932,-14.860530436030102,0.1453037853426638,-0.13659088667614494,-0.979509788655887,-0.028112516241296865,-12.759011884037584,-55.08140173662127,0.9451677648897555,75,-6.445640266874015,-56.7807860621847,-0.9000838339466989
1789037035.347855,TIGHTLY_COUPLED,-14.863025640846613,-44.59667619441572,-14.85888781694425,0.14526481540007308,-0.13661885436130713,-0.9795120885855053,-0.02809787099849279,-12.80731265891396,-55.07332519857106,0.9464135051193472,74,-6.46417295075792,-56.78765699090423,-0.8980170548425703
1789037035.4534047,TIGHTLY_COUPLED,-14.913570613255612,-44.583653286963276,-14.857399865325725,0.14527570954411434,-0.13662326611272754,-0.9795111738889167,-0.02805194467236501,-12.847734136183528,-55.06656626242327,0.9474559593417885,71,-6.490112507534294,-56.78650958195048,-0.897645662531237
1789037035.5593224,TIGHTLY_COUPLED,-14.965873856815552,-44.569540310438484,-14.855843765254086,0.14532319753645587,-0.1366183312082903,-0.9795033418260786,-0.0281034372841928,-12.895061328425445,-55.058652539954664,0.9486761382246638,72,-6.506600245319869,-56.78425258832886,-0.8971558885810609
1789037035.680252,TIGHTLY_COUPLED,-15.017000518677527,-44.5557109263215,-14.854249768007296,0.145377810196309,-0.13667482689435997,-0.9794886301283496,-0.028058999362272817,-12.942884039229616,-55.05065594626949,0.9499089761042765,71,-6.52278548901889,-56.787706228222575,-0.8956486495478553
1789037035.8025556,TIGHTLY_COUPLED,-15.067704956985853,-44.54126541144931,-14.852599659293361,0.14540685114976815,-0.13670271040407356,-0.9794792030593044,-0.028101732708130205,-12.994651676901839,-55.04199963208055,0.9512432838105389,71,-6.539708996756496,-56.79269227334578,-0.8939575311349347
1789037035.91338,TIGHTLY_COUPLED,-15.1140821612825,-44.52926637981479,-14.85066399468433,0.14533510657769036,-0.13673430048384355,-0.9794867893583842,-0.02805472045217761,-13.039511467678748,-55.03449828391546,0.9523994794071526,72,-6.564752484159666,-56.79607686068864,-0.8921860923147946
1789037036.036989,TIGHTLY_COUPLED,-15.167914631828783,-44.512672791586496,-14.848435792848036,0.14537083593088518,-0.13674148909977463,-0.9794811445815849,-0.02803163621126131,-13.087814021232576,-55.026421584070974,0.953645340308507,73,-6.575639970773823,-56.804392081339195,-0.8898090638291911
1789037036.1502502,TIGHTLY_COUPLED,-15.218621270447324,-44.50027600216726,-14.846815832791584,0.14542165342447758,-0.13683340574309363,-0.9794600223478328,-0.02805755531795416,-13.137103764672508,-55.01817989065624,0.9549166464429041,74,-6.599478437569737,-56.80740644210019,-0.8888452786929061
1789037036.3413208,TIGHTLY_COUPLED,-15.315553207767614,-44.474806088549165,-14.84327719261237,0.14533450917340426,-0.13688269511340873,-0.9794632773602807,-0.028154866799065148,-13.218439568078901,-55.00457996162871,0.9570137099381082,72,-6.644982756414329,-56.81742187433308,-0.8860967869675054
1789037036.4562352,TIGHTLY_COUPLED,-15.361947248624547,-44.463385432171194,-14.841404529878353,0.14537566436647237,-0.13688065389111945,-0.9794568981615027,-0.0281742336931112,-13.267221682939862,-54.99640393771257,0.9583121738116013,63,-6.666871332687229,-56.81918446732979,-0.8861434872244018
1789037036.5660048,TIGHTLY_COUPLED,-15.413153075982537,-44.450919197622675,-14.839278489501023,0.14539156323772834,-0.13692309020940835,-0.9794498647645401,-0.02813046603809013,-13.312500511035719,-54.988772532862654,0.9596236585992076,71,-6.666871332687229,-56.81918446732979,-0.8861434872244018
1789037036.680583,TIGHTLY_COUPLED,-15.466025377963831,-44.43692998638857,-14.837456537501748,0.1452917437206906,-0.13711411567204645,-0.9794387761862803,-0.028101818318314643,-13.365623332429848,-54.97981264041261,0.9611882966144922,72,-6.6811798241217595,-56.80832265501736,-0.8888421400031495
1789037036.8010623,TIGHTLY_COUPLED,-15.52013933393612,-44.423498542860024,-14.835544970470702,0.14521237282605567,-0.13734028139810847,-0.9794221744106345,-0.027986035025696958,-13.415723925024487,-54.971429306557845,0.9626555974287077,70,-6.7691271718482975,-56.790331015715644,-0.890939241739089
1789037036.9012258,TIGHTLY_COUPLED,-15.572652353517734,-44.40712407629987,-14.832559081359163,0.1450159805796571,-0.13734519329972944,-0.979450955175119,-0.02797301665047227,-13.456964433849366,-54.964532254836946,0.9638638066456885,65,-6.7691271718482975,-56.790331015715644,-0.890939241739089
1789037037.0067017,TIGHTLY_COUPLED,-15.62297608105057,-44.39449190112646,-14.8303401918411,0.14467732720515944,-0.13737090871339275,-0.9794990132082663,-0.02791751342903914,-13.502611455950527,-54.9569006128351,0.9652013102355399,67,-6.7279766562901075,-56.801290643702494,-0.8904523716712667
1789037037.116476,TIGHTLY_COUPLED,-15.672122543375584,-44.38299567876575,-14.828216554166545,0.14440910309360414,-0.13726913162764603,-0.9795539119409168,-0.027880639288573573,-13.547774020236872,-54.94935758653029,0.9665268281349018,68,-6.713344287853764,-56.82174960735828,-0.885512929317353
1789037037.235256,TIGHTLY_COUPLED,-15.723082569277176,-44.36990175849479,-14.826309064509118,0.1441241813788136,-0.13721903029750857,-0.9796042540978614,-0.027832775992899895,-13.598370329964663,-54.940928288445704,0.968016338723713,70,-6.7010480201507825,-56.837977913756056,-0.8812257357231026
1789037037.3505945,TIGHTLY_COUPLED,-15.772870397651896,-44.35606924572221,-14.824816140072542,0.1438518838713853,-0.13708947851444483,-0.9796595787429253,-0.02793242138672346,-13.646586136696063,-54.932845820230774,0.9694347451419467,68,-6.692950496606622,-56.84625044489988,-0.8782394129639902
1789037037.4602196,TIGHTLY_COUPLED,-15.825457877087693,-44.342479154529975,-14.822748567881025,0.14351436003906612,-0.13716231110523125,-0.9796983876533861,-0.027949921363119436,-13.695293493855127,-54.92468140015417,0.9708627963744166,65,-6.690536992313629,-56.85218058226708,-0.8763944828679144
1789037037.5892682,TIGHTLY_COUPLED,-15.878406521443498,-44.329295731765825,-14.820297462959326,0.14318956204047367,-0.13708856199301905,-0.9797548340186338,-0.027998941238249368,-13.747924875216118,-54.91586119355268,0.9724021295249945,68,-6.732773681284906,-56.85015864528997,-0.8761322511193408
1789037037.67976,TIGHTLY_COUPLED,-15.931463189944402,-44.314370936683865,-14.817088533443151,0.1427951697236325,-0.13698046753139487,-0.9798289897536765,-0.027947126091411457,-13.78183441583603,-54.91017843598843,0.973393143800413,67,-6.717680808137327,-56.859817568641,-0.8758683016214057
1789037037.8016438,TIGHTLY_COUPLED,-15.986427711526403,-44.30067840795908,-14.815121736088427,0.14239428638556229,-0.1369423359845094,-0.9798906133166844,-0.02801873933110171,-13.830921842299462,-54.9019487616077,0.9748357144787925,66,-6.706885040719867,-56.868684254128496,-0.8740737324802056
1789037037.9087682,TIGHTLY_COUPLED,-16.03992456295062,-44.28672071334242,-14.812593490203556,0.14218128824539847,-0.13691995750113325,-0.9799246855536411,-0.028018157565485532,-13.876148950380854,-54.89435720872872,0.9762191157668083,65,-6.682627806165578,-56.87914621891325,-0.8722665214172736
1789037038.0376515,TIGHTLY_COUPLED,-16.091382537591837,-44.273888894151916,-14.80973954475142,0.14187952631669468,-0.13692548186465478,-0.9799706425326689,-0.0279132979490185,-13.92937662949984,-54.88542932194374,0.9779698470210082,65,-6.653422817360748,-56.890098199424806,-0.8693671994422376
1789037038.1506538,TIGHTLY_COUPLED,-16.139353089552227,-44.26303242657077,-14.806916967456404,0.14189691137843582,-0.1369693758896019,-0.9799628865442139,-0.027881850828190242,-13.97915692855045,-54.87707956844847,0.9796069595822751,67,-6.72122315757836,-56.89221441155907,-0.869050034161579
1789037038.270356,TIGHTLY_COUPLED,-16.189022080269957,-44.250918226139454,-14.804901871525562,0.14188027584119833,-0.1369724235504478,-0.979963909086746,-0.02791557632158206,-14.029922055792756,-54.86856455496504,0.9812762191165558,67,-6.750677523995522,-56.902112063819516,-0.865835675783128
1789037038.3865032,TIGHTLY_COUPLED,-16.235945494405655,-44.23735043306074,-14.8032285222187,0.14193452343741067,-0.1367960591148545,-0.979982239219292,-0.027861085441580533,-14.078213284913357,-54.86046429169717,0.9828643446912982,69,-6.770872204669105,-56.90471519994602,-0.8648680250648401
1789037038.4983013,TIGHTLY_COUPLED,-16.288140518439697,-44.22263603372093,-14.80238155391536,0.1418677818348908,-0.1366852736157878,-0.980008215153347,-0.027831038172809578,-14.12354297684155,-54.85286131764229,0.9843561299221235,66,-6.784882413556383,-56.90951899235609,-0.8631188116737711
1789037038.694597,TIGHTLY_COUPLED,-16.389398494916495,-44.20022568862038,-14.798007861548015,0.1417824496783755,-0.13675141074292607,-0.9800153247270389,-0.027690285718548393,-14.20879277005582,-54.83856270688673,0.9871605143613603,67,-6.84188377317141,-56.923472580950545,-0.8594018693636795
1789037038.8095884,TIGHTLY_COUPLED,-16.43974647844833,-44.18925488954855,-14.795612376580872,0.1417451242541699,-0.13677169473430897,-0.9800176724215678,-0.02769810482844741,-14.259059889206194,-54.83013171246792,0.9888137185483569,68,-6.877040876680434,-56.92343007253786,-0.858052384917858
1789037038.938378,TIGHTLY_COUPLED,-16.49278362338898,-44.17560143171736,-14.792760733829313,0.1416276836560192,-0.13671437281772694,-0.9800410862466189,-0.027753355758063186,-14.315234892379168,-54.820709398578195,0.9906611202037425,63,-6.92120699788338,-56.920139452361724,-0.8590903606772
1789037039.0439837,TIGHTLY_COUPLED,-16.54939335521358,-44.16687416709437,-14.792883756820766,0.14161234285799973,-0.13659894032611306,-0.9800584567294198,-0.027786601900902777,-14.36154994313903,-54.8129410754888,0.9921853207773119,62,-6.940470810148047,-56.92625831264387,-0.8565680902812658
1789037039.1628985,TIGHTLY_COUPLED,-16.605361984092536,-44.15226499277028,-14.791577077984591,0.14159526654373666,-0.13661644692828745,-0.9800555170077278,-0.027891047018964128,-14.409354383495977,-54.804922759171255,0.9937577162945971,67,-6.968217465333929,-56.930047286444434,-0.8550396443986237
1789037039.2771497,TIGHTLY_COUPLED,-16.659264871251054,-44.138719660395296,-14.789645371860772,0.14155040709384303,-0.13659368590282195,-0.9800663548664286,-0.027849367710603135,-14.459133060645293,-54.79657324241503,0.9953948780590036,68,-7.0060663562866505,-56.92942616393259,-0.8554646619744221
1789037039.392437,TIGHTLY_COUPLED,-16.714966845044874,-44.125539960452166,-14.78785405190586,0.1415581911276574,-0.1365806269893019,-0.9800682712579879,-0.027806375694322632,-14.507927702966182,-54.788388740548534,0.9969994902208026,68,-7.036331364444217,-56.929898529421386,-0.8539858329084022
1789037039.5336556,TIGHTLY_COUPLED,-16.768196324896813,-44.113749522979944,-14.78592864343,0.14156255958461822,-0.13661592391910282,-0.980063409750451,-0.027782079186065893,-14.562139382464458,-54.77929544082045,0.9987819808522518,67,-7.049486981157535,-56.93493222350551,-0.8526587765046872
1789037039.6469839,TIGHTLY_COUPLED,-16.825349505513,-44.1032904521008,-14.785807122010816,0.14160099273255886,-0.13648612227155502,-0.9800742052424336,-0.027843302656834518,-14.609440859395155,-54.771361476363936,1.0003381466225774,60,-7.079562228809127,-56.93931731439584,-0.8515846792494415
1789037039.7693048,TIGHTLY_COUPLED,-16.881107214453685,-44.08871116934278,-14.784233384892936,0.14156560877634314,-0.13649044314494066,-0.9800776192641638,-0.027881849999058458,-14.658220884774515,-54.76317962907878,1.001943369295073,62,-7.120744209120022,-56.94085779018025,-0.8514081214766969
1789037039.887201,TIGHTLY_COUPLED,-16.934810275532744,-44.074756499893134,-14.782368363372846,0.14147070114701646,-0.13641069643651557,-0.9801030793617737,-0.027858866456572963,-14.706512661200465,-54.75507976808547,1.0035318956028358,63,-7.15048454273331,-56.9422358382858,-0.8501063662202671
1789037040.0093925,TIGHTLY_COUPLED,-16.989265396312504,-44.06107230825461,-14.78025735959215,0.1414573976513073,-0.13642156545869732,-0.980104491040729,-0.027823511088858915,-14.75776438207612,-54.74648350566528,1.0052175567887813,65,-7.212323707634534,-56.94062107307194,-0.8479753698941118
1789037040.141101,TIGHTLY_COUPLED,-17.042057223636984,-44.04782788390131,-14.778316008087357,0.14140839803460653,-0.13639757375864728,-0.98011368082918,-0.027866458144463473,-14.811478550961859,-54.73747416533365,1.0069839099985662,68,-7.2441817319832795,-56.94097786859312,-0.8471997285026436
1789037040.2589493,TIGHTLY_COUPLED,-17.090826628651392,-44.037193909122145,-14.77827425656738,0.14142393400296496,-0.13633091966312486,-0.9801217604942638,-0.02782958570580179,-14.854834999148741,-54.73020183838932,1.0084106372705344,69,-7.288086116821133,-56.944753949001715,-0.8450559057164865
1789037040.395047,TIGHTLY_COUPLED,-17.14582598776373,-44.02438207010272,-14.77657482511483,0.14131890835885938,-0.13631976240814123,-0.9801396095370647,-0.02778910458756485,-14.909537076179799,-54.72102654486003,1.0102101251833382,74,-7.3121212711388734,-56.945685305177804,-0.8438171207495613
1789037040.5066068,TIGHTLY_COUPLED,-17.21012478264329,-44.009228252065036,-14.774023155123363,0.14128914158870878,-0.1363920257322639,-0.9801332286557359,-0.027810930776555335,-14.954386850524076,-54.71350373711418,1.011685228259811,67,-7.343791233431002,-56.9504490883417,-0.8424065637731972
1789037040.638837,TIGHTLY_COUPLED,-17.26300314329955,-43.99753507781555,-14.771811141671048,0.14133535170491013,-0.13640636706402592,-0.9801247029165167,-0.027806260368012703,-15.005152987160528,-54.70498850096564,1.013354747576431,65,-7.37899800001468,-56.954174029971256,-0.841376369684425
1789037040.78063,TIGHTLY_COUPLED,-17.322584310396667,-43.98439442421877,-14.768845262069256,0.14127157388563866,-0.13647680504852053,-0.9801257030968039,-0.027749418455502158,-15.062817098142983,-54.69531612377849,1.0152508185296014,65,-7.417994824479122,-56.95590030078902,-0.8408087914525841
1789037040.8990896,TIGHTLY_COUPLED,-17.375307559085304,-43.9721172359675,-14.77092677422562,0.14143788841615546,-0.13637183398190678,-0.9801175200455212,-0.02770728273591384,-15.110120519725454,-54.68738156475604,1.0168067160731256,63,-7.448680491471956,-56.95709256983454,-0.8395071998726581
1789037041.0209565,TIGHTLY_COUPLED,-17.427004753914748,-43.957308558193226,-14.768755943213721,0.14145613531200033,-0.1364269918835185,-0.9801083370104052,-0.027667406653053853,-15.153972538970809,-54.6800262662194,1.0182498667102282,68,-7.465252089079951,-56.96322888295037,-0.8381302789656182
1789037041.1472468,TIGHTLY_COUPLED,-17.48291394994408,-43.94201788892603,-14.766448278188076,0.1414476312787042,-0.13643720136206408,-0.9801067861915412,-0.027715435255827786,-15.204727575319172,-54.67151316282195,1.0199195376275445,70,-7.481197282013568,-56.970223766297934,-0.835877960507274
1789037041.313877,TIGHTLY_COUPLED,-17.530799007870296,-43.92914078963166,-14.764825494147484,0.1415361217410235,-0.13639058093809414,-0.9801026737689434,-0.02763846133285218,-15.274213340744291,-54.65985850635814,1.0222049208627484,68,-7.516574525714527,-56.973734406708864,-0.8353609308972779
1789037041.431277,TIGHTLY_COUPLED,-17.596294768128324,-43.91568133512337,-14.764367390222427,0.14161330891936508,-0.13639485532709397,-0.9800890957703697,-0.027703402845657414,-15.325955876987347,-54.65117983442313,1.02390643351889,65,-7.559846654785287,-56.970645036159965,-0.833933044942517
1789037041.5822072,TIGHTLY_COUPLED,-17.6497458410513,-43.902393448492994,-14.762002477517392,0.14166345329620597,-0.13641589418790692,-0.9800790426275157,-0.027699097736928253,-15.392473225097476,-54.64002266444978,1.026095212329754,64,-7.616718632249573,-56.969212002515405,-0.8329012081100231
1789037041.7256403,TIGHTLY_COUPLED,-17.723643426916126,-43.88294500523079,-14.758709384432114,0.1416740081039832,-0.13638002816318048,-0.9800831225868943,-0.027677358368988922,-15.451121028774013,-54.63018540232187,1.0280241878128633,62,-7.6823378210972395,-56.97989347072363,-0.829838016306695
1789037041.8626242,TIGHTLY_COUPLED,-17.787482637112593,-43.866548383191436,-14.75582652509769,0.14173993414988273,-0.13647763564920293,-0.9800584399033091,-0.027732659610690692,-15.499914835416797,-54.62200095959054,1.0296288999848315,65,-7.702895577410087,-56.98648520904949,-0.827955772624047
1789037042.0057316,TIGHTLY_COUPLED,-17.829115228940463,-43.853166200860535,-14.755943100953951,0.14178350231372935,-0.136487838075314,-0.9800516967894938,-0.02769801706284887,-15.55166627651993,-54.61332033896134,1.0313306272713954,65,-7.756032087096229,-56.98644816150439,-0.8272424127830424
1789037042.1530604,TIGHTLY_COUPLED,-17.89070230801932,-43.83858306054036,-14.753219769709208,0.1418153530760761,-0.13660237664123848,-0.9800300506663119,-0.02773618789342381,-15.612770911161913,-54.60307054701943,1.0333400628340907,69,-7.78596477919416,-56.9905509463628,-0.8244842627676666
1789037042.2890773,TIGHTLY_COUPLED,-17.957100248985796,-43.822127269426325,-14.751230187875146,0.14184426883325243,-0.13664156874863362,-0.9800207347082265,-0.027724441040722504,-15.667954743523659,-54.593814635407256,1.0351561425212144,66,-7.819962040809694,-56.99335147903236,-0.8232061966050224
1789037042.4425673,TIGHTLY_COUPLED,-18.012529863406474,-43.80864103448461,-14.749188353162268,0.14181700577303313,-0.13658229288758697,-0.9800352140496916,-0.02764404756391763,-15.73940661570289,-54.58183000284761,1.0375065562126855,63,-7.865202152258834,-56.99627686699792,-0.8211037160522957
1789037042.5752866,TIGHTLY_COUPLED,-18.084496624880188,-43.79058986165383,-14.746020041088753,0.14170447392187516,-0.13655442130058312,-0.9800560690720527,-0.02761944186299877,-15.795586939827972,-54.572406963214036,1.03935423635009,66,-7.923765224310205,-57.00063865807948,-0.8172157684376907
1789037042.7118073,TIGHTLY_COUPLED,-18.146149921908634,-43.77496011799192,-14.743355905964625,0.14171172200694068,-0.13664556037670242,-0.9800420443502847,-0.0276291509257715,-15.843878116945639,-54.56430674403065,1.0409423067322057,68,-7.978885965155464,-57.00246567586224,-0.8155379772165986
1789037042.870103,TIGHTLY_COUPLED,-18.206935480123203,-43.75818388714749,-14.74135022218888,0.14182311186194707,-0.13662392050974295,-0.9800258145750208,-0.02774008026138815,-15.903990802049353,-54.554224041799294,1.042920411616476,68,-8.022938182353542,-57.001631650692396,-0.8146291200586877
1789037043.0076208,TIGHTLY_COUPLED,-18.264885320070665,-43.731414165588205,-14.740774933399315,0.14191344320867622,-0.13666903539826866,-0.9800054112725438,-0.027776667843659418,-15.957217570573187,-54.54529601831275,1.044671094562005,63,-8.04505841833172,-57.0093411124911,-0.8129175855832599
1789037043.141565,TIGHTLY_COUPLED,-18.31613039493377,-43.72018652352183,-14.738556677102109,0.14192265336211046,-0.13665055484518127,-0.9800066923590556,-0.027775335364778372,-16.01734768271478,-54.53521000690099,1.0466486345617745,62,-8.08478567191881,-57.01326490686312,-0.8109144457459517
1789037043.2958708,TIGHTLY_COUPLED,-18.370843193673664,-43.70770642162852,-14.736652920206769,0.1418692459338715,-0.13657344546057656,-0.9800264077576035,-0.02773177150686808,-16.082898204855564,-54.5242146589986,1.0488040580121667,57,-8.120043466375785,-57.01320195593044,-0.810537598615904
1789037043.4355211,TIGHTLY_COUPLED,-18.442106073521057,-43.68900246840972,-14.734556748562534,0.14189830020678226,-0.13652927924191968,-0.9800302606001254,-0.027664356420459862,-16.139070743850382,-54.514792359951265,1.0506517622407754,61,-8.179441785196552,-57.016084989938264,-0.8089545588169227
1789037043.5911288,TIGHTLY_COUPLED,-18.50687978184187,-43.67110637633265,-14.732826087576406,0.1419202688799531,-0.1365327211546291,-0.9800262904753454,-0.027675319551687966,-16.197706101151496,-54.5049572764498,1.0525812101670997,62,-8.215679902625665,-57.02005646601321,-0.807684555708272
1789037043.7493384,TIGHTLY_COUPLED,-18.54958560331364,-43.638758550728774,-14.734666600549513,0.141911785244831,-0.1365835446927952,-0.9800188229029662,-0.027732422967728328,-16.26620373529367,-54.493468143905716,1.054834282160768,65,-8.251961284250688,-57.02403983665736,-0.8067007032184178
1789037043.8840873,TIGHTLY_COUPLED,-18.612710291095848,-43.622566949361925,-14.732289972235305,0.14184197383368355,-0.13661778777769126,-0.9800246335914801,-0.02771555656268699,-16.321399060336606,-54.484210303461325,1.056649455364151,63,-8.304015688335323,-57.02931485121398,-0.8054529472601623
1789037044.0181592,TIGHTLY_COUPLED,-18.675089668078336,-43.60576202258991,-14.730032495792624,0.1418509684577901,-0.13663194652277086,-0.9800201402120848,-0.0277585791363899,-16.376090385248588,-54.47503665780719,1.0584485007177276,64,-8.335608906026604,-57.027266387755496,-0.8049933940113294
1789037044.1838717,TIGHTLY_COUPLED,-18.739190454449027,-43.58636150287474,-14.728481766790718,0.14194137315644162,-0.1366000720937964,-0.980007621093838,-0.027894972457954668,-16.44064529565106,-54.46420854511105,1.060572374794297,63,-8.427416936500412,-57.029606992783194,-0.8040807974183317
1789037044.3155913,TIGHTLY_COUPLED,-18.80079660096234,-43.557012302184674,-14.727960947861089,0.1419608077441051,-0.13664980636457008,-0.9799968583174018,-0.027930577745353402,-16.48746604265502,-54.456354958681565,1.0621122871035673,60,-8.460095953629253,-57.03952318392727,-0.8020388609918562
1789037044.4595354,TIGHTLY_COUPLED,-18.86182677394117,-43.54081823554659,-14.725942451355445,0.14195909707438306,-0.1366119896632847,-0.9800023435011217,-0.027931805712738254,-16.540203356481317,-54.44750891677397,1.063846625413354,61,-8.49691752097818,-57.035963454467016,-0.801751687603936
1789037044.5957923,TIGHTLY_COUPLED,-18.917259611939073,-43.52310149883221,-14.724758850865594,0.1419865824214147,-0.13657078491133268,-0.9800020412822669,-0.028004110476492365,-16.594910196806325,-54.43833239692584,1.0656454343513249,59,-8.527746874801114,-57.043419934513906,-0.8000913911693737
1789037044.7490432,TIGHTLY_COUPLED,-18.972121396812383,-43.50524677233039,-14.72346975749989,0.14198132324564097,-0.13660824582794817,-0.9799963000369314,-0.028048938217918866,-16.661921626839465,-54.42709200046564,1.067849889142179,63,-8.55770043137631,-57.05207036357752,-0.7971888186850581
1789037044.9007952,TIGHTLY_COUPLED,-19.033938909905583,-43.48711239002261,-14.721553043853204,0.14192369671424537,-0.13658669048150054,-0.9800062259286139,-0.02809870878578766,-16.73041316573505,-54.41560366453266,1.0701034011513348,60,-8.633037413136815,-57.06017341454493,-0.7963714988858132
1789037045.0394986,TIGHTLY_COUPLED,-19.10491122436512,-43.45353327926033,-14.721317885509258,0.1418460852018409,-0.13659217534515347,-0.9800169535113965,-0.028089794901928918,-16.783634799780152,-54.40667672256758,1.0718539436753536,59,-8.676142133666866,-57.06194453011956,-0.7951184346791891
1789037045.1799128,TIGHTLY_COUPLED,-19.17046273923768,-43.43701528917974,-14.71887761441671,0.1418436844895746,-0.13661467179482636,-0.9800120793428906,-0.0281624743734977,-16.83094476192574,-54.39874140558193,1.073409790225026,57,-8.702122879939582,-57.06850613658336,-0.7925554606026967
1789037045.3150697,TIGHTLY_COUPLED,-19.233798271060543,-43.41841751321141,-14.717329962757146,0.14185934127015062,-0.13649648905551817,-0.9800254988698692,-0.028189667163340856,-16.883665912387187,-54.38989813896996,1.075143949996151,60,-8.742774079728125,-57.07058627390487,-0.791831118752063
1789037045.4813824,TIGHTLY_COUPLED,-19.291505218959728,-43.40204479586593,-14.715930538160915,0.14186738251911632,-0.13649370818611992,-0.9800270995226312,-0.028106896022784617,-16.946248776005614,-54.37940072473326,1.0772030278715918,61,-8.793460144092156,-57.07172100150056,-0.7907906814680623
1789037045.6059728,TIGHTLY_COUPLED,-19.346781065978604,-43.374403153807826,-14.71587354789255,0.14179414864190584,-0.13655791713964638,-0.9800272249575612,-0.02816013173584817,-16.999969661254674,-54.37038968717601,1.0789699036111153,60,-8.830543526687157,-57.07404090096939,-0.7905880745180677
1789037045.7475824,TIGHTLY_COUPLED,-19.40043209709476,-43.36346259964999,-14.71334620485372,0.14174894803243426,-0.13659528294546322,-0.9800297938533885,-0.02811703342161254,-17.061086213011354,-54.3601380392626,1.0809797744311447,59,-8.863258874818706,-57.07395665785032,-0.7898421593815595
1789037045.898484,TIGHTLY_COUPLED,-19.464777874057727,-43.347260756994395,-14.710860260782233,0.14174096330087402,-0.13653643371149685,-0.9800411366980544,-0.028047673191765595,-17.12466101414264,-54.34947378453479,1.0830701674786987,58,-8.900017141704668,-57.07489238044473,-0.7887644232697874
1789037046.0465865,TIGHTLY_COUPLED,-19.528208236367856,-43.33009040608081,-14.70902886350962,0.14178262816986675,-0.13646245063978998,-0.9800458175419631,-0.028033576887968068,-17.18428023720605,-54.33947346822889,1.085031881351935,62,-8.975649130124873,-57.087431885586994,-0.7849803863974076
1789037046.1927233,TIGHTLY_COUPLED,-19.592057055574667,-43.29971915374083,-14.70862921603448,0.14172240670747194,-0.13649390119653482,-0.9800500135823789,-0.028038281872672866,-17.241439983912187,-54.329885807585065,1.086912418478713,56,-9.014611987127344,-57.096119550231194,-0.782680229527748
1789037046.3188,TIGHTLY_COUPLED,-19.65643074314337,-43.28346823840721,-14.706317147552454,0.1416665755002704,-0.13644655058110058,-0.9800684708621447,-0.027905423173337027,-17.296633381242863,-54.32062809482623,1.0887278019173734,58,-9.045784761472078,-57.101285066216015,-0.780727191573363
1789037046.4717216,TIGHTLY_COUPLED,-19.707398883925794,-43.27078423967874,-14.70427056129156,0.1416397627797385,-0.13652176873092722,-0.9800608329351636,-0.027941868382626096,-17.360205424712653,-54.309965080787784,1.0908183692679967,55,-9.087522747382902,-57.101510623233565,-0.7808044734932743
1789037046.6269388,TIGHTLY_COUPLED,-19.770434738087133,-43.254503496253704,-14.70157208870964,0.14158138405995557,-0.13652490277953638,-0.9800698680902438,-0.027905488174871044,-17.422778726029463,-54.29946914769653,1.0928772713038033,53,-9.184724513121838,-57.1097808813869,-0.7772846298730398
1789037046.7636094,TIGHTLY_COUPLED,-19.835996093874957,-43.23109389510601,-14.699064381550697,0.14135186630269214,-0.13658990005841726,-0.9800967341543859,-0.027807207603147456,-17.471075303495926,-54.291367975545946,1.094465908022314,56,-9.238283815588913,-57.1074922673757,-0.7766706427980445
1789037046.9149096,TIGHTLY_COUPLED,-19.901534927707523,-43.213528366104015,-14.696643869898494,0.14127863827146125,-0.136591517308294,-0.9801075113750394,-0.027791543926287972,-17.534653988728163,-54.280703307210146,1.0965569213440258,49,-9.269319480014586,-57.11040760519777,-0.7746057253593406
1789037047.0506022,TIGHTLY_COUPLED,-19.964744803867262,-43.19344861009337,-14.694739370369208,0.14131328395486392,-0.1365928618788259,-0.9801034157289233,-0.027753204105853625,-17.594291476876148,-54.27069965059263,1.0985179997849648,53,-9.2926826613562,-57.11673551958929,-0.7732582748774391
1789037047.203112,TIGHTLY_COUPLED,-20.017383386202578,-43.17611436938216,-14.693227267760724,0.14124934256778196,-0.13665641273489307,-0.980099712518578,-0.0278962650475083,-17.659338470685643,-54.25978829587512,1.1006570865708438,56,-9.333128816603509,-57.11894884996569,-0.773675291246608
1789037047.3440244,TIGHTLY_COUPLED,-20.08723782447609,-43.15257259383185,-14.69018875394609,0.14116027371369563,-0.13672617782952448,-0.9801035742236008,-0.02786957508334999,-17.713044082546286,-54.25078008052548,1.102424529612132,53,-9.365618501848035,-57.1279650692955,-0.771264625202272
1789037047.478378,TIGHTLY_COUPLED,-20.149006474679446,-43.13582219827502,-14.687701613703673,0.14115820108496815,-0.13679934294810558,-0.9800892520030394,-0.028024277752425615,-17.767741033225484,-54.241605487725,1.1042238350788025,51,-9.4319099584649,-57.13543035289353,-0.7688054001092698
1789037047.6210802,TIGHTLY_COUPLED,-20.217610076414815,-43.114694701449906,-14.685733374099511,0.14125990410948205,-0.13673884499945982,-0.9800813710559155,-0.02808262573817806,-17.819977985192235,-54.23284360266247,1.1059419214836994,53,-9.481753197751418,-57.133587181828986,-0.7686285306042097
1789037047.7739937,TIGHTLY_COUPLED,-20.27615257671452,-43.09485191794913,-14.6844036131698,0.141277804347721,-0.13670720478689039,-0.9800863863114083,-0.02797136973920458,-17.884040264907373,-54.22209812525799,1.1080486078870841,56,-9.536791194632237,-57.13406268347574,-0.7673347829756679
1789037047.9214175,TIGHTLY_COUPLED,-20.319661259295994,-43.07384684462253,-14.683450742415143,0.14119295227390805,-0.13680989044575487,-0.980085693614388,-0.027921985545493008,-17.949079995185606,-54.211188431257405,1.1101887721215202,51,-9.56495664661743,-57.14369722107194,-0.7639708238780307
1789037048.0664444,TIGHTLY_COUPLED,-20.382245630408715,-43.05447486419008,-14.681473967909222,0.14117389422140744,-0.13673839172767624,-0.9800995225918914,-0.027883142456298696,-18.010685321186763,-54.200854742006285,1.112215016680482,52,-9.67011138022722,-57.14220554028252,-0.7634982917404822
1789037048.210455,TIGHTLY_COUPLED,-20.446260510267035,-43.03459217619121,-14.679566978252495,0.14115428779186145,-0.13674088022778402,-0.9801044268520784,-0.02779768295131885,-18.0644083226135,-54.19184318275875,1.1139818151567482,48,-9.687337011785532,-57.151273710650464,-0.7609628815231744
1789037048.3490674,TIGHTLY_COUPLED,-20.509250508041692,-43.01606760287175,-14.677214435293351,0.14108530525602903,-0.1367508446825866,-0.9801118418139253,-0.027837396708877648,-18.11763795044316,-54.18291429058053,1.1157321126649355,54,-9.722540732208355,-57.15500571054489,-0.7598016599784919
1789037048.499552,TIGHTLY_COUPLED,-20.569390342899812,-42.997139659853836,-14.67525264042091,0.1411065841861352,-0.13673425172907838,-0.980111230445894,-0.027832575469153006,-18.18465242486689,-54.17167305338195,1.11793631264696,57,-9.759871835467052,-57.15764184048274,-0.758468054421102
1789037048.6421099,TIGHTLY_COUPLED,-20.627392242738512,-42.980360194790144,-14.672400177965258,0.14111238705940693,-0.1366941099811803,-0.9801164503535316,-0.027816510587103722,-18.243287809937595,-54.161837698420534,1.1198657483572492,54,-9.800887825944018,-57.16710531743778,-0.7550592120000832
1789037048.7783637,TIGHTLY_COUPLED,-20.686605715998468,-42.96074926870558,-14.67067664743517,0.14113757509749864,-0.13671325118254293,-0.9801066264584808,-0.02794051930213377,-18.303407708445587,-54.15175348894037,1.1218432666517315,53,-9.8344583919056,-57.17779673296154,-0.7517023846436129
1789037048.9260793,TIGHTLY_COUPLED,-20.751597108955796,-42.939599590792696,-14.668571830633004,0.1410484528287861,-0.13665077938219372,-0.9801255851539857,-0.028030978852007764,-18.360081455923474,-54.14224740704808,1.1237071048541012,56,-9.923249522346271,-57.17972281169817,-0.7484067741060354
1789037049.0822935,TIGHTLY_COUPLED,-20.81379795773261,-42.91925217940436,-14.667727882699447,0.14103718383522018,-0.13652484023010855,-0.980144445231776,-0.028041883982138596,-18.416745205121806,-54.13274269660021,1.1255708610577502,55,-9.960337980258918,-57.18039349620149,-0.7477813330776563
1789037049.2158315,TIGHTLY_COUPLED,-20.882117865226924,-42.89709647715865,-14.668338708721317,0.1410113478159455,-0.1365449162662642,-0.9801474986784378,-0.027967239108844986,-18.46306390813754,-54.124973258462944,1.1270950167646667,53,-9.995068353141122,-57.18620618473028,-0.7461187881118116
1789037049.356013,TIGHTLY_COUPLED,-20.932451744301297,-42.88224395031345,-14.666642114572355,0.14096375608113917,-0.13657378868626877,-0.980149787487511,-0.02798595725650093,-18.513826220730362,-54.11645831735869,1.1287646230998902,56,-10.038401350499024,-57.19219681458224,-0.7442190640365755
1789037049.5062704,TIGHTLY_COUPLED,-20.983748340110463,-42.86704568888651,-14.664959162793657,0.14092298670745448,-0.1365777802113419,-0.9801551907976279,-0.027982561041813334,-18.576420290353713,-54.10595865420558,1.1308231722544226,54,-10.080688025507477,-57.197352382712374,-0.7423490395349185
1789037049.6555955,TIGHTLY_COUPLED,-21.032465235762796,-42.85271753702418,-14.663450218521627,0.14098535947951552,-0.13663556431928003,-0.9801386674950178,-0.027965039901183906,-18.644434010607714,-54.09454973494655,1.133059539084916,50,-10.123549087761935,-57.19982737442832,-0.7407168855788888
1789037049.801233,TIGHTLY_COUPLED,-21.113064595273844,-42.833137283941895,-14.66100253349567,0.14094887350600313,-0.13659555265324383,-0.9801515355283569,-0.02789332275201304,-18.699126940175713,-54.08537537168388,1.134858715149,53,-10.195488349218845,-57.209633142009814,-0.7376479818209047
1789037049.9358532,TIGHTLY_COUPLED,-21.171033597846417,-42.81464484404017,-14.65935268681296,0.1409293373376286,-0.1366106848493037,-0.9801528847292585,-0.027870508059491334,-18.754312699113978,-54.07611858729244,1.1366746648095127,53,-10.231317049226888,-57.220539645083136,-0.7350106624759268
1789037050.0876653,TIGHTLY_COUPLED,-21.23689715280336,-42.792545989852954,-14.65785541429713,0.14092203117731103,-0.13658418758998048,-0.9801564280148795,-0.0279126754424999,-18.812953567238267,-54.06628237402152,1.1386035414311815,55,-10.27102515893227,-57.2185212943682,-0.735969099696886
1789037050.2300262,TIGHTLY_COUPLED,-21.29874680720089,-42.772654419499155,-14.656289863695454,0.14094788500260888,-0.1365766311316961,-0.980155663631048,-0.027845872117567595,-18.87997560825317,-54.05504042743177,1.1408076826412616,53,-10.308044369229721,-57.22455351098903,-0.7336662734771905
1789037050.367411,TIGHTLY_COUPLED,-21.353368117933375,-42.763175786865894,-14.654310047091407,0.14104038268081023,-0.13653669640828806,-0.980145256684101,-0.027939520160864546,-18.937622585757126,-54.04537063798288,1.1427041149479746,56,-10.347726001388287,-57.22921342427455,-0.7315467282496747
1789037050.5135703,TIGHTLY_COUPLED,-21.42179836243654,-42.74021862423896,-14.652613344914885,0.14104463244060422,-0.13657724698681348,-0.9801385271467125,-0.027955945125694253,-18.999715458802708,-54.03495510908171,1.1447468410359927,54,-10.436969565795918,-57.237048421993755,-0.7296123148146217
1789037050.654058,TIGHTLY_COUPLED,-21.47922019243465,-42.72051427929135,-14.651521128787442,0.1411912711330958,-0.13655747485609315,-0.9801196523129342,-0.027974062392173846,-19.049000977819126,-54.02668782284277,1.1463678189085116,53,-10.47357554444111,-57.23955555998763,-0.7281089404967698
1789037050.807623,TIGHTLY_COUPLED,-21.53197048750413,-42.70293217777145,-14.650600104465015,0.1412141762547878,-0.1364975151819181,-0.9801275895905232,-0.02787279851961499,-19.100752906770158,-54.01800675434447,1.1480697260049308,57,-10.506864644708788,-57.245235110059504,-0.7256708935615693
1789037050.9456139,TIGHTLY_COUPLED,-21.586901801501536,-42.68984202497087,-14.649389582869496,0.14117663651233284,-0.13651943538385014,-0.9801297694513254,-0.027878954442939842,-19.154473606667164,-54.008995323076945,1.1498361036941251,54,-10.544171259735212,-57.254874744626704,-0.7239245675120677
1789037051.0865428,TIGHTLY_COUPLED,-21.646593929488013,-42.67078709118111,-14.647157543345076,0.1411239896969449,-0.13657471140459146,-0.9801303793620938,-0.027853315570814056,-19.209167140169953,-53.99982074923711,1.1516352570517057,56,-10.573210250455356,-57.257412400314514,-0.7225849209560642
1789037051.2240727,TIGHTLY_COUPLED,-21.700077927806007,-42.65355401746437,-14.645596579895928,0.1411164154469194,-0.13655312532252087,-0.9801320271413814,-0.027939409939921417,-19.272730440706887,-53.989158659228146,1.1537267662955721,55,-10.603399785314817,-57.263608653183894,-0.7209220193450404
1789037051.3766382,TIGHTLY_COUPLED,-21.757892409380236,-42.63361251920588,-14.644561897054972,0.14115496953571258,-0.13647525179895714,-0.9801367372307027,-0.02795990973762021,-19.33482212767159,-53.97874358161602,1.1557690938717902,57,-10.63729524653024,-57.268688428501704,-0.7187849737569014
1789037051.515575,TIGHTLY_COUPLED,-21.819962217301626,-42.61827710548303,-14.642997884875673,0.141199469846604,-0.1364596720874536,-0.9801289853557132,-0.02808272911244519,-19.389524560290774,-53.969568040377865,1.1575680443465561,58,-10.720230222346842,-57.28270046386507,-0.7143031361248365
1789037051.6665213,TIGHTLY_COUPLED,-21.87906287396533,-42.599153041138614,-14.641335458166099,0.14120338305590918,-0.13652667739698512,-0.9801188163733809,-0.028092290105090484,-19.442737624071924,-53.96064197540432,1.1593184470885356,56,-10.760278904111727,-57.28958745224704,-0.7124729586909535
1789037051.802332,TIGHTLY_COUPLED,-21.94291944175924,-42.57915560335456,-14.639281720719655,0.14117213029764067,-0.13660115625814365,-0.9801134523227889,-0.028074442328716854,-19.494971386851663,-53.95188021709824,1.1610370775617875,55,-10.811509876659091,-57.28338463178442,-0.7126775845574653
1789037051.954723,TIGHTLY_COUPLED,-22.00413083903947,-42.55963140882585,-14.637424740673712,0.14119349749229596,-0.1366022353791603,-0.9801107938320688,-0.02805454275480724,-19.55214141970364,-53.942290287132415,1.1629173899218495,54,-10.844970614438571,-57.28553210006443,-0.7114620134084886
1789037052.0867465,TIGHTLY_COUPLED,-22.05164721798803,-42.545112150986334,-14.637107380723803,0.14117171591458402,-0.13642418762872888,-0.9801370448352238,-0.028113359764495346,-19.612764601250042,-53.93212106814577,1.1649110465842158,55,-10.891671843612402,-57.28755533140237,-0.709041754501492
1789037052.2381253,TIGHTLY_COUPLED,-22.101986930795146,-42.52728364363113,-14.636309846814324,0.14112350684153702,-0.13642584952240955,-0.980143636932186,-0.02811751020597175,-19.67683300371764,-53.92137362968947,1.1670176342212546,57,-10.91408564454779,-57.303143818991146,-0.7040345855456664
1789037052.3789127,TIGHTLY_COUPLED,-22.16793364997745,-42.504024453376886,-14.635249386741584,0.14127729930921437,-0.13637774837736935,-0.9801256283737491,-0.028206152739732124,-19.73448120360653,-53.911703761341414,1.168914829958417,52,-10.959372457084783,-57.304453414025424,-0.7036902025035661
1789037052.5162034,TIGHTLY_COUPLED,-22.22639187117157,-42.48312256713539,-14.6339942679312,0.141256721779938,-0.13653891780854582,-0.9801063537047581,-0.028199253593316688,-19.7886855578003,-53.9026117224921,1.1706983066619294,49,-11.035536150721729,-57.314636125000085,-0.6993663071534655
1789037052.6475194,TIGHTLY_COUPLED,-22.29044534885297,-42.46077189490224,-14.633005238886902,0.1413707483181356,-0.13656080952387228,-0.98008538178567,-0.02825068551721448,-19.83747435484163,-53.89442823894206,1.1723031201922818,54,-11.079021883350627,-57.32158954372137,-0.6964450015893549
1789037052.7886782,TIGHTLY_COUPLED,-22.33833319341798,-42.445659655369525,-14.631834283918877,0.14133337124877118,-0.13645665626918999,-0.9801065628804386,-0.02820610802613623,-19.891201889966034,-53.88541828212398,1.1740612470083676,53,-11.115604421080805,-57.32446844237672,-0.6945863448676045
1789037052.9319541,TIGHTLY_COUPLED,-22.397098674578924,-42.42652796126447,-14.63053877278941,0.14142673159321198,-0.13647070824801505,-0.9800915883192541,-0.028190492847563926,-19.953802460189557,-53.87491764831874,1.176120382401654,56,-11.160811602958322,-57.33703354847811,-0.6910643811952147
1789037053.0790176,TIGHTLY_COUPLED,-22.450981757742497,-42.40956431595376,-14.62900668207022,0.14125994802080283,-0.1364586191338091,-0.9801185384676337,-0.028148230873786706,-20.016888699499866,-53.86433504396374,1.1781954794011926,54,-11.192968681760881,-57.3391910405629,-0.6909154861860511
1789037053.2297375,TIGHTLY_COUPLED,-22.510747699986734,-42.39090480679927,-14.627460081534904,0.14143519868356536,-0.13643259131608096,-0.980094677090798,-0.02822510475453287,-20.07652350434276,-53.854330843316596,1.1801577374379548,51,-11.231608798943657,-57.34613106889811,-0.6886029466375757
1789037053.3671536,TIGHTLY_COUPLED,-22.575078251322243,-42.370359447434055,-14.625989698889056,0.1413737202513047,-0.13646336467647108,-0.9800965925064768,-0.02831767435146532,-20.136158341740433,-53.844326773316304,1.1821191713134656,54,-11.292685232404715,-57.35555380029831,-0.684707107375463
1789037053.5123465,TIGHTLY_COUPLED,-22.63886463642476,-42.35124631499371,-14.62449761396993,0.14141180499626868,-0.13635585958271654,-0.9801095298358165,-0.02819734899189255,-20.185930489564328,-53.83597247627348,1.183755515889929,52,-11.324142361951905,-57.358690957664635,-0.6829341111650021
1789037053.6599762,TIGHTLY_COUPLED,-22.697240618363697,-42.33367204723455,-14.623144078595224,0.14141726680612912,-0.1364031509877306,-0.9801002120878787,-0.02826501928175054,-20.24358069760881,-53.82628507675651,1.1856539340242507,52,-11.36397659847291,-57.36978705582247,-0.6789440809610721
1789037053.8051064,TIGHTLY_COUPLED,-22.754155168042324,-42.322105446893815,-14.62038032151472,0.14135666854830783,-0.13634136000094052,-0.9801178805664127,-0.02825360161149367,-20.30864657809537,-53.81536781081124,1.1877926554930647,53,-11.399934399128533,-57.373349782423254,-0.6787895423540954
1789037053.9472206,TIGHTLY_COUPLED,-22.806725672239875,-42.306473002523866,-14.618527067905271,0.14137377731289766,-0.13630180295524982,-0.9801233266236365,-0.028169810216752276,-20.368286078575885,-53.80537805614682,1.1897272488939574,53,-11.445358856153266,-57.37971235861886,-0.6764427595201629
1789037054.0798419,TIGHTLY_COUPLED,-22.87185728000441,-42.28825233243065,-14.616572360729233,0.14124622178423166,-0.13628575332924034,-0.9801459870528612,-0.02809879597658224,-20.42201780189653,-53.796378277663244,1.191459193081371,53,-11.48720424033616,-57.38350235268369,-0.6742447043239254
1789037054.2108755,TIGHTLY_COUPLED,-22.923803890582906,-42.27530132880782,-14.614870921118138,0.14130172043201208,-0.13618430439411056,-0.9801542764657174,-0.02802237259069634,-20.47576152064973,-53.78737426469912,1.1932091947759802,53,-11.525198436146281,-57.40926754570225,-0.6670299833836543
1789037054.3108835,TIGHTLY_COUPLED,-22.962914783544804,-42.262353344282566,-14.61322212884724,0.14128471881140126,-0.13612931854764646,-0.9801633050020421,-0.028059443857828062,-20.513227805309747,-53.78110274809439,1.194415204756821,54,-11.56324795264912,-57.42225194083268,-0.6634631937177015
1789037054.4439535,TIGHTLY_COUPLED,-23.0109786425561,-42.248900039825664,-14.611742304040316,0.1412805580714804,-0.1361025944469499,-0.9801679473683165,-0.02804786351224194,-20.570922799733484,-53.77144826686014,1.196261438714617,53,-11.590017585065755,-57.43273103689494,-0.660357962804307
1789037054.5881732,TIGHTLY_COUPLED,-23.067517904718237,-42.23361201639154,-14.609900927859629,0.14123193341230375,-0.13596439163721635,-0.9801949389703696,-0.028019757461796396,-20.631095289433187,-53.761376657624865,1.1981807403235298,55,-11.685455001574084,-57.44605365907246,-0.6550998653569036
1789037054.742872,TIGHTLY_COUPLED,-23.130772021331897,-42.216224026810416,-14.607971489331137,0.14134377028661418,-0.13597872862913027,-0.9801776747321905,-0.027990175386489447,-20.686700183320017,-53.752000643020835,1.1999101589538033,49,-11.725593310078827,-57.45142926324724,-0.6530488781432391
1789037054.8799992,TIGHTLY_COUPLED,-23.19103714776431,-42.19773617287061,-14.606615478444102,0.14142179836421095,-0.13583177520662099,-0.9801871367032045,-0.02797822069439583,-20.740849867428683,-53.74234107020972,1.2016271603037336,53,-11.780359046998338,-57.45879033555351,-0.649290414513394
1789037055.015132,TIGHTLY_COUPLED,-23.245350192210402,-42.177969770726364,-14.606370843188706,0.1414532974420443,-0.13604403934847112,-0.9801191205757082,-0.029146071474981085,-20.795101247078893,-53.73312932595278,1.2033359227041593,55,-11.808701236421673,-57.47432386419032,-0.645219447737016
1789037055.1436198,TIGHTLY_COUPLED,-23.296338901270033,-42.16282447899414,-14.605212735410781,0.141569594388969,-0.13597691595409325,-0.9801112967306078,-0.02915774842478025,-20.85130262844575,-53.72358846379283,1.2051190950259667,52,-11.881699222340735,-57.48220521633917,-0.6403544170612105
1789037055.2890244,TIGHTLY_COUPLED,-23.346248464706715,-42.1485294576808,-14.603789899656798,0.14167334641484586,-0.13606572881091974,-0.9800831126512864,-0.029186857565319035,-20.91489640973968,-53.71278912297885,1.2071380470358841,49,-11.964949715765272,-57.474380458070414,-0.6408147040803178
1789037055.4294887,TIGHTLY_COUPLED,-23.41563355221223,-42.13138108146582,-14.602288740505063,0.1418045056390205,-0.13592599930910765,-0.9800856213076958,-0.02911665843123835,-20.9745255312131,-53.70265949582697,1.2090337793031503,49,-12.116431572539529,-57.47921355635325,-0.636220192459823
1789037055.5679338,TIGHTLY_COUPLED,-23.470775893487478,-42.11463115268529,-14.601127936601456,0.1419418400015493,-0.13585539524273835,-0.9800788803818646,-0.029003687176717793,-21.02575952556453,-53.69394848755901,1.210664517320682,54,-12.158080655278123,-57.481164682057106,-0.633799393605936
1789037055.7240822,TIGHTLY_COUPLED,-23.5290233089687,-42.097876785790184,-14.599508811154438,0.14191045088057766,-0.13580514577997785,-0.9800915588874561,-0.02896415902639748,-21.080941167087733,-53.684563612004155,1.2124139947283177,54,-12.208456428324642,-57.47765268567624,-0.6339601709782671
1789037055.860995,TIGHTLY_COUPLED,-23.587529729854378,-42.084446344622194,-14.59644831836294,0.14181440358208933,-0.13582530514551416,-0.9801021239672755,-0.028982546706939036,-21.136124404139817,-53.67517832294317,1.2141634290478662,52,-12.252105124674426,-57.4842044455947,-0.6323414859653251
1789037056.0012624,TIGHTLY_COUPLED,-23.636348975679258,-42.069717509791474,-14.594458061014304,0.14179397510099231,-0.13585701076193438,-0.9800991890063455,-0.029033101126039646,-21.198201147757253,-53.66461915864702,1.2161301429353357,55,-12.30983119174472,-57.48519770267353,-0.6305387675886267
1789037056.142209,TIGHTLY_COUPLED,-23.68841491577747,-42.05332943410982,-14.592858655821024,0.14183411976242905,-0.1358846900297801,-0.9800892270112057,-0.029043770128980094,-21.261249365454713,-53.653895956323765,1.2181294632559094,54,-12.35546822458786,-57.48469476433993,-0.6290979228892007
1789037056.291622,TIGHTLY_COUPLED,-23.75483115555413,-42.03360572714454,-14.590621049831318,0.1419282595741708,-0.13605318990774076,-0.9800506746599202,-0.02909594041804633,-21.320851139386505,-53.643758738171954,1.2200198152055532,51,-12.43746637738589,-57.490620297932026,-0.6254095516868929
1789037056.4362316,TIGHTLY_COUPLED,-23.81176630457185,-42.01921059487795,-14.588778922422282,0.14193647442917096,-0.13597708200087774,-0.9800615158715221,-0.029046437040682615,-21.370113058049267,-53.63538027171506,1.2215817502808899,57,-12.463879357646466,-57.501730213476435,-0.6228974112870773
1789037056.5785828,TIGHTLY_COUPLED,-23.86867358597858,-42.00201487915991,-14.586474694715688,0.14193590955161456,-0.13600471942123152,-0.9800592058988317,-0.02899770349285738,-21.424303926814122,-53.62616356322742,1.2232997016909397,47,-12.500541160971501,-57.50558450971975,-0.6211724537115033
1789037056.7176895,TIGHTLY_COUPLED,-23.920408124321916,-41.986975326983945,-14.5843003661911,0.1420118660388762,-0.1361020411085033,-0.9800343907257342,-0.02900788349905541,-21.48932118472687,-53.6151051270919,1.2253612463291375,55,-12.533554626467694,-57.51409139769972,-0.6177472276213645
1789037056.878751,TIGHTLY_COUPLED,-23.979104806375567,-41.96991521925726,-14.582141450515664,0.14202219026394797,-0.13610753081809224,-0.9800312089898686,-0.029039058750067296,-21.552376479495095,-53.6043804918329,1.2273609871515667,52,-12.572024351320607,-57.519167340394986,-0.6164656875029807
1789037057.02083,TIGHTLY_COUPLED,-24.034724486803487,-41.95773806377714,-14.57943168016987,0.1420963913915893,-0.13596600163231048,-0.9800393322394141,-0.029064913853896188,-21.614947451208568,-53.59373807346199,1.2293447067728023,53,-12.625194437765828,-57.519318176394734,-0.6148373142301503
1789037057.1666641,TIGHTLY_COUPLED,-24.098765712888785,-41.9389057061701,-14.576927739791003,0.14199463781196664,-0.13596232534329117,-0.9800531765017483,-0.029112542807643558,-21.665696169251344,-53.58510640178375,1.2309534077139006,54,-12.7048369410102,-57.52821927962057,-0.6106988867401534
1789037057.296746,TIGHTLY_COUPLED,-24.161907126171133,-41.92135035146994,-14.574394154371264,0.14200591438323576,-0.13603736045922418,-0.9800436839950031,-0.029026441410734717,-21.717426076709515,-53.576307696101345,1.2325929617134948,52,-12.752119107477869,-57.52757665557107,-0.6107659471036171
1789037057.4466882,TIGHTLY_COUPLED,-24.212852616399346,-41.90691389727424,-14.572337683025422,0.1420002157632821,-0.13607331035139753,-0.9800373132084201,-0.02910081875849519,-21.76914434153094,-53.567511260131056,1.2342331111205143,52,-12.79652456297279,-57.5325105019771,-0.6090171524745325
1789037057.5868163,TIGHTLY_COUPLED,-24.278030990088183,-41.89295091637373,-14.570631900401715,0.14203942667715672,-0.13593246728999608,-0.9800507821402359,-0.029114086487314783,-21.8267745982077,-53.557709361332975,1.2360610576814937,55,-12.835272449479156,-57.53942901252677,-0.6076458723305561
1789037057.7224522,TIGHTLY_COUPLED,-24.324507912786906,-41.87721827620511,-14.569401012827814,0.14205999767260424,-0.13593711406178918,-0.9800496964581622,-0.029028443879684073,-21.881947271106537,-53.54832558403353,1.2378104220344257,57,-12.879113460416214,-57.55292442124166,-0.6040381278927192
1789037057.875255,TIGHTLY_COUPLED,-24.373270929841645,-41.86262665939611,-14.567872047626997,0.14212208051372852,-0.1359889226992284,-0.9800313262473438,-0.029102005213131662,-21.950916581824636,-53.53659535877242,1.2399968145682227,53,-12.92145338051182,-57.55519046410586,-0.6029493660564607
1789037058.0266469,TIGHTLY_COUPLED,-24.4442625856342,-41.84284788465585,-14.565291826103904,0.14200397108722873,-0.1360152047356272,-0.9800436742398427,-0.0291398843280505,-22.0100209614488,-53.52654251915428,1.2418712527248645,51,-13.013260333036913,-57.55791643087071,-0.6001571507891208
1789037058.1648476,TIGHTLY_COUPLED,-24.509383385797708,-41.83138741062978,-14.563381932146395,0.1420735652981327,-0.13598785985832776,-0.9800388052145664,-0.029091996979139625,-22.058791787520352,-53.51824735468552,1.2434178479033415,52,-13.051809730730916,-57.55952121469055,-0.5990500716754512
1789037058.3048987,TIGHTLY_COUPLED,-24.568576807718973,-41.815582518209126,-14.560944981695272,0.1420526192060282,-0.13602929789085985,-0.9800339702162906,-0.029163345386321177,-22.115943007391866,-53.50852672268975,1.245229779331986,49,-13.085146850089915,-57.56057839766128,-0.5988578976561183
1789037058.4533825,TIGHTLY_COUPLED,-24.62629344424002,-41.80075658643941,-14.558625660549902,0.14205487270691988,-0.13600900362333296,-0.9800389645464844,-0.029079065395297875,-22.180487555431405,-53.49754850686076,1.247275831417226,50,-13.131845235012413,-57.561026858012895,-0.597695338945648
1789037058.6009212,TIGHTLY_COUPLED,-24.687172381762032,-41.78952751296608,-14.556473358551218,0.14213491280305948,-0.13600475219190666,-0.980025168480689,-0.029172642802498202,-22.243053551018967,-53.48690663984178,1.2492589393569873,50,-13.171715194736688,-57.566902756865275,-0.5955540242207004
1789037058.7296267,TIGHTLY_COUPLED,-24.75110248292319,-41.771197007695584,-14.554288179751513,0.1422285975280275,-0.1360220875744778,-0.9800082803083702,-0.029202538658868574,-22.294278629606648,-53.478194072096684,1.250883771412525,51,-13.210733007381918,-57.57367153560347,-0.5929620587159737
1789037058.883587,TIGHTLY_COUPLED,-24.80327699892178,-41.75631736471268,-14.552703143724742,0.14222638393071502,-0.13599090022097265,-0.9800131431720196,-0.02919537602396716,-22.35486680465732,-53.467889070102004,1.2528052478541993,53,-13.280974807166363,-57.59576229309985,-0.5862845442410893
1789037059.0192008,TIGHTLY_COUPLED,-24.86049232412048,-41.740514225757984,-14.55081353189389,0.14221073324049818,-0.1360001107047565,-0.9800137253124634,-0.029209167031623545,-22.40314426517563,-53.45967801247028,1.2543359224894612,46,-13.31576211128144,-57.60192533394146,-0.5834902690860464
1789037059.1613376,TIGHTLY_COUPLED,-24.923041727818823,-41.724241962747826,-14.549127498616059,0.14216779953709305,-0.13598677912330234,-0.980023698748666,-0.02914554115872939,-22.459798296758144,-53.450042340646796,1.2561318705040105,48,-13.360750605415802,-57.605261978986945,-0.5813933940086516
1789037059.306054,TIGHTLY_COUPLED,-24.984324897419235,-41.70775319366036,-14.5468832034089,0.14221727464895825,-0.1359015534979744,-0.9800299368442333,-0.029091879233699585,-22.51693264530842,-53.4403245552573,1.2579437236883604,50,-13.400871750623569,-57.612424574330966,-0.5776796445132705
1789037059.450057,TIGHTLY_COUPLED,-25.034758258088196,-41.695470848355704,-14.544912394698086,0.14221454360226282,-0.13598119163593522,-0.9800209192797307,-0.029036819443300506,-22.58442345447573,-53.42884534465484,1.2600839483539523,52,-13.429989402036016,-57.62065343810534,-0.5753617736104923
1789037059.6019986,TIGHTLY_COUPLED,-25.09421876532108,-41.679221793443,-14.542665584419145,0.142223542592071,-0.13600259571316925,-0.980014268123709,-0.029116870810455907,-22.646994878147915,-53.418202713711594,1.2620676435413443,51,-13.472265668793966,-57.625790855194964,-0.5734675753426905
1789037059.747947,TIGHTLY_COUPLED,-25.164426396356397,-41.66345884703753,-14.540298951823036,0.14217533557239123,-0.13593312220542145,-0.980029211366063,-0.029173705825220032,-22.701192221832272,-53.408984344207695,1.263785589772144,51,-13.556223769539777,-57.631468036231084,-0.5697309268329599
1789037059.887867,TIGHTLY_COUPLED,-25.22998648419678,-41.64555174365315,-14.538116795354954,0.14227017445302512,-0.13593027973052965,-0.9800171392642684,-0.029130109195907403,-22.75439670818835,-53.39993473017916,1.2654719724412664,48,-13.601735977099608,-57.63818752800651,-0.5668002521206051
1789037060.0358312,TIGHTLY_COUPLED,-25.285949021469822,-41.62982277062233,-14.536350826318822,0.14222279583933833,-0.13592995274277142,-0.9800237178145541,-0.02914166796752345,-22.818920293749763,-53.38896023571997,1.26751869509108,48,-13.644477574513019,-57.636318018858596,-0.5669696367537667
1789037060.1838386,TIGHTLY_COUPLED,-25.350131025695784,-41.61574147756974,-14.534314780902253,0.14226616493352245,-0.13583182585278997,-0.9800304730948747,-0.029160336178468332,-22.88098711871608,-53.378403713657015,1.26948687594605,48,-13.685677793584981,-57.638708458695845,-0.5658888110535903
1789037060.3198037,TIGHTLY_COUPLED,-25.413014831143105,-41.5972968181265,-14.532342317361746,0.14218916699494125,-0.1358434352743743,-0.9800433178099531,-0.029049907025684468,-22.93813261647027,-53.3686843244737,1.2712986249286904,48,-13.725205393666743,-57.64506497434484,-0.5638482055128401
1789037060.460855,TIGHTLY_COUPLED,-25.4708329737108,-41.58198338921313,-14.529942720456166,0.14223629450199599,-0.13591096344730755,-0.9800271881047797,-0.02904749759626385,-22.993698663026183,-53.35923172994637,1.2730612450068461,47,-13.799558001091366,-57.66250462369269,-0.5569507558202117
1789037060.614245,TIGHTLY_COUPLED,-25.53352923541733,-41.56738023652882,-14.527242850162837,0.14225639771394688,-0.13593226826924776,-0.9800196438170916,-0.02910383969942031,-23.013605663489553,-53.35584506372317,1.2736904229690027,49,-13.837203547235395,-57.66707073862914,-0.554509398431329
1789037060.7624888,TIGHTLY_COUPLED,-25.572496110005893,-41.55236327135368,-14.52649199979218,0.14232100931791844,-0.13589811432871246,-0.9800130993021196,-0.02916775659668287,-23.01407683048656,-53.35576538711984,1.273706895669825,46,-13.852021789386935,-57.671997263234914,-0.5526953007918431
1789037060.896628,TIGHTLY_COUPLED,-25.570816765964306,-41.5512059673622,-14.526447979204766,0.14226305250650476,-0.13591946673307045,-0.9800202360624948,-0.029111155293827372,-23.014066358577463,-53.35576712293714,1.2737068825740177,49,-13.839565757072698,-57.67234019815778,-0.5530265622848535
1789037061.0461504,TIGHTLY_COUPLED,-25.56346023436201,-41.55170347401219,-14.526578434955264,0.14232797788014517,-0.1359184974493831,-0.9800106968527889,-0.029119457717519462,-23.014058230435275,-53.35576847889148,1.2737067988882425,52,-13.842106532192684,-57.66981965061456,-0.5539036706457721
1789037061.1987767,TIGHTLY_COUPLED,-25.55457478525411,-41.551216054258,-14.527318455429418,0.14232292984054226,-0.135845471375584,-0.9800186050114075,-0.02921857936047936,-23.014052770166504,-53.35576939562902,1.27370669640779,53,-13.836341227926308,-57.673863674871846,-0.5528769862366838
1789037061.3523998,TIGHTLY_COUPLED,-25.54039918268232,-41.55114687993434,-14.528248124542225,0.14242519488008268,-0.13589060802348257,-0.980001396541284,-0.02908727026573027,-23.014048084716016,-53.3557701856392,1.2737065808471089,54,-13.83870811229805,-57.668352391359576,-0.5540967971289132
1789037061.4982955,TIGHTLY_COUPLED,-25.5313285887913,-41.55165718952343,-14.528686586264227,0.1424074520086805,-0.13586620473884342,-0.9800055377740023,-0.029148549784624334,-23.014043586146208,-53.355770946118454,1.273706452824732,54,-13.83718594198086,-57.67263254818977,-0.5529411188636405
1789037061.6420379,TIGHTLY_COUPLED,-25.523921275338783,-41.5520410877893,-14.529142446413745,0.14231581241721034,-0.1358288904926477,-0.9800264731433799,-0.029066027965895015,-23.01403938914454,-53.35577165655098,1.2737063247217129,54,-13.838911058204252,-57.67305487456635,-0.5526259495900175
1789037061.7916908,TIGHTLY_COUPLED,-25.517057773663122,-41.553306923711084,-14.529187978096411,0.14233530410739356,-0.13587722520404016,-0.9800189144609073,-0.028999451277072093,-23.014035400024007,-53.35577233214633,1.2737061992241594,54,-13.83533147264579,-57.67337694534292,-0.5524339442475961
1789037061.936013,TIGHTLY_COUPLED,-25.513259080871862,-41.55429874422848,-14.529241851669871,0.14223818664264817,-0.13580820421278803,-0.9800422667661282,-0.029010089296973816,-23.01403162212811,-53.35577297206139,1.273706078981088,54,-13.840460506125076,-57.67410667443191,-0.5522672706409012
1789037062.0814784,TIGHTLY_COUPLED,-25.511005438225947,-41.55433970711394,-14.529657908512274,0.14221048092455407,-0.1357521064714063,-0.9800536124809928,-0.02902518504228783,-23.014027385411758,-53.35577368968481,1.2737059436520715,54,-13.839053614449671,-57.67374269686731,-0.5527605501627251
1789037062.2351267,TIGHTLY_COUPLED,-25.5089937111631,-41.554693476898244,-14.529877784032529,0.14224005804657758,-0.13577936465107987,-0.9800456373731612,-0.029022037965823068,-23.014022999870907,-53.35577443246158,1.2737058035773874,54,-13.840080243549782,-57.673604177301094,-0.5526469923105569
1789037062.3747535,TIGHTLY_COUPLED,-25.506134740169298,-41.555225008012236,-14.53022256695105,0.14216174999894074,-0.13565642180596313,-0.9800771007063144,-0.02891796554300325,-23.014019289656442,-53.35577506080972,1.2737056852252204,54,-13.836511604715136,-57.67373096418218,-0.5525945847721101
1789037062.5055726,TIGHTLY_COUPLED,-25.505363491358413,-41.55576591695666,-14.530422024611655,0.1421393800013675,-0.13568927401712744,-0.9800726246659027,-0.02902529844842672,-23.01401573984704,-53.35577566195523,1.2737055721387438,54,-13.839063269884496,-57.673501245757166,-0.5526188439966416
1789037062.6544056,TIGHTLY_COUPLED,-25.50617979947544,-41.55575699460694,-14.53040879705837,0.14213127879310355,-0.13567081054630792,-0.9800761276657323,-0.029032993887784506,-23.014012445599725,-53.35577621979567,1.2737054673097281,54,-13.834611664895508,-57.675959813786584,-0.5523695994703745
1789037062.7961214,TIGHTLY_COUPLED,-25.504408338929274,-41.55583561362379,-14.530885312917464,0.1421467991076465,-0.1355763372913238,-0.9800891585626957,-0.028958341423270136,-23.014009022886782,-53.35577679936847,1.2737053584892108,54,-13.836347731075234,-57.67657248286482,-0.5521962896610522
1789037062.9468365,TIGHTLY_COUPLED,-25.50356572076561,-41.555742485520874,-14.53118459750051,0.14221884369109689,-0.13562563087967042,-0.9800709324433994,-0.028990621365959944,-23.014004607682626,-53.35577754697592,1.2737052182240696,54,-13.831461738673806,-57.67628605400192,-0.5520833266684911
1789037063.1001422,TIGHTLY_COUPLED,-25.50496778438844,-41.55583140178579,-14.53094480886509,0.14223780311168097,-0.13568045466744388,-0.9800578715066552,-0.029082470408186845,-23.01400038362243,-53.355778262197546,1.2737050841142086,54,-13.83497036516071,-57.67514267256189,-0.5522317367798605
1789037063.239941,TIGHTLY_COUPLED,-25.505899199253133,-41.555905240568514,-14.530848983298245,0.1422507714378602,-0.13565356981986457,-0.9800609709783491,-0.029039975644555956,-23.013996671016752,-53.35577889080679,1.2737049662883453,54,-13.834822045547309,-57.67750926265319,-0.5518944987494633
