time,mode,fused_x,fused_y,fused_z,fused_qx,fused_qy,fused_qz,fused_qw,gt_x,gt_y,gt_z,feat_count,aft_x,aft_y,aft_z
1660857413.294789,LIDAR_ONLY,-0.04809313994557541,0.03151171979444887,0.4419691559608029,-0.026918824883319276,0.024860032143234807,0.0029359014734337044,0.9993241396820537,,,,145,0.08450871147094322,-0.006427071014733915,0.4484076735047044
1660857413.38533,LIDAR_ONLY,-0.050764444550611645,0.030477173476750483,0.4444866519481424,-0.026260089430934445,0.02440433509310285,0.0027969953907076234,0.9993532973621128,,,,145,0.0841287817045399,-0.0074423297447805395,0.44656230064987334
1660857413.4865994,LIDAR_ONLY,-0.04952578859538586,0.027839861275459666,0.44077273390529126,-0.026198785971797638,0.024307072830545517,0.002818925943512872,0.9993572151540908,,,,145,0.08582573296177276,-0.009319831493521065,0.4411354294515298
1660857413.587173,LIDAR_ONLY,-0.04992408805777146,0.02732402246070914,0.44141153970375036,-0.028510922563047804,0.024005428120480628,0.003198098073802074,0.9993000744941766,,,,146,0.0860008942510904,-0.010692718967604153,0.4412636420458291
1660857413.6876962,LIDAR_ONLY,-0.0568173097073504,0.027884012526335867,0.44642286991050784,-0.029551126133225324,0.02455185590020472,0.0028645289007759186,0.9992575903090708,,,,149,0.08065343410737158,-0.010841936674137107,0.44349921015225163
1660857413.7882063,LIDAR_ONLY,-0.05019075241358502,0.02831103156552551,0.4423068069743773,-0.03175458281260282,0.02497414222973661,0.002751170858979068,0.9991798485503955,,,,144,0.07849882159034986,-0.010039936421078345,0.4415417223436719
1660857413.8907201,LIDAR_ONLY,-0.03932542730473439,0.030177916693661898,0.43901202281426205,-0.03251935642204518,0.024337135468959784,0.003233918850676747,0.9991695236865108,,,,139,0.0843697802147702,-0.010143593202711784,0.44302643532280495
1660857413.991347,LIDAR_ONLY,-0.0195041251162053,0.033297653902323116,0.4429687811165473,-0.03599156933105937,0.023707684425573507,0.004069571578795468,0.9990625562112866,,,,146,0.10347415024298859,-0.011214147184054819,0.43402249057741077
1660857414.091921,LIDAR_ONLY,0.0012594378581262632,0.028840317928441522,0.4513432112737085,-0.030962263425281862,0.02082303422948553,0.0038086917017142105,0.9992963691300907,,,,125,0.12411982868732781,-0.002134770534088114,0.4391362750467111
1660857414.192492,LIDAR_ONLY,0.04240908316521512,0.017361537684000464,0.4506285982811182,-0.027982103608942297,0.021200783182274276,0.003949047918861039,0.9993757720150169,,,,132,0.1474039628701451,-0.009996026193070266,0.44902623129010455
1660857414.303119,LIDAR_ONLY,0.11576047442435426,-0.005420860062015628,0.44100772581452335,-0.028561976125954125,0.019497295114982677,0.0025271013256731073,0.9993986605763836,,,,109,0.19918617617559706,-0.018720075345325,0.4465135863160037
1660857414.3936052,LIDAR_ONLY,0.22217162829793713,-0.025717062074838017,0.43791868253428207,-0.020658045303432467,0.01877326398362742,0.005356367310982265,0.9995959779095114,,,,96,0.27289476111612154,-0.04080227803477383,0.45221193323260966
1660857414.5159068,LIDAR_ONLY,0.31109735803009764,-0.034047806884336076,0.4590505168914769,-0.01979769353919884,0.01995317607581027,0.004534601518691615,0.9995945975664747,,,,85,0.37255821184842797,-0.06898267643945184,0.44399843315432974
1660857414.5963244,LIDAR_ONLY,0.4162616028430498,-0.03237587692066575,0.44564812408460996,-0.0223396091623224,0.016646916999707287,0.00525865430820288,0.9995980034852744,,,,99,0.443949605780031,-0.06861096429823287,0.44100291825992355
1660857414.697675,LIDAR_ONLY,0.5386772413621627,-0.023936290447485853,0.4647643700257756,-0.03280260589765885,0.01763456064756428,0.005694424862302593,0.9992900403999723,,,,91,0.5603550699670394,-0.07661818745806727,0.4303985130093075
1660857414.7982218,LIDAR_ONLY,0.6409271544432389,-0.016493975382327327,0.45513015277275404,-0.0370290054919466,0.02208481497814713,0.007451397887889173,0.9990423366250175,,,,107,0.6914596597956876,-0.060105223149759156,0.44976732279213416
1660857414.8987918,LIDAR_ONLY,0.7395718169279755,-0.0007823592166108055,0.4698894630994882,-0.043772041935799685,0.021804545715779708,0.0067813502523840965,0.9987805481784544,,,,77,0.7927978025428526,-0.06111714054169945,0.4071355052982662
1660857414.999327,LIDAR_ONLY,0.8496036434877966,0.007495308221569174,0.4664262486047866,-0.04765952311201681,0.02178842216882692,0.0074802915017222246,0.9985979570153232,,,,107,0.8832280143212321,-0.03909626865810587,0.41832659430176083
1660857415.0998588,LIDAR_ONLY,0.9796522267091624,0.019364388636037098,0.44300914680464765,-0.04702156699240548,0.025551080534638865,0.008806330183022362,0.998528198434976,,,,82,1.0021782963473684,-0.0398864509271687,0.41633545124977567
1660857415.2004428,LIDAR_ONLY,1.081223214686724,0.019889679634006903,0.4581827046213637,-0.044063486225182,0.021406159662056706,0.007661178132231345,0.9987699894669604,,,,90,1.1317722231054044,-0.015690345675147647,0.38719328985832585
1660857415.3010156,LIDAR_ONLY,1.1839604936531591,0.032476460273718644,0.4597240827919809,-0.045300442118475254,0.021442811929302457,0.01012647218147293,0.9986919096105632,,,,71,1.2286777822285773,-0.028228156983152758,0.39086533881956764
1660857415.4116504,LIDAR_ONLY,1.3129228578380752,0.04456808689318142,0.4658582605679698,-0.048624468193336275,0.022206450518777895,0.00841726192601228,0.9985347687236241,,,,100,1.3262142671612498,-0.009326042522171675,0.3949375670304399
1660857415.5122437,LIDAR_ONLY,1.4339207745011304,0.05663627346625883,0.4593774594804272,-0.043898772831219714,0.025882443178109227,0.009138789591233024,0.9986588403473191,,,,89,1.4550013138845883,0.004738130787195719,0.40269455473535853
1660857415.6027513,LIDAR_ONLY,1.5375565667615503,0.07074305806899286,0.46388036696924545,-0.04520560032417223,0.025657556284530366,0.009402493562721163,0.9986038937534945,,,,84,1.5610474224818496,0.00552641650088513,0.38066403991728986
1660857415.7033212,LIDAR_ONLY,1.649968440662123,0.07949254052314722,0.4749622903922406,-0.044236066675828765,0.022898172068404988,0.009172438220990096,0.9987165316034673,,,,104,1.6536307998501643,0.02561746507742843,0.38333842410588437
1660857415.8038926,LIDAR_ONLY,1.7824324750476976,0.09221009153750104,0.5033973433762965,-0.04269859912723989,0.024409356546836073,0.011561729542707991,0.9987228541269705,,,,99,1.7612394099211472,0.022080123694577954,0.36926155481710055
1660857415.914539,LIDAR_ONLY,1.8799122319011732,0.09494152311692336,0.48673939017030676,-0.044065648776057,0.0292286766238472,0.010300520509786092,0.9985478467945296,,,,84,1.87583505041056,0.030215217169062746,0.3963303131533192
1660857416.0050542,LIDAR_ONLY,1.9795830227590896,0.0990481020124516,0.5096112477979058,-0.04450811652542052,0.027443992493263066,0.011879994891022004,0.9985613253880699,,,,85,1.9655097582863608,0.030354273247636385,0.34933784147897917
1660857416.1058073,LIDAR_ONLY,2.083111985779278,0.11038171616405985,0.5100963053513508,-0.04654463292402492,0.026138215658732016,0.011054182261239621,0.9985129923454581,,,,90,2.0649941687409696,0.029180586730985544,0.3581783677061132
1660857416.206378,LIDAR_ONLY,2.2103952657192143,0.11554931870468985,0.501535301185538,-0.04977340026380197,0.029440332153198377,0.010499402089100668,0.9982713248534488,,,,96,2.1715390930367566,0.04605269500528598,0.3651646183222972
1660857416.307956,LIDAR_ONLY,2.3104218813751283,0.13067997753944197,0.5147950697742946,-0.05280405324665305,0.028700610474040142,0.012093358272988155,0.9981191099286815,,,,55,2.2854472498917056,0.03770865479702759,0.33838883623343463
1660857416.4084964,LIDAR_ONLY,2.405316401488989,0.1380817142265353,0.5313535595489149,-0.05468582475896492,0.024960944320782608,0.011288260061402463,0.998127740829716,,,,68,2.3729544749122216,0.05777898447574782,0.33042766923693906
1660857416.51068,LIDAR_ONLY,2.5028203634743655,0.14665432703749506,0.544384688416991,-0.05846348216714531,0.021763289933932235,0.01325360537530787,0.997964289145007,,,,60,2.4609374609837897,0.06076529980562443,0.34432128216490293
1660857416.6212656,LIDAR_ONLY,2.6211647925685435,0.15280577367231957,0.5365427073677435,-0.05561918745793994,0.02542791501635105,0.013781935563751372,0.9980330582583707,,,,72,2.5793139061780503,0.06025737764727464,0.3483560438620665
1660857416.7117944,LIDAR_ONLY,2.7102677364059673,0.15196533605400778,0.567316226173648,-0.05206157266727359,0.023332636700221118,0.013805437065613674,0.998275808894242,,,,81,2.6782063404605383,0.0744786285632173,0.3383520961251375
1660857416.8223794,LIDAR_ONLY,2.8023035638626217,0.1607020839157021,0.5613931956872847,-0.0506213126048287,0.020764705864857517,0.014507582961609861,0.9983966344780627,,,,94,2.7663878736575027,0.061334388556952765,0.3478894269733457
1660857416.9229324,LIDAR_ONLY,2.9298261105947723,0.17096769932782974,0.5649477211756152,-0.04858095259214096,0.025518020463934924,0.012294374403601415,0.9984175329163979,,,,82,2.865983428547733,0.08094269635405571,0.3308032941652601
1660857417.0134435,LIDAR_ONLY,3.0202694953476006,0.17558824678185855,0.537471305635418,-0.049924967396173914,0.026971614162156283,0.012868452870832246,0.998305781101507,,,,86,2.981288576423036,0.08935553544471346,0.34949444166886895
1660857417.114006,LIDAR_ONLY,3.099818729638405,0.18549951128122585,0.5341858762617108,-0.04879334407509352,0.02258255913459036,0.012265216389836468,0.9984782431599664,,,,74,3.0809234733976596,0.08270253479140413,0.3271968114081027
1660857417.2145483,LIDAR_ONLY,3.1892245255318956,0.18966243208676237,0.5405784848687958,-0.04564066086039244,0.021326979888362855,0.012697279506423437,0.9986495226545717,,,,92,3.1659233031529554,0.1044560231316843,0.3200550538011514
1660857417.315694,LIDAR_ONLY,3.3026183583874107,0.19989012508424905,0.5345213723006994,-0.04779716212968918,0.02343920602795396,0.01415093156979008,0.9984817404684146,,,,88,3.269213297217033,0.09999890195969209,0.3184833485152568
1660857417.4162664,LIDAR_ONLY,3.386934633411744,0.19545528490102648,0.511699870915272,-0.045683112455360074,0.02638073871815099,0.012929651876031088,0.9985238775129217,,,,83,3.382727493184834,0.11736712884337286,0.3238089071339042
1660857417.5168364,LIDAR_ONLY,3.4759564054624024,0.19771304449442356,0.5237160881410089,-0.042267009927447134,0.022799493220317848,0.014391277369983638,0.9987424964005237,,,,75,3.4693347110318884,0.10827301903282532,0.2921402925263484
1660857417.617363,LIDAR_ONLY,3.5645973010067227,0.20409142198096858,0.5347052079008517,-0.041530620075896044,0.022956042419661423,0.013104144214950864,0.9987875195039895,,,,92,3.5560771184606073,0.10866236443470366,0.3027524280924342
1660857417.717873,LIDAR_ONLY,3.6755082998118547,0.20791529485243776,0.5446807077253947,-0.04273218249190871,0.02660021968300791,0.012471463012911407,0.9986545205938897,,,,92,3.6633310545440634,0.12320358551524122,0.308204646408499
1660857417.8184628,LIDAR_ONLY,3.755273263494821,0.21996492981013377,0.5560673113031063,-0.0441457588183743,0.02254133234940999,0.01312840413098383,0.99868447735971,,,,75,3.7708752859236885,0.11124889113555343,0.2938352117066864
1660857417.9198332,LIDAR_ONLY,3.8478220165569907,0.22337053464804238,0.569031758164572,-0.03894429873628784,0.02174589064783943,0.01179774736232628,0.9989350684569271,,,,90,3.8594582110534703,0.13443049385484426,0.2855180587673297
1660857418.0204365,LIDAR_ONLY,3.948607659877358,0.2271560128859224,0.5660128673691872,-0.041721273761982335,0.02208264542679768,0.012821447636195525,0.998802934801027,,,,96,3.9512657722237496,0.13077271067742735,0.28779446331010755
1660857418.1210108,TRANSITION,4.080529007289486,0.23177469369314,0.558407961498769,-0.04305506939413696,0.020834422849776223,0.013535544274396674,0.9987637242437166,,,,74,4.070619854199411,0.131164454572978,0.3085861325474652
1660857418.2324836,TRANSITION,4.237642462654125,0.23309701021796186,0.5610280578849703,-0.03936455833680126,0.020433223852897173,0.01366975781009488,0.9989224457540933,,,,59,4.1667550143358225,0.14652087722658916,0.30264558910724615
1660857418.3343725,TRANSITION,4.376725635205489,0.246533927427235,0.5580426438371114,-0.04222684979440807,0.018190930277883318,0.014055738537664108,0.9988435410144207,,,,65,4.268692442783058,0.13597362888594405,0.2685076301741287
1660857418.4248848,TRANSITION,4.497467477977263,0.2586565527018299,0.5489665210183295,-0.04316302396914351,0.02414851447177763,0.011994192611454275,0.9987041313393297,,,,57,4.390307227083659,0.17246758742344992,0.269114949720433
1660857418.5268257,TRANSITION,4.607242703047843,0.2692977564973333,0.5517332506648017,-0.04248339259194082,0.02194708476905639,0.013622750855196113,0.9987631888907181,,,,69,4.531252774749273,0.1652416638918089,0.25647965869463735
1660857418.6273994,TRANSITION,4.771327593144186,0.2747750141851203,0.5507623640105557,-0.03616867586740717,0.018604419340453038,0.013222227566433492,0.9990850189874657,,,,92,4.633033652760723,0.18880907005434605,0.24405098287003354
1660857418.7280586,TRANSITION,4.915643126149083,0.28030457227353034,0.5499824029504177,-0.03595945535761398,0.02420062958427204,0.015464808301195124,0.9989404821120806,,,,72,4.785359121587245,0.1726038684588054,0.26121174461896235
1660857418.8287454,TRANSITION,5.03920935089145,0.2801464427991587,0.5576235548795172,-0.03469581931931616,0.022067055339096805,0.01387747798226445,0.9990578866088163,,,,72,4.9293221525577415,0.20258077685370732,0.25084515805635216
1660857418.929324,TIGHTLY_COUPLED,5.2101588548894835,0.2808727790178408,0.5625962374313523,-0.03756438884372985,0.015528771274837504,0.015060820847043003,0.9990600310436326,,,,83,5.060178035415813,0.18739997251650847,0.23610116337284062
1660857419.0298977,TIGHTLY_COUPLED,5.357496436848834,0.28423812538331206,0.5553704204828263,-0.034343521039062026,0.019177319560915528,0.010463492504372326,0.9991712907713618,,,,66,5.213328204188909,0.2230469005427101,0.24887044351675636
1660857419.130493,TIGHTLY_COUPLED,5.480819104828814,0.28979414337384546,0.5595090704319364,-0.03629615289576029,0.02195172108998564,0.01285635925285419,0.9990172297077348,,,,78,5.3792434891052,0.203600606154824,0.24098328491281445
1660857419.2311022,TIGHTLY_COUPLED,5.652461322475825,0.2960629667369109,0.5649182674441371,-0.034050824209947664,0.01699973172050934,0.012403077166498817,0.9991985359120859,,,,56,5.512228956486666,0.22411178878312857,0.22111665654215837
1660857419.3345742,TIGHTLY_COUPLED,5.795343114484505,0.30059667952469776,0.5577602987806483,-0.03886342420522912,0.018657093681512846,0.015123432307491674,0.9989558693504155,,,,68,5.68246899124145,0.2139572855098036,0.19122437624681823
1660857419.4351034,TIGHTLY_COUPLED,5.927510391448866,0.30041896901739673,0.5580572349272097,-0.03464868389761658,0.021313627874990446,0.015434505108719803,0.999053038643604,,,,61,5.829581890505529,0.2270669139550313,0.23726495864683617
1660857419.535666,TRANSITION,6.072744597477171,0.30548976677988104,0.5564862104763654,-0.0365320835520948,0.020092107087953507,0.01342609321561761,0.9990402665183594,,,,56,5.9710185325193965,0.21637076056672994,0.20407994419370865
1660857419.6362095,TRANSITION,6.252582965740637,0.309054248193087,0.5613224503566644,-0.035316319197586474,0.02192138221312993,0.012826585436260678,0.9990533966241476,,,,73,6.1410495801729725,0.2382567237748836,0.16309280628506276
1660857419.7367837,TRANSITION,6.383644684114129,0.3151307559543906,0.5561853091918805,-0.03614252613999475,0.022232499286216695,0.012549407950401277,0.9990204933532659,,,,74,6.284503464381965,0.23926187554710734,0.22635915668841297
1660857419.8384647,TRANSITION,6.510048410411974,0.3169138438339852,0.5472194250058767,-0.0359076660591428,0.021112669916474244,0.014637659446506303,0.999024841339349,,,,74,6.419779351676787,0.24100646995741737,0.19708693864365698
1660857419.939207,LIDAR_ONLY,6.659174784902965,0.3258924763279941,0.5894993540538915,-0.034639189714196834,0.019689054885348722,0.013243749532502323,0.9991181465432335,,,,80,6.5761093272194735,0.23523315444279047,0.14551071610491143
1660857420.0500014,TRANSITION,6.874115722498937,0.3250895219228119,0.5938817859328681,-0.03519177761433955,0.020277956505873322,0.013430446488513902,0.9990845641763303,,,,74,6.701969356954557,0.24335890329952342,0.20740648526095562
1660857420.1706917,TRANSITION,7.090818967889951,0.33220874912394394,0.5766806972015651,-0.03681079672503175,0.02147546611298862,0.01134378116317534,0.9990270708187142,,,,47,6.991302220096821,0.25406387569990907,0.12842818096685643
1660857420.2423937,TRANSITION,7.182965448777981,0.34025075296892904,0.5864192418850989,-0.03879292094532419,0.0239259075339207,0.010963219307138627,0.9989006297203099,,,,75,6.991302220096821,0.25406387569990907,0.12842818096685643
1660857420.344467,TRANSITION,7.349416861335391,0.34852728732017163,0.5937276845732248,-0.03687249668238629,0.019218271519949155,0.013365073598648998,0.9990457706411131,,,,83,7.136205411673983,0.26459235923063107,0.18342202868677068
1660857420.4450576,TRANSITION,7.482446402233197,0.3540998921791605,0.583263298968377,-0.03352825389899963,0.01834431358365693,0.013323884309047539,0.999180572497558,,,,89,7.266867375446788,0.26716817730408093,0.15922171163547838
1660857420.5473752,TRANSITION,7.625151313863846,0.3552490069806676,0.5844965510143925,-0.034940143263583474,0.020682794647310154,0.015766463231630008,0.999050963180289,,,,67,7.415165340844893,0.27119593113849505,0.10661516328537197
1660857420.6378727,TRANSITION,7.802873662183697,0.3561113477387497,0.5950969175731442,-0.03136595800090402,0.020757819364797484,0.013978941350385552,0.9991946150838816,,,,79,7.547680706550498,0.2678837449034428,0.16513620257665446
1660857420.7493818,TRANSITION,7.927904048586958,0.35962766034698646,0.5915767048975284,-0.03449808612182533,0.019335854697991317,0.013934872738491835,0.9991205263124121,,,,58,7.683043173829385,0.2682977553097574,0.13929780337976325
1660857420.8499532,LIDAR_ONLY,8.060045998719099,0.37157251404235153,0.622485653618764,-0.032275568206828746,0.01567912340430243,0.015482623697262875,0.9992360787870141,,,,86,7.832799789739928,0.2797734023589358,0.08934125026085186
1660857420.9504943,LIDAR_ONLY,8.199904986736659,0.37751222874939544,0.6153110949557485,-0.026851633050743007,0.011684515988826931,0.013618533873985438,0.9994783626591114,,,,62,7.963234722187326,0.28767214458969903,0.15390331239582863
1660857421.0510716,LIDAR_ONLY,8.350471834111957,0.3850883743750449,0.6046211975365385,-0.029818397571742532,0.016095773203148315,0.016600719513186524,0.9992878491019946,,,,85,8.102033226765384,0.2957083614587229,0.12422522901087736
1660857421.1516054,LIDAR_ONLY,8.48609961095327,0.38567517742473717,0.6330801758019048,-0.028270727916006804,0.015166317510878534,0.014612795334716109,0.9993784142999909,,,,92,8.250746963615665,0.29743770544976456,0.08111403706669494
1660857421.2521846,LIDAR_ONLY,8.626318928767942,0.39034629965840717,0.6286542847233364,-0.034488969717570254,0.009769705013636177,0.015246844404424423,0.9992410107513975,,,,78,8.37882180916006,0.29623392410711946,0.13121515239823806
1660857421.362723,LIDAR_ONLY,8.77902914026886,0.3975141926619213,0.6066023113717569,-0.03495696554941713,0.011843482399893475,0.011225473069372152,0.9992555885450876,,,,82,8.51754630026134,0.29688177130186266,0.10787317298118142
1660857421.4532204,LIDAR_ONLY,8.909153992390054,0.4103886544352423,0.636670225028336,-0.035276298197719005,0.009168180090815966,0.01338317464695799,0.999245924632999,,,,82,8.672442671911918,0.3088961858921115,0.06235386841021848
1660857421.5537908,LIDAR_ONLY,9.05116687030329,0.41852817542404597,0.6262326731772686,-0.028452726703856582,0.004998144399645365,0.011980383274778027,0.9995108460203249,,,,73,8.804844041199384,0.32169397128007954,0.12184703518000681
1660857421.6543417,LIDAR_ONLY,9.204903800144836,0.4284393461548,0.601593582070543,-0.02738810987763795,0.01007778724071022,0.014910833198202219,0.9994628540846313,,,,87,8.931770196914721,0.32890644300626004,0.0868618252406021
1660857421.754913,LIDAR_ONLY,9.336256179440392,0.4347643309447016,0.6417768447081185,-0.027160416423368132,0.00994501059701258,0.013134269900734807,0.9994953223993143,,,,87,9.085924805079031,0.32810154052146784,0.05484701168622695
1660857421.8554416,LIDAR_ONLY,9.470770410651019,0.4414588803786396,0.627504405021771,-0.028585156648720456,0.006296952969924277,0.013744701819258296,0.9994770234350374,,,,83,9.216342726249644,0.33543364142702964,0.11193404777118308
1660857421.9560208,LIDAR_ONLY,9.630348882854165,0.4525289739032287,0.601753395929451,-0.030809762101226334,0.011598296512847482,0.010484624027842298,0.9994029771499887,,,,82,9.34841554331685,0.33493833640964316,0.07603103837666374
1660857422.0565925,LIDAR_ONLY,9.749137586908697,0.465426971601507,0.6387758825401559,-0.03252571884608123,0.010776574535534843,0.0132760400097026,0.999324616837035,,,,82,9.500940117427533,0.343818502106187,0.0351977439940412
1660857422.1571727,LIDAR_ONLY,9.892666774137682,0.47331690406420274,0.6281046557955938,-0.028948722453478563,0.005728478831090442,0.012660708424388779,0.9994842982562487,,,,73,9.622527298632681,0.36320571553927516,0.08669106273667046
1660857422.2585604,LIDAR_ONLY,10.048541418747574,0.47976262531643893,0.5843438295789365,-0.029909698468933543,0.007274294939105545,0.01397671555305045,0.9994284096387223,,,,83,9.757168780709376,0.3628879152810425,0.08177542507150522
1660857422.3597627,LIDAR_ONLY,10.182365796902888,0.48193719099669646,0.6161506929086933,-0.028004476602156415,0.0058049426805689185,0.012978200907163954,0.9995066874373217,,,,78,9.902982951574113,0.3691840211913751,0.02632430065157729
1660857422.4703853,LIDAR_ONLY,10.316476026061215,0.48784076151433936,0.6094637659471096,-0.03188253511635051,7.632674478580183e-08,0.013219589891365008,0.9994041957074491,,,,82,10.041325822507792,0.36151796044826373,0.07455840060182373
1660857422.5609071,LIDAR_ONLY,10.483525432359917,0.49516817630314863,0.586771309805814,-0.035830269660017164,0.001388369091667961,0.008898875136079213,0.9993173040774729,,,,95,10.17100036174784,0.36391457278259415,0.060211659548430316
1660857422.6730363,LIDAR_ONLY,10.611790877323527,0.5092887676119904,0.6196388722513804,-0.036985669237783896,0.001757044938383808,0.011048425844527416,0.9992531738005519,,,,92,10.331371375948642,0.3716848133786862,0.00948067835133589
1660857422.7640932,LIDAR_ONLY,10.771243253706784,0.5196657357723746,0.635131991847811,-0.03417200146700879,-0.0025871906151252702,0.009759908480218177,0.9993649608360891,,,,93,10.457838778549917,0.3895040352473333,0.06011845218796253
1660857422.8646696,LIDAR_ONLY,10.938636938458588,0.5308615997288085,0.6113713879539527,-0.03291495368620786,-0.0015085793690038794,0.012000357898521916,0.999384971581237,,,,72,10.597815496907007,0.395079920041675,0.04017798873776868
1660857422.965251,LIDAR_ONLY,11.08412176310177,0.5347753312578224,0.6619855239378467,-0.03462710186117911,-0.003847286600668613,0.009591739508201786,0.9993468670765495,,,,98,10.738477851813572,0.39706424149585895,0.008944040157642608
1660857423.0658295,LIDAR_ONLY,11.240238080944373,0.5365357915789915,0.6434830102954237,-0.0396267725859945,-0.011933364841447757,0.009842954983444632,0.9990948052788449,,,,99,10.8760532031864,0.39964362896550404,0.05682275390175867
1660857423.166383,LIDAR_ONLY,11.41080970446039,0.5486308136505398,0.6231363202567112,-0.039874640074589074,-0.007926459471390665,0.006200214158047103,0.9991540129847674,,,,99,11.008833062247364,0.39846377520538245,0.02990861117951042
1660857423.2670066,LIDAR_ONLY,11.537870132951234,0.5584187626734755,0.648852994320879,-0.03779820852647474,-0.0076440656721973475,0.009496838295053286,0.9992110256370202,,,,83,11.166835059421816,0.4119500488387933,-0.017263295834313283
1660857423.3776639,LIDAR_ONLY,11.68533071367792,0.564457186313428,0.6664338065375129,-0.03498307799464209,-0.010394444781396327,0.009004998663937653,0.999293275155382,,,,87,11.288456084853994,0.42636975086127443,0.01724977964377685
1660857423.468169,LIDAR_ONLY,11.837619620446084,0.5742728521722547,0.6417123136610129,-0.03589961338746104,-0.008610871406573588,0.012403465177394593,0.9992413245577085,,,,87,11.426061791322011,0.4293593361814082,0.018993338847110183
1660857423.5701752,LIDAR_ONLY,11.98880423765579,0.5913497310268929,0.7098253204587537,-0.03670505969602616,-0.011629961799474781,0.01689313464310814,0.999115661264092,,,,80,11.578276784628574,0.43773354076008586,-0.027196467816697992
1660857423.6807923,LIDAR_ONLY,12.141076625727507,0.6243150245490441,0.7286792913683111,-0.05761320857232159,-0.016714547128116892,0.03612707961047941,0.9975450747866597,,,,82,11.73161318657633,0.4700666765037476,0.03738291639608284
1660857423.7919035,LIDAR_ONLY,12.313616474638176,0.6605316272165813,0.7162095777451946,-0.0689128213752011,-0.01656565598164938,0.05748938656063489,0.9958270796302384,,,,76,11.868050267960857,0.512572178336868,0.026523010737426453
1660857423.8924766,LIDAR_ONLY,12.43790064177049,0.7148075202673527,0.7302972972151657,-0.0794108336790197,-0.02191222261471241,0.09566786470439147,0.9919987064796953,,,,59,12.029172782149452,0.5556700754615423,-0.012248869184364911
1660857423.9829879,LIDAR_ONLY,12.578377433321664,0.7731744297728522,0.7297542362096798,-0.0913222189868709,-0.028746202556981487,0.1422818884416438,0.9851851462437641,,,,57,12.159905562521825,0.626936470007114,0.015138620604965446
1660857424.0740004,LIDAR_ONLY,12.724523670194074,0.8358445234932802,0.6815244555787663,-0.09781980898390684,-0.036743657520571696,0.19056658941559435,0.9760971076695552,,,,58,12.2860860537976,0.7022230754438357,-0.006476397680968065
1660857424.1846104,LIDAR_ONLY,12.823499975674533,0.8855921363259742,0.7152656190039708,-0.08798005378147439,-0.03747869550341448,0.24291671609124255,0.9653218771805693,,,,49,12.427445720860874,0.7642196970843955,-0.0924923395077393
1660857424.2755651,LIDAR_ONLY,12.89306806970424,0.9247411699671397,0.6999510276740836,-0.0788190424754807,-0.03839587096336011,0.2937180679006227,0.9518629167190717,,,,46,12.524947215484213,0.8157055824595507,-0.05949704117736369
1660857424.3761456,LIDAR_ONLY,12.96408095461798,0.9496814859772897,0.6883772043541855,-0.05783391741717005,-0.04098843256235014,0.33930406170304456,0.9380021002663492,,,,51,12.59341492391098,0.8526038685830541,-0.07790236705617704
1660857424.4887068,LIDAR_ONLY,12.986787455673445,0.9663910329993934,0.7223568000544495,-0.03862942502253488,-0.03762162160369818,0.39054846538201937,0.9190017830766631,,,,52,12.657451975451483,0.8764631727067997,-0.10041070759508994
1660857424.6006513,LIDAR_ONLY,12.990886808853325,0.9686278876528247,0.7366435381520243,-0.031806633568422324,-0.03093995698175106,0.43573336954793046,0.89898136120023,,,,58,12.672681730415892,0.896745400082942,-0.07466258534023355
1660857424.681079,LIDAR_ONLY,12.984551106097273,0.984199393813888,0.7431999944593303,-0.035825490858595675,-0.03004354799045446,0.4785762296999469,0.8768002690436799,,,,68,12.668450467505501,0.890144878295121,-0.04629695681667622
1660857424.781606,LIDAR_ONLY,12.964852969611862,0.9969659739453822,0.7435129891389928,-0.031686953737630114,-0.032040298683744826,0.5248645984836797,0.8499920643639277,,,,72,12.659224172910346,0.9072155198932257,-0.03912376024721319
1660857424.892213,LIDAR_ONLY,12.937193797325603,1.004710331189938,0.7579992576341299,-0.03394388406827324,-0.035524104600081874,0.5685906742148583,0.8211519323015778,,,,72,12.640687035841145,0.9263408525226371,-0.042173436686346204
1660857424.9939058,LIDAR_ONLY,12.905486686636479,1.0253100652021852,0.7500812839727882,-0.04023467658346929,-0.04231199489870254,0.6089534822779926,0.7910540577668649,,,,78,12.613770592015086,0.9267082937787406,-0.017846497014758256
1660857425.0945287,LIDAR_ONLY,12.88939497625374,1.0430112556906292,0.7254627057776719,-0.04064335750226946,-0.042108087604682265,0.6477039869941492,0.7596410808277171,,,,71,12.584667778371669,0.9484435428811185,-0.00777361873223198
1660857425.2051656,LIDAR_ONLY,12.869437017323163,1.044196694675451,0.7343457917953882,-0.04143778714634643,-0.044818573498469384,0.6854874285631726,0.7255213232895543,,,,71,12.564150456197858,0.9636491174739988,-0.02471559539497457
1660857425.296321,LIDAR_ONLY,12.846054938986082,1.0350095757437772,0.7436485840109348,-0.04245542220124864,-0.047447558095031574,0.7201471466879478,0.690893880037839,,,,73,12.510034392552312,0.9639253679901704,-0.033573092133333766
1660857425.3867896,LIDAR_ONLY,12.83315950139748,1.0226270185431856,0.7285783368857885,-0.04364681164726798,-0.050194140645106605,0.7528684897907304,0.6548011462712571,,,,80,12.500615865205727,0.9534604754167445,-0.022030793777546506
1660857425.4892852,LIDAR_ONLY,12.8059885181492,1.0140285178830142,0.7328127884727705,-0.040082313111469835,-0.04783822739641345,0.7867878985359559,0.6140600254800648,,,,78,12.514457606479079,0.9400702440903329,-0.0365617950995783
1660857425.5998542,LIDAR_ONLY,12.78982609957547,0.9990800668570508,0.7420133172573069,-0.03551293144582035,-0.04876543946738562,0.8182829830349673,0.571641254012578,,,,80,12.47325651907771,0.9388762612235538,-0.032934585122420076
1660857425.6903257,LIDAR_ONLY,12.764156204131451,0.9927348247645036,0.7527787666336926,-0.036030884816243045,-0.04965950809135694,0.846119955026312,0.5294494596292973,,,,74,12.451900755520159,0.9197059431526182,-0.02667968184400042
1660857425.8009136,LIDAR_ONLY,12.743124455099748,0.9878186149665349,0.7404276467679866,-0.03385349364686681,-0.051038378674027926,0.8718248680056486,0.48597368693907855,,,,74,12.429022770279198,0.9143519273292988,-0.021123724668572406
1660857425.9014404,LIDAR_ONLY,12.728160141148104,0.9761095731490201,0.7171763004815568,-0.032068059847514666,-0.052696999356295605,0.8956730112425209,0.440414035571318,,,,77,12.403718025163839,0.9078760023481084,-0.018362891162145473
1660857426.0020175,LIDAR_ONLY,12.721414214396692,0.9659529220617051,0.7527565004864023,-0.032848663037192256,-0.05928489487811777,0.9149125254228619,0.3979212703542257,,,,77,12.38042665641395,0.8954202613415093,-0.04964837660800771
1660857426.092494,LIDAR_ONLY,12.718289478252176,0.9734322697945461,0.7499501494640423,-0.03868030419664111,-0.06982550335886549,0.9269739699026053,0.3665344353139831,,,,65,12.37486683331381,0.8735143122277496,0.019947446314130216
1660857426.2037,LIDAR_ONLY,12.700689285361765,0.9968204557434188,0.7257976679321178,-0.03858105859365747,-0.07395364684920931,0.9345283601501304,0.34597558311332205,,,,94,12.367206467958686,0.8568713404328746,-0.005061055854344146
1660857426.324417,LIDAR_ONLY,12.662407777340881,1.0262234748811119,0.7273135107640357,-0.036063255144073755,-0.07756486214595872,0.9393599760497521,0.33209331397139147,,,,106,12.337359483521347,0.8711685465382045,-0.04003302508336262
1660857426.404862,LIDAR_ONLY,12.594302352894493,1.0784427501458074,0.7270316960538701,-0.03560501796277357,-0.07127091721806036,0.9418651432524644,0.32640893214001027,,,,106,12.286892063832575,0.8886914649618972,-0.037828577895016986
1660857426.515491,LIDAR_ONLY,12.522422299229913,1.1334329677901027,0.7358186127171834,-0.0378917111934857,-0.06464013162486756,0.941996216003378,0.3271528704469313,,,,100,12.222970212566569,0.919792325523109,-0.043794850134745364
1660857426.6161296,LIDAR_ONLY,12.43358379214202,1.1937171752380606,0.7354314461522138,-0.030474781326170985,-0.059625811103327986,0.9417627705093066,0.3295435243424265,,,,95,12.141996823377017,0.9752694023484876,-0.0390049248054278
1660857426.7077734,LIDAR_ONLY,12.315652178945962,1.2800180042686278,0.7402073362999351,-0.037933926471676524,-0.05671007177418253,0.9421890508704661,0.328062154784149,,,,94,12.075940774581502,1.0348024236052433,-0.032891357330659836
1660857426.808321,LIDAR_ONLY,12.230929199557087,1.3453926214812404,0.7448098582759552,-0.03439494557985171,-0.05471954819823634,0.9416707182224622,0.3302711268123999,,,,96,11.955501883579396,1.1306679855665962,-0.03529306704596522
1660857426.9089391,LIDAR_ONLY,12.125029713677824,1.4149451012431167,0.7631291938269287,-0.0306222175096069,-0.06162455286678013,0.9414383124096561,0.3300887732202092,,,,83,11.882647571637321,1.1980278675354663,-0.04533313117699341
1660857427.0094936,LIDAR_ONLY,12.00924298907091,1.4959622444646858,0.7628658966651426,-0.03816020973730408,-0.061970321622825966,0.9390043642344819,0.3361164702589937,,,,92,11.781530793010466,1.2698649842714649,-0.01295429712383088
1660857427.1000137,LIDAR_ONLY,11.903465726423887,1.578337129543385,0.7563712566987697,-0.035060849101124156,-0.06311860480439115,0.9402077214271168,0.33286066027195876,,,,76,11.660748924624466,1.3546864538808734,0.020428758568876042
1660857427.2120914,LIDAR_ONLY,11.801447734317993,1.646993084885412,0.7784730019790949,-0.02718986269216008,-0.06129869617383141,0.9399401755041495,0.33468738800169684,,,,76,11.560450600023163,1.449550891980083,-0.04760638923142061
1660857427.3126287,LIDAR_ONLY,11.718226366566903,1.7486342788181928,0.7491183447246036,-0.03240022677717247,-0.058481803498619464,0.93952364823646,0.33589495138925396,,,,60,11.466732658729843,1.512369951239059,0.029576608846762577
1660857427.4141338,LIDAR_ONLY,11.65745917283299,1.7982765384802613,0.7457850629040583,-0.030393383294544402,-0.05252140927145514,0.9374223584011327,0.3428659589252184,,,,64,11.375192671452481,1.6137435668060696,-0.023910489183475853
1660857427.514798,LIDAR_ONLY,11.612512719277479,1.8579547094052224,0.7400632531329324,-0.027460308632088634,-0.04474200775907322,0.9293355045517,0.3654854363324958,,,,80,11.310796539272552,1.6344987683020564,-0.0034328539680905184
1660857427.6170745,LIDAR_ONLY,11.553929389010246,1.910202812836044,0.7364227133984623,-0.02462542526371617,-0.034154008579852346,0.9164320109259404,0.39796917151802824,,,,66,11.265510731857121,1.6750892837560607,0.009971249138735419
1660857427.7176023,LIDAR_ONLY,11.546880840089802,1.9682802018020675,0.7054668920450341,-0.012286300415039827,-0.02442834287071017,0.8904529672821861,0.4542530307494407,,,,59,11.194465215401598,1.6998994177908202,-0.007316552491312172
1660857427.8081124,LIDAR_ONLY,11.558361982927162,2.0896981811340325,0.7350291149963735,0.005806870669232402,-0.010103962156221355,0.8623416008526716,0.506192802833691,,,,25,11.179469750407845,1.7368051295525992,-0.05379574395357304
1660857427.9199004,LIDAR_ONLY,11.564870228218346,2.2110421610085633,0.7296167879312175,0.0006441577556376251,-0.011998522360946028,0.8406856162386365,0.5413901690753202,,,,25,11.18364344082101,1.9044635552595859,-0.008863317519496976
1660857428.0103228,LIDAR_ONLY,11.57011910709509,2.322052601629314,0.7370191660121015,0.0028401624697484366,-0.02205849175728775,0.8292215790289489,0.5584773310451158,,,,29,11.197150362090985,2.076151128154819,-0.034114708633272095
1660857428.1008542,LIDAR_ONLY,11.534698551573614,2.446580506005846,0.8061575293659807,-0.008545892665460186,-0.03803083048028827,0.8200371140436318,0.5709813965818166,,,,30,11.21430700866429,2.201592652007509,-0.017649947550927674
1660857428.221565,LIDAR_ONLY,11.527698263600978,2.576976535985942,0.8042717648074256,-0.01815435802683411,-0.03907703285043909,0.809747369767819,0.5851944992413535,,,,53,11.189643450872058,2.339210231459778,0.02845934994127619
1660857428.302021,LIDAR_ONLY,11.507264625357148,2.6951317933893852,0.8067528822093329,-0.01610850224692285,-0.04903898347438837,0.804790566329369,0.591310272701577,,,,56,11.186148531787605,2.4772572104774175,-0.012988208529724725
1660857428.4126103,LIDAR_ONLY,11.475611662898892,2.839388463249487,0.8324935710966477,-0.018104157573216883,-0.053205850096382665,0.8002897710798503,0.5969737509296755,,,,53,11.174152953843096,2.603798261394566,-0.011986722025339893
1660857428.5131664,LIDAR_ONLY,11.45139778137717,2.9927122885230855,0.8390629585745819,-0.020090230237051622,-0.04992410507225497,0.7960995011282972,0.6027682396120695,,,,66,11.142678134360168,2.754492314086309,-0.0006894178377493523
1660857428.6237442,LIDAR_ONLY,11.429057237699203,3.1148552427763145,0.8681018434068747,-0.015585315051856011,-0.047688262214486764,0.7907866306350464,0.6100323207917493,,,,67,11.119101243586536,2.904259934432853,-0.01934887781451975
1660857428.7456157,LIDAR_ONLY,11.384044637307511,3.254637963152168,0.908828379826695,-0.01561173246397989,-0.049574247636671,0.783564270740689,0.6191330239935063,,,,65,11.07880967225989,3.166410280579345,-0.014064942062559729
1660857428.826069,LIDAR_ONLY,11.349451321290868,3.4052737388396888,0.9151623576850153,-0.016690586388729556,-0.04514056005277503,0.7778982527001166,0.626544541601176,,,,74,11.07880967225989,3.166410280579345,-0.014064942062559729
1660857428.916518,LIDAR_ONLY,11.3186533030524,3.5267870920587763,0.9150831839909515,-0.012277718915389984,-0.04766182106652766,0.7721939828543,0.6334777512071518,,,,86,11.055195196285414,3.3365835923011042,-0.009224254383209802
1660857429.0371742,LIDAR_ONLY,11.299829570098598,3.666577859426393,0.932831013077638,-0.008486003529388162,-0.04502135774063642,0.7664983657838605,0.6406101157037408,,,,69,11.016471008910816,3.5976872836876765,-0.0049297853680534695
1660857429.127666,LIDAR_ONLY,11.276830509094491,3.8242693085543484,0.9227498783001777,-0.012256709124471295,-0.04600892641593649,0.7626122175922291,0.6451011993094987,,,,61,11.016471008910816,3.5976872836876765,-0.0049297853680534695
1660857429.2182076,TRANSITION,11.268392186324878,3.9359054492732763,0.9366809598181207,-0.012364928505745448,-0.044634750437695055,0.7598732311234268,0.648419247260949,,,,62,10.998267338864784,3.7619702221577613,-0.027649111795871432
1660857429.3187819,TRANSITION,11.257917960692359,4.068670363702278,0.9620481334197911,-0.013505564144429591,-0.05380859314731018,0.7555993122220244,0.6526805607724591,,,,44,10.997685455154047,3.898832237251656,-0.028611527473021946
1660857429.419334,TRANSITION,11.278157623650223,4.183871986016459,0.9639095978639515,-0.016241104279356294,-0.05383083831727102,0.75357189290985,0.6549563875511961,,,,71,10.970363493776313,4.043505696586699,-0.01756042439338343
1660857429.5198407,TRANSITION,11.29999052193575,4.279098088307306,0.9650372626581116,-0.017873208594821256,-0.05445771104065753,0.752023473928014,0.6566396277898403,,,,63,10.970734741190245,4.1991456454914555,-0.01813584397971941
1660857429.620425,TRANSITION,11.328909287580174,4.387393875792706,0.973887183372607,-0.012994800669216442,-0.054264190611175794,0.75098165536071,0.6579613104769682,,,,65,10.944715531121851,4.317327455202912,-0.031009469616103635
1660857429.720927,TRANSITION,11.316913698651454,4.51351797201635,0.9746848047329796,-0.01319225940460837,-0.05413568627901352,0.7500946190465673,0.6589790241276934,,,,70,10.93909745041338,4.464382155660489,-0.01931738199620402
1660857429.8233778,TRANSITION,11.309651973440253,4.628573593550013,0.9828053400911638,-0.013489488565600028,-0.053757660749961245,0.7512500041065827,0.6576865354701965,,,,57,10.922362285148246,4.632354503014778,-0.0446632014363233
1660857429.923962,TRANSITION,11.293449039770644,4.764568383712654,1.0010985502903176,-0.011209143593733564,-0.056795142464732384,0.7492391056774327,0.6597646773024355,,,,60,10.919578641588226,4.754805868978985,-0.04467224143354256
1660857430.0244598,TRANSITION,11.28775433801377,4.881147177450489,0.9989390809198904,-0.010325161189080173,-0.0557860448117887,0.7462139822085874,0.6632842535497724,,,,73,10.888024283688841,4.893896264027399,-0.012901246777940844
1660857430.1250393,TRANSITION,11.28014266749959,4.999874668385156,0.9969897419993133,-0.005746989430268137,-0.046758710335986414,0.7368865767196355,0.6743728702806931,,,,52,10.899569434030095,5.0464426788542145,-0.03503636773254746
1660857430.2256222,TRANSITION,11.279486613309945,5.1270580943909865,1.0095042311018836,0.0017453903325388514,-0.0412711548557323,0.725113158859788,0.6873896655011924,,,,68,10.881922840591669,5.158229498087839,-0.049526820555488696
1660857430.326222,TRANSITION,11.28916343480482,5.245252614362511,1.0068985130570207,0.015095263109088283,-0.029351320436559674,0.7095746424398995,0.70385684611758,,,,57,10.896916431846495,5.295575711400838,-0.06852730020541133
1660857430.4676158,LIDAR_ONLY,11.298372982848175,5.36101185619081,1.0435126949727522,0.014084447955195143,-0.03815328410167833,0.7000293367945059,0.7129550356544924,,,,70,10.958858334226582,5.57658224794298,-0.044693872053742534
1660857430.5480692,LIDAR_ONLY,11.30529480785049,5.507448700272163,1.0785208310415684,0.0019288557133347545,-0.047189180072075246,0.6919134644037853,0.7204340487348682,,,,65,10.958858334226582,5.57658224794298,-0.044693872053742534
1660857430.6687949,TRANSITION,11.320469376024693,5.673756008028225,1.093792268368126,-0.010159779880364943,-0.051370765271400526,0.6850059832976142,0.7266530301283289,,,,60,11.003207844104733,5.895191703221266,-0.03134884070862639
1660857430.7492146,TRANSITION,11.330052935291045,5.788123441283296,1.1076639488069133,-0.009965691502930982,-0.054443572429732696,0.6873420142840555,0.7242220224585098,,,,76,11.023086484187587,6.041964394855521,-0.03754646958831107
1660857430.8311975,TRANSITION,11.33880660335701,5.9014223147013105,1.1283590720519123,-0.006995553215584418,-0.05501608904026912,0.687532643464723,0.7240325658092538,,,,85,11.023086484187587,6.041964394855521,-0.03754646958831107
1660857430.9317265,TRANSITION,11.35272169977049,6.024136083032962,1.1444094693498188,-0.008173380335822683,-0.05510658388543997,0.6883868623941194,0.7232012084818047,,,,71,11.039772335282304,6.197042071313939,-0.04999306725179034
1660857431.0423424,TIGHTLY_COUPLED,11.385423386442985,6.247254019550221,1.1520659709933239,-0.005190490455513269,-0.05085348913118751,0.6885239479647423,0.7234098109170627,,,,59,11.06248979733837,6.331131059247456,-0.059403479959911215
1660857431.134437,TIGHTLY_COUPLED,11.389901694039615,6.281139690192823,1.1522175924886853,-0.005304112541963466,-0.05470554716139958,0.6894041071239619,0.7222888249035332,,,,81,11.088697837837177,6.4654986642850805,-0.05461160095560682
1660857431.2350066,TIGHTLY_COUPLED,11.401768781094416,6.393840272421252,1.144991904137956,-0.006544695415002233,-0.05599050400656751,0.6888036813209714,0.7227528754849013,,,,85,11.112369774902096,6.624562105120552,-0.06565976099750655
1660857431.335546,TIGHTLY_COUPLED,11.417327435924792,6.565406363503425,1.1415699799896675,-0.008423431885527452,-0.051115882787250315,0.6880855083489815,0.7237779670052645,,,,86,11.126661316375861,6.752097251074341,-0.05509263591362185
1660857431.4361367,TRANSITION,11.423649498919977,6.6767963440776885,1.1528724625159066,-0.0061520167520844994,-0.050831796858510955,0.6887631955897355,0.7231760100549749,,,,78,11.138862467706304,6.891838011828142,-0.06387322675835291
1660857431.5366588,TRANSITION,11.438950516594401,6.83389423789229,1.161847794991191,-0.0069658115293511095,-0.04752866239120389,0.6897760028143118,0.7224275532276929,,,,77,11.16786142343701,7.0335687757574075,-0.07123759226390966
1660857431.6372123,TRANSITION,11.451863785093215,6.952823629432136,1.1625780896594855,-0.003828596391197152,-0.041422278425064914,0.6905447889609602,0.722092397923294,,,,78,11.183052038293884,7.184038910585225,-0.05870231131846095
1660857431.738344,TRANSITION,11.462517458426499,7.077602164559954,1.1754245729984922,-0.003927974162532837,-0.04413911674467487,0.6895846710321988,0.7228480413402203,,,,70,11.208107350137102,7.315267163952235,-0.058787599699263456
1660857431.8389416,TRANSITION,11.472034583042875,7.190413477839155,1.2001811281635746,-0.004387583628826299,-0.04736222141955304,0.6887373505508909,0.7234489830307627,,,,70,11.226614895917185,7.477193278163015,-0.06999635677900323
1660857431.9395347,TRANSITION,11.483545908346077,7.340156458429358,1.2181065233611241,-0.00516831927573848,-0.04735383998237308,0.6870278655757524,0.7250680066291809,,,,61,11.250553939866977,7.595647878398108,-0.054012304391334844
1660857432.0404105,TRANSITION,11.491758820165474,7.447171335323193,1.2450372114903392,-0.0043766090829439955,-0.04777179859209203,0.6882554189191769,0.7238806385590101,,,,37,11.249930488689813,7.726411325231312,-0.05126796217159201
1660857432.1409767,TRANSITION,11.50893055508754,7.587818327165604,1.258680496007664,0.00015666119054062632,-0.04866492037557961,0.688430428343989,0.7236679116226046,,,,57,11.276552790367191,7.867473995492849,-0.05971317080046395
1660857432.2427852,TRANSITION,11.517481484409197,7.69811551226578,1.2616084058546426,-0.006270919669322372,-0.05268822910624188,0.6934094263009959,0.7185874989151099,,,,28,11.298099981215117,7.997173402411358,-0.047840501521658384
1660857432.3434367,TRANSITION,11.528088886164833,7.8538944855625825,1.280510352052887,-0.020353068392760427,-0.07008251848634353,0.7053318184178679,0.7051107850096713,,,,39,11.297838084305761,8.093530331401361,-0.0439817604622079
1660857432.4653556,TRANSITION,11.52477381097676,7.952197436409885,1.2880830141613953,-0.03027539321321139,-0.07648255078627009,0.7235814210948903,0.6853201784839771,,,,23,11.299483673334926,8.216102718489203,-0.02722231245242944
1660857432.545817,TRANSITION,11.518209030104792,7.997698198979852,1.2942273149477328,-0.02386649702291585,-0.07762014069040683,0.746040698849839,0.6609302381785088,,,,22,11.306799491517191,8.25175276225529,-0.042006904575570096
1660857432.6665034,LIDAR_ONLY,11.497398454841788,8.010676160248533,1.3335535787936943,-0.017540426002350826,-0.07408170589643191,0.777141085658091,0.6247047040716872,,,,23,11.269491898989706,8.324767852682964,-0.012791154374139318
1660857432.7570431,LIDAR_ONLY,11.470469944821634,8.009838550649217,1.354669566771997,-0.015359702225488717,-0.0831077147867697,0.8129942971668638,0.5761054244360335,,,,20,11.28259217959465,8.30655671249577,0.0017167648610580733
1660857432.8580694,LIDAR_ONLY_SAFE,11.453461998662432,8.018830272622814,1.370121650964947,-0.012507882099588728,-0.08730779257666166,0.8449935669484724,0.5274531012862386,,,,19,11.20282191071497,8.354081349039966,-0.009827102884702024
1660857432.9587438,LIDAR_ONLY,11.431063620560053,8.02786044268186,1.3793025149759268,-0.025150201001349445,-0.09918079055973564,0.8667720045079573,0.4880952062608228,,,,22,11.20625063462195,8.358395841039616,0.002550501018203785
1660857433.049271,LIDAR_ONLY,11.414812172521813,8.023541345671509,1.3888065124270252,-0.025806071624273248,-0.1027644711125888,0.8832213722373542,0.4568298564755132,,,,20,11.222340600113771,8.35746367568417,0.0206665422679852
1660857433.161336,LIDAR_ONLY,11.409842362214942,8.022991847221872,1.3816270785906857,-0.027056703432430055,-0.10701091494845658,0.894291069539961,0.4336589464341031,,,,36,11.181515995650997,8.387056298242237,-0.004884470689671173
1660857433.251869,LIDAR_ONLY,11.416227711282193,8.023666568661131,1.3687950991526014,-0.02884388649675278,-0.10752733302356793,0.9006418235641056,0.42005976778516146,,,,35,11.193577034545509,8.392829712210789,-0.030199945176628572
1660857433.3625045,LIDAR_ONLY,11.423129880552192,8.026649490928252,1.3721165470393917,-0.03154287431182127,-0.1099729539761908,0.9036233623284856,0.4127660542341895,,,,82,11.204672574652584,8.396349188143674,-0.024778330768145625
1660857433.4631023,LIDAR_ONLY,11.428569894002477,8.025441163877726,1.375113749190166,-0.03403177018889237,-0.11165849390781975,0.9039036060289194,0.41150029205817557,,,,88,11.219939185331029,8.40354247232256,-0.03332006667095804
1660857433.5643551,LIDAR_ONLY,11.431694233135525,8.022132459659408,1.3744867709902142,-0.03349584851266702,-0.11127860656520856,0.904286126033377,0.41080616124502006,,,,104,11.231539042926817,8.414188635948793,-0.030585095234083343
1660857433.655071,LIDAR_ONLY,11.435843608913725,8.020516624499148,1.3693907974125155,-0.03334343584122436,-0.11338398586663372,0.9045904125041888,0.4095710837459096,,,,100,11.238509613301684,8.410083689211346,-0.029607546626128977
1660857433.7858522,LIDAR_ONLY,11.437129013824325,8.018670856784807,1.369292366162899,-0.03358007338917478,-0.1105694958600811,0.9053018059182607,0.40874858465511665,,,,113,11.24808449469582,8.40791601036199,-0.03420873722213432
1660857433.8662484,LIDAR_ONLY,11.442660476522049,8.016214753828407,1.3702173125950488,-0.03163533762801654,-0.11105892363581402,0.906088946424243,0.40702326968101116,,,,103,11.24808449469582,8.40791601036199,-0.03420873722213432
1660857433.966798,LIDAR_ONLY,11.449614009692535,8.01789051152972,1.375033607283663,-0.03168824036568419,-0.11038670904213843,0.906307624808066,0.40671503427354977,,,,121,11.256447994280181,8.407142425306171,-0.03152116419179558
1660857434.087918,LIDAR_ONLY,11.45668256651557,8.015714262069036,1.3763634536307146,-0.032355259394934895,-0.10784464941578924,0.906450441074631,0.40702612527634996,,,,82,11.272601008639773,8.40679548503221,-0.028305457126934937
1660857434.1697788,LIDAR_ONLY,11.46508313779094,8.013971560749853,1.3776535492825441,-0.031133536863729293,-0.10915129948291279,0.9066499839870189,0.40632807340852634,,,,97,11.272601008639773,8.40679548503221,-0.028305457126934937
1660857434.2613113,LIDAR_ONLY,11.474326786432533,8.008065393389039,1.3839957735649275,-0.02935017646780985,-0.10893003137586131,0.9069207082810354,0.4059158093703514,,,,124,11.28171886092604,8.409011322188455,-0.02153405794519981
1660857434.3729296,LIDAR_ONLY,11.477559177172859,7.998067680741807,1.3756174195916568,-0.03230141160481758,-0.11209781163577726,0.908684272144568,0.4008535804903116,,,,102,11.287214971667238,8.403295035402785,-0.015232336825359372
1660857434.4735096,LIDAR_ONLY,11.479810234247948,8.007915876988193,1.3651050033004373,-0.030455907173847382,-0.10952117707819715,0.9087294835262403,0.40160711554921064,,,,92,11.282071321884542,8.391513563573492,-0.03340129321771607
1660857434.5741313,LIDAR_ONLY,11.458542858237777,8.003200790341788,1.368016074317788,-0.030671789572703598,-0.11606504096327638,0.9102997332483882,0.39615974459618447,,,,103,11.292407547923844,8.408690978092052,-0.04021028554313552
1660857434.6848142,LIDAR_ONLY,11.447219728380166,7.989160207037552,1.3788063390135479,-0.027082430660542528,-0.11856976443826657,0.9267658057856735,0.35540525338970747,,,,60,11.248959263127372,8.380954383982045,-0.0450951292802919
1660857434.7753258,LIDAR_ONLY,11.443372844658514,7.986934452291955,1.3848180208432361,-0.02819361670235446,-0.123598051216106,0.9374644152286006,0.32417450839466044,,,,26,11.229821377402644,8.362609900268415,-0.002379128412742257
1660857434.8859844,LIDAR_ONLY,11.442881964728038,7.985603985828822,1.3841336839353289,-0.030625089151153487,-0.12602555315003808,0.9423136408593629,0.30858494149598853,,,,58,11.243543052104462,8.38058552822584,-0.020963738945018455
1660857434.966459,LIDAR_ONLY,11.438643171516707,7.986979023926791,1.38951129750579,-0.03517851271470524,-0.12739731350749345,0.9460246508814186,0.2959218759722654,,,,64,11.23608423566796,8.376486623505945,-0.021197533508143608
1660857435.0670853,LIDAR_ONLY,11.446812819501343,7.989270192007648,1.3791966433389058,-0.036019603630613545,-0.12537731870617733,0.9476486486285952,0.2914535209269919,,,,97,11.239127042581144,8.390020369168958,-0.02821658812330232
1660857435.1685927,LIDAR_ONLY,11.453524998604378,7.980786645640789,1.3760740279816428,-0.04112925009753433,-0.12657922257302787,0.9470471691818376,0.2922118145179795,,,,97,11.251266983014848,8.396144958875182,-0.038936848581223
1660857435.2792144,LIDAR_ONLY,11.473472986940049,7.96198889165324,1.369101404272821,-0.04088768815370945,-0.13006915891013,0.9461615854397825,0.2935787204412705,,,,94,11.253281365667755,8.390571190990535,-0.040796730312797486
1660857435.369738,LIDAR_ONLY,11.478016199054975,7.936942282070193,1.355253111694924,-0.0442028811638039,-0.13219310982363439,0.945880700568165,0.29305423952683707,,,,91,11.270303044811376,8.369803225640913,-0.052222802795698124
1660857435.4803407,LIDAR_ONLY,11.451148036859164,7.895039653728057,1.3548948065490296,-0.049739212921832025,-0.12881502217016597,0.9469681723431375,0.2901447592673601,,,,91,11.275838348218267,8.347765964205484,-0.05083431529960699
1660857435.5708654,LIDAR_ONLY,11.387142719132854,7.835460221426132,1.3318250909026985,-0.053957421513803,-0.13494586688690433,0.9474477790255339,0.2849928344595826,,,,74,11.25592738800913,8.308134172634352,-0.039498936541421024
1660857435.681497,LIDAR_ONLY,11.319100588371194,7.792832591440829,1.3247689791592194,-0.053967518450245826,-0.13492989608478598,0.9466636889921395,0.287592228752213,,,,64,11.188883994136287,8.256118295540086,-0.06768243893646315
1660857435.7835617,LIDAR_ONLY,11.254368821353356,7.744809102587045,1.327736833503437,-0.05012540323372136,-0.1316703163753977,0.9471250759847554,0.28827844556458093,,,,55,11.127134014642042,8.222368016027051,-0.060290408355665584
1660857435.884142,LIDAR_ONLY,11.172626882739351,7.695534278666584,1.3205603105322146,-0.05595504018578393,-0.13633878371677177,0.945423006034417,0.29061333278651486,,,,56,11.071914255965124,8.190094743272788,-0.029616858532534165
1660857436.0058677,LIDAR_ONLY,11.112732404067707,7.6632862304548155,1.3037148743677565,-0.05500084149310675,-0.1413014183302943,0.9445042086418581,0.2914114213113734,,,,66,10.925139305620439,8.105304797375018,-0.04172120501698828
1660857436.0964038,TRANSITION,11.059160946203283,7.637024190503323,1.3059589454768827,-0.05263914681476743,-0.1334895482618798,0.9457707170653146,0.29142307984992116,,,,60,10.925139305620439,8.105304797375018,-0.04172120501698828
1660857436.188108,TRANSITION,10.985555832112112,7.610705104758044,1.2998776318990748,-0.05330549505011417,-0.13930659907821602,0.9448032293043438,0.29171742071190615,,,,53,10.869323650900874,8.091214745162427,-0.014474232532393915
1660857436.298743,TRANSITION,10.882790759626523,7.59012397846349,1.3000593652448704,-0.05862409127649614,-0.1441061076967046,0.9446252108149285,0.28892880911976027,,,,63,10.759560008897893,8.0567783024876,-0.03718233003355944
1660857436.3892674,TRANSITION,10.80776922085903,7.57999270738486,1.3058156633016802,-0.05610506327414386,-0.13963053540940598,0.945598772880067,0.2884414952533679,,,,65,10.68101808785279,8.05824602312348,-0.039054276884260206
1660857436.4902103,TRANSITION,10.727428616599662,7.568406705828891,1.300100910833508,-0.052625845002347,-0.1411549688029797,0.9462209149121006,0.2863071347398214,,,,76,10.598679550101945,8.056267939214262,-0.0004060516942503504
1660857436.5907745,LIDAR_ONLY,10.637834773133694,7.55456100421466,1.2982738103984282,-0.053429893810586625,-0.15060541085118478,0.949509854436628,0.26998943126994573,,,,67,10.487548168227693,8.034399018306697,-0.018596546156315126
1660857436.6913824,LIDAR_ONLY,10.537964858922784,7.544269442273521,1.296893527281792,-0.051553226719827754,-0.1575485993306522,0.9560865865528984,0.2417005227080633,,,,49,10.39839310497866,8.015191170692182,0.005747633338051652
1660857436.7925663,LIDAR_ONLY,10.42029975198392,7.532874793495185,1.2793710886541994,-0.05602742873249928,-0.16370448276953595,0.9638630807337126,0.20255796984888075,,,,63,10.30617520294896,8.017388374406442,0.038437433366474705
1660857436.8948717,LIDAR_ONLY,10.31957117907209,7.503932347099813,1.2523713380239052,-0.06239862944065243,-0.17010032652995366,0.9716100251160289,0.15213891366892626,,,,55,10.185255993718718,8.012290775693108,0.0017037456840482143
1660857436.9853668,LIDAR_ONLY,10.22687876979791,7.468381714885397,1.2170186734248924,-0.05685779570642514,-0.1802851526764704,0.9765057428934422,0.10344558418779881,,,,59,10.080833169915564,7.9925239717218695,0.01775746788230869
1660857437.0960274,LIDAR_ONLY,10.128022535683577,7.434980576978368,1.18622370897198,-0.06476782389805666,-0.19493652076460974,0.9765714649441889,0.06413310936217047,,,,59,9.991384295978333,7.959025307500187,0.013931821012404711
1660857437.1966186,LIDAR_ONLY,10.04192170272877,7.400561785260603,1.1880784328469802,-0.06421969366134224,-0.1790302514469273,0.9810426753606315,0.03713851281551139,,,,64,9.87966965994891,7.934317843641876,0.0026151804174581604
1660857437.3072095,LIDAR_ONLY,9.932440019717282,7.352307041235213,1.1852697537939267,-0.06597835347190767,-0.16645825698477199,0.9836664292074062,0.018408193965690243,,,,78,9.812278647961877,7.897292676179643,0.01713714672728164
1660857437.3880002,LIDAR_ONLY,9.818519872819667,7.285927726871877,1.1731598441119686,-0.06903893548331011,-0.17086018058833063,0.9828140133716906,0.010818465551305587,,,,78,9.707667785165045,7.867294697652497,0.05561855514777167
1660857437.498617,LIDAR_ONLY,9.716931702470326,7.209146844137116,1.166541553468476,-0.06049552325315676,-0.1807919193006363,0.9814457624899912,0.020464331710537985,,,,77,9.586238308133835,7.8112001549095105,0.08764837793780078
1660857437.5891418,LIDAR_ONLY,9.604122710623532,7.141489012624506,1.1503003407753007,-0.05510351704599433,-0.18607976942149787,0.9808596363075125,0.015883818303496236,,,,78,9.47981468622759,7.75665963206395,0.08717309592247997
1660857437.7098603,LIDAR_ONLY,9.494739394508818,7.065391137751826,1.1062802012687118,-0.06359979953997695,-0.19546900719393498,0.9785739736068898,0.011828393987117037,,,,74,9.254570594959617,7.62588926880944,0.07927592256418754
1660857437.790231,LIDAR_ONLY,9.405894349418611,7.0128113537977255,1.0966467103959663,-0.06503136443764179,-0.18927808987944558,0.9797470399704342,0.006361131985702616,,,,86,9.254570594959617,7.62588926880944,0.07927592256418754
1660857437.8908412,TRANSITION,9.341003111668796,6.971323900071567,1.0938315322373788,-0.06652003273879444,-0.1858977766276624,0.9803024347178813,-0.004923248471862647,,,,87,9.166798183651935,7.584225224506174,0.11235762131223931
1660857438.0041726,TRANSITION,9.282813490493039,6.9317799604667085,1.0946390762922866,-0.06033733318094579,-0.18781209057619744,0.9798398618957554,-0.031620719443379554,,,,82,9.104926179753384,7.5603699045385255,0.11145857256622127
1660857438.1047578,TRANSITION,9.258701536822219,6.910289574119897,1.0957857724363502,-0.05954330065877482,-0.18664990982968663,0.9789047155903675,-0.05798244822504654,,,,88,9.064092216742383,7.53317177192848,0.09922404860600167
1660857438.1976347,TRANSITION,9.250289314557556,6.892555952165581,1.0974438883333937,-0.05929415982761602,-0.1872673972164098,0.9762082129143129,-0.09182945926429092,,,,86,9.027311255844824,7.524142610808879,0.10639881430097829
1660857438.2982113,TRANSITION,9.250919113937778,6.877045329060626,1.0950310476885614,-0.0554332087121882,-0.1835584778451344,0.9710723038543846,-0.14230961060303055,,,,75,9.030594906951745,7.502858808708218,0.1151334899830608
1660857438.3987906,TRANSITION,9.254507759847066,6.861392596037643,1.0914351158181888,-0.05357512060609791,-0.18443495682385694,0.9635417321793035,-0.18628146312054703,,,,69,9.032430662562357,7.4921845484698935,0.10419754092537202
1660857438.5095646,TRANSITION,9.257326585881996,6.843620439710419,1.0839532904468554,-0.05014039784754954,-0.1836024307332696,0.9539074890780034,-0.23202713249407614,,,,66,9.041748452966537,7.468626364469914,0.10450124844385071
1660857438.6000953,TRANSITION,9.254543911312744,6.816932305987803,1.0815758296830438,-0.042843470296950466,-0.18478861797856613,0.9387908688120645,-0.28755748704141787,,,,54,9.043093594416224,7.439166937196955,0.10513385354997172
1660857438.7107723,TRANSITION,9.25292543577037,6.7963609021182965,1.0774968667176252,-0.03982685732232412,-0.18621698090199876,0.9247320537790724,-0.3295568026503328,,,,75,9.036909386285384,7.410621588682489,0.086935886766911
1660857438.801325,TRANSITION,9.25490601360821,6.7791712403631115,1.0745710445101158,-0.03673969766115555,-0.18822272785495217,0.9090862103246853,-0.36984410436305415,,,,75,9.03996054406938,7.3926698997623745,0.07880810233367268
1660857438.901924,TRANSITION,9.264524459768761,6.768858264506301,1.0673599155576725,-0.028822455610398055,-0.18635293405651857,0.8869760439425822,-0.42156298164459355,,,,84,9.055343604332606,7.378850183825848,0.07986752194351901
1660857439.0125551,TRANSITION,9.279283129190024,6.767733247398939,1.0667891882974747,-0.019886284699664004,-0.18465031800322818,0.8572463076058696,-0.4802473985752067,,,,90,9.07233249126942,7.373802352232693,0.08899244236404959
1660857439.1436298,LIDAR_ONLY_SAFE,9.30494845418471,6.7596766620547735,1.0766645921300642,-0.017694556216825075,-0.17530793096424285,0.8316041357349059,-0.5266769346097533,,,,80,9.124748584199976,7.354765088437762,0.0830465376790411
1660857439.2143273,TRANSITION,9.315870880498942,6.7539330300821865,1.0793892143918882,-0.012142761286737901,-0.17196021126074423,0.8067808906310496,-0.5651431974323535,,,,83,9.124748584199976,7.354765088437762,0.0830465376790411
1660857439.304822,LIDAR_ONLY,9.338777178764781,6.743791302829316,1.0804933845187008,-0.012966176268647241,-0.1653452563607188,0.7780897466902466,-0.6058623363169942,,,,85,9.146815197423296,7.352355428411625,0.0981533374357569
1660857439.4255228,LIDAR_ONLY,9.360873353832053,6.738322624766229,1.0742516715008907,-0.01318031465427181,-0.1604622358160364,0.745153020650096,-0.6471670000846542,,,,73,9.141744795025417,7.35219823245761,0.08558136709147446
1660857439.506468,LIDAR_ONLY,9.37755288642559,6.741414324048325,1.070168742841425,-0.012449650959306424,-0.1496578632930552,0.7134651856757058,-0.6844084737744554,,,,84,9.183820211135732,7.3101515658968825,0.08894116362478736
1660857439.608443,LIDAR_ONLY,9.388489440528312,6.756411082069001,1.0692141651468845,-0.013228791409658715,-0.13893108133043253,0.680576667505663,-0.719262506575369,,,,80,9.169506297641632,7.343975057676465,0.07520326373652614
1660857439.7191882,LIDAR_ONLY,9.397990312375619,6.765656296608953,1.0790949258585645,-0.016234046330522053,-0.12975073325083755,0.6486027840810026,-0.7498103969957878,,,,75,9.188526012027,7.3527583122126625,0.07938754146417701
1660857439.8197324,TRANSITION,9.401529386691877,6.777373840959927,1.0790332610387279,-0.015836206576526873,-0.12392436912890416,0.6203632349313253,-0.774300601861325,,,,81,9.226044546657446,7.3282821476870765,0.090828315984614
1660857439.9102597,TRANSITION,9.405574657792467,6.785460559572146,1.083910302837773,-0.014515664626959662,-0.12178363684262117,0.5948665613077762,-0.7944128747167207,,,,80,9.206950042837391,7.367731154464126,0.06606585976566015
1660857440.0209792,TRANSITION,9.408082380762487,6.796242041162052,1.0875457040722118,-0.013067687821297152,-0.11875332679550654,0.5700280944388723,-0.8128928923667577,,,,90,9.22271589250562,7.3729834016050715,0.09472235085117184
1660857440.1215777,TRANSITION,9.40733358582664,6.8035498605239395,1.0881771795437032,-0.012196721952205275,-0.11714907444136913,0.5590049787598087,-0.8207562171880863,,,,107,9.227517450358125,7.377225561426014,0.10082804656940801
1660857440.212909,TRANSITION,9.406065377190497,6.809344901896186,1.0896584767955608,-0.011253169920624162,-0.11682822303961089,0.5533075164625464,-0.8246667961632708,,,,120,9.231698768079069,7.378887012968211,0.10727791576756424
1660857440.3249888,TRANSITION,9.400602308899568,6.814021494310068,1.0879402394623316,-0.01161513362421515,-0.11692926719195731,0.5505616095048848,-0.8264832419863299,,,,127,9.235183232303138,7.385088279432936,0.11520174723132677
1660857440.4154968,LIDAR_ONLY,9.392078113840524,6.81266947704559,1.0896406696784986,-0.012473896357723923,-0.11820868750271421,0.5512152814966603,-0.8258527844314022,,,,139,9.227353322168055,7.3868831723373765,0.11155212041389398
1660857440.5261612,LIDAR_ONLY,9.385359961163582,6.811401877119274,1.092669017987132,-0.011739307954581172,-0.11770936098244932,0.5504712641424627,-0.8264309301685472,,,,139,9.221074997354846,7.385287809523819,0.11208703173818914
1660857440.6066449,LIDAR_ONLY,9.379454358747324,6.814219599044823,1.1008734163393972,-0.014977421301483237,-0.11950099972869675,0.5494224877009585,-0.8268192776680344,,,,141,9.209406080112212,7.38480135985608,0.11024116442506579
1660857440.7178633,LIDAR_ONLY,9.384135574874227,6.810119814046305,1.1073342861089874,-0.016486295000272707,-0.12033389000379263,0.55075383110495,-0.8257833702109406,,,,143,9.204874491169166,7.3890759280547575,0.11975722105272708
1660857440.8284938,LIDAR_ONLY,9.388255421555565,6.7919503470346525,1.1211406835673092,-0.022406744024076674,-0.12639769927544156,0.5569820382610119,-0.8205440685878628,,,,125,9.208137000339725,7.384759020513514,0.11735442542571885
1660857440.91901,LIDAR_ONLY,9.400808307863441,6.764311506607796,1.1142603106841267,-0.02902713046666454,-0.12791112698302573,0.5662555811515289,-0.8137264811381941,,,,130,9.2065209852325,7.377905888571769,0.13153442430330498
1660857441.0195825,LIDAR_ONLY,9.410562503460984,6.717269342096312,1.1264820179350727,-0.04702327319988648,-0.14284375444368885,0.5735894940371428,-0.805220197166101,,,,125,9.215144080020853,7.350064044144988,0.1274065005446827
1660857441.1411757,LIDAR_ONLY,9.43099878319041,6.649995773329912,1.1094271782925202,-0.0540848327070726,-0.15016919308650972,0.5839235842098933,-0.7959631223381307,,,,96,9.221563247980207,7.3091443235580815,0.12562379358047482
1660857441.2234266,LIDAR_ONLY,9.440442971250826,6.579176296077456,1.1043364856306301,-0.06646542684059364,-0.15425192602010984,0.593661073794783,-0.7869912450687172,,,,90,9.235656220498313,7.2522340604209425,0.10367913330255814
1660857441.3140206,LIDAR_ONLY,9.44759819191921,6.5273591853937045,1.094773154409606,-0.06940014451582653,-0.16034456830004007,0.6036195163573332,-0.7778924853926765,,,,91,9.246222900257573,7.184025255705623,0.1069097141231102
1660857441.4346678,LIDAR_ONLY,9.449237716695203,6.476836747961267,1.0710774515833252,-0.07390734651744393,-0.1551592539251861,0.6130998013671201,-0.7710849133628075,,,,82,9.25002045455188,7.129160112107786,0.09973656434162506
1660857441.5251884,LIDAR_ONLY,9.458771271279424,6.413688755872404,1.0454849306767713,-0.0728067772134655,-0.15559518338887773,0.6232704247873734,-0.7629045088891122,,,,84,9.232775427841874,7.085717508013968,0.12544148829434845
1660857441.6277544,LIDAR_ONLY,9.468801782660258,6.357687249427658,1.034866556351636,-0.06760310757109161,-0.15099346679653688,0.6347435268543331,-0.7548055696323505,,,,78,9.241864662720818,7.01658854589557,0.11776504713260397
1660857441.7383816,LIDAR_ONLY,9.4683409948379,6.311667780668793,1.0400323250915557,-0.05677233004688359,-0.13213848642310866,0.6505608553189793,-0.7457123416395197,,,,75,9.241441550706798,6.968510164314136,0.16045254934558895
1660857441.8187964,LIDAR_ONLY,9.467440858831711,6.258542691099442,1.0401166550841818,-0.030660694102625626,-0.1192124129053531,0.6680799713630347,-0.7338374985717177,,,,75,9.238106994802795,6.938127736840382,0.18206480313535175
1660857441.9293756,LIDAR_ONLY,9.466379594110128,6.198182845274733,1.0289797145061534,-0.010907403314783064,-0.10392667609406786,0.6816479145823465,-0.7241798085382563,,,,64,9.235671356610935,6.8768992436799214,0.2006332085927813
1660857442.0198908,LIDAR_ONLY,9.462503075693323,6.151530730682197,1.022510804930185,0.016429329217516754,-0.08227649748035483,0.6950792148624665,-0.7140206860939008,,,,66,9.227366496929436,6.816676709223229,0.16626311807909208
1660857442.1204422,LIDAR_ONLY,9.460815131476044,6.120065208028238,1.023961429027013,0.049468632046384825,-0.06279965744512338,0.7020624571580056,-0.7076138521238107,,,,52,9.216358337439734,6.766445067553191,0.1621380265348539
1660857442.2223322,LIDAR_ONLY,9.46607365973648,6.05824188705263,1.0325286485020289,0.07309021435226198,-0.03962772340233999,0.7066933561095002,-0.7026179363883185,,,,52,9.205264102634557,6.740580947135058,0.15280704179534257
1660857442.3230283,LIDAR_ONLY,9.475281087791782,5.993930845282699,1.022089485251172,0.10147927751780417,-0.03776608819451004,0.7092971000823918,-0.6965438267845453,,,,67,9.208033077172546,6.691379760221676,0.16719160369711533
1660857442.4235442,LIDAR_ONLY,9.479319951218086,5.955489532029783,1.0258253687266465,0.11792764807206835,-0.016450418188966146,0.7076196111394737,-0.6964890088812734,,,,57,9.203786838501204,6.6254673989850295,0.19369148709228795
1660857442.554267,LIDAR_ONLY,9.47987522612821,5.893676931556394,1.0396430356770818,0.13559536638962022,-0.004663360846019602,0.7074885366871498,-0.6935792097053947,,,,58,9.201434022779335,6.560549911068373,0.24529156573218722
1660857442.6347265,LIDAR_ONLY,9.48750501320966,5.815592486456378,1.0396450698175634,0.14963843102759447,0.0016710622252326202,0.7085080711901081,-0.6896534351173146,,,,63,9.201434022779335,6.560549911068373,0.24529156573218722
1660857442.7253163,LIDAR_ONLY,9.495013036616822,5.746551799179827,1.06136274268547,0.14838315879704556,0.011019010358707162,0.7063562203538305,-0.6920418409052855,,,,62,9.207465761645613,6.489644012269341,0.2816462211229707
1660857442.8359752,LIDAR_ONLY,9.510545993031696,5.687402144105228,1.07614447872565,0.15296750728564193,0.013815860302073846,0.7041668594226819,-0.6932236996884396,,,,68,9.214736225084046,6.430970443886198,0.32738005321385505
1660857442.9365463,LIDAR_ONLY,9.53415154015669,5.6276065818269805,1.0987489122304477,0.1601892936220763,0.019052975237570966,0.7027007965592967,-0.692955961702031,,,,71,9.225167122385098,6.38883239125284,0.3638838444206864
1660857443.0377622,LIDAR_ONLY,9.567394111455908,5.556639356085311,1.1071150804341927,0.1651392118171508,0.025819571849187834,0.6998834229708205,-0.694424642909929,,,,68,9.246477682339709,6.351672455740002,0.3914412204309679
1660857443.1383238,LIDAR_ONLY,9.597290420551541,5.492252124425382,1.120765592628445,0.1683857764689236,0.02239831732094498,0.6948445387995693,-0.698810140570786,,,,47,9.284690670157604,6.30164951331971,0.41317319962789506
1660857443.2389035,LIDAR_ONLY,9.614820454229596,5.4259441452318855,1.1386541684950597,0.1687192021608155,0.02308101663289438,0.6923416559673835,-0.7011876559850089,,,,68,9.305087823689963,6.23713570605149,0.4415692791474389
1660857443.3394449,LIDAR_ONLY,9.624046243896471,5.349709243888357,1.15916553304302,0.16954849835099484,0.026487405523838197,0.6885988622719215,-0.7045447685799348,,,,64,9.320915979381724,6.182369323509709,0.4888596847434915
1660857443.4400163,LIDAR_ONLY,9.627684284907211,5.263071151662277,1.1668954311956579,0.16825078588512135,0.02449595426808755,0.6843291218605666,-0.709073532327276,,,,52,9.324682952935294,6.120824221291362,0.5250612822969353
1660857443.5415263,LIDAR_ONLY,9.635160233931005,5.18400573880903,1.1712847149118377,0.1601231973849182,0.014593685925709535,0.6806039620091104,-0.7147907616133785,,,,55,9.320621547788454,6.037095944464491,0.5778605352390007
1660857443.6421003,LIDAR_ONLY,9.651539617958026,5.108067267283505,1.187305512624663,0.15203895210554494,0.004130599467596745,0.6750684521495486,-0.7219069746879433,,,,43,9.330662645472353,5.973569685833378,0.6178409804910261
1660857443.7341397,LIDAR_ONLY,9.672396673871178,5.036324899498192,1.1929666584531384,0.14957174151486102,-0.014023741454836173,0.6701351771955869,-0.7268772063429,,,,39,9.351852051221284,5.927654693496494,0.6505687225385818
1660857443.8346813,LIDAR_ONLY,9.704490344155065,4.95962700063396,1.1854425753069062,0.13579784471024473,-0.03304609411261607,0.6664831294097193,-0.7323026281860389,,,,46,9.360791765558629,5.863166292747493,0.6760438655307155
1660857443.955362,LIDAR_ONLY,9.740819477134046,4.87260027138918,1.1665781207380284,0.11351962215057414,-0.051228018778406964,0.66017864668405,-0.7407112392432333,,,,52,9.383703695066135,5.8065831852051755,0.7055458371575848
1660857444.0458782,LIDAR_ONLY,9.762140947974032,4.780562518473282,1.1507908282555468,0.09166370056393744,-0.07784095442233029,0.6543067779615769,-0.746606450633187,,,,36,9.422884302451756,5.728566281914508,0.6982202701957679
1660857444.1381013,LIDAR_ONLY,9.769339930652745,4.691463137880864,1.1180282002831077,0.06277378787499634,-0.10320394395611286,0.649354279610904,-0.750831150831352,,,,33,9.461713577330627,5.639551037685726,0.7204046291817727
1660857444.2487245,LIDAR_ONLY,9.766331459746347,4.5922553390988305,1.0728727153917372,0.0435083905235583,-0.13708646562556523,0.6482748184149715,-0.747699191323206,,,,33,9.460869566512615,5.5612263550974,0.7135893809981957
1660857444.3396966,LIDAR_ONLY,9.770220812014625,4.514640753397808,1.034676905321628,0.019641102203057145,-0.17866118140014375,0.634720800229226,-0.7515476798722255,,,,41,9.454063121052497,5.471254396381584,0.6435342775837304
1660857444.4409864,LIDAR_ONLY,9.773415109119297,4.450751438645268,0.9949094902253728,0.009795630333538417,-0.19910935275960537,0.6247319338925044,-0.7549632587384311,,,,38,9.440419415445048,5.380651659146708,0.6422654661973466
1660857444.541585,LIDAR_ONLY,9.788227208396679,4.381018236576754,0.981724294149239,0.0042834040438777,-0.20857831233695176,0.6205726368706883,-0.7558877842906491,,,,54,9.428722133519939,5.306541357293136,0.6327336041300198
1660857444.6421547,LIDAR_ONLY,9.806080164486387,4.317586754172909,0.9557305502831239,-0.005164011800068181,-0.21876638979882163,0.6151803382319995,-0.7574085760864353,,,,32,9.436351502877935,5.247632874448138,0.6166030958263191
1660857444.7438684,LIDAR_ONLY,9.813186169513703,4.268843086569743,0.9344194081917203,-0.014513796983923386,-0.21907837737034852,0.6141630244407892,-0.7580222910149985,,,,57,9.463605074542778,5.177522620308031,0.608539401568841
1660857444.8444452,LIDAR_ONLY,9.82592045069296,4.228148887646256,0.9123886352442832,-0.021935547580862295,-0.22168822341751968,0.615104769779767,-0.7563195657554362,,,,53,9.476736028135692,5.123737316629683,0.6066946752860285
1660857444.955021,LIDAR_ONLY,9.843781036827798,4.189727095066656,0.8940960698644267,-0.0241145944082279,-0.22753575756609729,0.6137577153508783,-0.7556106353225972,,,,70,9.472685050520061,5.071273099126221,0.5903290502807393
1660857445.045511,LIDAR_ONLY,9.860346738991474,4.161416558736464,0.8806605913084458,-0.026462931013502163,-0.22866157547282606,0.6126874902191778,-0.7560606037305374,,,,50,9.506160507795968,5.0438448436801595,0.5971794624202799
1660857445.1476173,LIDAR_ONLY,9.870776228749966,4.1460084460427025,0.8791279878117484,-0.026173871817243993,-0.23146669375877935,0.6120261357882034,-0.7557526759639251,,,,63,9.514567021826362,4.995983632218706,0.6064440490995372
1660857445.2481945,LIDAR_ONLY,9.874172341878399,4.137385728690205,0.8725929242368298,-0.028503199578741586,-0.23584001132889693,0.6106789422252261,-0.7554060406118285,,,,66,9.522458698885329,4.971303018792219,0.626782771805588
1660857445.3587801,LIDAR_ONLY,9.874850894818135,4.1382515203083114,0.8679370862086335,-0.03321712450672477,-0.23761976028400175,0.6124528154622272,-0.7532164502946478,,,,73,9.524197932066,4.957472518203935,0.6332757330474055
1660857445.4492683,LIDAR_ONLY,9.872331032563343,4.136313972842089,0.8742675544912273,-0.03134428139440304,-0.24123000955825863,0.6217348080864714,-0.744494087905384,,,,78,9.527600402265184,4.9584486143495115,0.6263046641118893
1660857445.5498357,LIDAR_ONLY,9.859883653491526,4.139785281727028,0.8704030620527705,-0.029618856329578058,-0.24779804055997734,0.634184110172154,-0.7317987215413245,,,,78,9.514539236015446,4.961903757988494,0.6112537369967067
1660857445.6607082,LIDAR_ONLY,9.845319988917042,4.141659729693737,0.8703032929142722,-0.024130138702083918,-0.2632701847642371,0.653175775479534,-0.7095547565531022,,,,37,9.521883499287712,4.965151357740099,0.6235630230093275
1660857445.762484,LIDAR_ONLY,9.828997105966248,4.1358261860226415,0.8725903243004456,-0.01720385002951092,-0.2699901707539713,0.677262059094145,-0.6841969296569245,,,,42,9.504089000385997,4.965969617455423,0.6177470121908062
1660857445.8534565,LIDAR_ONLY,9.811267325495642,4.136347637293264,0.8762154197041017,-0.011939594464350207,-0.2745440302206617,0.7052122162885076,-0.6535738302224734,,,,21,9.487504980223468,4.9697762690189125,0.6002719406657465
1660857445.953985,LIDAR_ONLY,9.791046403701914,4.1430748880648895,0.8823805794800561,-0.004241294857782029,-0.28373677192711594,0.7348642341701155,-0.6159951404125514,,,,28,9.475718061560453,4.982084194924103,0.6054817742965958
1660857446.0550668,LIDAR_ONLY,9.772037279744907,4.158994781252593,0.8880045711643436,-0.0004895973744757833,-0.2944670564157624,0.761145073884734,-0.5778815531588201,,,,25,9.451742519572335,4.984162731165374,0.6073824940338001
1660857446.1665833,LIDAR_ONLY,9.752608548988412,4.16732311759845,0.8999504030454004,0.005957490771609912,-0.3081648077282329,0.7906802707382817,-0.5289836188831987,,,,29,9.433136449601939,5.000283213199021,0.6140293101373857
1660857446.2570832,LIDAR_ONLY_SAFE,9.738687677583393,4.17793983812126,0.9120743493945294,0.009687963204266098,-0.3160591073432909,0.8155283969531396,-0.48469187923603285,,,,35,9.425116379119444,5.018804810382322,0.6302162571239276
1660857446.3582098,LIDAR_ONLY,9.719895367439827,4.191969975696114,0.9111312695889615,0.01694616044954866,-0.3249063873806803,0.8356992512628157,-0.44244257087674416,,,,34,9.407357428980964,5.026572447675569,0.6273552636913784
1660857446.4590287,LIDAR_ONLY,9.697716440759267,4.204062960669482,0.9100269988157148,0.023724274497212386,-0.3285315253803412,0.8545275747586332,-0.4016053032617672,,,,40,9.377630046681563,5.038986361217587,0.6469195752131128
1660857446.5596054,LIDAR_ONLY,9.682335291725158,4.211183899452406,0.9127584910794804,0.030710026566902877,-0.33447704018900626,0.8680167884762816,-0.365689566132238,,,,52,9.338821534566936,5.05451941512488,0.6785489553377037
1660857446.6702108,LIDAR_ONLY,9.676048899987126,4.221557786464962,0.9137367575466402,0.04016592750261535,-0.3353391398917525,0.8785930163349046,-0.33765170097609243,,,,65,9.296887671035615,5.05485433912017,0.6736829578285985
1660857446.762196,LIDAR_ONLY,9.674818163071059,4.223777596199871,0.9061228581973786,0.046462625147764516,-0.33996830948237927,0.8843834477701985,-0.3164311778604763,,,,79,9.281644317472256,5.05139294970126,0.6518033591358117
1660857446.862735,LIDAR_ONLY,9.67470780706128,4.21990095959544,0.9094626557314671,0.047714113957747106,-0.34222774923774296,0.8879678668720995,-0.30350716364446684,,,,89,9.298688058376568,5.0595508042410815,0.6315584061422164
1660857446.9637768,LIDAR_ONLY,9.682144568816652,4.223163219241893,0.9106094952347898,0.054639645413236605,-0.34324181608647786,0.8879317151573134,-0.3012919415725621,,,,103,9.305612885844841,5.0636731887330715,0.6249415946927386
1660857447.064333,LIDAR_ONLY,9.69064461429765,4.221523758824785,0.9142858933523481,0.05769903820761883,-0.341593260238363,0.8880594397600704,-0.30221730096516947,,,,117,9.313957762590578,5.061318478808684,0.6224265277903732
1660857447.164949,LIDAR_ONLY,9.695590448050002,4.215173107253861,0.921447774431561,0.06228423929141221,-0.3428848799473096,0.8876882250800786,-0.3009322975248568,,,,122,9.309284631408424,5.0568286261539175,0.6319111109975271
1660857447.2662754,LIDAR_ONLY,9.69997014478076,4.213001634575195,0.9247963615835946,0.06288241008497243,-0.34340737718463576,0.8876825166547048,-0.30022812230476426,,,,115,9.30836961402512,5.053462753553611,0.6289694183284882
1660857447.3668714,LIDAR_ONLY,9.70744377353839,4.209941152721267,0.9261376626646536,0.06392084736773829,-0.3415288496998593,0.8885437129720459,-0.2996034716626824,,,,131,9.311837855938174,5.048525176943312,0.6221619135795702
1660857447.4674358,LIDAR_ONLY,9.711890443380915,4.20460302641241,0.9242972274458994,0.06677389436638903,-0.3406578991650419,0.890373587630975,-0.2944967185161037,,,,126,9.320090497445587,5.040838292837288,0.6306887569982577
1660857447.5680308,LIDAR_ONLY,9.709197002807256,4.201102127543901,0.9102931652090289,0.06502853428652347,-0.33856694784545754,0.8936855652715999,-0.2871755943326988,,,,104,9.330088742504643,5.037712687191409,0.629607135515791
1660857447.6690247,LIDAR_ONLY,9.705671116158705,4.188763680799305,0.9033782780242212,0.06971464698808123,-0.3352487879135653,0.8959056626491626,-0.2830214865182104,,,,109,9.34094854237292,5.032100505035146,0.6181124835614434
1660857447.7796059,LIDAR_ONLY,9.684173713113426,4.182055118902178,0.8974068754009967,0.07043885700513447,-0.3253609155371105,0.903347090928594,-0.2704490254660022,,,,113,9.331964934639544,5.0240661684413315,0.6164231939918111
1660857447.87059,LIDAR_ONLY,9.645640935749588,4.170132235606767,0.8933779488654761,0.0774276195342217,-0.31531255350435927,0.9090072994411502,-0.26132104182122745,,,,89,9.309539070983588,5.012616656766624,0.6287042943732356
1660857447.98199,LIDAR_ONLY,9.590974834560628,4.144513123894846,0.8956242748045127,0.08124272958733729,-0.3090707372237316,0.9135517575231927,-0.2515911059784577,,,,81,9.25256102085487,4.995118271033941,0.6577615902609534
1660857448.0726776,LIDAR_ONLY,9.549323403378144,4.134953045914226,0.8939591773466642,0.1080884242634487,-0.30475439635485957,0.9144770767393067,-0.24325568145669713,,,,77,9.183657460729698,4.982586856046683,0.6909504254116492
1660857448.1833277,LIDAR_ONLY,9.505623324148528,4.119214030653874,0.9009989141321637,0.12797352289992794,-0.28842445546688983,0.9196918376973033,-0.23366864273617652,,,,71,9.14362762365948,4.97908194647315,0.6565050885907106
1660857448.2750046,LIDAR_ONLY,9.458383162206955,4.109968726110226,0.9250563058237453,0.14790285728559827,-0.2700174849273265,0.9238419695659487,-0.22744519759446646,,,,77,9.095298481185075,4.977823177285979,0.7036260652702206
1660857448.3755512,LIDAR_ONLY,9.39940170464713,4.096160168305946,0.9496332493368711,0.16189186555665824,-0.2496760467720359,0.9288521646176743,-0.2206502930429375,,,,66,9.02520962975579,4.968488740776038,0.7374790511354978
1660857448.486194,LIDAR_ONLY,9.364518013656278,4.0887761849693565,0.9635430173781956,0.19385175093644488,-0.24064042012042042,0.9273760946044833,-0.21092004650880997,,,,48,8.971172795510915,4.968496100942003,0.7784160620175452
1660857448.5767024,LIDAR_ONLY,9.339415721506013,4.095611901961515,0.9775021915254629,0.22826407158737183,-0.22216736428509617,0.9267189351453204,-0.19932182798703185,,,,56,8.929434585091803,4.967630561598315,0.7950535018024116
1660857448.6781175,LIDAR_ONLY,9.307696106470638,4.094814138237826,1.0031331314714658,0.25918452203219394,-0.2109932924900996,0.9229790038502005,-0.19082707489982145,,,,47,8.918381400072809,4.97746864174163,0.820543251464848
1660857448.779782,LIDAR_ONLY,9.258755048386805,4.096238127738023,1.0291911626373234,0.28026625963925117,-0.1961575676469738,0.9214733120635086,-0.18401078098131798,,,,48,8.882100883094257,4.995766667348015,0.8659164206299417
1660857448.8802705,LIDAR_ONLY,9.21690310033971,4.099617388303739,1.0430187887360274,0.3012857061253236,-0.18018826180467634,0.9199594457222304,-0.17445266354751113,,,,43,8.835616912387712,5.00252930030055,0.9181301749238234
1660857448.9808555,LIDAR_ONLY,9.188328943520588,4.0974555575741025,1.0707476685559643,0.3226090654887462,-0.1704125550001699,0.9161547731236004,-0.16596199458200164,,,,49,8.787274510128631,5.017160459216952,0.9559806365805203
1660857449.0914574,LIDAR_ONLY,9.14672683072294,4.074785143587667,1.106593930754342,0.34067967832664575,-0.16613151228771778,0.9122214507457806,-0.15553038995486576,,,,40,8.753652288808016,5.022877492946327,0.9937603949539441
1660857449.1831698,LIDAR_ONLY,9.096356462972972,4.045756912529052,1.140618742164567,0.351080281985839,-0.16079109564465224,0.9099577940545699,-0.15121399472759528,,,,42,8.71079675298345,5.017042292972787,1.0565029609976406
1660857449.284512,LIDAR_ONLY,9.042413971037677,4.015902184066218,1.1834747407211113,0.3541724574924921,-0.15583008978006957,0.9106347287776136,-0.1449939454494099,,,,57,8.658659630739525,5.000614637770963,1.1133196733644166
1660857449.385106,LIDAR_ONLY,8.997228864097837,3.9925748012683835,1.2133727684940656,0.3596028774365719,-0.16033749164457264,0.9076956937677992,-0.14514195405828847,,,,53,8.591704047814579,5.000261668626924,1.172128019710065
1660857449.4856112,LIDAR_ONLY,8.956130642880332,3.9659402387111484,1.2522251985967077,0.36700087495182143,-0.16399698370461208,0.9030678436419727,-0.15127397958745115,,,,57,8.533117467724304,5.000609461072588,1.2257758387431907
1660857449.5861874,LIDAR_ONLY,8.905893662958972,3.936658340339158,1.2882318154292194,0.3683988500819265,-0.16599853022911343,0.8998669664107367,-0.16421393967269265,,,,52,8.493649269714837,4.991985451239817,1.2925191897126593
1660857449.6867192,LIDAR_ONLY,8.858740383007214,3.9095102258291936,1.3286547318078414,0.3666681550169999,-0.15894472790018627,0.8983504339685319,-0.1823664863885789,,,,50,8.444296742304276,4.995246388070035,1.3460701165817128
1660857449.7972777,LIDAR_ONLY,8.820321261696275,3.885641199155196,1.3568536445612043,0.36573055521268016,-0.15449469908053112,0.896310257708167,-0.1974853687414852,,,,40,8.406110844809431,5.008337496510798,1.392260087172763
1660857449.8878086,LIDAR_ONLY,8.793999248040576,3.848530310524553,1.386554705233315,0.36642696705917815,-0.15062632452776273,0.8951892497062709,-0.204154831883531,,,,48,8.363532038700415,5.001590437403657,1.4268458643533932
1660857449.9984536,LIDAR_ONLY,8.75553040640224,3.8014785728319844,1.4064647610564687,0.3665475037871021,-0.14452315144678549,0.8952541786762336,-0.20802870409171043,,,,56,8.33253387243962,4.974314484478393,1.4781045414810292
1660857450.0889719,LIDAR_ONLY,8.726387016956544,3.752047061321777,1.437883352459887,0.3662886025122835,-0.1509010202059727,0.8930220505255004,-0.21347870864708218,,,,50,8.276304926503064,4.944713029552056,1.5321404312207534
1660857450.1996043,LIDAR_ONLY,8.690634637917261,3.715063386352402,1.4634929345410426,0.36199770499250405,-0.15320083394921263,0.8934877684224205,-0.21717912822586957,,,,49,8.24108149393169,4.915270693503456,1.5885305581241087
1660857450.2901163,LIDAR_ONLY,8.650010447916681,3.68397594284133,1.487930058209704,0.3604017733420687,-0.14933580472567493,0.8935576803008087,-0.2221802222842189,,,,54,8.185491593175355,4.89239625431273,1.6313810337470067
1660857450.3907306,LIDAR_ONLY,8.606468272810666,3.658625284426132,1.5189802060949964,0.3605430987648884,-0.14398114198864567,0.8932146489966764,-0.22681643569724366,,,,55,8.129656229116241,4.884015817747541,1.6766273974504615
1660857450.5027277,LIDAR_ONLY,8.547773632776744,3.6259759486549936,1.556982123075051,0.3564287164150127,-0.14303953988269896,0.8945260584055823,-0.22873869584804624,,,,59,8.08230737115171,4.868505419194176,1.7454072573063808
1660857450.6032665,LIDAR_ONLY,8.495654400534939,3.5905968518992126,1.583037779944237,0.3530589710882681,-0.14608207697173886,0.8943886231393968,-0.2325475876471963,,,,45,8.022617373172244,4.871870788955653,1.796194135762262
1660857450.7038462,LIDAR_ONLY,8.447659519184008,3.556415406945652,1.6147822180850757,0.35236550088632185,-0.1459296846315458,0.8941185782946031,-0.23472334540242654,,,,51,7.973966145271892,4.853022438047976,1.863726609536451
1660857450.7943783,LIDAR_ONLY,8.398733492448851,3.5209951645963975,1.6531504099205134,0.35492708038343806,-0.1432396787915053,0.892746904748088,-0.23772279253976308,,,,56,7.9124462734148695,4.843346223497928,1.9216907780154433
1660857450.905277,LIDAR_ONLY,8.34358469151519,3.4703126178787276,1.693186200581029,0.34730856589546977,-0.14136666588855878,0.8951800150159379,-0.2409252302006788,,,,46,7.861021141965786,4.837850965607355,1.9803271369495599
1660857451.0058734,LIDAR_ONLY,8.281379572549259,3.425440306361805,1.7223244308526113,0.3439307385838141,-0.14391675885582478,0.8960949535451297,-0.24085980945059843,,,,46,7.8119468327822394,4.818705601285415,2.0468924715355126
1660857451.1276042,LIDAR_ONLY,8.234077783095088,3.3932209080696243,1.755819307477764,0.3440980456833277,-0.14002384359409964,0.8952890301386405,-0.24586055132017867,,,,34,7.694371842574741,4.801503086539655,2.1362205131969385
1660857451.208067,LIDAR_ONLY,8.186762743900676,3.359377312901519,1.7983882009397734,0.3431958158374355,-0.13510049032683247,0.8946616120306219,-0.2520815135306348,,,,47,7.694371842574741,4.801503086539655,2.1362205131969385
1660857451.3086102,LIDAR_ONLY,8.130291485117997,3.3191288770202685,1.8309129332083844,0.33758388847740045,-0.13234092533498928,0.8951538981702939,-0.2592730150102089,,,,51,7.634499898376135,4.79797896247889,2.2034533964525247
1660857451.4092057,LIDAR_ONLY,8.085101982390531,3.2860883353562653,1.8558127867346994,0.33163779844283087,-0.12735191415812486,0.8961993383782896,-0.2657529049597953,,,,46,7.570506854239571,4.7865989424634385,2.2589334329482402
1660857451.5097458,LIDAR_ONLY,8.047081058108798,3.251537897530723,1.8840236494200742,0.32975484256702065,-0.12511415963638273,0.8962107922961623,-0.2690992505265785,,,,61,7.5293717155686055,4.7854796043707815,2.3135119074189245
1660857451.6116538,LIDAR_ONLY,8.001173134268878,3.2062889591894947,1.9162080173928158,0.3239624851714442,-0.12176531437296363,0.8962293019236489,-0.27747892675056274,,,,44,7.486573403702496,4.773078800491562,2.3917022858493775
1660857451.712359,LIDAR_ONLY,7.942345482095605,3.152272668391058,1.94347558500277,0.30160415062530066,-0.11298113563014377,0.9022448284814637,-0.2867480929243791,,,,58,7.437595856165631,4.767997674447609,2.4651110860455243
1660857451.8028288,LIDAR_ONLY,7.88742700728415,3.100951479306967,1.950989075439613,0.2815467689067699,-0.11408520462001401,0.9059813531676628,-0.29481141551415235,,,,38,7.366215393425675,4.75285567799724,2.525576295840028
1660857451.9134398,LIDAR_ONLY,7.835326353763496,3.0518935330439785,1.9635914179474656,0.2574633797557294,-0.1186246653892993,0.9099805912591153,-0.3026154661905846,,,,40,7.3006874871902,4.748916174887054,2.5640002589173005
1660857452.014018,LIDAR_ONLY,7.7763409157564904,2.998581150724,1.9858117271184934,0.2319015937349236,-0.12203302342230749,0.9142723098708521,-0.30892674766201433,,,,47,7.241423166550756,4.730210795623598,2.640836292279481
1660857452.1145687,LIDAR_ONLY,7.703103793118615,2.9274672211237087,2.01017146507212,0.1990454705857431,-0.13704995517697552,0.9174252655867394,-0.3161156315154153,,,,33,7.176623416743708,4.719691407220481,2.659623338521377
1660857452.2151537,LIDAR_ONLY,7.632294797745035,2.8662033823409048,2.007589833457291,0.15925327990746924,-0.14518207179884285,0.9213148368893848,-0.3236348717218144,,,,26,7.101764148105648,4.703949739116836,2.6911820673172175
1660857452.3171256,LIDAR_ONLY,7.569726827305361,2.8054849415805947,1.995569624410293,0.12436840135877157,-0.14996429556011184,0.9247841799032948,-0.3268293612899758,,,,27,7.027773236179118,4.6811534472940215,2.6900597051148667
1660857452.4176676,LIDAR_ONLY,7.512486643395163,2.745263709016262,1.968445268967412,0.09888419456001975,-0.15754981009674968,0.9250378060002064,-0.3312174978394395,,,,29,6.94765248435926,4.66135411180006,2.704514867698214
1660857452.5183213,LIDAR_ONLY,7.449344847774241,2.6729692618876104,1.9654559946184706,0.07165045761408745,-0.166860802506766,0.9241983833001035,-0.3359777266664634,,,,45,6.859943620054729,4.631880465256761,2.674321464976126
1660857452.6188438,LIDAR_ONLY,7.399556581943985,2.6103318021369235,1.958562732573764,0.048956590222218536,-0.1733333201380235,0.9226852185244216,-0.3408970517917155,,,,33,6.783421422601243,4.6071110820910315,2.714572581973628
1660857452.7193844,LIDAR_ONLY,7.355557331381516,2.557395162894209,1.9515075663170665,0.04234474267147213,-0.1825167938830455,0.9194518452204806,-0.3456918382597339,,,,35,6.724873567625385,4.57951006964732,2.7449531886135388
1660857452.8198774,LIDAR_ONLY,7.3074563510372,2.5045062418733077,1.9530736881269024,0.03886015021636613,-0.18788836689968672,0.9178715632649328,-0.34741854247941145,,,,41,6.661641161817061,4.570493585302957,2.7602238248843074
1660857452.920493,LIDAR_ONLY,7.254986678092754,2.4423186606612286,1.965155891800634,0.037272412971503216,-0.20027958324165107,0.9141210158128351,-0.3505447535153576,,,,23,6.591056839449885,4.554995159535036,2.7784254032413784
1660857453.0123255,LIDAR_ONLY,7.2084773829265805,2.4018435027129237,1.968731208656095,0.0292941185482748,-0.20130454645748255,0.9134368915063706,-0.3524930913212425,,,,25,6.513186077459174,4.532736439388142,2.757113513495462
1660857453.1229541,LIDAR_ONLY,7.16348493019322,2.36629903307037,1.9697955130569835,0.025668677153658493,-0.2023429696113583,0.9131173913832107,-0.3530085993507225,,,,34,6.469706958416556,4.514736834359464,2.807030994769337
1660857453.2242465,LIDAR_ONLY,7.109437622211921,2.324219268730396,1.9680205571431468,0.02355605795325798,-0.20634623553831163,0.9122249173165702,-0.35314592371942644,,,,31,6.417586564166472,4.508640914141569,2.829904498534725
1660857453.324817,LIDAR_ONLY,7.067351423172329,2.290951715019064,1.9616191722532181,0.018027778103058903,-0.2153689353449288,0.9098722139967867,-0.3541521920045734,,,,39,6.357855991046926,4.514806539618316,2.8726661686860764
1660857453.415331,LIDAR_ONLY,7.035929823897541,2.265425193188992,1.9694668882242041,0.02438802540924223,-0.21740986743578689,0.9091353297607488,-0.35441659941233905,,,,31,6.2921103368545435,4.49125603732935,2.855290821195176
1660857453.5159612,LIDAR_ONLY,7.005180009595737,2.2408028831981808,1.963186731284904,0.020063378359256267,-0.21693545432714004,0.9090502175538203,-0.3551959620688875,,,,41,6.251576431645051,4.488228256424587,2.8841441606281504
1660857453.627084,LIDAR_ONLY,6.972455122270811,2.2088949337623616,1.9671053606426128,0.0188970779304735,-0.21834587696959887,0.9083086023928868,-0.356291259049597,,,,36,6.208514410942701,4.481476862396544,2.869449374916374
1660857453.7187037,LIDAR_ONLY,6.947837193058063,2.196400748963666,1.9593927086223166,0.019122302689633518,-0.2140031458764984,0.9097329077619322,-0.3552788026745027,,,,38,6.1482651104564745,4.4774629435083115,2.8675030602242026
1660857453.8293376,LIDAR_ONLY,6.931415518874249,2.192115957338256,1.9475812727614628,0.022525339850762716,-0.2157714783336816,0.9103063335267091,-0.35253036371845387,,,,35,6.120464819865494,4.485183031616471,2.8727412922348052
1660857453.9299245,LIDAR_ONLY,6.922048127072152,2.1949032024963078,1.945952501513672,0.019119390991629008,-0.21771147216272152,0.9131360713906143,-0.3441201518396804,,,,26,6.106429684412932,4.495673214462004,2.8709381764932056
1660857454.0304937,LIDAR_ONLY,6.920656249951474,2.208550832600524,1.9474541516734822,0.02192112385616205,-0.21888625684354437,0.9202065276730895,-0.32377185999055,,,,41,6.098670874145468,4.5054550263065,2.874619279912618
1660857454.1310155,LIDAR_ONLY,6.90943589149216,2.2255093265453265,1.9409203360477156,0.017850739337813847,-0.2260621369360296,0.9256894467331956,-0.30278095969826035,,,,30,6.114135221709076,4.516328853823947,2.8917735508203184
1660857454.2327569,LIDAR_ONLY,6.8871376765045165,2.249409725753762,1.949223776295331,0.013026667143353939,-0.22998807914513247,0.9359086830467904,-0.2664783788450597,,,,24,6.114264818669523,4.530839166246069,2.890012026318936
1660857454.3332973,LIDAR_ONLY,6.856575086053117,2.283455549814826,1.96186285561615,0.015685097825414544,-0.23315023861911988,0.947178691733425,-0.21965306704940943,,,,25,6.106472801034628,4.55818928196489,2.8924165252169804
1660857454.4338768,LIDAR_ONLY,6.833061705784187,2.3202930218920836,1.9680221444937223,0.01756572049518978,-0.23625552192327087,0.9562362008280785,-0.17171808888445783,,,,22,6.085512992585749,4.605772804295987,2.8802925918652753
1660857454.534435,LIDAR_ONLY,6.824731508529931,2.347182028762524,1.9761394524173004,0.01663355258673534,-0.23652966443712142,0.9640739446403632,-0.11974335904415409,,,,26,6.096686491157422,4.634742507136879,2.9112878138764047
1660857454.6660914,LIDAR_ONLY,6.826708977302898,2.3690111091706276,1.9899756030594218,0.013306313628344906,-0.241849783368122,0.9679217319885279,-0.06677683016394968,,,,23,6.1140397015756385,4.674666772235738,2.864791973323311
1660857454.7465546,LIDAR_ONLY,6.83271995049453,2.3827043434165915,1.996666150980415,0.010769046396082473,-0.2457933480353857,0.9690023572496244,-0.02245193412484641,,,,23,6.1140397015756385,4.674666772235738,2.864791973323311
1660857454.8373868,LIDAR_ONLY,6.844460236655883,2.397031771224141,2.0059909253244546,0.012605584075380817,-0.24834457247738614,0.9681797475188123,0.028178876229397434,,,,40,6.129538952926958,4.69358237223733,2.885269259760309
1660857454.927902,LIDAR_ONLY,6.8557062934904405,2.415483748310101,1.9894676196536865,0.01474701053370542,-0.2506734956824113,0.9646687450534782,0.07974670250001768,,,,35,6.119115673778693,4.711751870897038,2.8940576783472434
1660857455.0385988,LIDAR_ONLY,6.859979294034062,2.4242181535709646,1.991564221160579,0.018534434311793926,-0.25296704738233944,0.9589513724090252,0.12679279568749238,,,,35,6.145622289162132,4.716303646274904,2.891858777091823
1660857455.1391644,LIDAR_ONLY,6.8647052664232975,2.4337420728750825,1.997379786177023,0.01860629791445294,-0.2565560923138257,0.9508422786168149,0.17242893715778068,,,,38,6.147279208285832,4.7197140733088565,2.8909688202170307
1660857455.2397573,LIDAR_ONLY,6.877214941207136,2.4424762491810026,1.99724424471425,0.0216337707904937,-0.2506572899806297,0.9424595133124277,0.22016577551439065,,,,44,6.15197982327294,4.735969636478082,2.8911468573305776
1660857455.3403246,LIDAR_ONLY,6.890822507645164,2.4367922106001805,1.9901087687918122,0.024280907701959658,-0.2503622419860179,0.9308815302930312,0.2649316173434341,,,,45,6.158460986113829,4.741040120087147,2.87378302569962
1660857455.4430034,LIDAR_ONLY,6.900555283451234,2.4328052988590114,1.981298087961651,0.025439339479161403,-0.2463530448760662,0.9223890849783859,0.2964142257043187,,,,55,6.1669926760198015,4.736367952863206,2.870172149046861
1660857455.543547,LIDAR_ONLY,6.902661540589685,2.425463697074699,1.9676606565574555,0.02251021540037999,-0.24590843800951234,0.9141763772630577,0.32140921202190537,,,,71,6.175695717879702,4.723361987429207,2.8685894874646243
1660857455.6441305,LIDAR_ONLY,6.907776180130288,2.417370321502665,1.970900703959459,0.02547034484542343,-0.2424490172326474,0.90883008242786,0.3385226976888668,,,,69,6.163469854290854,4.705264343548517,2.8720542958495385
1660857455.7453299,LIDAR_ONLY,6.917266485373169,2.412737470389461,1.9677423845877389,0.030857036314336242,-0.24092856311450572,0.9071703890329131,0.3435740910594808,,,,87,6.167739880362073,4.70083371007742,2.856339379695397
1660857455.8358476,LIDAR_ONLY,6.917284397565676,2.4048371026702156,1.9650357284465865,0.028273996292764163,-0.2452933058004101,0.905168779611928,0.3459786925216586,,,,84,6.173189338379651,4.698148472427594,2.8559704933937904
1660857455.9464316,LIDAR_ONLY,6.920726346170275,2.403308346351515,1.960543586821617,0.03123473141226853,-0.2432623630551347,0.9064054698165535,0.34391414417128685,,,,98,6.162049193072942,4.69466815191402,2.836849953596881
1660857456.0469744,LIDAR_ONLY,6.924451393265635,2.3954272944566988,1.955282670637665,0.03273149227022851,-0.24586622949725107,0.906133859546863,0.34263665184751513,,,,98,6.173130205740203,4.695994582953203,2.86287840591592
1660857456.138321,LIDAR_ONLY,6.910640017547934,2.3900900562701466,1.9604165478630997,0.033389809342371166,-0.24735417358649167,0.9052720970376598,0.34377821886568366,,,,108,6.173240328230684,4.688104556368588,2.8688425115868035
1660857456.2489536,LIDAR_ONLY,6.882118845688643,2.3892749041877184,1.9645391066932758,0.03682731468521541,-0.24049397855876684,0.9071905979547373,0.34323696501480977,,,,87,6.1569131410794204,4.69933604259541,2.875737216948304
1660857456.3696468,LIDAR_ONLY,6.853598287089134,2.3935833078629014,1.958855362192212,0.03724035557177329,-0.24811451846195184,0.9066332813093569,0.3392173858567841,,,,81,6.116201214585054,4.7309021308493975,2.8840479252915716
1660857456.460451,LIDAR_ONLY,6.819865414281412,2.413413663762511,1.9693142633927119,0.039226901724611185,-0.2485696819691528,0.9066721972299043,0.3385555938943257,,,,105,6.116201214585054,4.7309021308493975,2.8840479252915716
1660857456.5509806,LIDAR_ONLY,6.773494813427365,2.448863123041055,1.9722940549221635,0.0398472297757416,-0.24532433182460545,0.9087975495037033,0.33513457671519653,,,,87,6.0974991599862385,4.768867819617851,2.8850950156681776
1660857456.6623747,LIDAR_ONLY,6.742281329219112,2.4800743604384827,1.9761483720025512,0.04426759239676925,-0.24516562206657944,0.9120240009743179,0.3258011965400038,,,,68,6.065159163456007,4.877176682790315,2.882877122894568
1660857456.752905,LIDAR_ONLY,6.7147800332636045,2.5019518118830044,1.9865222699649658,0.04853976855522023,-0.24810493829795607,0.915285993492778,0.3135911041096534,,,,71,6.065159163456007,4.877176682790315,2.882877122894568
1660857456.8434684,LIDAR_ONLY,6.67417071900115,2.531759120986108,1.9887783613688188,0.05081446345465169,-0.2510376687117593,0.9172582015692815,0.30501700091219236,,,,70,6.06129513103999,4.915343409414537,2.884541235523744
1660857456.9540975,LIDAR_ONLY,6.631769855137559,2.553888409794386,1.9948313416211279,0.05896155787764339,-0.2518787168244316,0.921282725428546,0.2903769731408981,,,,75,6.039927204228146,4.97729677246679,2.897430956342304
1660857457.0546646,LIDAR_ONLY,6.602150333079546,2.5702740491728364,2.004665014965334,0.05815998663125767,-0.25552121887608653,0.9253251114300067,0.27404335572346306,,,,76,6.020079913684157,5.043543356780077,2.9389559023458496
1660857457.1552458,LIDAR_ONLY,6.5701147017637345,2.586592392057529,2.0056435119188434,0.055234522803605586,-0.2591205809964874,0.9282908964720734,0.26092467020535864,,,,65,6.007261126082054,5.109594944498258,2.952967749407353
1660857457.2558198,LIDAR_ONLY,6.524681858053523,2.6125280791018466,2.015672849432906,0.056415240656750486,-0.2626631655289766,0.9297608196357706,0.2517343845527631,,,,61,5.987755418526376,5.158238278706162,2.9448549901655827
1660857457.3580074,LIDAR_ONLY,6.478443479688247,2.639816217447071,2.0315265148246575,0.05178687720862607,-0.2604601231720964,0.9323617833506486,0.2453164253232002,,,,55,5.9668933074868695,5.232583361981417,2.96120604998153
1660857457.458548,LIDAR_ONLY,6.445346173696594,2.6637989956007786,2.041397483226696,0.04218946917296021,-0.259804703820522,0.933949040855313,0.24178658699165964,,,,53,5.945142209829836,5.303721206042803,2.9702242132258867
1660857457.5894995,LIDAR_ONLY,6.415114429900069,2.689716432537719,2.044267381589176,0.030482612326483357,-0.2597496417128394,0.9353808392973183,0.23804121376612342,,,,45,5.947219804768669,5.415911929722867,3.0162330799528596
1660857457.7101882,LIDAR_ONLY,6.382151888946304,2.7178830292018135,2.0482700411717727,0.01940330850991419,-0.26034549496942255,0.9354230101751658,0.23838524892037097,,,,40,5.953391501956255,5.476724931830061,3.017515666656204
1660857457.8007207,LIDAR_ONLY,6.364209063091843,2.741506123414048,2.0631934360687287,0.011197954402611185,-0.2588948237537778,0.9351189411934998,0.24166224751053955,,,,38,5.970223580766527,5.516727852574873,3.0194039982048078
1660857457.881178,LIDAR_ONLY,6.3537209713345,2.7641903348280223,2.0765771957648647,0.011529745338195157,-0.2614118071951894,0.9315233956604078,0.2525769098090424,,,,40,5.975954382930037,5.55468500053893,3.012266192723454
1660857458.00183,LIDAR_ONLY,6.343634939396327,2.8026801098347365,2.08502852881242,0.0074756717932034835,-0.25899990479265267,0.927713404711624,0.2687210493560265,,,,26,5.997682535141726,5.594555673087589,2.9910855676008263
1660857458.0830386,LIDAR_ONLY,6.332561050239159,2.8459464618578956,2.094071442846365,0.004667847875155811,-0.2565603719373873,0.9232803329581966,0.28584683577077674,,,,30,6.010023195364305,5.637461738759293,2.966409314013489
1660857458.1634955,LIDAR_ONLY,6.337268393334132,2.880283978150974,2.1114921531773994,0.0015322952493772996,-0.25475958351269884,0.9162784301001654,0.3090777332854653,,,,35,6.010023195364305,5.637461738759293,2.966409314013489
1660857458.2856412,LIDAR_ONLY,6.351198276526227,2.909459043350956,2.125662095806344,-0.0011477053448420932,-0.25630820781209446,0.903770452687968,0.3427882060818008,,,,24,6.066738481286221,5.669880152450471,2.962774158259473
1660857458.366044,LIDAR_ONLY,6.368057779545914,2.9449893518975587,2.1394100080128022,-0.005397124183431598,-0.26244679715714503,0.8802807022816754,0.3952194768770707,,,,21,6.066738481286221,5.669880152450471,2.962774158259473
1660857458.4666302,LIDAR_ONLY_SAFE,6.394105289269408,2.974367309366237,2.152187127869499,-0.010912547016547681,-0.26002212773359057,0.8566809613541952,0.4453842609026053,,,,15,6.115790933411236,5.702828371239369,2.943310873215947
1660857458.5671995,LIDAR_ONLY,6.422710686406141,2.985032014420258,2.1591493097377707,-0.01044392449244872,-0.25634625699041447,0.834572089614163,0.48751097239472485,,,,23,6.163621044281249,5.745441811513281,2.9325014208280002
1660857458.667981,LIDAR_ONLY,6.445962166979942,2.997545056175594,2.165568136592051,-0.007902595969406848,-0.25215868203925373,0.8125811029743788,0.5254193555038803,,,,38,6.180113530793484,5.716950023287082,2.942433963282397
1660857458.7685497,LIDAR_ONLY,6.466703119468102,3.0107443592058165,2.1663420024447646,-0.008062368743714118,-0.24482675693567849,0.7905232311815005,0.561309075519859,,,,36,6.210140553450527,5.711632001041091,2.925179310590441
1660857458.870232,LIDAR_ONLY,6.480050440864399,3.023867978438107,2.171409741335372,-0.004881627800368657,-0.23504653508814674,0.7646775224268223,0.599997985620162,,,,47,6.225253643365689,5.700046352175985,2.9174443702841706
1660857458.9717314,LIDAR_ONLY,6.494371874506522,3.024310566304106,2.1852140852167774,-0.006070541957759008,-0.2233625114765942,0.7404522580140976,0.6338791608729788,,,,54,6.244688485334935,5.705502989514291,2.8827283586280634
1660857459.0724623,LIDAR_ONLY,6.508044352424408,3.0190839826851494,2.18331012700196,-0.005606886595599025,-0.21600270632322677,0.7148648865213935,0.6650410421188314,,,,57,6.255475919312277,5.697233568399954,2.900549690969658
1660857459.1730437,LIDAR_ONLY,6.518512757931415,3.010900527859405,2.1795445964275486,-0.0060017876119569874,-0.21301278138809093,0.6874534361330252,0.694260258591594,,,,66,6.250248849923643,5.677081637497787,2.898310380726751
1660857459.2736194,LIDAR_ONLY,6.533820008636906,3.008396982617427,2.174494458601866,-0.004697590149512964,-0.2086487403190089,0.6530892167098237,0.7279547450408075,,,,76,6.236337576355068,5.659700646056648,2.897313859280527
1660857459.3742054,LIDAR_ONLY,6.550241651681353,3.0084099694286524,2.164622899364886,-0.0056146999489725,-0.2053662636228325,0.6189293588943277,0.7581026458262344,,,,69,6.237886836786171,5.6572892631064535,2.873664957294279
1660857459.4747992,LIDAR_ONLY,6.575448817620247,3.0190871657889438,2.1647406229452804,-0.0036862918428927915,-0.1993786264853777,0.5854660446723223,0.7857888298321628,,,,68,6.247032154752265,5.641256469970576,2.866262907421164
1660857459.5753405,LIDAR_ONLY,6.603244891594969,3.0247093825933336,2.1593810497599963,-0.0009222700131797186,-0.1915926467153772,0.5542570782463456,0.809994134766693,,,,74,6.277861165422754,5.62627695767085,2.867616595016173
1660857459.6759133,LIDAR_ONLY,6.622874988936998,3.0236070530379435,2.1619181798370324,0.000755907472054937,-0.1851415029849358,0.5222054613658437,0.8324803352608752,,,,74,6.293038685870833,5.613520569744098,2.850199047125487
1660857459.7764385,LIDAR_ONLY,6.6431847979488685,3.043826703391065,2.1549615513560134,0.0059728742820471395,-0.17535502803120434,0.4986600604129003,0.8488539821818527,,,,84,6.323466878459085,5.598921389565315,2.890357450612268
1660857459.877962,LIDAR_ONLY,6.659415595591919,3.085405614053348,2.177331088769717,0.0075612486141719976,-0.16604497094116163,0.48547541726551785,0.8583038590006541,,,,98,6.344220792581744,5.603548982867249,2.8561899347129818
1660857459.9985697,LIDAR_ONLY,6.670038617838746,3.12135493140677,2.192985590771183,0.0025467193972057447,-0.16700687853540552,0.4737375309174205,0.8646820042896916,,,,80,6.418005093770388,5.626069029047079,2.8151828807157075
1660857460.0890796,LIDAR_ONLY,6.680862454919804,3.1585558009880774,2.206725542708413,0.0015002044221376486,-0.16971259979517603,0.4673015763834095,0.8676546660780629,,,,93,6.418005093770388,5.626069029047079,2.8151828807157075
1660857460.1810193,LIDAR_ONLY,6.695239387786451,3.203043421956038,2.230684339522101,-0.0005622804817685703,-0.17448830201836865,0.4718879911733814,0.8642194397754294,,,,104,6.468209016656786,5.650318363312182,2.8281395334505084
1660857460.2926915,LIDAR_ONLY,6.71193282506896,3.2483048843391527,2.2584273492561553,0.001814827793082424,-0.18491438479068653,0.4835541378142702,0.8555575798859252,,,,87,6.507415314434888,5.660260834988413,2.8089079139910123
1660857460.3832097,LIDAR_ONLY,6.720286719343986,3.2841075625357794,2.2904685839899273,0.002830474906781704,-0.20332842918335844,0.495927167183256,0.8442190374228841,,,,71,6.558282440413334,5.67381769768804,2.8172071860358194
1660857460.4837832,LIDAR_ONLY,6.723955394836885,3.3100418138383443,2.330186728039232,0.014553752953794557,-0.21376415519864544,0.5114713166449874,0.8321599404421078,,,,88,6.588452798068352,5.684718719191009,2.8548242829558577
1660857460.5843198,LIDAR_ONLY,6.72937091092338,3.3524994030383253,2.3526595876064116,0.041352129247707495,-0.2313651624159395,0.5236415569126535,0.8188770865649003,,,,70,6.598181988182814,5.690472749856932,2.8466193729244793
1660857460.6852417,LIDAR_ONLY,6.734689443178562,3.4106931372810187,2.3770076125870907,0.062405522368069066,-0.24692191164049998,0.5341554150059278,0.8061098640691694,,,,73,6.644176935697583,5.721481434024629,2.831897977562405
1660857460.7871084,LIDAR_ONLY,6.7324578543517,3.450215796370462,2.402898220028527,0.084260065380969,-0.2769221121982341,0.5357673239818852,0.7932009579614445,,,,60,6.716357790582798,5.743096795787954,2.8304501975685987
1660857460.8876848,LIDAR_ONLY,6.732237212621758,3.469669692602781,2.4301523420798277,0.11285308210437203,-0.3029679208134674,0.5382969076271711,0.7782744117960794,,,,56,6.732646318368992,5.760036054166724,2.8147156844304937
1660857460.9882069,LIDAR_ONLY,6.736200775471795,3.500513311746614,2.460735253762008,0.14090162548093604,-0.3239434293006994,0.5425568724652041,0.7621282219485833,,,,61,6.740769631268388,5.774666434517011,2.788320661905513
1660857461.0887878,LIDAR_ONLY,6.748669661766823,3.5453693521883323,2.500524916793959,0.16857560931646667,-0.33375955136192054,0.5497823561047499,0.7469445673771125,,,,61,6.779973752378922,5.793527540930942,2.809098700258534
1660857461.1893637,LIDAR_ONLY,6.762263632443195,3.5848664599317193,2.5382946271720623,0.19230563716286295,-0.3506392463608944,0.5512771593772477,0.7322323090220767,,,,48,6.827539507216868,5.79525168575879,2.801108181915143
1660857461.28994,LIDAR_ONLY,6.773892419948162,3.613333191334081,2.5815188564766864,0.2122971544299701,-0.36580907318829997,0.5469232558970748,0.7224877800717445,,,,47,6.883449005844388,5.798372055614861,2.815866580714483
1660857461.3904965,LIDAR_ONLY,6.7844043479100495,3.651325863205687,2.632566850409717,0.23071084037363507,-0.3729298975423983,0.5391302990075422,0.7190509859148693,,,,47,6.925516278421842,5.8041999942964635,2.8461729583856186
1660857461.4917364,LIDAR_ONLY,6.793138561377666,3.7049427373672787,2.6924477234437267,0.2515389010170826,-0.3738340918855052,0.5316720206763027,0.7171479034684793,,,,68,6.972487945053802,5.815479094277457,2.8600684411455335
1660857461.592264,LIDAR_ONLY,6.801811774174038,3.7534900479730697,2.7584848572886322,0.25502145458693704,-0.37233215702646244,0.5247192500301008,0.7218050506835162,,,,46,7.035854824779973,5.8302833270815935,2.8873807588756226
1660857461.7028887,LIDAR_ONLY,6.814283557902445,3.798259886299248,2.8142392453940754,0.2604889044164029,-0.3718280561424529,0.5184687305382509,0.7246237663748835,,,,55,7.170300796162852,5.844626688364446,2.916804208147284
1660857461.7933202,LIDAR_ONLY,6.832344634768087,3.834247451228176,2.868088780454502,0.27129782100849015,-0.37286886651820184,0.5176297351803519,0.7207119798883569,,,,60,7.170300796162852,5.844626688364446,2.916804208147284
1660857461.8939145,LIDAR_ONLY,6.857650616464959,3.8856636620614005,2.921079524618269,0.27816906047826595,-0.3748599672918419,0.523492907831659,0.7127812807338254,,,,54,7.236156119856049,5.834520276295986,2.944887649256342
1660857462.0044954,LIDAR_ONLY,6.8835822396142365,3.936107085428989,2.986556371000162,0.2835401288627159,-0.3707284944838579,0.5296463871927429,0.7082655457072028,,,,38,7.311207403729842,5.837223267527694,2.9537789816671927
1660857462.0958905,LIDAR_ONLY,6.90080233746221,3.970770651444605,3.0427230707679973,0.2909547880709714,-0.36399858015652564,0.5387026485562253,0.7018901633312136,,,,43,7.396945105889101,5.836964412309394,2.9651772133346816
1660857462.1964324,LIDAR_ONLY,6.906527125438793,4.009096169749676,3.095826817387263,0.29349392272754565,-0.3674757718820945,0.5384265114838536,0.6992279786543043,,,,66,7.462422838793556,5.839441029276925,2.9887454004146066
1660857462.2970202,LIDAR_ONLY,6.908720221536917,4.059568745469156,3.1532081339533846,0.29808281403477593,-0.3687912855448171,0.5405496274074711,0.6949429645610887,,,,68,7.528216783557653,5.849555474302735,3.0115638636915296
1660857462.3975525,LIDAR_ONLY,6.903359798647358,4.109726339128568,3.2159265152308243,0.30159623502424093,-0.36579373314413416,0.548204772122585,0.6889892478360642,,,,63,7.599850604282545,5.8605383672635165,3.024210860507196
1660857462.498134,LIDAR_ONLY,6.9047432679592236,4.159521046413393,3.26603055867671,0.2984319934406391,-0.3646455884796712,0.5527937306909078,0.6873070866811929,,,,41,7.677082083109302,5.886732119335099,3.0495626017858135
1660857462.5986595,LIDAR_ONLY,6.9109011429971225,4.201914690295396,3.3196765597781486,0.30215452280848104,-0.3637869551609606,0.5560493095693264,0.6834989838533572,,,,48,7.746181422643011,5.897633505189615,3.0565732813441238
1660857462.699188,LIDAR_ONLY,6.921551669483042,4.238727240017731,3.377742165083737,0.3089388550319641,-0.36449942347434083,0.5571119828424004,0.6792077684418968,,,,44,7.811280693665842,5.906417404216005,3.0802828851158077
1660857462.8017452,LIDAR_ONLY,6.9335006478579775,4.289427407267069,3.434377054433994,0.30817491366283634,-0.36443723159687397,0.5587028754878458,0.6782807853216267,,,,44,7.889272733464283,5.91625467619738,3.1025601464716095
1660857462.9023545,LIDAR_ONLY,6.938436230729871,4.337626217737046,3.4873484177189047,0.3083417176431951,-0.3605546754438016,0.5629367179478892,0.6767776316948705,,,,36,7.964453207018238,5.921883144559621,3.125096229912458
1660857463.0029237,LIDAR_ONLY,6.9397963105322615,4.373364567409119,3.5324945294435217,0.3081542443782784,-0.3636246939016739,0.5634129161681742,0.674821405670745,,,,49,8.031775809684286,5.936608470099244,3.1419910407735228
1660857463.1248121,LIDAR_ONLY,6.93883995238114,4.3963634278530845,3.5883753060585155,0.30973229080319326,-0.36673493176752503,0.5650772595629685,0.6710134786873363,,,,37,8.164592948172457,5.954812687070881,3.2116322869167493
1660857463.2052631,LIDAR_ONLY,6.928900561363646,4.435811569902108,3.6500692525734095,0.30699194011344055,-0.3698702539071766,0.5681076907416618,0.6679862241844535,,,,63,8.164592948172457,5.954812687070881,3.2116322869167493
1660857463.3058314,LIDAR_ONLY,6.922950580502209,4.478074695528466,3.6949953131064612,0.3046863427324732,-0.3668591792581572,0.5738587573403995,0.6657827737108206,,,,43,8.248160941682796,5.976953349117502,3.252012861233029
1660857463.4177372,LIDAR_ONLY,6.918473166471475,4.517747601081645,3.739079216238733,0.30409966476050937,-0.36829516870544926,0.5769407773505452,0.6625869014936224,,,,39,8.298535565368207,5.9949767066910375,3.2527217508960287
1660857463.508359,LIDAR_ONLY,6.915921444880316,4.5591205801294485,3.789124831330353,0.30830984948747536,-0.36688776721695016,0.5796576518856209,0.6590412806387926,,,,41,8.360959437591744,6.008057141402781,3.2633952968876963
1660857463.6088686,LIDAR_ONLY,6.9220908160769765,4.610742473691683,3.8562450584601633,0.3066385216676049,-0.36475518276888524,0.581198738926246,0.6596472538738295,,,,55,8.433285310459011,6.030634459751161,3.281359302915272
1660857463.7094407,LIDAR_ONLY,6.921918048318149,4.663800785346319,3.9102618154680675,0.3044459465235969,-0.3627185721567604,0.5857710921286735,0.657738649224974,,,,34,8.521644848836877,6.036851338348398,3.311573587894212
1660857463.810008,LIDAR_ONLY,6.918109137882334,4.707783940757344,3.9666876408566036,0.30377622238839924,-0.3630075305223327,0.5868705772232286,0.6569082623054654,,,,48,8.587584635839514,6.047432205825834,3.330438887033493
1660857463.910517,LIDAR_ONLY,6.91389747655988,4.751403658486128,4.028828616625349,0.3035829535176007,-0.3605995860590425,0.589313344053666,0.656136503623951,,,,49,8.642622620254931,6.057568382484154,3.354622296952413
1660857464.0119681,LIDAR_ONLY,6.898227741688938,4.811803566377257,4.091908380454298,0.29976613793265316,-0.3551699284500091,0.5964667183027772,0.6543867651709289,,,,61,8.713306704279907,6.066571234015779,3.3864317869408556
1660857464.112549,LIDAR_ONLY,6.888716128153906,4.866179962936365,4.168910916714766,0.2892768813528852,-0.3449924022081983,0.6055742570792885,0.6561851472688432,,,,34,8.791306507178595,6.097577571180734,3.4044767106148104
1660857464.2134356,LIDAR_ONLY,6.878558568275021,4.914015115473746,4.235410548324349,0.27750295833559685,-0.3323366654770697,0.616792606956433,0.6573517543130631,,,,43,8.864734610511293,6.116308293775888,3.424070781921739
1660857464.313951,LIDAR_ONLY,6.874296819793193,4.975509727285618,4.291225134299289,0.2655485794781047,-0.3147956114286109,0.6304422726934319,0.6579743275870178,,,,30,8.928070004368216,6.128687291419484,3.4504631202059435
1660857464.4145122,LIDAR_ONLY,6.874037946650586,5.054788704784985,4.352984503617034,0.24919897277137518,-0.2923325590387579,0.6465576401184283,0.6590938968766374,,,,38,8.995029979565299,6.145579863670367,3.4651372092300092
1660857464.5452125,LIDAR_ONLY,6.870256288294544,5.137073012929526,4.39678493871545,0.22522908915557194,-0.26937505871233053,0.6652087104313164,0.6589433258696722,,,,34,9.14891571920535,6.168976863228893,3.4373629784741264
1660857464.6156187,LIDAR_ONLY,6.8626611479923785,5.208991231378058,4.446820471523687,0.20121335843654917,-0.24536750199215937,0.6817659507920885,0.6591685381549792,,,,32,9.14891571920535,6.168976863228893,3.4373629784741264
1660857464.7167897,LIDAR_ONLY,6.851459969479367,5.277841999905854,4.4815987582930115,0.17836243399719742,-0.22353963728114745,0.6907148720532672,0.6641760596613275,,,,30,9.207073400554245,6.194968127247336,3.4352760769386843
1660857464.8282676,LIDAR_ONLY,6.838880968831464,5.346859663356921,4.510495433736859,0.15826778713214606,-0.2101823847246312,0.6977609486032907,0.6662614586721919,,,,37,9.241770082348353,6.228200401126356,3.385135232720523
1660857464.9188597,LIDAR_ONLY,6.822789142450907,5.426378142616086,4.538505431833375,0.1360182148158662,-0.1918194103459548,0.711274700042026,0.6624142662510834,,,,36,9.271259263838441,6.2625791263481165,3.3192461019891293
1660857465.0194376,LIDAR_ONLY,6.809724629442085,5.486811964427427,4.564805025134269,0.11501023575843,-0.1833929744205246,0.7245942475174337,0.6542956816826986,,,,53,9.340735647575789,6.2823991445295,3.3316999459943974
1660857465.1200044,LIDAR_ONLY,6.800070872137472,5.549732755218473,4.573326367844094,0.10692895620446105,-0.1786143496669253,0.7351743553468518,0.6451215231709657,,,,66,9.388098000153025,6.307911376126531,3.329261722245135
1660857465.22055,LIDAR_ONLY,6.795845019396629,5.623031629983858,4.59930306947106,0.10003290229530012,-0.17274448011393412,0.7396649646125364,0.6426884962198103,,,,53,9.429366451444098,6.333698736077189,3.2929867124954724
1660857465.3215156,TRANSITION,6.827593215345728,5.64934429679781,4.59887859465256,0.0995226658841221,-0.16984445353717637,0.7394257726821701,0.6438149014051718,,,,50,9.49431218235937,6.3661653963496425,3.2504921132362425
1660857465.422084,TRANSITION,6.873944894170709,5.667038830968681,4.6073506994572595,0.10055288442692381,-0.16673036210768197,0.739967418565716,0.6438465059671113,,,,51,9.552932907608534,6.384033382065561,3.2185632229372767
1660857465.5226073,TRANSITION,6.898010235378849,5.687936973334182,4.606941500343654,0.09736616211125025,-0.16640240858944233,0.7413522473526399,0.6428272818079116,,,,59,9.613949388948148,6.394089293152129,3.21643606538447
1660857465.6231382,TRANSITION,6.922571284845195,5.711430172024652,4.619339354443761,0.09717850128599116,-0.16589404401823843,0.7425588991017693,0.6415931626910093,,,,73,9.66487331869496,6.410390240519728,3.191762290010927
1660857465.7237165,TRANSITION,6.973728841008844,5.732273963966804,4.62265562566362,0.09378617317626553,-0.16623537375606143,0.7440202717559592,0.6403153827992286,,,,62,9.73279827165141,6.43638399088855,3.1782399024890062
1660857465.8262095,LIDAR_ONLY,6.955957725982602,5.776333208927807,4.639047314968989,0.08993169868342786,-0.1672067206775185,0.7471352800935372,0.636979650673187,,,,58,9.782556527362289,6.454716450891899,3.1495134371215756
1660857465.926779,LIDAR_ONLY,6.93630287880028,5.826315912688506,4.662203410635539,0.08942834121360231,-0.1685205613026657,0.7487491167786023,0.6348056019989751,,,,59,9.834210452554407,6.469937736302566,3.167996651598446
1660857466.0286987,LIDAR_ONLY,6.914246577085445,5.878561475664133,4.686980734862487,0.08798485324470653,-0.16310135950092902,0.7541320368185297,0.6300329222924718,,,,70,9.881912793559694,6.501722259092068,3.1648198306349005
1660857466.1292655,LIDAR_ONLY,6.900462232155172,5.922901126334434,4.695717794609505,0.08623825787757407,-0.16219553798923184,0.7559724776186205,0.6283002335013008,,,,41,9.949015682597773,6.528058952607435,3.1367699942264946
1660857466.2298203,LIDAR_ONLY,6.883195599816259,5.95830204765836,4.705037520712971,0.08541227515068014,-0.1633683392660729,0.7590994694805314,0.6243264566021572,,,,57,9.995075263682228,6.54113526626271,3.127383100374439
1660857466.3303761,LIDAR_ONLY,6.8651866185319586,6.000674057023067,4.719355858667646,0.08184816583243462,-0.16387800893539342,0.7617545321263125,0.6214297295127262,,,,64,10.02751353006367,6.5637893091434645,3.1203191670912176
1660857466.4314811,LIDAR_ONLY,6.849892310530875,6.036682292695878,4.72240144315447,0.07754131596228905,-0.16317718845282236,0.7662242076180628,0.6166530735734157,,,,64,10.080356806778841,6.580791047394836,3.1178842504809547
1660857466.5429454,LIDAR_ONLY,6.851844427330861,6.063467802788422,4.719290659765875,0.08261573371268027,-0.16431424522517138,0.7664186497218629,0.6154493664938768,,,,72,10.119922278435427,6.6007282380458285,3.088058374984757
1660857466.6346989,LIDAR_ONLY,6.87261540041808,6.09238077944425,4.72895182938224,0.08160287581055062,-0.16540238222209147,0.7660285551130467,0.6157785928124841,,,,71,10.13488858031115,6.607547750060895,3.080282128478154
1660857466.755581,LIDAR_ONLY,6.90741527666531,6.125659742244183,4.7256420205819305,0.07700303931354448,-0.16592251746997405,0.7647189527946606,0.6178553013202528,,,,42,10.183105889055422,6.555269946001535,3.0434024213025936
1660857466.8461158,LIDAR_ONLY,6.94325998033396,6.1632025866791205,4.726587021156449,0.07039483970442179,-0.15909487945525824,0.7686394240918771,0.6155703222263181,,,,32,10.183105889055422,6.555269946001535,3.0434024213025936
1660857466.9370866,LIDAR_ONLY,6.980994775912448,6.183326174859902,4.727204654346414,0.06839594939557032,-0.16663515700281636,0.7702937679603394,0.611720712088767,,,,39,10.228674636666911,6.510687675174342,3.012352718959618
1660857467.0376618,LIDAR_ONLY,7.043277869845245,6.2104930421073075,4.72747359661986,0.07161216403492415,-0.16663808212926606,0.7693984392843195,0.612478154037651,,,,43,10.248338390803179,6.487925187990633,3.0143411865752987
1660857467.1384547,LIDAR_ONLY,7.109773338135666,6.235147785565861,4.732943574527956,0.06974886386996862,-0.16160358429944754,0.7669613796478079,0.6170815340448548,,,,50,10.266427861006653,6.440124321446949,2.9973850352871048
1660857467.2391372,LIDAR_ONLY,7.169711901071002,6.258172938208265,4.731731398718797,0.07226129821543174,-0.16206499201472196,0.7617357009806364,0.6231147285974125,,,,41,10.285692113593692,6.380772387610863,2.957780222158601
1660857467.3401675,LIDAR_ONLY,7.232898337449567,6.287547668510296,4.740142505707169,0.07114865649673831,-0.16536388143501207,0.7543637127485755,0.6312907763334114,,,,48,10.29511479269207,6.337652247686999,2.913969241490717
1660857467.4417415,LIDAR_ONLY,7.306335899099678,6.33857206614181,4.729167106546209,0.07103481958262445,-0.1656919521668814,0.7458359679440558,0.6412713468688159,,,,55,10.315941370176754,6.293827935842548,2.891128080719318
1660857467.5438855,LIDAR_ONLY,7.38559649740882,6.3958809564077965,4.733084388155123,0.07013320587984656,-0.15482228127940204,0.7375290206703412,0.6535765741835491,,,,49,10.35235071243993,6.248015082510548,2.8572409150867073
1660857467.6343997,LIDAR_ONLY,7.454896354000113,6.4422320257131425,4.749083762386693,0.07096888637760014,-0.14916594909963135,0.723512106096493,0.6702560474381016,,,,26,10.40807929123431,6.178119612929588,2.8278771327595194
1660857467.7450106,LIDAR_ONLY,7.52053489414211,6.499405045283334,4.757702029991088,0.07184976525422668,-0.1491250553757605,0.7028830980041733,0.6917764665209021,,,,42,10.448572420328324,6.128115846409188,2.831244294709357
1660857467.8667588,TRANSITION,7.586344895054739,6.494435337113724,4.7643288372931565,0.0713565458571572,-0.14684135050409935,0.6758963324933835,0.7186863076944358,,,,35,10.593182454359482,5.989949535891487,2.7542084010272316
1660857467.9572089,TRANSITION,7.63081685834052,6.4954393439423495,4.770635491366814,0.06833533713325084,-0.14644635222495664,0.6570019059887435,0.7363642055029883,,,,52,10.593182454359482,5.989949535891487,2.7542084010272316
1660857468.0477223,TRANSITION,7.664460084172919,6.497702410082283,4.774154654086005,0.06485299892988473,-0.14567894308985826,0.6312367323567338,0.7590203698146812,,,,64,10.64279948773966,5.93235358686007,2.757241192741291
1660857468.1695838,TRANSITION,7.6878412324497285,6.500178983062081,4.774534917018379,0.05602615623890946,-0.14546602096051647,0.5840947338790866,0.7965764548476982,,,,38,10.712871281859012,5.885807005518424,2.7102964713820743
1660857468.2600951,TRANSITION,7.71210560225371,6.5022936669139675,4.773799051809264,0.04988717968272547,-0.1428271531391522,0.548980927277234,0.8220289624552757,,,,45,10.712871281859012,5.885807005518424,2.7102964713820743
1660857468.3521245,TRANSITION,7.727093063057804,6.501851023200635,4.771248323217805,0.04395845332183397,-0.14068145496210635,0.5136006234849761,0.8452755658169357,,,,53,10.730559418818556,5.861526506627498,2.7101169984362934
1660857468.4627159,LIDAR_ONLY,7.725858322814244,6.4965547566633175,4.7655075669000455,0.03642681016303366,-0.1322175590065084,0.4735050034231479,0.8700486287127586,,,,54,10.743710041227025,5.855678459885107,2.7010491605828717
1660857468.5532372,LIDAR_ONLY,7.71423145936995,6.4814897305586054,4.757948201831667,0.027430960381037407,-0.1216242991960886,0.43506550412571016,0.8917247778196342,,,,48,10.729369804108115,5.865727067194936,2.684627706777092
1660857468.6538057,LIDAR_ONLY,7.717101116445216,6.461596794189367,4.763463447391117,0.021368935228553394,-0.10970141712813704,0.3908568070914078,0.9136410258069558,,,,50,10.714778810539501,5.864025799277435,2.701276984396552
1660857468.7543223,LIDAR_ONLY,7.708386981136037,6.43493554966555,4.756986658556974,0.01773404135352872,-0.09837110849093497,0.34753389185149947,0.9323244192908853,,,,37,10.701423343260748,5.853845191376875,2.711470554922928
1660857468.8563597,LIDAR_ONLY,7.703982461788352,6.411838929657461,4.7515746899230145,0.015152985290214619,-0.09315774646076037,0.31545407913519086,0.9442355348471673,,,,34,10.67731149872344,5.871043616948248,2.717216912782001
1660857468.9569314,LIDAR_ONLY,7.716847928549416,6.388807148751052,4.741580126132177,0.023387945555748774,-0.08197491307996835,0.2914817190385352,0.9527704472193465,,,,40,10.660470337546183,5.886500808506251,2.7320060161976927
1660857469.0575018,LIDAR_ONLY,7.737879693935775,6.396397006157551,4.745393780698022,0.017956202399299633,-0.08086462349055129,0.27398092958399634,0.958161227397256,,,,28,10.64124583665087,5.883828343288539,2.747062149036965
1660857469.1479647,LIDAR_ONLY,7.766934136896947,6.432472775837956,4.756008927484023,0.013406618943204423,-0.08265051786986718,0.2686966342986342,0.959578695668542,,,,62,10.643904802387791,5.883146330485453,2.7454743624544253
1660857469.2585564,LIDAR_ONLY,7.810066167525642,6.503767843070913,4.7709563971833,0.00032559187850581743,-0.08285413194837891,0.2759662598915471,0.9575895311721407,,,,58,10.668562872511572,5.875141018844816,2.7274530091866906
1660857469.3591266,LIDAR_ONLY,7.837629196569716,6.5738200650541225,4.792559720589881,-0.0037432417901570284,-0.08567609132266683,0.288079174496351,0.953758871381059,,,,36,10.73526765330611,5.846691932859362,2.6624198652824105
1660857469.4596474,LIDAR_ONLY,7.847416100658052,6.6511125550969945,4.813833875936423,0.005023633023829527,-0.09429599680083661,0.3010535764878635,0.9489203191956871,,,,33,10.805483566562526,5.839016197030189,2.639513277202392
1660857469.560207,LIDAR_ONLY,7.8358411560288985,6.760247318552366,4.813795773278631,0.011095418148063866,-0.0949073989228586,0.33032809305297034,0.9390169478054191,,,,34,10.888042085631765,5.813388276910491,2.627007770336223
1660857469.6607625,LIDAR_ONLY_SAFE,7.847582944873779,6.838407063839543,4.863345020594547,0.013275684619999957,-0.10714627843989037,0.35468085402173777,0.9287329664681677,,,,17,10.968839681767117,5.888239531795226,2.5597908664246227
1660857469.7623224,LIDAR_ONLY,7.83804483364717,6.932542352372311,4.886485643616107,0.026000229443784065,-0.10892540728613866,0.37869061107330537,0.9187233886221391,,,,33,11.048525553850906,5.883816996748662,2.577774867467332
1660857469.8729439,LIDAR_ONLY,7.840188516553287,7.060947675403634,4.894345202967301,0.021663573876239735,-0.11341353050850819,0.39464277035639783,0.9115509554983374,,,,42,11.124689054225803,5.9007129236003095,2.540511053083369
1660857469.9634676,LIDAR_ONLY,7.846975322241616,7.170860246986721,4.950376768290055,0.019718531135699977,-0.11252043682409676,0.4043693196721544,0.9074336251950575,,,,45,11.199595010940712,5.914056796997744,2.487413762427951
1660857470.0640354,LIDAR_ONLY,7.882067782237834,7.294430647536997,4.96052454863218,0.030031862152981644,-0.11162285079766711,0.4100155370911846,0.9047240937320358,,,,69,11.321760628838021,5.914335227106763,2.4765286134823223
1660857470.1646094,LIDAR_ONLY,7.954924839393901,7.422688003711082,4.974550765521158,0.02958006755008716,-0.10702196966552924,0.41417996805429674,0.9033970730942096,,,,29,11.419463065971604,5.886943436932478,2.4241550841002675
1660857470.2651591,LIDAR_ONLY,8.012842513847705,7.525531129922474,4.996218659664928,0.029537362509019817,-0.10588467385101513,0.4133436530348117,0.9039153746647483,,,,57,11.522018792612057,5.823028990803636,2.364946987866865
1660857470.36572,LIDAR_ONLY,8.105468617468599,7.6207888558496695,5.01285489448588,0.03049048247611956,-0.10729036319228995,0.4131723700228523,0.9037962718965704,,,,48,11.638251504542653,5.798066710830119,2.297025144564045
1660857470.466265,LIDAR_ONLY,8.1860306278222,7.739575094466742,5.034082612589052,0.021693869452465153,-0.1025571967450666,0.41305030308229485,0.9046550970107877,,,,32,11.72017767570292,5.707934693061746,2.256634009351581
1660857470.5668342,LIDAR_ONLY,8.226343550669005,7.843015641998081,5.075441284331096,0.015122741839907455,-0.10969657319398368,0.4110905448152258,0.9048439249242167,,,,70,11.845663040615666,5.652291151821584,2.2061542237110454
1660857470.667543,LIDAR_ONLY,8.230319804235002,7.9765434520006355,5.088232612570093,0.007088951607467272,-0.10664197108914811,0.4157146113631019,0.9031935554832937,,,,20,11.947649002247342,5.6142398441744215,2.1849976466636343
1660857470.7681222,LIDAR_ONLY,8.238850867552582,8.093355571043473,5.111488636473425,0.0065332298999462406,-0.10590356696967078,0.41507316987713244,0.9035795565739213,,,,48,12.077253085977052,5.620074309817393,2.1427378087576447
1660857470.8686955,LIDAR_ONLY,8.213699149863409,8.237183658459994,5.17001299693111,0.011436732211359659,-0.10890387243110276,0.42308247795472487,0.8994500345063786,,,,20,12.182862904693774,5.625879679271497,2.094906617666021
1660857470.970814,LIDAR_ONLY,8.198398499731791,8.386221918772685,5.16305417842438,-0.00037300381060615263,-0.11284224328453499,0.4312469916657175,0.8951494406957644,,,,52,12.35145290552734,5.655566502398775,2.0838266694866765
1660857471.071532,LIDAR_ONLY_SAFE,8.216747685915337,8.52078545115532,5.163556604042214,-0.0012976145738276003,-0.1088777157671448,0.4262726646207989,0.8980175803417384,,,,14,12.441154980847358,5.672227078093467,2.0162193480921813
1660857471.1721144,TRANSITION,8.298140110510797,8.57256670861063,5.156045255133784,0.003154784230177091,-0.10001969959652253,0.4204115451976461,0.9017983364886021,,,,49,12.563132385910988,5.6576033748492645,1.976618677856285
1660857471.2737293,TRANSITION,8.393046789312463,8.58948320036487,5.165531047577826,-0.004729325681989206,-0.10883292159462443,0.41437433905690857,0.9035634652789599,,,,42,12.697956958187062,5.645339652585816,1.8719308149140381
1660857471.3754046,TRANSITION,8.517880212404032,8.572368372335438,5.154852925389107,0.0012069793592012412,-0.10644708745093669,0.41253624219083584,0.9046996239930153,,,,46,12.834166773587874,5.554998363133276,1.8668255549303852
1660857471.4759846,TRANSITION,8.624455787570877,8.474961188628427,5.167590845142587,0.0024098991302737454,-0.11271420216005176,0.422278250251157,0.8994280295734763,,,,30,12.938080721274693,5.510403023340812,1.728140008035555
1660857471.586571,TRANSITION,8.707319941472,8.423231852832567,5.168235291063879,-0.0016903743620197867,-0.11112325060681569,0.4161653153914206,0.9024717148333518,,,,45,12.998228525490143,5.355562613398579,1.7938493090574776
1660857471.6770844,TRANSITION,8.775209886690412,8.397904026187554,5.1739945148014375,-0.004488949212685667,-0.11218349779505007,0.4128136606508815,0.9038692348661133,,,,59,13.05745210328789,5.281742870474468,1.7133455721746609
1660857471.77761,TRANSITION,8.84754614494477,8.345138660648981,5.167964731263797,-0.004375147179639974,-0.11106089052183915,0.4132919402374825,0.9037898587716006,,,,62,13.13094112870201,5.169540503582746,1.6578040020008042
1660857471.8781815,LIDAR_ONLY,8.971277156347222,8.408306957795354,5.196604149381189,-0.004348333373336992,-0.1133822511877394,0.41559611771467475,0.9024441390207845,,,,53,13.243573974856847,5.065201155166532,1.560243029817432
1660857471.9787781,LIDAR_ONLY,9.089064744324238,8.494827491645626,5.165347169134655,-0.005649466608627358,-0.1184328106602727,0.4159052663570849,0.9016454748417407,,,,52,13.322442396562652,4.9380521531867725,1.5774110757745945
1660857472.0894635,LIDAR_ONLY,9.214288116434238,8.579802077014685,5.1791844921326335,-0.007238078527053808,-0.10934512457661545,0.41980286268283257,0.9009754771545447,,,,35,13.358748056797795,4.844318279369433,1.4348774636771853
1660857472.1900363,LIDAR_ONLY,9.332770821482313,8.644872267174415,5.187591697195907,5.1972638730099624e-05,-0.11439072540775627,0.41956644909269314,0.900488064349151,,,,49,13.47387489894614,4.730877103181323,1.3912875744551032
1660857472.280546,LIDAR_ONLY,9.484634370918608,8.72120804454676,5.204177816280639,-0.000846579571124924,-0.12104641501064647,0.4144989696633044,0.9019632214587018,,,,50,13.54937595350759,4.612394867621907,1.3782222748411257
1660857472.3924563,LIDAR_ONLY,9.615829263922395,8.801671505275241,5.175593444058516,0.0045389898494128484,-0.11108810852513998,0.4180961843750265,0.9015732972567996,,,,40,13.613345219661435,4.480549125659276,1.3386644986304939
1660857472.4843163,LIDAR_ONLY,9.754338624575073,8.851061529032227,5.226136649856473,0.00441527935233189,-0.1115444082555534,0.416316355001221,0.9023408684381179,,,,39,13.691996998230389,4.3825382456756055,1.185313714865755
1660857472.5868983,LIDAR_ONLY,9.895074151230139,8.912791611921469,5.1711803822411415,0.000974549914933462,-0.10843069484936936,0.4080275665739589,0.906507219818287,,,,52,13.762008691744802,4.246757410246852,1.1891189207461723
1660857472.6786501,LIDAR_ONLY,10.01340849530326,8.963137700674032,5.209199317692011,0.0034715442397839176,-0.10082776998035997,0.4044651542343882,0.9089717532418329,,,,35,13.75174943966423,4.130696786129737,1.0516572445790764
1660857472.7908351,LIDAR_ONLY,10.139672844564975,9.020107382861909,5.227275711152741,0.001816888899376485,-0.10944837702511608,0.39991845299445533,0.9099906497518626,,,,48,13.865702853323452,3.9915961608763766,1.0742850183670065
1660857472.9014351,LIDAR_ONLY,10.307839965161168,9.091825644906315,5.21899122876715,-0.0037378340297343714,-0.11146862219072773,0.394417234670059,0.9121380486850063,,,,59,13.937982489023925,3.871720301576756,1.0369906183415185
1660857473.0025027,LIDAR_ONLY,10.44906983521913,9.177028176159826,5.2008539730884245,0.0008249498182976309,-0.10683172083275859,0.39860107164401465,0.9108806115874638,,,,48,13.99608201353628,3.7267824389176805,0.9796752374457611
1660857473.1031187,LIDAR_ONLY,10.58532344884656,9.253745783517942,5.218832877513434,-0.0028884712935838834,-0.11460711653005164,0.39984437278233326,0.9093851456498264,,,,61,14.067932626207543,3.601286753597676,0.8799525046569783
1660857473.1936123,LIDAR_ONLY,10.721268207606489,9.35355057920088,5.2331722507235305,-0.008138323395719507,-0.10868256774649485,0.4009961136914794,0.9095735176249721,,,,86,14.135166916030238,3.4728177474766313,0.8173812606105543
1660857473.3042128,LIDAR_ONLY,10.841913635804923,9.44825928443892,5.20263815440064,-0.004234745934402835,-0.10654088374575174,0.4012845522288283,0.9097262308849042,,,,73,14.233360900035152,3.3572157320428486,0.7816831424629649
1660857473.4063058,LIDAR_ONLY,10.948735163992437,9.526254872795446,5.246646323048339,-0.00039811945973979783,-0.11049467138356367,0.39901676825903043,0.9102617138740118,,,,80,14.29938323063523,3.257520160301697,0.6788847925624569
1660857473.5081384,LIDAR_ONLY,11.090744920205633,9.624880841655582,5.2265913657577014,-0.007429703062544472,-0.10211480610833994,0.4022619906791105,0.9097816533326762,,,,80,14.387008874795862,3.15104422135405,0.6638648969528685
1660857473.609732,LIDAR_ONLY,11.21700997544122,9.699927579193442,5.229719470502378,-0.004049821817590745,-0.0989848040974344,0.4068786522144413,0.9080943617671008,,,,58,14.467484066690119,3.0239895235591474,0.5699938612068686
1660857473.7007778,LIDAR_ONLY,11.336863989213077,9.751033691104785,5.249701112011139,-0.01509557494550712,-0.11206204743101478,0.41653167157119364,0.9020618536002623,,,,70,14.540682884719143,2.915006511892656,0.5254696097554372
1660857473.8013194,LIDAR_ONLY,11.455852233122192,9.796296299689809,5.255117070503566,-0.01542503907499708,-0.11904072398251747,0.4380609311760001,0.8908950526186958,,,,57,14.589923585074091,2.7679781592558252,0.5005784464894643
1660857473.901886,LIDAR_ONLY,11.530905195816295,9.847451596885906,5.244509956227225,-0.0069186198998447265,-0.1207517942735628,0.47533042502719863,0.8714540285762982,,,,66,14.628190696534315,2.6359889915165335,0.44658200215731375
1660857474.0024343,LIDAR_ONLY,11.545254940005426,9.86718903186648,5.248215747554774,0.0017492509372030959,-0.12680130154440117,0.5166122561440118,0.8467763263398418,,,,57,14.669728318579317,2.5400668030948683,0.3900154098023001
1660857474.0929499,LIDAR_ONLY,11.536404284266192,9.87349461260628,5.2510477576097605,0.010937973529370997,-0.13184763491802723,0.5555781726428614,0.8208711567502006,,,,34,14.685442717719347,2.534721234181078,0.3870179654552
1660857474.2136164,LIDAR_ONLY,11.520359325347158,9.881675358477528,5.244549119720718,0.024538248015102855,-0.13419835469347283,0.5979107244809423,0.7898679899404639,,,,38,14.688485469513365,2.5514257620872325,0.38913500423342823
1660857474.2940762,LIDAR_ONLY,11.482217933602618,9.901271942522563,5.237416939598224,0.038443227069171304,-0.14138945131300615,0.6349326719798329,0.7585457424588613,,,,46,14.692183755230547,2.5566119060776784,0.3861363223054999
1660857474.404669,LIDAR_ONLY,11.436106880184889,9.909072139165593,5.257124531956721,0.03953672499321686,-0.15285798146432475,0.6643322652978269,0.7305709590202177,,,,44,14.701205646747301,2.6122351661990395,0.38772413670821937
1660857474.5052834,LIDAR_ONLY,11.393634373950976,9.911253674171677,5.256502883260713,0.04326165373561447,-0.15587054175788403,0.6844885327965757,0.7108503724400478,,,,61,14.717961045393086,2.665675123565516,0.4314908665992088
1660857474.606241,LIDAR_ONLY,11.357775713223482,9.920491427231104,5.257672876675945,0.04595814067834343,-0.15690493963034483,0.6975809891090122,0.6976026468260279,,,,62,14.714140668981422,2.721365980335766,0.44270568821491457
1660857474.706807,LIDAR_ONLY,11.331205667320214,9.911289377895658,5.268553115699622,0.047588594720305306,-0.15809039261977806,0.704333586973133,0.6904034702081321,,,,80,14.716643965155267,2.7724866687825998,0.45374712115692545
1660857474.7974463,LIDAR_ONLY,11.307053821102489,9.912927422913985,5.262095288924233,0.04824498082828555,-0.158487163563128,0.7060067927210979,0.6885554802935355,,,,96,14.713568658133541,2.821586091531932,0.4745384728904524
1660857474.9085197,LIDAR_ONLY,11.29678277033084,9.907854764630708,5.262185055020795,0.048657577578792376,-0.15927305354875093,0.7053418214767431,0.6890264504598433,,,,114,14.708576409604687,2.853715650970474,0.46831009461385553
1660857475.0323877,LIDAR_ONLY,11.293549256369635,9.905231555511689,5.257395706829309,0.048523036628230966,-0.1576430590033123,0.7054782945348356,0.6892710329069932,,,,112,14.701141034449877,2.863731088548452,0.46990835516364454
1660857475.102786,LIDAR_ONLY,11.287865427200678,9.903982286650484,5.264434585790985,0.049268126733916895,-0.15751959722814388,0.7060112198689975,0.6887005050065698,,,,124,14.701141034449877,2.863731088548452,0.46990835516364454
1660857475.2033248,LIDAR_ONLY,11.284139643319547,9.900408131110165,5.270910383838774,0.05002181283426064,-0.15891651882765417,0.7056585277063707,0.6886867216374594,,,,122,14.701446193258144,2.8695631738678555,0.4710458176432789
1660857475.3154166,LIDAR_ONLY,11.281607609372424,9.895414746226855,5.258115007439886,0.049943036083906836,-0.15829296332201198,0.706217586167933,0.6882628508764628,,,,127,14.699918025812241,2.8724592459129332,0.4761466066939425
1660857475.4059834,LIDAR_ONLY,11.281615221183992,9.891936300656518,5.249632023354754,0.05293352512465025,-0.1595918792103384,0.705236933575171,0.6887447578961894,,,,137,14.697766291146419,2.8790701804707837,0.4721725314695539
1660857475.5065541,LIDAR_ONLY,11.288104335389965,9.886208087469884,5.247038245451,0.053603786456879535,-0.1582853878711036,0.7040478895388689,0.6902093445468876,,,,134,14.694547460649105,2.8783435119505496,0.4691249945728039
1660857475.6071277,LIDAR_ONLY,11.2874357910708,9.892293115475134,5.2624883095761135,0.05499473408994206,-0.16127756016702607,0.7039503525000983,0.6895063661953639,,,,125,14.690405195549054,2.871830286228504,0.46954314326622915
1660857475.708528,LIDAR_ONLY,11.269187295647745,9.916529060737531,5.272964146084499,0.05483208711261118,-0.16198672193678093,0.7045134647823721,0.6887775563121874,,,,123,14.699637258372217,2.864875129682917,0.47350570796948627
1660857475.8191576,LIDAR_ONLY,11.233855614196138,9.968462465997378,5.2924834039306266,0.058300628033410115,-0.16227015276284046,0.7040852393853486,0.6888638544537743,,,,121,14.721551118501118,2.882401934871324,0.4762075272754124
1660857475.9197593,LIDAR_ONLY,11.176612968278345,10.04216685806832,5.322320126672976,0.05264738922132642,-0.16228825559444401,0.7053961832327518,0.6879731093472744,,,,103,14.774790609325265,2.9028740318567228,0.4792859757512412
1660857476.021006,LIDAR_ONLY,11.143464776367008,10.112191062322065,5.322267485007614,0.05926168297293046,-0.16044386029350394,0.7046990076074346,0.6885819699225585,,,,82,14.84665537991066,2.9817904967645292,0.46555141222253393
1660857476.1115263,LIDAR_ONLY,11.117546276924447,10.219628926547157,5.358609820853832,0.058970598382136044,-0.16316299417306873,0.7025376973879462,0.6901746805032581,,,,82,14.899106624209956,3.0205744188541126,0.4250221321785133
1660857476.2122078,LIDAR_ONLY,11.090100870078174,10.352996577182088,5.356290261851689,0.05865113728459726,-0.1556243421203299,0.7041889547257918,0.6902601134913089,,,,95,15.001093772335983,3.046097291697256,0.4384040800980423
1660857476.3242078,LIDAR_ONLY,11.083057487530194,10.466616348437476,5.380110342313648,0.06200175586157554,-0.15714592193825067,0.7030708071838447,0.6907621743944263,,,,87,15.107319005597635,3.0920715685356153,0.3746659239284441
1660857476.4156516,LIDAR_ONLY,11.068538000160578,10.607659933834025,5.427478924171928,0.0655572738997855,-0.1535268315839505,0.7026889373790689,0.6916357517564408,,,,87,15.200236962585272,3.09200583128257,0.34925545289552573
1660857476.5162106,LIDAR_ONLY,11.060568722698951,10.757579244904816,5.4323957216236245,0.063021491564142,-0.14851517824075902,0.7017942740229176,0.6938705429558114,,,,80,15.337486616947118,3.1246592809898424,0.3499362170154659
1660857476.6168346,LIDAR_ONLY,11.039650903996387,10.887166088432972,5.450798380331922,0.06738995029018383,-0.14855530202989758,0.701142767309609,0.6941100321189113,,,,78,15.46527180921956,3.1217874740980283,0.2979833361911359
1660857476.7173772,LIDAR_ONLY,11.040286011783914,11.023299935299448,5.4961527584839285,0.06647268538474735,-0.15594191808364852,0.7001609148174917,0.6935691700501592,,,,78,15.561551500119348,3.168025473788848,0.2453842966698632
1660857476.8481236,LIDAR_ONLY,11.035330031525957,11.193381529208205,5.515581637914064,0.06711624877837993,-0.1506887824743025,0.7019254870363768,0.6928844857803329,,,,42,15.711575744480838,3.1561996835054105,0.2288932580247416
1660857476.9194386,LIDAR_ONLY,11.037697133864079,11.327370549877875,5.547222129927092,0.06774651463239419,-0.1544145106320403,0.7003591944295269,0.6935874619970106,,,,26,15.846643993342937,3.192813724049,0.17302187010281736
1660857477.0206125,LIDAR_ONLY,11.031899476402986,11.481799060611623,5.593080536162176,0.06838997775642065,-0.15880239744316466,0.699181189472998,0.6937220436139413,,,,66,15.984217024661591,3.194190635131909,0.1263449617579805
1660857477.1312084,LIDAR_ONLY,11.027418067679356,11.623763140203518,5.619767425401185,0.06428548722071564,-0.156475632938003,0.6996035230789952,0.694217302380821,,,,26,16.137640269403178,3.2254702715072403,0.11297012431728219
1660857477.2217302,LIDAR_ONLY,11.016282449863908,11.755683295277638,5.652850149150051,0.06644233737303705,-0.15614604469006602,0.6998129416875768,0.6938772767418139,,,,67,16.27930847599373,3.229183584770607,0.06189261847035571
1660857477.3335814,TRANSITION,11.072893953816854,11.815199527241175,5.668931847176047,0.06511941248562977,-0.1583093039831193,0.7002130534019951,0.6931084375733437,,,,76,16.40562711316311,3.2760497854848167,0.017400695999317123
1660857477.4341798,TRANSITION,11.144358289446904,11.864640301472516,5.684660009743439,0.06639061503610852,-0.1581466153476922,0.7004787444299698,0.6927564239261946,,,,80,16.555859383699342,3.292890760911585,-0.013554302628144497
1660857477.5246766,TRANSITION,11.274885377653534,11.884764970291355,5.693818326629814,0.06821905685197502,-0.156874731357444,0.7011792086565347,0.6921590830810159,,,,69,16.707525844711245,3.3055732206585624,-0.05488267597231078
1660857477.6252074,TRANSITION,11.333201019989204,11.92730145963925,5.706351996870471,0.06466217650394694,-0.1579408315825226,0.7004844277279457,0.692961083437913,,,,74,16.83835155336198,3.323635077713482,-0.09445685017188338
1660857477.7257853,TRANSITION,11.40552460588769,11.967148894561912,5.724956142793126,0.06322169925808638,-0.15537157721246836,0.7012323953427256,0.692918333903306,,,,60,16.990357755309926,3.3463344903596144,-0.1477821630730534
1660857477.8263214,LIDAR_ONLY,11.393041196100176,12.094988699404604,5.760854080218463,0.06763816858623946,-0.15734860433771078,0.7004096973417927,0.6928872568700138,,,,70,17.139799617618724,3.3737547712229845,-0.158134491761363
1660857477.936956,LIDAR_ONLY,11.368055039777687,12.25826404934251,5.763281967273462,0.061133235132180996,-0.15547393598013085,0.7026470596168237,0.6916485324244905,,,,82,17.27892279124144,3.387104513819755,-0.1853367558155662
1660857478.0378127,LIDAR_ONLY,11.36425337798737,12.406182048224341,5.830237597382734,0.06277262635531612,-0.15332385315667418,0.7027560663174377,0.6918708728423879,,,,82,17.42366811085113,3.438626098616049,-0.2599779378301493
1660857478.1283195,LIDAR_ONLY,11.345599086217929,12.534732840136607,5.84741816686378,0.06180506275457236,-0.1589591549612572,0.701507839657211,0.6919529407202338,,,,73,17.58928010656182,3.421498666670131,-0.2590650992075081
1660857478.2289045,LIDAR_ONLY,11.325415463972979,12.698947372052908,5.867009093871827,0.05619835715591755,-0.15567745510634418,0.6998705746808365,0.694829082091779,,,,83,17.704321349039866,3.4533091665364273,-0.30566218217221547
1660857478.3294501,LIDAR_ONLY,11.302122746926093,12.82811456024526,5.928204265908023,0.05658625942735455,-0.15865469434437068,0.7002148376288908,0.6937765233638715,,,,78,17.850638480309055,3.4809925074363752,-0.3984964526812903
1660857478.4627502,LIDAR_ONLY,11.27985734998435,12.958374913354183,5.961881928504637,0.06181436582146742,-0.15814847574182886,0.6998311516451591,0.6938331232981289,,,,70,18.100321357111117,3.531878475851896,-0.3936978756351885
1660857478.544328,LIDAR_ONLY,11.24133863012464,13.103224238728355,5.962065903921028,0.045757804091621467,-0.16625227824129424,0.7026730750417454,0.6903020737008327,,,,72,18.100321357111117,3.531878475851896,-0.3936978756351885
1660857478.645044,LIDAR_ONLY,11.235019569746246,13.22050387494366,6.022801534480577,0.056832897692022946,-0.15591244800271037,0.7021047663834136,0.6924667698304537,,,,51,18.231056018451216,3.597115012424264,-0.4820201114577101
1660857478.7356174,LIDAR_ONLY,11.198533698525225,13.334098437907798,6.042849552791384,0.05946650304797551,-0.15489072813344956,0.7005412355530914,0.6940566076648813,,,,68,18.39770767052563,3.585872112195787,-0.4523590389197381
1660857478.8466458,LIDAR_ONLY,11.101836376566004,13.49313395965252,6.067986977083176,0.04741961278420188,-0.1669525098363668,0.6979446429917282,0.6948032204170352,,,,75,18.51001283469577,3.622541861941188,-0.4877823636275148
1660857478.93788,LIDAR_ONLY,11.029860344131556,13.61315814311274,6.150407115906912,0.04367090271173668,-0.16547118836578825,0.7041650077155666,0.689103606133426,,,,59,18.610823938979372,3.7427362527851757,-0.5570088395269465
1660857479.038445,LIDAR_ONLY,10.953050069194923,13.762176288393807,6.18945939944229,0.053235548866890685,-0.16028360819907866,0.7015839648649861,0.6922825156855048,,,,56,18.74834196297782,3.796147931008229,-0.49729892363618167
1660857479.138989,LIDAR_ONLY,10.862172745483202,13.887603062994478,6.191345056974154,0.045933545626233724,-0.15720086742608383,0.7006739486383944,0.6944307124300958,,,,50,18.87355669699657,3.865555471720868,-0.5366515497729824
1660857479.2518344,LIDAR_ONLY,10.793047282219339,13.986179906393474,6.239999174154474,0.048892492623233724,-0.16152209467803869,0.7014382871570006,0.6924626101141917,,,,53,18.983341765225827,3.9724545983084947,-0.5772390343267937
1660857479.3423245,LIDAR_ONLY,10.719311820015804,14.102386223930157,6.263490097320432,0.05243504739926289,-0.16249242937325023,0.7032017535099053,0.6901840841842203,,,,61,19.078847831811554,4.042238349185094,-0.540098000334254
1660857479.443128,LIDAR_ONLY,10.646074840467259,14.232215896950642,6.283755119717635,0.0484706947607516,-0.16282755221198275,0.7055765472151716,0.6879676707593032,,,,71,19.173741889930017,4.121125713548706,-0.5612336844672233
1660857479.553721,LIDAR_ONLY,10.582217605208895,14.332755888017815,6.353342576698309,0.044388375912739676,-0.16856328946863644,0.7042307711032736,0.6882405906066793,,,,68,19.296268677065825,4.196520100564185,-0.606184380214902
1660857479.6442664,LIDAR_ONLY,10.531108700353979,14.483122246739807,6.350095362446167,0.04879767669717102,-0.16387311853951217,0.7037858823357688,0.6895286938148092,,,,74,19.41077519449212,4.264513060885091,-0.5606044482465526
1660857479.7463977,LIDAR_ONLY,10.476662923557276,14.640366272792857,6.383643525234731,0.03815658017464375,-0.1634976455982937,0.7060269229358476,0.687996060572246,,,,76,19.528001868412673,4.322758367303088,-0.6434312216922281
1660857479.8482194,LIDAR_ONLY,10.431526259851053,14.763984598043006,6.403704301375645,0.04230913384829874,-0.16563390395467154,0.7077049654921377,0.6855136970706812,,,,63,19.681227183323376,4.366914593296346,-0.6310958756972654
1660857479.9494495,LIDAR_ONLY,10.404780568936925,14.914781751156823,6.388983205132725,0.045135290091096694,-0.16442783478911852,0.7086272438869091,0.6846705207296412,,,,73,19.80062248773039,4.415171277053268,-0.6274758143985295
1660857480.0506434,LIDAR_ONLY,10.362982937122371,15.070112393873405,6.4265835385269,0.036294008994145706,-0.16016438142276593,0.7074909796085092,0.6873766286448703,,,,76,19.928436284280505,4.431483497266767,-0.7110375887327108
1660857480.1411576,LIDAR_ONLY,10.331997713791,15.18846860664545,6.468260397018064,0.042669599750181135,-0.15803757918613717,0.708354393538764,0.6866130511259415,,,,71,20.082398570792943,4.47619165470231,-0.7176337436450047
1660857480.2618434,LIDAR_ONLY,10.290168350053122,15.326686950233135,6.478522542898711,0.04434857603296024,-0.15397598701744036,0.709417177295828,0.6863321847206888,,,,72,20.201455624213853,4.512514514523274,-0.7329667874919586
1660857480.3523285,LIDAR_ONLY,10.232741409746168,15.470957251057037,6.52292614256867,0.03347701199230732,-0.15789078663302242,0.708977034100374,0.6865139141217093,,,,79,20.308091522407064,4.571064440620572,-0.8059851090742469
1660857480.4633849,LIDAR_ONLY,10.175770421132668,15.58322053015248,6.558121168094561,0.03960423193113266,-0.16103464780877497,0.709887703720807,0.6845135463409389,,,,89,20.44877631799032,4.607750962401812,-0.79421534751073
1660857480.5538442,LIDAR_ONLY,10.099004785235126,15.707103874760246,6.575724253872445,0.038497494119049944,-0.16690258240499442,0.712456284353383,0.6804906419771467,,,,76,20.55520214770482,4.677066926422121,-0.7881784028895318
1660857480.654456,LIDAR_ONLY,10.019128222017114,15.849829158937322,6.608075863422469,0.02702912887006574,-0.16899533564089322,0.711990312867764,0.681013800966332,,,,67,20.663225238356233,4.77948763601552,-0.8258761852567889
1660857480.7466638,LIDAR_ONLY,9.939250346602014,15.95962401504439,6.6603209646946615,0.032508777340912634,-0.16743337474229236,0.7116719359233953,0.6814926999148656,,,,57,20.800782497414403,4.833879403118207,-0.8506562162311719
1660857480.858739,LIDAR_ONLY,9.839709950825753,16.106790520737583,6.6347748028594875,0.026522055193996526,-0.1692848072192856,0.7105408066193643,0.6824741729631381,,,,62,20.915340443915508,4.901764432373015,-0.8164891344098122
1660857480.950641,LIDAR_ONLY,9.775010415546973,16.230975975720384,6.701513038579996,0.01944488147826957,-0.16600054927994223,0.7121564392260787,0.6818349655832313,,,,63,21.00482018093048,5.059741132667484,-0.9512146843160185
1660857481.0713272,LIDAR_ONLY,9.71348580710946,16.34214303201999,6.72941927413574,0.02816325157782338,-0.1685297913849769,0.7113696891106628,0.6817314031866947,,,,25,21.161930587662265,5.082866632063667,-0.8762055987983747
1660857481.1518092,LIDAR_ONLY,9.648939433938532,16.480464681518853,6.769259927147476,0.023627537948369717,-0.17836195777002922,0.7113048193638973,0.6794661179342456,,,,79,21.272854856964944,5.159145737738152,-0.8826475221708202
1660857481.2523565,LIDAR_ONLY,9.590147319757063,16.622198519333768,6.78913800879131,0.016399963314996602,-0.17398505351817217,0.7128672726487553,0.679176334939514,,,,61,21.394471724845598,5.239404978319524,-0.9134320577665316
1660857481.3629391,LIDAR_ONLY,9.52601399369409,16.73299771728289,6.82921048933685,0.016329355304641788,-0.17889513211970062,0.7164301474116374,0.6741347993828455,,,,49,21.534456412296716,5.282820340546545,-0.9405060948382908
1660857481.4640734,LIDAR_ONLY,9.46156120752665,16.879121712158067,6.861134074748373,0.006890037569829623,-0.1981349098488559,0.723999268920666,0.6606967106651987,,,,62,21.638065015534643,5.379095082732196,-0.9263297389010963
1660857481.5646846,LIDAR_ONLY,9.420978466932771,17.014408587860572,6.9131181685733685,-0.002893471833012836,-0.20017618130344278,0.7337018226411178,0.6493094483469533,,,,75,21.758221434450675,5.483412170171881,-0.9943208548023293
1660857481.6652672,LIDAR_ONLY,9.37302414869786,17.144161600063295,6.946048350512075,0.007252605498081556,-0.1979403348249812,0.7364021501213961,0.6468994488013177,,,,69,21.907126125943094,5.491071867355877,-1.0141883914699126
1660857481.788301,LIDAR_ONLY,9.316883537043688,17.29836986713665,6.949942147947233,0.016313821763356818,-0.1894745313283021,0.7387545878943845,0.6465871326143074,,,,77,22.04417507160426,5.527652693531916,-1.0157067332233574
1660857481.868753,LIDAR_ONLY,9.24581183580633,17.44611902406215,6.975823452835934,0.010134698168905956,-0.18842989795198198,0.7386970348820949,0.64708434698054,,,,77,22.170888941710754,5.5628003635877725,-1.0656405943905345
1660857481.9592094,LIDAR_ONLY,9.194300250243598,17.57674852563057,7.004291896748963,0.017377743264471973,-0.18728790949032129,0.7403745605230192,0.6453423611759308,,,,68,22.31845729776316,5.6378560499478185,-1.0769277487068818
1660857482.0597908,LIDAR_ONLY,9.136837458495098,17.740524588460822,6.977882036688418,0.019689008342301032,-0.18348281598623054,0.7413051752012406,0.6453007333082135,,,,87,22.461193650115504,5.684720897694708,-1.08477004103106
1660857482.1703854,LIDAR_ONLY,9.099948221817124,17.887011918618263,7.02174625488177,0.015567210196415576,-0.17662781706902486,0.7428868425630741,0.6455070993806329,,,,80,22.583143195064014,5.76941884819113,-1.1687868854993988
1660857482.2709591,LIDAR_ONLY,9.055625419265237,18.01479923138778,7.075190403910465,0.016672729805316925,-0.18262251101664978,0.7417564276264086,0.6451111847005297,,,,76,22.73686354805857,5.790498711963675,-1.1730294676741706
1660857482.3714955,LIDAR_ONLY,9.009142167241954,18.18602649925152,7.078696040217661,0.01550493803993572,-0.17985039005842587,0.742509424098284,0.6450528576926425,,,,76,22.859098988402987,5.840637484542062,-1.1706859892315313
1660857482.472074,LIDAR_ONLY,8.956284447317383,18.34032472443608,7.1138725852263756,0.009372332610937594,-0.17914702627485163,0.7429126012608317,0.644902604465335,,,,49,23.00072684128518,5.888152635976257,-1.2502504531243022
1660857482.5625694,LIDAR_ONLY,8.917180597603538,18.48754650785429,7.14125810434975,0.01759020488211589,-0.1778965239859821,0.7431656931654054,0.6447853626966829,,,,69,23.14785983119314,5.9495561784560325,-1.237053540210056
1660857482.6733782,LIDAR_ONLY,8.86587438860947,18.664148381976496,7.130900145487104,0.016930160504086262,-0.17950876820720038,0.7450356596855472,0.6421929909294877,,,,62,23.26850916308863,5.977545016772613,-1.2568967531130237
1660857482.7739472,LIDAR_ONLY,8.82694693569553,18.78708866600815,7.1789582716428,0.011878863478548303,-0.1803450404997481,0.7473037162127806,0.63943077397336,,,,74,23.402550364517268,6.058674441301639,-1.3325243735286454
1660857482.8759463,LIDAR_ONLY,8.76588720888287,18.930461519499737,7.201487371582822,0.01629353912478146,-0.19115758693331922,0.751300981403327,0.6314587341093774,,,,55,23.550407024060657,6.09344163671811,-1.3280010551682693
1660857482.986548,LIDAR_ONLY,8.71770857813634,19.09920085493174,7.207766595212678,0.012497101314113093,-0.19634580728874082,0.7553194389458738,0.625127740201447,,,,69,23.66790101443301,6.161767610075841,-1.3253450270195597
1660857483.077058,LIDAR_ONLY,8.652103431860386,19.247775260895054,7.234047562679,0.008274754537281647,-0.19657898248743816,0.7601434024735292,0.619249739408518,,,,42,23.806977333853165,6.208657737355539,-1.3994140229105236
1660857483.177607,LIDAR_ONLY,8.608409551726432,19.371379566682613,7.26095573166366,0.016281598611685266,-0.1950139675231356,0.763544214513836,0.6153898719510928,,,,51,23.933875789076072,6.286248867831636,-1.396846706419151
1660857483.2781765,LIDAR_ONLY,8.538698900254886,19.534251083754953,7.257437574916143,0.016186154273292428,-0.1886589318335076,0.7652158126271481,0.6152971444388919,,,,67,24.06821099533488,6.310089414833919,-1.4165942401781728
1660857483.3794978,LIDAR_ONLY,8.489884225399408,19.67340141182248,7.290169997710667,0.01536992182684018,-0.1830672457024327,0.7652145103622232,0.6170064036823809,,,,55,24.19586425774662,6.402595546903694,-1.4876661030749407
1660857483.4923482,LIDAR_ONLY,8.431876246049491,19.794541674032747,7.319334017293435,0.020103359908233767,-0.1860310383972666,0.7647070937511352,0.616612818906587,,,,80,24.334481915036985,6.4384852562163335,-1.4885829787434288
1660857483.5828815,LIDAR_ONLY,8.36699163823132,19.950986999311738,7.325025649170175,0.021063723928185698,-0.18327617396071033,0.7646695490740487,0.6174517343983187,,,,75,24.44100512155002,6.492534804186762,-1.4893748627581986
1660857483.7035909,LIDAR_ONLY,8.296407725061027,20.08843390279223,7.350513153818529,0.015019878297822024,-0.18508316705961247,0.7645519569169528,0.6172349064185858,,,,44,24.593239805322778,6.563528099374888,-1.544000544540919
1660857483.8042104,LIDAR_ONLY,8.23454826039,20.21517347757003,7.373387734822013,0.02191100066133863,-0.18582467780909964,0.7637808274834362,0.6177604266508828,,,,34,24.70612358516181,6.636928169917254,-1.5663794864331901
1660857483.8947282,LIDAR_ONLY,8.163542845227024,20.356888505309765,7.402177730885532,0.015346646225049809,-0.18651852163552557,0.7667731438594587,0.6140311615809273,,,,60,24.831447912308118,6.69077944129069,-1.5673088442781662
1660857483.98557,LIDAR_ONLY,8.103692255068072,20.490560525502964,7.410041612385153,0.014136908901221741,-0.18947527327816813,0.7722063282530632,0.606297497297164,,,,65,24.994824729292766,6.764115357889278,-1.5800346115885846
1660857484.0866609,LIDAR_ONLY,8.023539350771781,20.601065621813582,7.444422426855203,0.01039193570751026,-0.20765548894136082,0.7802252823617751,0.5899319573885311,,,,59,25.11866398504354,6.815654617195525,-1.6629092562257368
1660857484.177183,LIDAR_ONLY,7.956195555244825,20.743739556144753,7.461426089336538,-0.00047296083385012564,-0.2085270004864035,0.7819077118333176,0.587483273422979,,,,61,25.238852712489713,6.898704011116895,-1.6565312361312434
1660857484.2877975,LIDAR_ONLY,7.884218004338888,20.871749240500577,7.473732516357597,-0.0023381470342671027,-0.20734970893012122,0.7857350492054479,0.5827701637225028,,,,51,25.37800021195728,6.950904883419006,-1.6290628447949866
1660857484.3883982,LIDAR_ONLY,7.823853198600217,20.984821557863764,7.493266460836022,0.005665250440230483,-0.20647022389349823,0.7851151260311474,0.5838939890595843,,,,72,25.48199479450818,7.049018610974366,-1.7139756059073619
1660857484.4800255,LIDAR_ONLY,7.74932683910999,21.123624809340246,7.524092742506959,0.0038175144673125885,-0.20594940368026585,0.7863976471365198,0.582365014647326,,,,63,25.597517965893,7.103777815489344,-1.7019383322269035
1660857484.5920486,LIDAR_ONLY,7.686213439932667,21.241745700074695,7.518403264562233,0.00378262626078524,-0.20494809484824655,0.7865178620413157,0.5825561113288603,,,,78,25.74644822534975,7.171986076904383,-1.6886158202325963
1660857484.6825607,LIDAR_ONLY,7.61699036898149,21.35107768621145,7.54543543668191,0.0009825010166394472,-0.21518142808015964,0.7859490369476291,0.5796379033691895,,,,73,25.84769198293033,7.242733518796063,-1.755425131399433
1660857484.7931833,LIDAR_ONLY,7.531173098352225,21.48184322563365,7.583601044331509,-0.0016460567894904,-0.21710798802144393,0.7850128512090554,0.580186379942649,,,,60,25.969462470061984,7.305616998220958,-1.7496487674728607
1660857484.8839154,LIDAR_ONLY,7.44671974867647,21.610807334449643,7.58253366366562,-0.005045815504747806,-0.21769189265617883,0.7865266042187572,0.5778933123629079,,,,64,26.113378196741262,7.385809158093632,-1.7306039266663196
1660857485.0046597,LIDAR_ONLY,7.366121689510896,21.72721986146559,7.596602232974165,-0.0008772296193029266,-0.21733864760457405,0.786365099411375,0.5782673025109998,,,,78,26.223975521188297,7.468803617707677,-1.8054001692090471
1660857485.0954936,LIDAR_ONLY,7.276745404416581,21.881745760110636,7.610327691461679,-0.005574926814144958,-0.21324379221425513,0.7888662305520633,0.5763558584483023,,,,68,26.328700415080686,7.531750475157976,-1.8071633193215224
1660857485.21621,LIDAR_ONLY,7.209654985217025,22.007423988283218,7.602669146272412,-0.004253390300190406,-0.21797457527969058,0.7873422087903552,0.5766812286347784,,,,50,26.488662635404314,7.612665974963398,-1.7945752758072624
1660857485.2974215,LIDAR_ONLY,7.139992801287019,22.12585682376462,7.61716219295764,-0.00223682510654063,-0.22147740606600808,0.7880602481486563,0.574372527636545,,,,63,26.56484798879312,7.675200669651797,-1.8598270957119627
1660857485.3879344,LIDAR_ONLY,7.052394829608941,22.2601998050801,7.655758191518217,-0.0020406106694606154,-0.21674135127298544,0.788452882818462,0.5756397086126986,,,,68,26.692079450707617,7.738766446856226,-1.8488357141149132
1660857485.5099044,LIDAR_ONLY,6.9814521496552935,22.383116617518066,7.658685101441277,-0.007944434672395879,-0.21607694086009532,0.7893578879579934,0.5745970468987592,,,,28,26.843317269327354,7.821890567812182,-1.8292292929787894
1660857485.5903227,LIDAR_ONLY,6.907717151081569,22.502907664180263,7.671786679733005,-0.0004662019006111289,-0.21429533095036019,0.7889081592455199,0.5759350745218674,,,,53,26.93894755825191,7.884789857501129,-1.902812217139558
1660857485.7112699,LIDAR_ONLY,6.831294281633866,22.659282354245608,7.696341970942605,-0.0032215372323239045,-0.21129003411953343,0.7914112247529258,0.573597782871152,,,,54,27.068043785878302,7.971639069649631,-1.9108511825371728
1660857485.8017738,LIDAR_ONLY,6.7702082090252755,22.785778452810927,7.69081144229923,-0.0061430549723825575,-0.21284472409610905,0.7901905224902508,0.574681063257388,,,,66,27.192199225570235,8.022620809769553,-1.8958983713531832
1660857485.912381,LIDAR_ONLY,6.711287936892854,22.902957975320074,7.7191153511503465,-0.0046933544925451525,-0.21568782133705525,0.7902744323804811,0.5735181406687939,,,,39,27.31852903222456,8.100905100506917,-1.9693591610989194
1660857486.0029078,LIDAR_ONLY,6.641635482788498,23.054330304229424,7.760139885494318,-0.007430795469275817,-0.2082789870179647,0.7893311289534701,0.57751278402344,,,,55,27.437518123036487,8.146569775506306,-1.9587913395975962
1660857486.1135492,LIDAR_ONLY,6.58007473157199,23.19305837241212,7.7476651490685455,-0.006042179593528063,-0.21311428687894524,0.789927201427755,0.5749441792368658,,,,48,27.586202013449505,8.197824126507937,-1.9542478058464703
1660857486.2040656,LIDAR_ONLY,6.520394114765952,23.319211773878358,7.770492995673543,-0.0006954418695905463,-0.2120725772813076,0.7895323304478299,0.5759022812105267,,,,84,27.691206962537883,8.267819287555952,-2.0278579040011957
1660857486.3357215,LIDAR_ONLY,6.4571076236563325,23.469350729699865,7.796587051329846,-0.005875608353407492,-0.20716849975336463,0.7922014265968242,0.5739891894751801,,,,59,27.81027319509175,8.311511605491665,-2.0326603287607066
1660857486.4161584,LIDAR_ONLY,6.413043300546495,23.597000786768664,7.79307600414997,-0.005651049741147436,-0.2069954304687694,0.7912453029599843,0.5753710350249088,,,,84,27.941279621299657,8.367607451652825,-2.0387104102385396
1660857486.5368392,LIDAR_ONLY,6.358825515301676,23.735953020863224,7.812398117802417,-0.004939991232169953,-0.21600403227845172,0.7902420131098318,0.5734417278522692,,,,92,28.055617309447143,8.426417358655412,-2.0995708775202218
1660857486.6172686,LIDAR_ONLY,6.2931480323889275,23.875964802736856,7.84121012742469,-0.01531689977591776,-0.21680792171364185,0.7880792879237409,0.5759259966428634,,,,83,28.178113072630786,8.475313106500419,-2.102132218167169
1660857486.7077827,LIDAR_ONLY,6.238959301072864,24.009244185285652,7.828966171380273,-0.012817384847053345,-0.22012460694938651,0.7890319691586962,0.5734190646522059,,,,73,28.32134713059706,8.52543398202056,-2.1078340067496257
1660857486.7982671,LIDAR_ONLY,6.184141420008457,24.13505342442519,7.842346366295422,-0.005383255698387311,-0.2246804042634367,0.787623865070799,0.5737058337415094,,,,76,28.441429314757492,8.593218808964906,-2.1689999705503573
1660857486.9189146,LIDAR_ONLY,6.116342797600809,24.28716679366674,7.877871523721101,-0.011960768629840265,-0.2210844062093021,0.7904540560608013,0.5711050784241823,,,,88,28.551920555868975,8.642172775994664,-2.1767301796429157
1660857487.01961,LIDAR_ONLY,6.070228054400856,24.42240931673481,7.85662689621058,-0.007699662921619821,-0.22539709407100642,0.7886469323979263,0.5719902806819187,,,,77,28.68649392016502,8.693180309654508,-2.176964711707324
1660857487.1101208,LIDAR_ONLY,6.010260049062112,24.562757332657018,7.875943769764941,-0.003897456188039485,-0.23186576668125145,0.7883644624048477,0.5698285272726291,,,,85,28.816393083771377,8.758768120939985,-2.2336503834169688
1660857487.211568,LIDAR_ONLY,5.945844503964822,24.71568465361598,7.899105406440455,-0.01144777243789438,-0.22927474384685423,0.7878614202201526,0.5714686543187242,,,,63,28.927407624856265,8.802244105101789,-2.2418819188463006
1660857487.3121974,LIDAR_ONLY,5.8932311052938235,24.855499850468114,7.889920125100378,-0.012709718096265848,-0.22907518638351582,0.7897882462917738,0.5688563509961329,,,,78,29.0727830157225,8.85400260656809,-2.24163844238605
1660857487.4131756,LIDAR_ONLY,5.830432876812122,25.01560102143806,7.899990176319488,-0.0038915365705907254,-0.23147633308521687,0.7885156155098105,0.569777752515598,,,,74,29.179509180864983,8.917305265430704,-2.3107412229619686
1660857487.523763,LIDAR_ONLY,5.768820703004651,25.168252816310172,7.922641305135915,-0.00922596893562746,-0.23331229033102294,0.7902270152106106,0.5665876111503152,,,,83,29.294145819050676,8.965158379598922,-2.318972701430479
1660857487.6142673,LIDAR_ONLY,5.7234627074535664,25.305600217051634,7.93019985823666,-0.008646590585133515,-0.2325967384083544,0.7891452852447016,0.5683957358470481,,,,73,29.43496030957186,9.018309074298683,-2.3088141570048553
1660857487.7248867,LIDAR_ONLY,5.667056251788686,25.443228736807306,7.964422729673794,-0.0069407959302282595,-0.2381849353960609,0.7883977533541213,0.5671408505904008,,,,70,29.53999490527101,9.075620211918698,-2.3673665660276066
1660857487.8163571,LIDAR_ONLY,5.603459550635837,25.59042021875476,7.990701535685611,-0.012361691286815042,-0.2360509266394207,0.7860794254761106,0.5711447149929236,,,,72,29.65976919305352,9.119902135749669,-2.3723474955421877
1660857487.9180498,LIDAR_ONLY,5.5493387923765445,25.72942523620635,7.983090055013724,-0.011732522154468182,-0.2364222261908924,0.7879802748556493,0.5683783645823026,,,,74,29.801192520460624,9.171679313392879,-2.375290258295864
1660857488.0393825,LIDAR_ONLY,5.49981503867863,25.861257504088044,7.998627109205959,-0.0034346682462904708,-0.23655136540756852,0.7868130966792418,0.5700498271834443,,,,68,29.914516760741527,9.235325594640443,-2.4430394350767837
1660857488.129995,LIDAR_ONLY,5.437587973508329,26.011870481283125,8.0344476896719,-0.009326621681897577,-0.23690752455231706,0.788956606097894,0.566864457020361,,,,81,30.022599261288775,9.274712914334335,-2.449745864253236
1660857488.2204933,LIDAR_ONLY,5.395442858201368,26.13761770167312,8.03517907297401,-0.010542671076506928,-0.23365555057087053,0.7884944301736132,0.568832549489905,,,,51,30.180469044193657,9.329317139182022,-2.4484985466015177
1660857488.33112,LIDAR_ONLY,5.336940702764991,26.2627912949008,8.069337052337938,-0.009832493012801573,-0.24112441728309875,0.7866250333482165,0.568316280235712,,,,93,30.289832494489804,9.39450271900302,-2.4995207237200576
1660857488.4216397,LIDAR_ONLY,5.272344747657797,26.404378188368977,8.09868577774179,-0.015517342703053678,-0.2415270306581092,0.7839720955308478,0.5716744344169014,,,,96,30.404676465945876,9.44830440897126,-2.5152207189727895
1660857488.5523987,LIDAR_ONLY,5.217856692226381,26.536052085868675,8.097557896831244,-0.01352948804738738,-0.23529181995308637,0.7866108727563568,0.5706996121234205,,,,94,30.558161185524412,9.500640812398338,-2.5028070444905355
1660857488.6228206,LIDAR_ONLY,5.158277985106701,26.665219678862016,8.118992139747707,-0.011508427058682748,-0.24100131889904153,0.7841060217741853,0.5718073687991598,,,,91,30.66239672815077,9.562113381227492,-2.572559945583009
1660857488.7150438,LIDAR_ONLY,5.091026160153801,26.81704498557606,8.146200885071606,-0.014721785264744321,-0.24057255587060822,0.7855578867800015,0.5699183458340679,,,,104,30.797323205564023,9.62321686406705,-2.588768216491011
1660857488.8457847,LIDAR_ONLY,5.046324187468544,26.94189818551167,8.134205851761472,-0.012964819161118296,-0.237929267727835,0.7851636451200138,0.5716114304354566,,,,73,30.943974399532937,9.670623774428861,-2.585349830865328
1660857488.926208,LIDAR_ONLY,4.988730699975212,27.076574585408746,8.163760555753472,-0.014255025733729679,-0.24464066318243188,0.7839119722278522,0.5704645124429999,,,,90,31.0406185585626,9.729509451427553,-2.635209141399154
1660857489.0267894,LIDAR_ONLY,4.925561555995165,27.213383284285264,8.196274298113659,-0.019984468862861416,-0.24080766613265162,0.783068943028161,0.5730753173892358,,,,93,31.1891871936998,9.788258078778629,-2.654272620042335
1660857489.1373847,LIDAR_ONLY,4.8768432157045805,27.32727571193544,8.190339953307,-0.01724887344779119,-0.2407606105113012,0.7873160587262371,0.567336080698903,,,,75,31.32140739566163,9.843061734892169,-2.6482202161088138
1660857489.2379632,LIDAR_ONLY,4.81718595519284,27.439765240138847,8.192168725183208,-0.019505246365277503,-0.25518973337159295,0.7926433637388001,0.5533662830953884,,,,88,31.419663010255576,9.888571878977876,-2.706164347243079
1660857489.3298266,LIDAR_ONLY,4.7353277982927935,27.554117261487733,8.230313060247026,-0.02947703182705448,-0.2704002677273855,0.8026701799847271,0.5307875111293698,,,,90,31.527015563400788,9.934161751390747,-2.721997760888207
1660857489.441778,LIDAR_ONLY,4.672252651864438,27.646893666240356,8.221526249238122,-0.033191523031097285,-0.2766892868500028,0.8200824429821851,0.4998061104605307,,,,45,31.657182100818915,9.992008802912052,-2.7070369695323433
1660857489.5323653,LIDAR_ONLY,4.581624677470021,27.747216062897365,8.218262686969538,-0.03297702437334085,-0.2963142962526437,0.8374929174025947,0.45794755922514907,,,,72,31.73202015772675,10.074031981676876,-2.7696746161039894
1660857489.622886,LIDAR_ONLY,4.468174641953153,27.848955562903974,8.237656696372495,-0.03390333611906929,-0.30465268000935075,0.8554939875977003,0.4173336142072713,,,,47,31.833119871096223,10.15522239249764,-2.7798746794191973
1660857489.74363,LIDAR_ONLY,4.368561335344046,27.936939572838664,8.26345408188842,-0.02320697483648013,-0.2998216799864482,0.8795585293854965,0.36870745844675523,,,,26,31.946446548166204,10.255986797865406,-2.7630682335423367
1660857489.835192,LIDAR_ONLY,4.2540193384717515,28.023137176210813,8.24298435424932,-0.020950316243588504,-0.303018155418093,0.8974101144612012,0.3199940127549952,,,,47,32.03239307085953,10.34092304402236,-2.769904774443104
1660857489.9459884,LIDAR_ONLY,4.102337535225161,28.090855155009862,8.282599674983908,-0.015556704416865368,-0.30397293235114603,0.9127208014418768,0.2725787665259897,,,,44,32.10713372823748,10.45812605100182,-2.781156537267083
1660857490.0472689,LIDAR_ONLY,3.999880508664751,28.15054911337197,8.26574157597581,-0.009469366480558856,-0.28913561464764115,0.9308334361416665,0.22329362194537905,,,,35,32.200372655569886,10.577993181267473,-2.6872874731973213
1660857490.1478512,LIDAR_ONLY,3.8687120403111073,28.20961453086153,8.244693627949896,-0.005248011209864026,-0.2914410998759174,0.9410732295759956,0.17151011706853395,,,,47,32.186662115497946,10.673340373471948,-2.693796353595755
1660857490.2383232,LIDAR_ONLY,3.712843815403824,28.240709586482684,8.236240871331713,-0.0036839127420678613,-0.28570260653283686,0.9497734671812953,0.12763545920187233,,,,54,32.302820036587676,10.826101512771169,-2.7325373028965343
1660857490.3391368,LIDAR_ONLY,3.5950730664543276,28.246395348339867,8.256107025849111,0.0037163963574444823,-0.2752980712188101,0.9585973488335308,0.07272058299163789,,,,54,32.32609922000401,10.973764880082369,-2.682209728477642
1660857490.449798,LIDAR_ONLY,3.491005168969898,28.248292885422668,8.226675752253165,0.0024009901782654046,-0.24588126283987424,0.9689891602439966,0.024426361990010727,,,,49,32.348673078785886,11.048807521605637,-2.620003244879828
1660857490.5402703,LIDAR_ONLY,3.4103148251437507,28.220279191821316,8.234302817834793,0.005001491751963823,-0.2246321988689868,0.9742085218094181,-0.02081144746161894,,,,48,32.350814892328735,11.16898710206429,-2.590991544198343
1660857490.6408434,LIDAR_ONLY,3.3709971583752862,28.204995035618783,8.251193516957759,0.00898711268452583,-0.1962983353909559,0.9781716733368996,-0.06757494217256298,,,,64,32.28477415497148,11.219989035581932,-2.538501485917562
1660857490.7413764,LIDAR_ONLY,3.3471942675409863,28.20435396448861,8.237892122483325,0.011003865899791868,-0.17299919403670122,0.9777398673426603,-0.11821567411586552,,,,62,32.31419506542485,11.258373706122843,-2.53929950090502
1660857490.8419259,LIDAR_ONLY,3.3305881339834484,28.194708687142985,8.232303497535213,0.012383329912377358,-0.15974790236392641,0.9730280243441387,-0.1659630220005323,,,,66,32.30586784053108,11.29351253357226,-2.5438653845640355
1660857490.9434867,LIDAR_ONLY,3.3147838844848114,28.19843230046574,8.195711003639007,0.0164384452573244,-0.1541700064959403,0.9646819167768216,-0.21295583123822043,,,,75,32.29379641272419,11.31047191824491,-2.5414133462407147
1660857491.044114,LIDAR_ONLY,3.267882079433852,28.19461503956763,8.218264138106832,0.026219181921328154,-0.16455394353518613,0.953820823168887,-0.24992077035697058,,,,78,32.28222924807733,11.344780589242031,-2.581293211043348
1660857491.1357265,LIDAR_ONLY,3.2074697511206365,28.19657543637727,8.203084215212924,0.02234181816739546,-0.16511684693065412,0.9490648883460623,-0.2674193480833621,,,,92,32.31221849807428,11.382861267301026,-2.550027800090172
1660857491.246326,LIDAR_ONLY,3.136145275435488,28.188183533724317,8.223880804292586,0.02680020551871475,-0.1626065437909793,0.9451179734725607,-0.2821220961208592,,,,86,32.31976197517265,11.45228451353901,-2.5466737353579147
1660857491.337146,LIDAR_ONLY,3.060483955120982,28.166157856155326,8.188745019684177,0.025731126423848286,-0.1550077475086073,0.9445341120620601,-0.28838484442911255,,,,103,32.328252878614435,11.507447109771446,-2.5129778829922684
1660857491.447786,LIDAR_ONLY,2.958115630030815,28.11621403433479,8.175443077394878,0.01801018593338437,-0.14532823754481125,0.9467459802519846,-0.2867531786248806,,,,116,32.30988300234529,11.597150457828654,-2.5038899701760795
1660857491.5684373,LIDAR_ONLY,2.875533682770488,28.064443632068148,8.188470138121856,0.02295398431881767,-0.14416153571608983,0.9468804080985144,-0.2865450383152027,,,,98,32.26139568676738,11.689884707290082,-2.473877095471964
1660857491.6489081,LIDAR_ONLY,2.792420284896952,28.003448447086626,8.139541957942164,0.0205046377331128,-0.14001554401117025,0.9473802282662611,-0.2871339589056943,,,,101,32.22895852873839,11.74508562766886,-2.408943195310188
1660857491.749492,LIDAR_ONLY,2.687109717308768,27.922613925192465,8.121183619975175,0.01605053661782054,-0.14325126028094678,0.9462394200983144,-0.2895728173606879,,,,54,32.16394636488786,11.838731686026462,-2.3962935405008423
1660857491.8502104,LIDAR_ONLY,2.5824606335610016,27.846040826067842,8.135719874256209,0.0188155074246852,-0.1407252464590571,0.9467248817251229,-0.2890577451166833,,,,54,32.09534547488411,11.936899259000956,-2.3491106182157426
1660857491.9620373,LIDAR_ONLY,2.4891316960125307,27.773034685536654,8.08807972157233,0.02333697364451737,-0.14310084280620167,0.9462173153835063,-0.2892236617528037,,,,61,32.04644551461465,12.015749471245163,-2.264202108013007
1660857492.052553,LIDAR_ONLY,2.3685006041479837,27.68042544352529,8.0428948231205,0.018254790820101386,-0.14290766002052502,0.9465151594641298,-0.28870957071798903,,,,97,31.973855891115093,12.124856830300091,-2.242485920426078
1660857492.1833813,LIDAR_ONLY,2.2637263481645467,27.596127121916506,8.056516897265462,0.01996382821349466,-0.14692550479452468,0.9452754411358604,-0.29063496346678735,,,,86,31.876610855977795,12.243104870264709,-2.20692343729746
1660857492.2649956,LIDAR_ONLY,2.153342361018737,27.51297144199506,8.00946561487286,0.020977396557493123,-0.13915948531643063,0.9467555273589238,-0.28956615460972307,,,,95,31.819570717476584,12.325200946972,-2.121550011485491
1660857492.3454385,LIDAR_ONLY,2.014386544683407,27.423195142193006,7.967347278905702,0.014670876229383447,-0.1380022495453029,0.9467486675502562,-0.29052900888364397,,,,97,31.73131748186486,12.43996332321621,-2.082119313492929
1660857492.466264,LIDAR_ONLY,1.8907020265814578,27.336818242660996,7.97997324248834,0.016904084338679726,-0.1408356851365365,0.9468035957149005,-0.28886417719428026,,,,74,31.647728755341483,12.575572298537919,-2.0469515865030874
1660857492.5585272,LIDAR_ONLY,1.7562193368417334,27.274654699679346,7.942399036660605,0.023810592614209723,-0.1428685810757662,0.9457464946313483,-0.2908353350493619,,,,96,31.60069499949796,12.672241245070431,-1.9484646488745063
1660857492.650005,LIDAR_ONLY,1.604871677422309,27.20616854728322,7.890394477990009,0.016122602280679174,-0.14100882505574622,0.9473108616226104,-0.28715623692325515,,,,58,31.550757658554126,12.801906899490712,-1.916978092561693
1660857492.7506838,LIDAR_ONLY,1.4750000329135482,27.144272972040163,7.908055553424273,0.017113198744261798,-0.1383415333186621,0.9473974233183327,-0.28810914750761585,,,,82,31.477243279258904,12.952478715138385,-1.8934884756103543
1660857492.862849,LIDAR_ONLY,1.343713950092192,27.086538913602556,7.861669692703591,0.019253758805074152,-0.1375261584637268,0.9474674278302333,-0.28813420781095705,,,,106,31.44520006800098,13.05548561091006,-1.8033384407917932
1660857492.953402,LIDAR_ONLY,1.1911597056734777,27.019013876665465,7.820925951138912,0.015726042015803684,-0.13904799620669148,0.9470931797313856,-0.288847460192598,,,,106,31.3890554807059,13.189735704676401,-1.7759083898409602
1660857493.0539737,LIDAR_ONLY,1.043265583218623,26.965108017285246,7.837645503655516,0.016952608476986906,-0.140975346390268,0.9463619952653111,-0.29023703191258937,,,,86,31.32831297358891,13.339929147238438,-1.7323996919804603
1660857493.1658285,LIDAR_ONLY,0.908914693714797,26.92048857053151,7.789976867117906,0.018696468601965777,-0.14123984984234006,0.9476726445195214,-0.28568917674232247,,,,104,31.302539708049387,13.462156260499198,-1.646791712698721
1660857493.25632,LIDAR_ONLY,0.7446612659408296,26.870586234051324,7.738865583334723,0.0065391747885565135,-0.12941510171327109,0.9546387198309907,-0.2680930533249153,,,,104,31.26446993369095,13.603521453239942,-1.6359198560121933
1660857493.3671215,LIDAR_ONLY,0.6015731552778778,26.840108927010945,7.755762156972395,0.003461247746236608,-0.11664980236597967,0.9629976852253028,-0.2429327100715874,,,,89,31.22112103666446,13.765565400516206,-1.600334882712393
1660857493.4678178,LIDAR_ONLY,0.45349084737583123,26.819038759205082,7.717926156647803,-0.002441013207681533,-0.10231241663287083,0.9733656638716653,-0.20514749633601237,,,,87,31.218867152392818,13.880091117525879,-1.5267586235097221
1660857493.589624,LIDAR_ONLY,0.2971315386168061,26.777971840639363,7.689212879638243,-0.0087849852557461,-0.09950232742637842,0.9797795452279423,-0.17336133831889028,,,,79,31.20239276108459,14.02775406382573,-1.5051904078569809
1660857493.6709402,LIDAR_ONLY,0.15904427635024676,26.736410984823546,7.6915373954160415,-0.002666971452420587,-0.1209300206624828,0.9812212664600074,-0.15024527817027294,,,,88,31.180495310376315,14.17215379054104,-1.4634554823637753
1660857493.7622106,LIDAR_ONLY,0.024365070755721696,26.711928448789244,7.647561841294179,0.003959865439268317,-0.14850259627174747,0.9787817515021859,-0.14112966127843718,,,,84,31.160613105851226,14.29346414695684,-1.380191607292736
1660857493.8828952,LIDAR_ONLY,-0.14011934927497838,26.686753790047632,7.616800538846526,-0.0022101148719569164,-0.1629778551318251,0.9775795204246391,-0.13331022232077783,,,,73,31.13117135045363,14.431232171539802,-1.3664531612841575
1660857493.96447,LIDAR_ONLY,-0.26493249518394557,26.665181708880795,7.637791498658917,0.0007079891859859204,-0.16647683581133327,0.9768321651740491,-0.1344763286639631,,,,96,31.10845080887335,14.585459480579079,-1.342935746903789
1660857494.087208,LIDAR_ONLY,-0.3964953606875592,26.64174674304711,7.5995422505991375,0.004396542263101244,-0.1709898760878368,0.9759809937309732,-0.13492306165921766,,,,94,31.118348167437745,14.689221351783473,-1.2665542791639963
1660857494.1782746,LIDAR_ONLY,-0.545261182767073,26.614342253568513,7.538386428903383,0.003720074371091618,-0.17631096518875355,0.9749267850814636,-0.1357142893420051,,,,90,31.096065232707595,14.812592483262806,-1.2538739148288456
1660857494.2688158,LIDAR_ONLY,-0.6854610381509494,26.580941905886704,7.569075364818115,0.001122023721936363,-0.16903156169939115,0.9762463122009739,-0.13553674825017464,,,,93,31.06821329201283,14.964891105965293,-1.2434821638245201
1660857494.37944,LIDAR_ONLY,-0.8267849008749855,26.54813971011184,7.529412674275232,0.0038687153797907965,-0.16600839754155952,0.977692120241935,-0.12862489262900703,,,,99,31.071970223382085,15.076467033169838,-1.157567044792598
1660857494.4699645,LIDAR_ONLY,-0.988483522055746,26.511515331531985,7.469118210123289,-0.003531767735890704,-0.15374132658302234,0.9819098891455387,-0.11047217167842895,,,,105,31.057681828315655,15.203801633423407,-1.1327105112885598
1660857494.5706117,LIDAR_ONLY,-1.1265042060200654,26.47562664737028,7.491792871361602,-0.008573000284625275,-0.1445573645908502,0.9859700492723498,-0.08302249060675124,,,,97,31.030317619240627,15.369278272458649,-1.115376918653834
1660857494.6719706,LIDAR_ONLY,-1.252438976194863,26.46209030777546,7.468594924998946,-0.00917060594282549,-0.12832718413223393,0.9908228834097482,-0.041449336676547155,,,,91,31.02958986868189,15.47415463849428,-1.0315565623146419
1660857494.772491,LIDAR_ONLY,-1.3950527993555715,26.445491387348298,7.43119381619346,-0.015098412396879443,-0.12483748651229491,0.9920621408403795,0.0005904367785862508,,,,94,31.040998824799146,15.597757887414707,-1.0043895085245749
1660857494.8730707,LIDAR_ONLY,-1.5317323440255672,26.458001712028967,7.4220964818294926,-0.010367656524573082,-0.12550063079263515,0.9906635760751152,0.05222817636969086,,,,88,31.0183504338655,15.73903851879345,-0.9832725650865373
1660857494.9837098,LIDAR_ONLY,-1.689601740986079,26.458115125078688,7.426735096255232,-0.008496525133840388,-0.13488401381342882,0.98665273569931,0.09083221353295501,,,,88,31.059463218933107,15.855612032735815,-0.9468994035068281
1660857495.0753498,LIDAR_ONLY,-1.856529307694036,26.468178740427305,7.403582841690731,-0.016599494747584913,-0.14916400215408895,0.9812754615054304,0.12071878844158569,,,,67,31.059684206784997,15.979232036285616,-0.8939344542258868
1660857495.1885004,LIDAR_ONLY,-1.9943100224222696,26.472053920319567,7.371350023049007,-0.016874275086508215,-0.17006975361426915,0.9754062861777146,0.13919092869467076,,,,67,31.07634956762939,16.126050448020873,-0.8552957539194899
1660857495.2890718,LIDAR_ONLY,-2.143347092074311,26.478891882363488,7.363281712812731,-0.01553105987774338,-0.18352298380033094,0.9711560750188664,0.1514396861791765,,,,90,31.07075912137631,16.260730425479576,-0.8426696479758077
1660857495.3810399,LIDAR_ONLY,-2.3006654498848587,26.5051366854519,7.318725939308996,-0.019808451952502575,-0.19749595680971987,0.9684082468453751,0.15095840392944643,,,,95,31.101214451591765,16.384536118930125,-0.7994356580367056
1660857495.4816127,LIDAR_ONLY,-2.4356947055764926,26.535437078434914,7.293305333930669,-0.017240524226849567,-0.20395252888812457,0.9671473722643991,0.15077165054011324,,,,95,31.137297734894783,16.537149475229143,-0.7911054379913349
1660857495.592665,LIDAR_ONLY,-2.5781827136835624,26.55453860602161,7.294667737004662,-0.014849702689868603,-0.21130510651701867,0.9660404094558142,0.1479715026222856,,,,96,31.17909470414515,16.66824810090881,-0.7773873303178955
1660857495.6731827,LIDAR_ONLY,-2.7344738115315455,26.58879878601331,7.265935199991329,-0.022377048483968796,-0.21153059422959428,0.9655206920032052,0.150079541309509,,,,100,31.209817198442288,16.78391504379795,-0.7340119053187953
1660857495.803884,LIDAR_ONLY,-2.8663830927776166,26.610221455870366,7.227421118025472,-0.015993965917889,-0.2079893026743115,0.9654424909224126,0.15622240475936341,,,,92,31.254332263296806,16.934697991663242,-0.7192328617755755
1660857495.8943934,LIDAR_ONLY,-3.000943271660766,26.642929889585073,7.253073688234591,-0.013196853624499983,-0.19306430592468996,0.9651896613993913,0.1759571946808648,,,,78,31.264282275809155,17.05966150370579,-0.7275644911100883
1660857495.9849586,LIDAR_ONLY,-3.15204359810692,26.669208303366116,7.222177766651462,-0.017629408094887666,-0.18383655629135057,0.9621202894958382,0.2005439430189945,,,,85,31.334822170321114,17.161529147969308,-0.6707016602477325
1660857496.0955617,LIDAR_ONLY,-3.273890424966886,26.697862529982157,7.226895763278239,-0.01527255950644324,-0.18005946210103815,0.9553685221747112,0.23370136044044626,,,,76,31.352961289300556,17.291320526253973,-0.6648903251505383
1660857496.1961377,LIDAR_ONLY,-3.4082174230324944,26.71523754935797,7.242721296457991,-0.018051856651396747,-0.18971482659091687,0.9504828580666399,0.24548880130158196,,,,81,31.4192945214968,17.374489117995253,-0.6412313305994054
1660857496.2966733,LIDAR_ONLY,-3.5674395298513395,26.710212975804737,7.238046435543169,-0.023248444235207947,-0.2174525462802913,0.9466050640324,0.23688130509830502,,,,80,31.45713965705992,17.50057603311787,-0.5649033559501369
1660857496.397834,LIDAR_ONLY,-3.7146077539612246,26.721223779766994,7.158527658440763,-0.022409152793031725,-0.23398754928417712,0.9472647507076236,0.21780070871764168,,,,84,31.505834462373144,17.632989599805104,-0.5138468303505427
1660857496.4883761,LIDAR_ONLY,-3.8610132242781208,26.695475380115717,7.127744807155613,-0.012875165162082989,-0.2355964040130265,0.9529240374772822,0.1904319913674574,,,,95,31.52164816764789,17.806061616977892,-0.5448952818539766
1660857496.5896747,LIDAR_ONLY,-4.020224074978662,26.686534707966743,7.101222558245749,-0.01361251229591533,-0.22815909834812217,0.9580736955503266,0.1727799735053393,,,,101,31.510447014775064,17.928973922210005,-0.5221897757580672
1660857496.6906044,LIDAR_ONLY,-4.138718884395572,26.7098521771146,7.073494532744931,-0.015477074003570231,-0.21551666886823193,0.9597797097669932,0.17926498358523663,,,,101,31.50331242892651,18.072036524531992,-0.49136747537820297
1660857496.8112695,LIDAR_ONLY,-4.2751896656160815,26.74373291904708,7.093623428521164,-0.010510638875269885,-0.20626794357951428,0.9617751619496683,0.17980989900058725,,,,108,31.530350959255003,18.175795763724487,-0.4863249562820403
1660857496.891732,LIDAR_ONLY,-4.430030210421917,26.777594822486858,7.093217862193712,-0.010998348960076945,-0.20185050693799533,0.9623327150224444,0.18179976558444066,,,,108,31.59109882333663,18.295240847930994,-0.42731122073920114
1660857496.9923775,LIDAR_ONLY,-4.5663303715979815,26.813275401306278,7.068863561743091,-0.011142775983125922,-0.20620095410390252,0.9612310563449855,0.18273440121644702,,,,110,31.64339735141386,18.424651673971717,-0.38676268107258094
1660857497.093075,LIDAR_ONLY,-4.696276221295026,26.851596172553283,7.06472033521686,-0.006196197911714063,-0.20351779684033874,0.9613354930118191,0.18540815347879444,,,,114,31.682103302504714,18.562343826208558,-0.3816664843182043
1660857497.2137635,LIDAR_ONLY,-4.8581345349699685,26.901931767833474,7.0548581842828755,-0.012974351927112906,-0.20448363794848645,0.9617064865590425,0.1820404947084197,,,,103,31.737776806417816,18.684839449270996,-0.3544074513987726
1660857497.3054411,LIDAR_ONLY,-4.986327404528368,26.9547631867636,7.022899161735888,-0.015142373931360071,-0.203446716685043,0.9614797993530715,0.18421926451317822,,,,113,31.793572878264335,18.831603143620683,-0.3224025587141702
1660857497.3959801,LIDAR_ONLY,-5.116909549169477,27.006056593935906,7.024787534352254,-0.010071442799812957,-0.20652581752782248,0.9611346495552838,0.18293670533448628,,,,114,31.854247453559076,18.963521864288843,-0.3334805882533008
1660857497.527162,LIDAR_ONLY,-5.266781281994963,27.07984229166843,7.008484085277349,-0.016682424429406286,-0.2066758245854779,0.9606382982408713,0.1848806647541944,,,,106,31.917328708626197,19.07948490011165,-0.28826908214953195
1660857497.597565,LIDAR_ONLY,-5.405864976318451,27.12895110574488,6.975172908884258,-0.016337442659242942,-0.20407623174190317,0.9615888788951875,0.18284640436846794,,,,104,31.990929474929896,19.201706980737207,-0.27096281101437186
1660857497.6981468,LIDAR_ONLY,-5.5312701473511785,27.178817672354775,6.96941320417211,-0.011566131687854576,-0.2010921829374862,0.9623611846146891,0.18245303205545285,,,,113,32.03979493704965,19.356262522195415,-0.27172434160944064
1660857497.8087592,LIDAR_ONLY,-5.689406482922249,27.227537024424144,6.962441918491703,-0.017324189585405637,-0.20326034847205623,0.9623343122744316,0.17971581625868177,,,,110,32.1063048477395,19.46965334014319,-0.24468588397858546
1660857497.9093308,LIDAR_ONLY,-5.810425352110292,27.278661487254098,6.934429593479484,-0.01710699201219191,-0.2012809417492878,0.9626012813152939,0.1805328405663891,,,,102,32.16975087545771,19.615724259329465,-0.2176777136490392
1660857498.0199723,LIDAR_ONLY,-5.939027879027792,27.324068638450985,6.935825236768783,-0.012816611655715699,-0.2053389021132164,0.9620857137344975,0.17906074157276425,,,,102,32.22465202451225,19.742485285253462,-0.22014057195455494
1660857498.1004446,LIDAR_ONLY,-6.080032537205016,27.378629462787714,6.92274280376533,-0.019495380359614716,-0.20703864695577576,0.961044044363187,0.1820694197425925,,,,112,32.28453275731273,19.868087934605615,-0.18725391877257652
1660857498.2023103,LIDAR_ONLY,-6.211977037046265,27.42350876268713,6.894731235963883,-0.01810684376707845,-0.2028407650590432,0.9625126149625388,0.17915700454359118,,,,110,32.35547531343671,19.998736370373663,-0.16393532461023663
1660857498.312958,LIDAR_ONLY,-6.3332290559568944,27.463332379198903,6.89851575944698,-0.013277041775514163,-0.20063024437559282,0.9628401324269812,0.18030558668958274,,,,99,32.40089162875764,20.134510808335026,-0.15210502323776606
1660857498.4049459,LIDAR_ONLY,-6.481424886342361,27.51399728063063,6.884924353617727,-0.017485187573634767,-0.19733171713112005,0.9639442081108235,0.17766830127852254,,,,109,32.45730404446662,20.24986709484527,-0.13058005899455402
1660857498.506321,LIDAR_ONLY,-6.601480629782842,27.56401730030104,6.851860880410223,-0.01739179216679074,-0.2001801775660598,0.9631991610524584,0.17852954439724622,,,,105,32.529053760127375,20.400178492431255,-0.09875577207551915
1660857498.6069217,LIDAR_ONLY,-6.729491553116698,27.607377761273305,6.84506045068616,-0.01483594678708354,-0.20590495372430104,0.9622428501026866,0.17740276813224393,,,,110,32.58086138748759,20.5175743330592,-0.10350007177553203
1660857498.7074928,LIDAR_ONLY,-6.879740615560975,27.656017110560445,6.843786523984361,-0.020462389488485937,-0.2069553293687061,0.9612018528097641,0.18122301293541207,,,,97,32.63846045182812,20.648851611196996,-0.07407084724467812
1660857498.8086283,LIDAR_ONLY,-7.012203228297476,27.694408472313658,6.827877150199114,-0.017772682703197217,-0.203163190097036,0.9625178955033002,0.178796394748399,,,,97,32.704237187754615,20.781019721312106,-0.05735742446902779
1660857498.9092,LIDAR_ONLY,-7.136670455967238,27.732083799903048,6.830031409377663,-0.01278802789381443,-0.20120117748546354,0.9627541349679204,0.18016389239584468,,,,102,32.746243824559414,20.908090559638797,-0.04452498692240798
1660857499.0097334,LIDAR_ONLY,-7.291657758445801,27.775340856835353,6.835966836179511,-0.01579804419424183,-0.20156338344769903,0.963308927976549,0.17651779948046223,,,,102,32.804769763857635,21.030424329589195,-0.02107364117735714
1660857499.1103694,LIDAR_ONLY,-7.410895231951807,27.821938550472616,6.795381798093831,-0.015244525917510935,-0.1993071520934609,0.9635159975999301,0.17799209511367653,,,,89,32.87010889214563,21.175009714631074,0.009022242637299265
1660857499.241415,LIDAR_ONLY,-7.5433569965116885,27.865793900457753,6.7895691484668514,-0.012092731455133173,-0.20345590138352582,0.9628020934728623,0.17740234170507746,,,,93,32.92460889695606,21.29330842523344,0.007009198761852065
1660857499.3118193,LIDAR_ONLY,-7.691089381583193,27.90937458132954,6.7943655628941,-0.01614833407776513,-0.20308375835053202,0.9623450304193714,0.17996738823429873,,,,88,32.98300359084632,21.425948692720773,0.03340357070223667
1660857499.4328275,LIDAR_ONLY,-7.819125305671298,27.949507597936822,6.78927934536946,-0.012610379894957488,-0.20120902735470916,0.9633049783244447,0.1771988272117447,,,,76,33.0482491933044,21.560392144398946,0.05819455492347651
1660857499.5346234,LIDAR_ONLY,-7.952504865221158,27.981351982640263,6.776897718609399,-0.006667208174964149,-0.19693039746728636,0.964021067784844,0.17843023217912785,,,,90,33.09571246247843,21.68290589202205,0.07959044693142524
1660857499.615086,LIDAR_ONLY,-8.108252133061994,28.026926900418424,6.766592799451429,-0.010913785351583697,-0.192456958624226,0.9656198855228697,0.1744117113304396,,,,86,33.15485554794781,21.809969065867694,0.10037324182275846
1660857499.717135,LIDAR_ONLY,-8.229224086563915,28.06272129350118,6.741955640030693,-0.008197165406208892,-0.19636084934144174,0.9646864054238042,0.17537206880147885,,,,71,33.21612861374495,21.954516808004477,0.12299879018353217
1660857499.8177292,LIDAR_ONLY,-8.350932992360207,28.099872460251124,6.7396592699172855,-0.007566233137381017,-0.20076533560445217,0.9642377094299843,0.17286315931672583,,,,95,33.26441187491429,22.063039171390542,0.12652062181180448
1660857499.9293852,LIDAR_ONLY,-8.4790243589663,28.131383992767784,6.736161079184871,-0.012847932685958335,-0.19801530029341538,0.9642212292243473,0.1757904792316538,,,,94,33.317424093936324,22.170455311075965,0.1502943290456288
1660857500.0199018,LIDAR_ONLY,-8.590521591054388,28.15610144150113,6.735144462859839,-0.009239601644164335,-0.1896648818669343,0.9648866505291506,0.18148171802827948,,,,84,33.371593960336455,22.279013834241123,0.17814990134037728
1660857500.122109,LIDAR_ONLY,-8.688847118264208,28.184557700313604,6.725232016306995,-0.00813259737285614,-0.18300662601040046,0.9630446564197815,0.19745233712864843,,,,86,33.415418245074825,22.379674413822535,0.1922508211559105
1660857500.2126243,LIDAR_ONLY,-8.791003935803882,28.223993824779246,6.706959557657746,-0.012959050234628443,-0.1789417525861814,0.9603308194963976,0.21348683641803198,,,,85,33.45187639918935,22.469270213030477,0.19618337027329597
1660857500.3131511,LIDAR_ONLY,-8.867192998621514,28.274009258182588,6.701525760229516,-0.011926972671408728,-0.17436665544371388,0.9555282223000936,0.23752859444768284,,,,95,33.510674488934626,22.556540116820386,0.20396952477463354
1660857500.4237924,LIDAR_ONLY,-8.933518688368967,28.32881028458767,6.698796376969385,-0.010697588597567526,-0.18373486939619324,0.9510724148072154,0.24816994410873544,,,,100,33.55654225487852,22.616337919712116,0.20295351391844735
1660857500.5243795,LIDAR_ONLY,-8.999993062763732,28.37076430294966,6.699982420183964,-0.01599061133526459,-0.18793809682713733,0.9483208289665321,0.2551689194599284,,,,107,33.60171936569457,22.674691969921092,0.19057622288203083
1660857500.6249568,LIDAR_ONLY,-9.055608987390649,28.41292913385527,6.697221625514999,-0.014838786492510388,-0.19377538502773797,0.9464761756149392,0.2577086718876577,,,,107,33.64635046620423,22.723365193154326,0.19553736876182468
1660857500.715435,LIDAR_ONLY,-9.117290103607122,28.457150268856566,6.6883964151716375,-0.012364767539670068,-0.19880729102867617,0.9453573633986906,0.25811282228011356,,,,96,33.68865712458455,22.767292172777122,0.2088727350977689
1660857500.8461757,LIDAR_ONLY,-9.19213745198554,28.516745371352346,6.700634434364205,-0.01573113836239289,-0.2013731034601823,0.9454749725737168,0.25549653759956775,,,,97,33.73495512332546,22.822327151515623,0.20714079438051747
1660857500.9266021,LIDAR_ONLY,-9.249429810700757,28.578682931731553,6.6964522849525885,-0.011565856535835957,-0.2017959781801081,0.9448613196228709,0.25764646481846604,,,,107,33.798533660117464,22.87550554130762,0.219532994086574
1660857501.0280094,LIDAR_ONLY,-9.310347873986283,28.638001913773593,6.690558122869361,-0.00637483809985,-0.20370036544176662,0.9444585652467129,0.25780523867875915,,,,110,33.86187364285421,22.931489481316945,0.2174995322309695
1660857501.1386044,LIDAR_ONLY,-9.391051577386937,28.702089868152786,6.701287377281606,-0.008642831555102457,-0.19934680122650028,0.9453722029068845,0.25779362341698214,,,,97,33.91510016129107,22.987266640407036,0.18960770242746186
1660857501.220207,LIDAR_ONLY,-9.466353017337855,28.761796231599675,6.716805082241259,-0.004777005889159759,-0.19628776203348552,0.9433750084320051,0.26737967042491323,,,,97,33.99051330806068,23.046057518057847,0.2064179396664536
1660857501.330814,LIDAR_ONLY,-9.543584615436604,28.846374084728108,6.6779788808110405,-0.004885677671236813,-0.19127937688418073,0.9411611048489419,0.2785751332262296,,,,102,34.06435305074832,23.108945593425144,0.22775500448672029
1660857501.431365,LIDAR_ONLY,-9.644688854928468,28.931927765274345,6.68839090660089,-0.005716526150302851,-0.18832027025711998,0.9363190921685265,0.296326432806398,,,,95,34.12413873002263,23.17896770153687,0.1998009120900119
1660857501.5419962,LIDAR_ONLY,-9.72248591692586,29.00389138263846,6.679179977498268,-0.007512008321396828,-0.1888825533361323,0.9321739792384472,0.3087371425775679,,,,104,34.2225764432247,23.247358374382745,0.20767271322107586
1660857501.6324942,LIDAR_ONLY,-9.81945023977425,29.082368292579105,6.660479805493443,-0.00526763985554903,-0.1989999555959144,0.9293203143004009,0.311022544314364,,,,106,34.27303802197354,23.326773086022015,0.20501359101394115
1660857501.723,LIDAR_ONLY,-9.944716610617226,29.166907393469835,6.646124238842603,-0.013745510765498658,-0.1949885705552702,0.9297636932209773,0.3119775521647295,,,,110,34.34065708769977,23.427239370351423,0.1960824282061232
1660857501.834549,LIDAR_ONLY,-10.05912075168642,29.233826240733414,6.652533896456965,-0.00698245283489095,-0.191985621116754,0.9297489447942244,0.314101363083399,,,,104,34.42249481206893,23.541926606798057,0.17667084963197413
1660857501.9352694,LIDAR_ONLY,-10.171271134581977,29.29297367307488,6.620006028293661,-0.004436808600232304,-0.19031589669496293,0.9298649492464375,0.31481955205729717,,,,101,34.510855611307484,23.630299489107017,0.23374602001658162
1660857502.0358021,LIDAR_ONLY,-10.316911738681128,29.354639552720297,6.60024141726736,-0.008922940684908455,-0.19446550217704056,0.9302288687504924,0.31109130707196603,,,,99,34.55162468771863,23.763117723139988,0.20386644937947507
1660857502.1363773,LIDAR_ONLY,-10.433096294611092,29.409886932728423,6.607431687770363,-0.009546381911318253,-0.20683785180049133,0.9331675417144598,0.2938116892595551,,,,90,34.64513488544196,23.876779793603138,0.21252517809843346
1660857502.236963,LIDAR_ONLY,-10.555102364736126,29.4556764574621,6.591085627818113,-0.004810264867586676,-0.21881486413635629,0.9397586450226179,0.2625844734369209,,,,103,34.69891208702536,23.998840838840014,0.24492116899410085
1660857502.3374994,LIDAR_ONLY,-10.699969364076335,29.49728422041283,6.565894835694292,-0.009811335049936493,-0.23753820125249958,0.9440290126992472,0.2286669277187881,,,,98,34.73962081778771,24.112449483905856,0.23246313913954053
1660857502.4395263,LIDAR_ONLY,-10.816458651639627,29.52145114865863,6.556388842932875,-0.007797193691095579,-0.2290256504179308,0.9549157130382372,0.1887390691241807,,,,90,34.78269349977826,24.268151273579413,0.2473356150143885
1660857502.540905,LIDAR_ONLY,-10.946853122806887,29.542782204479156,6.530775611656995,-0.008333474132461636,-0.2246799800604879,0.9635078345350139,0.14526566200775276,,,,78,34.83396557330453,24.37569218515179,0.3080652351405207
1660857502.6414375,LIDAR_ONLY,-11.101080483842356,29.55788386306341,6.5184646989108,-0.00837114562110708,-0.22327474490989058,0.9692049654841128,0.1035376602370037,,,,89,34.86044283117272,24.513249109168285,0.31762047440941804
1660857502.742008,LIDAR_ONLY,-11.237924622896905,29.568060119656973,6.5143210061925405,0.0034535335673981874,-0.20773753263555564,0.9763965104150819,0.05901732872336184,,,,92,34.90158431541192,24.662540611055285,0.36073862007790797
1660857502.8440018,LIDAR_ONLY,-11.362728863315994,29.56694470224623,6.489124842376108,0.012425852841795003,-0.20457794963794335,0.9787180167404431,0.010222739884339095,,,,87,34.905281441438774,24.785118182140245,0.3952638514794475
1660857502.9345024,LIDAR_ONLY,-11.518910884431236,29.548712133029596,6.469893322851613,0.013468398892915082,-0.2028613253528178,0.9784142449003023,-0.0370330971366289,,,,95,34.909848172641,24.9019586352809,0.422702937121017
1660857503.045746,LIDAR_ONLY,-11.640579995428654,29.51620951622525,6.448876341827976,0.02503180233766948,-0.18419685135095007,0.9789321741056445,-0.08447915319722527,,,,92,34.84290427859018,25.124905897111663,0.43613850629204826
1660857503.1372101,TRANSITION,-11.688627564151538,29.5985926095128,6.433817887730881,0.034722992085653506,-0.17544578864523783,0.9738421441644143,-0.14015907860901022,,,,94,34.77543761652248,25.26122505810046,0.38593859528873053
1660857503.2477813,TRANSITION,-11.743186218668061,29.641904558100023,6.4210165777938535,0.04173381192376969,-0.171262655990491,0.9672151405222431,-0.18281756904064686,,,,95,34.693168377716376,25.432534565891377,0.3459985263266793
1660857503.3483253,TRANSITION,-11.80450676610025,29.704463045991663,6.409813662539298,0.041740425282797006,-0.1619702919843838,0.959640925178719,-0.2260810830959481,,,,83,34.591786937149685,25.606103283294114,0.3479289727394637
1660857503.4489002,TRANSITION,-11.86622490507411,29.8051381985952,6.397876205601605,0.058595514037773064,-0.15627823164932206,0.947320098448679,-0.2733647949579373,,,,78,34.514658898536375,25.7270705111481,0.3867612095892729
1660857503.5495431,TRANSITION,-11.923847170647674,29.85980707388905,6.391357523123942,0.05809360956142855,-0.14339917855256343,0.9415446672826916,-0.29925816217790946,,,,89,34.47578640257633,25.817829580844872,0.4242999445763206
1660857503.6501272,LIDAR_ONLY,-12.02321272662671,29.805290607799453,6.380103019558927,0.048830597848391666,-0.13956817071632258,0.936963781693022,-0.31659938444693675,,,,83,34.39143261029197,25.96939315241285,0.39466047494285894
1660857503.7607558,LIDAR_ONLY,-12.099024567315244,29.761942650936806,6.376400602634447,0.05528799232388801,-0.13280396581788464,0.9314817548515848,-0.3341378232802266,,,,86,34.327017497088846,26.055785941243798,0.4771991377354405
1660857503.8512652,LIDAR_ONLY,-12.188328705609496,29.709530401108044,6.35927681235179,0.04918990866139412,-0.13181315481732644,0.9290080622170287,-0.3422713330659592,,,,88,34.269948081010135,26.15577781682753,0.45288418771220607
1660857503.9518275,LIDAR_ONLY,-12.266065752473503,29.66820181106038,6.3456970089757645,0.04886564550492102,-0.12322464255517288,0.9305807007699691,-0.34124389446700815,,,,74,34.22567321410895,26.2327244680779,0.5091029356641954
1660857504.0524547,LIDAR_ONLY,-12.328646047301886,29.623824669040065,6.349261942822661,0.04518403998118694,-0.13093579974686984,0.9288265015211689,-0.34365032947397617,,,,77,34.18735069399203,26.305618790989964,0.5376229761548591
1660857504.1531696,LIDAR_ONLY,-12.409799631529323,29.564097672640308,6.321145378609754,0.03862636869078478,-0.12308395078835564,0.9282634237153893,-0.34883428858453286,,,,86,34.14588353966819,26.345288291119946,0.5712465568413169
1660857504.2541099,LIDAR_ONLY,-12.470275105686587,29.498760205002885,6.3248062659723026,0.04810963020445607,-0.1261272916153974,0.9240865334540452,-0.3575492252547066,,,,91,34.04851997692619,26.433276257911675,0.5390871473873393
1660857504.354736,LIDAR_ONLY,-12.535915826437629,29.488660731827625,6.291147799342508,0.04303200667077667,-0.1162651322107113,0.9291040558727716,-0.3484197451274512,,,,93,34.02735632115131,26.46948334477525,0.6428736086346234
1660857504.455266,LIDAR_ONLY,-12.617278484933033,29.494777546463208,6.273744183139366,0.04016470251520979,-0.11152993541110776,0.9351690401755662,-0.3337764768167001,,,,72,34.01505023876064,26.536816784850107,0.6393196015605728
1660857504.5574791,LIDAR_ONLY,-12.698324261672102,29.52076345153731,6.274170798038081,0.030897633542456504,-0.11500045584550825,0.9427945862077133,-0.3113817586407854,,,,62,33.98047295490349,26.608935003021692,0.5873829336998788
1660857504.6580842,LIDAR_ONLY,-12.787970977408714,29.55023276654336,6.281601673322448,0.025755401479820045,-0.13217359974826534,0.9519779980322634,-0.27496307040525,,,,51,34.08931668089272,26.67579138392107,0.6187834592921494
1660857504.7586334,LIDAR_ONLY,-12.86049264300113,29.583423825647333,6.260347666197279,0.020542847907405393,-0.1296259744400827,0.9615627476865926,-0.24118909679279169,,,,38,34.140658204688485,26.738626853517218,0.6896994028662995
1660857504.8593876,LIDAR_ONLY,-12.91635802251865,29.630546162336724,6.273590994437776,0.012750933471259846,-0.14073327088757082,0.9698544224403085,-0.1985294926046825,,,,46,34.20828965093392,26.754556905927558,0.7200753718221622
1660857504.9700341,LIDAR_ONLY,-12.985026591334316,29.66755229355935,6.2582607284132195,0.012663251175382815,-0.141736956195839,0.9786056386842781,-0.14859771617809028,,,,64,34.326613943217794,26.750515817085354,0.809168425348628
1660857505.072117,LIDAR_ONLY,-13.102020918561475,29.70735663397028,6.2278948024347125,0.0073388009888027605,-0.12899281937252857,0.9868310532795506,-0.09732146132044067,,,,67,34.3821447120271,26.767072287087156,0.8603237073962
1660857505.1731496,LIDAR_ONLY,-13.210655182848104,29.729295469802306,6.245276307004361,0.0026411726051514903,-0.1265057573453931,0.9900926449057891,-0.060875874278711495,,,,96,34.444710201815596,26.806174169852834,0.9606495946013158
1660857505.2749162,LIDAR_ONLY,-13.32150356880271,29.706403411858087,6.224614085568621,0.0068381679827281775,-0.14429482771452368,0.9883317417755116,-0.04829710501116389,,,,103,34.494688553580296,26.842823809822814,1.0579477949755665
1660857505.375516,LIDAR_ONLY,-13.458651062581886,29.67607924020593,6.174228626940705,0.003433818406449373,-0.14745895569202827,0.9878796194668961,-0.04835207047592387,,,,105,34.46011806936579,26.95952339193571,1.0930938705046411
1660857505.4761024,LIDAR_ONLY,-13.587182049592101,29.650631439035156,6.184721176408859,0.005655038045533972,-0.15243396375336252,0.9870018332499214,-0.05058940996331668,,,,113,34.393294432642044,27.128157485288234,1.1157586445670118
1660857505.5778296,LIDAR_ONLY,-13.709852283444933,29.62695041812993,6.173984539987462,0.005616655845311977,-0.14992921310550267,0.9874726232239925,-0.04886207750195672,,,,113,34.37947586674873,27.227589890968623,1.15796799731122
1660857505.678387,LIDAR_ONLY,-13.85241330151454,29.60007754673182,6.123393832132298,0.0007268059116923754,-0.1564506356834926,0.9861885150980207,-0.05435883586095994,,,,110,34.359247660897765,27.33923609297625,1.1775088546026489
1660857505.781287,LIDAR_ONLY,-13.996690291208838,29.580421086306455,6.162299306206199,-0.00018912675921690746,-0.14429791354199573,0.9881415916065299,-0.05248115200535893,,,,102,34.34075754942008,27.464658723894917,1.1436094924570102
1660857505.8818707,LIDAR_ONLY,-14.133069152127796,29.552336872917866,6.144577897538401,0.0017876568473495595,-0.14356754956055073,0.9882136054820969,-0.053094565976657966,,,,102,34.33111716203472,27.583871415305858,1.2324390259324132
1660857505.9723787,LIDAR_ONLY,-14.283734156276733,29.522765056524403,6.105293744292939,0.0008236237594208406,-0.14408978432928823,0.9882258021500231,-0.051451138576184184,,,,103,34.310187792388554,27.68172551448006,1.2661573848056227
1660857506.073015,LIDAR_ONLY,-14.421135371547589,29.480556928310506,6.107748194492482,0.011214170489191462,-0.144510820804729,0.9881218888394165,-0.05104897498487946,,,,109,34.273334532355804,27.851582115311977,1.3009096026678781
1660857506.183619,LIDAR_ONLY,-14.559562939467233,29.446153645672428,6.085068034697338,0.02029768272744054,-0.140700810687236,0.98870862954262,-0.04739759293260708,,,,109,34.26033638638048,27.95149005123199,1.337888400857517
1660857506.2842116,LIDAR_ONLY,-14.698251976498977,29.41088888782508,6.052777913408993,0.019350009445346927,-0.14402536817956682,0.9880556325513827,-0.051267313550567295,,,,106,34.26616699846107,28.02428748128352,1.3594476840895173
1660857506.3847892,LIDAR_ONLY,-14.839643040526443,29.381446032506535,6.064289081789135,0.02578292400916737,-0.13683159301250455,0.9890610999829588,-0.04868774469717853,,,,108,34.178216310064506,28.226781133674404,1.3987510666201548
1660857506.4876027,LIDAR_ONLY,-14.966640408408871,29.355045369983863,6.040292608405424,0.03191170657885013,-0.13438206530612243,0.9892495060153169,-0.048047043152914234,,,,109,34.17974190923365,28.346893184070364,1.4447866113706949
1660857506.5790772,LIDAR_ONLY,-15.129197097539237,29.327299434754767,6.008773815538123,0.02688932088713306,-0.13269004262495585,0.9897450432671914,-0.04555289604889767,,,,118,34.13193533346481,28.47482981945051,1.4728129201717841
1660857506.680328,LIDAR_ONLY,-15.268900751710898,29.303070553491136,6.020225387268187,0.03497411003967011,-0.1380088091265427,0.9887055851310751,-0.046815020677394945,,,,118,34.140166307317415,28.611667359021066,1.5276526183423291
1660857506.780919,LIDAR_ONLY,-15.424511424399967,29.284935832601295,5.994787616238527,0.037320244413001524,-0.13526259774308103,0.9890269061983379,-0.04622778195513475,,,,120,34.108165082291066,28.720196686141918,1.5597095926465145
1660857506.8814943,LIDAR_ONLY,-15.583705350628279,29.27064838543399,5.951740952108349,0.03189845720187769,-0.1403651245160939,0.9882458003194394,-0.05148163166326627,,,,131,34.091219466466825,28.84459907862195,1.576182651239565
1660857506.982079,LIDAR_ONLY,-15.7247209419536,29.26898647218373,5.975405208963947,0.03422472512690238,-0.14097389578492545,0.9882408278228975,-0.04832282194908993,,,,119,34.08337510332223,28.993027485524905,1.612759808985435
1660857507.0926838,LIDAR_ONLY,-15.86558325792959,29.24332294749414,5.9872825353087125,0.03538967100358758,-0.144107817576251,0.9876871225992977,-0.04954448456879874,,,,114,34.103284839333725,29.09854480513827,1.6811483468116613
1660857507.2039611,LIDAR_ONLY,-16.02707127211612,29.221438502131065,5.960714333292278,0.023921704820113642,-0.1484881751194758,0.9873244799994275,-0.05068910220202522,,,,124,34.1001934887953,29.198155428228784,1.7329414884187697
1660857507.2844422,LIDAR_ONLY,-16.153030406746083,29.18967582177417,5.979069585472175,0.02407187268767371,-0.15013579610029243,0.9869577654433249,-0.05285978533591225,,,,124,34.08861371503087,29.320291200070336,1.7514255732967408
1660857507.3850136,LIDAR_ONLY,-16.30059305763701,29.162378100015584,5.964166022606505,0.03184749179455101,-0.14392267190576563,0.9878275578450983,-0.049686192646350685,,,,111,34.08184397427463,29.429640528371234,1.8157370818322978
1660857507.4867423,LIDAR_ONLY,-16.46657059999596,29.132386944064564,5.941196939479332,0.029766426847676105,-0.15188488737593087,0.9865271414145791,-0.05300132141656531,,,,120,34.05370139065462,29.57317161387914,1.8496778242552268
1660857507.59743,LIDAR_ONLY,-16.598155770845224,29.1319926196012,5.92938453524623,0.02881782012290217,-0.14935198910043093,0.9870067140422012,-0.051780913768737696,,,,118,34.021877254955236,29.73667653656747,1.8638479805941408
1660857507.6980493,LIDAR_ONLY,-16.742155460569847,29.107444483564823,5.946629011637023,0.03167418367307003,-0.15086829665578924,0.986635121797633,-0.0527886312400263,,,,114,34.01304059778056,29.876494315977858,1.9135351201721824
1660857507.7991579,LIDAR_ONLY,-16.905585554631916,29.09621242814421,5.930105720097134,0.02516057397242789,-0.14799451176099337,0.9872983088045398,-0.05202518080409466,,,,111,33.99827793150719,29.990595216499152,1.9705926393891904
1660857507.8997402,LIDAR_ONLY,-17.030980355772627,29.076240423747233,5.910613379349509,0.02618081401324829,-0.15161256561149614,0.9866637561509617,-0.05313028537829785,,,,114,33.99196970018096,30.148683601037565,2.0074197833626948
1660857507.9913907,LIDAR_ONLY,-17.171393665550113,29.063906951453106,5.901799710636262,0.03076188002927136,-0.1507646814300731,0.9867715980385082,-0.05104440101403918,,,,124,33.94706914971536,30.297864760015994,2.0494413713796655
1660857508.1020586,LIDAR_ONLY,-17.321538529369064,29.04173047838445,5.875237220841736,0.023201017105932628,-0.1551418739077415,0.9859369814638805,-0.05762794762558014,,,,121,33.9393695013025,30.435757190364317,2.085238826174328
1660857508.2041125,LIDAR_ONLY,-17.430896522566307,29.04225998672379,5.885228321049775,0.023105119152775612,-0.15211310307424067,0.9868076866136688,-0.05038201050217044,,,,112,33.9393695013025,30.435757190364317,2.085238826174328
1660857508.2958071,LIDAR_ONLY,-17.56985125166788,29.020430662330437,5.892376610604914,0.02694606327468716,-0.15386784642271809,0.9867621482823412,-0.04357818523585326,,,,123,33.91331913907492,30.57474362242273,2.120311789325584
1660857508.397787,LIDAR_ONLY,-17.71416424930626,29.009741937028533,5.861917315603876,0.0192008034667836,-0.1432740622030618,0.9891952536730828,-0.02442585426773078,,,,123,33.91144646081247,30.682347299728658,2.15420863149075
1660857508.4984102,LIDAR_ONLY,-17.831320439008465,29.008512609736417,5.839484681351739,0.014156262097435614,-0.13739418147605148,0.9904040398594871,-0.004719848510498167,,,,109,33.894894497328494,30.80137581996411,2.210148102376276
1660857508.6203797,LIDAR_ONLY,-17.980555609387277,29.03260512627059,5.854891686701843,0.017364544168373974,-0.13101917389684756,0.9911031465674184,0.015716282683087356,,,,122,33.8867528658517,30.896440571634447,2.2032997902736193
1660857508.702955,LIDAR_ONLY,-18.142512438034014,29.02872351234567,5.844931377490603,0.012933643235764167,-0.14452275417509006,0.98921534698068,0.01997227318532757,,,,116,33.89936503618566,30.99798898467336,2.205042507081509
1660857508.8038049,LIDAR_ONLY,-18.26170920678596,29.023495093607405,5.818995568186449,0.01055500022788369,-0.15453780343036178,0.9876755862765478,0.022440934793048678,,,,112,33.936860311645745,31.118584412853902,2.25792993336199
1660857508.9043949,LIDAR_ONLY,-18.3983965897985,29.01913034496213,5.818996920193024,0.012843862185046705,-0.16823055129049824,0.9854688469674913,0.019612966966526372,,,,114,33.95941571874934,31.26991101671762,2.3004955994305925
1660857509.0150926,LIDAR_ONLY,-18.55701543067697,29.020518268640178,5.812469012713472,0.008779719241003864,-0.17390322541983652,0.9844858113197702,0.021639594004525253,,,,114,33.935385626043676,31.415650940399612,2.318974950732344
1660857509.1067977,LIDAR_ONLY,-18.69002378432508,29.036210273203196,5.778487121574131,0.008397374162849136,-0.17475590645199957,0.9843820433369674,0.01954098316477201,,,,116,33.960439387740465,31.542373569164234,2.3843316045283043
1660857509.2082691,LIDAR_ONLY,-18.825657197433767,29.037967629867364,5.765082633953079,0.014942344201387042,-0.17064853919830872,0.9849665129846841,0.022288353865703874,,,,118,33.96537149060552,31.693162958952595,2.409703885681159
1660857509.3088648,LIDAR_ONLY,-18.99678723912986,29.029778837262704,5.7736734363771065,0.011989386342459767,-0.17160400468501708,0.9848890607441543,0.020046401614595505,,,,118,33.958388503542864,31.857983017869692,2.424594165023444
1660857509.409457,LIDAR_ONLY,-19.103048114190873,29.020187212276365,5.737159509685348,0.008615638731489251,-0.16290136428919483,0.9860771996468445,0.03225945781635072,,,,110,33.954825187670714,31.985831834843612,2.4478534749644787
1660857509.5201623,LIDAR_ONLY,-19.238684093150738,29.036367875958074,5.749348894739457,0.01438485650291743,-0.15533125075229745,0.9864485178351166,0.05083896246009793,,,,123,33.958880025355,32.15067052974524,2.5122091430209785
1660857509.6107116,LIDAR_ONLY,-19.39416458793441,29.05392349161741,5.759897268067418,0.008692879363870903,-0.15780036639972708,0.9855453925392326,0.061022597922137906,,,,108,33.91579596277056,32.238020525843105,2.5124374117189854
1660857509.7213383,LIDAR_ONLY,-19.52372513411838,29.071197271931727,5.72579222692679,0.008812246508124996,-0.1627621924622197,0.9845579830487438,0.06384662114286947,,,,119,33.96731264225991,32.313902247384675,2.5223963086448244
1660857509.8119533,LIDAR_ONLY,-19.676688560921228,29.0744927139993,5.74106944952725,0.015891560424691892,-0.16745752304268913,0.9836176012717707,0.06482168427342347,,,,123,33.96731264225991,32.313902247384675,2.5223963086448244
1660857509.9126165,LIDAR_ONLY,-19.83775373088224,29.0820015102789,5.720025426157853,0.009934453304661774,-0.17405880428331497,0.9828541845220733,0.06002075688002095,,,,117,34.00581720792311,32.47050250750374,2.554377748003978
1660857510.0132189,LIDAR_ONLY,-19.955244607347343,29.088349499869715,5.684790209202751,0.00959020816851265,-0.17481463066780636,0.9826725936684445,0.060847731795813535,,,,110,34.00185739087423,32.63094343986562,2.5730995681680406
1660857510.1164799,LIDAR_ONLY,-20.09644319759093,29.101005537082692,5.692139181561493,0.011798987343032209,-0.17656291785559247,0.9823456119917138,0.0606911734655355,,,,128,34.02452817924901,32.96275258309326,2.6570901657536328
1660857510.2178526,LIDAR_ONLY,-20.254460747532683,29.115368249324057,5.694433226372122,0.00994826268748445,-0.17593676815556958,0.9823461607764155,0.06279574896687803,,,,114,34.012920509919915,33.10395575811347,2.670872211065967
1660857510.3184094,LIDAR_ONLY,-20.38826410093085,29.133221765029884,5.658786661418871,0.008884742745329806,-0.17552358423080316,0.9825666849452546,0.060623777190260075,,,,112,34.031172386734625,33.22592468001521,2.7050955455257006
1660857510.420828,LIDAR_ONLY,-20.513002892328238,29.14717464923922,5.656912233889991,0.013931588139569453,-0.17148530546534124,0.9831181323696616,0.06226908275666695,,,,112,34.031172386734625,33.22592468001521,2.7050955455257006
1660857510.5214503,LIDAR_ONLY,-20.679728991876384,29.168287166586726,5.669467118687013,0.012199639980592324,-0.1716035121830316,0.9832742018022156,0.059793373052603196,,,,121,34.0523328413595,33.377224389079586,2.7348380718045475
1660857510.6227517,LIDAR_ONLY,-20.80361700607689,29.182328657442245,5.639635253703239,0.014128112181841486,-0.1744239250625982,0.9827329960830243,0.060104485869334694,,,,121,34.05824636341294,33.54247167862015,2.748509342270277
1660857510.7238655,LIDAR_ONLY,-20.944844397078885,29.192122816625925,5.652765620144312,0.01617278706782178,-0.17521991817903956,0.9825879198529102,0.059643951838562144,,,,119,34.08083759485722,33.67517733802171,2.7931006597086165
1660857510.8258185,LIDAR_ONLY,-21.10805460419657,29.20500350587738,5.659821063155297,0.012862903324567514,-0.17359529465688844,0.9826704730946684,0.06370212476010215,,,,126,34.10473597782663,33.98197384118811,2.8365511553657843
1660857510.9163363,LIDAR_ONLY,-21.23828951710285,29.220573637169053,5.640118658138729,0.011643013196435134,-0.17336314614944687,0.9828184713367173,0.062269673198367945,,,,122,34.12398636159343,34.11069513546295,2.8619660211266256
1660857511.0270278,LIDAR_ONLY,-21.355755749466706,29.239631369991333,5.6571425840978415,0.013627415183412386,-0.17256721777151593,0.9829109095152833,0.0626178318201447,,,,124,34.159367897949764,34.24699643805752,2.889071331529044
1660857511.1390524,LIDAR_ONLY,-21.52024316601953,29.26293582022163,5.6561940501353645,0.008316692546273746,-0.17323261590590955,0.983054667484894,0.05937014525543106,,,,125,34.159367897949764,34.24699643805752,2.889071331529044
1660857511.3116145,LIDAR_ONLY,-21.624216441255527,29.275093992914666,5.61953423655707,0.008615620872491733,-0.17590206670815603,0.9824816965450903,0.060942185378128254,,,,119,34.159643462750786,34.402336670041066,2.9022544238887256
1660857511.382094,LIDAR_ONLY,-21.76709119318004,29.303323127552375,5.627747098295869,0.0120788501040161,-0.18038528432221307,0.9816630581123555,0.06043915053719132,,,,118,34.159643462750786,34.402336670041066,2.9022544238887256
1660857511.4845784,LIDAR_ONLY,-21.924074269015357,29.317505063674833,5.639484428827816,0.00710845064408637,-0.1838817037013839,0.9809249058235705,0.06263639603566327,,,,114,34.188207136082625,34.50887184945555,2.9173103762182873
1660857511.565459,LIDAR_ONLY,-22.045048223234268,29.340891406666405,5.613541756660251,0.00651320623294752,-0.18346403431300612,0.9811782889085743,0.059897342450276676,,,,115,34.188207136082625,34.50887184945555,2.9173103762182873
1660857511.6564956,LIDAR_ONLY,-22.16975028467837,29.35807460306652,5.6305296288132825,0.011834527662519929,-0.18153311343821404,0.9813794709803362,0.06164419371513568,,,,117,34.20791332431799,34.770912087954635,2.9402814840447262
1660857511.7473345,LIDAR_ONLY,-22.353258175053735,29.385687165830113,5.646944490389347,0.008594301917085198,-0.18037132765587394,0.9817430540537391,0.059773722917789346,,,,126,34.20791332431799,34.770912087954635,2.9402814840447262
1660857511.8484354,LIDAR_ONLY,-22.462955221037713,29.397547091432116,5.602931405701897,0.00839278111540783,-0.18136795443193757,0.9814904977243808,0.06092314180236365,,,,108,34.236839796778796,35.062543132572316,3.008904920125832
1660857511.9508321,LIDAR_ONLY,-22.6110865980628,29.429890748100316,5.603085181264841,0.013517518117891458,-0.1830007150854861,0.9810344859316458,0.062444794778787435,,,,114,34.236839796778796,35.062543132572316,3.008904920125832
1660857512.0427885,LIDAR_ONLY,-22.766231532186655,29.443349906114495,5.628123986561148,0.010826437390283123,-0.18405015154490437,0.98071706785865,0.06482563366804941,,,,114,34.289179671629824,35.27587918812434,3.02135412148813
1660857512.1434195,LIDAR_ONLY,-22.887305277415305,29.465119896848755,5.609283788042878,0.01060232909134053,-0.18358024863189226,0.9809799054517536,0.062163558697683384,,,,115,34.3119579550326,35.60326864500693,3.0972968833240375
1660857512.2543638,LIDAR_ONLY,-23.020179239714086,29.48534865131305,5.608371539142506,0.013867295273853603,-0.18340261924421333,0.9808995641939923,0.06330262506552183,,,,122,34.3119579550326,35.60326864500693,3.0972968833240375
1660857512.3461776,LIDAR_ONLY,-23.20252115870275,29.51168033033646,5.618985550402534,0.00879262944004257,-0.18148631361357387,0.9815068768558292,0.060246645742332496,,,,122,34.331286412947016,35.7929056535676,3.1304883011700744
1660857512.4475641,LIDAR_ONLY,-23.316060656458163,29.518263073539224,5.605700889406567,0.013404440777044014,-0.18417007235468308,0.9808821597549269,0.06141574790585747,,,,113,34.331286412947016,35.7929056535676,3.1304883011700744
1660857512.5482302,LIDAR_ONLY,-23.453016031648897,29.54093618764227,5.607050289516837,0.014827046699958147,-0.18896056639244133,0.9799693458457711,0.06110764467246922,,,,120,34.35518120837224,36.05084360138422,3.1693934754427984
1660857512.6506236,LIDAR_ONLY,-23.61213689850229,29.550146429383744,5.6177270303317535,0.01277383580333728,-0.18925130653827713,0.9797975181246277,0.06338450575057439,,,,120,34.35518120837224,36.05084360138422,3.1693934754427984
1660857512.7613482,LIDAR_ONLY,-23.76437464957874,29.571685301904306,5.609927790311122,0.014046628634731467,-0.19058635661815526,0.9795113955137129,0.06353706755740278,,,,115,34.41172296967386,36.35341235763242,3.238927538278502
1660857512.8620133,LIDAR_ONLY,-23.911513927310732,29.600867821613107,5.639675907670568,0.017745343790182326,-0.18555791871231128,0.9793466907520277,0.07831615982653682,,,,116,34.41172296967386,36.35341235763242,3.238927538278502
1660857512.9626787,LIDAR_ONLY,-24.055821807917038,29.646292723584168,5.645259857044046,0.010138763549589617,-0.1749336253709667,0.9801585921850282,0.09265293494606305,,,,108,34.42197590867633,36.60837779599811,3.270358246331792
1660857513.0432138,LIDAR_ONLY,-24.14239600811462,29.658862411163316,5.625829923856086,0.011327584007750389,-0.1758886069256624,0.9788796973176941,0.10358292317518857,,,,115,34.42197590867633,36.60837779599811,3.270358246331792
1660857513.1438525,LIDAR_ONLY,-24.291543832856803,29.706735812878662,5.610676025699976,0.009392659360216795,-0.19348349389159483,0.975550772874188,0.10381042860049625,,,,116,34.47381036132274,36.90020420127737,3.325521342598533
1660857513.244903,LIDAR_ONLY,-24.43070210933028,29.728564436586037,5.628348725690479,0.004313126152514444,-0.20394879878318745,0.973197433640507,0.10617457121749133,,,,111,34.586318503909986,37.16672605960435,3.3815296771582806
1660857513.345508,LIDAR_ONLY,-24.57009843177678,29.768383588552442,5.631147785936893,0.007119604060188275,-0.20355919551317372,0.973724157914895,0.10185396140054856,,,,101,34.62280008776794,37.37666049726709,3.350303785239031
1660857513.4475346,LIDAR_ONLY,-24.692040874172697,29.793509759874492,5.6156689520272,0.009124168467972836,-0.20759832998537522,0.9728687860624783,0.10171532845334182,,,,119,34.61896498476334,37.47941815721599,3.352844437444111
1660857513.538072,LIDAR_ONLY,-24.857551653086016,29.81975487840996,5.646246312546895,0.0044519813633193865,-0.20972850447313018,0.9728357132269564,0.09790203952729483,,,,116,34.61896498476334,37.47941815721599,3.352844437444111
1660857513.6603544,LIDAR_ONLY,-24.960888450820857,29.839961310921193,5.641999997859073,0.007300058620060956,-0.21011782611154223,0.9727309180427891,0.09793757898751648,,,,122,34.66359217231688,37.63563354135893,3.3914056830807064
1660857513.7508945,LIDAR_ONLY,-25.12247128361585,29.872700236140403,5.641370517708834,0.008221554001705808,-0.20822743729978913,0.9729669441568081,0.0995442915667304,,,,122,34.65956900672804,37.77715660954952,3.394762469996493
1660857513.8515968,LIDAR_ONLY,-25.28238035484053,29.89606252398184,5.6425935564320255,0.004531189464344359,-0.208264361580643,0.972791226685049,0.10140341859150133,,,,116,34.720582789829514,38.027532411529215,3.4371104906905323
1660857513.9522543,LIDAR_ONLY,-25.423069162063538,29.905409202684304,5.656709266666986,0.00878440627001059,-0.20606588495372616,0.9732863711937982,0.10086290157004771,,,,113,34.75305194000325,38.187445458328135,3.4441411848422323
1660857514.0545008,LIDAR_ONLY,-25.538709975080067,29.931338681098698,5.657430925692803,0.00999109600169169,-0.20581939806948094,0.9732475003532537,0.1016260617909846,,,,113,34.75305194000325,38.187445458328135,3.4441411848422323
1660857514.155337,LIDAR_ONLY,-25.71633006241329,29.959779516355376,5.67645310277725,0.009312596463102334,-0.20644182833745772,0.9732816322506933,0.10008951684981478,,,,111,34.763827824800906,38.328570207930014,3.4624055748698903
1660857514.2559302,LIDAR_ONLY,-25.827278555051905,29.980083520001788,5.686844296806061,0.01055901362512768,-0.20361232754896816,0.9737113887770654,0.1015709538558865,,,,111,34.793015318087726,38.46044792151274,3.491964775938315
1660857514.346539,LIDAR_ONLY,-25.976923375106686,30.015568032876924,5.683707361187078,0.011166686523351167,-0.2068483564027185,0.9729386008015544,0.1023696323911392,,,,111,34.85097190215921,38.75855476461724,3.5318256874159335
1660857514.4474916,LIDAR_ONLY,-26.1167547079883,30.031478872161454,5.708208907416662,0.006816147005047729,-0.20860138247544782,0.9719747647405594,0.10818530434801163,,,,109,34.85097190215921,38.75855476461724,3.5318256874159335
1660857514.5581672,LIDAR_ONLY,-26.26638201804813,30.07026704880597,5.72117750176386,0.010744843357857779,-0.21153559729705101,0.9711998417264875,0.10912427249627205,,,,113,34.86948175676715,38.84758274393671,3.530830829049155
1660857514.658886,LIDAR_ONLY,-26.391303715648352,30.106043639013528,5.707355843806588,0.0161207694989809,-0.20476491008713424,0.9705434514933295,0.12592402928426238,,,,88,34.90480565791438,39.01588220084537,3.523253998697478
1660857514.7493973,LIDAR_ONLY,-26.557102914714953,30.164545236464576,5.74291644620206,0.012610099640909912,-0.2002669069565742,0.9691781943362997,0.1429257813976288,,,,107,34.96841403030584,39.28608558612192,3.5870153159022897
1660857514.8600893,LIDAR_ONLY,-26.632940804740077,30.225569908573213,5.707847613849969,0.012396529635459792,-0.20341598182383888,0.9653989698839267,0.16270554181924496,,,,108,35.01900337160982,39.40873362096901,3.592626384416483
1660857514.98315,LIDAR_ONLY,-26.76213985159454,30.337980290530812,5.732534433433529,0.01700246323572809,-0.1738372320992099,0.9675930321033719,0.18236024019781935,,,,103,35.10003134617091,39.54227333155038,3.575074016749137
1660857515.0650797,LIDAR_ONLY,-26.919227042464257,30.439325094645362,5.722973860624573,0.004875056231371755,-0.18326748690926367,0.9601610216274383,0.21090299812012575,,,,107,35.10003134617091,39.54227333155038,3.575074016749137
1660857515.1556537,LIDAR_ONLY,-26.982510028082807,30.473685248937997,5.763653491203764,0.008245100471524432,-0.17479371236978852,0.9528707906753392,0.24782339016314897,,,,112,35.10359084727026,39.59848375672254,3.5568202431332914
1660857515.266341,LIDAR_ONLY,-27.057488062038672,30.556589645119466,5.758527803738878,0.004275943874510065,-0.19353019612196345,0.9460075680023792,0.2599951168295294,,,,108,35.27522446606103,39.937269968558084,3.4695536117152512
1660857515.3568962,LIDAR_ONLY,-27.170154838019698,30.680768723077744,5.808368676059885,-0.005375288912261414,-0.2039438090722087,0.9398427283023444,0.2739957573894785,,,,101,35.42253133279942,40.01025062176538,3.512630097495024
1660857515.4575117,LIDAR_ONLY,-27.259913924256313,30.694349580996626,5.81720761690256,-0.007662370403659935,-0.21755415846969764,0.934560548357315,0.28143926106073697,,,,116,35.42253133279942,40.01025062176538,3.512630097495024
1660857515.5581267,LIDAR_ONLY,-27.397160249415585,30.77527966674491,5.808651788736039,-0.015516936746875041,-0.22492943102106983,0.9336584550072354,0.27829456539435604,,,,110,35.479288065104285,40.04219313286434,3.443137789153685
1660857515.6597924,LIDAR_ONLY,-27.524300962161895,30.828739723089864,5.855459330418494,-0.02004428246319254,-0.23033963781815767,0.9326932164630559,0.27681264774958364,,,,107,35.584658755280834,40.11671424269749,3.3635028381875864
1660857515.7603986,LIDAR_ONLY,-27.631864009801937,30.887636233958137,5.87619330916404,-0.017947039630837904,-0.22974171319653466,0.9324835597892128,0.27815653813787705,,,,107,35.62533617068695,40.361648524994145,3.426147111562966
1660857515.861012,LIDAR_ONLY,-27.774284372600203,30.948210613301594,5.88705432010696,-0.019281862313458242,-0.2302430507369976,0.9331438459778264,0.27542496271535755,,,,116,35.664908804704574,40.48955485454832,3.428005720415492
1660857516.001888,LIDAR_ONLY,-27.906687654929602,31.021684708491758,5.931567077896108,-0.018165949791949014,-0.22510506656085874,0.9339849984273008,0.27689299375307913,,,,121,35.72805815002202,40.590364160955005,3.4334546312418643
1660857516.1024568,LIDAR_ONLY,-28.005562077834394,31.084099167396264,5.934519781267428,-0.014844218791250367,-0.22651582248304256,0.9339052226556445,0.2762087370627862,,,,115,35.75813139201157,40.748764306085604,3.4172703257148163
1660857516.1929483,LIDAR_ONLY,-28.14265719014522,31.164432474484723,5.91617847520162,-0.01736468220424047,-0.22898778185398866,0.9325334683728931,0.2786474366254934,,,,110,35.75813139201157,40.748764306085604,3.4172703257148163
1660857516.263335,LIDAR_ONLY,-28.248033771566664,31.219075176066266,5.96407357392415,-0.015155925862991004,-0.22759480981086935,0.9333075097071,0.2773229034586242,,,,116,35.909120169281124,40.93091075358061,3.3899454911985267
1660857516.395391,LIDAR_ONLY,-28.37620546465239,31.292019509442422,5.980954891396496,-0.005591958528579094,-0.22807259591448636,0.9328369248701832,0.2788671593992067,,,,108,35.969305187703426,41.0975741862389,3.369144960084753
1660857516.4758337,LIDAR_ONLY,-28.511792143003568,31.366991177406586,5.9560937523279085,-0.011063560395184911,-0.2342038514291542,0.9322221952805692,0.2756590869777545,,,,127,36.053178629019904,41.189641159452094,3.372124094817704
1660857516.5663314,LIDAR_ONLY,-28.63473277717534,31.434645937772462,5.997044607468904,-0.011005136877451516,-0.22453196577071646,0.9339312751815356,0.2779148368605699,,,,114,36.088588331373,41.235553176483535,3.365568304546443
1660857516.6871011,LIDAR_ONLY,-28.736101869248657,31.52333866235276,5.981084082382865,-0.014498027227321313,-0.22606758619825645,0.9340775328378441,0.27601162353164777,,,,117,36.143442711784616,41.45644449690195,3.346462923972607
1660857516.7779293,LIDAR_ONLY,-28.880024791771557,31.602870811842376,5.984921886357,-0.0264742878020855,-0.23063290121955635,0.9319640585214658,0.2784790307808122,,,,107,36.238179532975586,41.574608860279724,3.3083911368976255
1660857516.8688924,LIDAR_ONLY,-28.98729021073054,31.699536367342137,6.074632117483587,-0.024696882526310183,-0.225289416711419,0.9338740492004615,0.2766116464309562,,,,103,36.29219533560101,41.66979165800664,3.273260668524185
1660857516.9693935,LIDAR_ONLY,-29.148166833261296,31.751834399909445,6.024595497497418,-0.02362312939382329,-0.22745668941808275,0.9330755338171829,0.2776246573854489,,,,121,36.35961589382743,41.821587885043556,3.222068529979642
1660857517.0699754,LIDAR_ONLY,-29.282351435256384,31.854398923826043,6.047951822400528,-0.028109355730019128,-0.221655457668243,0.9352495801039872,0.27456683179444835,,,,118,36.468775050365934,41.88974764917239,3.2071347558010044
1660857517.1709433,LIDAR_ONLY,-29.40235186244632,31.944547772210047,6.113481995304808,-0.030609912648369337,-0.22060154324894035,0.9351552023861838,0.27546821924479886,,,,118,36.5061631286763,42.04488426448385,3.184458437449728
1660857517.2729502,LIDAR_ONLY,-29.53377446674009,31.99473077342891,6.189162520409197,-0.02605830075351188,-0.2235116353183855,0.9345411492457391,0.2756743626193665,,,,120,36.605676494242246,42.18716525569184,3.144185575710471
1660857517.373506,LIDAR_ONLY,-29.572011253156923,32.09142305575567,6.137518883545254,-0.02128256726193314,-0.23579190733030164,0.9325554464765544,0.27256112711682484,,,,115,36.6914146479551,42.320258950598834,3.130646317963313
1660857517.4849858,LIDAR_ONLY,-29.708114923708628,32.19579888655796,6.163582246140579,-0.022243277585458417,-0.24134006959864757,0.9313089907084251,0.27188926281490217,,,,117,36.74250945042515,42.423042762693946,3.149145892294495
1660857517.575796,LIDAR_ONLY,-29.805525086070524,32.27630543180052,6.20372322217439,-0.01614549814900695,-0.24399904636638473,0.9308389515556195,0.27155595100945684,,,,118,36.77806644099031,42.45949535626499,3.0846478198970217
1660857517.6766853,LIDAR_ONLY,-29.954615285884095,32.33377033949519,6.172441143763972,-0.016390086408037192,-0.24464964852580726,0.9312399067144338,0.2695740170829319,,,,118,36.77806644099031,42.45949535626499,3.0846478198970217
1660857517.777277,LIDAR_ONLY,-30.067103561094196,32.4275336367704,6.223858650122615,-0.01925214167178862,-0.24263726382252526,0.9318458720563634,0.26910924171660006,,,,110,36.87684236226338,42.62397387123957,3.084405175023224
1660857517.908223,LIDAR_ONLY,-30.17917626567878,32.495699049995295,6.24746385275913,-0.019716410058779957,-0.24096932618207798,0.9320526040274751,0.26985735183491333,,,,119,36.96790769878882,42.84213163015062,3.060270826414806
1660857518.029562,LIDAR_ONLY,-30.310190108886268,32.5741759148836,6.230728757036888,-0.022270637161666308,-0.24469406103442146,0.9313934955419066,0.26857958164597096,,,,115,37.114462261636156,43.064147068889994,3.0203958547738905
1660857518.111594,LIDAR_ONLY,-30.429698957467043,32.66231613305831,6.22626515807902,-0.03051332026987954,-0.25033365012847075,0.9300142725362718,0.26734893637022983,,,,122,37.18601898267742,43.22236856348277,2.9963073672321587
1660857518.202148,LIDAR_ONLY,-30.550121608256095,32.73279321179827,6.262255074745211,-0.025706916585668496,-0.24877123467004175,0.9301997219389383,0.2686642971165362,,,,117,37.18601898267742,43.22236856348277,2.9963073672321587
1660857518.3239493,LIDAR_ONLY,-30.724966737326852,32.78124109192955,6.277764170487125,-0.019205442457123478,-0.24685976286381653,0.9300554475599427,0.2714558397288977,,,,115,37.243346244344345,43.396525506496694,2.97081442583432
1660857518.4045045,LIDAR_ONLY,-30.844580378541835,32.8571169015346,6.2557996829829206,-0.022371797500294683,-0.24482153092395934,0.9313098551724147,0.26874499870953983,,,,117,37.32677466228835,43.46006929716046,2.9801211494479514
1660857518.4849715,LIDAR_ONLY,-30.983497804973084,32.91077088751624,6.308023686028942,-0.020453409782392802,-0.2419828613400241,0.9317669832945876,0.2698819032244881,,,,117,37.36715460823987,43.61631662757042,2.9853282328769333
1660857518.617148,LIDAR_ONLY,-31.083144133503147,32.97249073129614,6.2790150535439935,-0.017581453595481147,-0.2439066468543812,0.9311204099535749,0.27058311528550494,,,,115,37.43941375587971,43.74917731978987,2.9697375466093456
1660857518.6976233,LIDAR_ONLY,-31.23378678708206,33.04197373634646,6.287568087054473,-0.020035023322315663,-0.2405644415876723,0.9304969371646942,0.2755046228490711,,,,107,37.52097337440174,43.88895601997447,2.949803159526497
1660857518.7892306,LIDAR_ONLY,-31.327033282737453,33.10341659677947,6.30483319468947,-0.018657768488580282,-0.2399368118644609,0.9313016329328065,0.2734218032345497,,,,107,37.51495489842195,43.94567065075178,2.9399772191638487
1660857518.899879,LIDAR_ONLY,-31.435305539568297,33.17817691209751,6.3213929142441945,-0.016765284710298298,-0.2398123852329068,0.931431407237211,0.2732114176413486,,,,124,37.618952993838136,44.12224536119821,2.9046040674793274
1660857518.9904037,LIDAR_ONLY,-31.57502481676589,33.272116637661284,6.32877970489793,-0.017132897635147352,-0.24009711914236437,0.9319106413880509,0.27129761087387505,,,,119,37.65185033809886,44.20184147945373,2.9063450693209587
1660857519.0909808,LIDAR_ONLY,-31.68587000843383,33.3643300700575,6.371841651093548,-0.01850823304272975,-0.24150853428759572,0.9314400011542807,0.2715706122274769,,,,119,37.728560050666985,44.29040280700844,2.8858529776319424
1660857519.1927826,LIDAR_ONLY,-31.809554842615768,33.425992812538304,6.388214305694804,-0.017245373560099607,-0.2484304462221136,0.9301454133487153,0.2698414729188265,,,,105,37.7975925093515,44.43774410176371,2.8639175865888444
1660857519.2941368,LIDAR_ONLY,-31.956548645485555,33.52898476127241,6.387819801326821,-0.0231758064369987,-0.24531633768228883,0.930329669029769,0.27160538173074683,,,,107,37.89654870287195,44.556902711353786,2.8386551786034127
1660857519.3949955,LIDAR_ONLY,-32.05437005473879,33.58139718165884,6.419721488371933,-0.02257163923096947,-0.2444941689332847,0.9308770202388026,0.2705200466719189,,,,107,37.92192911567291,44.68098281261532,2.8485919361351746
1660857519.4855013,LIDAR_ONLY,-32.194158737495016,33.664077651684416,6.458732732759551,-0.020844590514771704,-0.24543860610604146,0.9311000414942601,0.26903179441913955,,,,115,38.040043866215036,44.864474610113206,2.8019141585433824
1660857519.5961673,LIDAR_ONLY,-32.329855087911476,33.73584736889451,6.451278310922486,-0.022435480991014025,-0.2464341608038981,0.9313121093489597,0.2672538279643002,,,,118,38.17329652845055,45.084292959367154,2.7749117763959688
1660857519.7269351,LIDAR_ONLY,-32.45592673709716,33.81246894254874,6.490674769964017,-0.01883717748516058,-0.24680279608936,0.9311431279841661,0.26777978974285827,,,,112,38.19293848186317,45.207937232170536,2.764813486778398
1660857519.8073819,LIDAR_ONLY,-32.580722465428124,33.8507925572267,6.513606450630955,-0.01773745167257919,-0.25179596723367087,0.9299407053411882,0.26738447644273683,,,,117,38.31035405775118,45.32779923000984,2.7366181587560727
1660857519.9091008,LIDAR_ONLY,-32.72431421681474,33.95741198472867,6.485902646882951,-0.02446970830028694,-0.25208208769401846,0.9295974486331211,0.2677768435363966,,,,111,38.31035405775118,45.32779923000984,2.7366181587560727
1660857520.030533,LIDAR_ONLY,-32.82050230513644,33.98811715354884,6.535815874225308,-0.02082310964378712,-0.2511317172741504,0.9314646265145414,0.26243648419346133,,,,117,38.314053374982564,45.45454251224889,2.758788381930347
1660857520.1112783,LIDAR_ONLY,-32.90225261584533,34.00567639261825,6.572995584935815,-0.022170856081159283,-0.2439833616068908,0.9322640403496271,0.2662035527009711,,,,121,38.42361905509248,45.63619505006595,2.7145812698194662
1660857520.201953,LIDAR_ONLY,-33.00150242559703,34.0328787063513,6.574920045027113,-0.02698540299291014,-0.24548713600464156,0.9341883545108879,0.2574878101537795,,,,130,38.497273049569614,45.73475415006887,2.7078400144144275
1660857520.3125763,LIDAR_ONLY,-33.0412043029736,34.07167829078683,6.591362464673446,-0.02492809592338545,-0.24273398813188907,0.9403609651498319,0.23702332429889483,,,,119,38.51125654629542,45.797960108401384,2.722776833128706
1660857520.4030945,LIDAR_ONLY,-33.08128467464173,34.10414476335212,6.630227582314328,-0.021788553336891166,-0.23580821974712327,0.948881652933168,0.2086704367417602,,,,130,38.63268915934408,45.939107054899544,2.6971574564114595
1660857520.5039005,LIDAR_ONLY,-33.109205082434286,34.151087800401086,6.63174200126606,-0.02110846158264241,-0.22877112724938597,0.9577176034225785,0.17319121305993557,,,,124,38.61833972338071,45.93941593993843,2.703250250994822
1660857520.6048708,LIDAR_ONLY,-33.12278205939953,34.15047664183405,6.6372582355665815,-0.017535051756308977,-0.22198691212460345,0.9668172011303158,0.12521514446675266,,,,113,38.68024256831269,46.041867659220856,2.714470983221206
1660857520.705448,LIDAR_ONLY,-33.097645364440844,34.119834559626746,6.653862385111438,-0.010692870533537919,-0.218106810681795,0.9729155606453666,0.07583134911157008,,,,112,38.738812639405985,46.0768043020379,2.724756225142976
1660857520.8060243,LIDAR_ONLY,-33.08500097890502,34.10572498723271,6.699848394979251,-0.007040662074685919,-0.21033605651722753,0.9771801566126133,0.028776968722928207,,,,117,38.77888765561892,46.128138017773544,2.8145893469076038
1660857520.9065628,LIDAR_ONLY,-33.07877295384534,34.09745803516824,6.710454808592996,-0.003661254842229565,-0.19894982654983193,0.979753536722772,-0.022103597173128965,,,,112,38.76629664314758,46.15569655107478,2.905908513786184
1660857521.0081172,LIDAR_ONLY,-33.050196270770485,34.06456320962801,6.74104035970727,0.0013247258605350969,-0.19374346497897446,0.9784318161980904,-0.07164423166341827,,,,114,38.81015098474205,46.16910607101934,3.0860639354433883
1660857521.0986185,LIDAR_ONLY,-33.029269014711524,34.02300805285528,6.753887967353742,0.004215003627230117,-0.18436733647639122,0.9762665272232758,-0.11355433416839984,,,,114,38.82599122108516,46.204789571123506,3.142442596463455
1660857521.2092097,LIDAR_ONLY,-33.00398231025367,33.95986304828175,6.763743743034908,0.0070260803386961316,-0.18021924250123042,0.9722525637061619,-0.14898527173567425,,,,109,38.8373714595841,46.213045309005835,3.254238685178499
1660857521.3100717,LIDAR_ONLY,-32.99059441653173,33.940266377628205,6.775272664009866,0.00772159885652576,-0.17610963949659267,0.9682648554509816,-0.17716924531636094,,,,116,38.7996444590395,46.21986514131283,3.3456298394123034
1660857521.4014397,LIDAR_ONLY,-32.979318141287564,33.92900833006128,6.770409271040488,0.009335893831216802,-0.17171494512005675,0.9642590292009298,-0.20157217891680587,,,,124,38.75679544750291,46.2271293138806,3.44200564016867
1660857521.5120761,LIDAR_ONLY,-32.96341900668916,33.921987131175854,6.805236226784333,0.010709518820840527,-0.16570610721286927,0.959977522336896,-0.22554367392347152,,,,129,38.763450546903506,46.227907327667296,3.5241645667454806
1660857521.6126165,LIDAR_ONLY,-32.954580307519315,33.927841895117275,6.826962320731102,0.012576198384711308,-0.15778614473952415,0.9552720859898024,-0.24980114789791913,,,,127,38.76037787024152,46.1860913779834,3.526497126501409
1660857521.7131946,LIDAR_ONLY,-32.937090389657726,33.909331571068286,6.841766677787786,0.01638154082679298,-0.15131570012601225,0.9492889404975191,-0.2751103623359402,,,,126,38.76037787024152,46.1860913779834,3.526497126501409
1660857521.8142114,LIDAR_ONLY,-32.93757467345237,33.91352325052731,6.8509000384004315,0.01717575486278908,-0.14736256184885563,0.942345552426605,-0.2999568779542026,,,,128,38.770952838053724,46.17851447023136,3.5161141512410556
1660857521.914902,LIDAR_ONLY,-32.920375079894136,33.87128026173052,6.878835915715243,0.01990218359354745,-0.14414354570955074,0.9349167144038347,-0.3236622907396318,,,,125,38.739400764839786,46.19667302218215,3.5288979204435296
1660857522.0154805,LIDAR_ONLY,-32.90121051368822,33.836957763251846,6.882945414130867,0.021522988709318524,-0.14283186072543194,0.9296911722721564,-0.3388364571853995,,,,123,38.711464257608476,46.20821155143455,3.5811865953545174
1660857522.1161706,LIDAR_ONLY,-32.89995477240889,33.820098871125886,6.888563782866458,0.021584729431978103,-0.14202000104723367,0.9270360115323125,-0.34636491173349865,,,,135,38.66858520986577,46.19320004495251,3.662483401196405
1660857522.2167804,LIDAR_ONLY,-32.89285371662383,33.79806282502055,6.9093056988891135,0.022006817227917173,-0.13962755199780785,0.9269238402226279,-0.34760903490204764,,,,131,38.595169661520245,46.16824571349654,3.6672513295923017
1660857522.3183296,LIDAR_ONLY,-32.89643885435316,33.804684572407474,6.920185649964401,0.020840280020132638,-0.1381059840512979,0.927484337798365,-0.3467927667017201,,,,138,38.550618384030784,46.15681999787216,3.671531068390947
1660857522.418949,LIDAR_ONLY,-32.88955444555734,33.80592789666951,6.927017419135938,0.02051929021764441,-0.13829009311604237,0.9274570054493504,-0.3468116375178954,,,,144,38.53112384692538,46.11937159408955,3.663092933114573
1660857522.519505,LIDAR_ONLY,-32.88485426124631,33.821664052161644,6.94121626632974,0.020422409181693604,-0.13759887020952724,0.9272544167614916,-0.34763302880564073,,,,144,38.54621671353261,46.13001596311542,3.6617215623062176
1660857522.6200619,LIDAR_ONLY,-32.863509820392174,33.79516275551738,6.967857974020119,0.020361050325521157,-0.1373235745000534,0.9276242512028244,-0.3467577138241762,,,,139,38.55314547406898,46.12408739596761,3.653328048929798
1660857522.7206397,LIDAR_ONLY,-32.8802746351611,33.80823857981445,6.990694525984636,0.020142400536721804,-0.13716263550594623,0.9274359225415673,-0.34733745076100464,,,,148,38.576711892747525,46.124567120988225,3.640650443635812
1660857522.834085,LIDAR_ONLY,-32.88804547594103,33.81060302711113,7.007428333286182,0.0193871427096436,-0.13636811639045154,0.9272397084816845,-0.34821602281411046,,,,145,38.5802197794768,46.11102531815042,3.629209728245985
1660857522.9145582,LIDAR_ONLY,-32.889347661366905,33.81679535069132,7.019366818102432,0.019329112546505073,-0.13581081007747345,0.9278136372989645,-0.34690584272440633,,,,141,38.5802197794768,46.11102531815042,3.629209728245985
1660857523.025378,LIDAR_ONLY,-32.87058011803192,33.81638236416955,7.023529478437944,0.019398483296053832,-0.13725912990967645,0.9284633971427158,-0.3445857662011872,,,,141,38.57079290201214,46.114954553514586,3.6354718702149706
1660857523.1259613,LIDAR_ONLY,-32.86794920803567,33.82621718994859,7.039535133095721,0.01899039785319791,-0.13672390642812401,0.9284356447645975,-0.344895914343671,,,,144,38.580726894586455,46.11522872885339,3.6295863459593476
1660857523.227888,LIDAR_ONLY,-32.86404963948002,33.81243980204212,7.04182892047853,0.018586547604174903,-0.1376709301344381,0.9281241682936354,-0.3453791879562577,,,,143,38.58276323741357,46.096484600725944,3.621650846876752
1660857523.3284404,LIDAR_ONLY,-32.85930270311848,33.80254370729264,7.050356433471817,0.01795532486817873,-0.13731538919646566,0.9280475693509094,-0.34575974204723503,,,,150,38.6050418174388,46.102055686312085,3.6109004801467472
1660857523.42939,LIDAR_ONLY,-32.85319300227367,33.79065166970269,7.059891360133034,0.01744003129964593,-0.13696519992306566,0.9281622484146078,-0.3456171580466484,,,,145,38.596848688318396,46.099240894718,3.6156794764956666
1660857523.5198677,LIDAR_ONLY,-32.84409022373793,33.77747703907496,7.069103599105851,0.016444867925120513,-0.1364315820214788,0.9281686026454088,-0.3458598485070378,,,,147,38.58912254418823,46.09243936006145,3.6178387546943087
1660857523.6304924,LIDAR_ONLY,-32.83525002169088,33.75841284430671,7.083115395837344,0.01578348828180174,-0.1360366728463384,0.9282073889518112,-0.34594211688347176,,,,150,38.58651222315093,46.08868046178255,3.619100657010415
1660857523.731075,LIDAR_ONLY,-32.82164044352775,33.742894765918855,7.102599827807024,0.014865233770706388,-0.13483313923760135,0.9283585017627025,-0.3460484671157876,,,,147,38.58173889463945,46.08233123479476,3.617593593560743
1660857523.8316689,LIDAR_ONLY,-32.81428810997081,33.72718296241019,7.107159833216228,0.014612401157567281,-0.13485656423332512,0.9285185570383622,-0.3456204190307502,,,,147,38.572653168760034,46.076540109932544,3.621053663462666
1660857523.93221,LIDAR_ONLY,-32.80940512799439,33.718379190493565,7.113429441800763,0.014672092427606497,-0.1352823152546294,0.9285865231282368,-0.34526872714996326,,,,144,38.564152455687115,46.067244253378774,3.622384284221639
1660857524.0428395,LIDAR_ONLY,-32.81173801714551,33.72481398977122,7.126810855931968,0.014237624592378841,-0.13556279198382207,0.9287299012941993,-0.3447909365363081,,,,149,38.556238913811235,46.0631613968599,3.6231414931955976
1660857524.143641,LIDAR_ONLY,-32.82783216487116,33.72584324259332,7.133390984075867,0.01378751245910919,-0.13591734969518426,0.9286616765375716,-0.3448534023066233,,,,149,38.55418833497195,46.061461833905554,3.625070431682969
1660857524.2341573,LIDAR_ONLY,-32.8370466449273,33.736611353144504,7.130672328582695,0.013551785201243118,-0.13605823979476636,0.9287156784202849,-0.344661708285326,,,,149,38.55838096597281,46.062907005713804,3.6214066495509054
1660857524.324689,LIDAR_ONLY,-32.84502037037127,33.74143151411092,7.134976714479792,0.013364035774901627,-0.13639728055875314,0.9287879720129225,-0.34434007528620103,,,,150,38.56847826624014,46.07436353664739,3.620664705751331
1660857524.435407,LIDAR_ONLY,-32.8514687024096,33.74689914020841,7.1206500389136185,0.013512882743809216,-0.13681726190335464,0.9288384842037231,-0.34403126181693305,,,,147,38.56877015223909,46.07988205416329,3.6227364013597
1660857524.546075,LIDAR_ONLY,-32.85155488028807,33.7454046284819,7.13002598532242,0.012776353153621588,-0.13698599311933465,0.928782968343193,-0.34414212210191725,,,,149,38.56984503779148,46.08325042227328,3.6223195788389524
1660857524.636554,LIDAR_ONLY,-32.85821122509944,33.74704008113221,7.13500783160098,0.01236790649319372,-0.1368235691321591,0.9288106624188112,-0.3441469151336999,,,,148,38.57448126371421,46.08855539776187,3.6219280677321364
1660857524.7472124,LIDAR_ONLY,-32.863388206024894,33.74769915266957,7.139779436643536,0.012288774961413642,-0.13686676784129123,0.9289772113909436,-0.34368272372485065,,,,149,38.57424366527703,46.09111400701912,3.6236526681059416
1660857524.8379838,LIDAR_ONLY,-32.86413796746838,33.74427904002808,7.142444850843905,0.012185267148605778,-0.13670151168539646,0.9290049413322108,-0.34367722494774094,,,,146,38.57769592464026,46.09155682917907,3.622550787515991
1660857524.9285607,LIDAR_ONLY,-32.86501511999959,33.7393611931969,7.149599915127544,0.012096100897413814,-0.13655668898007867,0.9290241260335941,-0.3436860897467258,,,,149,38.573219523012426,46.09224386926232,3.6238522318651327
1660857525.050449,LIDAR_ONLY,-32.86479853028653,33.732330032957385,7.1550737325322915,0.011985949263278771,-0.13618941122893313,0.9291121431065716,-0.34359773983728165,,,,148,38.57882303935306,46.09390194861449,3.621400993503433
1660857525.1322646,LIDAR_ONLY,-32.86386049251751,33.72502064604368,7.160948078009377,0.012019725516018128,-0.13608542934831136,0.9291590777327935,-0.3435108300830561,,,,150,38.57561037469418,46.092055303401516,3.6238511693032245
1660857525.2434018,LIDAR_ONLY,-32.86671191454421,33.7284261050954,7.165898224118307,0.01192313840502636,-0.13594947650164652,0.9292516621055913,-0.3433175309877127,,,,150,38.57628810034918,46.09339508346154,3.6242698786588488
1660857525.3445761,LIDAR_ONLY,-32.87117305579503,33.72835829921916,7.172361613849242,0.011747517150566326,-0.13554247032293523,0.9293820878854533,-0.3431314169487095,,,,150,38.57317339579039,46.090325985276316,3.624871081591668
1660857525.4453428,LIDAR_ONLY,-32.871247154736565,33.72636933974706,7.182460595939192,0.011729879590113259,-0.1344632337228916,0.9296759072517156,-0.34276049389812163,,,,150,38.57147262415236,46.09108760215822,3.6260805805306715
1660857525.5358698,LIDAR_ONLY,-32.876546747782974,33.72473374947628,7.189318467134091,0.011998139135718002,-0.13420213732333294,0.9295389499943805,-0.34322466612770386,,,,149,38.57321726532997,46.093554740035195,3.6256520484554
1660857525.6364439,LIDAR_ONLY,-32.88113692013182,33.723807807092385,7.1938794946000595,0.01185948377608139,-0.1344472664534255,0.929500290577757,-0.3432382481653698,,,,146,38.57688373924836,46.09390327778275,3.6233661679167386
1660857525.7384913,LIDAR_ONLY,-32.88402226326353,33.71856210149879,7.205940087617955,0.012045961499924141,-0.13453243182521668,0.9294510936254402,-0.34333159504655103,,,,150,38.574372458858655,46.09336637095333,3.624273409835188
1660857525.8390656,LIDAR_ONLY,-32.88938143457273,33.719017828753486,7.216262077196803,0.012040543585744752,-0.13413544020764476,0.9294984464235015,-0.3433589187523143,,,,150,38.57520253761787,46.09309443998821,3.623978015047483
1660857525.9512377,LIDAR_ONLY,-32.89538231199179,33.72059013296365,7.229122498472663,0.012030795767872356,-0.13384963564982463,0.9297037115704214,-0.342914776120516,,,,145,38.57374188950648,46.094404394951994,3.62553182236692
1660857526.0417895,LIDAR_ONLY,-32.89337282787873,33.72804288543582,7.232548504433782,0.0117791964819026,-0.13405113745164002,0.929697610096097,-0.34286133765673843,,,,148,38.57518977905193,46.09679925532622,3.6257346173324034
1660857526.162439,LIDAR_ONLY,-32.89380013377369,33.72880225580696,7.239232535886398,0.011791478569086692,-0.13352746775694227,0.9298847495032493,-0.3425576287704784,,,,150,38.57516297577266,46.09866096515666,3.624751447177216
1660857526.2442527,LIDAR_ONLY,-32.89799839934988,33.72961619985712,7.255139408780293,0.011915235243274909,-0.1338354417293559,0.929787089082042,-0.3426982210087304,,,,150,38.5751811931189,46.09790231412273,3.6238277423550698
1660857526.3448384,LIDAR_ONLY,-32.8970628962738,33.73070454904164,7.262006251863455,0.011807765012008633,-0.1330233400276787,0.9299446573336813,-0.34259057487012706,,,,150,38.57515806666226,46.098893318340565,3.6241343872986755
1660857526.4554613,LIDAR_ONLY,-32.897097323828575,33.72583990150254,7.264967099765993,0.012332812238513674,-0.13219834972296712,0.930148258806106,-0.34233859658645444,,,,149,38.57558214236768,46.0984633453143,3.62298050911669
1660857526.557691,LIDAR_ONLY,-32.89581548816037,33.72479724238995,7.270465230289301,0.011992061892136793,-0.1314739636652689,0.9303030898012741,-0.34220892512604223,,,,150,38.57560492054866,46.09744100940534,3.6255060958927716
1660857526.638674,LIDAR_ONLY,-32.89869565823015,33.729818502852034,7.276603789753617,0.011935348455913472,-0.13150769787013109,0.9304399792997881,-0.3418255663035523,,,,149,38.57331985326435,46.09762858501486,3.6264460453282568
1660857526.7496989,LIDAR_ONLY,-32.90200577978124,33.727585666801986,7.281455805539659,0.011772240738770867,-0.1304640312563964,0.9306176451653814,-0.3417474936311294,,,,148,38.57642028806936,46.09575613038856,3.624156593477289
1660857526.8402133,LIDAR_ONLY,-32.904402675186056,33.720857124407246,7.292788471180837,0.011980887658285254,-0.13016380251623033,0.9307087003507555,-0.3416067299349403,,,,150,38.57517763710959,46.09661143689535,3.624516596337972
1660857526.9417636,LIDAR_ONLY,-32.90999176261907,33.71883997086811,7.306942732862157,0.011980143402698299,-0.13015334164643094,0.9306255176821352,-0.34183728535836455,,,,150,38.572888985784125,46.09549209893772,3.625046075080559
1660857527.0524924,LIDAR_ONLY,-32.90695556619521,33.71478282531229,7.313713285609073,0.012198253474129214,-0.12943396961570713,0.9308117813030627,-0.34159548871306916,,,,150,38.57391268983288,46.0964844911864,3.6242873439672842
1660857527.1530643,LIDAR_ONLY,-32.907361424709876,33.710183105095204,7.310175995113563,0.012061906389413563,-0.12899921117435498,0.9309588072172538,-0.34136404789502267,,,,149,38.57767827614846,46.10004788563695,3.6245893655832337
1660857527.2542536,LIDAR_ONLY,-32.90431424697185,33.70475201459868,7.318408790599323,0.012159214728357631,-0.12823532529065348,0.9311874224947531,-0.34102468976947753,,,,150,38.57536867076474,46.09864454930721,3.6248629019855514
1660857527.3447206,LIDAR_ONLY,-32.90489000524689,33.70755702211061,7.321474078424029,0.012089827643994537,-0.128030124275788,0.9313119258379025,-0.34076417085363037,,,,150,38.57108523050387,46.0949110976632,3.624723505779188
1660857527.445288,LIDAR_ONLY,-32.909727464693745,33.70310298433163,7.324818457561038,0.01256091740194037,-0.12798948717463782,0.9313688924434094,-0.3406066656945105,,,,150,38.57573472709255,46.09403958866031,3.6224190012771658
1660857527.5560777,LIDAR_ONLY,-32.91001169066653,33.70421686196659,7.333098751177267,0.01216071156421043,-0.1279507870124787,0.9313313109100849,-0.3407384664455166,,,,150,38.573316327336386,46.09440850519674,3.6237056909821277
1660857527.6566541,LIDAR_ONLY,-32.9110086275149,33.699630071709514,7.347996256531319,0.012055211910290867,-0.12737508979352075,0.9314978096301774,-0.34050270045929476,,,,150,38.57711812582291,46.09633417909639,3.6223790206333892
1660857527.7572076,LIDAR_ONLY,-32.91439183636689,33.70168427686036,7.349580828673916,0.011954138451832947,-0.12730197993079037,0.9315510449887773,-0.3403879478769659,,,,150,38.57276860428549,46.09274133901963,3.623298433949104
1660857527.8679695,LIDAR_ONLY,-32.91387808266864,33.70285777096508,7.3508196285105925,0.011834932780809267,-0.12754899628655628,0.9315004123563169,-0.3404382024573291,,,,150,38.57510471692582,46.093495856394405,3.6223981560985328
1660857527.9686403,LIDAR_ONLY,-32.91634212682015,33.70152823941513,7.3545281627136445,0.011261727312395676,-0.12744678017573902,0.9315224816378886,-0.3404355415111171,,,,150,38.575229343112426,46.095111474495404,3.621388049431772
1660857528.0592656,LIDAR_ONLY,-32.92946687358774,33.69438512684042,7.367108677463914,0.011668870258107472,-0.12712668842511735,0.9317118609584611,-0.3400230149655812,,,,143,38.57573808490708,46.09523377605037,3.6222419007228095
1660857528.1699138,LIDAR_ONLY,-32.93709342853672,33.676717936331805,7.383543927440638,0.011218630596871745,-0.1272747809472457,0.9316300353627981,-0.3402069218465037,,,,143,38.572030438668314,46.095947044391515,3.6253284287495307
1660857528.280566,LIDAR_ONLY,-32.96787053476231,33.64062177659124,7.392174506878795,0.011784157856345222,-0.1259488420421803,0.9320377011439804,-0.33956405354232505,,,,140,38.566222267832806,46.10240810669861,3.6307437662736803
1660857528.3711524,LIDAR_ONLY,-33.01838980893767,33.61469319050566,7.400031907481525,0.012384580906178359,-0.12614862265107246,0.9321434791137497,-0.3391779496145501,,,,136,38.552619037844266,46.11046111136926,3.6430950901895405
1660857528.47312,LIDAR_ONLY,-33.09040953840927,33.57669837225681,7.414263680778333,0.011184430923253401,-0.12508444479334477,0.9322933967713715,-0.33920172834489226,,,,125,38.540317176760375,46.13181390190818,3.658475016071118
1660857528.5636475,LIDAR_ONLY,-33.1708279224598,33.509777365993,7.403330916683997,0.008381286072845393,-0.12968306188399017,0.9311047740263804,-0.3408166036000033,,,,123,38.52247323641208,46.16695416973629,3.6857679628443902
1660857528.664207,LIDAR_ONLY,-33.28520992063094,33.4367619715125,7.458520667499222,0.009492862805121996,-0.12629202331548584,0.9314583070961717,-0.34109475596112293,,,,121,38.491568712084884,46.22358064138413,3.7241412300292907
1660857528.764797,LIDAR_ONLY,-33.360544824986505,33.357267121777646,7.4141613381868945,0.011349723971321828,-0.12733200289957633,0.9313367536943111,-0.3409832782139021,,,,109,38.42857992806799,46.31051675611391,3.797122877064621
1660857528.875438,LIDAR_ONLY,-33.478418343191144,33.244337460948806,7.4220560293805695,0.007081321205756117,-0.1273911000277078,0.9319866516198838,-0.3392966898248034,,,,117,38.4262321935985,46.40193111693904,3.8400663507109587
1660857528.976023,LIDAR_ONLY,-33.580146084698,33.143374641751755,7.443196772625057,0.009754583567119638,-0.12566760509349112,0.9319246765416859,-0.3400424949652215,,,,114,38.358764750350794,46.45227350420185,3.8971447745709544
1660857529.0766342,LIDAR_ONLY,-33.66818930889181,33.019637519269544,7.434478408385902,0.007787627789872316,-0.12246610069751167,0.9325521115490629,-0.3395408168081381,,,,114,38.24441461489478,46.57889693950931,4.015818661330422
1660857529.1772091,LIDAR_ONLY,-33.795932036629964,32.92338793779528,7.405935510893386,0.005892411143470583,-0.12097813809676888,0.9319122860603252,-0.3418611716521404,,,,114,38.23101855117507,46.646009811588854,4.058022989354424
1660857529.2777982,LIDAR_ONLY,-33.89749105654923,32.821682057715066,7.432502171263579,0.00746380595812205,-0.12029120613572912,0.932570259004806,-0.34027493199873027,,,,99,38.23101855117507,46.646009811588854,4.058022989354424
1660857529.3792093,LIDAR_ONLY,-34.00470511296252,32.75681578284796,7.4003608812852555,0.009526126148562292,-0.12313762149432768,0.9319454761176246,-0.34091642471024386,,,,102,38.12069769926523,46.736210948543295,4.162198619350419
1660857529.4799325,LIDAR_ONLY,-34.12127379160962,32.61616344487153,7.3832380255524415,0.007474718525506871,-0.12619123556440082,0.932816822934378,-0.3374502563346304,,,,113,38.062993930425705,46.86257328131027,4.252642227451588
1660857529.580562,LIDAR_ONLY,-34.22748024605804,32.55055391057743,7.388345162121373,0.010391349305229012,-0.12413906560719398,0.9322266354030295,-0.33975728468266386,,,,100,37.94756898996308,47.01146383656155,4.380706057808561
1660857529.68117,LIDAR_ONLY,-34.34086644375812,32.46899994882767,7.398674579428562,0.007887851381490861,-0.12436057774572888,0.9319819719894978,-0.3404142070917413,,,,93,37.81222769696746,47.1124437308488,4.50633010410739
1660857529.773647,LIDAR_ONLY,-34.47485325711375,32.40127250273167,7.380387113136152,0.004370134792090742,-0.12412373011470242,0.9309739333618611,-0.3433099721025544,,,,104,37.81222769696746,47.1124437308488,4.50633010410739
1660857529.8842688,LIDAR_ONLY,-34.57958704446376,32.30846174053925,7.372360599415882,0.00829896231844435,-0.12544331876438733,0.9313619178417589,-0.34170173981988194,,,,98,37.795430968458696,47.191903029397714,4.545646971373996
1660857529.9848566,LIDAR_ONLY,-34.67443772858359,32.2347626144105,7.3293862603325906,0.010985915661495517,-0.12623437685000452,0.9312469267517438,-0.3416479960043702,,,,108,37.72040536900214,47.29826581858753,4.640081662517069
1660857530.0753853,LIDAR_ONLY,-34.81168025536613,32.10887735557172,7.280131328539619,0.007258738642117585,-0.13250052536577261,0.9308077148497877,-0.3405699920240125,,,,107,37.594084429952865,47.489893952971585,4.798268716514179
1660857530.197605,LIDAR_ONLY,-34.9052951756939,32.02615446718602,7.260204774913398,0.008955213746534615,-0.12940265630718428,0.9306596383375417,-0.3421218997036507,,,,92,37.50716813510618,47.56577027956442,4.875249559819396
1660857530.288133,LIDAR_ONLY,-35.025779508562664,31.90809967290307,7.250252160335957,0.006255304317244078,-0.12931937071861044,0.9306224214512163,-0.34231459246885176,,,,99,37.50716813510618,47.56577027956442,4.875249559819396
1660857530.388701,LIDAR_ONLY,-35.13220590313438,31.815109735018467,7.2265447146833806,0.004848877657302767,-0.12731531055787454,0.9304892568838881,-0.3434487485880338,,,,107,37.39423187556075,47.68785295349503,5.009797130611938
1660857530.4892704,LIDAR_ONLY,-35.237379108691854,31.701121583141543,7.2173449184454075,0.008331735720464242,-0.1266297145755324,0.9313609360453436,-0.3412657386482632,,,,102,37.36397114529955,47.75691933498414,5.046188814373181
1660857530.5811267,LIDAR_ONLY,-35.31918870596731,31.643452564355876,7.200126956843859,0.010165306838817138,-0.12637558481640737,0.9314563763633991,-0.34104969877006147,,,,95,37.19043872463611,47.99894624958956,5.254757071065383
1660857530.6817477,LIDAR_ONLY,-35.433384089916835,31.533640700024385,7.16177657108375,0.007049926473635323,-0.1350721526372354,0.9305683824313258,-0.3402180150106776,,,,92,37.13254951790986,48.06547916560217,5.325796807512302
1660857530.7831583,LIDAR_ONLY,-35.53601576282403,31.469081759450177,7.158295355908837,0.014857341744389923,-0.12368955233554924,0.9321996055794162,-0.33982944162756534,,,,89,37.13254951790986,48.06547916560217,5.325796807512302
1660857530.8838828,LIDAR_ONLY,-35.6692984644245,31.36445650561958,7.161063689603865,0.02271355106023607,-0.12476791085964413,0.9322571477797987,-0.3388416642495849,,,,86,37.08410009434649,48.10981380357471,5.371816710048083
1660857530.9848325,LIDAR_ONLY,-35.759902908180045,31.253774585484997,7.100309677881675,0.021392502919802332,-0.12131727752658061,0.9325538838480957,-0.33936371743631844,,,,86,36.975081152470324,48.22605894000051,5.5091202247929925
1660857531.0954607,LIDAR_ONLY,-35.86807330711542,31.17238917902182,7.0983557906434624,0.027228567649348976,-0.1227444268498885,0.9316892601071631,-0.3408042449589269,,,,79,36.84504443854204,48.42298405142518,5.711099652955832
1660857531.196046,LIDAR_ONLY,-35.95828398911519,31.107458323541834,7.044445368465177,0.01872441280442172,-0.11826835885225286,0.9331788543001215,-0.33887935544473224,,,,89,36.727917236704805,48.55016834688356,5.740084824960399
1660857531.286574,LIDAR_ONLY,-36.14310822702188,30.995376726807315,7.085768064699886,0.0214776256857959,-0.12535974591779075,0.9329291414855198,-0.3368484268412412,,,,95,36.727917236704805,48.55016834688356,5.740084824960399
1660857531.3872695,LIDAR_ONLY,-36.190798446251804,30.903350338771766,7.027960841896414,0.025427037327363247,-0.12013548936428144,0.9319399720402729,-0.3411873656534385,,,,82,36.66432757231344,48.6119834364387,5.826562487551924
1660857531.4880214,LIDAR_ONLY,-36.22812901573139,30.829672426635888,7.145958548089263,0.031919966697279915,-0.12285530962748709,0.9315434946111084,-0.3407556401148817,,,,96,36.610783333950295,48.711365307647156,5.880104964891869
1660857531.5986202,LIDAR_ONLY,-36.28608045353859,30.793465910337396,7.009995565291145,-0.00021840141419784357,-0.1359078636216912,0.9345090758801374,-0.3289708072219504,,,,87,36.46793376888157,48.88305630086037,6.054531555149975
1660857531.7001548,LIDAR_ONLY,-36.399258336765705,30.75985026909951,7.049544292396762,-0.0016229270717765913,-0.1339303377763499,0.93992386821798,-0.31401138941920853,,,,80,36.51262544065442,48.84614264451587,6.197443794290651
1660857531.8007255,LIDAR_ONLY,-36.44068798751543,30.71971822872564,7.066164972163623,-0.008455684891314968,-0.13928433016389155,0.9431095223996784,-0.30178271243208366,,,,86,36.51262544065442,48.84614264451587,6.197443794290651
1660857531.8915014,LIDAR_ONLY,-36.42227994778297,30.715778961729256,7.053448411020757,-0.027084899223994582,-0.15517970861229569,0.9493276614085849,-0.2719607647318568,,,,94,36.410855471430445,48.988274743711024,6.214349426152383
1660857532.0021179,LIDAR_ONLY,-36.49056773375928,30.672002462237266,7.077942045117403,-0.02943791480777103,-0.16918921096605893,0.9589636505544298,-0.22560393830732337,,,,89,36.43028305411915,49.06092980148262,6.292774139848323
1660857532.112809,LIDAR_ONLY,-36.540038720349166,30.643217077499727,7.041137899383038,-0.053592623180172105,-0.17592342886337056,0.9652006789156999,-0.1859204866019192,,,,83,36.421252418212696,49.076328527788014,6.333291474849675
1660857532.2240164,LIDAR_ONLY,-36.552862124356786,30.66039426995212,7.020452381757464,-0.07588039956848561,-0.18191288651036558,0.9733506476688217,-0.11721085003308826,,,,95,36.421252418212696,49.076328527788014,6.333291474849675
1660857532.3045843,LIDAR_ONLY,-36.59697778420167,30.719284259561498,6.986141283580919,-0.10529838421413451,-0.1915690336315613,0.9749680568870751,-0.04063057574294662,,,,67,36.41584892256738,49.11902882467166,6.3519424712735475
1660857532.408066,LIDAR_ONLY,-36.68612658967185,30.78392562087921,7.000762224675565,-0.14342715835690933,-0.20363183031575946,0.9684186410756442,0.011316516474529277,,,,60,36.41584892256738,49.11902882467166,6.3519424712735475
1660857532.50864,LIDAR_ONLY,-36.70018318076721,30.867018284828383,6.897320069965651,-0.14210131366717577,-0.2014555318672719,0.9677169685649807,0.05240948469067246,,,,76,36.34245587983146,49.156834326132795,6.268615138044503
1660857532.609423,LIDAR_ONLY,-36.70016511268803,30.894503816493,6.966095468241243,-0.08612416821832834,-0.20074780491811417,0.9712504709203209,0.09463334088108101,,,,87,36.36950188732657,49.185289203355296,6.061086838831643
1660857532.7100556,LIDAR_ONLY,-36.73113639531889,30.870001439922994,7.04845011973805,-0.061193835193838426,-0.21369680548599546,0.963611981356824,0.14846191176502446,,,,75,36.36950188732657,49.185289203355296,6.061086838831643
1660857532.8206885,LIDAR_ONLY,-36.7772190427513,30.864982410249617,7.075023392448,-0.06385831401538894,-0.2209833791848525,0.952189048096897,0.20105839584429433,,,,94,36.522950026549864,49.170800449490486,5.851918085353794
1660857532.911284,LIDAR_ONLY,-36.69857556691819,30.859349330056517,7.0660881707540195,-0.0525931214599298,-0.23490037002111205,0.9365951778336172,0.25464731021132125,,,,103,36.55576230206857,49.209641798503846,5.702514565442297
1660857533.0119076,LIDAR_ONLY,-36.76939110353717,30.80315854243873,7.280311436984769,-0.0391207050279093,-0.24654534289181812,0.9186501343683627,0.3062138059615608,,,,105,36.55576230206857,49.209641798503846,5.702514565442297
1660857533.1026473,LIDAR_ONLY,-36.76543344649587,30.787177113277664,7.340015777099133,-0.030199973257515444,-0.2494888591662034,0.9046296177105768,0.34422162269097406,,,,101,36.63528220584775,49.22653231561498,5.692762041825743
1660857533.223747,LIDAR_ONLY,-36.770529878057154,30.751570693074008,7.305986560648053,-0.03684826808281452,-0.25937403347076876,0.8870145438775914,0.38022692546692466,,,,107,36.625767222662354,49.100856429778496,5.597993466454996
1660857533.3055882,LIDAR_ONLY,-36.71016142594951,30.760992125686407,7.2949340842690145,-0.042143709504657845,-0.2666441208139376,0.8566009311192008,0.43972680767752564,,,,111,36.625767222662354,49.100856429778496,5.597993466454996
1660857533.406318,LIDAR_ONLY,-36.66947993503117,30.809656235452152,7.310108493957049,-0.052561007390607685,-0.27379985019235187,0.8274897314587969,0.48737226723212157,,,,107,36.812659808977685,49.06842497645531,5.819886070113643
1660857533.5290406,LIDAR_ONLY,-36.63844734574883,30.879979455396587,7.306576289239771,-0.057605408919653545,-0.27289028696442025,0.8047932603100425,0.5239468640074183,,,,107,36.7756978698553,49.0113933007255,5.716736171545506
1660857533.6095288,LIDAR_ONLY,-36.64000715614263,30.882673166545366,7.363854382269006,-0.07480886267454927,-0.27292590740294415,0.773635358040271,0.5669245240096091,,,,126,36.7756978698553,49.0113933007255,5.716736171545506
1660857533.7202282,LIDAR_ONLY,-36.57515763769197,30.904164420326126,7.358383780906498,-0.08406909296989573,-0.27232040940583224,0.7469404185092533,0.6007112396363836,,,,115,36.80243960864438,48.82840520550648,5.531356863136114
1660857533.8118606,LIDAR_ONLY,-36.52625359574538,30.917293602072718,7.387204305155871,-0.0912652832689852,-0.2616842114319424,0.7273805068914942,0.6277815063788893,,,,113,36.80243960864438,48.82840520550648,5.531356863136114
1660857533.916334,LIDAR_ONLY,-36.49230824029496,30.929234982195894,7.396166312366811,-0.10116564171569056,-0.26555805768233537,0.7208408162961512,0.6321652857423734,,,,105,36.87275207670609,48.70220575141549,5.449963568012614
1660857534.0169516,LIDAR_ONLY,-36.51986482721109,30.916892077813166,7.409329145504341,-0.10214048397836525,-0.2720356904352309,0.7200436969906416,0.6301594870238341,,,,129,36.89185842881273,48.63162050359954,5.379485670662795
1660857534.1181943,LIDAR_ONLY,-36.52312217451007,30.90330251305103,7.432516982016256,-0.10309360983444776,-0.2750147156179537,0.7064479161943197,0.6439487211801745,,,,137,36.89185842881273,48.63162050359954,5.379485670662795
1660857534.2199829,LIDAR_ONLY,-36.52458377460012,30.904980717724122,7.461401211737174,-0.10366342350872021,-0.2738483989326551,0.7047853821743986,0.6461722015854288,,,,132,36.89321695912531,48.56295073458637,5.3705426297783445
1660857534.3205943,LIDAR_ONLY,-36.51541164834196,30.912798998098857,7.480832209550145,-0.10241650572968287,-0.2702565010660266,0.7175034648564637,0.633767355505662,,,,138,36.90539840455331,48.550059088947,5.362465320094102
1660857534.4234653,LIDAR_ONLY,-36.52357505836946,30.901648265277387,7.48381522900296,-0.10127466702959552,-0.267682901050102,0.7348903491575032,0.6148377680482952,,,,124,36.90539840455331,48.550059088947,5.362465320094102
1660857534.5341446,LIDAR_ONLY,-36.56642418024537,30.895380858496203,7.519037472603293,-0.10753000887035799,-0.27356256387828676,0.7438918896022237,0.6001880350529426,,,,122,36.86425474990626,48.58805702675768,5.398195839118118
1660857534.6347697,LIDAR_ONLY,-36.567073050786455,30.897415243541012,7.53074079121548,-0.10984042634341695,-0.27610721653332443,0.7409269654452613,0.6022683103028027,,,,125,36.86425474990626,48.58805702675768,5.398195839118118
1660857534.7252786,LIDAR_ONLY,-36.53506439629148,30.90564397541648,7.573499622216706,-0.11199908273624105,-0.2733211620896728,0.7421841815446114,0.6015932084765809,,,,134,36.87647059326047,48.551124283321776,5.41585024472945
1660857534.8360677,LIDAR_ONLY,-36.51993812855558,30.90060491842936,7.645691901174563,-0.12051845013781763,-0.26040481999314513,0.7436907781757109,0.6038117747751542,,,,125,36.90693845944994,48.61657915740895,5.4729266518266435
1660857534.9366384,LIDAR_ONLY,-36.463864527960766,30.91061744298071,7.680120800989276,-0.12638603479701677,-0.247890064666183,0.7491864234234916,0.6010796860699915,,,,125,36.90693845944994,48.61657915740895,5.4729266518266435
1660857535.0481713,LIDAR_ONLY,-36.397602919374705,30.912390900630953,7.7018722575316465,-0.12687284254998032,-0.24891116779278435,0.7468050149479991,0.6035136966298603,,,,119,36.912192584986606,48.57389142720096,5.437156823101431
1660857535.138983,LIDAR_ONLY,-36.356833741506165,30.896634391037097,7.731226595195985,-0.14527324503410968,-0.2579726654943249,0.7449855240866388,0.5977811949504341,,,,121,36.912192584986606,48.57389142720096,5.437156823101431
1660857535.2607608,LIDAR_ONLY,-36.27199007566402,30.935309045538347,7.695249761508889,-0.15423241536857416,-0.24903290224792282,0.7440812293979118,0.6004482489817455,,,,103,36.9141820689072,48.5712841249008,5.48791044812336
1660857535.3626313,LIDAR_ONLY,-36.28003568385681,30.963524882520296,7.776736300605497,-0.15068271613368933,-0.24126509950148248,0.7368430810779563,0.6133091754479613,,,,111,36.9141820689072,48.5712841249008,5.48791044812336
1660857535.4534905,LIDAR_ONLY,-36.24161961952024,30.93453822286215,7.790315345565896,-0.14419930827571742,-0.2661650968958135,0.7191657684769381,0.625430490253091,,,,110,36.9141820689072,48.5712841249008,5.48791044812336
1660857535.5644276,LIDAR_ONLY,-36.24732275824583,30.917248369324163,7.854064630041544,-0.12076207499006417,-0.29159875837538446,0.7069059939143765,0.6329854667572993,,,,110,36.94178528580481,48.46041258121613,5.468481720575978
1660857535.6557364,LIDAR_ONLY,-36.15598508701568,30.92040772522089,7.889493592995442,-0.10119248314095339,-0.29760245080796055,0.7026782609991084,0.6383072333509406,,,,112,36.94178528580481,48.46041258121613,5.468481720575978
1660857535.7564163,LIDAR_ONLY,-36.162602953354416,30.9814882912272,7.884974359728969,-0.10515785614772571,-0.30524866838741893,0.7162510202372635,0.6186675615766524,,,,121,36.94178528580481,48.46041258121613,5.468481720575978
1660857535.8483515,LIDAR_ONLY,-36.173102973795444,31.028855576402137,7.901595827360556,-0.10064512225807935,-0.28721358853637946,0.7278013136840877,0.6145601367851872,,,,116,36.997553541049975,48.299501836828675,5.449948246850195
1660857535.9602807,LIDAR_ONLY,-36.20955024861938,31.10846991992245,7.870908963739471,-0.10738707984294323,-0.29179278517869955,0.7321322962055196,0.6060588143516239,,,,119,36.997553541049975,48.299501836828675,5.449948246850195
1660857536.0509157,LIDAR_ONLY,-36.21482329112584,31.201895334702726,7.845688187670075,-0.12508721389150423,-0.2784891722584885,0.74353688657982,0.5949368606422288,,,,119,36.997553541049975,48.299501836828675,5.449948246850195
1660857536.161682,LIDAR_ONLY,-36.36337065547545,31.30143775730111,7.883676728186114,-0.16139902501259804,-0.26952311851923905,0.7320821295064098,0.6044529749831722,,,,110,36.995171289915795,48.330940955407804,5.517239202996424
1660857536.2543957,LIDAR_ONLY,-36.36656531762482,31.377608658709597,7.871911482425516,-0.162875882130611,-0.25539480948737436,0.7254681536295384,0.6180136700562793,,,,118,36.995171289915795,48.330940955407804,5.517239202996424
1660857536.355037,LIDAR_ONLY,-36.43326489324156,31.464677430217606,7.861030217950447,-0.1646563402844414,-0.2551632070989592,0.7190332706237408,0.6251169355274535,,,,118,37.157037931243444,48.148463168990304,5.452371918065516
1660857536.455692,LIDAR_ONLY,-36.50480195102305,31.58520154176091,7.810104390759306,-0.18157998287185223,-0.2516798631947495,0.7145398960849637,0.6269917807957449,,,,114,37.157037931243444,48.148463168990304,5.452371918065516
1660857536.5564375,LIDAR_ONLY,-36.56822446335319,31.65685365921162,7.821858686577845,-0.1758790889442153,-0.26261611009147023,0.709068545097809,0.6303341361099319,,,,115,37.157037931243444,48.148463168990304,5.452371918065516
1660857536.6491122,LIDAR_ONLY,-36.59202806820621,31.795637897876233,7.800612473044963,-0.1713905354347617,-0.26179560443410727,0.7160051550128058,0.624039232626807,,,,115,37.41764629502866,48.34641935119085,5.272480093773376
1660857536.7598898,LIDAR_ONLY,-36.705911053364126,31.9079146226983,7.811691366678683,-0.17263939912782886,-0.267266773537538,0.7048913134592281,0.6339497975718117,,,,116,37.41764629502866,48.34641935119085,5.272480093773376
1660857536.8720868,LIDAR_ONLY,-36.73795924124502,32.023743492094674,7.799649589285804,-0.16438769877294268,-0.2764941870664704,0.679615418440401,0.6592803136971911,,,,121,37.41764629502866,48.34641935119085,5.272480093773376
1660857536.9534233,LIDAR_ONLY,-36.74870108934549,32.06047695533543,7.822789915604575,-0.16022510307453533,-0.277866653936556,0.6431962447658222,0.6952816908951374,,,,113,37.545775875742926,48.432262729688276,5.174801582058786
1660857537.055582,LIDAR_ONLY,-36.76222636233023,32.10553737299551,7.8279278599366,-0.16786849574337284,-0.2846892264383665,0.6063473574905943,0.7232669593939399,,,,122,37.545775875742926,48.432262729688276,5.174801582058786
1660857537.1585782,LIDAR_ONLY,-36.744355324095466,32.12607666154022,7.842433191070195,-0.1687221698756702,-0.2866289143762355,0.5683681379969813,0.752551894918743,,,,121,37.545775875742926,48.432262729688276,5.174801582058786
1660857537.289967,LIDAR_ONLY,-36.70176874793875,32.11018284128596,7.849825469727674,-0.1702474705577264,-0.2898717810993328,0.52830502797986,0.7796691264262013,,,,113,37.777282662802165,48.57962208765944,4.874200589503288
1660857537.3603985,LIDAR_ONLY,-36.6750991649527,32.09059213583687,7.875347210374106,-0.17174480328813602,-0.2897297448011488,0.4878025319151684,0.8053627054800414,,,,113,37.777282662802165,48.57962208765944,4.874200589503288
1660857537.450963,LIDAR_ONLY,-36.6506042477134,32.07264496773779,7.88881943525037,-0.1711358459482779,-0.2931231881737446,0.4435416542998434,0.8294950992545918,,,,118,37.991407444467654,48.73317790431746,4.746486091182137
1660857537.5516028,LIDAR_ONLY,-36.649082130421554,32.058033084370884,7.916187928114268,-0.17146279508475237,-0.292081883729178,0.3990663975608479,0.8520766945743479,,,,111,38.02417970806234,48.71902531505442,4.613841110518819
1660857537.6421914,LIDAR_ONLY,-36.61950477115754,32.04279666551452,7.940750539638443,-0.17054010011790063,-0.2908149403054664,0.35342384856197434,0.8726020444707583,,,,122,38.02417970806234,48.71902531505442,4.613841110518819
1660857537.7450757,LIDAR_ONLY,-36.58956936131621,32.02477708783889,7.9327375189684135,-0.16795490676701263,-0.2894839967804778,0.3076905473259066,0.8906832725425847,,,,119,37.86682555125597,48.70321649761221,4.6790108304864955
1660857537.8558464,LIDAR_ONLY,-36.56675097740201,32.00588050011657,7.946068927220209,-0.16612711171959732,-0.2885165643921699,0.26064528722857633,0.9062141077408673,,,,123,37.86682555125597,48.70321649761221,4.6790108304864955
1660857537.9466903,LIDAR_ONLY,-36.55223369789051,31.980494832548132,7.968570601871892,-0.1639144078243911,-0.2850384299561102,0.21422872798691267,0.9197778060275451,,,,125,37.81258837040051,48.75859564500103,4.741201734777405
1660857538.05739,LIDAR_ONLY,-36.54595965597624,31.95290774362701,7.966421233215535,-0.1627087972592081,-0.2824848892342579,0.16859623835652943,0.9302168795828204,,,,125,37.81258837040051,48.75859564500103,4.741201734777405
1660857538.159613,LIDAR_ONLY,-36.556351516713036,31.92717810274518,7.995388683860988,-0.15703483532175463,-0.27588652271540076,0.11947331544386552,0.9407193066884111,,,,117,37.68326263311652,48.798933247630956,4.863432323336061
1660857538.251681,LIDAR_ONLY,-36.54875765873178,31.919060619785185,7.990021217679938,-0.15419595674249623,-0.2714775758691128,0.0690885057299125,0.9474968660109142,,,,111,37.68326263311652,48.798933247630956,4.863432323336061
1660857538.3524,LIDAR_ONLY,-36.54348345438704,31.89392136351251,8.00833026161899,-0.1510285691307693,-0.265856074673797,0.02034666284852865,0.951891239678295,,,,111,37.6219251591737,48.81708738794354,5.005386715336917
1660857538.453688,LIDAR_ONLY,-36.54201688210481,31.86331646701631,8.038887439029082,-0.14454713803631083,-0.25745102585005514,-0.026970127436564774,0.9550380654195525,,,,106,37.59183429190971,48.85603332206971,5.161166555842704
1660857538.5559185,LIDAR_ONLY,-36.53180899338398,31.85078935377136,8.029973720012897,-0.13970617927243117,-0.2515958677705584,-0.07620080770538329,0.9546596983736804,,,,108,37.59183429190971,48.85603332206971,5.161166555842704
1660857538.656513,LIDAR_ONLY,-36.532864912217846,31.836159482769723,8.040520836281228,-0.1347523179518737,-0.2439021039913687,-0.12396291521845249,0.9523585312925609,,,,95,37.5831798415189,48.87860010528567,5.209070930789684
1660857538.7689035,LIDAR_ONLY,-36.56667426639992,31.884549414035668,8.033428045828002,-0.13333608909316977,-0.2381552941932895,-0.165640857633805,0.9476637850394957,,,,112,37.5831798415189,48.87860010528567,5.209070930789684
1660857538.8798525,LIDAR_ONLY_SAFE,-36.582652546806166,31.89119465390292,8.057438858475983,-0.13068622273076536,-0.23072753690061637,-0.19940943188385374,0.943356662869298,,,,115,37.57608052117728,48.95662677999846,5.271425417864625
1660857538.9703994,LIDAR_ONLY,-36.62532840719492,31.92185304258757,8.045971404887812,-0.1298566550964674,-0.2282167742436983,-0.2262987016885934,0.9379996005836116,,,,129,37.57608052117728,48.95662677999846,5.271425417864625
1660857539.0628266,LIDAR_ONLY,-36.643448423791696,31.954667652659325,8.049667403813777,-0.13309511924354858,-0.22929221601581384,-0.24236445705220486,0.9332578630078039,,,,124,37.56986010231459,49.02275684655092,5.279344288959202
1660857539.1634388,LIDAR_ONLY,-36.663962832344225,31.968598336492157,8.048275565262443,-0.13335194718734467,-0.22853800108731168,-0.24942389151782693,0.9315446111595852,,,,130,37.56986010231459,49.02275684655092,5.279344288959202
1660857539.26434,LIDAR_ONLY,-36.6937901110821,31.980575710046793,8.061570357522568,-0.13431201093547862,-0.22947927396317733,-0.25055031486522994,0.9308727551393559,,,,136,37.58640907908994,49.09011207659921,5.263368138057269
1660857539.36496,LIDAR_ONLY,-36.69215768555625,31.994995748211487,8.057094813009485,-0.13470959889774162,-0.22906368287339474,-0.25007076338538053,0.9310465973586605,,,,144,37.58640907908994,49.09011207659921,5.263368138057269
1660857539.4655762,LIDAR_ONLY,-36.693202272644164,32.000056929093944,8.064509160922636,-0.13493044656720868,-0.2295693491994736,-0.24950850334896255,0.9310409202896857,,,,140,37.58160076001303,49.25525675875033,5.263210427776964
1660857539.5762162,LIDAR_ONLY,-36.6983214081072,32.032857626074616,8.083413653703179,-0.13866264681239565,-0.2309696471972302,-0.24430897612347097,0.9315249951762267,,,,138,37.58160076001303,49.25525675875033,5.263210427776964
1660857539.6681783,LIDAR_ONLY,-36.71970380091472,32.06053169926277,8.097503390723471,-0.14278396014087344,-0.23700352382039028,-0.2293663583427403,0.9331844105447739,,,,138,37.59115057794076,49.28647898551134,5.252007557412025
1660857539.7793279,LIDAR_ONLY,-36.740659528193646,32.0967394243939,8.09498970751803,-0.14658107104922818,-0.24249320041773956,-0.20545698705361343,0.9367488798136213,,,,128,37.60018088189176,49.28141939308805,5.238566785446989
1660857539.869874,LIDAR_ONLY,-36.76030599311097,32.13887074987989,8.102753369948518,-0.15208320370688833,-0.24854985183114303,-0.17350059998016729,0.9407397153896969,,,,125,37.60018088189176,49.28141939308805,5.238566785446989
1660857539.9705307,LIDAR_ONLY,-36.79633015527399,32.19847912745501,8.101805661680762,-0.16037264621721778,-0.25830121926031724,-0.1318418399793168,0.9434928848193763,,,,125,37.72686134681603,49.23462825983191,5.26570002080288
1660857540.0713236,LIDAR_ONLY,-36.81047386664691,32.240016302430305,8.101516090689488,-0.16394513615648368,-0.2653260389981994,-0.07978981771287005,0.946761675581297,,,,119,37.72686134681603,49.23462825983191,5.26570002080288
1660857540.171912,LIDAR_ONLY_SAFE,-36.821712524548,32.255685322744185,8.117623130734769,-0.1683963623997972,-0.2712109229560218,-0.028449680305972384,0.9472475474184915,,,,112,37.75082417717701,49.23498129112423,5.204275086872713
1660857540.275307,LIDAR_ONLY,-36.8129439142385,32.28521098256569,8.119709477407696,-0.17296753417630398,-0.2775192507178837,0.020900678155170514,0.9447901667855183,,,,112,37.75082417717701,49.23498129112423,5.204275086872713
1660857540.3767066,LIDAR_ONLY,-36.84960049254747,32.3107162607931,8.138768198119726,-0.17910159313071797,-0.27993109847471587,0.07176127555124645,0.9404315598575135,,,,107,37.76952068403958,49.25596745688425,5.167606343886525
1660857540.4776707,LIDAR_ONLY,-36.857198936953466,32.330674430833675,8.134006668456749,-0.18135538700204187,-0.28432330019938484,0.12141118588286734,0.9335576085660628,,,,118,37.8211844024997,49.20932660061719,5.163840599612303
1660857540.5681908,LIDAR_ONLY,-36.85819077723605,32.306971102235295,8.151484845327492,-0.18311131276024395,-0.2907168999492323,0.1618052419437304,0.9250799937857586,,,,118,37.8211844024997,49.20932660061719,5.163840599612303
1660857540.7693243,LIDAR_ONLY,-36.84323441238991,32.26518863953936,8.166966377997634,-0.1804060952279551,-0.29437238178262176,0.21971905335498043,0.9124264788140575,,,,127,37.81424823227757,49.103112858471505,5.014766449734756
1660857540.8799856,LIDAR_ONLY,-36.84363568270976,32.243436485044,8.190791960630232,-0.17791557452926948,-0.29377341547289754,0.2332627660455943,0.9097426617885228,,,,136,37.81424823227757,49.103112858471505,5.014766449734756
1660857540.9705107,LIDAR_ONLY,-36.83652679508894,32.22714483679536,8.196318160801983,-0.17673764961232216,-0.29381109445963266,0.23835709080113773,0.9086389498842558,,,,139,37.76515214161879,49.0573111494459,4.994700166754688
1660857541.0811586,LIDAR_ONLY,-36.84217086339333,32.22837444256873,8.200713991004028,-0.17682656938027802,-0.2951618619395026,0.23881325825296912,0.9080639114622981,,,,138,37.7346273053405,49.057054909288226,5.04107756252855
1660857541.1825209,LIDAR_ONLY,-36.84081175857252,32.219786428071245,8.212502010561302,-0.17701185244265472,-0.2942306511280217,0.2384439114594277,0.908427008140736,,,,146,37.7346273053405,49.057054909288226,5.04107756252855
1660857541.2844162,LIDAR_ONLY,-36.84797830484632,32.20561261757868,8.228417935924423,-0.17514791595333654,-0.29558384511579383,0.23790633192592311,0.9084899423071882,,,,146,37.7147633626606,49.04357726353294,5.051714485165049
1660857541.3755774,LIDAR_ONLY,-36.83986156528556,32.21250217637047,8.223566893101307,-0.177660533981511,-0.29577245281176523,0.23760787509887557,0.9080186608842981,,,,146,37.7147633626606,49.04357726353294,5.051714485165049
1660857541.4762065,LIDAR_ONLY,-36.82316166920239,32.22618932796597,8.281348828220578,-0.17862577130288623,-0.295906470642252,0.23714142144602587,0.9079075617556303,,,,142,37.69609893192278,49.04998615525305,5.063397283131046
1660857541.5767953,LIDAR_ONLY,-36.798723998312894,32.26724448385408,8.305811193725262,-0.17992214703501752,-0.2979926865843322,0.2366438129109626,0.9070987187508992,,,,144,37.672364470745805,49.05626715253927,5.084103143498078
1660857541.6775413,LIDAR_ONLY,-36.71702368408102,32.34295134339059,8.316851405546764,-0.17926050446078523,-0.29542738889679604,0.23719970877908692,0.907923249831836,,,,144,37.672364470745805,49.05626715253927,5.084103143498078
1660857541.7781227,LIDAR_ONLY,-36.690821612552654,32.437512857506654,8.369373314318315,-0.18054757480750608,-0.29589406451666045,0.23672500900111756,0.9076400971356208,,,,126,37.70920818464149,49.01338361739869,5.0673551777584604
1660857541.889784,LIDAR_ONLY,-36.644023719292576,32.49925989216232,8.407012486640786,-0.17648391759472495,-0.3019747440718532,0.2350913610657336,0.9068609224822833,,,,122,37.73216873152726,49.00131347060308,5.049038617525891
1660857542.0306304,LIDAR_ONLY,-36.55459318049906,32.59102565096665,8.445600234909856,-0.17905203902989517,-0.30182689083785114,0.23578618476341248,0.9062261143672183,,,,119,37.87294671598239,48.84706472138619,4.955992853699279
1660857542.1110623,LIDAR_ONLY,-36.44529354445217,32.65452451087751,8.509975303522221,-0.17539613808462465,-0.2996271833228008,0.235506205916463,0.9077425696384833,,,,112,37.87294671598239,48.84706472138619,4.955992853699279
1660857542.192766,LIDAR_ONLY,-36.374861542309716,32.71970200176153,8.570263278864003,-0.17698060016991776,-0.3017744979206708,0.23709573931870928,0.9063087939356749,,,,114,37.870180748517576,48.84078672461941,4.966102280298566
1660857542.3135047,LIDAR_ONLY,-36.218895440338294,32.79120966371878,8.613647780339466,-0.17420849347107867,-0.29861408479401913,0.23442886638265045,0.9085835876636299,,,,112,37.870180748517576,48.84078672461941,4.966102280298566
1660857542.3939722,LIDAR_ONLY,-36.113635128973726,32.894621242557726,8.679445201590045,-0.17550670902866783,-0.2972270670240941,0.23608907141123897,0.9083586384652046,,,,115,38.03790462561871,48.62232049771983,4.876408155794815
1660857542.4846296,LIDAR_ONLY,-36.0204204692394,32.972741052714724,8.732226130984197,-0.1708815345734373,-0.30030493844235767,0.23499722771648907,0.9085112811927675,,,,99,38.03790462561871,48.62232049771983,4.876408155794815
1660857542.5952857,LIDAR_ONLY,-35.89990114462924,33.069401776507966,8.801750362039863,-0.17214494879515901,-0.2977496031275606,0.23814657391719454,0.9082937298986459,,,,117,38.10190224467425,48.538526482988594,4.836801064172948
1660857542.6858928,LIDAR_ONLY,-35.77608677631996,33.14000795177475,8.870328979168871,-0.16980941032917635,-0.2972666342443024,0.23654210066434112,0.9093102589006804,,,,114,38.30368021650715,48.214084691040085,4.756820910986536
1660857542.786535,LIDAR_ONLY,-35.692615065107006,33.24577586983498,8.923183296950672,-0.17457367104230415,-0.30040836794276166,0.23644027436983206,0.9074000454621426,,,,115,38.30368021650715,48.214084691040085,4.756820910986536
1660857542.8989732,LIDAR_ONLY,-35.55605995643877,33.327067309735654,8.981088473384583,-0.17693828359903638,-0.296553431279898,0.23067338596927056,0.9096915384890737,,,,113,38.47803712407527,47.95073512823577,4.6749124258022
1660857542.989531,LIDAR_ONLY,-35.413605006454354,33.43396016986292,9.053398109701174,-0.1788656716984974,-0.2975857091443019,0.23309212455739822,0.9083599939837987,,,,119,38.53009671710328,47.82093966439785,4.674159993573012
1660857543.0901165,LIDAR_ONLY,-35.31784336878681,33.503261674843834,9.126197318685175,-0.17219619515451168,-0.3030083248657246,0.23291126309377688,0.907902400569818,,,,119,38.53009671710328,47.82093966439785,4.674159993573012
1660857543.1906605,LIDAR_ONLY,-35.19489666298856,33.61752042681189,9.212557171798837,-0.17892150209159524,-0.3027287218242859,0.23486981444536592,0.9061890461345915,,,,118,38.702432776521256,47.59124637865165,4.558632126674013
1660857543.2912095,LIDAR_ONLY,-35.07483117947945,33.67773752365093,9.27931702822421,-0.1730212292095872,-0.3026006686724662,0.2338693129583821,0.907635187736876,,,,119,38.81346305062594,47.45085499902439,4.512138725980891
1660857543.4429204,LIDAR_ONLY,-34.99675862332735,33.76279907807526,9.342989153095468,-0.17634511016723867,-0.3050854371390341,0.2339840130614941,0.9061328599037933,,,,117,38.994233596784426,47.216995073968036,4.412190517608848
1660857543.5233881,LIDAR_ONLY,-34.87753176955087,33.833144022605076,9.407636225109156,-0.17774186290951435,-0.3014908007064922,0.229245456149124,0.908271791972972,,,,112,38.994233596784426,47.216995073968036,4.412190517608848
1660857543.613928,LIDAR_ONLY,-34.762841235544585,33.93227510721663,9.475316225083876,-0.1776156713471713,-0.3029272843474946,0.23228347158411897,0.9070458216201515,,,,122,39.04917052745927,47.08766377655249,4.4086395066593
1660857543.7347863,LIDAR_ONLY,-34.68137651550271,33.97448757109573,9.57142094117135,-0.17640902324908614,-0.3049334415962989,0.23050134360535615,0.9070637151317792,,,,114,39.2100874939223,46.8909630794227,4.320789408946599
1660857543.8152099,LIDAR_ONLY,-34.55521850350192,34.06439847907801,9.663611588176494,-0.17934101812560815,-0.3020179543748856,0.23312173476643377,0.9067944702259538,,,,125,39.2100874939223,46.8909630794227,4.320789408946599
1660857543.9057288,LIDAR_ONLY,-34.44113082345956,34.14525949219175,9.734510975635551,-0.17974673270708522,-0.3044410860253846,0.22994395752395075,0.9067152329254404,,,,113,39.31763384379717,46.73665069626759,4.268015606454721
1660857544.0163348,LIDAR_ONLY,-34.36543439030975,34.19480238702462,9.80232095377405,-0.1729143603416059,-0.3099462759478167,0.22250104574684246,0.9080348091649872,,,,112,39.479529125200486,46.50033988193256,4.195879674017152
1660857544.0992086,LIDAR_ONLY,-34.26331339345626,34.256859982930614,9.84390536647553,-0.15816026147554313,-0.301068141948093,0.20373637438978504,0.9180603440648203,,,,115,39.479529125200486,46.50033988193256,4.195879674017152
1660857544.199796,LIDAR_ONLY,-34.140419469982795,34.31598629366952,9.919615601418032,-0.13900581512541382,-0.29512519286495603,0.17964457245961268,0.928065909019152,,,,115,39.540645081666234,46.39353595752464,4.177112735972984
1660857544.3004467,LIDAR_ONLY,-34.042065045427606,34.34139457809465,9.990934928484487,-0.11371361296290607,-0.3000172421757251,0.1450205882507923,0.9359636198098669,,,,94,39.540645081666234,46.39353595752464,4.177112735972984
1660857544.4026554,LIDAR_ONLY,-33.909875984199495,34.37472605144987,10.107446283567503,-0.101428689044341,-0.2934473376013996,0.11651810454748082,0.9434110516662708,,,,107,39.64871159070486,46.18330171670507,4.071333827059868
1660857544.5035574,LIDAR_ONLY,-33.78610553769657,34.43939466094323,10.158581065374364,-0.1034157247858205,-0.2926601255990799,0.0891983386150022,0.9464137018976837,,,,101,39.70788802704669,46.009769433298615,3.9624847328620505
1660857544.6042683,LIDAR_ONLY,-33.673864912939756,34.459607378975505,10.2505842935918,-0.11501046339746121,-0.3005603981819576,0.06296964433930016,0.9447067609822566,,,,107,39.70788802704669,46.009769433298615,3.9624847328620505
1660857544.7048461,LIDAR_ONLY,-33.5657088931848,34.510564057473395,10.335390848435779,-0.1346376784027253,-0.30025471890175187,0.04835017018702468,0.9430705489911347,,,,103,39.784235888584206,45.785940429201034,3.9621957448852574
1660857544.8182647,LIDAR_ONLY,-33.422070053318826,34.556828189870444,10.401620306089566,-0.14895439712494987,-0.2938523174733708,0.04192843615646677,0.9432419675428704,,,,103,39.816811519327885,45.68620391055611,3.911136888948176
1660857544.9109504,LIDAR_ONLY,-33.313202252324885,34.57631860910411,10.477878843061578,-0.15114029715237307,-0.3006818477100039,0.041860542434813214,0.9407415862081646,,,,107,39.884883442212185,45.46648190509589,3.946005611549443
1660857545.0115054,LIDAR_ONLY,-33.19110472318358,34.577362596728314,10.595902257650884,-0.15410953139339176,-0.3023498023928408,0.0430605845022825,0.9396704929862602,,,,114,39.884883442212185,45.46648190509589,3.946005611549443
1660857545.102032,LIDAR_ONLY,-33.05650681103911,34.606517832724826,10.680884482295065,-0.15284332911329707,-0.3017503425565703,0.04387121805868987,0.9400324269612212,,,,114,39.90104198949394,45.330923427415385,3.981570302364316
1660857545.2126744,LIDAR_ONLY,-32.93940444339291,34.59194794408729,10.761413429319477,-0.1489278100900942,-0.3113873792595746,0.0402676141849201,0.9376763443040872,,,,120,39.94215929551873,45.21000228731245,3.957042103054077
1660857545.3136294,LIDAR_ONLY,-32.8913885352648,34.61622077738168,10.858875467422628,-0.15767102970339109,-0.32701733890856666,0.0377819604327413,0.9310059236714291,,,,109,39.94215929551873,45.21000228731245,3.957042103054077
1660857545.4372663,LIDAR_ONLY,-32.809722204768335,34.592760118456006,10.939471561488364,-0.14775161816302562,-0.3353965743176323,0.041446494491956476,0.929494908732981,,,,107,40.044165666664064,44.90977056271687,3.928534368215243
1660857545.5177565,LIDAR_ONLY,-32.79738059994655,34.58797339106958,10.978026619013942,-0.13655830126527152,-0.3402981811202291,0.049078142562809124,0.9290534506713763,,,,128,40.03237912451078,44.80065814927196,3.8999605128007273
1660857545.6100538,LIDAR_ONLY,-32.85330767670151,34.57550444899427,11.02915772014949,-0.14683098139308975,-0.3404819757634219,0.0432739612986151,0.9277068779290712,,,,136,40.03237912451078,44.80065814927196,3.8999605128007273
1660857545.7207944,LIDAR_ONLY,-32.77789992121586,34.546893455456704,11.027418584081197,-0.14254626784120927,-0.34560333370974544,0.04257347083278689,0.9265130311196397,,,,118,40.12239409911446,44.67948510721825,3.8944165027596154
1660857545.815954,LIDAR_ONLY,-32.798345540524956,34.585668719906764,11.029887874747844,-0.144105433126011,-0.34833903456652426,0.03460694002210003,0.9255786843068142,,,,129,40.12640502623463,44.60053612828023,3.874183226200655
1660857545.9366174,LIDAR_ONLY,-32.799596207479745,34.60521182229455,11.058056389840695,-0.13910864156054795,-0.3539648660995207,0.019237945775175656,0.9246553741003611,,,,125,40.163340103824424,44.58990229791374,3.9346752969873187
1660857546.02845,LIDAR_ONLY,-32.811853108059374,34.61682321145427,11.08003927149358,-0.12034138401290949,-0.3479843684684683,-0.001747744741820382,0.9297428547634966,,,,130,40.163340103824424,44.58990229791374,3.9346752969873187
1660857546.1418073,LIDAR_ONLY,-32.779634073715634,34.645074738777694,11.125310844989286,-0.10083245222177713,-0.3463908286949181,-0.044692586240472704,0.9315840182775404,,,,124,40.1785249345495,44.575101577082656,3.865342354348545
1660857546.232692,LIDAR_ONLY,-32.72363687330411,34.5801014241459,11.2162005360795,-0.07651148533290476,-0.3372635417731969,-0.08049602028516371,0.934836716609378,,,,106,40.1785249345495,44.575101577082656,3.865342354348545
1660857546.323213,LIDAR_ONLY,-32.64422466349152,34.58012963574277,11.28562348230355,-0.06265649273693244,-0.31846985004004813,-0.11695375983909832,0.9386015856543576,,,,123,40.1631492588926,44.58979556055647,3.8363188303155993
1660857546.4258246,LIDAR_ONLY,-32.575337298512444,34.559811014642165,11.271371016851589,-0.06821073642162993,-0.2871492623012629,-0.18286152774700376,0.9377922255311628,,,,123,40.184755532428454,44.580652646345975,3.879636589572773
1660857546.5164258,LIDAR_ONLY_SAFE,-32.56987467341264,34.46339548935509,11.301261789266277,-0.07702401677845597,-0.259160068457365,-0.23907893139784983,0.9326009995266724,,,,104,40.184755532428454,44.580652646345975,3.879636589572773
1660857546.6270933,LIDAR_ONLY,-32.52979624210483,34.39566804510408,11.311536110618642,-0.07924117207775737,-0.23130608119362722,-0.28113574854923695,0.9279983967325863,,,,101,40.20284216403285,44.3608226504977,3.936277945554321
1660857546.7190564,LIDAR_ONLY,-32.52927863046152,34.3299234886594,11.301066810494643,-0.0835310995308301,-0.2055781721345544,-0.3254097383725383,0.9191673801464575,,,,101,40.20284216403285,44.3608226504977,3.936277945554321
1660857546.819635,LIDAR_ONLY,-32.55055027280013,34.270807263976764,11.310982089707606,-0.07952401015784774,-0.19102506459068735,-0.3694125852220889,0.9059358136126816,,,,114,40.14510955728885,44.307279631275335,3.919135095926047
1660857546.9303212,LIDAR_ONLY,-32.6053583930829,34.202100401258974,11.278741061290805,-0.07057539052911614,-0.17930827619837714,-0.41100259508529785,0.8910356464090423,,,,112,40.04178295086835,44.24962263329777,4.021614596437928
1660857547.0208485,LIDAR_ONLY,-32.71027328767112,34.110127453135696,11.247427151711461,-0.06832781942887355,-0.17548504414152916,-0.4230565020952045,0.8863179476969375,,,,112,40.04178295086835,44.24962263329777,4.021614596437928
1660857547.1315029,LIDAR_ONLY,-32.71930469930003,34.05335746301558,11.292730988254686,-0.06602097659643866,-0.18673633753924038,-0.42923444974775143,0.8812085780571071,,,,131,39.94515812927754,44.29755159412099,4.11757349386163
1660857547.2235136,LIDAR_ONLY,-32.73796867176843,34.040263444128435,11.289933867534494,-0.06296142234652564,-0.19047556205378335,-0.4399115536908074,0.875347213673373,,,,133,39.85069120968482,44.38982371278866,4.118483109284542
1660857547.3441746,LIDAR_ONLY,-32.7474538944843,34.0259235738668,11.30056378769026,-0.06741234063510321,-0.19217359420984828,-0.43548952630116833,0.8768544682560211,,,,137,39.77514801891596,44.44436421183159,4.21452540356142
1660857547.4346786,LIDAR_ONLY,-32.75827779989256,34.03250861179079,11.321936812943921,-0.06818216882254677,-0.19821144765192458,-0.43123321832146544,0.8775541722825397,,,,140,39.77514801891596,44.44436421183159,4.21452540356142
1660857547.5252135,LIDAR_ONLY,-32.78251217858075,34.04556181626211,11.353545455382482,-0.0684857537512196,-0.20305199700512547,-0.42897505084172877,0.8775306227139279,,,,138,39.770227765771324,44.43029923169003,4.235902204833465
1660857547.635916,LIDAR_ONLY,-32.76760824766127,34.00866666601356,11.40193629114645,-0.06969436216540599,-0.20398219933879277,-0.42717269474961034,0.878098768417097,,,,141,39.770227765771324,44.43029923169003,4.235902204833465
1660857547.7300048,LIDAR_ONLY,-32.7460172383989,33.98347115745737,11.423147311821246,-0.06555571852866013,-0.2059963880247593,-0.4294593416190642,0.8768310041194164,,,,131,39.74690095350516,44.444414225875846,4.232247548325035
1660857547.8324683,LIDAR_ONLY,-32.72193493996012,33.938974788225494,11.473983364497306,-0.07094949477242705,-0.21139330736201878,-0.4303572889014347,0.874683738664148,,,,134,39.81658011462993,44.430644608094,4.295128919214796
1660857547.9441931,LIDAR_ONLY,-32.645597276211724,33.88503564958746,11.514439594401356,-0.06777737607899449,-0.21328731562207534,-0.43014795430562036,0.874578461713565,,,,123,39.81658011462993,44.430644608094,4.295128919214796
1660857548.036615,LIDAR_ONLY,-32.5817907067545,33.82539549560258,11.609959394016474,-0.06818956577825432,-0.2106860525566789,-0.4296646853456183,0.8754140897563326,,,,127,39.78492603068312,44.36859824007884,4.335173720192345
1660857548.1372137,LIDAR_ONLY,-32.53459021328726,33.77296828089905,11.657088450859678,-0.0724024361980069,-0.21843862363006708,-0.4286057307396566,0.8736930711161217,,,,127,39.765469282449715,44.326494722122064,4.3078873182204145
1660857548.2277553,LIDAR_ONLY,-32.456868448524304,33.71415009036289,11.707474462178457,-0.08420101253886747,-0.21667610919253272,-0.4182921962431959,0.8780622368344164,,,,112,39.765469282449715,44.326494722122064,4.3078873182204145
1660857548.3413732,LIDAR_ONLY,-32.404344345519775,33.62460988427195,11.820868453876132,-0.09883302103944527,-0.21539361774855453,-0.4067925827909203,0.8822456675845445,,,,118,39.71755496072518,44.13315654267584,4.390774580825953
1660857548.4336565,LIDAR_ONLY,-32.338273296456926,33.52157653072051,11.888726115280441,-0.09954863332862432,-0.22314058090589178,-0.40179353662908907,0.8825306253487599,,,,118,39.672117337766146,44.101166818688604,4.367328655724525
1660857548.5343604,LIDAR_ONLY,-32.24755787270826,33.39863172851116,11.977509903938131,-0.08957582617936584,-0.2241805521416853,-0.40254439702759676,0.8829933520856326,,,,118,39.672117337766146,44.101166818688604,4.367328655724525
1660857548.6349251,LIDAR_ONLY,-32.1057203137872,33.30839322031658,12.041974148664844,-0.08231889834630941,-0.22412489528059307,-0.4040421986189444,0.8830297458328812,,,,110,39.62279272443106,43.844518937613934,4.4782994026778224
1660857548.735495,LIDAR_ONLY,-32.01566461110878,33.21221625165121,12.114078232743795,-0.07293310285233877,-0.22327394626241023,-0.40219472866763245,0.8849118078434202,,,,110,39.59514781651143,43.70926693422912,4.583105412326317
1660857548.8461566,LIDAR_ONLY,-31.88771186139602,33.155622232250145,12.146768122352533,-0.06431070011489429,-0.21903302909649738,-0.40140259132458916,0.8869975342093404,,,,123,39.59514781651143,43.70926693422912,4.583105412326317
1660857548.9386728,LIDAR_ONLY,-31.797577605170744,33.04723197471619,12.278102822376903,-0.06636468341939801,-0.21342659459331995,-0.3985074318499385,0.8895148364559797,,,,122,39.42646971510001,43.427936030995966,4.726612857059821
1660857549.069391,LIDAR_ONLY,-31.74436286699713,32.98339362392772,12.378750091511163,-0.06625508687567105,-0.22070758855718,-0.40145977997725996,0.8864132607745565,,,,122,39.34177638669817,43.33238482122208,4.808655915728719
1660857549.1402736,LIDAR_ONLY,-31.631746177726782,32.85581321411336,12.411543046932817,-0.06792524756965225,-0.22433485641703638,-0.4017522958386905,0.8852429755311761,,,,114,39.34177638669817,43.33238482122208,4.808655915728719
1660857549.2408385,LIDAR_ONLY,-31.50381623727028,32.72542184171313,12.463308755265665,-0.06069921991452474,-0.22693333803476556,-0.4031190941138263,0.8844839516639152,,,,117,39.28025590784229,43.0221242376371,4.908485819198813
1660857549.3645985,LIDAR_ONLY,-31.453217251841053,32.615558538799256,12.602839750313779,-0.07076248677535042,-0.23304394187304198,-0.40699727477752706,0.8803615222993952,,,,112,39.28025590784229,43.0221242376371,4.908485819198813
1660857549.4454641,LIDAR_ONLY,-31.360711526699824,32.50429719333188,12.633152829567823,-0.06374218982896855,-0.24078996565860733,-0.40724793590146263,0.8786957632639029,,,,118,39.21042353229323,42.84702729586842,5.021948773549743
1660857549.556097,LIDAR_ONLY,-31.2411003966886,32.38262635903552,12.705173828579888,-0.0678817364693058,-0.23839695879116865,-0.4041025184243226,0.8804885657952373,,,,119,39.00429738859326,42.64556846567166,5.024303474671087
1660857549.649207,LIDAR_ONLY,-31.17555698858181,32.22755773477027,12.800340331442206,-0.06020472240031251,-0.2393308727023131,-0.40598955367866585,0.8799253417626114,,,,103,39.00429738859326,42.64556846567166,5.024303474671087
1660857549.7498739,LIDAR_ONLY,-31.10158767322371,32.152988822152594,12.835165537007155,-0.06098746514764899,-0.24142332035389613,-0.40540502518029925,0.879569255398758,,,,118,38.96808882311296,42.431589880740496,5.147992019667343
1660857549.8504555,LIDAR_ONLY,-31.063680844366132,32.03529545111425,12.891303249974376,-0.06130322648883032,-0.23655105373123667,-0.4055491769268121,0.8808038252043902,,,,117,38.96808882311296,42.431589880740496,5.147992019667343
1660857549.9510484,LIDAR_ONLY,-31.02085157499021,31.909349080789866,12.951214209866544,-0.05123135028428153,-0.23624618859812113,-0.4044057718229611,0.8820538865835723,,,,111,38.89782310286429,42.26950142074728,5.243038988426889
1660857550.0532668,LIDAR_ONLY,-30.960979037859403,31.83844316825145,13.002220594337913,-0.05236008935946182,-0.22481996244019817,-0.40475422195074173,0.8848098243937547,,,,121,38.74871677988101,42.06935052769295,5.395350187969093
1660857550.155053,LIDAR_ONLY,-30.887288700967417,31.770489373035538,13.07777608155085,-0.06726489822960972,-0.21955456783318084,-0.40061326365793387,0.8870063349216196,,,,105,38.74871677988101,42.06935052769295,5.395350187969093
1660857550.255638,LIDAR_ONLY,-30.830955575973732,31.706269057414666,13.147907257997193,-0.06092143881318367,-0.2188581359106027,-0.38236879046135763,0.8956471418587715,,,,111,38.61894061442585,41.91694069971942,5.584001446739875
1660857550.3562195,LIDAR_ONLY,-30.708368965852912,31.68694483319645,13.231148939350582,-0.08353136145848555,-0.20025150292370705,-0.3602551892153019,0.9072695552442699,,,,114,38.61894061442585,41.91694069971942,5.584001446739875
1660857550.4468062,LIDAR_ONLY,-30.59794457127015,31.664674647706626,13.348129597564453,-0.09877310473682151,-0.19105033464966917,-0.3354676600256948,0.9171723352172062,,,,101,38.54617071001109,41.841465299986346,5.620596900042163
1660857550.5577729,LIDAR_ONLY,-30.558863071560904,31.661076964567528,13.462393723367724,-0.1029812922577416,-0.2187159260407938,-0.3103575016088254,0.9193674011711378,,,,106,38.47428186402884,41.60284241528944,5.712413202184779
1660857550.6496024,LIDAR_ONLY,-30.406302880343016,31.641585124684653,13.503782617467557,-0.10244702160243156,-0.23681877389263045,-0.29777934830550457,0.9191022444861786,,,,104,38.47428186402884,41.60284241528944,5.712413202184779
1660857550.7527447,LIDAR_ONLY,-30.287467279767093,31.591023894020907,13.565476181933066,-0.0959281718820608,-0.24355178083064793,-0.2865609391963159,0.9216089973630419,,,,95,38.44891928352473,41.28084843580154,5.746768709260104
1660857550.854752,LIDAR_ONLY,-30.18559745709884,31.552206970849383,13.626747034208345,-0.08754395650075512,-0.2574434330035953,-0.28586688807754573,0.9188792395001517,,,,108,38.503726697608855,41.16953167724966,5.753319087509744
1660857550.9554658,LIDAR_ONLY,-30.082453094690504,31.502472341431073,13.696216185243003,-0.0852828792993118,-0.263677778028872,-0.2857270257121017,0.9173662990593735,,,,113,38.503726697608855,41.16953167724966,5.753319087509744
1660857551.0581064,LIDAR_ONLY,-30.04468426376664,31.459444120536354,13.761389894581189,-0.08552695432930672,-0.2683553194254551,-0.2829370783115154,0.9168517722815167,,,,112,38.428299193847245,40.88367163474223,5.7003321210623
1660857551.1593356,LIDAR_ONLY,-30.005980954603235,31.468562361821775,13.795878548956392,-0.08983801005763954,-0.2755716783127771,-0.2711802731825975,0.9178510998508279,,,,122,38.428299193847245,40.88367163474223,5.7003321210623
1660857551.2625434,LIDAR_ONLY,-30.00763125686704,31.459529516517613,13.84071353471055,-0.08868909720904267,-0.28383649970676506,-0.2512644514753107,0.9211065415549213,,,,132,38.39108249167281,40.76909912692213,5.666924323224115
1660857551.3631368,LIDAR_ONLY,-29.98278176623948,31.454466852938417,13.855892206986658,-0.09269381978694037,-0.2890708895334382,-0.23036571360345667,0.9245417862885501,,,,135,38.35025168728281,40.62379693806934,5.7024574204504335
1660857551.474782,LIDAR_ONLY,-30.00324526977826,31.461774213834993,13.892082439205248,-0.10054589553907568,-0.2946515253862106,-0.20028974562568402,0.9289537228920628,,,,138,38.35025168728281,40.62379693806934,5.7024574204504335
1660857551.567852,LIDAR_ONLY,-30.01396960037366,31.47419186610304,13.907461331203372,-0.10646882870408846,-0.30181775666790805,-0.17067608776051427,0.9319013377719211,,,,131,38.34559084201423,40.51870549423705,5.691642290363508
1660857551.65861,LIDAR_ONLY,-29.99942647179044,31.494599082047543,13.913282716957951,-0.1112978432175337,-0.30506141690911964,-0.15129936534582014,0.9336267048743184,,,,132,38.34559084201423,40.51870549423705,5.691642290363508
1660857551.7693844,LIDAR_ONLY_SAFE,-29.9937991282201,31.50128389454499,13.932627071262905,-0.11093182541072831,-0.30723776188942425,-0.14103490025917192,0.9345631303925416,,,,141,38.320582013747796,40.48406011388176,5.651985987868365
1660857551.8700273,LIDAR_ONLY,-29.99631801567095,31.503899577892945,13.946307014049307,-0.10848405205977206,-0.3089988710078181,-0.13773978146292487,0.9347612854451838,,,,138,38.37717015321657,40.4703823917241,5.631051540145841
1660857551.9706447,LIDAR_ONLY,-29.997382469505286,31.508912138778186,13.95659824907678,-0.10741778796551706,-0.3085406486582153,-0.13873216827804452,0.9348890161078134,,,,144,38.37717015321657,40.4703823917241,5.631051540145841
1660857552.0612314,LIDAR_ONLY,-30.009861096704604,31.510882642484418,14.001379908730316,-0.10622223338625914,-0.30852015281878237,-0.14004703864975235,0.9348363382991405,,,,147,38.35869914231636,40.47354407915236,5.573032596874493
1660857552.1718779,LIDAR_ONLY,-30.034422272042445,31.516263052471146,14.014907896126775,-0.10738080631098466,-0.3080947873555794,-0.14149711315416472,0.9346258777764291,,,,150,38.336627531736326,40.49243777863098,5.5735747629082
1660857552.264425,LIDAR_ONLY,-30.051119898591626,31.527616466193628,14.035734202613986,-0.10442920558448845,-0.30845350183973036,-0.14103582536255244,0.9349116932566968,,,,148,38.336627531736326,40.49243777863098,5.5735747629082
1660857552.3750746,LIDAR_ONLY,-30.074963211989363,31.522265591933383,14.045096821922494,-0.10452505140605324,-0.3080080687484562,-0.14318583082603983,0.9347210070738033,,,,148,38.32441168749656,40.496092127329696,5.577130594452714
1660857552.4957402,LIDAR_ONLY,-30.076473950981768,31.527231520990235,14.062629483521667,-0.10611912520108778,-0.308229037143983,-0.14202541543334346,0.9346455870001394,,,,145,38.32441168749656,40.496092127329696,5.577130594452714
1660857552.5762115,LIDAR_ONLY,-30.100328797338836,31.515960418622832,14.077664878183748,-0.10784772320261972,-0.3085468374494523,-0.14209037788483317,0.9343329397021695,,,,144,38.31424324323706,40.50486552155745,5.569184555582863
1660857552.677778,LIDAR_ONLY,-30.12415307826294,31.513806884270707,14.085860765059316,-0.10857607964945655,-0.3089729830491082,-0.14398181839594382,0.9338180586415578,,,,146,38.30682888117452,40.536874085268984,5.58481213608708
1660857552.7682667,LIDAR_ONLY,-30.121603875527892,31.500276297663433,14.113872045126252,-0.10806532164211655,-0.30813236369697367,-0.14638061901732197,0.9337821197029892,,,,145,38.30682888117452,40.536874085268984,5.58481213608708
1660857552.8808415,LIDAR_ONLY,-30.122915595668072,31.507601005115397,14.113758382374046,-0.1086085729306356,-0.3084067585323382,-0.14462409649591942,0.9339022003883949,,,,145,38.308237572799364,40.53428511921608,5.582479701470455
1660857552.9713202,LIDAR_ONLY,-30.12697221261963,31.509960972044773,14.132414470636393,-0.10900365187165675,-0.30837830702124003,-0.14453145313115226,0.933879908068031,,,,149,38.308237572799364,40.53428511921608,5.582479701470455
1660857553.0721433,LIDAR_ONLY,-30.115400753458157,31.508554495681608,14.156761688388475,-0.11053038965555184,-0.30968591492959496,-0.1448439194156742,0.9332191093548811,,,,149,38.299068673953066,40.55649719109129,5.590466074153607
1660857553.1730447,LIDAR_ONLY,-30.098773655050707,31.518602242091767,14.196479740772613,-0.11089274092367922,-0.310176332240359,-0.14464241671101696,0.9330444867295175,,,,145,38.299068673953066,40.55649719109129,5.590466074153607
1660857553.273637,LIDAR_ONLY,-30.072848728114487,31.495233896850486,14.246694762152316,-0.11084588052802596,-0.31108127204285313,-0.14710416176910063,0.9323636621749999,,,,138,38.30048025729413,40.53729541533048,5.583656099144646
1660857553.3842757,LIDAR_ONLY,-30.026450602835787,31.458873308756175,14.301301025149813,-0.10855392872488014,-0.3107584572339712,-0.14603922687541818,0.932908232373145,,,,130,38.30048025729413,40.53729541533048,5.583656099144646
1660857553.476115,LIDAR_ONLY,-29.930979699193827,31.43437750443949,14.361830736325803,-0.10946085811127909,-0.3084641658639177,-0.14492564570886374,0.9337369737432961,,,,134,38.29855141720035,40.51339737920767,5.595729789604831
1660857553.6075697,LIDAR_ONLY,-29.881565544005248,31.398887945403686,14.461317888990546,-0.10939829180557915,-0.3113883778891142,-0.1467975151746014,0.932480445588094,,,,117,38.296434863508026,40.435046530206584,5.614354957793746
1660857553.6779842,LIDAR_ONLY,-29.7888729356722,31.369628666216435,14.534879062392262,-0.11181925691765493,-0.31376788071644984,-0.1461266268843569,0.9315004990489759,,,,118,38.296434863508026,40.435046530206584,5.614354957793746
1660857553.7797623,LIDAR_ONLY,-29.65107712057049,31.337569358344076,14.610295046409696,-0.11075458735668374,-0.3089996768810061,-0.1450770012455375,0.933383782147776,,,,114,38.277314653989194,40.214135325933306,5.66688435453522
1660857553.890392,LIDAR_ONLY,-29.58554295270251,31.327802126221876,14.714436372882089,-0.1108403432528203,-0.3111515100860665,-0.14542820405568374,0.9326037709251963,,,,123,38.277314653989194,40.214135325933306,5.66688435453522
1660857554.0029292,LIDAR_ONLY,-29.47216893031719,31.273189999620826,14.811508908938892,-0.11043662936133439,-0.3116511214944216,-0.14583760504798543,0.9324208933311418,,,,121,38.289160900156695,40.01908002970022,5.70754385855843
1660857554.1245742,LIDAR_ONLY,-29.31794107428079,31.250071420778816,14.874049737022704,-0.11091621113310124,-0.30814694983131186,-0.14387056413961244,0.9338331286646915,,,,107,38.289160900156695,40.01908002970022,5.70754385855843
1660857554.2051055,LIDAR_ONLY,-29.228645062712697,31.20661179191721,14.989665837216004,-0.10822770603643729,-0.3079432349101238,-0.14399636741043678,0.93419632513288,,,,121,38.283061123804096,39.8286619593995,5.733993461511767
1660857554.2956715,LIDAR_ONLY,-29.12329511489159,31.18665811474478,15.064817266347026,-0.11284978178845148,-0.30942357704414913,-0.1455403521901069,0.9329201373128795,,,,117,38.283061123804096,39.8286619593995,5.733993461511767
1660857554.4163847,LIDAR_ONLY,-28.933674817008555,31.135489806767517,15.151178445909325,-0.11250096814439155,-0.3056319344080826,-0.14738864957854736,0.93392143074884,,,,111,38.31079171088995,39.60809258204034,5.778573946874576
1660857554.4984868,LIDAR_ONLY,-28.842448642835713,31.117613456797066,15.242350232711257,-0.11071052440491932,-0.30863834077837843,-0.14666756569949246,0.9332599742619109,,,,116,38.31079171088995,39.60809258204034,5.778573946874576
1660857554.599196,LIDAR_ONLY,-28.715346271408116,31.0829624903753,15.323916765726079,-0.10960128583123628,-0.3076826369528323,-0.14767472702568638,0.9335476035317002,,,,119,38.30560900108842,39.28490950193617,5.823021276917909
1660857554.699702,LIDAR_ONLY,-28.55265203684426,31.067105255368674,15.389661585959805,-0.11000009717157358,-0.304665715190365,-0.14562914033337127,0.9348106407693224,,,,113,38.30560900108842,39.28490950193617,5.823021276917909
1660857554.7902122,LIDAR_ONLY,-28.459756491756146,31.02557501061682,15.51624134553963,-0.10968293515937676,-0.30669174982582414,-0.1461470512435721,0.9341043109505528,,,,124,38.34315888544746,38.93583348371421,5.860263738750831
1660857554.8928535,LIDAR_ONLY,-28.344457729493197,31.012903217144,15.586307656601193,-0.11257778646018239,-0.3061215701141911,-0.14744188345233863,0.9337433894334004,,,,120,38.34315888544746,38.93583348371421,5.860263738750831
1660857554.9953413,LIDAR_ONLY,-28.192106672437557,30.9802913040957,15.672604321344462,-0.11108002738607167,-0.2972365541766153,-0.14850562005865492,0.9366203815784259,,,,115,38.33204766725873,38.60885545665465,5.888482566513435
1660857555.088458,LIDAR_ONLY,-28.09654387896395,30.97319654989905,15.740258402394787,-0.106582815088046,-0.30226151692897946,-0.14669707966023432,0.9358194514599804,,,,120,38.33204766725873,38.60885545665465,5.888482566513435
1660857555.1995416,LIDAR_ONLY,-27.989098265879356,30.928716561365825,15.835860414699948,-0.10719553912872275,-0.30126445348218384,-0.1468224742759133,0.9360512841220199,,,,118,38.35527594967991,38.32316014488551,5.942602195451019
1660857555.30011,LIDAR_ONLY,-27.86004086415865,30.899296102521618,15.91396182832596,-0.10768877233832685,-0.2981433505264058,-0.14449306908299542,0.9373555482505715,,,,116,38.35527594967991,38.32316014488551,5.942602195451019
1660857555.4007087,LIDAR_ONLY,-27.75020813055872,30.857760928440022,16.01379663643129,-0.10601386047002752,-0.3025968407814946,-0.14533303135227776,0.93598852735237,,,,105,38.29276239104676,38.00989943782333,5.938131122781788
1660857555.4932485,LIDAR_ONLY,-27.646016754725835,30.84718503564627,16.09149185040816,-0.11052268340053151,-0.302471983572228,-0.14706841835270598,0.9352359680482041,,,,123,38.29276239104676,38.00989943782333,5.938131122781788
1660857555.5956964,LIDAR_ONLY,-27.48683085532158,30.808938249676018,16.18307853314888,-0.11330419488676531,-0.296742583819931,-0.149453338436626,0.9363598122511884,,,,112,38.29843414698302,37.75336968981291,5.950597082999334
1660857555.6962729,LIDAR_ONLY,-27.387028716196454,30.80902229414773,16.26134219756551,-0.11176061584103886,-0.30126862656157233,-0.1488918541956962,0.9351887484089525,,,,123,38.29843414698302,37.75336968981291,5.950597082999334
1660857555.806896,LIDAR_ONLY,-27.274041249783885,30.768642809414573,16.367091294926315,-0.10875520990188942,-0.30137634144479325,-0.1481215695036294,0.9356305925868013,,,,116,38.296624848862244,37.46554079304589,5.995111853664652
1660857555.9003294,LIDAR_ONLY,-27.11234148483665,30.78165243133813,16.44310772982438,-0.10785309405638713,-0.29965883476918104,-0.14593955537630282,0.9366290295649649,,,,116,38.296624848862244,37.46554079304589,5.995111853664652
1660857556.0028903,LIDAR_ONLY,-27.00533168014465,30.763913771224964,16.52889553020992,-0.10714534623297144,-0.30436479484438944,-0.14767753102600614,0.9349188698865868,,,,120,38.31990512857959,37.15200359009029,6.052753232831504
1660857556.1135147,LIDAR_ONLY,-26.90952538875651,30.75944561841999,16.615598029058493,-0.11324771221727566,-0.30589331638628453,-0.14941220949234335,0.9334239263712762,,,,127,38.35104087203851,36.87774287629827,6.080368680566149
1660857556.2040288,LIDAR_ONLY,-26.758110827395754,30.74533866583878,16.702052392135343,-0.10899218771538312,-0.2987109302486084,-0.14891119529417893,0.9363321734742883,,,,113,38.35104087203851,36.87774287629827,6.080368680566149
1660857556.3065798,LIDAR_ONLY,-26.650536741140886,30.75811652832398,16.776898726682084,-0.10214323965487426,-0.3048945594100312,-0.14650447966285596,0.9354905150100057,,,,119,38.35497378659184,36.58657110633644,6.047391190582772
1660857556.4072165,LIDAR_ONLY,-26.555263129104812,30.72251992292044,16.88348530994559,-0.10218375244182258,-0.3048440236017565,-0.14703729698777612,0.9354189624471639,,,,116,38.35497378659184,36.58657110633644,6.047391190582772
1660857556.5178583,LIDAR_ONLY,-26.39856281328436,30.715232392230178,16.95520109979505,-0.1018553819880222,-0.3017045304995709,-0.14596386821478913,0.9366399556990312,,,,120,38.38948390834751,36.479399671786894,6.037694651449945
1660857556.6084404,LIDAR_ONLY,-26.29052768228029,30.68754464066855,17.05050562508267,-0.10239107686211993,-0.30645742582837016,-0.14763080575821635,0.9347754054984782,,,,126,38.38948390834751,36.479399671786894,6.037694651449945
1660857556.7090511,LIDAR_ONLY,-26.17270446451286,30.679363362363603,17.13716687444137,-0.10368541696961427,-0.3071693834854948,-0.14814273967287225,0.9343179506138122,,,,119,38.411171461525775,36.16451078778962,6.041768742861837
1660857556.8096244,LIDAR_ONLY,-26.029644508386532,30.647132647999953,17.2072091356008,-0.10303721760176651,-0.30304091018652096,-0.14823657933789358,0.9357218898200531,,,,125,38.411171461525775,36.16451078778962,6.041768742861837
1660857556.910229,LIDAR_ONLY,-25.91666499117415,30.639132350714924,17.27811743071011,-0.10349454074724687,-0.3072179097684203,-0.14932354362797154,0.9341351697005229,,,,123,38.422364962098676,35.85172467984245,6.058554006148206
1660857557.0259514,LIDAR_ONLY,-25.8045425683319,30.596046943892635,17.369085498213675,-0.10033529842024592,-0.30879655759222974,-0.1479643556384875,0.9341756062810653,,,,125,38.422364962098676,35.85172467984245,6.058554006148206
1660857557.1071968,LIDAR_ONLY,-25.645507063118007,30.58856649857539,17.447957956379476,-0.0986623367695651,-0.3060339493100637,-0.1461572839416119,0.9355463716586503,,,,129,38.422364962098676,35.85172467984245,6.058554006148206
1660857557.2178354,LIDAR_ONLY,-25.54256669748505,30.554806557419862,17.537235273861604,-0.1009934159338278,-0.30962775492157146,-0.1480519727355479,0.933815611718586,,,,120,38.43004378013803,35.57785909334411,6.0668486496789935
1660857557.3202505,LIDAR_ONLY,-25.426538822444424,30.542161856906763,17.629983816638813,-0.10423804625590799,-0.3089481553269275,-0.1495471188775488,0.9334458346729415,,,,127,38.43004378013803,35.57785909334411,6.0668486496789935
1660857557.4223936,LIDAR_ONLY,-25.280319415124314,30.515334026610564,17.709752697428883,-0.1035140014367767,-0.30426161763658877,-0.14914284864745883,0.935128937760475,,,,124,38.42550738385989,35.30586065838531,6.0858066623074185
1660857557.5550494,LIDAR_ONLY,-25.169577871511184,30.507050606163297,17.781791611093336,-0.09838435027234603,-0.30929370390191335,-0.148465885537599,0.9341390716481462,,,,123,38.42550738385989,35.30586065838531,6.0858066623074185
1660857557.6356742,LIDAR_ONLY,-25.084693685568332,30.471601923690276,17.890631995562924,-0.09844689394564207,-0.3072479120641763,-0.1483216224022781,0.9348302658411396,,,,128,38.42550738385989,35.30586065838531,6.0858066623074185
1660857557.7279973,LIDAR_ONLY,-24.928048273156826,30.444195728748316,17.9659257297348,-0.0958273339915489,-0.3050512992605695,-0.14712825984083078,0.9360096698409262,,,,118,38.43858602334869,34.872088733784395,6.149149472675389
1660857557.8587594,LIDAR_ONLY,-24.830514817731082,30.41062256495473,18.042042546747545,-0.09517593805410672,-0.3095889006402838,-0.14691516033659568,0.9346187399571729,,,,122,38.43858602334869,34.872088733784395,6.149149472675389
1660857557.941452,LIDAR_ONLY,-24.721979664272393,30.386091771590426,18.138290552219594,-0.09852903592817842,-0.3088758919338127,-0.14902046228859206,0.9341737602183278,,,,129,38.452177721966606,34.58097607105458,6.184640491968314
1660857558.0320182,LIDAR_ONLY,-24.587040506902937,30.36160334250799,18.208552807359094,-0.09817850397299913,-0.3039718534313217,-0.14848494092998474,0.935902941546916,,,,126,38.452177721966606,34.58097607105458,6.184640491968314
1660857558.1338568,LIDAR_ONLY,-24.470703245298733,30.342915448818545,18.293247250400302,-0.09819222665232034,-0.309275873801038,-0.14939330847406404,0.9340173231224552,,,,122,38.452177721966606,34.58097607105458,6.184640491968314
1660857558.22753,LIDAR_ONLY,-24.360270111595284,30.30413078986631,18.378757526724083,-0.09567260618878597,-0.31064079633223207,-0.14764061368600614,0.9341045430087265,,,,127,38.50220177678937,34.1684013446785,6.208263246807553
1660857558.3281558,LIDAR_ONLY,-24.200166069636655,30.27255331211287,18.464135731706904,-0.09605028224084547,-0.3078452007007674,-0.14713851405470216,0.9350700152227813,,,,120,38.50220177678937,34.1684013446785,6.208263246807553
1660857558.4297285,LIDAR_ONLY,-24.099906097419684,30.243040668519818,18.53625138684828,-0.09645107093712982,-0.31168192715104454,-0.14733119906328337,0.9337264508329338,,,,114,38.513849451868815,33.855334083150645,6.234791337259373
1660857558.5315385,LIDAR_ONLY,-23.966064226062446,30.214882636984907,18.644638636663366,-0.10028897265194728,-0.31311749749292345,-0.1489654922806572,0.932581812409918,,,,124,38.513849451868815,33.855334083150645,6.234791337259373
1660857558.6232667,LIDAR_ONLY,-23.821904774542254,30.195875495964664,18.696865442785068,-0.1013320552694619,-0.3104593201045839,-0.14936553690208165,0.9332935023458694,,,,123,38.513849451868815,33.855334083150645,6.234791337259373
1660857558.7238293,LIDAR_ONLY,-23.702112269042974,30.190425061920013,18.779769112346596,-0.09850932225562446,-0.31437768682431355,-0.1492519813946006,0.9323016837405783,,,,108,38.532814488929944,33.48186448346821,6.2890057757073565
1660857558.835984,LIDAR_ONLY,-23.56304650592789,30.167560361891372,18.852016635737314,-0.10022236849047876,-0.31266582105493224,-0.14947879009725382,0.9326583793164918,,,,124,38.532814488929944,33.48186448346821,6.2890057757073565
1660857558.9768434,LIDAR_ONLY,-23.42650849789737,30.137242523490045,18.940583946819594,-0.10014856665344961,-0.3124878294150358,-0.1477291616006173,0.9330046708765813,,,,102,38.53084143664269,33.16313826518661,6.312038957063111
1660857559.05734,LIDAR_ONLY,-23.315330894759924,30.110500005370316,19.004139122330237,-0.1014155003193764,-0.31515410598685023,-0.1477877182093398,0.9319611451777786,,,,125,38.53084143664269,33.16313826518661,6.312038957063111
1660857559.1284184,LIDAR_ONLY,-23.178395019353783,30.09341618611345,19.10051468428766,-0.10322419637341167,-0.313544106165182,-0.1487244370527275,0.9321565858778715,,,,107,38.53084143664269,33.16313826518661,6.312038957063111
1660857559.259422,LIDAR_ONLY,-23.060840750995673,30.085385968625268,19.14818388218358,-0.10752565427021914,-0.31141307228448634,-0.14168921038695897,0.9334796729142091,,,,116,38.57222384004914,32.74488069484699,6.340996650616598
1660857559.3500721,LIDAR_ONLY,-22.95559082983401,30.094368098908696,19.206391787960307,-0.11798223370172821,-0.3161842560501513,-0.1264219293956285,0.9328050195644586,,,,120,38.57222384004914,32.74488069484699,6.340996650616598
1660857559.4427283,LIDAR_ONLY,-22.832141432966107,30.098954320734144,19.267286091703937,-0.14223752069837206,-0.3168777990389788,-0.10341003636348886,0.9320210901911473,,,,112,38.57222384004914,32.74488069484699,6.340996650616598
1660857559.545177,LIDAR_ONLY,-22.73648822949485,30.102957730003986,19.346159015495747,-0.16093304613507495,-0.3222675865252577,-0.0693301143843699,0.9302889296215029,,,,115,38.6022530781778,32.45150184349164,6.377459895422088
1660857559.6504557,LIDAR_ONLY,-22.642613212147996,30.124959157786844,19.387653292156806,-0.18012754627898658,-0.33830357588594523,-0.02654541534343977,0.9232551643714421,,,,114,38.6022530781778,32.45150184349164,6.377459895422088
1660857559.7510796,LIDAR_ONLY,-22.53037715788441,30.16590352476397,19.518477764118984,-0.20588115624423972,-0.34908016611682824,0.01626502602537464,0.9140522064169947,,,,100,38.63190625476802,32.02857550919297,6.380983799968214
1660857559.8327599,LIDAR_ONLY,-22.42620038210163,30.209468180842855,19.588702954645353,-0.20108647264945642,-0.35357523372130645,0.05382440787873447,0.911949405248354,,,,106,38.63190625476802,32.02857550919297,6.380983799968214
1660857559.9440734,LIDAR_ONLY,-22.30927855316274,30.253305336989232,19.693211557248286,-0.18366187578396137,-0.36495623637803276,0.08628399216458649,0.9086420272078767,,,,111,38.63190625476802,32.02857550919297,6.380983799968214
1660857560.0448265,LIDAR_ONLY,-22.169810208534336,30.30874068016108,19.74364224155559,-0.17383805489473889,-0.35780308668415095,0.11007306691617101,0.9108464205174086,,,,110,38.668206620867124,31.649299103406598,6.278875328686338
1660857560.1556838,LIDAR_ONLY,-22.05506225858587,30.370685975516672,19.861977069615822,-0.1575491728109428,-0.3550108786293164,0.12397938458213546,0.9131126143034405,,,,110,38.668206620867124,31.649299103406598,6.278875328686338
1660857560.2562776,LIDAR_ONLY,-21.946023296894587,30.412643076647278,19.921568230830278,-0.1495932457011081,-0.35811877663816205,0.1280944541090142,0.9126689506531422,,,,110,38.668206620867124,31.649299103406598,6.278875328686338
1660857560.369836,LIDAR_ONLY,-21.825504338062323,30.473060976497624,20.002858358986476,-0.14624357187635353,-0.3560443473487703,0.1265957729631429,0.9142312347944028,,,,115,38.82406665035933,31.279102464896273,6.263343857895794
1660857560.4704947,LIDAR_ONLY,-21.731298291159867,30.538266857779778,20.077919436912566,-0.14242415468493477,-0.35565162983237564,0.1275801732932542,0.9148500301920091,,,,110,38.82406665035933,31.279102464896273,6.263343857895794
1660857560.5611777,LIDAR_ONLY,-21.638207132054045,30.588905907969593,20.151389857117998,-0.13703495372040475,-0.35531877115992133,0.12871986314102427,0.9156425007355251,,,,110,38.82406665035933,31.279102464896273,6.263343857895794
1660857560.6733532,LIDAR_ONLY,-21.522046509245566,30.6621581012606,20.190274784535376,-0.14078210187020054,-0.3526271165349796,0.13045805935454352,0.9158685556490521,,,,121,39.01312152014758,30.87719602918568,6.1342225158576245
1660857560.763957,LIDAR_ONLY,-21.414964730098767,30.695436129039834,20.29691388440629,-0.1357153829786842,-0.3561696805406872,0.130797221980716,0.9152139532418753,,,,119,39.01312152014758,30.87719602918568,6.1342225158576245
1660857560.8649151,LIDAR_ONLY,-21.356133113429916,30.753536192854078,20.332092542424785,-0.13716780576938087,-0.357261102547853,0.12982077192673305,0.9147109187295477,,,,119,39.01312152014758,30.87719602918568,6.1342225158576245
1660857560.9655895,LIDAR_ONLY,-21.297751464927902,30.82241205210665,20.37374121922769,-0.14881709130037848,-0.35694488812506603,0.1338867944556557,0.9124243236831578,,,,130,39.01312152014758,30.87719602918568,6.1342225158576245
1660857561.0675771,LIDAR_ONLY,-21.28302748680734,30.902714611444992,20.450016569600642,-0.15294480037301933,-0.3626138099410095,0.1437310936142524,0.9079980647597075,,,,115,39.21689683414672,30.509766552280343,6.061693871720681
1660857561.178368,LIDAR_ONLY,-21.205179591524278,31.00235720066089,20.43884851328064,-0.1462417662757705,-0.3778050170459305,0.1606291875743363,0.9000416540308986,,,,111,39.21689683414672,30.509766552280343,6.061693871720681
1660857561.26192,LIDAR_ONLY,-21.214824585832652,31.12306534308592,20.529556688209542,-0.17173477404016202,-0.38594639817405874,0.18096121004886465,0.8881472769645224,,,,101,39.21689683414672,30.509766552280343,6.061693871720681
1660857561.362555,LIDAR_ONLY,-21.18186184670646,31.193529493452246,20.594267024970385,-0.16407432187383636,-0.38913485120896557,0.2222101037600458,0.8787925547381286,,,,106,39.21689683414672,30.509766552280343,6.061693871720681
1660857561.4638977,LIDAR_ONLY,-21.127189056135148,31.271691068081246,20.64399469887799,-0.1639624274478034,-0.3901890093823835,0.24016970755305075,0.8736059586086282,,,,105,39.43494125969414,30.143654132311603,5.897436208871721
1660857561.5558465,LIDAR_ONLY,-21.10769565054629,31.327312587858067,20.68424979970201,-0.15360001005260238,-0.38731079811614955,0.2406814013007811,0.8766241187888708,,,,114,39.43494125969414,30.143654132311603,5.897436208871721
1660857561.6566088,LIDAR_ONLY,-21.084447723181814,31.371679169282025,20.673562130179416,-0.13892271338489268,-0.3807067877975508,0.24387027728222516,0.8810732712373814,,,,122,39.737507671627576,29.88605593047577,5.786756358072498
1660857561.7571824,LIDAR_ONLY,-21.102687814899014,31.40917347649662,20.677776054097038,-0.13986410934271898,-0.3830091518634657,0.24148264836951677,0.8805839829584917,,,,123,39.737507671627576,29.88605593047577,5.786756358072498
1660857561.857788,LIDAR_ONLY,-21.12117748503624,31.43403745140114,20.68782297045035,-0.14531816383957702,-0.3869127712235273,0.24111687076810479,0.8780909937776503,,,,129,39.737507671627576,29.88605593047577,5.786756358072498
1660857561.958411,LIDAR_ONLY,-21.125079265415984,31.44799757558343,20.678389739121073,-0.14406676988883602,-0.387566630928423,0.24185439785631993,0.8778059709538011,,,,122,40.105802854132364,29.708280950014505,5.598542561909512
1660857562.0598352,LIDAR_ONLY,-21.132581337990512,31.465739482841784,20.682983993897682,-0.1427754023835828,-0.3858167670438039,0.24079066106166483,0.8790793276420278,,,,128,40.105802854132364,29.708280950014505,5.598542561909512
1660857562.1503854,LIDAR_ONLY,-21.15971411078216,31.47619564056633,20.718106067860063,-0.14209961618860217,-0.38134296828831843,0.24550931809830695,0.8798354473098995,,,,137,40.23699193234589,29.600971304608233,5.513287515175696
1660857562.2730284,LIDAR_ONLY,-21.16191869587458,31.489658459336795,20.735631468709453,-0.1420539098445255,-0.38146191328244017,0.24532382424702448,0.8798430068311044,,,,130,40.23699193234589,29.600971304608233,5.513287515175696
1660857562.3635817,LIDAR_ONLY,-21.166096308565855,31.49816651406549,20.74152549151412,-0.14410653859729083,-0.3799029786962015,0.24469406111253506,0.8803589317815298,,,,135,40.23699193234589,29.600971304608233,5.513287515175696
1660857562.4557168,LIDAR_ONLY,-21.165245780974125,31.49209874446585,20.72664797562991,-0.14438013242045591,-0.3787756953707875,0.24515482966748053,0.8806715956866876,,,,137,40.306273664319455,29.636268699281917,5.47068040209489
1660857562.5563312,LIDAR_ONLY,-21.15510824800716,31.480780915051675,20.7038576440635,-0.14050972615326005,-0.37778442806829143,0.24355696041230865,0.8821654888965942,,,,125,40.306273664319455,29.636268699281917,5.47068040209489
1660857562.6569638,LIDAR_ONLY,-21.165146076533993,31.482676606901727,20.69434625123465,-0.14050561441105203,-0.378695392542627,0.2427220169554531,0.8820056657817088,,,,139,40.37225243597532,29.654055196044904,5.483161559469526
1660857562.770024,LIDAR_ONLY,-21.15823227258093,31.482147783692163,20.70053852437442,-0.14221832390894307,-0.37950537153669095,0.24341097274258577,0.8811927823511932,,,,142,40.37225243597532,29.654055196044904,5.483161559469526
1660857562.8706455,LIDAR_ONLY,-21.157076280623443,31.48898608983189,20.696393373203165,-0.1439680643489416,-0.3806657025605666,0.24224621526196508,0.880729010838716,,,,146,40.37225243597532,29.654055196044904,5.483161559469526
1660857562.9624789,LIDAR_ONLY,-21.147605405209706,31.49276013115422,20.691768598999914,-0.14643127369365552,-0.3815743252184191,0.2413703126543913,0.8801700339069055,,,,143,40.38951751540742,29.649783750471908,5.4718160388925146
1660857563.0731554,LIDAR_ONLY,-21.140760152471927,31.49637629268677,20.69602080132231,-0.14679474089279662,-0.38145527962627984,0.2400740442280181,0.8805155461316154,,,,146,40.38951751540742,29.649783750471908,5.4718160388925146
1660857563.1637285,LIDAR_ONLY,-21.137231540984835,31.501458943712578,20.699160959512113,-0.1449488236104366,-0.38096161696359493,0.23914156896517236,0.881288485643214,,,,146,40.3687564381808,29.656191944986922,5.465304205747367
1660857563.2643352,LIDAR_ONLY,-21.14076430813552,31.50277346180561,20.70359136681958,-0.14055191827757293,-0.3787153862284519,0.23967097435613283,0.882823673534818,,,,143,40.3687564381808,29.656191944986922,5.465304205747367
1660857563.3649764,LIDAR_ONLY,-21.13634160329394,31.502673899622437,20.709277517621953,-0.1407013952313304,-0.3780091979191139,0.23843313618918127,0.8834374925457354,,,,148,40.371333605131795,29.658769442023445,5.4421466851574705
1660857563.4658468,LIDAR_ONLY,-21.135081758425056,31.506091067172456,20.70664752155601,-0.1411241760765796,-0.37851407230481804,0.23706909077215887,0.8835209732623167,,,,148,40.371333605131795,29.658769442023445,5.4421466851574705
1660857563.5681922,LIDAR_ONLY,-21.130958871307364,31.505706762669178,20.709068856402197,-0.14207662754499528,-0.37885803781146765,0.23570395233411254,0.8835861395162126,,,,148,40.371333605131795,29.658769442023445,5.4421466851574705
1660857563.6709676,LIDAR_ONLY,-21.133709274781754,31.505328250983247,20.71133699761086,-0.14043101674006014,-0.37919388282564526,0.23518827421592087,0.8838425224191812,,,,148,40.381151187448964,29.656052759149148,5.443886062085359
1660857563.7736256,LIDAR_ONLY,-21.12142898277914,31.460357684076705,20.7350812760481,-0.135912605502137,-0.3789734100223423,0.22523561084839142,0.8872293039386212,,,,149,40.381151187448964,29.656052759149148,5.443886062085359
1660857563.8742764,LIDAR_ONLY,-21.114446859152604,31.420917957415952,20.755929241410552,-0.12916562585705166,-0.3726956989835989,0.1887025946490089,0.8993361372861733,,,,127,40.38274813030195,29.643211464767965,5.444951662937547
1660857563.975274,LIDAR_ONLY,-21.10455464400254,31.41097719944146,20.770372384597803,-0.1230147463290059,-0.36991587971348755,0.14417314644940132,0.909529393678009,,,,127,40.38274813030195,29.643211464767965,5.444951662937547
1660857564.0697827,LIDAR_ONLY,-21.084106820645648,31.397414218378763,20.775295562142908,-0.11451102248498812,-0.36501702948003867,0.09914802434535175,0.9185964637355322,,,,116,40.38274813030195,29.643211464767965,5.444951662937547
1660857564.1905484,LIDAR_ONLY,-21.058737226640908,31.39094335399043,20.76919899345603,-0.10795768656098383,-0.3590666230740255,0.05538105608514791,0.9253913965093419,,,,122,40.384843383785736,29.64691623881408,5.443909292631704
1660857564.2845268,LIDAR_ONLY,-21.08518090649801,31.381136930764036,20.807983698246414,-0.10269565023048431,-0.3565079523912454,0.021678342397423497,0.9283780117906928,,,,122,40.384843383785736,29.64691623881408,5.443909292631704
1660857564.3750908,LIDAR_ONLY,-21.06074059669874,31.384729684933134,20.781766680029452,-0.09803265631383691,-0.3595923049288415,-0.0031389606520418408,0.9279402564055734,,,,113,40.297215697145596,29.58933460966097,5.51806068455812
1660857564.4756806,LIDAR_ONLY,-21.059795870533776,31.38322084787655,20.815872338548893,-0.10077454443153719,-0.3584504532331128,-0.0197789103887402,0.9278828366100036,,,,136,40.297215697145596,29.58933460966097,5.51806068455812
1660857564.6065967,LIDAR_ONLY,-21.04033243629105,31.39050422618174,20.80838331985217,-0.10032487268064011,-0.3544776209767144,-0.028732856641710627,0.9292227715125738,,,,127,40.201223699648935,29.5967976126776,5.549592525596543
1660857564.6871512,LIDAR_ONLY,-21.027245377857817,31.395352356581746,20.82037762914206,-0.10168579730719024,-0.347982072246149,-0.027943454572476472,0.9315512006153139,,,,135,40.201223699648935,29.5967976126776,5.549592525596543
1660857564.787781,LIDAR_ONLY,-21.032926596681037,31.396302139282085,20.827880413111536,-0.10142510210475782,-0.34558893054455075,-0.026771134860741827,0.9325044482930798,,,,134,40.201223699648935,29.5967976126776,5.549592525596543
1660857564.8898158,LIDAR_ONLY,-21.043463280786238,31.39184557079161,20.83794811458032,-0.10188511519788992,-0.3414283702939222,-0.029548539614270435,0.9339020157737176,,,,140,40.184610420938874,29.626091032210635,5.542725408540139
1660857564.992462,LIDAR_ONLY,-21.04283251546991,31.391287478656984,20.83600513862477,-0.0958078744238481,-0.33905124035838713,-0.026723715413600302,0.9354950297272114,,,,137,40.184610420938874,29.626091032210635,5.542725408540139
1660857565.0830145,LIDAR_ONLY,-21.071584928805354,31.39999518854195,20.830026419773255,-0.0974030845472275,-0.3474238270008064,-0.027204004972064166,0.9322388458256174,,,,136,40.20537536618768,29.591592067734776,5.57117353567805
1660857565.1837344,LIDAR_ONLY,-21.084834713063977,31.4004931152069,20.816239574915347,-0.0981232763068311,-0.3531968986600706,-0.027543129593911014,0.9299812629488264,,,,121,40.20537536618768,29.591592067734776,5.57117353567805
1660857565.2843335,LIDAR_ONLY,-21.09567457447268,31.412201405715138,20.816947005164735,-0.1025369639920255,-0.3594378417018464,-0.02684379599330273,0.9271299906618741,,,,128,40.20179373787159,29.599097604560846,5.538510849092278
1660857565.3849766,LIDAR_ONLY,-21.10351177509181,31.41894811212768,20.799807319946872,-0.10500636790482858,-0.36029965260323193,-0.027413936393889216,0.9265021851700179,,,,128,40.20179373787159,29.599097604560846,5.538510849092278
1660857565.4855697,LIDAR_ONLY,-21.080602790675282,31.433607790764924,20.780308411889404,-0.10224359580862194,-0.3578989532058288,-0.02615752232653862,0.9277771124769308,,,,140,40.22355092283163,29.625712603704518,5.532611780084245
1660857565.5881615,LIDAR_ONLY,-21.106057675094792,31.4266869727186,20.806216412899996,-0.1003234174131353,-0.3585037392294511,-0.029300838331211904,0.9276592810672136,,,,141,40.22355092283163,29.625712603704518,5.532611780084245
1660857565.678986,LIDAR_ONLY,-21.06752262628731,31.423815510967636,20.80675795826092,-0.1020367993857913,-0.3515212736214787,-0.029535933070404155,0.9301338153299761,,,,141,40.2416388604837,29.654936977029426,5.517417119832389
1660857565.7900798,LIDAR_ONLY,-21.065254802298377,31.406908138390534,20.836919661608572,-0.09722619061014734,-0.3400062737206392,-0.023243543528881357,0.9350949360221485,,,,133,40.2416388604837,29.654936977029426,5.517417119832389
1660857565.8906443,LIDAR_ONLY,-21.035340063117467,31.424274731129678,20.848478557202643,-0.10254511343086456,-0.33883068549707956,-0.020846131032629323,0.9350100026726991,,,,139,40.2335438929404,29.65308170793003,5.48358980372537
1660857565.983474,LIDAR_ONLY,-20.996712845354736,31.42785851606589,20.9231633178477,-0.09893183646262299,-0.3347353011238294,-0.01810498922089964,0.9369295487287095,,,,139,40.2335438929404,29.65308170793003,5.48358980372537
1660857566.086595,LIDAR_ONLY,-20.934806600724112,31.456268145755843,20.939852806655395,-0.10934601860576044,-0.33276636231072915,-0.019787962214016457,0.9364392307464323,,,,125,40.23714119661409,29.629715948255093,5.496051657460246
1660857566.18721,LIDAR_ONLY,-20.887811239197557,31.49842950602033,20.99516307282074,-0.11977919504577729,-0.3324733329761063,-0.015277322272475382,0.9353507527757317,,,,126,40.23714119661409,29.629715948255093,5.496051657460246
1660857566.2916853,LIDAR_ONLY,-20.820208462153303,31.531106042709098,21.042851441315914,-0.12270233189055621,-0.32986819214059276,-0.009085367939194991,0.9359746629326706,,,,108,40.25355580006778,29.58366466447315,5.497038073269271
1660857566.3922615,LIDAR_ONLY,-20.757106496382686,31.526297144258855,21.09854326346756,-0.11967687565438757,-0.33077016825595174,0.006674261821125958,0.9360683711431964,,,,108,40.31364036372619,29.469095374797337,5.501641670152816
1660857566.484968,LIDAR_ONLY,-20.69363227204061,31.549282740685292,21.121510100232964,-0.12296613175954396,-0.33556204240285675,0.05143837141199304,0.93254036914495,,,,113,40.31364036372619,29.469095374797337,5.501641670152816
1660857566.5974503,LIDAR_ONLY,-20.668559147390845,31.604466210002734,21.128544558738817,-0.13618172114791943,-0.3464308440918959,0.09786054980650936,0.9229645290467747,,,,104,40.38688956781998,29.366665821803128,5.455808252372098
1660857566.6990426,LIDAR_ONLY,-20.638594745377166,31.63877743172278,21.160228022370106,-0.15045166167915744,-0.35282014077884827,0.1390797812247442,0.9129836034744827,,,,113,40.38688956781998,29.366665821803128,5.455808252372098
1660857566.799618,LIDAR_ONLY,-20.619647490766752,31.673623612041254,21.181484894048495,-0.15837889529199406,-0.3631413288173828,0.18619948081584864,0.8990963542216938,,,,113,40.42451198981034,29.239857790825866,5.468700267557044
1660857566.902373,LIDAR_ONLY,-20.570611149710583,31.71265447549527,21.214151659934743,-0.17872497993349146,-0.3633915489409434,0.22739082366387603,0.8856056554807784,,,,82,40.42451198981034,29.239857790825866,5.468700267557044
1660857566.9948926,LIDAR_ONLY,-20.52898006834743,31.744609007966062,21.247197140019402,-0.18129010084369582,-0.37149991421564255,0.2785063152201503,0.8669232638799971,,,,104,40.476706102382884,29.197126799153004,5.385315792799909
1660857567.097411,LIDAR_ONLY,-20.507595354001097,31.778928975700744,21.27130069091434,-0.18797522271784384,-0.3797221771259534,0.3264575793455393,0.8449271168158553,,,,94,40.476706102382884,29.197126799153004,5.385315792799909
1660857567.1980524,LIDAR_ONLY,-20.494216279913623,31.846186479906763,21.316516637025934,-0.20122637186618736,-0.37713970991056506,0.36837364178398646,0.8255752215957969,,,,98,40.5939315980689,29.120479320154416,5.334800211622896
1660857567.298649,LIDAR_ONLY,-20.450303519860547,31.90902636256599,21.30605621483968,-0.2002622127220129,-0.3852769185157644,0.4093495705401323,0.8024273620168306,,,,98,40.5939315980689,29.120479320154416,5.334800211622896
1660857567.4030042,LIDAR_ONLY,-20.474609209696823,31.970441254558445,21.331615574468643,-0.2042686585442085,-0.4000902631059292,0.44636995935014273,0.7739224482428001,,,,106,40.73717213329597,28.990447859650157,5.3178939196899035
1660857567.4958546,LIDAR_ONLY,-20.493836750577948,32.08138676316996,21.34051385334667,-0.22382955524185372,-0.4077730898770737,0.48042838737908944,0.7435119380162403,,,,100,40.73717213329597,28.990447859650157,5.3178939196899035
1660857567.5971186,LIDAR_ONLY,-20.48969675575439,32.17334487183717,21.347342617885737,-0.2274748396694972,-0.41179567294725805,0.4994247249594658,0.7274987733037174,,,,100,40.86006596746356,28.964263460073052,5.2471795506630725
1660857567.6978166,LIDAR_ONLY,-20.47542476065455,32.237666893479755,21.37299953328111,-0.21283218665755743,-0.41354838361901486,0.5168065477118283,0.7187427822043465,,,,96,40.958149988486774,28.936526314689054,5.127624307624132
1660857567.8002155,LIDAR_ONLY,-20.462889407809122,32.31517765242951,21.39106396686406,-0.20538627789907532,-0.40969995831807127,0.5366685712283125,0.708483779391382,,,,113,40.958149988486774,28.936526314689054,5.127624307624132
1660857567.9020805,LIDAR_ONLY,-20.46050948404535,32.38263493424281,21.43115262854128,-0.1937064865279986,-0.4069150530656291,0.5455086651138361,0.7066245346372396,,,,119,41.14190224129736,29.02088474859709,4.985146263452157
1660857568.0127795,LIDAR_ONLY,-20.43819569257726,32.43657954600159,21.461489687149715,-0.18602222987512734,-0.41005535755201067,0.5419000786484656,0.7096440223773924,,,,127,41.14190224129736,29.02088474859709,4.985146263452157
1660857568.1033237,LIDAR_ONLY,-20.422338036871018,32.50943897101299,21.51396562596719,-0.17717165409699562,-0.4078987813572904,0.5308946191029598,0.7213734764733837,,,,126,41.208545429606055,29.00633686006323,4.968738794079572
1660857568.214605,LIDAR_ONLY,-20.38266725657954,32.56767498830194,21.569267840790754,-0.16998836590424252,-0.41011633337241693,0.5063868763103322,0.7392434511438261,,,,117,41.36500347573459,29.019147486673777,4.909386350446525
1660857568.3151875,LIDAR_ONLY,-20.322731153041058,32.612324852987626,21.602997736584577,-0.15854239247088286,-0.41271506108179495,0.4794852785781678,0.7580398774290675,,,,124,41.36500347573459,29.019147486673777,4.909386350446525
1660857568.4060435,LIDAR_ONLY,-20.29482782089673,32.643873561131606,21.66810596954751,-0.1679983243885314,-0.4146704602334754,0.4581748019433574,0.7680500135255313,,,,113,41.51353809991306,29.005814827938725,4.8676207994483445
1660857568.5066376,LIDAR_ONLY,-20.269507251267402,32.67696540937303,21.70458318163341,-0.17078810237294714,-0.4191519691954031,0.45053754578337546,0.7695186616625723,,,,105,41.51353809991306,29.005814827938725,4.8676207994483445
1660857568.607218,LIDAR_ONLY,-20.285606182762827,32.68423295126125,21.734375606473215,-0.16977850646966705,-0.42878267630578604,0.44012411953004094,0.7704618320519733,,,,133,41.5889092141549,28.969794124534882,4.860827425833572
1660857568.7102065,LIDAR_ONLY,-20.29657503860248,32.70958678229775,21.71550474019053,-0.17000445682864154,-0.42969309063772015,0.43768623518249117,0.7712931297816542,,,,127,41.655812552203415,28.855929117427877,4.871873919776663
1660857568.8107848,LIDAR_ONLY,-20.29999660604762,32.71655963348436,21.696632670541728,-0.16318945238167396,-0.4296595524459125,0.43830876727914675,0.7724294764893314,,,,127,41.655812552203415,28.855929117427877,4.871873919776663
1660857568.9132178,LIDAR_ONLY,-20.329129032900106,32.713405131648884,21.694384035467507,-0.16110191769051357,-0.43245421462974093,0.43612344391491104,0.7725450576071343,,,,135,41.72331276335279,28.785073616341364,4.872619367215865
1660857569.0147395,LIDAR_ONLY,-20.361914002949472,32.73104736699389,21.699238748043935,-0.16124826095433042,-0.43433882286967024,0.4272421803199316,0.776410268249245,,,,135,41.71400158040681,28.813287529001823,4.851584681058596
1660857569.115331,LIDAR_ONLY,-20.381437227484433,32.74706772330664,21.70075768668413,-0.15537636604066873,-0.43715940258670183,0.4085012986695409,0.786051226442229,,,,135,41.71400158040681,28.813287529001823,4.851584681058596
1660857569.2159212,LIDAR_ONLY,-20.381399718720555,32.74851884391706,21.70875265671122,-0.14810925980913944,-0.4380349304869501,0.38177583857143227,0.8002726134981513,,,,130,41.71309580232198,28.839366855309656,4.838005355811657
1660857569.358583,LIDAR_ONLY,-20.377099851158935,32.753885084108276,21.71517213233806,-0.14111092245176438,-0.43807977539939197,0.34796334983769456,0.816759037366934,,,,112,41.71231251497541,28.878322313621304,4.821998230816367
1660857569.4417937,LIDAR_ONLY,-20.37067895148624,32.75350395454025,21.729227126161724,-0.13461715804147167,-0.4366629169750951,0.3064962968144489,0.8350231959285132,,,,115,41.71231251497541,28.878322313621304,4.821998230816367
1660857569.5224752,LIDAR_ONLY,-20.362098173106745,32.73334565923698,21.738595497523033,-0.1249478385319931,-0.43463314373625245,0.2599572016690808,0.8531730898900328,,,,122,41.71294072925148,28.925225072423267,4.80529484929849
1660857569.6431892,LIDAR_ONLY,-20.352080818295864,32.69618747437411,21.7395719391412,-0.11158105080995052,-0.42818841433971955,0.21645424682812728,0.8702596796103174,,,,117,41.714143828625794,28.816160606377537,4.873697094512782
1660857569.74377,LIDAR_ONLY,-20.35810567666204,32.65660964893229,21.737799670563273,-0.10310167024151307,-0.4227892407239601,0.17282602062227861,0.8836008545250144,,,,111,41.714143828625794,28.816160606377537,4.873697094512782
1660857569.8343012,LIDAR_ONLY,-20.372909699092776,32.6226073459735,21.747107071692508,-0.09462288126872498,-0.41808958515299494,0.12338855723114078,0.8949988117709538,,,,119,41.69310925856601,28.80213629548219,4.899118506598982
1660857569.92484,LIDAR_ONLY,-20.376468568080515,32.58188137766799,21.758650649279748,-0.08604400481754437,-0.40882314160368904,0.07459932343817317,0.9054805404131088,,,,99,41.69310925856601,28.80213629548219,4.899118506598982
1660857570.0267832,LIDAR_ONLY,-20.375223832062815,32.545136693655934,21.764951742318623,-0.07544124787900644,-0.4004459797691793,0.027908390841078067,0.9127829737269545,,,,110,41.609750609380384,28.80971002681386,4.952837285940507
1660857570.1172748,LIDAR_ONLY,-20.356944634669613,32.51411535835981,21.758837972619066,-0.06264772248575344,-0.3921221238027269,-0.017695934248636483,0.9176068639689086,,,,110,41.609750609380384,28.80971002681386,4.952837285940507
1660857570.2178576,LIDAR_ONLY,-20.353005042692686,32.490825564957184,21.753849928102692,-0.051842037365244224,-0.3839787652284749,-0.06375293846399792,0.9196783534761716,,,,103,41.54053427064246,28.822674915292858,4.9468214180664765
1660857570.3199472,LIDAR_ONLY,-20.3623934626884,32.47764115625754,21.751484325888416,-0.04312597201584443,-0.3743058619380908,-0.1068230991392852,0.9201217841931306,,,,106,41.393247546447775,28.817162676841235,5.020961440204571
1660857570.4305665,LIDAR_ONLY,-20.369465769598975,32.48660742995796,21.73045256354778,-0.035391099044603615,-0.36648300661234556,-0.14723847450424396,0.9180187947958657,,,,102,41.393247546447775,28.817162676841235,5.020961440204571
1660857570.52679,LIDAR_ONLY,-20.392396976623026,32.47076392464239,21.75621916988497,-0.024567104869517537,-0.3594466327036852,-0.18577592938200088,0.9141563759327865,,,,106,41.260914876088194,28.81194429375275,4.961375974160965
1660857570.6274087,LIDAR_ONLY_SAFE,-20.40871635193421,32.469670321729744,21.747635917888093,-0.01305395683370745,-0.347737832327788,-0.22576908643176152,0.9099100580775679,,,,98,41.260914876088194,28.81194429375275,4.961375974160965
1660857570.7280123,LIDAR_ONLY,-20.432016699907095,32.48058869139225,21.748681547670344,-0.0065965568149208694,-0.33068263735791564,-0.2623817894560858,0.9065104937892462,,,,98,41.183441492120814,28.83696666680443,4.907945490230789
1660857570.8589325,LIDAR_ONLY,-20.444685515726942,32.4935285209582,21.741758668082465,-0.0021744976528873094,-0.3172498997696822,-0.29931021365828503,0.8998673061379195,,,,109,41.12150274023481,28.883023592095196,4.887611980855555
1660857570.951096,LIDAR_ONLY,-20.463182220447823,32.49969135407902,21.757851732799157,0.013825400991749554,-0.3048903792930708,-0.3350026213452889,0.8914168265148072,,,,116,41.12150274023481,28.883023592095196,4.887611980855555
1660857571.062772,LIDAR_ONLY,-20.481181518786965,32.51700801139525,21.744426029594386,0.023485604203061654,-0.2871337351058383,-0.37208212041209715,0.8823590766966842,,,,86,41.04939415538601,28.958506890841633,4.854857507781696
1660857571.1432126,LIDAR_ONLY,-20.505364014538422,32.55273253554742,21.75456452220944,0.0314847484378212,-0.2696496906587715,-0.406435115334074,0.8724151832509645,,,,93,41.04939415538601,28.958506890841633,4.854857507781696
1660857571.233839,LIDAR_ONLY,-20.50619453179902,32.57322312379366,21.74885782482797,0.03877516101375979,-0.249472151541698,-0.44003230679376565,0.8617608145368821,,,,101,41.07711934060105,28.90073624160747,4.755859871263484
1660857571.3544953,LIDAR_ONLY,-20.538659997868795,32.605305894906785,21.75024004018886,0.049025222018973635,-0.22981596696553636,-0.4797814750903442,0.8453347769338602,,,,106,41.06209648947172,28.94191799345415,4.627278902223986
1660857571.4358885,LIDAR_ONLY,-20.57082367446036,32.62853429677226,21.744226238123535,0.06240358425645071,-0.21805702004882993,-0.5093001568582938,0.8301628026498715,,,,113,41.06209648947172,28.94191799345415,4.627278902223986
1660857571.5468593,LIDAR_ONLY,-20.592690949714537,32.631154565359324,21.737949604434885,0.06837133241365982,-0.20598969358479235,-0.531104210173569,0.819037193890933,,,,109,41.06405513106755,29.018422704975478,4.559913203191178
1660857571.6373267,LIDAR_ONLY,-20.615533498405235,32.63348979278053,21.730993033822724,0.07481003967478686,-0.19845997633848797,-0.5466590750575202,0.810049968466662,,,,106,41.087071380669215,29.020160649889533,4.49314680058174
1660857571.729651,LIDAR_ONLY,-20.620815926606113,32.645128402547876,21.731164603662826,0.07922306801233776,-0.19343958344365703,-0.554535535970197,0.8054782258994364,,,,110,41.087071380669215,29.020160649889533,4.49314680058174
1660857571.8402677,LIDAR_ONLY,-20.616439253351803,32.65662162440222,21.727214567877237,0.08181533818916166,-0.19051628941462828,-0.5570676372377339,0.8041675456315329,,,,130,41.092342532786816,29.114687579102583,4.44862860542724
1660857571.9321024,LIDAR_ONLY,-20.614879879209777,32.6526084788595,21.741242905096197,0.08200026766286192,-0.18763003524519847,-0.5560731237495394,0.805514498330436,,,,135,41.092342532786816,29.114687579102583,4.44862860542724
1660857572.032677,LIDAR_ONLY,-20.615478926681963,32.65598483398475,21.744922197520236,0.08131854117960416,-0.18660196701169146,-0.5559774675955835,0.8058883646596409,,,,133,41.07644935332587,29.12283783648223,4.42560291913316
1660857572.1231756,LIDAR_ONLY,-20.60766755085007,32.656760406377224,21.735417434057947,0.0809341118571236,-0.18474444922897945,-0.5552726191562233,0.8068404281097765,,,,135,41.066240165688676,29.182484616891166,4.395849421142265
1660857572.23536,LIDAR_ONLY,-20.605083430778706,32.662554905035336,21.737669976140484,0.08155236498488808,-0.18778870575052903,-0.5555213316141028,0.8059036318813851,,,,136,41.066240165688676,29.182484616891166,4.395849421142265
1660857572.3484423,LIDAR_ONLY,-20.5964437996854,32.672456916052276,21.749278496464914,0.08062155101682043,-0.1854830725801836,-0.5558059421796145,0.8063348869642735,,,,132,41.07706058862082,29.158276307595447,4.394929529078526
1660857572.4593208,LIDAR_ONLY,-20.596188613026644,32.67657442794009,21.761892001799804,0.08044836244025848,-0.18587087158066704,-0.5561740619954555,0.806008990546631,,,,144,41.059258171285784,29.165913061539456,4.394214346246844
1660857572.55045,LIDAR_ONLY,-20.6116437677759,32.6753755007889,21.776595974443307,0.08195575310527828,-0.18348522770419282,-0.5565354141129334,0.8061543019704311,,,,129,41.059258171285784,29.165913061539456,4.394214346246844
1660857572.6413865,LIDAR_ONLY,-20.618986717316265,32.68310741357991,21.79049398432645,0.08456531769956677,-0.17913224686674903,-0.5589429282004232,0.8051975833232351,,,,138,41.07161585748323,29.15394879102944,4.391649519885141
1660857572.7520611,LIDAR_ONLY,-20.616304335724006,32.674813791584256,21.794706438506815,0.09059914184365365,-0.17057455243379535,-0.5646705090119472,0.8023984881661931,,,,118,41.07161585748323,29.15394879102944,4.391649519885141
1660857572.8434153,LIDAR_ONLY,-20.62558390964064,32.66655761699328,21.798177300651105,0.09540357399406472,-0.16202163715738385,-0.5822299069926354,0.7909838699779832,,,,130,41.09018076356613,29.137077550671695,4.3825722413268595
1660857572.9455378,LIDAR_ONLY,-20.636256745348707,32.65228310333474,21.790373483582233,0.09979147759400935,-0.14443996261442166,-0.6029681794846593,0.7782082836416641,,,,133,41.10205086266639,29.12850472668436,4.379634157196382
1660857573.0561557,LIDAR_ONLY,-20.650227157514717,32.63366432029214,21.789588297993735,0.10775223310229762,-0.1255840110276929,-0.6295200508537937,0.759159151962684,,,,113,41.10205086266639,29.12850472668436,4.379634157196382
1660857573.1479118,LIDAR_ONLY,-20.676977129191783,32.62234599914123,21.803815382064858,0.11349680567793204,-0.10084914320361352,-0.6606561066762888,0.7351744242880943,,,,109,41.077595319744056,29.14859097782608,4.357328625399161
1660857573.248502,LIDAR_ONLY,-20.679003496451823,32.63255223167675,21.785369865968708,0.12714413733540264,-0.07625634206843754,-0.6911985255308815,0.7072933881632949,,,,111,41.077595319744056,29.14859097782608,4.357328625399161
1660857573.3591843,LIDAR_ONLY,-20.67492973797877,32.63843084284038,21.7698386746137,0.1366127661997599,-0.05528511783629756,-0.720295117690449,0.6778314327975494,,,,109,41.041023765344924,29.16737843687719,4.3121567944432035
1660857573.449671,LIDAR_ONLY,-20.70304684481599,32.64924059071321,21.78336587555414,0.14633598452547725,-0.03455326041904371,-0.7487517367788624,0.6455715982739716,,,,115,41.041023765344924,29.16737843687719,4.3121567944432035
1660857573.5502095,LIDAR_ONLY,-20.717257599896836,32.6528050811003,21.79279135697366,0.15170239459903478,-0.011182587043436817,-0.7744581592503611,0.6140650558291664,,,,116,41.03229449663441,29.225276708123587,4.26733746582804
1660857573.651568,LIDAR_ONLY,-20.71937802983843,32.66637180910398,21.79523028822525,0.15450822525702476,0.00579582261444597,-0.7941954216466802,0.587662529861823,,,,95,41.0177275211371,29.29572464678794,4.194459584770943
1660857573.7621667,LIDAR_ONLY,-20.726102708573624,32.67068115271735,21.79439103165381,0.1596831049680423,0.013215895654351786,-0.8067658334063966,0.5687315149856749,,,,116,41.0177275211371,29.29572464678794,4.194459584770943
1660857573.8526795,LIDAR_ONLY,-20.73161919215956,32.67251014240634,21.806765602450938,0.16147027805479353,0.01980036852234456,-0.8142554456488794,0.5572462327754507,,,,116,41.04489161187937,29.350545169463132,4.134387528083978
1660857573.953291,LIDAR_ONLY,-20.72072257380235,32.673416656256975,21.81082194636273,0.162730313197558,0.022106751665230656,-0.8177868713364326,0.5515929384674949,,,,134,41.05441250751603,29.324985745160784,4.115168277724466
1660857574.053863,LIDAR_ONLY,-20.710297866781172,32.67276051435283,21.81746459406013,0.16169708432364105,0.019848623653551264,-0.8190879568164824,0.5500500014166835,,,,134,41.05441250751603,29.324985745160784,4.115168277724466
1660857574.1558168,LIDAR_ONLY,-20.702935857311893,32.661047599513225,21.820682474518275,0.16272726109609414,0.020720911900215085,-0.8179507371383123,0.5514046371958425,,,,137,41.067003545021684,29.323932826246267,4.1257155310357145
1660857574.2563975,LIDAR_ONLY,-20.70627268628934,32.65565053293355,21.83960579826183,0.1629565393382451,0.019673207804901793,-0.8186388266872783,0.5503531617258545,,,,139,41.067003545021684,29.323932826246267,4.1257155310357145
1660857574.388538,LIDAR_ONLY,-20.709502247205794,32.65370354481016,21.848422603179593,0.1629454353692288,0.020291931589581837,-0.8192232354677786,0.5494636594665754,,,,136,41.06203532651239,29.311404221489877,4.121461684056725
1660857574.459682,LIDAR_ONLY,-20.712219503087123,32.65557472861897,21.861404502093222,0.16202159466530097,0.019958120758666285,-0.8195567291882904,0.5492517127147506,,,,142,41.06175585455881,29.279307878018486,4.115165327999906
1660857574.5502496,LIDAR_ONLY,-20.701574991626572,32.6529858392782,21.870217907052343,0.1613042239485684,0.022023557386589863,-0.8194904189117238,0.5494828146250593,,,,138,41.06175585455881,29.279307878018486,4.115165327999906
1660857574.6708896,LIDAR_ONLY,-20.69377297735199,32.65410595925429,21.88128411774113,0.15996550391199357,0.021508948595059713,-0.8203456592453771,0.5486177194055846,,,,136,41.05729173895852,29.281432999227214,4.127655234487418
1660857574.7618697,LIDAR_ONLY,-20.684193222448805,32.65754122989522,21.893888603724097,0.16125928913328955,0.023041302348953057,-0.8199180055265675,0.5488160021971171,,,,142,41.05729173895852,29.281432999227214,4.127655234487418
1660857574.8632247,LIDAR_ONLY,-20.695138376024225,32.63950997957677,21.885272604192874,0.16598365131858475,0.020166425477007817,-0.8190147407912739,0.5488693807683509,,,,127,41.06930614423189,29.263681709045915,4.1151717300956
1660857574.9638042,LIDAR_ONLY,-20.686973995928472,32.599840370645076,21.88013806433692,0.15317247589971847,0.028321891534935306,-0.8187682236651775,0.5525890507445868,,,,126,41.069162542150806,29.233713434686194,4.111620134184544
1660857575.064402,LIDAR_ONLY,-20.698056251229826,32.55181705354676,21.867464291748853,0.15454934607277654,0.02480442896043883,-0.8196469185629155,0.5510700217057185,,,,124,41.069162542150806,29.233713434686194,4.111620134184544
1660857575.1649766,LIDAR_ONLY,-20.733082514771624,32.47578063128506,21.82530769050795,0.16036424731519763,0.021609895680584617,-0.8200559641031593,0.5489303565394635,,,,118,41.02578390454595,29.26521728266206,4.133926471275347
1660857575.2670314,LIDAR_ONLY,-20.78294076335919,32.38526183036862,21.79694822128448,0.1663834243669243,0.02018509194561399,-0.8203070569619577,0.546813908434574,,,,100,41.01272443448091,29.22780493051893,4.147422648740091
1660857575.3676016,LIDAR_ONLY,-20.822491462060277,32.305816350109296,21.778972435988123,0.16323913254727054,0.021901200307860802,-0.8198647547305649,0.5483567333231902,,,,119,41.01272443448091,29.22780493051893,4.147422648740091
1660857575.4682083,LIDAR_ONLY,-20.85789537447987,32.20299343699292,21.714672147087263,0.16802945959496196,0.0226653426480501,-0.819786822877231,0.5469935538813296,,,,111,40.8686859984952,29.325516150321082,4.185631113548493
1660857575.5697706,LIDAR_ONLY,-20.902944573981213,32.06241935730527,21.689738559279693,0.16256545665987995,0.027569640403004202,-0.8193237509449853,0.5491092590427279,,,,105,40.8686859984952,29.325516150321082,4.185631113548493
1660857575.6703298,LIDAR_ONLY,-20.942622030457464,31.93685272066564,21.647286151760603,0.15895597086867544,0.01947970166674411,-0.8229491129968587,0.5450764147950774,,,,110,40.80592331789515,29.384703571149906,4.237338747713772
1660857575.7722776,LIDAR_ONLY,-20.989040507935076,31.811298267634704,21.56512643567398,0.15984925444936687,0.022520405840949526,-0.8212820759805335,0.5472081860186722,,,,110,40.67960672084104,29.476665910594555,4.410750723341314
1660857575.8728576,LIDAR_ONLY,-21.058996169390653,31.667642052328162,21.56522713104708,0.14461571188637942,0.019315667053466476,-0.8263021058541364,0.5440018664884295,,,,96,40.67960672084104,29.476665910594555,4.410750723341314
1660857575.9734418,LIDAR_ONLY,-21.063838283708503,31.558088901441202,21.455625402783415,0.15241035995063615,0.016757665274582254,-0.826466000188776,0.5417049135518607,,,,100,40.503635547034285,29.531869911761905,4.548537666422584
1660857576.0746138,LIDAR_ONLY,-21.143139105367165,31.384331542266075,21.410043641822647,0.14866356651644988,0.01930207688770179,-0.8278302787827696,0.5405771021314837,,,,87,40.503635547034285,29.531869911761905,4.548537666422584
1660857576.1752,LIDAR_ONLY,-21.15669754314666,31.2504130492865,21.329203980228154,0.15816767078085772,0.020500949640190808,-0.8248956640069774,0.5423189490383831,,,,102,40.38493510115118,29.596247789168427,4.616035167816979
1660857576.2673411,LIDAR_ONLY,-21.196488874206384,31.129645466617212,21.25144972409792,0.1749172946616034,0.02829153547294914,-0.8207369183477208,0.5431339060581061,,,,107,40.17678642550373,29.70530159682177,4.737970346834159
1660857576.3887827,LIDAR_ONLY,-21.2283699649052,30.98418585231454,21.210272603137227,0.17941223778713622,0.03201974651748669,-0.818612162416988,0.5446651377756345,,,,106,40.17678642550373,29.70530159682177,4.737970346834159
1660857576.4692645,LIDAR_ONLY,-21.25426303939811,30.86343770111008,21.16320494959473,0.18807931147095616,0.03464144724564579,-0.8138766584712462,0.5486628541509045,,,,113,39.95088732134523,29.800742523890275,4.951442920191146
1660857576.5799193,LIDAR_ONLY,-21.27228036882641,30.808403539981725,21.114712319246046,0.19296861290682063,0.039714822334156505,-0.8120873862987998,0.5492721769161151,,,,117,39.95088732134523,29.800742523890275,4.951442920191146
1660857576.6922581,LIDAR_ONLY,-21.29792469406012,30.770412021172405,21.09515512550761,0.20224825737659594,0.04426889339928162,-0.8075906294568984,0.5522076445312433,,,,130,39.84558973055277,29.867329096861777,5.041576890651091
1660857576.7827785,LIDAR_ONLY,-21.315737542830416,30.75406239420544,21.076411240401338,0.209395167403768,0.04835911523172159,-0.8047241860703443,0.5533841741461126,,,,131,39.84558973055277,29.867329096861777,5.041576890651091
1660857576.8833995,LIDAR_ONLY,-21.321641223648115,30.752395643203727,21.059823550991467,0.2156121256015495,0.05096927432117976,-0.8038919294807452,0.551970388775049,,,,133,39.672277709392134,29.91737597868927,5.20980499977264
1660857576.9846983,LIDAR_ONLY,-21.308170456207385,30.730774768065714,21.05620768686035,0.21703075505319508,0.05332563333082954,-0.7989532992907193,0.5583257595198169,,,,136,39.672277709392134,29.91737597868927,5.20980499977264
1660857577.0763257,LIDAR_ONLY,-21.347218006215623,30.74021621693778,21.056879305176942,0.2146559693378042,0.058899047557653135,-0.801482117973542,0.5550496658796351,,,,136,39.56377396837715,29.997714620498833,5.254817137644131
1660857577.186962,LIDAR_ONLY,-21.34310773238546,30.734149800573718,21.05376259985815,0.2121000993145097,0.05604831624440599,-0.8010107055008728,0.5570044737611506,,,,134,39.544904960116064,30.057670094319604,5.2574469086486735
1660857577.2777786,LIDAR_ONLY,-21.347873072377883,30.749058388804777,21.064480663005277,0.2081347968080819,0.05004488958809894,-0.8025485150867437,0.5568584167594455,,,,139,39.544904960116064,30.057670094319604,5.2574469086486735
1660857577.388389,LIDAR_ONLY,-21.348081962501773,30.751197419066393,21.07341054021582,0.19792408690231764,0.048738629006607,-0.8013835857372266,0.5623477130542859,,,,146,39.55435899053079,30.07052063804197,5.275917159172027
1660857577.4789717,LIDAR_ONLY,-21.3224058356468,30.73781785438851,21.064158569981263,0.1969967983698863,0.0399176179993266,-0.7900317128514427,0.5791793659086018,,,,146,39.55435899053079,30.07052063804197,5.275917159172027
1660857577.5997906,LIDAR_ONLY,-21.342278699504263,30.72434351339885,21.093646587145077,0.192016487500045,0.02517429760789229,-0.7778000802837287,0.5979322356076144,,,,121,39.53836470703698,30.06249778441553,5.271454223061026
1660857577.6903307,LIDAR_ONLY,-21.31148600554068,30.729485896197808,21.087525506316815,0.18478710765306153,0.002631241068788947,-0.7601152089712463,0.6229539874711875,,,,122,39.53836470703698,30.06249778441553,5.271454223061026
1660857577.7909174,LIDAR_ONLY,-21.29971516197926,30.710410366852514,21.13786174477239,0.17517111168682983,-0.015367198001037405,-0.7364464269706953,0.6532423677763817,,,,115,39.5513324380003,30.06840130929929,5.268076112219304
1660857577.8914685,LIDAR_ONLY,-21.275898553557166,30.709915994623138,21.160687622365984,0.17204487788567088,-0.03602856837015443,-0.7064731769601471,0.685564112603875,,,,112,39.5513324380003,30.06840130929929,5.268076112219304
1660857577.9920604,LIDAR_ONLY,-21.258707968089436,30.701317440855874,21.191185763820236,0.16807920444977623,-0.06060454156801871,-0.6717942907943528,0.7188664002643143,,,,114,39.524311662180814,30.053232271190968,5.266272342566385
1660857578.1228127,LIDAR_ONLY,-21.23164526709384,30.697026133223304,21.201332252084175,0.1608836005425939,-0.07955825795768157,-0.6355896976063015,0.7508746146753934,,,,107,39.524311662180814,30.053232271190968,5.266272342566385
1660857578.2135818,LIDAR_ONLY,-21.222975656978257,30.667068959913742,21.23400993942712,0.1556826862626946,-0.0970255379847975,-0.5969117546640967,0.7810539695313131,,,,111,39.48478856884867,29.99079067197145,5.264724252638204
1660857578.2956202,LIDAR_ONLY,-21.201411741874935,30.660950334384424,21.24446647883878,0.14622660973735435,-0.1155112949584573,-0.5596432296231744,0.80751122275711,,,,114,39.48478856884867,29.99079067197145,5.264724252638204
1660857578.4168875,LIDAR_ONLY,-21.185806473119897,30.675663447716396,21.25162065031829,0.13731798839560844,-0.13368936895593272,-0.5293870439684653,0.8264504101090872,,,,119,39.47629736909061,29.90159212217869,5.2762623248387435
1660857578.497332,LIDAR_ONLY,-21.20373462761525,30.707520831755666,21.250963485238998,0.1315415419786616,-0.14986586404662897,-0.5051712881866717,0.8396660140313242,,,,121,39.47629736909061,29.90159212217869,5.2762623248387435
1660857578.598008,LIDAR_ONLY,-21.213007365206593,30.72138348646142,21.263251066164262,0.12457263426139925,-0.15813672584495558,-0.48612531328559033,0.8503861561168549,,,,127,39.45411952026748,29.904741874167765,5.335738071445417
1660857578.7100744,LIDAR_ONLY,-21.2392549372754,30.71720475458823,21.25596610298875,0.13615655520206707,-0.15319482412682162,-0.46925198037023164,0.8589501250101047,,,,125,39.45411952026748,29.904741874167765,5.335738071445417
1660857578.8005576,LIDAR_ONLY,-21.27019749114288,30.713666248285712,21.27187021056394,0.13122685796779632,-0.15573052505821383,-0.46064146182870164,0.8639079574568751,,,,131,39.45693419072248,29.836061367355022,5.399925790245349
1660857578.903355,LIDAR_ONLY,-21.272449072121887,30.721052509141046,21.245125672000732,0.131010698878131,-0.1553186858817451,-0.4637893416708238,0.8623292579681937,,,,132,39.45693419072248,29.836061367355022,5.399925790245349
1660857578.997415,LIDAR_ONLY,-21.28130608941628,30.68868756439697,21.2607089551535,0.13160012114379568,-0.15480168983909215,-0.46355989484135446,0.8624558358736824,,,,134,39.47769425208506,29.783947300473642,5.4064619686795945
1660857579.098,LIDAR_ONLY,-21.28196598864302,30.691686992198008,21.22731334064585,0.13109565881511975,-0.15560143816739025,-0.46456006855030707,0.8618503718097497,,,,132,39.47769425208506,29.783947300473642,5.4064619686795945
1660857579.198994,LIDAR_ONLY,-21.300577042038334,30.69573108746124,21.229763859064,0.13015757902004152,-0.16598518433590964,-0.46763968177362797,0.8583828115912362,,,,136,39.47597231491995,29.815529910970525,5.454599640490157
1660857579.300605,LIDAR_ONLY,-21.303480748167452,30.69914497540998,21.232340223321938,0.1234978292067934,-0.1707369017902749,-0.47001212427824124,0.857138144979981,,,,136,39.47597231491995,29.815529910970525,5.454599640490157
1660857579.4011638,LIDAR_ONLY,-21.300764806385256,30.710291212120715,21.225323635054075,0.11707667603221518,-0.17306343898359744,-0.47494690017561925,0.8548494253551259,,,,137,39.445670681875654,29.829454061968608,5.459090997272912
1660857579.5218947,LIDAR_ONLY,-21.29231008397485,30.717819111502976,21.21838633209472,0.1175875145578967,-0.17684363774569065,-0.4762685347810346,0.8532688831701846,,,,140,39.445358659019846,29.844904899112336,5.463404719825185
1660857579.6023276,LIDAR_ONLY,-21.298641158290746,30.73238722097009,21.204327837985474,0.11607376483797456,-0.17832871572950762,-0.47821000399887514,0.852080361431948,,,,144,39.445358659019846,29.844904899112336,5.463404719825185
1660857579.7036302,LIDAR_ONLY,-21.320293051102617,30.725279147726503,21.23142115427735,0.11348354871391639,-0.18368357308125516,-0.4770031180039277,0.8519682239179641,,,,137,39.445358659019846,29.844904899112336,5.463404719825185
1660857579.805125,LIDAR_ONLY,-21.323745532886043,30.726605741990774,21.229508887869887,0.11945428235010051,-0.18690880244247793,-0.47443241524080526,0.8518859415241675,,,,135,39.45332566218426,29.838493215977056,5.448989810272318
1660857579.9056623,LIDAR_ONLY,-21.339612722131577,30.73600529735746,21.231652995457768,0.11749607205215531,-0.18702701952391243,-0.4770401662261827,0.8506751711594813,,,,141,39.45332566218426,29.838493215977056,5.448989810272318
1660857580.0064752,LIDAR_ONLY,-21.33535623441808,30.739605499841858,21.247167822223407,0.11605238172786797,-0.18700606536782885,-0.4784503454030722,0.8500857857855368,,,,145,39.44972184948124,29.84485065270934,5.434097981842848
1660857580.107032,LIDAR_ONLY,-21.329112600028,30.740037022558525,21.253167721893924,0.11532182593237329,-0.18729891197908374,-0.4791158040307221,0.8497458681059119,,,,147,39.44972184948124,29.84485065270934,5.434097981842848
1660857580.2076237,LIDAR_ONLY,-21.34532454798264,30.72844209133204,21.25703719378305,0.11353699448524823,-0.19027904488201075,-0.4703147724767491,0.8542290388134731,,,,146,39.459576014810246,29.863006875210026,5.411383803582748
1660857580.3082972,LIDAR_ONLY,-21.347521894956216,30.722056746509054,21.253801860660886,0.11073048367674503,-0.20086866473684478,-0.45346741487524944,0.8612536462378023,,,,141,39.459576014810246,29.863006875210026,5.411383803582748
1660857580.409271,LIDAR_ONLY,-21.346929641272403,30.729841622927523,21.249477870474152,0.1055426703419258,-0.2129397406156033,-0.42901422720816274,0.8714724347084296,,,,134,39.48787023985956,29.857136833514346,5.415210081291862
1660857580.5122123,LIDAR_ONLY,-21.352025832512822,30.74218273940636,21.265173131759628,0.09836506491996426,-0.23152047327056052,-0.4000821885643267,0.8812813551037181,,,,129,39.48787023985956,29.857136833514346,5.415210081291862
1660857580.6130517,LIDAR_ONLY,-21.34698204620225,30.748903273408615,21.310773951172923,0.08670658404403311,-0.24226477359489146,-0.36865517167494677,0.8932430308464469,,,,115,39.495975026812296,29.843090552323474,5.426099728523199
1660857580.7136338,LIDAR_ONLY,-21.35623075188195,30.741429614323025,21.36178120129146,0.05129516772512671,-0.2513529871479855,-0.34444704410152266,0.9030762511712727,,,,113,39.495975026812296,29.843090552323474,5.426099728523199
1660857580.8144412,LIDAR_ONLY,-21.272471248275316,30.751206576912175,21.36902989075073,0.05909109966647822,-0.2612721255606919,-0.31057745067526793,0.912023445683967,,,,114,39.49816798370143,29.917501094342853,5.386916117976912
1660857580.9150252,LIDAR_ONLY,-21.24371394709223,30.719515281349793,21.37967367593949,0.03193054030562437,-0.26748923331873836,-0.2872234906697334,0.9192021633252601,,,,105,39.49816798370143,29.917501094342853,5.386916117976912
1660857581.0155644,LIDAR_ONLY,-21.19583743892735,30.692534094854004,21.423819247988355,0.020265600577515537,-0.27443711337966464,-0.25738786196208074,0.9262964238016137,,,,122,39.538325222707776,29.8315007754292,5.425600500475286
1660857581.116209,LIDAR_ONLY,-21.154834175376333,30.610717677516593,21.42983595336865,0.027911387937693974,-0.28611415294292075,-0.24011443914052258,0.9272026218822825,,,,117,39.538325222707776,29.8315007754292,5.425600500475286
1660857581.21713,LIDAR_ONLY,-21.15507602169123,30.50213158043551,21.417652345239688,0.01931920902968578,-0.2851454121112487,-0.22342693951926734,0.9318794261123202,,,,120,39.552444131695964,29.711747549983603,5.451125280667779
1660857581.3177507,LIDAR_ONLY,-21.09256686196437,30.441721249659558,21.434860483379026,0.0034483949122370077,-0.30715014962805887,-0.1942517598449657,0.9316185635511587,,,,122,39.552444131695964,29.711747549983603,5.451125280667779
1660857581.4196818,LIDAR_ONLY,-21.008818821614568,30.384492878259493,21.47967775398517,0.0179599270599358,-0.3124809838521573,-0.16815714412226476,0.9347492982781178,,,,105,39.51393439802394,29.62414003441669,5.511644589074754
1660857581.52027,LIDAR_ONLY,-20.949114027830127,30.342556481011595,21.477465917187278,0.026884571638574918,-0.31514537557503475,-0.1471680909360276,0.937177765993051,,,,128,39.51393439802394,29.62414003441669,5.511644589074754
1660857581.6208253,LIDAR_ONLY,-20.912042905705423,30.3216325517036,21.516024191311235,0.03805671944641796,-0.32551709222991143,-0.13654137839673205,0.9348511971199912,,,,130,39.36624649892142,29.603817855248355,5.630771800476964
1660857581.7313855,LIDAR_ONLY,-20.879280580572495,30.312774232240322,21.535365868605446,0.0398608758094464,-0.32229127596471824,-0.1298266479017945,0.9368481656657717,,,,127,39.36624649892142,29.603817855248355,5.630771800476964
1660857581.832086,LIDAR_ONLY,-20.862411135254657,30.3212195901365,21.555174986670995,0.04190769618090113,-0.3218456991218039,-0.1290976352592927,0.9370127488610095,,,,127,39.30079971609093,29.423174826959354,5.716501013336259
1660857581.9225738,LIDAR_ONLY,-20.846393617822272,30.33435466613738,21.546068321689592,0.04619087590989218,-0.32227154582849854,-0.12860453040909856,0.9367327946059336,,,,140,39.30079971609093,29.423174826959354,5.716501013336259
1660857582.026679,LIDAR_ONLY,-20.845719933420114,30.353534221378354,21.54879992346415,0.042603766241668686,-0.32079298047052296,-0.12814292588172757,0.9374732920618775,,,,133,39.261161510643404,29.317463277445114,5.762367612940712
1660857582.1272247,LIDAR_ONLY,-20.830769883497528,30.361936218535103,21.57369291194035,0.03345905876152405,-0.3171878755563533,-0.12655546306246127,0.9392848650733634,,,,142,39.261161510643404,29.317463277445114,5.762367612940712
1660857582.2181041,LIDAR_ONLY,-20.834781743020738,30.3703918918733,21.581046939137998,0.035469490674868015,-0.31717773443480496,-0.12742557420599612,0.9390968656365231,,,,133,39.27548722157453,29.257473886601048,5.768339509400893
1660857582.3187392,LIDAR_ONLY,-20.841963256573383,30.368939604044623,21.58157338782084,0.03822775696252124,-0.3167256791417464,-0.12733864242755552,0.9391529976071638,,,,142,39.27548722157453,29.257473886601048,5.768339509400893
1660857582.4394813,LIDAR_ONLY,-20.84731502383777,30.369419001141367,21.597581022129425,0.04216691129188716,-0.31571394623332666,-0.1291471147388836,0.9390781003199382,,,,145,39.29657595541377,29.224933477099615,5.73156689092179
1660857582.5199811,LIDAR_ONLY,-20.85744310990479,30.36850520324718,21.585111897434395,0.042414590241767594,-0.31589785195382364,-0.1286786888001841,0.9390694035662372,,,,142,39.29657595541377,29.224933477099615,5.73156689092179
1660857582.630633,LIDAR_ONLY,-20.85178983772167,30.366971846935975,21.590099208606564,0.04287209407200713,-0.3162138648385356,-0.12786143454316798,0.9390539008972386,,,,148,39.324622598970436,29.206986075794628,5.730334579223077
1660857582.7312107,LIDAR_ONLY,-20.858230302003264,30.362600099992193,21.59147696780663,0.04293898752528984,-0.31609078159698556,-0.1276891078892225,0.939115729218803,,,,149,39.324622598970436,29.206986075794628,5.730334579223077
1660857582.8520062,LIDAR_ONLY,-20.874586597597784,30.37298589679298,21.569086511449314,0.039972848576031374,-0.3217757738575229,-0.12341333880726185,0.9378868111555648,,,,139,39.33213581516936,29.215580182509242,5.7339272088351825
1660857582.9324589,LIDAR_ONLY,-20.892903785164137,30.37815771808625,21.56086400327662,0.035675583144195194,-0.3303126260668254,-0.101093667872578,0.9377637720365551,,,,140,39.33213581516936,29.215580182509242,5.7339272088351825
1660857583.0329704,LIDAR_ONLY,-20.9113163420054,30.39811260399133,21.546358752086302,0.02827556755914477,-0.34006829174543335,-0.07432381763927172,0.9370325604588536,,,,136,39.33213581516936,29.215580182509242,5.7339272088351825
1660857583.1637268,LIDAR_ONLY_SAFE,-20.904928706491045,30.38653064814967,21.53904682705059,0.020929486857975278,-0.35000084949626425,-0.04240271448784691,0.9355551142160559,,,,118,39.318169945810475,29.231373251040566,5.731918095764447
1660857583.2341626,LIDAR_ONLY,-20.95582478338063,30.39464109404957,21.54618459324594,0.012937624836838394,-0.3564032435788063,-0.02476561327538388,0.9339143484437861,,,,118,39.318169945810475,29.231373251040566,5.731918095764447
1660857583.3359518,LIDAR_ONLY,-20.945685010159405,30.386770173243768,21.550732958182028,0.015983926813078628,-0.36116286038037854,-0.003065284510779368,0.9323607168882467,,,,122,39.30429362219644,29.266780654628693,5.7335308860759655
1660857583.4566197,LIDAR_ONLY,-20.946291246159483,30.396244753954303,21.562666317281366,0.015327114983201022,-0.36584258122232977,0.0018703838257670322,0.9305486483656936,,,,121,39.30429362219644,29.266780654628693,5.7335308860759655
1660857583.5371027,LIDAR_ONLY,-20.956536995240487,30.398497126214707,21.56748088398231,0.015953129073022237,-0.3679464920491503,0.0007025750459098116,0.9297098380945579,,,,139,39.314514989479065,29.318213486750103,5.729994509372343
1660857583.6376915,LIDAR_ONLY,-20.943069593717535,30.422459829798523,21.56399851803055,0.012872496400826678,-0.360462206036054,0.0025494321988158803,0.9326815090112464,,,,141,39.314514989479065,29.318213486750103,5.729994509372343
1660857583.748357,LIDAR_ONLY,-20.929483753332853,30.407368467736415,21.594478407360572,0.013551712335949352,-0.36190344856634804,0.0030270650047468776,0.9321121616447269,,,,136,39.363883163194025,29.305557450376266,5.757564497439741
1660857583.8403218,LIDAR_ONLY,-20.851410403351633,30.400434548816477,21.630424837510134,0.016415832571218182,-0.36029811992246646,0.0026628007101651844,0.9326889592536773,,,,135,39.363883163194025,29.305557450376266,5.757564497439741
1660857583.9419725,LIDAR_ONLY,-20.76199653097654,30.37391416621019,21.67856829836704,0.017660196829570013,-0.35582811082774884,0.004481071728751172,0.9343737972507887,,,,124,39.40109535898635,29.299252373719604,5.76542727629162
1660857584.0526297,LIDAR_ONLY,-20.690471127529868,30.363647542734743,21.713912354741037,0.0183318040495452,-0.3586632500074724,0.00397376848988888,0.9332785367822167,,,,118,39.40109535898635,29.299252373719604,5.76542727629162
1660857584.1440184,LIDAR_ONLY,-20.602960106217402,30.339767940959952,21.79429862468642,0.013287639656542855,-0.3590260374805463,0.00434027856656917,0.9332228592492471,,,,123,39.418663856283835,29.281223725669637,5.768911820755259
1660857584.2455268,LIDAR_ONLY,-20.477884814219262,30.35330259784793,21.830017520542953,0.017707162509494695,-0.35307510543731496,0.005166030548576894,0.935413137840528,,,,111,39.418663856283835,29.281223725669637,5.768911820755259
1660857584.346399,LIDAR_ONLY,-20.384325755182747,30.341614490188523,21.907285599629883,0.016514380997541784,-0.35779866225083146,0.00452730810024321,0.9336417385663246,,,,100,39.42185860766745,29.066828038224283,5.79844071381212
1660857584.4469776,LIDAR_ONLY,-20.249132450800676,30.35692407178595,21.97919025554401,0.01745111782127717,-0.3579583905539202,0.004050961460389619,0.9335656585533133,,,,113,39.42185860766745,29.066828038224283,5.79844071381212
1660857584.5375137,LIDAR_ONLY,-20.13406148654479,30.338365962549073,22.083484821030126,0.01464120705625662,-0.3510824952002444,0.010446764467869346,0.9361717693522162,,,,99,39.441308300942275,28.86916174726845,5.851670181481572
1660857584.6483295,LIDAR_ONLY,-20.014796511086512,30.355105512384853,22.13611140946494,0.016969196561112614,-0.35776047998407057,0.008072889873418813,0.9336242894112865,,,,103,39.441308300942275,28.86916174726845,5.851670181481572
1660857584.7489798,LIDAR_ONLY,-19.877644265121727,30.373555134985434,22.209487140436295,0.011255793170633596,-0.3588247526057392,0.007334975269336273,0.9333082567808604,,,,99,39.47402431956306,28.607478887887275,5.866063436808668
1660857584.860597,LIDAR_ONLY,-19.74553802265949,30.394664493101114,22.295348593065526,0.0072864291177453565,-0.3519067966416853,0.005342129401528263,0.9359914401753667,,,,87,39.47402431956306,28.607478887887275,5.866063436808668
1660857584.9614694,LIDAR_ONLY,-19.614908951423352,30.408568042125445,22.35180533508924,0.0038432898198045833,-0.34981845972538783,0.00687941062420599,0.9367843658324907,,,,97,39.535822107566766,28.313127233633725,5.901581227883097
1660857585.0519962,LIDAR_ONLY,-19.467478267696663,30.43424058503276,22.422939512545828,0.0031431945173584558,-0.3523312589301939,0.004714228023843978,0.9358582052656428,,,,104,39.535822107566766,28.313127233633725,5.901581227883097
1660857585.1525993,LIDAR_ONLY,-19.34126407812113,30.419796444046774,22.53938977105316,-0.005140733336755415,-0.3523698912112669,0.00507749981419814,0.9358329186474247,,,,88,39.56839678805193,28.054351712953945,5.930387564775959
1660857585.253567,LIDAR_ONLY,-19.225320727684643,30.414671506813384,22.600593244907,0.005664767776527101,-0.35839249099975984,0.005110584209981022,0.9335398302858094,,,,92,39.56839678805193,28.054351712953945,5.930387564775959
1660857585.3441598,LIDAR_ONLY,-19.107507748382737,30.4215277442229,22.653293799557904,-0.003965827552637922,-0.35413208357899384,0.0059586711298191194,0.9351680243839554,,,,112,39.58417740419525,27.78143756404426,5.895663892477088
1660857585.4448402,LIDAR_ONLY,-19.0200349119435,30.420028133466097,22.712263945891166,-0.010138169470239133,-0.34931211158158193,0.007067526665501249,0.9369249256418796,,,,106,39.58417740419525,27.78143756404426,5.895663892477088
1660857585.5554445,LIDAR_ONLY,-18.950195736374308,30.420978183655354,22.770979958692898,-0.005698461037484648,-0.35835223228693275,0.01375370789701969,0.9334677502066475,,,,124,39.6195059240665,27.53145372095988,5.921279515875199
1660857585.6459606,LIDAR_ONLY,-18.861241443594665,30.47000549403562,22.81582078014034,-0.015552418055736162,-0.3631352510623249,0.02401824716359769,0.931296964201919,,,,127,39.6195059240665,27.53145372095988,5.921279515875199
1660857585.756776,LIDAR_ONLY,-18.789331305914658,30.494869269668243,22.893400374640933,-0.034254413243070714,-0.36850793372952656,0.04743695262503978,0.9277813715943091,,,,115,39.649845133844515,27.210868225241196,5.941333548455344
1660857585.84728,LIDAR_ONLY,-18.743150180349836,30.526699646758253,22.970456614821664,-0.03672052330988973,-0.3821394450809441,0.07731618445979073,0.920132194470803,,,,95,39.649845133844515,27.210868225241196,5.941333548455344
1660857585.9579403,LIDAR_ONLY,-18.655815942495337,30.62691810436587,22.996606550008938,-0.05948071050268164,-0.40158961634565726,0.10308885621948288,0.9080531442844096,,,,113,39.701350649304324,27.035984382183337,5.961205324337781
1660857586.059221,LIDAR_ONLY,-18.634747719373628,30.666492485801058,23.118201657992635,-0.04886428348953169,-0.39712083093989387,0.13670039463375744,0.9062120775732566,,,,69,39.83349456795039,26.827255028103245,5.922755421576383
1660857586.150363,LIDAR_ONLY,-18.606541580517817,30.714249872923176,23.209298970449844,-0.01735713780983235,-0.40720727355043645,0.15427654448893238,0.9000442844411741,,,,78,39.83349456795039,26.827255028103245,5.922755421576383
1660857586.2511308,LIDAR_ONLY,-18.582067454772226,30.829501033669345,23.20708546246579,-0.010111119873014034,-0.4062032423580637,0.1675816149487735,0.8982277514549807,,,,73,39.99266256683333,26.639801425340455,5.876386522333014
1660857586.3617325,LIDAR_ONLY,-18.584198634917595,30.844731029806887,23.251740410736634,-0.019574808142004498,-0.40839800891296535,0.19056195576496937,0.8924763493881276,,,,67,39.99266256683333,26.639801425340455,5.876386522333014
1660857586.462282,LIDAR_ONLY,-18.585337991054544,30.84118257473598,23.265516702376647,-0.015214537112526834,-0.4117020323223291,0.1995100071777109,0.8890813863072747,,,,89,40.127068347852514,26.56241137093637,5.933711256345993
1660857586.562877,LIDAR_ONLY,-18.585899852742468,30.84656374210124,23.250759419823467,-0.01533892253472627,-0.41173429503114384,0.20369368483864828,0.8881151223279189,,,,117,40.127068347852514,26.56241137093637,5.933711256345993
1660857586.66345,LIDAR_ONLY,-18.585884326590026,30.8412391508447,23.232532128642536,-0.015944774926115898,-0.41302185656184187,0.2060966393428129,0.8869514560596669,,,,136,40.270759512112356,26.470482113331272,5.891941486170585
1660857586.7641032,LIDAR_ONLY,-18.598728002621144,30.819552210582152,23.223168980855935,-0.014515752054290045,-0.41456398475906464,0.20736475297866494,0.8859604137347683,,,,136,40.34666216853484,26.409844968569374,5.919052879651868
1660857586.8647125,LIDAR_ONLY,-18.58856848520001,30.797725374790645,23.20510904260469,-0.011409136050176735,-0.41287162426668406,0.20812560218832757,0.8866174976864176,,,,125,40.34666216853484,26.409844968569374,5.919052879651868
1660857586.9653032,LIDAR_ONLY,-18.596524447083645,30.7721985503779,23.20679090708244,-0.008237423040119459,-0.4141855378203828,0.208088961128995,0.8860482319706721,,,,117,40.33576044338123,26.424723049999557,5.912023669547371
1660857587.0659256,LIDAR_ONLY,-18.6070851936246,30.757377789430755,23.199807540982704,-0.01162321955170304,-0.4157651577996084,0.208644263126588,0.885139427317235,,,,122,40.33576044338123,26.424723049999557,5.912023669547371
1660857587.1665065,LIDAR_ONLY,-18.61704807743912,30.74649990566207,23.19185917039996,-0.01690154322483245,-0.4188722570479485,0.20921118837459982,0.8834540445156525,,,,126,40.31705160319956,26.444978469326266,5.922496984797215
1660857587.2674468,LIDAR_ONLY,-18.6194865132692,30.732099759053632,23.18912873051426,-0.01798231144553594,-0.42003961619023034,0.20973975207371318,0.8827528497296948,,,,135,40.271176729753236,26.449217274083157,5.9525160978828175
1660857587.368075,LIDAR_ONLY,-18.622854414284436,30.734311997407488,23.19634313267768,-0.02079710811388411,-0.4200037151385518,0.20819530342474005,0.8830736521920435,,,,127,40.271176729753236,26.449217274083157,5.9525160978828175
1660857587.4686713,LIDAR_ONLY,-18.624217267399587,30.739891156864985,23.19632511414795,-0.021848357276553564,-0.4206571548277218,0.2082018221518976,0.8827356391520577,,,,142,40.26080171831448,26.466635651703097,5.965012121043901
1660857587.5807035,LIDAR_ONLY,-18.63096416532042,30.738904165667407,23.206357151007307,-0.025667621727750816,-0.4231600436477662,0.20700440917730953,0.8817175994818379,,,,138,40.26080171831448,26.466635651703097,5.965012121043901
1660857587.6712112,LIDAR_ONLY,-18.63431202361077,30.743403768563304,23.20695764664171,-0.02653847496314328,-0.423679987466579,0.20718677879219324,0.8813992377241229,,,,138,40.24321712975445,26.487178378736957,5.970518257907021
1660857587.7723699,LIDAR_ONLY,-18.635238850378997,30.74646835895502,23.21318437251242,-0.028874600695851575,-0.4259779483392212,0.20736413011376004,0.8801756429858342,,,,135,40.24321712975445,26.487178378736957,5.970518257907021
1660857587.8744528,LIDAR_ONLY,-18.63683554163297,30.755584868736165,23.229854713659766,-0.029807984305909706,-0.4262335662349177,0.20757765879010112,0.8799704237401976,,,,133,40.25879402104893,26.488475588712873,5.961189636155556
1660857587.9750233,LIDAR_ONLY,-18.6295157722701,30.78015454370051,23.245276790190033,-0.03616306834360011,-0.42891656583684773,0.20554194252550925,0.878905752570514,,,,133,40.25722210560061,26.490333565900375,5.950370541753137
1660857588.0654998,LIDAR_ONLY,-18.627153705582458,30.830184317573,23.260892027037126,-0.04076749857625364,-0.43044059060662865,0.20953331378156548,0.8770146517782744,,,,118,40.25722210560061,26.490333565900375,5.950370541753137
1660857588.1762285,LIDAR_ONLY,-18.62380435532481,30.8653991100105,23.291001076771565,-0.045639493776704565,-0.43443581776043405,0.22658965345991422,0.8705398817972357,,,,88,40.274330189231634,26.488441208252507,5.945690778989141
1660857588.2769268,LIDAR_ONLY,-18.585819579859564,30.904860308913634,23.322677238118565,-0.048924191675259875,-0.44196806216061063,0.24090853637757967,0.8626898240963142,,,,103,40.274330189231634,26.488441208252507,5.945690778989141
1660857588.3787622,LIDAR_ONLY,-18.519688052687414,30.96518946189756,23.367363038733355,-0.042764876367358574,-0.43616888530647463,0.2491881118812959,0.8636163232227764,,,,98,40.29728403422234,26.46970435650926,5.927356740122957
1660857588.4910922,LIDAR_ONLY,-18.481332644511166,31.002974982559103,23.45139110613097,-0.03318029551475404,-0.43284476247744685,0.25570524644220866,0.8638051322649833,,,,96,40.29728403422234,26.46970435650926,5.927356740122957
1660857588.5723324,LIDAR_ONLY,-18.436110063153592,31.081368230368874,23.530114832456583,-0.0327869930009328,-0.4398855513661043,0.25597664295395933,0.8601753734276031,,,,112,40.40510745112351,26.397737211187717,5.902499208661644
1660857588.6729095,LIDAR_ONLY,-18.370639804716316,31.173851625530254,23.60963413170528,-0.031353842011892674,-0.43773984915080694,0.25788011693336116,0.8607546725676011,,,,100,40.40510745112351,26.397737211187717,5.902499208661644
1660857588.774122,LIDAR_ONLY,-18.316697794049574,31.251047256397904,23.685964969522193,-0.03225471515073253,-0.44010065489997613,0.25734885768918575,0.8596758763355108,,,,85,40.4979921946093,26.276329177888556,5.848270457237059
1660857588.884709,LIDAR_ONLY,-18.24036778911838,31.33647862048239,23.767696428619118,-0.02935646043210986,-0.44424656785689387,0.2589489718204669,0.857163120515221,,,,106,40.62316127320263,26.172440141989032,5.8588931287520225
1660857588.9854012,LIDAR_ONLY,-18.16685519568288,31.41824596012937,23.846397491124947,-0.04105753124444715,-0.44275638346931745,0.259869761875166,0.8571748776581279,,,,91,40.62316127320263,26.172440141989032,5.8588931287520225
1660857589.0668662,LIDAR_ONLY,-18.10889255986095,31.478806646356517,23.960640459988728,-0.030442692133748256,-0.44442846965657173,0.26240270567559415,0.8559797882593346,,,,96,40.85638688638209,25.96470359989657,5.786821750842376
1660857589.1674922,LIDAR_ONLY,-18.008548539746496,31.574025656010996,24.043553900970565,-0.0218608806235679,-0.4491314388723377,0.2624299148961679,0.8537760785372334,,,,106,40.85638688638209,25.96470359989657,5.786821750842376
1660857589.2680843,LIDAR_ONLY,-17.907486399663295,31.663823826804908,24.126262635699355,-0.038628077519683245,-0.44033431594819333,0.2610800490378225,0.8581670990081002,,,,101,40.98252998754031,25.814653382377355,5.7801516129815615
1660857589.370732,LIDAR_ONLY,-17.845284615186763,31.739926186152573,24.222149483561154,-0.04041529095055968,-0.44129277544582024,0.25947302632691865,0.858079855960654,,,,94,41.19599717747333,25.590708000341117,5.755939603391208
1660857589.5115352,LIDAR_ONLY,-17.753068648139806,31.825035337364575,24.307357800398584,-0.04210191712523231,-0.4388659238299058,0.2602440202255934,0.859009417534013,,,,106,41.33679062088399,25.408647677585773,5.67870902665406
1660857589.6020575,LIDAR_ONLY,-17.658517959937694,31.910585304835394,24.407488284621063,-0.046499691567940316,-0.4311597806248186,0.26247971227363703,0.8619996652553837,,,,98,41.33679062088399,25.408647677585773,5.67870902665406
1660857589.7227256,LIDAR_ONLY,-17.5805470936795,31.978074574397112,24.51009218703027,-0.04450310774113992,-0.43097209196759284,0.2636473180668579,0.861842573224722,,,,92,41.44192382924262,25.318700060953212,5.676592394505131
1660857589.8045683,LIDAR_ONLY,-17.4801053395693,32.06908338426326,24.58909404157306,-0.046762817422365786,-0.43084936265750473,0.2640241672470666,0.8616689066653372,,,,94,41.44192382924262,25.318700060953212,5.676592394505131
1660857589.9252644,LIDAR_ONLY,-17.38168904218672,32.16259889324658,24.68864300306137,-0.05426799124991649,-0.4195997891965949,0.2652109988207161,0.8664029825297176,,,,93,41.63647970555252,25.087165036763327,5.638256762888531
1660857589.9856288,LIDAR_ONLY,-17.289966045465906,32.241635895599636,24.760478306405464,-0.05489681924367212,-0.42096423255744264,0.2634241193370013,0.8662466089375336,,,,70,41.71888823059693,24.973995236866774,5.628124450593569
1660857590.0761516,LIDAR_ONLY,-17.15656057103383,32.32805361259198,24.842368014574287,-0.05986210562066566,-0.4116200722960884,0.26492000514288727,0.8699441564081661,,,,100,41.71888823059693,24.973995236866774,5.628124450593569
1660857590.1768303,LIDAR_ONLY,-17.028656530025618,32.40003403269965,24.94296271929371,-0.06171625565207337,-0.40103799497675796,0.26777845362617153,0.8738731773815273,,,,81,41.95088289952238,24.69597204072064,5.583152343286526
1660857590.2773955,LIDAR_ONLY,-16.922645070902938,32.43613822232499,25.03547930263511,-0.054968065995370255,-0.39810701762988754,0.2718544780425996,0.874405201838799,,,,89,42.006516700556325,24.611090522175292,5.564888968006715
1660857590.3880436,LIDAR_ONLY,-16.81011800862612,32.45867671460783,25.120124770294748,-0.07370410431119447,-0.38823041914188167,0.2802398170837175,0.8748202624433709,,,,90,42.15154192306036,24.293170684913832,5.526373472084958
1660857590.482153,LIDAR_ONLY,-16.667737786360135,32.48715834559129,25.187569706701623,-0.059807602898548626,-0.3772946060858866,0.291142678319617,0.8771019163785387,,,,87,42.15154192306036,24.293170684913832,5.526373472084958
1660857590.5843773,LIDAR_ONLY,-16.549694856107468,32.51882371457587,25.213887880442634,-0.06139204098084753,-0.375312156879241,0.28490663183669407,0.879886363877932,,,,88,42.19796172438498,24.1863204551984,5.553816000574433
1660857590.6849554,LIDAR_ONLY,-16.408666250189317,32.556368798450855,25.267570751306028,-0.05710177586877657,-0.36141521103289664,0.2741902338335154,0.8893470346816259,,,,106,42.24015126723079,23.990728267828356,5.565344130679545
1660857590.7955983,LIDAR_ONLY,-16.26135152026381,32.58056480672045,25.332104814302056,-0.03497988760267929,-0.345311874451881,0.26358097094576993,0.9000339930142182,,,,79,42.24015126723079,23.990728267828356,5.565344130679545
1660857590.8861344,LIDAR_ONLY,-16.137182756602225,32.59367438598263,25.39020127374529,-0.02472613636635964,-0.33175039414751545,0.24241461605584705,0.9113536350318996,,,,95,42.24621068488675,23.73161788275277,5.552109977003417
1660857590.9969537,LIDAR_ONLY,-16.01125109165138,32.60115367231767,25.454343086562723,-0.021641904146994344,-0.3318687509783984,0.20895551643524535,0.9196370763840539,,,,90,42.24318417650521,23.64339833333163,5.57998844927032
1660857591.0874865,LIDAR_ONLY,-15.870289962109478,32.60972980389708,25.504748518028464,-0.00634658650336641,-0.31577383604421594,0.17777972033445907,0.9320091074380537,,,,69,42.299809928487335,23.317039650198552,5.571153969825524
1660857591.1905699,LIDAR_ONLY,-15.757458925139705,32.60483733076851,25.560934489794356,0.0005511354466332351,-0.3171449584591387,0.13827363220416874,0.938242598804135,,,,70,42.299809928487335,23.317039650198552,5.571153969825524
1660857591.291154,LIDAR_ONLY,-15.64218761791465,32.57922919084495,25.600699430733858,0.00039272423026900753,-0.31008250754070316,0.10118692983322818,0.9453094146975762,,,,70,42.31227284011926,23.19615430660002,5.58576760581601
1660857591.3917415,LIDAR_ONLY,-15.532347791830055,32.55601803875591,25.632320963094195,0.0005978979590200682,-0.3006491751585529,0.06426852432088545,0.9515667463589342,,,,66,42.26149390957051,23.076616822276463,5.590243140612727
1660857591.4923532,LIDAR_ONLY,-15.45239347804408,32.50399563802944,25.675298671246853,2.577457064917299e-05,-0.2935347946480423,0.018900441984179228,0.9557615272438026,,,,81,42.26149390957051,23.076616822276463,5.590243140612727
1660857591.6331758,LIDAR_ONLY_SAFE,-15.37720307558941,32.45119826367903,25.7046811411498,-0.002251104385351612,-0.28240880725430995,-0.033071915261391034,0.9587212559108031,,,,67,42.195481191290206,22.86987776648915,5.6500590436481986
1660857591.7245939,LIDAR_ONLY,-15.312497629602596,32.403118797925195,25.726762966943415,0.0028047351711903636,-0.26159381345402505,-0.08665802168794362,0.9612758175988473,,,,22,42.14368846078028,22.785201277636418,5.662734907653829
1660857591.7952747,LIDAR_ONLY,-15.281309277506882,32.37034722245395,25.746376943740714,-0.007381505778831034,-0.2466042237217009,-0.1643303050239467,0.9550536220892475,,,,66,42.04715086259705,22.778632525075793,5.708977986513574
1660857591.8958423,LIDAR_ONLY,-15.257374190964793,32.333732445343884,25.76645264933032,-0.00848547699544812,-0.2292479250887127,-0.23603741908180692,0.9442773545499643,,,,64,42.04715086259705,22.778632525075793,5.708977986513574
1660857591.9965217,LIDAR_ONLY,-15.23505997754079,32.30117950438646,25.77617030197626,-0.0006121032780573942,-0.2091157007645104,-0.29429734022542536,0.9325552662226433,,,,73,42.0225901353655,22.7221862932922,5.758212098612462
1660857592.1071584,LIDAR_ONLY,-15.230017132088367,32.27976054604306,25.775105407873646,-0.005871524099275918,-0.19155593142718833,-0.3453200984527988,0.9187088112913488,,,,85,42.06840684370873,22.540610208861544,5.844528041962408
1660857592.1977344,LIDAR_ONLY,-15.24295096355603,32.26665858761019,25.777600878203586,-0.002905964552048394,-0.17924401027832604,-0.3892884269927049,0.9035029943275845,,,,76,42.05962473989875,22.48741111519725,5.941268176872512
1660857592.2983897,LIDAR_ONLY,-15.250971200916453,32.260202876679664,25.774256293979168,0.004136923957213182,-0.1598111029511235,-0.4286462997775198,0.8892163105345956,,,,88,42.05962473989875,22.48741111519725,5.941268176872512
1660857592.401451,LIDAR_ONLY,-15.263988127460607,32.25166084680662,25.757713014921862,0.01326143893633032,-0.14320696757437734,-0.4729586578775723,0.8692675115372338,,,,100,42.072932163595844,22.476728601308803,5.975336750120165
1660857592.5126362,LIDAR_ONLY,-15.272855124910627,32.23716471577637,25.752641460486135,0.020581659095120528,-0.12715939734956058,-0.5155534439111946,0.8471195484970795,,,,89,42.083466203854925,22.478365752695566,5.99239174193761
1660857592.6031556,LIDAR_ONLY,-15.284563217387891,32.21732448593909,25.747581248900698,0.02733389387416871,-0.1085070806319184,-0.5550753759864173,0.8242392848390276,,,,98,42.083466203854925,22.478365752695566,5.99239174193761
1660857592.7053335,LIDAR_ONLY,-15.2974864933506,32.210080132823116,25.74010870430432,0.0349355465468736,-0.0925602544937707,-0.5937606204334916,0.798536431540825,,,,100,42.09818070599287,22.488781273256688,6.010317663087791
1660857592.7958581,LIDAR_ONLY,-15.30990193094749,32.1823408026512,25.741658710464215,0.036650813968435565,-0.07597453484522235,-0.6256478453829328,0.775531663736689,,,,95,42.08134705821141,22.5093819259534,6.010245724478846
1660857592.9080608,LIDAR_ONLY,-15.315714601024364,32.177477200859464,25.736424454659634,0.038966797680755116,-0.06764212860748298,-0.6470172700720151,0.7584687095355437,,,,101,42.07712043779236,22.53264406108511,6.046152728965872
1660857593.0097253,LIDAR_ONLY,-15.311813257454105,32.15781043403347,25.73168830138828,0.044345775150978664,-0.05449207240452432,-0.6635290749635735,0.7448444354019861,,,,101,42.07712043779236,22.53264406108511,6.046152728965872
1660857593.110446,LIDAR_ONLY,-15.290467620921305,32.132477116805,25.7253839240398,0.03940474921042005,-0.05023789747723583,-0.6748973486285004,0.7351441955228587,,,,118,42.0623833149927,22.535904493250847,6.042136250410603
1660857593.2210855,LIDAR_ONLY,-15.256894389436482,32.09203719035589,25.714528458538926,0.03640985664275678,-0.05082945019846902,-0.680022434456561,0.7305204842901721,,,,116,42.05483695155204,22.544362123337358,6.042292226012703
1660857593.352128,LIDAR_ONLY,-15.2137547526915,32.00617044841183,25.729936833615632,0.023837353479656705,-0.04204569211097471,-0.6752917604525515,0.7359653379194493,,,,88,41.991256588737436,22.550597211762096,6.078842613797476
1660857593.4225328,LIDAR_ONLY,-15.191536704321194,31.937607504805037,25.756913004108632,0.01646732144949229,-0.04180146357427591,-0.6685195498980313,0.7423362286534729,,,,84,41.991256588737436,22.550597211762096,6.078842613797476
1660857593.5248082,LIDAR_ONLY,-15.133446057738961,31.852399665407077,25.76586303855635,0.012093287111238022,-0.05323061670228658,-0.6534806912224538,0.7549723438986117,,,,88,41.95730268764598,22.552964904583156,6.09658615664363
1660857593.635473,LIDAR_ONLY,-15.051085786832825,31.735139545558773,25.774023130133724,0.006663753463571764,-0.06196557485864309,-0.6410985158671098,0.764923888289027,,,,81,41.86175771685108,22.49769644488368,6.1798302757254255
1660857593.7159,LIDAR_ONLY,-14.985376890967796,31.622667408572916,25.788815249468904,0.016133641296760107,-0.06434148338822752,-0.633928137504727,0.7705420141781355,,,,89,41.86175771685108,22.49769644488368,6.1798302757254255
1660857593.8165057,LIDAR_ONLY,-14.93827651417968,31.494823891312556,25.79562705861002,0.023221632252717398,-0.07370094259887057,-0.6344476465698434,0.7690936943035905,,,,95,41.826524754844755,22.431901580087228,6.220546749444022
1660857593.92717,LIDAR_ONLY,-14.884759406154942,31.349182022062465,25.781631522185613,0.02327742366134125,-0.07702154719713677,-0.6386389578815503,0.765288262219549,,,,83,41.645195711607066,22.31537325058308,6.345697384223168
1660857594.0277557,LIDAR_ONLY,-14.835300579802013,31.215540191177077,25.759182438748034,0.029854938968707924,-0.07425767649185806,-0.6389016878931314,0.765113791085034,,,,85,41.645195711607066,22.31537325058308,6.345697384223168
1660857594.1082077,LIDAR_ONLY,-14.806249295359112,31.077907869704,25.770709863009884,0.019553782736999672,-0.07367940124013873,-0.6413274611104723,0.7634710754437032,,,,85,41.54005641166338,22.250650633563207,6.399827404298158
1660857594.211324,LIDAR_ONLY,-14.757803776107203,30.91417191892881,25.759794872020098,0.015518392414833122,-0.06559368454464191,-0.6410162630752123,0.7645618343324545,,,,77,41.480690229862645,22.234027254698205,6.5134368739387725
1660857594.3119118,LIDAR_ONLY,-14.715478859195063,30.775357412628964,25.765342358719135,0.006215600216483867,-0.06163907823526467,-0.6342545283926118,0.7706381664320302,,,,64,41.480690229862645,22.234027254698205,6.5134368739387725
1660857594.422464,LIDAR_ONLY,-14.645168522120088,30.654900938926815,25.76818770154154,0.00047561490625664093,-0.06741538672037807,-0.6235229409489256,0.7788928562608631,,,,80,41.26415540101829,22.14538492725795,6.693129133412109
1660857594.5129602,LIDAR_ONLY,-14.56072079076095,30.51839873905016,25.766435058369726,-0.011037877880915009,-0.06606566820465323,-0.6008811911714271,0.7965270157583895,,,,77,41.1700312781038,22.114184091443654,6.80822170118302
1660857594.6437106,LIDAR_ONLY,-14.481937495587188,30.408126617190973,25.782378569389568,-0.016045727190746796,-0.07499940084043875,-0.5841143665822475,0.8080396223358823,,,,69,40.955510228615054,22.00782293570812,6.9880099755492235
1660857594.7643898,LIDAR_ONLY,-14.393680122353532,30.30726273232674,25.820134661505296,-0.034176501781104957,-0.08034884928792581,-0.559270251678953,0.8243741958183026,,,,78,40.85453658631539,21.932025109904323,7.075483605076562
1660857594.8348007,LIDAR_ONLY,-14.275311329307677,30.20587065828334,25.863729938378043,-0.05413593161023801,-0.08112621067296881,-0.530134548448771,0.8422856993868261,,,,81,40.85453658631539,21.932025109904323,7.075483605076562
1660857594.925877,LIDAR_ONLY,-14.175533709292331,30.13109171528373,25.912894804676277,-0.0668917558201065,-0.09655351213920972,-0.4958602234318088,0.8604217286395337,,,,80,40.80126328718703,21.882650435235625,7.142760377655623
1660857595.0473876,LIDAR_ONLY,-14.056904968528785,30.071320517520135,25.951457967060684,-0.07705347737317035,-0.117411163181904,-0.45717193567942205,0.878220474375373,,,,73,40.65179687888674,21.689889159931447,7.304436205475147
1660857595.13792,LIDAR_ONLY,-13.926317984928172,30.006544308190108,25.998480812097178,-0.09299382614992988,-0.13009369047328254,-0.4084732491347681,0.8986530947692353,,,,70,40.65179687888674,21.689889159931447,7.304436205475147
1660857595.2198665,LIDAR_ONLY,-13.809644375327482,29.94835246676285,26.054067108850333,-0.08887110480961943,-0.15237245645657502,-0.36139457586110174,0.9155755139700282,,,,82,40.58969737862002,21.532372655989956,7.375025600423341
1660857595.3413863,LIDAR_ONLY,-13.687214369788066,29.89309448418158,26.103967899934915,-0.09948661970931089,-0.1698649394659195,-0.31848638669272983,0.9272619566931793,,,,85,40.47738360991164,21.392566117351237,7.404767690683524
1660857595.4220076,LIDAR_ONLY,-13.543551639430394,29.853848793100923,26.15934477585711,-0.11053135353593815,-0.1831902746258929,-0.2759789675958236,0.9370484259699425,,,,95,40.47738360991164,21.392566117351237,7.404767690683524
1660857595.5326252,LIDAR_ONLY,-13.422847400193387,29.82736318144057,26.219447979215555,-0.11005284995243582,-0.2036051597605135,-0.22957359530388904,0.9453725580296315,,,,100,40.435788479164124,21.164006457061003,7.498857962207365
1660857595.6338885,LIDAR_ONLY,-13.287940191012094,29.809954427254876,26.274396498220568,-0.11745173163161814,-0.21925540142445377,-0.18663080580898733,0.9504215391109484,,,,90,40.42175231294836,21.146273389905105,7.540397442172864
1660857595.7445288,LIDAR_ONLY,-13.136121578807074,29.80502439679104,26.33958333255936,-0.12705831130397,-0.2301918338550107,-0.1421729377722633,0.9542823276788975,,,,95,40.35350667984521,20.777806393806785,7.5937490536093755
1660857595.8249862,LIDAR_ONLY,-13.016852919387107,29.81439579207017,26.385598841456087,-0.1245691632177525,-0.2473609519540562,-0.09465641575120447,0.9562087878600296,,,,95,40.35350667984521,20.777806393806785,7.5937490536093755
1660857595.9356735,LIDAR_ONLY,-12.890471526095782,29.834688402035233,26.43510433079909,-0.1345223805722028,-0.26164360173132184,-0.0465239313545234,0.9546108519232162,,,,103,40.36085867234177,20.638346868828613,7.610640590051943
1660857596.0463293,LIDAR_ONLY,-12.746525930439374,29.885835996474366,26.499487641222423,-0.14475447789203816,-0.27335635345561954,-0.00348064755445162,0.9509523280629012,,,,103,40.38238330920632,20.48349378972172,7.62852372336855
1660857596.126849,LIDAR_ONLY,-12.647614923365271,29.93261317278734,26.579833732711336,-0.14181650741248997,-0.29043810715916735,0.04543212262685883,0.9452352650894599,,,,103,40.38238330920632,20.48349378972172,7.62852372336855
1660857596.2285657,LIDAR_ONLY_SAFE,-12.542267725110003,30.006947547437473,26.623486143577086,-0.14321719169144723,-0.3013180593667459,0.09178320594210353,0.9382281738524285,,,,95,40.412742103883886,20.22581443643404,7.603761635549141
1660857596.3291824,LIDAR_ONLY,-12.426743814829669,30.096683095982186,26.706250258734393,-0.1567525684971698,-0.30903283783451924,0.13396164799193377,0.9284296496109811,,,,103,40.46527665302393,20.06913939111092,7.580283203743326
1660857596.42974,LIDAR_ONLY,-12.330680468727031,30.15949392642686,26.773605672057972,-0.14169385085926994,-0.31626731294826316,0.17243574193910935,0.9220432496857538,,,,103,40.46527665302393,20.06913939111092,7.580283203743326
1660857596.540357,LIDAR_ONLY,-12.23062627022545,30.245003475810503,26.8314008445414,-0.13121389904825098,-0.3204877496062478,0.20239035132450867,0.9160287444942001,,,,99,40.57637527801969,19.852243314777528,7.522847535210716
1660857596.6509995,LIDAR_ONLY,-12.109599773381134,30.349673040197615,26.8837939651978,-0.11757629832741756,-0.31657888924844046,0.22160705334690128,0.9147917439837057,,,,103,40.659657831593734,19.706487070780867,7.484079902346123
1660857596.761588,LIDAR_ONLY,-12.027041731393119,30.432326371448653,26.94206570957849,-0.1057886878422149,-0.3179575932342011,0.23129610825358546,0.9133530712359172,,,,105,40.7671278521374,19.492456757243897,7.3937195282734125
1660857596.8636847,LIDAR_ONLY,-11.917514637955293,30.520020642086678,27.004192860716813,-0.09280445526229615,-0.3139900376970938,0.23423669125905094,0.9153855809321326,,,,105,40.7671278521374,19.492456757243897,7.3937195282734125
1660857596.9441416,LIDAR_ONLY,-11.797095033704299,30.61335653158715,27.067422892578403,-0.09063175337221809,-0.30860724787327104,0.23504277972861315,0.9172253504663996,,,,95,40.81756300847901,19.388678234360764,7.3312073726913916
1660857597.0558925,LIDAR_ONLY,-11.697660165662331,30.69119492172532,27.111547302176213,-0.08389809374323835,-0.3129232349634197,0.23354341300779316,0.9167865799230215,,,,99,40.92892956147611,19.207084209833052,7.246852644628419
1660857597.1363065,LIDAR_ONLY,-11.573801908164144,30.75849538215921,27.141854394621365,-0.08933343949581309,-0.3109918413596191,0.23256844492538456,0.9171780250423524,,,,87,40.92892956147611,19.207084209833052,7.246852644628419
1660857597.2469506,LIDAR_ONLY,-11.454263524102133,30.836282700438737,27.196527394968648,-0.08071444298233843,-0.3086461783764108,0.2310879107632061,0.9191414976850867,,,,108,40.98077354799877,19.06131875742124,7.165825750138911
1660857597.3374348,LIDAR_ONLY,-11.363791095088672,30.889787368489145,27.27187567558747,-0.08647104853498273,-0.3090652574393791,0.23106334793553018,0.9184830720541425,,,,93,40.98077354799877,19.06131875742124,7.165825750138911
1660857597.4382677,LIDAR_ONLY,-11.25374209418856,30.95855181479147,27.31410287805081,-0.08435954016027955,-0.30894190973053987,0.2307177315344088,0.9188077561446734,,,,93,41.04463679630897,18.975238211111435,7.128559115645291
1660857597.549756,LIDAR_ONLY,-11.110710331831996,31.001893169911554,27.384702189327754,-0.08570085489863019,-0.304644383036465,0.225662892776963,0.9213704044397717,,,,101,41.13198833291572,18.70855576965657,7.0140984084481675
1660857597.6402748,LIDAR_ONLY,-10.986504684954829,31.02579065078418,27.447123721570232,-0.07084706633231497,-0.29742134919158264,0.21233549984260508,0.928135157045435,,,,86,41.22780667309144,18.48029917574358,6.956525511854125
1660857597.7518973,LIDAR_ONLY,-10.861818189352858,31.03246162677143,27.482244939963238,-0.050049039710263116,-0.2957639428384248,0.18657317438881033,0.9355261804670312,,,,90,41.22780667309144,18.48029917574358,6.956525511854125
1660857597.842383,LIDAR_ONLY,-10.7637095774393,31.064358451925294,27.51851587497329,-0.06256073395085018,-0.28540034614248305,0.14675900139288756,0.9450368207109416,,,,90,41.270530102163576,18.32610210267389,6.944073184570285
1660857597.943009,LIDAR_ONLY,-10.702875036106628,31.055506345114154,27.574253292642783,-0.04963133070138913,-0.2809181158586456,0.11157562014128752,0.9519309975966351,,,,90,41.270530102163576,18.32610210267389,6.944073184570285
1660857598.0441701,LIDAR_ONLY,-10.659977408142783,31.090133551730936,27.594660930550496,-0.05689380586714057,-0.2770783744050287,0.06086739675753944,0.9572282012681088,,,,95,41.30921755425433,18.196704490006674,6.935477492299322
1660857598.1547813,LIDAR_ONLY,-10.632716024420638,31.139721971765788,27.593877319804722,-0.06728165592213096,-0.2717426526401825,0.01788767260416612,0.9598484988170057,,,,95,41.33276971605539,17.981445104630254,6.919099754219146
1660857598.2654192,LIDAR_ONLY,-10.616302886570605,31.15801415905456,27.59255914993739,-0.06454489129372637,-0.2614951621315301,-0.01533755319954423,0.9629221134918116,,,,104,41.360202228684436,17.918286727404116,6.953232991529685
1660857598.3459327,LIDAR_ONLY_SAFE,-10.625874057044102,31.176416958017448,27.609062683538916,-0.062453067014010946,-0.2587622119221427,-0.037818572431375735,0.9631778068876777,,,,116,41.360202228684436,17.918286727404116,6.953232991529685
1660857598.4766533,LIDAR_ONLY,-10.629364869590283,31.19044684704855,27.594050021879998,-0.06493811673086583,-0.254421246749591,-0.04945376884244119,0.9636426697407658,,,,124,41.41286625738276,17.85782700135297,6.9019338191343245
1660857598.5689666,LIDAR_ONLY,-10.633677512950843,31.200594661463484,27.596728274688473,-0.061268627269719,-0.2536806733696359,-0.05572542258296642,0.963735932996774,,,,133,41.42267741264714,17.845737772356447,6.87600687272191
1660857598.67952,LIDAR_ONLY,-10.63531134618162,31.205115448530037,27.58484461011665,-0.059454131881885176,-0.25384006072943616,-0.05588192471248312,0.9637985475510304,,,,134,41.42267741264714,17.845737772356447,6.87600687272191
1660857598.7604463,LIDAR_ONLY,-10.642603605279522,31.188006224516087,27.578095865946157,-0.055377852930875326,-0.25674502416583417,-0.056643074764000476,0.963227308610035,,,,142,41.447666881411074,17.854172111150092,6.853080785497191
1660857598.8610475,LIDAR_ONLY,-10.650390311170666,31.174824441935577,27.590631767417992,-0.05376845549576579,-0.2563006746261116,-0.0573938626981647,0.9633923717283547,,,,134,41.46186528316449,17.866884993466737,6.838733833965376
1660857598.9616365,LIDAR_ONLY,-10.66032789440654,31.16954967417837,27.58369693801147,-0.05475975964459918,-0.2578115754722905,-0.057795048259083166,0.9629092857963785,,,,138,41.46186528316449,17.866884993466737,6.838733833965376
1660857599.0622108,LIDAR_ONLY,-10.660495838161525,31.165126864579676,27.570398022254775,-0.05435967138519678,-0.25852989234349577,-0.058757605637939685,0.9626810814965933,,,,136,41.44993136804767,17.880411615227406,6.843876649030083
1660857599.162801,LIDAR_ONLY,-10.665892705593519,31.155323247656526,27.57135616451505,-0.05343835963157181,-0.26222003717514153,-0.06008738474024716,0.9616519640799533,,,,146,41.44317698834886,17.88148991027135,6.854900705387837
1660857599.2533317,LIDAR_ONLY,-10.642916394356789,31.149600923558424,27.57078518233717,-0.05661746886747871,-0.2612659108920517,-0.06160964351371682,0.9616334217626274,,,,137,41.44317698834886,17.88148991027135,6.854900705387837
1660857599.354124,LIDAR_ONLY,-10.62040467603375,31.11953860022102,27.587029968430905,-0.056935292617163936,-0.2613583278897316,-0.061032266247176545,0.9616263616259775,,,,132,41.4304446039201,17.89819470897829,6.86308328682117
1660857599.4658475,LIDAR_ONLY,-10.551528461277979,31.081052077152542,27.584841288580183,-0.06053966551748464,-0.259633917790012,-0.06431436624170367,0.9616594199231703,,,,126,41.4358750187614,17.90499144285164,6.881323895841799
1660857599.5664387,LIDAR_ONLY,-10.471323070668587,31.035022137069973,27.61529478712684,-0.053689251024940474,-0.2562571233140457,-0.06333411132280914,0.9630361059784525,,,,114,41.4358750187614,17.90499144285164,6.881323895841799
1660857599.6580777,LIDAR_ONLY,-10.406032409130422,30.988707071620034,27.66674293423264,-0.054720212140004124,-0.26010352532871434,-0.06442071991289137,0.9618741213593558,,,,111,41.41514091920236,17.864845695082675,6.904891770425549
1660857599.7689564,LIDAR_ONLY,-10.283217973982612,30.967069032640296,27.66090541437422,-0.05331216336066612,-0.26023746662012076,-0.06394815071215645,0.9619484956199279,,,,111,41.37222231636678,17.799216774553983,6.923362279210868
1660857599.879579,LIDAR_ONLY,-10.167481012244268,30.941550061315084,27.72662592477693,-0.0559353708453293,-0.25423317712747673,-0.06379564944989602,0.9634141586292629,,,,99,41.35461912875207,17.64847079351151,7.011957617872898
1660857599.9801903,LIDAR_ONLY,-10.074652624559551,30.925219495732776,27.7839468569409,-0.05556787545489987,-0.2570056290629061,-0.06409417305536437,0.9626797259877025,,,,105,41.35461912875207,17.64847079351151,7.011957617872898
1660857600.070649,LIDAR_ONLY,-9.940305428622178,30.918755630026972,27.832517074372973,-0.05660314622861154,-0.25736274882472077,-0.06319896709101352,0.9625831859704568,,,,105,41.31552106493375,17.540222912712142,7.002543083510674
1660857600.1712184,LIDAR_ONLY,-9.79970570160653,30.90794309071815,27.872126171687015,-0.05599658394462083,-0.2537692133239382,-0.05982188188181177,0.9637877937614696,,,,93,41.31552106493375,17.540222912712142,7.002543083510674
1660857600.2818274,LIDAR_ONLY,-9.681284542672845,30.900315209008824,27.943723410642182,-0.05521508343650206,-0.25700553427727724,-0.06083454712728946,0.9629115264590872,,,,105,41.31612417189498,17.4088839821344,7.038577113288496
1660857600.402563,LIDAR_ONLY,-9.532341442567455,30.89560987854292,27.975630626623474,-0.05882423791530087,-0.2582875887372352,-0.06065568724308165,0.9623658961866107,,,,60,41.32525842197294,17.165298345999737,7.074969270107623
1660857600.4831195,LIDAR_ONLY,-9.360482228963722,30.907102425428533,28.031240827545087,-0.06099717237044806,-0.2518543912708569,-0.061750920905393886,0.9638648942293374,,,,100,41.32525842197294,17.165298345999737,7.074969270107623
1660857600.5736187,LIDAR_ONLY,-9.232855562286252,30.904537124629407,28.090747120925215,-0.05562571204836279,-0.25733414669424864,-0.06004230314263721,0.9628498527483832,,,,81,41.34846612430274,16.90228352348903,7.1158310135
1660857600.6740944,LIDAR_ONLY,-9.083214897393447,30.902521157422385,28.170555211351648,-0.057495045916570814,-0.25921328078364697,-0.06041447351399019,0.9622124953202682,,,,95,41.33177363836218,16.75668856268684,7.112598060664832
1660857600.7652073,LIDAR_ONLY,-8.919135913583235,30.896620444043144,28.209954641558056,-0.055207395502089515,-0.2533053811130211,-0.056653173515992944,0.9641467446979374,,,,79,41.33177363836218,16.75668856268684,7.112598060664832
1660857600.8770573,LIDAR_ONLY,-8.787045113704696,30.88815587682943,28.287653145137458,-0.05390212695153375,-0.25640874641717243,-0.05835549932296183,0.9632983707915439,,,,95,41.334450292844174,16.44511530217496,7.130276355338686
1660857600.987642,LIDAR_ONLY,-8.616268813509391,30.90376239141853,28.31718633002987,-0.05474232064895268,-0.2530774036978421,-0.060656435674212306,0.9639895761256068,,,,88,41.36655429674996,16.30097161903895,7.159438429705786
1660857601.0681098,LIDAR_ONLY,-8.445129774498568,30.898161047087484,28.371777684849175,-0.05621593173593291,-0.24659002582947967,-0.06193278610204741,0.9655037328701095,,,,81,41.36655429674996,16.30097161903895,7.159438429705786
1660857601.1799004,LIDAR_ONLY,-8.311277566215221,30.90215429582703,28.41903261085579,-0.055334879604416805,-0.25090375742399473,-0.0638414655065891,0.9643182166129897,,,,97,41.37428403472311,15.990645688824873,7.190807294736931
1660857601.2905674,LIDAR_ONLY,-8.161997989558747,30.886710088128027,28.502822653584882,-0.05264379315118949,-0.2515122779244158,-0.06325560028263688,0.9643489690608943,,,,84,41.367318369603694,15.84216765075047,7.17944144091827
1660857601.3911486,LIDAR_ONLY,-8.009049514056654,30.887073265662785,28.563504280846583,-0.05433594408769762,-0.24709064282099294,-0.06363906036811998,0.965372409697869,,,,36,41.36011950217705,15.537060782046586,7.205241244827216
1660857601.4716208,LIDAR_ONLY,-7.879395751756068,30.873317658178856,28.627833101574783,-0.053122425838013416,-0.24900019651360683,-0.0642426632054371,0.9649092134670199,,,,94,41.36011950217705,15.537060782046586,7.205241244827216
1660857601.5822792,LIDAR_ONLY,-7.724102776945227,30.87598498181289,28.66932829165621,-0.05693427368334283,-0.24565601629031295,-0.06586651497096065,0.965439388230097,,,,88,41.397274964473745,15.391795593800822,7.246194701222023
1660857601.6929278,LIDAR_ONLY,-7.574224016955464,30.870464680315017,28.73226427583875,-0.05584063472977587,-0.24163871900924785,-0.0688028268629919,0.9663119185874749,,,,89,41.39418026689312,15.233803661266638,7.248860613870912
1660857601.7835066,LIDAR_ONLY,-7.438367730837237,30.873693828022418,28.73817228118638,-0.05139288377132562,-0.24959060847703712,-0.06991856700636272,0.9644556462821431,,,,95,41.39418026689312,15.233803661266638,7.248860613870912
1660857601.8845189,LIDAR_ONLY,-7.3264894623217725,30.82840976993728,28.886156980305667,-0.041847876545168694,-0.24914092182563544,-0.06960909935623114,0.9650555059618837,,,,72,41.40430438260544,14.952006838730354,7.2668990626391405
1660857601.9853468,LIDAR_ONLY,-7.176358843800552,30.82678647743289,28.907988214062975,-0.04996070695723684,-0.24628544811943415,-0.06752402427302759,0.9655505745174192,,,,61,41.40430438260544,14.952006838730354,7.2668990626391405
1660857602.096009,LIDAR_ONLY,-7.045195963349643,30.81773235381293,28.947495713250593,-0.05721361425194897,-0.2526967342206715,-0.07166067098650113,0.9631903815405347,,,,73,41.37219052432277,14.66012679689246,7.262926998261279
1660857602.196739,LIDAR_ONLY,-6.897455488083759,30.808258011469782,29.00611549400641,-0.05351145143609902,-0.24625683460736567,-0.07248937116465053,0.9650074543973824,,,,70,41.44808077649888,14.508419407274635,7.378780504946432
1660857602.2973287,LIDAR_ONLY,-6.737523710584101,30.798431420794664,29.03876618809923,-0.058307902183836906,-0.24403370865091686,-0.07275669018560979,0.9652741587850753,,,,71,41.44808077649888,14.508419407274635,7.378780504946432
1660857602.4079826,LIDAR_ONLY,-6.622395253563244,30.792132622817476,29.101281649808104,-0.055278869121983744,-0.251474650621894,-0.07340101653739473,0.9634921055693545,,,,56,41.420036526281784,14.234843947874646,7.363694415816164
1660857602.5086665,LIDAR_ONLY,-6.4854149615936425,30.770560266963393,29.18325109726214,-0.053889923720900894,-0.2479517295622326,-0.07142231455937327,0.964631882591196,,,,69,41.42720347835096,14.092773021051306,7.360286021608623
1660857602.5891447,LIDAR_ONLY,-6.351867178347637,30.766362609348064,29.214354131397755,-0.05459674991654926,-0.2485778715846658,-0.07297710271330032,0.9643145644117171,,,,74,41.42720347835096,14.092773021051306,7.360286021608623
1660857602.7003932,LIDAR_ONLY,-6.236688251386189,30.75121351206149,29.268890569965784,-0.056032533736879955,-0.2538109879434966,-0.07584953502551978,0.9626459295081365,,,,62,41.428620693825145,13.815468994540765,7.393068183994511
1660857602.8009725,LIDAR_ONLY,-6.092274686965515,30.752908732282535,29.316786452661717,-0.05382803231624189,-0.2466826497580796,-0.07562055851953241,0.9646407333170667,,,,48,41.428620693825145,13.815468994540765,7.393068183994511
1660857602.9021018,LIDAR_ONLY,-5.9500738440658285,30.746858424031117,29.35402233856734,-0.056945453422011225,-0.2431579799595628,-0.07624105847820933,0.9653075743609747,,,,34,41.4447256010772,13.655862984591893,7.438003105726288
1660857603.003916,LIDAR_ONLY,-5.834382792280918,30.74986675629141,29.398827159153107,-0.05371991077342567,-0.2490571624032194,-0.07628376396370824,0.9639841743502229,,,,59,41.44595299054715,13.401873797264752,7.445098597827045
1660857603.0944433,LIDAR_ONLY,-5.701088946098735,30.73947813869031,29.465994746203457,-0.052924418419737655,-0.24624026247454184,-0.07485553122906645,0.964863404071175,,,,58,41.44595299054715,13.401873797264752,7.445098597827045
1660857603.225852,LIDAR_ONLY,-5.55435833291461,30.73951956001094,29.463456399498877,-0.04545480952677691,-0.23640052609738166,-0.07108833827765715,0.967985072050539,,,,52,41.45767501338863,13.103347628364661,7.456843855983462
1660857603.3063345,LIDAR_ONLY,-5.463669116032712,30.745666882554787,29.548559580119274,-0.03586403739395656,-0.2505034165139401,-0.06407353493345916,0.9653270902951906,,,,31,41.45767501338863,13.103347628364661,7.456843855983462
1660857603.4070697,LIDAR_ONLY,-5.363298099175681,30.791767081495124,29.62847709664796,-0.05248252121852906,-0.24424980536902877,-0.06167904479214387,0.9663246416071914,,,,35,41.47728253013444,12.983805597010994,7.461196272007
1660857603.51908,LIDAR_ONLY,-5.27348680176471,30.854750437386976,29.620847244780162,-0.05830286649790037,-0.25465743989651113,-0.07339495666768257,0.9624778150166537,,,,37,41.46072010495621,12.70016078456478,7.464826771474257
1660857603.6110687,LIDAR_ONLY,-5.243373809110496,30.89973014641351,29.698904014405148,-0.05010129119285059,-0.2541325653590302,-0.08161362210674203,0.9624166023772998,,,,55,41.46072010495621,12.70016078456478,7.464826771474257
1660857603.7015753,LIDAR_ONLY,-5.177289784280639,30.984540417995532,29.690077967323457,-0.060379905313248515,-0.2472290246863201,-0.07958345559556786,0.9637938316789969,,,,32,41.58118540822814,12.503263017550989,7.497605824506534
1660857603.8045113,LIDAR_ONLY,-5.148138113932938,31.050533840723816,29.712737894730882,-0.050138402282855106,-0.2519810834421852,-0.0775404647314655,0.9633167446551802,,,,55,41.58118540822814,12.503263017550989,7.497605824506534
1660857603.9051113,LIDAR_ONLY,-5.119192154926886,31.149437313914405,29.741660162895442,-0.05859198125276618,-0.2573661682031287,-0.07281029317629738,0.9617839135714924,,,,37,41.55415700428642,12.438207222427398,7.405627557301701
1660857604.0066085,LIDAR_ONLY,-5.07949279522284,31.267642391890988,29.800817204594843,-0.062407038022126216,-0.24568987166172881,-0.06698807155187589,0.9650152573083541,,,,49,41.6663387889124,12.325715064165879,7.3532612381407585
1660857604.1071365,LIDAR_ONLY,-5.037747482714236,31.367113123700854,29.814311214788113,-0.0572628225661174,-0.24834466615660974,-0.0748023157541733,0.9640801364519116,,,,43,41.6663387889124,12.325715064165879,7.3532612381407585
1660857604.208665,LIDAR_ONLY,-5.014492062386878,31.473713790971658,29.86183245127536,-0.053699580146327315,-0.24900155676741412,-0.07785592149146534,0.9638739727309932,,,,49,41.79342961335384,12.254312514079547,7.26854696620557
1660857604.309318,LIDAR_ONLY,-4.978197568768237,31.588244734136218,29.88552769541937,-0.0611641359256473,-0.25007297480384866,-0.07832579372014095,0.9631134542655567,,,,57,41.79342961335384,12.254312514079547,7.26854696620557
1660857604.411186,LIDAR_ONLY,-4.94953419593616,31.681935088860293,29.901493207998907,-0.05493854156915401,-0.25445452846545624,-0.07890210568736482,0.9622936699946523,,,,39,41.89364072379906,12.221386648074994,7.187072555840744
1660857604.5118098,LIDAR_ONLY,-4.9280529873573995,31.773645575960593,29.94218848774659,-0.05589961653314685,-0.25888112289223425,-0.07170179961033661,0.9616208447273501,,,,76,42.01028857723837,12.150644094139128,7.038184619757415
1660857604.6137435,LIDAR_ONLY_SAFE,-4.898563328773327,31.884073576625553,30.023444330736975,-0.06505457361623627,-0.252929721505901,-0.06934193162648193,0.9628012021953781,,,,18,42.01028857723837,12.150644094139128,7.038184619757415
1660857604.7143297,LIDAR_ONLY,-4.879969228031772,31.979497382589898,30.021856367726876,-0.06066995430370329,-0.25485101593112075,-0.0788373217297116,0.9618496727795608,,,,33,42.139551423595066,12.078347147336354,6.888075977601833
1660857604.8149261,LIDAR_ONLY,-4.8739371827245765,32.08031636380927,30.030954614546147,-0.05849839475177828,-0.2607075612954131,-0.08037438053400915,0.9602861366533612,,,,76,42.20601551097753,12.046597489936978,6.850174546351268
1660857604.915445,LIDAR_ONLY,-4.8755825966395285,32.18670426402546,30.061408639099227,-0.06686734409536069,-0.26439336920469636,-0.07964406925032619,0.9587918057886556,,,,73,42.20601551097753,12.046597489936978,6.850174546351268
1660857605.0059562,LIDAR_ONLY,-4.878715884580591,32.27530050748899,30.07722399090772,-0.061629110866235064,-0.26713044137210396,-0.07898313257809321,0.9584387537836384,,,,88,42.356391587895516,11.985863162027254,6.6995164240080785
1660857605.1180573,LIDAR_ONLY,-4.900223087021096,32.36830067961132,30.1331491205863,-0.06518564559750839,-0.27452780718386643,-0.07505976155508472,0.9564263415894335,,,,87,42.356391587895516,11.985863162027254,6.6995164240080785
1660857605.228748,LIDAR_ONLY,-4.84969214297592,32.46737155033658,30.148172325829783,-0.06777719566548034,-0.26709362096853206,-0.07074376434225761,0.9586775105280861,,,,60,42.40552978766471,11.984459920021663,6.629236621761722
1660857605.320749,LIDAR_ONLY,-4.81953353911113,32.52657096281227,30.199181322126723,-0.07315485361522188,-0.26480392750002846,-0.07556196476871996,0.9585497571088243,,,,72,42.40552978766471,11.984459920021663,6.629236621761722
1660857605.422794,LIDAR_ONLY,-4.729322272099398,32.55731988704705,30.19454371022428,-0.06773972429412106,-0.2726565659944787,-0.07685108795672556,0.9566418541191488,,,,85,42.53596955280197,11.986017405891019,6.484952946379187
1660857605.5239694,LIDAR_ONLY,-4.659882938919494,32.55950634304913,30.260124024416537,-0.06629869718945836,-0.26560314855208267,-0.07619250691928929,0.9587774257457019,,,,82,42.53596955280197,11.986017405891019,6.484952946379187
1660857605.6255925,LIDAR_ONLY,-4.593494929114839,32.52354154678316,30.262091306235515,-0.06443319364790974,-0.26957712630955116,-0.07680601921380616,0.9577459850814013,,,,82,42.66435927556293,11.950944321921538,6.35066631951623
1660857605.726218,LIDAR_ONLY,-4.5312192892508705,32.46742462108641,30.31095045477027,-0.04729249687730007,-0.2680166562935992,-0.08403116195598799,0.9585766821223203,,,,85,42.66435927556293,11.950944321921538,6.35066631951623
1660857605.8283103,LIDAR_ONLY,-4.4760740556224565,32.4254074147719,30.27438819517047,-0.05321504377060288,-0.2595630867751938,-0.10986924621297255,0.9579790769306078,,,,95,42.74012944108491,11.841127829280968,6.28773466741693
1660857605.9289503,LIDAR_ONLY,-4.470845407540607,32.38578657923886,30.301169997469895,-0.05599236872761275,-0.25414123602383126,-0.14478531845397682,0.9546278323811488,,,,55,42.74012944108491,11.841127829280968,6.28773466741693
1660857606.0306923,LIDAR_ONLY,-4.461378406623848,32.339127904099996,30.2698453997136,-0.050705426698346906,-0.2460126944974517,-0.190263828263027,0.9490555249847816,,,,69,42.72709201160828,11.692158071826746,6.330546986424893
1660857606.1312718,LIDAR_ONLY,-4.46844177653062,32.2915844532433,30.253065262874575,-0.04696494612663626,-0.23140883090673878,-0.2321735611255013,0.9435781283645789,,,,50,42.72709201160828,11.692158071826746,6.330546986424893
1660857606.2318695,LIDAR_ONLY,-4.479052617600836,32.25320892373514,30.254206916965504,-0.04629882658188793,-0.22053663440405763,-0.26709021277883216,0.9369540168976435,,,,45,42.682007383418934,11.568007782583411,6.415135468381696
1660857606.3324661,LIDAR_ONLY,-4.499522654623073,32.230546839139485,30.264556149330772,-0.0449971213647478,-0.21210268581198716,-0.29320465053157013,0.9311384121852603,,,,71,42.682007383418934,11.568007782583411,6.415135468381696
1660857606.4342937,LIDAR_ONLY,-4.500297421869882,32.222078206386676,30.239568753287145,-0.04134287378794137,-0.20552220620557204,-0.3099046715315286,0.9273675021836187,,,,56,42.682007383418934,11.568007782583411,6.415135468381696
1660857606.5349085,LIDAR_ONLY,-4.5113795008171556,32.219341567749545,30.233718715162787,-0.041346174835401935,-0.2039919692313813,-0.3189080498360284,0.924648812287868,,,,84,42.6502820346416,11.556137856823124,6.479061399600959
1660857606.6357405,LIDAR_ONLY,-4.518706042479041,32.215422565859065,30.22153732208781,-0.04142066038202538,-0.203749109313934,-0.3212531988658079,0.9238869040990793,,,,126,42.6502820346416,11.556137856823124,6.479061399600959
1660857606.7362752,LIDAR_ONLY,-4.521252577486225,32.20754205995566,30.219614647397055,-0.04064803501130431,-0.2042397302090076,-0.3211850015600962,0.9238366006100389,,,,124,42.58801041112836,11.594623490656208,6.549470332290159
1660857606.8287394,LIDAR_ONLY,-4.524351518130746,32.200046585181134,30.22559370229573,-0.03777822861808847,-0.2044714400821057,-0.3206044545331838,0.9241087703115414,,,,121,42.58801041112836,11.594623490656208,6.549470332290159
1660857606.9410443,LIDAR_ONLY,-4.527566502631264,32.197902547833955,30.2311446052275,-0.03927077874250251,-0.20580620311180306,-0.32117639968035033,0.9235514782544764,,,,133,42.531680751725055,11.645655234571699,6.588116140594868
1660857607.0315883,LIDAR_ONLY,-4.513232561070692,32.20519497611629,30.2130346775407,-0.04126806072688185,-0.2050287918152352,-0.3213357559233026,0.9235818716582884,,,,145,42.531680751725055,11.645655234571699,6.588116140594868
1660857607.142214,LIDAR_ONLY,-4.511503256846847,32.207138375035434,30.210316752159564,-0.043611486090536396,-0.2031725568391645,-0.32018619532497516,0.9242833714568972,,,,128,42.521093516593,11.658163002419675,6.595595969181927
1660857607.242822,LIDAR_ONLY,-4.5182939559731246,32.20996407709227,30.224735847144355,-0.04485723661292763,-0.20244122794491007,-0.32006905771118194,0.9244247810652227,,,,126,42.521093516593,11.658163002419675,6.595595969181927
1660857607.3434,LIDAR_ONLY,-4.520904569990356,32.21114067583194,30.231592016171632,-0.04559933469236093,-0.2020822203095855,-0.32026020255101995,0.9244008219232294,,,,121,42.52418919908564,11.663494287719187,6.604870462851177
1660857607.4440978,LIDAR_ONLY,-4.52023422226561,32.21047116662355,30.228227715992144,-0.04314604811259659,-0.20277763272977295,-0.32247994943092667,0.923594246632038,,,,135,42.52418919908564,11.663494287719187,6.604870462851177
1660857607.5347989,LIDAR_ONLY,-4.531001629216941,32.21670674963763,30.228199706433383,-0.04338971328359993,-0.20396279169287115,-0.32380721985776534,0.9228571919609243,,,,134,42.52418919908564,11.663494287719187,6.604870462851177
1660857607.6454864,LIDAR_ONLY,-4.529056983812615,32.21250001400646,30.23375352872557,-0.042626783963452645,-0.20445961992556913,-0.3224106430379683,0.9232716817733927,,,,131,42.516405207906956,11.659500476910369,6.5971852007620875
1660857607.747485,LIDAR_ONLY,-4.530115137843478,32.21116804592514,30.238290910283585,-0.04261427671340477,-0.2053356054419582,-0.32313186785088394,0.9228256111190115,,,,135,42.516405207906956,11.659500476910369,6.5971852007620875
1660857607.8481069,LIDAR_ONLY,-4.530157365821498,32.207714026885576,30.237927871672483,-0.04226808672378294,-0.20549935017754323,-0.3225710645281114,0.9230012644902061,,,,143,42.53352111330652,11.666188606846251,6.599464716831423
1660857607.941304,LIDAR_ONLY,-4.527346550347973,32.20644144986014,30.23957640333978,-0.04189359534146077,-0.20577644981044005,-0.3233209901284321,0.9226941620684223,,,,135,42.53352111330652,11.666188606846251,6.599464716831423
1660857608.044639,LIDAR_ONLY,-4.527946861085868,32.20287232845964,30.24202076283421,-0.04176531536631113,-0.20572301715343339,-0.3228632214301197,0.9228721682299268,,,,146,42.5299358471344,11.671577241156996,6.594466900559705
1660857608.1553476,LIDAR_ONLY,-4.528596757711374,32.197497137280074,30.24817678921537,-0.04256447039579468,-0.2079904743944517,-0.32373426452216114,0.92202188390265,,,,141,42.5299358471344,11.671577241156996,6.594466900559705
1660857608.2459376,LIDAR_ONLY,-4.5159845817619475,32.188516552278834,30.255160494449836,-0.04241887452978731,-0.20903502072340335,-0.3240060758141311,0.9216968384617146,,,,140,42.52763060528917,11.670082026624373,6.5933269504980165
1660857608.3482869,LIDAR_ONLY,-4.4945943195349845,32.172086383908834,30.26739238529593,-0.04517136533779109,-0.20975432953544582,-0.32434989703154776,0.9212816145404616,,,,115,42.52763060528917,11.670082026624373,6.5933269504980165
1660857608.4609222,LIDAR_ONLY,-4.456052974593646,32.147701390971996,30.272835436326808,-0.04603628829903431,-0.2083501543210774,-0.32444094465633433,0.9215253370279826,,,,121,42.52763060528917,11.670082026624373,6.5933269504980165
1660857608.5721967,LIDAR_ONLY,-4.4160997159655535,32.11347763109656,30.299637284735493,-0.047382475444835266,-0.2100900109903574,-0.3262705466770702,0.9204154598190085,,,,107,42.52763060528917,11.670082026624373,6.5933269504980165
1660857608.664496,LIDAR_ONLY,-4.350225490220404,32.049057808449916,30.32465770876981,-0.042899747881641644,-0.21265917672319784,-0.3261593122791297,0.9200846641482014,,,,99,42.52555335189671,11.665860430281489,6.594696407578369
1660857608.7664413,LIDAR_ONLY,-4.266164259177521,31.978978175689818,30.35272746016375,-0.03871302861386618,-0.2061902603690674,-0.3255873751747223,0.9219434576324694,,,,92,42.52555335189671,11.665860430281489,6.594696407578369
1660857608.8581545,LIDAR_ONLY,-4.181450388420625,31.91757741730155,30.389658897912973,-0.04050328657890801,-0.20935359988215202,-0.3247074777240027,0.921463839715269,,,,86,42.52555335189671,11.665860430281489,6.594696407578369
1660857608.970759,LIDAR_ONLY,-4.069586525607015,31.84081264902119,30.424792341465622,-0.044439496380822216,-0.20982938762590242,-0.32727494353943154,0.9202651088578876,,,,77,42.51922524269347,11.652336423787283,6.601796529791365
1660857609.072168,LIDAR_ONLY,-3.9479555782629383,31.753878570391613,30.47248690051633,-0.03179145716822062,-0.20438700205839136,-0.3363454805920925,0.9187420608233732,,,,82,42.51922524269347,11.652336423787283,6.601796529791365
1660857609.1647713,LIDAR_ONLY,-3.870538300658601,31.68518253615447,30.530208678336116,-0.018011407257129113,-0.20349170302037775,-0.3418586660406566,0.9172782393927085,,,,61,42.51922524269347,11.652336423787283,6.601796529791365
1660857609.2669072,LIDAR_ONLY,-3.7786636827659414,31.598038448185825,30.546435045759633,-3.658156393345413e-05,-0.2074384050510703,-0.3633245126629144,0.9082756218626111,,,,69,42.487834106594654,11.547300537676247,6.657588479055902
1660857609.3697746,LIDAR_ONLY,-3.7042352279227337,31.532991050096506,30.5697836489497,0.007767685513193406,-0.19430702994844432,-0.3988345990976781,0.8961670624035325,,,,79,42.487834106594654,11.547300537676247,6.657588479055902
1660857609.470596,LIDAR_ONLY,-3.6491626416556855,31.49902916777169,30.585623755163514,0.00018822131394580915,-0.18257819812817455,-0.42925168321193186,0.8845383872962944,,,,57,42.487834106594654,11.547300537676247,6.657588479055902
1660857609.5712671,LIDAR_ONLY,-3.606143478955251,31.439548651548435,30.59811757212418,-0.006469788243205677,-0.1686184863254709,-0.44884289617135764,0.8775340463286327,,,,64,42.33648145816327,11.200216162622821,6.859170758387522
1660857609.6720786,LIDAR_ONLY,-3.5546847821506757,31.385044519983317,30.59269781680997,-0.00612806636612046,-0.1621566859560089,-0.46473313500658686,0.8704543464360014,,,,80,42.33648145816327,11.200216162622821,6.859170758387522
1660857609.7626364,LIDAR_ONLY,-3.524938110717075,31.339595638257784,30.612883970049467,-0.012880175038490179,-0.15717784096095677,-0.4648179539823132,0.8712482407772921,,,,74,42.33648145816327,11.200216162622821,6.859170758387522
1660857609.863294,LIDAR_ONLY,-3.4897112343836865,31.310576987106415,30.63131979292853,-0.021678980305355477,-0.15733947679251065,-0.45887550342022554,0.8741896723345648,,,,74,42.209282395100836,10.934586922063204,7.026121532346451
1660857609.9650974,LIDAR_ONLY,-3.438204172930594,31.288041417566255,30.645160555650005,-0.02566231364446661,-0.16067697322056104,-0.4428456295081743,0.8817097619742004,,,,103,42.209282395100836,10.934586922063204,7.026121532346451
1660857610.065743,LIDAR_ONLY,-3.396702720490514,31.260145317825312,30.67013497627809,-0.038258124460401874,-0.16251547840013864,-0.4253398654301563,0.8895004407356991,,,,93,42.129690823358665,10.78283822974148,7.125685399531992
1660857610.1665893,LIDAR_ONLY,-3.346712864876669,31.251588319198774,30.694618824371208,-0.04204671738296634,-0.17499991274279966,-0.39924499677225994,0.8990053040164155,,,,70,42.129690823358665,10.78283822974148,7.125685399531992
1660857610.2672153,LIDAR_ONLY,-3.2775744697584495,31.26070978230851,30.72581327751818,-0.052850842154669286,-0.19227611663622202,-0.3589944571011176,0.9117892647018335,,,,72,42.088111596869574,10.65150347567413,7.207780908390195
1660857610.36782,LIDAR_ONLY,-3.184159665088444,31.266582081492928,30.74963984901262,-0.07354212391524405,-0.20594564014396288,-0.3074378694630165,0.926099295829432,,,,62,42.088111596869574,10.65150347567413,7.207780908390195
1660857610.4684935,LIDAR_ONLY,-3.1149558647319555,31.289627543554772,30.79415705556297,-0.08608600402168906,-0.22073298157110824,-0.2547409297969966,0.9375357110235685,,,,40,42.089628398271245,10.56500270101963,7.253768427143798
1660857610.5690875,LIDAR_ONLY,-3.0460958449135678,31.32707588187988,30.824954385290937,-0.0938090563871056,-0.2413168600948211,-0.20519002679306836,0.943855437489448,,,,46,42.089628398271245,10.56500270101963,7.253768427143798
1660857610.6616986,LIDAR_ONLY,-2.972906786806549,31.371586641718366,30.858132242862357,-0.10998325562992739,-0.25586162744893065,-0.1535571481401135,0.948081596348807,,,,46,42.089628398271245,10.56500270101963,7.253768427143798
1660857610.7622762,LIDAR_ONLY,-2.9132293562019402,31.411269865353134,30.880180763961395,-0.11553456141794724,-0.267452725289554,-0.09769310285351626,0.9516180234253685,,,,32,42.130986176391154,10.409928795034538,7.245522352139007
1660857610.8631668,LIDAR_ONLY,-2.8646013191696804,31.446242790947665,30.89054082525847,-0.11755919401848228,-0.28029163103387317,-0.03869862098739424,0.9519027545961667,,,,54,42.130986176391154,10.409928795034538,7.245522352139007
1660857610.9738388,LIDAR_ONLY,-2.824631811000443,31.48457060710122,30.912664547331346,-0.11366481662235581,-0.2920868670499952,0.0190329097414465,0.9494226244965404,,,,59,42.174579981370705,10.21914085770007,7.232932586590956
1660857611.067199,LIDAR_ONLY_SAFE,-2.8012876861240192,31.516432531791395,30.914539325548006,-0.11283621466423474,-0.30114294705466366,0.07517634164156417,0.9438905825130738,,,,35,42.174579981370705,10.21914085770007,7.232932586590956
1660857611.177795,LIDAR_ONLY,-2.788612171569995,31.535720631536712,30.926327186959,-0.1126640622930211,-0.3067751655136306,0.12216977162618761,0.9371607939902972,,,,51,42.32350755412668,9.96422610426368,7.2032853857944055
1660857611.278347,LIDAR_ONLY,-2.7930632897928804,31.549698014282562,30.945845110429055,-0.1168014810836518,-0.31596153064995364,0.16512177641001574,0.9269630651332365,,,,55,42.32350755412668,9.96422610426368,7.2032853857944055
1660857611.3895469,LIDAR_ONLY,-2.8032517938755523,31.55569083086609,30.936612148736607,-0.122310419474081,-0.3243415784869263,0.20886374833730081,0.9144499091711782,,,,49,42.43396754460772,9.855527965282162,7.213647496664695
1660857611.4700468,LIDAR_ONLY,-2.8138310235198265,31.562795560979133,30.936238083484206,-0.12630203072829088,-0.32726291823474496,0.2551942568603404,0.9010120258064745,,,,45,42.43396754460772,9.855527965282162,7.213647496664695
1660857611.5707905,LIDAR_ONLY,-2.827818074325352,31.562410293515853,30.93120091907703,-0.1279645791372075,-0.33190389547366844,0.30017914379029487,0.8850747721458154,,,,37,42.48687321358297,9.82631103696105,7.246782584752819
1660857611.6814535,LIDAR_ONLY,-2.8373836495276112,31.56503500968183,30.93086748113041,-0.13193324192429867,-0.33827673298182415,0.33002109396025175,0.8713486954943853,,,,35,42.48687321358297,9.82631103696105,7.246782584752819
1660857611.7748058,LIDAR_ONLY,-2.8206639170843983,31.579836087769124,30.925815921728116,-0.13690291577073938,-0.33861682408919286,0.3488473444274083,0.8630769191579413,,,,31,42.51001297351442,9.853509382889523,7.258923644617566
1660857611.88546,LIDAR_ONLY,-2.802852294360939,31.592559523976355,30.930356743097494,-0.13413956234960658,-0.3420178394493988,0.3591240795840836,0.857939549603529,,,,30,42.51001297351442,9.853509382889523,7.258923644617566
1660857611.9760208,LIDAR_ONLY,-2.776724228828013,31.606130025026836,30.934223460070093,-0.13607574121826455,-0.340874967144144,0.3626648717670253,0.8565989961543182,,,,64,42.52417412944654,9.890112198899248,7.273969162068924
1660857612.0766335,LIDAR_ONLY,-2.73167087106573,31.62431661222798,30.94851571581742,-0.13230424147229414,-0.3416477391167497,0.3605430459682535,0.8577768486318503,,,,46,42.52417412944654,9.890112198899248,7.273969162068924
1660857612.1792724,LIDAR_ONLY,-2.6859175131524804,31.645291238258096,30.97926010269403,-0.12921379744884293,-0.33514271405857243,0.3515815324942514,0.8645077106488392,,,,38,42.51018734866154,9.910269085286533,7.268060352982391
1660857612.2798777,LIDAR_ONLY,-2.64408622139002,31.65410316830134,30.996268374628936,-0.13401816833372182,-0.3289244995368644,0.3410403488604981,0.870367327402636,,,,44,42.51018734866154,9.910269085286533,7.268060352982391
1660857612.3804572,LIDAR_ONLY,-2.6115739695502582,31.653456167644315,31.006594051173927,-0.1367736175829835,-0.33180351717388956,0.327734376342802,0.8739505604366271,,,,40,42.508081709910364,9.898434079739415,7.2427005235474775
1660857612.4710255,LIDAR_ONLY,-2.562379312192567,31.647249531319943,31.025690180648734,-0.13764816215353085,-0.33010169548366997,0.3125814513483938,0.8799878921709624,,,,29,42.508081709910364,9.898434079739415,7.2427005235474775
1660857612.581654,LIDAR_ONLY,-2.5336525069527784,31.643676412257435,31.038771589840685,-0.1399291831412858,-0.3287478502466829,0.3024148644946984,0.8836797634868926,,,,32,42.572533985694534,9.827182173077004,7.2833967431545705
1660857612.682284,LIDAR_ONLY,-2.5098836066023558,31.638678890340067,31.050321343256403,-0.14578131470917163,-0.33079441274776844,0.2909742787769983,0.8858085763113441,,,,39,42.572533985694534,9.827182173077004,7.2833967431545705
1660857612.772836,LIDAR_ONLY,-2.4798903224736906,31.632847113419295,31.06595092156452,-0.15146615451003714,-0.3302322073018464,0.28343899459679894,0.8875060730160937,,,,31,42.57841646449294,9.771293948053483,7.2377634706962235
1660857612.8834565,LIDAR_ONLY,-2.443674563777427,31.618096643768872,31.074370907265358,-0.14891488172003464,-0.33129152292240516,0.27631020647101856,0.88978815155182,,,,44,42.57841646449294,9.771293948053483,7.2377634706962235
1660857612.9839919,LIDAR_ONLY,-2.428561091101533,31.59811432381958,31.08652769042243,-0.15015833368917458,-0.3222500833661575,0.267523276208134,0.8955661088278528,,,,43,42.60258616854507,9.709291135268371,7.248509581812348
1660857613.075171,LIDAR_ONLY,-2.4162555948835096,31.57858049466065,31.08678914849267,-0.15073307196180608,-0.324489169205935,0.24761944262536445,0.9003726626896793,,,,36,42.60258616854507,9.709291135268371,7.248509581812348
1660857613.1757474,LIDAR_ONLY,-2.4212977423851694,31.54981209750442,31.08454947798888,-0.15137869867703482,-0.3233073731830441,0.2237115861504557,0.9069233475075911,,,,38,42.61786752133323,9.627412488313713,7.271885581451498
1660857613.27633,LIDAR_ONLY,-2.409786029417493,31.520628082324258,31.094020799174537,-0.14870659590558677,-0.32186212281099424,0.18176308579378997,0.9171986169181092,,,,26,42.609228510185645,9.586056033254659,7.344155863656901
1660857613.376923,LIDAR_ONLY,-2.40863831854499,31.492123924805348,31.09393329653818,-0.14732242274848542,-0.3178069857691188,0.13961262482854217,0.9261766238360525,,,,25,42.609228510185645,9.586056033254659,7.344155863656901
1660857613.4774973,LIDAR_ONLY,-2.405137492484116,31.467641489688837,31.096401208266926,-0.1444484465252575,-0.312186971111305,0.0941348431206201,0.9342443859480482,,,,29,42.56663548585249,9.560051970674339,7.3964636246937285
1660857613.589501,LIDAR_ONLY,-2.3956145106175737,31.441933708270234,31.09751232043563,-0.13858804938767333,-0.3081971439673838,0.04984772372044241,0.939852689232285,,,,25,42.52949835583688,9.550219854364974,7.399460551402562
1660857613.6800768,LIDAR_ONLY,-2.389233217967,31.418664997306443,31.096639364767107,-0.13164509355887097,-0.30184306940025735,0.006776432709688432,0.9442004081531837,,,,32,42.52949835583688,9.550219854364974,7.399460551402562
1660857613.7805853,LIDAR_ONLY,-2.3932311410849967,31.395970992750676,31.093909926043075,-0.1269671393235871,-0.29358528051928645,-0.033405380484403516,0.9468743893194541,,,,49,42.46008284534148,9.546789259318171,7.3846774021860435
1660857613.8811696,LIDAR_ONLY_SAFE,-2.4013383039443696,31.37643809021172,31.093994776046852,-0.11751150629422077,-0.28676692323648123,-0.07248442259962205,0.947998832333851,,,,48,42.45336081878737,9.566615808317806,7.358668354556146
1660857613.98175,LIDAR_ONLY,-2.405618808603869,31.366663620560296,31.092732377615448,-0.11687441314647573,-0.28392632836920595,-0.0983541350670266,0.9466005893330438,,,,53,42.45336081878737,9.566615808317806,7.358668354556146
1660857614.0825057,LIDAR_ONLY,-2.4121945504551197,31.355134135703324,31.092061993877717,-0.10991142626162331,-0.2818776416321769,-0.119331708628329,0.9456343991421111,,,,75,42.415536905415436,9.572999829313153,7.352605723724754
1660857614.1859612,LIDAR_ONLY,-2.417366387880144,31.348052543153834,31.088640711067754,-0.11014062475649365,-0.2769028237064141,-0.13211415692868672,0.9453780823251015,,,,76,42.391635841845186,9.577284733808394,7.349255963006407
1660857614.2865076,LIDAR_ONLY,-2.4181579621241394,31.343921026799485,31.08411043958269,-0.10958519984212045,-0.27632183077689604,-0.138742079456393,0.9446628844195071,,,,87,42.391635841845186,9.577284733808394,7.349255963006407
1660857614.3871396,LIDAR_ONLY,-2.428277965536645,31.3430154815387,31.09419485115428,-0.1098224104227468,-0.274548419909438,-0.13855693042033776,0.9451794434532854,,,,99,42.38571671015041,9.608288939865895,7.358611665444399
1660857614.4878252,LIDAR_ONLY,-2.432286140213691,31.346812527359234,31.09953113451124,-0.11017547438809362,-0.27711955853982456,-0.13714794349433337,0.9445933287469939,,,,117,42.37617652687447,9.610253226593326,7.366308800850221
1660857614.588383,LIDAR_ONLY,-2.429647114792734,31.352036947248777,31.09763785808116,-0.11143213014907025,-0.2787212083381679,-0.1373593779773174,0.9439437322608996,,,,98,42.37617652687447,9.610253226593326,7.366308800850221
1660857614.6889727,LIDAR_ONLY,-2.4273364254875704,31.360189647225006,31.105893888161148,-0.11538691399072956,-0.27540509225589904,-0.13739928808534688,0.9444359855876182,,,,118,42.37360071837324,9.618079261240322,7.3771071296368955
1660857614.7895699,LIDAR_ONLY,-2.419046615204507,31.36652635845976,31.097472275850542,-0.11448187074830826,-0.27637823715592125,-0.13792585302469143,0.944185061502227,,,,98,42.36480472187472,9.611619964183799,7.360545146141521
1660857614.8914442,LIDAR_ONLY,-2.415456163306857,31.370830382638303,31.099098377902287,-0.11510520062150245,-0.2724910255701045,-0.1395881773279553,0.9449944838589778,,,,112,42.36480472187472,9.611619964183799,7.360545146141521
1660857614.9945667,LIDAR_ONLY,-2.4071662886321734,31.373275247919565,31.100543805877088,-0.11145514039740742,-0.2729189029434858,-0.14979350461010116,0.9437451616150104,,,,118,42.384364550384646,9.617516883251612,7.3449532758837
1660857615.0951593,LIDAR_ONLY,-2.4018217397135238,31.365887136698987,31.103487003211693,-0.11187716166268098,-0.26837868430197825,-0.1693187711747933,0.9416939716481673,,,,120,42.38103943687818,9.611719037624596,7.32126495891319
1660857615.1957448,LIDAR_ONLY,-2.3969385623078887,31.35763280462102,31.10480776460502,-0.10569433328612085,-0.26397772326502006,-0.19339983050353715,0.9390106363040954,,,,85,42.38103943687818,9.611719037624596,7.32126495891319
1660857615.3063767,LIDAR_ONLY,-2.393799152484209,31.344590836353937,31.098446036685697,-0.10127444734528139,-0.2543802525823541,-0.22232979879250098,0.935736946999493,,,,85,42.404198819723526,9.600912966946279,7.31500798442628
1660857615.4270852,LIDAR_ONLY,-2.3960152916280864,31.338122699032645,31.098839440027245,-0.10069235379550738,-0.25149880436807853,-0.23547753480238717,0.9333593798167659,,,,81,42.402336098560674,9.595697455911553,7.322644551965365
1660857615.5089123,LIDAR_ONLY,-2.394999855303643,31.334286640495243,31.097699708512415,-0.1012098197549598,-0.24529853631289172,-0.2506057988631143,0.9310112427055335,,,,98,42.402336098560674,9.595697455911553,7.322644551965365
1660857615.5994642,LIDAR_ONLY,-2.402385326085774,31.32782581322946,31.10526319864756,-0.09607163236594188,-0.24544471512276855,-0.25723855456234823,0.9297071900977857,,,,96,42.39541175621017,9.594594896297728,7.344863247275233
1660857615.7000463,LIDAR_ONLY,-2.4030183063964112,31.328427628286782,31.098020871298473,-0.09811625126093812,-0.2460073540250578,-0.25712790976257965,0.9293755005514278,,,,108,42.39541175621017,9.594594896297728,7.344863247275233
1660857615.8006237,LIDAR_ONLY,-2.406784365235558,31.330013827549678,31.100566408853464,-0.10018012247534124,-0.2454006862105388,-0.25633585135151826,0.9295344950996249,,,,121,42.40946055620851,9.598536611438657,7.3825906092599185
1660857615.901212,LIDAR_ONLY,-2.4035282619317604,31.33092069532247,31.098873227925978,-0.09908758456049183,-0.2462546321325682,-0.256560333979519,0.92936381561127,,,,121,42.406816239844396,9.599486213721976,7.373927170698495
1660857616.0018027,LIDAR_ONLY,-2.40120312116474,31.333794619617343,31.101796488348786,-0.10058317531653534,-0.2476808003597525,-0.2573068127867567,0.9286174939499668,,,,125,42.406816239844396,9.599486213721976,7.373927170698495
1660857616.0938268,LIDAR_ONLY,-2.3905169672954623,31.33762591747496,31.105885955530717,-0.0985492517430202,-0.24682550545235302,-0.25714113922069803,0.9291090621446778,,,,115,42.416651095823866,9.60893439905844,7.399600047220318
1660857616.204445,LIDAR_ONLY,-2.3623818507286773,31.33735847925719,31.115800284763004,-0.10147580551063919,-0.24311720848966376,-0.2572088240280869,0.9297528191268091,,,,107,42.40492273407891,9.606706647871498,7.37510023122298
1660857616.3050299,LIDAR_ONLY,-2.3384855018777992,31.331288467205646,31.13023105474224,-0.09846579101969004,-0.24606526993153727,-0.2626362252686414,0.9277815389999016,,,,97,42.41453594810444,9.592625299173488,7.379048467669914
1660857616.4056394,LIDAR_ONLY,-2.29853687127802,31.303611634064666,31.143994606233036,-0.09245182532871257,-0.24561269693519422,-0.27552960921918346,0.9247759174746787,,,,104,42.41453594810444,9.592625299173488,7.379048467669914
1660857616.5066364,LIDAR_ONLY,-2.242940626532162,31.26664564268158,31.163162954828934,-0.09163149933522574,-0.24629556856037707,-0.287947702192111,0.920884510695767,,,,87,42.41889566719823,9.56674011961255,7.382875027511731
1660857616.6072974,LIDAR_ONLY,-2.1882978732591827,31.224215167643045,31.192735933468633,-0.08813588335109976,-0.24119938304715724,-0.29927738169971213,0.9189602670880591,,,,92,42.41701267328235,9.543894192287842,7.365632952222135
1660857616.7092133,LIDAR_ONLY,-2.1531232095264006,31.184025355286458,31.21789419144443,-0.0859205350259225,-0.2405867514685798,-0.31013583335524797,0.9157245445807931,,,,78,42.41701267328235,9.543894192287842,7.365632952222135
1660857616.8399723,LIDAR_ONLY,-2.1177804533663656,31.142464071982587,31.24061697002625,-0.08148737662930729,-0.24115041485519012,-0.31836639942582,0.9131533937854486,,,,92,42.36751045182052,9.438622161225497,7.400418754466122
1660857616.9204445,LIDAR_ONLY,-2.066923152212788,31.087189049599246,31.264153229851367,-0.0820083032226317,-0.23212157312440176,-0.33011091620799,0.9112743804656859,,,,83,42.35631131840267,9.380076020297668,7.434712920988567
1660857617.0512125,LIDAR_ONLY,-2.0371678193459233,31.045250330388754,31.28155780668281,-0.07655375292175035,-0.2297888365223371,-0.33932231657791456,0.9089537826509685,,,,88,42.3222039199395,9.330394534487393,7.470054924920895
1660857617.1417305,LIDAR_ONLY,-2.0020735837762706,31.004382646090164,31.29279387598137,-0.07274514469348063,-0.22907223499078044,-0.35514420556279724,0.9033862121678761,,,,92,42.28583079398003,9.26652573112967,7.524827750783864
1660857617.2133439,LIDAR_ONLY,-1.976955484535135,30.965438894563384,31.30395305178114,-0.069985691422603,-0.22878987248509988,-0.3646061129178252,0.8998997608996827,,,,92,42.28583079398003,9.26652573112967,7.524827750783864
1660857617.3541996,LIDAR_ONLY,-1.9446290223710752,30.91050837684645,31.31871428507474,-0.06704406739003899,-0.23415244570141133,-0.37627574893420296,0.8939207380768455,,,,68,42.26731496685319,9.231780503962847,7.572489282858821
1660857617.4145095,LIDAR_ONLY,-1.9240256060652756,30.861495996791064,31.336993612266454,-0.061829693967407916,-0.23766540355029583,-0.3848250768481997,0.8897201274153288,,,,86,42.20325935899717,9.168593287903938,7.613810519625778
1660857617.515105,LIDAR_ONLY,-1.9146807994607813,30.82819850113865,31.35584550352291,-0.06956098321671261,-0.24925169513876533,-0.3973929967698938,0.8804053999167767,,,,100,42.20325935899717,9.168593287903938,7.613810519625778
1660857617.6156793,LIDAR_ONLY,-1.909443655477463,30.793177792117852,31.372385966776804,-0.06671403241412498,-0.2630304865647293,-0.40878576404360667,0.8713543482027584,,,,89,42.16977533234398,9.135014580436904,7.644339281982303
1660857617.7173884,LIDAR_ONLY,-1.8999467368045782,30.757250923514775,31.395134191354096,-0.07220627424708512,-0.2838184286760785,-0.42213042814716256,0.8579273017776562,,,,75,42.13651796205623,9.092692596906263,7.710447867518895
1660857617.8179348,LIDAR_ONLY,-1.8848541495077198,30.717445517081643,31.42477668553813,-0.07418908426142315,-0.30045039109650756,-0.43493749263577913,0.8456092003792939,,,,77,42.081788438507516,9.065525110428437,7.761362357995304
1660857617.9098265,LIDAR_ONLY,-1.8812045943739846,30.696979231861583,31.449980852743447,-0.08572928998015263,-0.3242188363761731,-0.45137834843999586,0.8269160909898664,,,,72,42.081788438507516,9.065525110428437,7.761362357995304
1660857618.0205634,LIDAR_ONLY,-1.8785903190220696,30.678244304598586,31.46649393108141,-0.09687161041300082,-0.3500430074893837,-0.46672157444313817,0.8063849923907919,,,,65,42.04757684473536,9.045223265702512,7.782233910592299
1660857618.1211634,LIDAR_ONLY,-1.8710954966229876,30.644887835603356,31.486180618456142,-0.10978975985291684,-0.3719830300676709,-0.47562639170397897,0.7895279409164482,,,,68,41.998092594992485,9.011539875065676,7.816581856459739
1660857618.222046,LIDAR_ONLY,-1.8657254679343618,30.603561988274663,31.522051459281077,-0.11243752316788712,-0.39504962223159007,-0.47147667249880604,0.78038666483225,,,,64,41.959409504786514,8.97870355948803,7.836224092807336
1660857618.3138847,LIDAR_ONLY,-1.8505678410196067,30.570061907524785,31.55042244235136,-0.12330229094881728,-0.4218891473046923,-0.46227612831320763,0.7701343218069452,,,,70,41.959409504786514,8.97870355948803,7.836224092807336
1660857618.4154403,LIDAR_ONLY,-1.8327909538369571,30.535160157116376,31.59302215134004,-0.13516729535338626,-0.4405774994415724,-0.4525115228271195,0.7634491410443417,,,,73,41.94487851957493,8.987260759333267,7.866614713006244
1660857618.5160482,LIDAR_ONLY,-1.8126937565470285,30.491614962852204,31.65014303740961,-0.13348395361074322,-0.46204759637081705,-0.4384097887169714,0.7592699849022981,,,,63,41.93697608485451,8.972392206502839,7.927687432003016
1660857618.6267326,LIDAR_ONLY,-1.778830934556436,30.43571424370226,31.695388233251254,-0.13506568336303876,-0.4777464869582213,-0.4276927416261278,0.7553770410444575,,,,71,41.907795827304355,8.956754827497313,7.944948663140786
1660857618.7282646,LIDAR_ONLY,-1.7532793350322002,30.381381031604025,31.758074483601003,-0.1321521130079468,-0.4791300036551654,-0.42607019490822673,0.7559328327542084,,,,71,41.914337773245755,8.93590356839267,8.008843773660594
1660857618.8196707,LIDAR_ONLY,-1.7418863373767253,30.32882839019151,31.798622843853526,-0.12803217141182402,-0.48764841339296044,-0.42409955155020596,0.75229406376351,,,,70,41.914337773245755,8.93590356839267,8.008843773660594
1660857618.9202788,LIDAR_ONLY,-1.7298902588649399,30.253998636823944,31.852039261169015,-0.12862684008177044,-0.4954194757794571,-0.4232029584926923,0.7476054674439047,,,,69,41.8965250060175,8.909489106790504,8.04875355320448
1660857619.040929,LIDAR_ONLY,-1.7067992660461906,30.177263947913335,31.926550455217157,-0.12394076011489458,-0.49942647569417964,-0.4216145436252537,0.7466277921169974,,,,73,41.89312180964105,8.886826512511627,8.1190349834568
1660857619.1313949,LIDAR_ONLY,-1.6857819413173658,30.116321057432458,31.996505101299878,-0.1229064286056267,-0.5025693537336396,-0.4196020856134271,0.7458231320118893,,,,82,41.84958842116949,8.852366383030628,8.266971432729298
1660857619.2220075,LIDAR_ONLY,-1.6611476394875964,30.06313066508027,32.06443986576606,-0.12813748702967354,-0.5076104163274224,-0.419504016036255,0.7415718644764475,,,,68,41.84958842116949,8.852366383030628,8.266971432729298
1660857619.3241422,LIDAR_ONLY,-1.6145156186953322,30.007352690764602,32.12804173896605,-0.12356644011621071,-0.5118469858969533,-0.4131436218274366,0.7430049432194372,,,,59,41.83059335099607,8.827985679944058,8.3533717304211
1660857619.4347723,LIDAR_ONLY,-1.5822076410006005,29.967862858531543,32.18304742855209,-0.1235420801898087,-0.5095577674975728,-0.40929470601349066,0.7467034750385153,,,,54,41.817244797858024,8.795341232395359,8.44562913961286
1660857619.5253055,LIDAR_ONLY,-1.5534580448531146,29.93442475480049,32.23335093776443,-0.1260457825289387,-0.5114325889077055,-0.4056927129796935,0.7469689353279729,,,,65,41.8020494286121,8.716285778409995,8.608842152634548
1660857619.6259885,LIDAR_ONLY,-1.5341983723623596,29.906940056216424,32.28402312814677,-0.12579831970855085,-0.5162714642870445,-0.4025713564782075,0.7453689427825069,,,,59,41.8020494286121,8.716285778409995,8.608842152634548
1660857619.726552,LIDAR_ONLY,-1.504782110166873,29.87262489176824,32.338490708213335,-0.12290303023681999,-0.5178120477645238,-0.39992038908471966,0.746209897242622,,,,72,41.802001298516466,8.664354723622015,8.679435133241784
1660857619.8389316,LIDAR_ONLY,-1.4701234494838635,29.825168325887816,32.3983898140221,-0.12391746835212877,-0.5156182497787155,-0.3949946054229465,0.7501743418826748,,,,71,41.79901278465822,8.632442644168556,8.728420395294066
1660857619.9294639,LIDAR_ONLY,-1.451528234929722,29.793580820084784,32.45217733447629,-0.1218555703778197,-0.5161070220354861,-0.3921278822283783,0.7516784457150848,,,,56,41.8105815763941,8.554415230954604,8.862701467455473
1660857620.0301948,LIDAR_ONLY,-1.4296152961473312,29.762130680366795,32.500606796374946,-0.1213374968570814,-0.5195926527570315,-0.38849913094127464,0.7512450414580074,,,,65,41.803149632246516,8.515787682147279,8.939955224230866
1660857620.1307638,LIDAR_ONLY,-1.3922495448960794,29.726234040902245,32.54536399988016,-0.12019437360196707,-0.5198031132307219,-0.384559792570733,0.7533072427423188,,,,66,41.803149632246516,8.515787682147279,8.939955224230866
1660857620.2413838,LIDAR_ONLY,-1.359054651924216,29.686218431143814,32.60696451725812,-0.11590969027093118,-0.520780749359671,-0.38168518466283236,0.7547640522749981,,,,63,41.807878294876645,8.488781667358342,8.998183541421415
1660857620.341975,LIDAR_ONLY,-1.33799363961205,29.658318186021155,32.66352646740635,-0.11623691897187141,-0.5189254040705222,-0.37974327954438597,0.7569679288576541,,,,63,41.80760621347779,8.453410892519113,9.063364830828975
1660857620.4325833,LIDAR_ONLY,-1.3175024174840426,29.625189508073092,32.719158953856834,-0.11453061874051763,-0.5228009807234795,-0.3758064324270618,0.7565258734980097,,,,63,41.80760621347779,8.453410892519113,9.063364830828975
1660857620.5336165,LIDAR_ONLY,-1.2988308766364334,29.587124676270616,32.77055497950987,-0.10756242058187165,-0.5247143169770045,-0.37194182811208415,0.7581322363140649,,,,76,41.78661364436154,8.357683187746572,9.201452083354623
1660857620.6343324,LIDAR_ONLY,-1.2658575202040074,29.542053697799336,32.823219957579624,-0.10378250661055666,-0.5264195658571895,-0.3681030789600018,0.7593495606534086,,,,76,41.79798962683006,8.335087263535828,9.25300721808945
1660857620.7550428,LIDAR_ONLY,-1.2459808588583576,29.509414037607822,32.88058141024469,-0.10290341554131764,-0.5259213414431636,-0.3641145938990088,0.761733675371067,,,,65,41.7959670422559,8.290746201420077,9.37367584648995
1660857620.8455307,LIDAR_ONLY,-1.2249290941208524,29.476887219780405,32.94414074272724,-0.0991635889764257,-0.5281684789131947,-0.35986447664043114,0.7626940401997025,,,,56,41.77921590511366,8.248458170687996,9.43834762021455
1660857620.9460626,LIDAR_ONLY,-1.1818469204979611,29.443595181584662,33.00132002848665,-0.08790383938086313,-0.5282957114449175,-0.3530516792138436,0.7671577856577468,,,,56,41.77921590511366,8.248458170687996,9.43834762021455
1660857621.046594,LIDAR_ONLY,-1.1264852256789712,29.400799994456335,33.07336893308127,-0.07395747787069036,-0.5247520309935058,-0.34280623027155416,0.7756606770503472,,,,53,41.78172590832866,8.219798248459153,9.492446736531509
1660857621.1384034,LIDAR_ONLY,-1.0686690976920166,29.36181936296234,33.13735591594032,-0.06673558451061282,-0.515547604851932,-0.33606216509091713,0.785378412031976,,,,65,41.791888987901125,8.191314259187315,9.569304411648384
1660857621.2490427,LIDAR_ONLY,-1.0208001835657021,29.326705539649687,33.19505129051009,-0.057917086385515515,-0.5051096705275484,-0.3271270595851914,0.7965536508806617,,,,54,41.778536749512334,8.085903925789488,9.710595566382661
1660857621.3496187,LIDAR_ONLY,-0.9699633699972949,29.28611112443318,33.24914829879166,-0.04769286182288094,-0.492305221458485,-0.31620382487675885,0.8095530254338895,,,,60,41.778536749512334,8.085903925789488,9.710595566382661
1660857621.4502122,LIDAR_ONLY,-0.9161181324876417,29.235383476381056,33.314285827850824,-0.03201646359696682,-0.47223795896755366,-0.30551150215082945,0.8262136395766213,,,,59,41.77353148927969,8.023348614018639,9.77457501171974
1660857621.5508525,LIDAR_ONLY,-0.8536394693251079,29.188617506920213,33.36798953486816,-0.023394763660853284,-0.44469403063028234,-0.29077898505664884,0.8468456093081379,,,,44,41.78489459135249,7.986550438308424,9.854676546906072
1660857621.6514385,LIDAR_ONLY,-0.8034112799354798,29.146188915856285,33.4192520387152,-0.018581418166009684,-0.4176104660128705,-0.2772363636256659,0.8650989702103862,,,,44,41.7481377865738,7.891497702000821,9.98342845381098
1660857621.7520077,LIDAR_ONLY,-0.7460689146186894,29.114670195438503,33.451373656100856,-0.020042015307931375,-0.3875011339825167,-0.2688247116447079,0.8815749901136034,,,,41,41.7481377865738,7.891497702000821,9.98342845381098
1660857621.8530197,LIDAR_ONLY,-0.6738056041067781,29.07582912478048,33.49864852939589,-0.010455559308516093,-0.3609728776629276,-0.264566712937095,0.894200043210104,,,,34,41.74809569315483,7.843267355167231,10.069179372532187
1660857621.9535635,LIDAR_ONLY,-0.6047272388186333,29.042747579674902,33.537789662360204,0.00037470506852375993,-0.33084801040100803,-0.2586817384870064,0.9075368927945278,,,,59,41.735790312027845,7.787535115047397,10.14981081309746
1660857622.0943947,LIDAR_ONLY,-0.5444887321175174,29.014205543336463,33.56854808054537,0.0010229085913198276,-0.3069972918135693,-0.24740871955990928,0.9189888693356815,,,,50,41.65148711919909,7.667095476332913,10.194093304399683
1660857622.174851,LIDAR_ONLY,-0.494787620429449,28.98343755519775,33.59576457324989,-0.0036196909894342516,-0.28855423858601215,-0.24023919685507228,0.9268271022826305,,,,24,41.578955950589744,7.590332209024294,10.178847971580586
1660857622.255343,LIDAR_ONLY,-0.4353466284818692,28.952393785071582,33.61327610449632,-0.004460974493066374,-0.2814716532206503,-0.23508857310830172,0.9303156297374074,,,,63,41.578955950589744,7.590332209024294,10.178847971580586
1660857622.347211,LIDAR_ONLY,-0.389076982380526,28.916618875937797,33.64032468106105,-0.011153347871748213,-0.27013635342202275,-0.23281418938938173,0.9341838719492374,,,,53,41.568304038997205,7.557163927584864,10.237705000274834
1660857622.4586282,LIDAR_ONLY,-0.3469525179545263,28.882147562666002,33.64928433533916,-0.004745270840585793,-0.259623743373145,-0.2400226536413049,0.9353940987736405,,,,29,41.5213428939541,7.51130454810928,10.241467203464417
1660857622.5592155,TRANSITION,-0.35365042974106703,28.869282347166273,33.65092585765629,-0.004672678425936937,-0.25880956245601,-0.2537442425246768,0.9319922938754561,,,,56,41.45923633806834,7.425508328357448,10.328317544266145
1660857622.6699164,TRANSITION,-0.37928198278837993,28.85998030158865,33.65071360181851,-0.009427318231898874,-0.2592526405459787,-0.27900233199099317,0.924584713687437,,,,50,41.45923633806834,7.425508328357448,10.328317544266145
1660857622.7603858,TRANSITION,-0.39941356891793195,28.854237304520343,33.652224733703875,-0.012651074485870578,-0.25819866684774434,-0.30650408007621543,0.916094235135793,,,,42,41.43929871886362,7.407251960630114,10.390820044792308
1660857622.8613818,TRANSITION,-0.42452059773943646,28.855611486873144,33.65008628236981,-0.024841594404594602,-0.25000380538680606,-0.3543707503829463,0.9007232448163983,,,,22,41.40701891197573,7.381140270468046,10.424389334638139
1660857622.9626994,TRANSITION,-0.43536480779490916,28.851403355552016,33.65618961903174,-0.031614973409375,-0.24334963667846887,-0.39414487454298447,0.8856812438209792,,,,36,41.31309886032966,7.3190917813728245,10.486008119291288
1660857623.055288,TRANSITION,-0.44571348978842795,28.844754083022707,33.657311902533266,-0.031719359023096534,-0.23234252500645033,-0.43450255052081166,0.8696081686183155,,,,35,41.31309886032966,7.3190917813728245,10.486008119291288
1660857623.155891,LIDAR_ONLY,-0.44238728635570645,28.84101667853545,33.65861125896758,-0.031929100981563235,-0.21197593025837214,-0.4765810569269037,0.8525944133525872,,,,37,41.32013794891053,7.317851528135512,10.53340186365818
1660857623.2579756,LIDAR_ONLY,-0.4490055317193625,28.845155179708907,33.65685237579807,-0.0269094381568152,-0.18795314912302424,-0.515035130412648,0.8358757744507551,,,,40,41.31107692640304,7.314319420705582,10.572115353255308
1660857623.3585896,LIDAR_ONLY,-0.45652464283242356,28.85685137082498,33.65611215217592,-0.024376348583438047,-0.16673788452456872,-0.5508902884320784,0.8173886233642061,,,,49,41.31107692640304,7.314319420705582,10.572115353255308
1660857623.459185,LIDAR_ONLY,-0.47529152542838415,28.868134783524837,33.653791885658,-0.01904788779122154,-0.1466285001351705,-0.592696576843593,0.7917373483148878,,,,47,41.27016076095816,7.277050426918586,10.533341046412064
1660857623.5597627,LIDAR_ONLY,-0.49624032796412554,28.872366244974227,33.65194750410044,-0.012656930096560059,-0.1273586826030732,-0.6309785755537868,0.7651703112890976,,,,44,41.25387219853055,7.284060280845289,10.490247184690897
1660857623.6609962,LIDAR_ONLY,-0.5070585139753024,28.872697266315292,33.63750839199597,-0.007318344632149898,-0.1060238369119241,-0.6634101445154743,0.7406702154078267,,,,48,41.308105180879586,7.301993668663229,10.501720406000636
1660857623.7614996,LIDAR_ONLY,-0.5251610911802077,28.87046118776781,33.62432459691934,-0.0008249336631686683,-0.0873376580019781,-0.6944171112171078,0.7142522864003082,,,,48,41.31328677576306,7.315439849055046,10.517010208653096
1660857623.8721101,LIDAR_ONLY,-0.5421744176650362,28.869027118350168,33.61901816820866,0.002962390188436964,-0.06513658444194176,-0.7251882822114742,0.6854563479571698,,,,54,41.31328677576306,7.315439849055046,10.517010208653096
1660857623.963259,LIDAR_ONLY,-0.5502466185249494,28.871234396552328,33.598594474007015,0.014174513201877615,-0.05388827381016434,-0.7550551759852033,0.653289230233596,,,,54,41.31341098875914,7.337867503475815,10.52446053260905
1660857624.0852122,LIDAR_ONLY,-0.5529836195499228,28.84870462891705,33.5787784282125,0.022799463107354284,-0.03972309921097162,-0.7812836468148407,0.6224934723278591,,,,64,41.29853686567001,7.3506751330574245,10.50644433670434
1660857624.1657543,LIDAR_ONLY,-0.5560674736556964,28.81460835034339,33.574700958866046,0.0325827399531247,-0.019528423740146503,-0.7991552881966143,0.5999231876421838,,,,31,41.29211070387326,7.384550895766146,10.503000788484844
1660857624.267644,LIDAR_ONLY,-0.5574875363148489,28.77451453371738,33.56219644856949,0.044478931677622645,0.007418009622200817,-0.813678131193286,0.5795640573636911,,,,68,41.29211070387326,7.384550895766146,10.503000788484844
1660857624.3701046,LIDAR_ONLY,-0.5731443351514348,28.72785523734881,33.55393928640213,0.04783721313845012,0.02775753834993488,-0.823200253857074,0.5650508491751406,,,,84,41.30929148815392,7.415281308736961,10.524408112220828
1660857624.4706686,LIDAR_ONLY,-0.5979533874128672,28.680263147860146,33.53032670161273,0.04705257229952988,0.035005081046830505,-0.8257565478669253,0.5609695387414549,,,,86,41.265813451765,7.428844943393605,10.549352119533705
1660857624.5730226,LIDAR_ONLY,-0.6238763163282078,28.639705507096966,33.5085282634851,0.04385263158818189,0.03411232567291422,-0.8231520405628976,0.5650964643820683,,,,90,41.17480834710698,7.480092167090186,10.562470330250822
1660857624.6735578,LIDAR_ONLY,-0.6402091148701098,28.599472505311727,33.49332363906297,0.037880693563244076,0.033569429469293546,-0.8176919149980107,0.5734266113524554,,,,97,41.1598988232105,7.509677999679177,10.556324146117369
1660857624.7754376,LIDAR_ONLY,-0.6687455009992377,28.548751287602965,33.484874171994726,0.03449394302229708,0.019212620240814007,-0.8133699882970276,0.5804052939592728,,,,97,41.1598988232105,7.509677999679177,10.556324146117369
1660857624.8760374,LIDAR_ONLY,-0.6855350859436072,28.49174300409751,33.44558664281532,0.03445730786126692,0.022181244950055978,-0.8072107090846351,0.588839160931489,,,,97,41.130891688868175,7.5587357285228,10.58458624253246
1660857624.977687,TRANSITION,-0.6865666419099243,28.51945120700495,33.4336653424646,0.03174209454158902,0.022451050829642945,-0.8054494103378379,0.5913878905905892,,,,73,41.109907580820206,7.58999855941209,10.604116204897693
1660857625.07827,TRANSITION,-0.6904484504519545,28.523856982603267,33.423954857311195,0.03187664333553684,0.021255095114382512,-0.8037967290113703,0.5936690315082633,,,,93,41.022410536084244,7.696989900738197,10.62739675226063
1660857625.1789412,TRANSITION,-0.6953484556033154,28.51976733465344,33.41574353470123,0.032655999568384046,0.02109757835614898,-0.8035946228968275,0.5939058510664813,,,,93,40.99916962093821,7.757092041981833,10.661286030669988
1660857625.2794998,TRANSITION,-0.700106960355382,28.5446091693306,33.40168279598527,0.03429032660904548,0.023385213569154944,-0.8029639281834645,0.5945807222939122,,,,30,40.99916962093821,7.757092041981833,10.661286030669988
1660857625.3800788,TRANSITION,-0.7058827107742505,28.563619018547655,33.39348788410462,0.03320227738994251,0.02594537205983816,-0.8033214777130758,0.5940530699269873,,,,77,40.96323582001959,7.801988342662336,10.694238068194378
1660857625.4806306,TRANSITION,-0.713597220724095,28.57472115289283,33.39122544121884,0.03457477362165933,0.030047363997457603,-0.806740319917624,0.5891279972680173,,,,77,40.92682589949134,7.871693791909469,10.745625976568064
1660857625.581365,LIDAR_ONLY,-0.7376439994170001,28.52923657225437,33.36330828456533,0.04439859099039442,0.03996187049358093,-0.8171449866181676,0.5733287755463846,,,,74,40.88259841395262,7.9824428471411615,10.789137409979416
1660857625.6819112,LIDAR_ONLY,-0.7616681726891457,28.49078345189052,33.34775139296714,0.047764106125874006,0.05745485887529757,-0.8323405031656865,0.5492056228294714,,,,55,40.88259841395262,7.9824428471411615,10.789137409979416
1660857625.8143272,LIDAR_ONLY,-0.7832729968227017,28.46168810999403,33.32936637483104,0.04902101957475073,0.07180950275178297,-0.847606781666664,0.5234530338311868,,,,42,40.87873232248247,8.052755660424436,10.802133107048956
1660857625.8847468,LIDAR_ONLY,-0.8101069603142428,28.427904861898284,33.30035126792403,0.043372171971881,0.08686194646442555,-0.8593794001344751,0.5020367552075872,,,,56,40.85979694028653,8.123148665563107,10.812287549341182
1660857625.9859564,LIDAR_ONLY,-0.8296071965322376,28.390754171235653,33.28425302952495,0.04083888648739647,0.0995990834214488,-0.8677106079250909,0.4852736432430121,,,,58,40.85979694028653,8.123148665563107,10.812287549341182
1660857626.086938,LIDAR_ONLY,-0.8539599144797438,28.36730812483051,33.26121087229935,0.04186104165656636,0.11960712867881593,-0.8770596658369921,0.4633660869361719,,,,58,40.820575413506404,8.212389826749467,10.80567424820731
1660857626.187633,LIDAR_ONLY,-0.8702755756324956,28.34804130645363,33.26061496999733,0.04478643760675333,0.13103234533697716,-0.8844610585418767,0.44559323985555527,,,,55,40.8079001765526,8.285987396522266,10.807263026893917
1660857626.299895,LIDAR_ONLY,-0.8901928117850393,28.33664107300572,33.258491973339524,0.04493708892202456,0.15507710768363658,-0.8971947804062901,0.4110635896347435,,,,71,40.789535849019785,8.363194469621545,10.818079434172313
1660857626.390457,LIDAR_ONLY,-0.9134355035306567,28.332217629109298,33.2499271031051,0.04889673524248102,0.17915244659021293,-0.9107534076164409,0.36883836660305375,,,,60,40.789535849019785,8.363194469621545,10.818079434172313
1660857626.491976,LIDAR_ONLY,-0.933333201143878,28.33054821374053,33.251305770241515,0.049762568637061536,0.20117867387105123,-0.9214371809042645,0.3286401521258907,,,,58,40.776629166022495,8.386673501295531,10.821521178803614
1660857626.592584,LIDAR_ONLY,-0.9518099020709105,28.331581031155807,33.2384181439133,0.04742875713631701,0.2300843532937654,-0.928605054373361,0.28723571567293177,,,,71,40.79200130662141,8.41451123059183,10.821150852687634
1660857626.693742,LIDAR_ONLY,-0.9706814439362998,28.335799212928496,33.22937019014435,0.0398447878480831,0.25238610404090245,-0.9348701804844234,0.24643740180706677,,,,77,40.79200130662141,8.41451123059183,10.821150852687634
1660857626.7943313,LIDAR_ONLY,-0.9864922694838081,28.342634938816385,33.230862248338106,0.04446220650972232,0.26971768080509784,-0.9406166105305398,0.20128556045440768,,,,77,40.807231820823056,8.448658178414357,10.81109763288251
1660857626.894942,LIDAR_ONLY,-0.9874607366950123,28.356036576422024,33.23061571865391,0.044310762224696564,0.2882066279904181,-0.9436261246925051,0.15666279944921213,,,,80,40.7926664451826,8.452241695143384,10.766670792140232
1660857626.9955125,LIDAR_ONLY,-0.9861647268359495,28.367363089927103,33.23118799257801,0.04552536681802868,0.2998739438641634,-0.9453496025279385,0.1196544515164617,,,,90,40.7926664451826,8.452241695143384,10.766670792140232
1660857627.0961852,LIDAR_ONLY,-0.9810409755624943,28.3745712364845,33.23274009707509,0.046567977438918245,0.3119749189217175,-0.944317239426843,0.09363773150980673,,,,90,40.84170386390585,8.4805893126531,10.776563676454566
1660857627.197207,LIDAR_ONLY,-0.99017464476965,28.38377034067403,33.24252827005933,0.043609877556150554,0.32011144496235494,-0.9435521202404038,0.07304955696983634,,,,100,40.844818951867246,8.490459808184124,10.757412859912465
1660857627.2988336,LIDAR_ONLY,-0.994813496257579,28.398179866443865,33.24197321926573,0.0210139345480069,0.32629725631066525,-0.9430527007948102,0.06115650907760001,,,,99,40.87062819848094,8.471857527923252,10.767833203205337
1660857627.4199445,LIDAR_ONLY,-1.0274700086402377,28.420635160830326,33.24605612042036,-0.011331656021062014,0.33318192796380613,-0.9409502512396373,0.0589408274645439,,,,90,40.87062819848094,8.471857527923252,10.767833203205337
1660857627.5106227,LIDAR_ONLY,-1.0923577313702462,28.43855359871664,33.26009711072052,-0.03339059538177027,0.3336305550039954,-0.9405412826585953,0.054385811777532225,,,,82,40.89607301147598,8.46971148051275,10.789552342751847
1660857627.6020145,LIDAR_ONLY,-1.1537847340204437,28.451352910405276,33.27146212042691,-0.05802526438498239,0.33484766853788783,-0.9395594256022572,0.04169164580284762,,,,83,40.89259388402972,8.456844995853546,10.759165249065342
1660857627.723117,LIDAR_ONLY,-1.1923669249339264,28.456531508642378,33.28553427608862,-0.09540429993719739,0.34294908714233463,-0.9336333303142691,0.04015903021762135,,,,77,40.89259388402972,8.456844995853546,10.759165249065342
1660857627.8135734,LIDAR_ONLY,-1.2373747486380056,28.455975768110676,33.28927372905155,-0.1286820606494148,0.3433139891103299,-0.9290171289152279,0.05003605030654786,,,,77,40.98123681380632,8.454861933494465,10.753146704871014
1660857627.9041405,LIDAR_ONLY,-1.2924854913848416,28.461662073612185,33.26922958586093,-0.1582889237650134,0.3318885383554093,-0.92782521125892,0.06272951517399389,,,,83,41.05376814427866,8.515562006093633,10.722757367342787
1660857628.0147908,LIDAR_ONLY,-1.3715070246365848,28.463074007738268,33.25036349022694,-0.1807471713635898,0.3157435570665651,-0.9285903491836212,0.07318763295840738,,,,75,41.05376814427866,8.515562006093633,10.722757367342787
1660857628.1053314,LIDAR_ONLY,-1.4307282920936812,28.456593960670688,33.24410014047349,-0.20916957855006776,0.3047687842899759,-0.925481388969679,0.08275430020458643,,,,83,41.034757699287425,8.537699867791927,10.598743129172542
1660857628.2059326,LIDAR_ONLY,-1.482396429659994,28.44678740287744,33.25310971006778,-0.23043052303202297,0.2915361374996758,-0.9238992948943392,0.09120607151227057,,,,79,41.06523513784509,8.57496535698526,10.598032852305616
1660857628.3065598,LIDAR_ONLY,-1.5481331865802364,28.438296902025073,33.26520943867039,-0.24633433742266964,0.27884188745232685,-0.9238164807644028,0.09016488161491742,,,,80,41.06523513784509,8.57496535698526,10.598032852305616
1660857628.4071665,LIDAR_ONLY,-1.6311750103913762,28.428590566129202,33.26052552592978,-0.2566081223881293,0.2717168538808135,-0.9229919474365655,0.0916956258979011,,,,85,41.13849525978412,8.689441571243755,10.547875311203862
1660857628.5079508,LIDAR_ONLY,-1.7166963094412926,28.40537041592266,33.26989622678386,-0.2655746006500237,0.2657369488380889,-0.9220595849704769,0.09305980483471493,,,,84,41.17285176760048,8.715181281928789,10.56870792400659
1660857628.6098073,LIDAR_ONLY,-1.7822404643930814,28.383900048937658,33.273617030778716,-0.26956398560337935,0.25964330510585515,-0.9225745362961519,0.09368477334801639,,,,87,41.17285176760048,8.715181281928789,10.56870792400659
1660857628.710394,LIDAR_ONLY,-1.841122445860129,28.354661970542224,33.285021470613216,-0.2772365410368821,0.257067428553772,-0.9207455072447649,0.09635324789148139,,,,89,41.234090153392685,8.815786246715266,10.554125353046704
1660857628.8109853,LIDAR_ONLY,-1.9061856437853135,28.314014637564327,33.28467466834923,-0.28224570514632613,0.2557212523993088,-0.9196896700999307,0.09547205721708632,,,,89,41.27392675558789,8.879058892378998,10.56510489492796
1660857628.9116192,LIDAR_ONLY,-1.970898800573057,28.266025158519323,33.29060200654426,-0.28892431063156093,0.2534043465361246,-0.9178060946611607,0.09970432530991606,,,,71,41.27392675558789,8.879058892378998,10.56510489492796
1660857629.0123878,LIDAR_ONLY,-2.0359900722340427,28.232671217661796,33.29566266483525,-0.285488149056981,0.24901162245255182,-0.9194253928577708,0.10557781774549348,,,,68,41.343743345064354,8.984100121256429,10.574986070468436
1660857629.1330934,LIDAR_ONLY,-2.101761781055292,28.217578553798514,33.29314095466884,-0.28455519224939274,0.24193138490914712,-0.9214235356558644,0.1071270997427787,,,,74,41.37292192610535,9.061538888164598,10.58458901605021
1660857629.223651,LIDAR_ONLY,-2.177586954038867,28.20183591183253,33.29637858833003,-0.2892435839405839,0.2325808026587164,-0.9218790075557459,0.11128079264575196,,,,70,41.37292192610535,9.061538888164598,10.58458901605021
1660857629.3141828,LIDAR_ONLY,-2.269035817481626,28.187257861260182,33.31151208062075,-0.2886401378209628,0.23111239338605924,-0.9224789899144811,0.11093442039521217,,,,72,41.41702861369815,9.197992861197791,10.579405633047223
1660857629.4360077,LIDAR_ONLY,-2.350758111727448,28.17202279118155,33.32050192052347,-0.28543136530439117,0.2238060421021832,-0.9251491641044549,0.11197685196439253,,,,53,41.4510739986812,9.25503088122671,10.58225188252596
1660857629.5164802,LIDAR_ONLY,-2.4151071957425048,28.160704589503105,33.32786045352876,-0.2864475253425301,0.2236828413978617,-0.924729562279082,0.1130886304473483,,,,89,41.4510739986812,9.25503088122671,10.58225188252596
1660857629.6170871,LIDAR_ONLY,-2.4851251524749287,28.14490074366706,33.33664198474789,-0.28838104249072,0.22085221378124947,-0.9245384026166443,0.11527972973142525,,,,79,41.55769485775377,9.397629952390119,10.554544981237406
1660857629.7176929,LIDAR_ONLY,-2.559015208205486,28.120317315348423,33.348817167621746,-0.2882007326766008,0.2159734493819834,-0.925196802844455,0.11961054657979389,,,,81,41.61530637021657,9.453357025175105,10.545650271422932
1660857629.8194609,LIDAR_ONLY,-2.6221784825068015,28.103639642974237,33.36032219697662,-0.28323669104852156,0.21739622582368484,-0.9260584288733109,0.12219510691593494,,,,77,41.61530637021657,9.453357025175105,10.545650271422932
1660857629.920061,LIDAR_ONLY,-2.6854684314583586,28.09082777010667,33.373966190146994,-0.284536133413646,0.2097397137975086,-0.9272287916565521,0.12367380143458519,,,,73,41.70563455473861,9.571984974563623,10.531196131641034
1660857630.0206354,LIDAR_ONLY,-2.7647671871927018,28.081653312073687,33.38848003838703,-0.2870454838652978,0.20615563109604146,-0.9270769604261057,0.12503221747622872,,,,68,41.74996381618698,9.638486130438842,10.521964543940179
1660857630.1212108,LIDAR_ONLY,-2.8652997029908214,28.06591152219793,33.40181165671926,-0.2808879615066128,0.209500821673106,-0.9279341848809148,0.12708071186590628,,,,80,41.84794938644123,9.754571669491515,10.519044244875078
1660857630.2228675,LIDAR_ONLY,-2.948569548280857,28.052377030299468,33.414891046807895,-0.2820236790827563,0.2042545499243972,-0.9285049635717437,0.12892344974613196,,,,68,41.84794938644123,9.754571669491515,10.519044244875078
1660857630.3238285,LIDAR_ONLY,-3.016403667397263,28.03668588631581,33.42455146290714,-0.283952395999772,0.20019285974766607,-0.9287558093477067,0.12925363559655184,,,,81,41.91131931148369,9.808964680043232,10.507913643870799
1660857630.4244127,LIDAR_ONLY,-3.08591433159961,28.013908519789737,33.438177785844786,-0.28533317478715076,0.19927507094290076,-0.9282296765763487,0.13139289550639507,,,,78,41.974069368738725,9.8741168739797,10.503494159965559
1660857630.5251715,LIDAR_ONLY,-3.165774264025231,27.98633268263132,33.4327734715099,-0.2848752292595087,0.1936767348761577,-0.9291560254223932,0.13418087249423408,,,,77,41.974069368738725,9.8741168739797,10.503494159965559
1660857630.625737,LIDAR_ONLY,-3.2436055673757984,27.960920189250324,33.44528670297522,-0.28020903762844024,0.18996930151672617,-0.9309263258874515,0.13700633373052928,,,,86,42.077263207408414,9.992125051611279,10.494156760923156
1660857630.7262762,LIDAR_ONLY,-3.3183026992647973,27.940955297723146,33.461213771386454,-0.2778804497098591,0.18052146889184195,-0.9332108983059257,0.1389671695805361,,,,94,42.11791868256406,10.055173750045794,10.484304307114853
1660857630.8469877,LIDAR_ONLY,-3.403497310271307,27.92224896028207,33.46875571132665,-0.27476883873911345,0.17780566396564018,-0.9343814929824387,0.1407780405162891,,,,76,42.11791868256406,10.055173750045794,10.484304307114853
1660857630.927444,LIDAR_ONLY,-3.5043686366139246,27.904087588929947,33.45244527801299,-0.2600642746112019,0.1785087380062569,-0.9380813362371613,0.14319430899957178,,,,74,42.19966717397489,10.183022516461746,10.467333318324677
1660857631.0280118,LIDAR_ONLY,-3.6050087964318074,27.888114362799527,33.441003715231844,-0.24383432582179135,0.17331762114635582,-0.9427530861520501,0.14738535307820094,,,,67,42.24868648457153,10.237621639838832,10.481608322853761
1660857631.1285987,LIDAR_ONLY,-3.6891415487972266,27.87126082392047,33.434763983387796,-0.2247145900908824,0.17189530677506726,-0.947298002440725,0.1502725892530116,,,,65,42.24868648457153,10.237621639838832,10.481608322853761
1660857631.229208,LIDAR_ONLY,-3.7681782256251397,27.84930281607315,33.43544746832826,-0.20029822828833174,0.16954875934169533,-0.952395825656305,0.15516452308015657,,,,73,42.34710501044625,10.378879160232975,10.425887346984355
1660857631.3301673,LIDAR_ONLY,-3.868534248982736,27.81399161375527,33.41996411752817,-0.1691456418805114,0.16830603292640414,-0.9573804271503333,0.1627438134702868,,,,75,42.398165113728126,10.430758849047914,10.400377295191017
1660857631.431019,LIDAR_ONLY,-3.957944018541445,27.78706175951712,33.38801162290406,-0.13377718176444583,0.17125507304616297,-0.9612456281190991,0.16965319925375524,,,,61,42.398165113728126,10.430758849047914,10.400377295191017
1660857631.5326948,LIDAR_ONLY,-4.045729061489118,27.76373884645183,33.36013080134702,-0.09735970251857592,0.17287375478000913,-0.9637986048806465,0.17812355954189565,,,,62,42.470296778283505,10.544598975883485,10.363542022567836
1660857631.6332703,LIDAR_ONLY,-4.134331865416774,27.748089297678767,33.33714561345878,-0.06672666159304803,0.17274065869570782,-0.965444064449787,0.18337386914360385,,,,68,42.50940215969619,10.618924584754128,10.329240661410289
1660857631.7341723,LIDAR_ONLY,-4.232789326150443,27.74045422935699,33.29719396009372,-0.029873879314117464,0.17803135985054203,-0.9650908748860352,0.1897682519711865,,,,65,42.53461452080927,10.730720987043918,10.233178955652578
1660857631.8347561,LIDAR_ONLY,-4.318577268796258,27.74062559262331,33.25348874490189,-0.0008516368540277483,0.18097624825550374,-0.9641084677306714,0.19427232106516984,,,,78,42.53461452080927,10.730720987043918,10.233178955652578
1660857631.945396,LIDAR_ONLY,-4.3932043986766205,27.755604829863472,33.23259928427542,0.014823209917307845,0.18709694855664274,-0.9630205239171372,0.19330409929151213,,,,71,42.55076507752292,10.768536636858354,10.176023702014158
1660857632.0359154,LIDAR_ONLY,-4.469124564571369,27.76608247748086,33.201114546959566,0.028014449576791566,0.1962789040568173,-0.961093900907527,0.1923234153074369,,,,74,42.55076507752292,10.768536636858354,10.176023702014158
1660857632.137382,LIDAR_ONLY,-4.548370354961802,27.78707670428924,33.156500598458294,0.044817047469814054,0.20066848038792323,-0.9606322292147803,0.18684034208042966,,,,74,42.5497688306147,10.806438066876106,10.077289015173319
1660857632.2379248,LIDAR_ONLY,-4.607530497783316,27.794576228610758,33.13819866110229,0.046702083849256386,0.2000355610054052,-0.9607801197631706,0.18629613835304706,,,,97,42.59168860221407,10.862857463991897,9.929409591144639
1660857632.349048,LIDAR_ONLY,-4.652649598045382,27.79705962219362,33.112986548912595,0.05119285247945352,0.201033534543385,-0.9600603042724898,0.18774722901876612,,,,93,42.59168860221407,10.862857463991897,9.929409591144639
1660857632.4596965,LIDAR_ONLY,-4.715734458528544,27.786393797636556,33.08657221128039,0.054954645717202225,0.20338265456383026,-0.9583242548859988,0.19295104361951973,,,,85,42.656872097771064,10.93241880885872,9.789414849828423
1660857632.5502062,LIDAR_ONLY,-4.78165633837377,27.7732820384263,33.05978722220312,0.05525832704723392,0.19664698726755203,-0.9592044735178136,0.1954565365342138,,,,84,42.68723758958804,10.959833381233357,9.756744000010489
1660857632.6423817,LIDAR_ONLY,-4.834702161375872,27.76237537532988,33.041972255857004,0.0509841561284954,0.19379342061619884,-0.958652744420985,0.20206345924944505,,,,79,42.68723758958804,10.959833381233357,9.756744000010489
1660857632.7631087,LIDAR_ONLY,-4.881003404033287,27.750927590808843,33.01738511460695,0.04913974132814547,0.19226542072881442,-0.9573285774393395,0.21009828326796334,,,,95,42.72918236899466,11.028207590858788,9.673145199427422
1660857632.8539212,LIDAR_ONLY,-4.940541735047011,27.730130342099805,32.9817888147956,0.051242117870974845,0.18632165690954836,-0.9573749701522142,0.21468966451281465,,,,85,42.75226428479865,11.082303581036687,9.63235737963941
1660857632.9545822,LIDAR_ONLY,-4.994106372473136,27.706839188328882,32.9553976919115,0.05262843890662424,0.18883504979471305,-0.9547009730772398,0.22386965715043097,,,,98,42.75226428479865,11.082303581036687,9.63235737963941
1660857633.0563178,LIDAR_ONLY,-5.04452748386267,27.6963084327765,32.94300778069229,0.05108915812278341,0.1842717795850587,-0.9556015539279052,0.2241862602869177,,,,93,42.79880563797285,11.157024374412224,9.575286903763613
1660857633.1491292,LIDAR_ONLY,-5.097596856652475,27.680651848948035,32.91105377305044,0.05034728367982797,0.18310509096447614,-0.9560514429665666,0.2233904991052659,,,,100,42.80743563290628,11.207701900651537,9.523109245535817
1660857633.2396266,LIDAR_ONLY,-5.164170589084524,27.66338024057143,32.86601122432927,0.05435565572986717,0.18472150580522032,-0.9554084729756752,0.2238706719280499,,,,102,42.80743563290628,11.207701900651537,9.523109245535817
1660857633.3603382,LIDAR_ONLY,-5.226296952120726,27.653357172047354,32.84619102127849,0.05202129180192673,0.18396475496839293,-0.9560551578064562,0.22228200413067653,,,,100,42.8460874447273,11.293960187173441,9.468551067846002
1660857633.451114,LIDAR_ONLY,-5.272321125953962,27.64274369246503,32.81900234693745,0.05064827982585807,0.18289395966303706,-0.9560652074131726,0.22343650203909035,,,,97,42.86236576288236,11.340398050090442,9.430759746000465
1660857633.563182,LIDAR_ONLY,-5.329698060575331,27.633555503354444,32.77614290655884,0.050458557261711466,0.18292523223362564,-0.9565642326418307,0.2213078449619144,,,,103,42.86236576288236,11.340398050090442,9.430759746000465
1660857633.6536903,LIDAR_ONLY,-5.391610638522898,27.6213957803368,32.73943282444527,0.0531896479853591,0.1860525519267745,-0.9563501462445521,0.21897421548381515,,,,99,42.89718975710217,11.430567147431429,9.354467398650327
1660857633.7442105,LIDAR_ONLY,-5.448441282395402,27.61151506213171,32.723538970415746,0.05300808163726717,0.18719218897314974,-0.9572145384433092,0.21421847507005579,,,,101,42.91252981738469,11.47390834591573,9.329296915797135
1660857633.854884,LIDAR_ONLY,-5.496613388845752,27.60568958548889,32.69713348489463,0.050717617868635254,0.18993035995401958,-0.9581908666699521,0.20790489324629607,,,,99,42.91252981738469,11.47390834591573,9.329296915797135
1660857633.9565897,LIDAR_ONLY,-5.562809680327169,27.598138426329776,32.65252832364614,0.04948252035155936,0.19119562634229897,-0.9589335669350391,0.20357339426476304,,,,110,42.94649265751561,11.567801390604398,9.256304413812042
1660857634.057174,LIDAR_ONLY,-5.6286841075548555,27.58815655988943,32.620078067386224,0.05413588770218773,0.1903625407613811,-0.9591062415903285,0.20235272689055203,,,,110,42.978009911216525,11.593919830148637,9.233230042235533
1660857634.1792727,LIDAR_ONLY,-5.685243522693326,27.589652366915995,32.590966961115605,0.05210859137939218,0.19555628350635898,-0.9590837006606703,0.19799214583581287,,,,124,43.012907428228324,11.680201223858358,9.146358206222633
1660857634.262384,LIDAR_ONLY,-5.74301430657667,27.58710904316525,32.5627096325505,0.051126614694741376,0.19930158749236357,-0.9610398582487317,0.18457339285535446,,,,119,43.012907428228324,11.680201223858358,9.146358206222633
1660857634.3529134,LIDAR_ONLY,-5.815321788670529,27.59915403821397,32.52326092081721,0.05583750607324032,0.20170279821501969,-0.9647934702468003,0.159285008324351,,,,126,43.036488473480254,11.731890093729293,9.111271696004396
1660857634.4837377,LIDAR_ONLY,-5.870767854699197,27.59917900863534,32.492467455221565,0.057174910393049075,0.21102490596999954,-0.9666596828515688,0.1332988230675884,,,,104,43.06792627939286,11.752121551199531,9.077418788930416
1660857634.5541477,LIDAR_ONLY,-5.9240731885436,27.604979149234566,32.46941777968362,0.057071410211962714,0.21851411776038726,-0.9686479981697292,0.10351565155856321,,,,107,43.06792627939286,11.752121551199531,9.077418788930416
1660857634.6566522,LIDAR_ONLY,-5.98306863791416,27.61566858758121,32.43603723368615,0.05725506935524771,0.22981164929634756,-0.9685086764863473,0.07680759370975113,,,,104,43.14038211595287,11.800841864274224,8.963600383325602
1660857634.7672675,LIDAR_ONLY,-6.044724556005049,27.636096557317323,32.381690600123896,0.060688320649836924,0.23769707990033218,-0.9679423929285965,0.05389387641671464,,,,102,43.16579349441454,11.827009282593876,8.938955231538936
1660857634.8582134,LIDAR_ONLY,-6.104917396214778,27.65521443581758,32.38309550501606,0.06082317162685792,0.24810140440276462,-0.9663363155961102,0.030665291238804435,,,,110,43.226838063960486,11.873420880717843,8.835999591738998
1660857634.9587824,LIDAR_ONLY,-6.154549056630955,27.678148671513863,32.3634834091225,0.06223512591553306,0.25787817730480794,-0.9641531720254145,0.005856248420202616,,,,99,43.226838063960486,11.873420880717843,8.835999591738998
1660857635.0694573,LIDAR_ONLY,-6.210699444362236,27.70005830669445,32.33775290557539,0.06299976001241406,0.269469249664529,-0.9607029254946186,-0.02161579676291174,,,,101,43.261536661027456,11.898951484559898,8.790196364111168
1660857635.1700675,LIDAR_ONLY,-6.263028802764193,27.72133019449266,32.31540239266015,0.06899627581899474,0.27866732390305965,-0.9564184467083815,-0.05336470095243816,,,,100,43.30879416376109,11.920217262024215,8.75411560106147
1660857635.2806802,LIDAR_ONLY,-6.310210931690351,27.739595595410652,32.31867036355241,0.0717296599113544,0.2905334160250741,-0.9502795954621583,-0.08610389369871431,,,,104,43.30879416376109,11.920217262024215,8.75411560106147
1660857635.3723238,LIDAR_ONLY,-6.361106450589777,27.761861304477943,32.312501594074924,0.0710840614760357,0.30743598235809044,-0.9418111605693217,-0.11585297053875906,,,,92,43.382614241352385,11.935659753433699,8.68111037215839
1660857635.472964,LIDAR_ONLY,-6.415932315183942,27.790873427790658,32.28975648261975,0.07099599583957228,0.3213514479242017,-0.9333352032404494,-0.14345108533530052,,,,105,43.42224678110627,11.960195747195602,8.629612953817013
1660857635.5750816,LIDAR_ONLY,-6.461617354724971,27.821116097122996,32.29238694483694,0.0693852819762592,0.33097786570734333,-0.9244947006424931,-0.17592294773801925,,,,94,43.42224678110627,11.960195747195602,8.629612953817013
1660857635.665627,TRANSITION,-6.434096217073869,27.804901785797973,32.28690934747801,0.07596375211237769,0.3345834580120386,-0.9158785460768692,-0.20844641236019332,,,,89,43.50248681627364,11.977434434738967,8.579252161924293
1660857635.7773268,TRANSITION,-6.414969158058365,27.788695537917224,32.29032283908584,0.09023861327421741,0.3323575041321934,-0.9053128761445235,-0.2486042606398694,,,,111,43.55296534915664,11.99955951161173,8.542504825301716
1660857635.887929,TRANSITION,-6.405804200146635,27.775417779797948,32.293771905930946,0.10257231796422503,0.3347467734253216,-0.8939687081226738,-0.27972033563232407,,,,102,43.65212212014936,12.015447065634003,8.524108072684502
1660857635.9784563,TRANSITION,-6.402455880570812,27.769042130112034,32.30287083968619,0.1081252659182726,0.3364389447708033,-0.8840503804485309,-0.30589653175611364,,,,110,43.65212212014936,12.015447065634003,8.524108072684502
1660857636.0689924,TRANSITION,-6.3989569952128855,27.764909347020772,32.30681816807208,0.11343487467295911,0.3383775958464728,-0.873089248467278,-0.33218714010017747,,,,105,43.7151671475184,12.021565358351282,8.535972929664448
1660857636.179625,TRANSITION,-6.3968470441687435,27.758446467670613,32.305892124118394,0.12409343997662381,0.3395797186689039,-0.8584461922809519,-0.36380842181270495,,,,105,43.795901838994716,12.01539646442084,8.494276954160602
1660857636.2816696,TRANSITION,-6.3894016580480715,27.743577303214174,32.30360918188329,0.12956832945814462,0.3398301320495035,-0.8470251334550863,-0.3876544242595924,,,,100,43.795901838994716,12.01539646442084,8.494276954160602
1660857636.3822105,TRANSITION,-6.390176421122904,27.724617525484984,32.313648340501594,0.13332202548292668,0.34340071756721646,-0.8349639335761039,-0.4088232066829993,,,,106,43.84513102465288,12.013171659031867,8.481258065698634
1660857636.4829943,TRANSITION,-6.383890735389883,27.70537763583598,32.31369615494325,0.1414370625644895,0.3390436347964021,-0.8255306399237824,-0.42842051022821404,,,,107,43.86969397410758,11.98869454735185,8.409444019165923
1660857636.5735006,TRANSITION,-6.387699582980592,27.701821177386105,32.31290750607401,0.14405429443149795,0.33815047641817636,-0.8210420087894624,-0.4367981631794805,,,,114,43.86969397410758,11.98869454735185,8.409444019165923
1660857636.6841555,LIDAR_ONLY,-6.445495291838209,27.74546436781429,32.33855453849609,0.15310471878706722,0.3458038519187075,-0.8151862818178864,-0.4386911977909374,,,,110,43.92810496312302,11.977396829374424,8.326013265596028
1660857636.784721,TRANSITION,-6.4414788501205935,27.71999154812866,32.34733296823872,0.1513121125183693,0.3485830656700857,-0.8130109222324543,-0.4411436628401313,,,,108,43.962982741872345,11.965416711832004,8.29958410854832
1660857636.8852706,TRANSITION,-6.44668573480896,27.7187068695231,32.354681018435414,0.15012300607423376,0.34895145100804165,-0.8123407754376016,-0.4424911665198009,,,,117,44.026999623374735,11.933534967297675,8.247775454026895
1660857636.9758077,TRANSITION,-6.449607653078264,27.729320846813717,32.351061806094094,0.15539484162355618,0.3477226198229489,-0.8122464701430098,-0.4418111526438366,,,,120,44.026999623374735,11.933534967297675,8.247775454026895
1660857637.0866342,TRANSITION,-6.443884455471372,27.713564627312262,32.35034455134277,0.15312900718731387,0.3460056665676944,-0.8119247007159016,-0.4445333128442309,,,,103,44.096773775739976,11.90403141996841,8.164651198551027
1660857637.1771903,TIGHTLY_COUPLED,-6.4204956629211996,27.661291432371936,32.35667808675554,0.151362035956626,0.3471341537268489,-0.8123088935993835,-0.4435557177703323,,,,112,44.13218263348654,11.882668106010494,8.129092081004561
1660857637.2790864,TIGHTLY_COUPLED,-6.402917209390951,27.61795653365711,32.36186999560333,0.15157501182442992,0.35201134726118793,-0.8099753111662197,-0.4439065470242277,,,,115,44.13218263348654,11.882668106010494,8.129092081004561
1660857637.3796763,TIGHTLY_COUPLED,-6.366371429391822,27.541436835395622,32.36677183620165,0.14927929652890096,0.35076154810731236,-0.8107954726450015,-0.444176462158416,,,,112,44.22683779115032,11.828566270206325,8.017950954295102
1660857637.480268,TIGHTLY_COUPLED,-6.3283052340968595,27.459307493269154,32.36636482988962,0.14652555671537185,0.3573252416690959,-0.8077416060539577,-0.4454238776095707,,,,111,44.26594140795314,11.7923343830078,7.984941649809587
1660857637.6009765,TIGHTLY_COUPLED,-6.295298111759167,27.3981768026352,32.36867566545301,0.14346365528693333,0.3585942677445312,-0.806991337036336,-0.44675867389540685,,,,119,44.34391052178299,11.745102802546302,7.882360400088622
1660857637.691505,TIGHTLY_COUPLED,-6.2757722782390015,27.36395705402148,32.36522717820925,0.14225479271148772,0.36071968093403306,-0.8056630911692344,-0.44783017904680683,,,,117,44.34391052178299,11.745102802546302,7.882360400088622
1660857637.7831082,TIGHTLY_COUPLED,-6.253025744993703,27.32413598006089,32.35977699858034,0.14063463752653377,0.36171861523700755,-0.804960962764308,-0.44879771673256186,,,,119,44.37114307854958,11.722705987176163,7.819991380718482
1660857637.903751,TIGHTLY_COUPLED,-6.215139070686285,27.247736057901424,32.358598067465294,0.1364256818509737,0.3664246264109635,-0.8033835918833546,-0.4491055897934054,,,,117,44.40746124546692,11.7028794041401,7.769869585067818
1660857637.9842129,TIGHTLY_COUPLED,-6.196792006930349,27.20851150854279,32.36279419865337,0.13597811253343373,0.36671527138007076,-0.8025843971858735,-0.4504310691351938,,,,121,44.40746124546692,11.7028794041401,7.769869585067818
1660857638.0848112,TIGHTLY_COUPLED,-6.179784657553449,27.170864284256904,32.36260661921343,0.13334061129892777,0.3673312023125545,-0.8026676767223583,-0.45056927317691486,,,,126,44.491956801024415,11.660984992421444,7.664923513371838
1660857638.1867995,TIGHTLY_COUPLED,-6.150238303925082,27.10186000890449,32.35680081192613,0.13264679533657997,0.36958884310763435,-0.8016333699722012,-0.4507691813825654,,,,121,44.526207334010344,11.635636211753182,7.623632434218863
1660857638.2873542,TIGHTLY_COUPLED,-6.127053937740116,27.051373142951995,32.358087161674575,0.12914939738059097,0.37061284763216623,-0.8004242558892639,-0.45308670352408825,,,,121,44.526207334010344,11.635636211753182,7.623632434218863
1660857638.3887918,TIGHTLY_COUPLED,-6.107816799128917,27.011576643580476,32.361193294977824,0.12835107230767212,0.37063233028474835,-0.8008998245404333,-0.4524567924523525,,,,122,44.595365705828506,11.590142685759506,7.5422372523751715
1660857638.490336,TIGHTLY_COUPLED,-6.082772072207205,26.95439420344877,32.35823285418431,0.13062071640493197,0.3701213455482661,-0.800844429177023,-0.4523235769573942,,,,113,44.644643668298066,11.551640596888728,7.476003101429504
1660857638.5909016,TIGHTLY_COUPLED,-6.063136975767249,26.902365392369916,32.3531248294929,0.13034685593885253,0.3714779302187831,-0.8005501198889731,-0.4518111884991072,,,,105,44.644643668298066,11.551640596888728,7.476003101429504
1660857638.6914532,TIGHTLY_COUPLED,-6.04413343601656,26.847703452443124,32.354236204257894,0.1286707345529951,0.37473639377643414,-0.7993991747445425,-0.4516386129050199,,,,113,44.6986076954416,11.522669925671783,7.409350786288582
1660857638.7934027,TIGHTLY_COUPLED,-6.023688162095405,26.78557244746145,32.35998026841023,0.13033508503646485,0.3726891448275674,-0.7999049358483927,-0.4519597996964032,,,,117,44.76004163709807,11.477473317238973,7.354721484282147
1660857638.9046445,TIGHTLY_COUPLED,-6.010078688547004,26.74503345581683,32.35665171031214,0.13098845567217682,0.37115871726846184,-0.7993324256617964,-0.45403843929988663,,,,104,44.76004163709807,11.477473317238973,7.354721484282147
1660857639.0052059,TIGHTLY_COUPLED,-5.996090687318647,26.6959439720284,32.35226598606579,0.13777173939928733,0.3731743141464973,-0.7916221869195544,-0.4637824837797223,,,,104,44.82481296510889,11.437589557941472,7.286391035609868
1660857639.095716,TIGHTLY_COUPLED,-5.978136579532891,26.62486134534823,32.35485100857894,0.1511300799074493,0.3755955981465141,-0.7767674108526441,-0.4824106497968408,,,,109,44.868607524085355,11.450465031248907,7.270624682086713
1660857639.1969285,TIGHTLY_COUPLED,-5.972291546590782,26.58475375475958,32.35657682448884,0.1668932294740177,0.3759254915325243,-0.7618281460662154,-0.5004443531833245,,,,95,44.868607524085355,11.450465031248907,7.270624682086713
1660857639.297496,TIGHTLY_COUPLED,-5.969927097211444,26.541383459476606,32.353220172682946,0.18499192303918893,0.3732736324363208,-0.7426267009076684,-0.5243570985855439,,,,95,44.92034656169564,11.404818225825966,7.181085460231628
1660857639.4094443,TIGHTLY_COUPLED,-5.971745316487006,26.4223940446694,32.34501639834049,0.21308357612987625,0.36868434344247314,-0.695386243691338,-0.5788827312754692,,,,93,44.966133496199554,11.364718937629211,7.164503929037666
1660857639.5200527,TIGHTLY_COUPLED,-5.982059425264838,26.362512525679055,32.35060804711104,0.2326401468510495,0.35754357168622236,-0.6624885828284007,-0.6157516009244303,,,,96,44.966133496199554,11.364718937629211,7.164503929037666
1660857639.6218956,TRANSITION,-5.988869041355766,26.34646552255136,32.35971651293572,0.2309590983818699,0.34776416793686876,-0.6358840845233114,-0.6491297323522945,,,,91,44.958488707857065,11.459771298294744,7.2229545920907166
1660857639.7023306,TRANSITION,-5.996527779836873,26.336363894936795,32.365234666486316,0.23830258742008806,0.34426671268107284,-0.6056315562679113,-0.6766851006348276,,,,82,45.04414054858981,11.450418686809549,7.288330622653125
1660857639.8130362,TRANSITION,-5.998392483503186,26.328730369505696,32.37458208049067,0.24133562020986163,0.34254042072121804,-0.5755136630291711,-0.7022871223771643,,,,84,45.04414054858981,11.450418686809549,7.288330622653125
1660857639.9140968,TRANSITION,-6.000013486573841,26.31741763163148,32.375492045498994,0.25296459298480234,0.3356086320091609,-0.5322713350645465,-0.7348897785964765,,,,75,45.12602990236429,11.385936476196887,7.247993647985293
1660857640.0147202,LIDAR_ONLY_SAFE,-5.9561151382655,26.371038409906657,32.40059837642118,0.24747200820817394,0.3324198341369823,-0.4949875108107036,-0.7637028369511129,,,,74,45.12602990236429,11.385936476196887,7.247993647985293
1660857640.1172163,LIDAR_ONLY,-5.914636092542357,26.41226562918026,32.405779126336625,0.23788108311175613,0.33146050204022925,-0.4534708944656276,-0.7924081484672912,,,,74,45.16628979011835,11.332732922127194,7.227079761022604
1660857640.21783,LIDAR_ONLY,-5.8849471343619255,26.4347662612532,32.425879313004565,0.2287732070379842,0.32886903674432855,-0.4122647323061544,-0.8182577631217122,,,,77,45.22272495134727,11.25003526015,7.248644768448879
1660857640.3202162,LIDAR_ONLY,-5.86133827529711,26.450378785311532,32.458446345804006,0.21998740578279952,0.32379115266332187,-0.36985245462171384,-0.8425995446024195,,,,97,45.22272495134727,11.25003526015,7.248644768448879
1660857640.4214017,LIDAR_ONLY,-5.822288852970774,26.48682156152626,32.48102249655481,0.2199085883273871,0.32432569746273565,-0.33395540474858565,-0.8572787425244921,,,,69,45.219630002504374,11.128596746426016,7.227246392655075
1660857640.5130975,LIDAR_ONLY,-5.810117827243755,26.508287541737996,32.50798052189033,0.22888323965892363,0.3227953047210567,-0.30277662263725375,-0.8670305476957857,,,,83,45.219630002504374,11.128596746426016,7.227246392655075
1660857640.6138637,LIDAR_ONLY,-5.78323511632328,26.526887018913005,32.53151180994479,0.23306499380859863,0.3255785392942549,-0.2760507202379199,-0.8737707498355293,,,,79,45.204092408283685,11.091986163052495,7.226045166650945
1660857640.7245288,LIDAR_ONLY,-5.7618366511852654,26.554903998181032,32.54644193792592,0.24099588476880504,0.32336693455089843,-0.2727843133242957,-0.8734663860549234,,,,80,45.141564679011466,11.02479295335915,7.236448716921806
1660857640.815133,LIDAR_ONLY,-5.733955625297466,26.589347516199858,32.55196359601943,0.24934069396382097,0.32347826946979436,-0.2820557343753605,-0.8681218752113342,,,,79,45.141564679011466,11.02479295335915,7.236448716921806
1660857640.9182708,LIDAR_ONLY,-5.704807434420039,26.62863123866877,32.557117638396576,0.25254873279657214,0.32564862853527643,-0.2955387776281376,-0.8618752457368789,,,,73,45.11028843198068,10.961263690761221,7.264817575772424
1660857641.008798,LIDAR_ONLY,-5.676222474943011,26.674161932962768,32.58281294238239,0.24896895446709452,0.32803775602086116,-0.3087020229025241,-0.8573848327281334,,,,73,45.11028843198068,10.961263690761221,7.264817575772424
1660857641.119447,LIDAR_ONLY,-5.623892303477853,26.7218337426013,32.60807653373533,0.2453698663837637,0.33186443631743817,-0.3163276805334927,-0.8541641663678146,,,,69,45.10549948714299,10.93282265860547,7.278149132096523
1660857641.2199972,LIDAR_ONLY,-5.6003236707331885,26.7586649425955,32.65214441640366,0.2507078174022989,0.3299579575748391,-0.31942528927106445,-0.85219764204116,,,,75,45.06269705302178,10.857673294911526,7.237357841053478
1660857641.3220234,LIDAR_ONLY,-5.572034904088521,26.78830354530026,32.69744554799389,0.23899805009112912,0.33482197947299014,-0.3243578499821692,-0.8518017135867779,,,,80,45.06269705302178,10.857673294911526,7.237357841053478
1660857641.422562,LIDAR_ONLY,-5.517282957678263,26.823495567121896,32.7201679007839,0.24277088185907048,0.3347573365703772,-0.3254098433324795,-0.8503577237821784,,,,82,45.04927307548354,10.727076026566063,7.17231851354858
1660857641.5231256,LIDAR_ONLY,-5.484832956377864,26.854263212391633,32.78416225076575,0.24108354447909855,0.3350069243931368,-0.32809986757827364,-0.849705573763739,,,,63,45.04927307548354,10.727076026566063,7.17231851354858
1660857641.623674,LIDAR_ONLY,-5.423611537933957,26.886340232310506,32.77895884499851,0.23959659889270657,0.3334407664964426,-0.3298116693483739,-0.8500794008790893,,,,48,45.072267940095095,10.658522030294472,7.170868957897329
1660857641.725919,LIDAR_ONLY,-5.387378516373654,26.913271691004855,32.81253460224392,0.24207779724770478,0.3366932411834294,-0.32893416789882274,-0.8484328580446454,,,,87,45.043010700761684,10.53565278534846,7.144299894717209
1660857641.8269174,LIDAR_ONLY,-5.343673607327191,26.944074021840724,32.85358597801919,0.24185320470870494,0.3386487706194303,-0.32878185321102665,-0.8477774062389257,,,,106,45.043010700761684,10.53565278534846,7.144299894717209
1660857641.9276516,LIDAR_ONLY,-5.285681783614873,26.97764413030432,32.87860292420762,0.23990910281283828,0.33708871885614167,-0.32937259708434385,-0.848721691897514,,,,98,45.02409217116408,10.418856737599235,7.130801505323541
1660857642.02827,LIDAR_ONLY,-5.251053219353608,27.00328631925424,32.90647083572627,0.23897403214265805,0.3403695506961034,-0.32939080434637447,-0.8476683779240919,,,,100,45.0343186593208,10.367531569724742,7.1328235044744055
1660857642.1187894,LIDAR_ONLY,-5.212015150378494,27.02860324867744,32.9397813944876,0.237343721822067,0.34348878615306067,-0.327862035767752,-0.8474608527837564,,,,106,45.0343186593208,10.367531569724742,7.1328235044744055
1660857642.219395,LIDAR_ONLY,-5.161896845911404,27.06089224002658,32.97214483193876,0.23550400278770753,0.34631271934184477,-0.3280666052445917,-0.8467453381131268,,,,108,45.00142753869271,10.238419611078454,7.105477930207732
1660857642.3301513,LIDAR_ONLY,-5.122850366701088,27.08267442290468,33.01514408595006,0.23695124848535606,0.34372468337267637,-0.32811457668858124,-0.8473772904946519,,,,102,45.01090613572991,10.186213904711924,7.096583862511545
1660857642.4225013,LIDAR_ONLY,-5.097045011835983,27.08949975185247,33.056683397650026,0.2327586347309795,0.3441320786805048,-0.32143462207057194,-0.8509267383950008,,,,102,45.01090613572991,10.186213904711924,7.096583862511545
1660857642.5337095,LIDAR_ONLY,-5.050500833722807,27.093402922181667,33.07269896085512,0.22107075762403586,0.34383403816072317,-0.30879878552179685,-0.8588068376450485,,,,78,44.970683392081526,10.055667187816754,7.095352552985848
1660857642.6342835,LIDAR_ONLY,-5.0129176542501925,27.099139252505257,33.103301615831754,0.206506714201164,0.33800110263900596,-0.28917388436602376,-0.8714864865305259,,,,102,44.970683392081526,10.055667187816754,7.095352552985848
1660857642.7359045,LIDAR_ONLY,-4.971254426898377,27.10016576510704,33.12352838209078,0.1950629035287841,0.33772375933072024,-0.26623577124613856,-0.8814826374690654,,,,85,44.988344322444924,9.984588263614816,7.092363184261284
1660857642.8465073,LIDAR_ONLY,-4.936091582789601,27.096000501147213,33.15691163344378,0.19623211237696553,0.33742814349620964,-0.2491562618823165,-0.8863161756470463,,,,90,44.9809695667428,9.89081749781381,7.073899059519428
1660857642.9370298,LIDAR_ONLY,-4.8818791111699715,27.093482948892085,33.17164089553639,0.202886783593415,0.3355521348123858,-0.24004776234417383,-0.8880421102963105,,,,109,44.9809695667428,9.89081749781381,7.073899059519428
1660857643.0597866,LIDAR_ONLY,-4.825131523906311,27.09465602219231,33.18998406101935,0.20702357417347322,0.3310419258503382,-0.2389074274832181,-0.8890870172030916,,,,89,44.99980574527688,9.80958073032266,7.136565187582801
1660857643.140211,LIDAR_ONLY,-4.780533016579015,27.09629536361013,33.23044030872449,0.20999509668241798,0.3309626031905807,-0.23843359476218323,-0.8885466985743851,,,,112,44.95861534602169,9.786555473243995,7.181455687605118
1660857643.2315216,LIDAR_ONLY,-4.736262140015903,27.105271964520547,33.27708335271833,0.21179716537414625,0.33452779501331303,-0.23813081425499052,-0.8868634790119969,,,,102,44.95861534602169,9.786555473243995,7.181455687605118
1660857643.3522115,LIDAR_ONLY,-4.662440796515093,27.125976692307482,33.30888417567403,0.21689265087230997,0.33080767361837515,-0.23735111378178428,-0.8872363325852518,,,,82,44.8867845435527,9.664841743154021,7.220331532365828
1660857643.442694,LIDAR_ONLY,-4.616886426628141,27.147222920734844,33.3719556617335,0.21464315104368065,0.33161929131241324,-0.23790463709742127,-0.8873321514444503,,,,95,44.87338150598518,9.62495474402024,7.241960184081203
1660857643.533242,LIDAR_ONLY,-4.556769453108536,27.163182921561894,33.42030039969839,0.20886753491449161,0.33273144843779706,-0.23891071906213762,-0.8880235381995466,,,,102,44.87338150598518,9.62495474402024,7.241960184081203
1660857643.6338258,LIDAR_ONLY,-4.441930432620584,27.19236327946558,33.47017050599639,0.2121582030885515,0.33122438126357234,-0.23981035434580453,-0.8875642512333067,,,,100,44.82556393781721,9.495765811604885,7.259616349674695
1660857643.734539,LIDAR_ONLY,-4.374975909793484,27.204541603450426,33.571186700357906,0.20716438399913764,0.33332770723917454,-0.2403961948193126,-0.8877979652518516,,,,81,44.831088579642675,9.415169801903994,7.2781027624916
1660857643.8458617,LIDAR_ONLY,-4.28733324173619,27.23592240759869,33.64025600176466,0.21220346797301243,0.33807516861524145,-0.23869602723530933,-0.885267798537868,,,,81,44.831088579642675,9.415169801903994,7.2781027624916
1660857643.9381895,LIDAR_ONLY,-4.158882700746012,27.284771398705843,33.70024002841734,0.21144616170866257,0.3328549293323887,-0.23817920603971504,-0.8875633963430982,,,,81,44.74079005347542,9.225101432260704,7.2947357163787645
1660857644.03895,LIDAR_ONLY,-4.0712358411120055,27.327783437123745,33.7813208601285,0.20957430525439655,0.3335828934996733,-0.2421618072625053,-0.8866559213386441,,,,66,44.74079005347542,9.225101432260704,7.2947357163787645
1660857644.1395588,LIDAR_ONLY,-3.965104179186832,27.36387918060305,33.83044665330779,0.20521089554347494,0.3347184516741461,-0.24290615370611704,-0.8870448956793606,,,,66,44.75546996666404,9.119182651928732,7.347501294024332
1660857644.2442908,LIDAR_ONLY,-3.8222292851189703,27.41723520426704,33.898888822565475,0.20800726306759462,0.3302896021792553,-0.24298833473739986,-0.8880306449582374,,,,90,44.644560510626654,8.874699947383025,7.363203380144422
1660857644.3348813,LIDAR_ONLY,-3.7211401136727584,27.446282842689353,33.99769963008482,0.21079232102996975,0.33086622247586883,-0.2416395602119912,-0.8875271619279619,,,,79,44.644560510626654,8.874699947383025,7.363203380144422
1660857644.4669347,LIDAR_ONLY,-3.6190986514058565,27.484127294916565,34.06595500243861,0.21406373334942705,0.3296865787136739,-0.24210517019982322,-0.8870561224878011,,,,65,44.61647533994893,8.619156715632815,7.415380364170996
1660857644.5574515,LIDAR_ONLY,-3.4789137593764323,27.54086431201004,34.1561154186489,0.21592554124323365,0.32191267424273456,-0.2388941774022648,-0.8903246389963623,,,,78,44.53799001920524,8.4498133829788,7.417858950536096
1660857644.6479373,LIDAR_ONLY,-3.3936508883466274,27.58021652273953,34.2552832219575,0.21429049667086666,0.32329965167741137,-0.2416707960843147,-0.8894673375575921,,,,76,44.53799001920524,8.4498133829788,7.417858950536096
1660857644.7585602,LIDAR_ONLY,-3.283329227999494,27.6206132659705,34.33442142885118,0.2051767382911063,0.3289085614293557,-0.24033663782824158,-0.8899213250620029,,,,70,44.51200399261934,8.181350902253381,7.49370391203611
1660857644.859155,LIDAR_ONLY,-3.1202842081782833,27.682989619859182,34.402520889212845,0.20885481743139878,0.321099687520985,-0.24426262505036545,-0.8908481497500724,,,,57,44.42847856382671,8.025746557546087,7.496195521696493
1660857644.9596465,LIDAR_ONLY,-3.0021573242749264,27.718223134119246,34.504151792811264,0.2136019021029242,0.32220376820268753,-0.23820506569838246,-0.8909642562132507,,,,74,44.42847856382671,8.025746557546087,7.496195521696493
1660857645.050212,LIDAR_ONLY,-2.885941228626554,27.75314307702678,34.58659228233138,0.21743581421336167,0.32233806439077606,-0.23766923398791587,-0.8901309870787433,,,,42,44.3890317492181,7.744451620377078,7.545913763975366
1660857645.1522737,LIDAR_ONLY,-2.737079821310612,27.80133971214165,34.65445264985281,0.21944028975891955,0.31844522153332533,-0.2334362818964914,-0.8921581151384853,,,,95,44.27613928433213,7.5827853571045285,7.533984661614736
1660857645.2528532,LIDAR_ONLY,-2.64286540272313,27.83921937341054,34.74908648495127,0.21664100221528945,0.3178058483050386,-0.23736564982833797,-0.8920334451262691,,,,83,44.27613928433213,7.5827853571045285,7.533984661614736
1660857645.3735628,LIDAR_ONLY,-2.536114344285024,27.85952304674014,34.81712174723139,0.20307532348388985,0.31719747057290465,-0.23483528702414716,-0.8961018723461922,,,,76,44.25288586625452,7.327281097619796,7.612497294410759
1660857645.464109,LIDAR_ONLY,-2.3845162759218734,27.877625426419538,34.873840729753255,0.18684753210270882,0.3095416366616281,-0.22371426443826073,-0.9051098843824521,,,,56,44.19682923555302,7.170515683717055,7.639781743354379
1660857645.5859318,LIDAR_ONLY,-2.2783932099155058,27.860490000537514,34.96613135064683,0.15952527117736914,0.3069904829063246,-0.19942660508270119,-0.9168083553534604,,,,67,44.14869474563424,6.941868725817624,7.715689895995057
1660857645.6764388,LIDAR_ONLY,-2.161732397921095,27.833631639526,35.00302890227,0.13624431050712296,0.3070275784608115,-0.16122141922169117,-0.9279974180476326,,,,63,44.14869474563424,6.941868725817624,7.715689895995057
1660857645.8071866,LIDAR_ONLY,-2.023501331825715,27.86193498846499,35.04603275970665,0.1306282425285373,0.3038456422026302,-0.12465356226648124,-0.9354547436314883,,,,36,44.04366356549912,6.81723218907963,7.758360875458634
1660857645.8876195,LIDAR_ONLY,-1.9201546499437212,27.88870710358407,35.12242745445257,0.14625599751967489,0.2870831194152726,-0.1014762565147466,-0.9412199716857237,,,,68,43.95349510242035,6.647697670577379,7.936824056619051
1660857645.9687443,LIDAR_ONLY,-1.8287052099056718,27.884759958868255,35.19797488897134,0.16191805015202096,0.2802328859744558,-0.08605100421423358,-0.9422564933854886,,,,61,43.95349510242035,6.647697670577379,7.936824056619051
1660857646.0894363,LIDAR_ONLY,-1.7019780149877866,27.877059708494716,35.262753867315844,0.17757121503340959,0.27864683023485004,-0.07521736227792926,-0.9408330117526595,,,,54,43.906622111725156,6.491746395309925,7.958316651700104
1660857646.1799815,LIDAR_ONLY,-1.6014743733511585,27.85579114292587,35.34354753687865,0.17749433037410475,0.2809915823960759,-0.07583188451018398,-0.9401005364317327,,,,71,43.87320058721674,6.251675442692387,8.030425933888484
1660857646.260499,LIDAR_ONLY,-1.484698749823849,27.846142041747303,35.413597936385884,0.1861516749384138,0.28442025976864177,-0.07363075594930163,-0.9375666277812452,,,,29,43.87320058721674,6.251675442692387,8.030425933888484
1660857646.382446,LIDAR_ONLY,-1.3315858981416988,27.841000566277476,35.46856237340275,0.18198390741712872,0.2821288132346714,-0.0725394540458591,-0.9391609115538821,,,,27,43.84421114575158,6.130869345848777,8.088313355959945
1660857646.4629323,LIDAR_ONLY,-1.2230714612661706,27.843792570313223,35.55415076816673,0.18515734437382572,0.2847338169463734,-0.07444195432911148,-0.9376042911309889,,,,64,43.80291640925012,6.029253092148684,8.162472256697152
1660857646.5635045,LIDAR_ONLY,-1.1076486362965783,27.84065890752912,35.62671638879688,0.18015551070649746,0.2909905726715926,-0.0729597330094638,-0.9367739086554063,,,,60,43.80291640925012,6.029253092148684,8.162472256697152
1660857646.6640995,LIDAR_ONLY,-0.956304940648125,27.845082743748375,35.7006856195366,0.1799159922251116,0.28698837428064566,-0.07853946398196028,-0.9376030403997376,,,,92,43.650204875335625,5.80739254062287,8.291569753415162
1660857646.76474,LIDAR_ONLY,-0.8555053899724561,27.834097151658153,35.78832510029341,0.1830073066870173,0.287360491663238,-0.07567305374352527,-0.9371263855357802,,,,73,43.62312834152444,5.665712669153893,8.353047933472434
1660857646.8662298,LIDAR_ONLY,-0.7520553292511489,27.833333607749037,35.852996678049486,0.18880322729401983,0.29047188507624355,-0.07461518054696872,-0.9350999947468503,,,,78,43.62312834152444,5.665712669153893,8.353047933472434
1660857646.9570007,LIDAR_ONLY,-0.6109878198033476,27.832928555072083,35.922616904025695,0.18905108817047922,0.2848580103693669,-0.07230033659096836,-0.9369569154015547,,,,92,43.49753255122584,5.420262860632961,8.462429622225754
1660857647.0676234,TRANSITION,-0.6703850935981699,27.83039469541433,35.94134253738158,0.18870742230984675,0.28782995084185814,-0.06875132745966453,-0.9363849011683607,,,,84,43.49753255122584,5.420262860632961,8.462429622225754
1660857647.168212,TRANSITION,-0.7251607643662024,27.824585559657127,35.961954416502635,0.18964220896181364,0.28992072292549675,-0.07111872057443323,-0.935373687133809,,,,80,43.4836254614813,5.3091376157089645,8.555038618806151
1660857647.2788887,TRANSITION,-0.7883241249258948,27.81969226430353,35.982057925787856,0.19116443129129176,0.28553675123966005,-0.07288838038305935,-0.9362757114791092,,,,90,43.33007350752545,5.081571636517782,8.658711385492571
1660857647.3693864,TRANSITION,-0.8431348583635135,27.81460334964018,36.003778869416536,0.18989497130651303,0.287703508555944,-0.0740621246707997,-0.9357784955460056,,,,91,43.33007350752545,5.081571636517782,8.658711385492571
1660857647.470215,TRANSITION,-0.8849704526506733,27.814387784761742,36.031387588835564,0.19280466422280546,0.289915864035022,-0.073353840194424,-0.9345557058642834,,,,91,43.290998469627915,4.858278724978946,8.798333444582916
1660857647.5707507,TRANSITION,-0.9415038223007964,27.81325859816571,36.05987679014473,0.19103441615815953,0.2857357981609462,-0.07327320524743716,-0.9362114840596676,,,,93,43.211007102557694,4.731884550382948,8.84803068178814
1660857647.6714785,TRANSITION,-1.0328464084418902,27.808406252471716,36.082280718839876,0.18815051756508583,0.28994562025813536,-0.07109197063706814,-0.9356691999547991,,,,87,43.211007102557694,4.731884550382948,8.84803068178814
1660857647.792963,TRANSITION,-1.0659186824331552,27.801230812002533,36.127817521538965,0.1899213665222234,0.2878938696376497,-0.073594398186402,-0.9357514942114561,,,,94,43.135144365204056,4.508542468858972,8.990563994023391
1660857647.8834994,TRANSITION,-1.0861375153987707,27.80063657243401,36.14784494158458,0.18962884953089165,0.28702550530936816,-0.07571257073536114,-0.9359085774583623,,,,102,43.038081374125234,4.384890127647894,9.05364835353132
1660857647.9840796,TRANSITION,-1.1175124996343664,27.794920278369997,36.18009957823883,0.19068926198706518,0.29159933380120867,-0.0762149665964044,-0.934236968202516,,,,79,43.038081374125234,4.384890127647894,9.05364835353132
1660857648.074586,TRANSITION,-1.1695330086348341,27.792357605825085,36.21351964406087,0.191302258726901,0.28879412895299283,-0.07470143642674555,-0.9351048563043874,,,,79,42.9826491339949,4.1625305019216,9.19182926054854
1660857648.1855156,LIDAR_ONLY,-0.999410481315929,27.78140963981073,36.28444797153367,0.19216388828725756,0.28546956116669286,-0.07470703622013405,-0.9359481975113911,,,,89,42.9826491339949,4.1625305019216,9.19182926054854
1660857648.2861145,LIDAR_ONLY,-0.9040753673455466,27.774090595455494,36.354904421501,0.1889567860264344,0.29407794734650017,-0.07473034686386536,-0.9339319403236168,,,,80,42.892312294564,4.02555041776127,9.234086985642552
1660857648.3870568,LIDAR_ONLY,-0.7761701098931577,27.762298116861455,36.44462772637682,0.18633956184703274,0.29603411087748316,-0.07580038534630215,-0.9337535405389293,,,,84,42.8372341208026,3.8128418953558723,9.371459291275345
1660857648.4775727,LIDAR_ONLY,-0.617881390391577,27.762925322452706,36.521826243641314,0.18486535281265062,0.2949217893146642,-0.07869986933170926,-0.9341585893648161,,,,76,42.8372341208026,3.8128418953558723,9.371459291275345
1660857648.5885,LIDAR_ONLY,-0.49689671946413116,27.740723924736283,36.60735630457434,0.18721179473254065,0.3001272106013433,-0.07635885232607596,-0.9322256846070712,,,,77,42.66664754618031,3.587814546068818,9.471447549166141
1660857648.6991742,LIDAR_ONLY,-0.39508544793355904,27.737191766517224,36.701540726159344,0.1888156339995029,0.2992820765983096,-0.0742658344147037,-0.9323430059924604,,,,90,42.631227663687675,3.465447898939608,9.572441356633067
1660857648.7896516,LIDAR_ONLY,-0.23250112234407183,27.720894709262115,36.78146024747929,0.18902455616143485,0.2963850605987871,-0.07122512463900549,-0.9334626905463249,,,,81,42.631227663687675,3.465447898939608,9.572441356633067
1660857648.8813996,LIDAR_ONLY,-0.11297289518169129,27.719770436182305,36.85278797820855,0.1902876894344901,0.3020581790695028,-0.07010845663914939,-0.9314699436989772,,,,69,42.49828213455808,3.2442935923042366,9.69230040191051
1660857649.0137675,LIDAR_ONLY,0.00387516670296717,27.70016481747962,36.9424182249647,0.18593611315554456,0.3061858336476081,-0.06798231953541435,-0.931158633815266,,,,93,42.484617371015,3.1228217551032533,9.749283204528547
1660857649.0942159,LIDAR_ONLY,0.15108493877414103,27.693761163486283,37.01373012792594,0.1821142052018351,0.30598244945706765,-0.06962840105295139,-0.9318589177846431,,,,106,42.484617371015,3.1228217551032533,9.749283204528547
1660857649.1746924,LIDAR_ONLY,0.2700265678715723,27.669184736180018,37.10862075476022,0.1803121085812415,0.3112300925227498,-0.06660686515095286,-0.930691623751944,,,,98,42.33659226499227,2.8983475980399747,9.867517569566223
1660857649.2957478,LIDAR_ONLY,0.3733561898170739,27.656940389203402,37.19399595736872,0.18345893246280837,0.31239779057380274,-0.06537058362746434,-0.9297726213114785,,,,96,42.33659226499227,2.8983475980399747,9.867517569566223
1660857649.3862717,LIDAR_ONLY,0.5409124291385218,27.64258314152084,37.282021839487584,0.1801833755717718,0.30774267954002144,-0.062654457131342,-0.9321495659810536,,,,96,42.31467206668217,2.7866768004371454,9.960168266061187
1660857649.4868608,LIDAR_ONLY,0.647130753046008,27.63847175693334,37.37027989596442,0.1839455566417435,0.31109458204473706,-0.0609824052618014,-0.9304113818428141,,,,88,42.17048135384709,2.559936500694282,10.078936512587003
1660857649.587438,LIDAR_ONLY,0.7613575392056411,27.620893850843498,37.46178690835119,0.18119174295548696,0.3139204702287358,-0.060718259095184406,-0.9300197759556365,,,,97,42.17048135384709,2.559936500694282,10.078936512587003
1660857649.6980777,LIDAR_ONLY,0.8971344697617345,27.62411342934799,37.55021332051664,0.1797588283536288,0.30899873028247077,-0.06271520672564304,-0.9318118646798351,,,,96,42.03591312341916,2.3262645637959767,10.206598873403712
1660857649.7885983,LIDAR_ONLY,1.015489353941513,27.60216491922964,37.64354102693156,0.17833031722296872,0.31184125325687884,-0.06059357149798705,-0.9312796303041599,,,,76,42.00848919517592,2.2128297200692915,10.252199693916918
1660857649.8896449,LIDAR_ONLY,1.1304195916074147,27.604823872451743,37.745937034370534,0.1834733335949497,0.31339495230207154,-0.057643915660359216,-0.9299453310375186,,,,80,42.00848919517592,2.2128297200692915,10.252199693916918
1660857650.0002668,LIDAR_ONLY,1.2718309960458547,27.58557853112241,37.82334838018458,0.18124900044938513,0.3059634104680059,-0.05881734294345487,-0.9327784900285584,,,,91,41.90175347254048,1.9778438805076666,10.374259754436832
1660857650.1026187,LIDAR_ONLY,1.370669653005466,27.587385872966298,37.90709580935593,0.1813813474087651,0.3108485069919284,-0.05809440679040595,-0.9311815356914789,,,,83,41.90175347254048,1.9778438805076666,10.374259754436832
1660857650.2031984,LIDAR_ONLY,1.4708097628858845,27.56674008679008,38.012659761466075,0.17992262347261087,0.3118816363741311,-0.058505213408997045,-0.9310933543202289,,,,75,41.847878790885225,1.8748369167732948,10.457745359453163
1660857650.3037946,LIDAR_ONLY,1.610408651789149,27.564503589570858,38.1003446654865,0.17829178180822128,0.3096453455545513,-0.06000924897490266,-0.9320572356639482,,,,75,41.847878790885225,1.8748369167732948,10.457745359453163
1660857650.406839,LIDAR_ONLY,1.70088635833602,27.543675149485804,38.16335084785792,0.17863007891862948,0.3136386275935727,-0.05795085248191066,-0.9307866591670534,,,,92,41.733752619963624,1.6439862692792444,10.58648523040378
1660857650.5175095,LIDAR_ONLY,1.811501456439033,27.544349539411957,38.26851701014867,0.17779461373185537,0.31555769343185547,-0.056355265775689736,-0.9303958842682286,,,,101,41.66030965162603,1.4189352299429185,10.719109039704268
1660857650.638551,LIDAR_ONLY,1.941051086978351,27.528713138487685,38.33143262511039,0.16991358249998595,0.313907337349579,-0.05883771593146027,-0.9322712487383096,,,,85,41.66030965162603,1.4189352299429185,10.719109039704268
1660857650.7190387,LIDAR_ONLY,2.0384058444372397,27.528590753693603,38.41249425031728,0.16804556679789703,0.319760938330266,-0.05948751656254078,-0.9305777050687077,,,,83,41.54569616642084,1.2056782467594178,10.828569248984962
1660857650.799481,LIDAR_ONLY,2.1343892898829395,27.507757228650515,38.50821095119444,0.17135751653976805,0.3198091539823444,-0.05824867432886292,-0.930035374861274,,,,84,41.54569616642084,1.2056782467594178,10.828569248984962
1660857650.9302063,LIDAR_ONLY,2.2717484877457794,27.500882577739777,38.58296954080792,0.16996866740038127,0.31842061412983397,-0.05974241175660521,-0.9306716976661654,,,,96,41.52245521264442,1.0580272031876432,10.885927716314615
1660857651.013052,LIDAR_ONLY,2.3558949060920025,27.483466318283572,38.65505659363608,0.1692736098652017,0.32487746094295766,-0.05398889741245188,-0.9289167235714128,,,,94,41.52245521264442,1.0580272031876432,10.885927716314615
1660857651.1035647,LIDAR_ONLY,2.462934930255926,27.479025352162648,38.76989482412358,0.17466816000692395,0.3220117694040021,-0.052608989246597314,-0.9289950207054668,,,,99,41.39743296135366,0.8584958719779306,10.989014017082505
1660857651.2242854,LIDAR_ONLY,2.590216093747915,27.463797374807758,38.837007359929444,0.17282156485567,0.3167754409794823,-0.05335086658342599,-0.9310959734355474,,,,102,41.28002645595147,0.6133295005363645,11.127886220126685
1660857651.3148184,LIDAR_ONLY,2.6872143235378068,27.46452410879034,38.906647131217845,0.17398275921056552,0.3219587268127785,-0.05344385220080557,-0.9290943614017424,,,,99,41.28002645595147,0.6133295005363645,11.127886220126685
1660857651.4153957,LIDAR_ONLY,2.7809850658894253,27.44260054537619,39.01953684734604,0.17423788417368552,0.3230711538725314,-0.052389665495670104,-0.9287203627591032,,,,98,41.21639697754459,0.38887819254886097,11.265881045000873
1660857651.5159926,LIDAR_ONLY,2.9315744393228957,27.442845184137404,39.082476644994536,0.1718570164330492,0.31832831757592484,-0.05569735286775406,-0.9306073570607191,,,,95,41.21639697754459,0.38887819254886097,11.265881045000873
1660857651.6181545,LIDAR_ONLY,3.0322342105808593,27.422387854863036,39.15962387046378,0.17410528969984598,0.32237478741334896,-0.05254013297395282,-0.9289786751943288,,,,90,41.12696604278608,0.2979774276303205,11.342310518309317
1660857651.718732,LIDAR_ONLY,3.1332790073382384,27.420033396336603,39.266619146869786,0.18207601946683238,0.32245889253485965,-0.04916323423321069,-0.9276052835985984,,,,95,41.12696604278608,0.2979774276303205,11.342310518309317
1660857651.8106923,LIDAR_ONLY,3.2700703030187546,27.401372787210423,39.330078742645945,0.18082266939809574,0.31802271242857816,-0.04910339376419556,-0.9293834371948724,,,,95,41.05183504247732,0.07010668788897528,11.475956674970263
1660857651.9132571,LIDAR_ONLY,3.3764198800795606,27.404967725154343,39.40908914458101,0.18039270557814713,0.3222232550108468,-0.051102275774523656,-0.9279112043267261,,,,93,41.05183504247732,0.07010668788897528,11.475956674970263
1660857652.0138547,LIDAR_ONLY,3.4874029607834687,27.387115050210692,39.51241413307485,0.17568636412602487,0.3235539575070951,-0.05325640799174434,-0.9282299785341409,,,,72,40.92267570492008,-0.14155522572334045,11.597468500288208
1660857652.1144578,LIDAR_ONLY,3.6327277215478415,27.385819543807763,39.57960111410376,0.17420884829363326,0.3223707748127382,-0.056016763919019025,-0.9287574941193647,,,,90,40.92267570492008,-0.14155522572334045,11.597468500288208
1660857652.2150528,LIDAR_ONLY,3.7338089573490674,27.370759212253514,39.65591492007193,0.16767722892502052,0.3246249362378856,-0.05762402169146094,-0.9290761377824085,,,,106,40.80610120659285,-0.36490105648117965,11.730226878400755
1660857652.3170013,LIDAR_ONLY,3.844483610212176,27.37103985299101,39.76304972204051,0.1710064796305311,0.3258002016656689,-0.05690950303266158,-0.9281014605007136,,,,106,40.731293473203024,-0.588191622451407,11.863145942480267
1660857652.4181585,LIDAR_ONLY,3.9749950819962327,27.357497743264567,39.8340286804838,0.17060671469259656,0.32024555216694417,-0.05648550318816751,-0.9301319923261793,,,,81,40.731293473203024,-0.588191622451407,11.863145942480267
1660857652.5202715,LIDAR_ONLY,4.085976927136281,27.35893501269592,39.911237170769,0.16737696246473677,0.3238655967182214,-0.05876921343666907,-0.9293235213048595,,,,84,40.592921203590116,-0.8134669670262967,11.982467114312584
1660857652.6422126,LIDAR_ONLY,4.202104289523147,27.3445247411525,40.00605766629266,0.16669563248026315,0.32740532744190337,-0.05943151599332578,-0.9281628157717805,,,,58,40.592921203590116,-0.8134669670262967,11.982467114312584
1660857652.7226934,LIDAR_ONLY,4.346545368839802,27.339399864099978,40.07750381487773,0.16868320840602524,0.324507580114556,-0.06199939596185743,-0.928653261745421,,,,81,40.576780106536624,-0.9424577752130765,12.035367053981938
1660857652.843342,LIDAR_ONLY,4.455067002966262,27.31877075238713,40.16742455929011,0.1687918606925758,0.3293375561445989,-0.057810717139900575,-0.9272022448529833,,,,78,40.576780106536624,-0.9424577752130765,12.035367053981938
1660857652.9242115,LIDAR_ONLY,4.576111426333186,27.299698546232484,40.2686846676792,0.1680051304613116,0.3312222817208462,-0.057671705446535576,-0.9266822813786838,,,,95,40.43987219824507,-1.1530385941507366,12.13974018950348
1660857653.0248027,LIDAR_ONLY,4.680574648380056,27.291242893053294,40.369738824112275,0.1707002462250862,0.32510092578602917,-0.05750133477406713,-0.9283665280970456,,,,59,40.43987219824507,-1.1530385941507366,12.13974018950348
1660857653.1354594,LIDAR_ONLY,4.766505803083951,27.291708568931096,40.428914689045214,0.17058494698895513,0.32760832672488205,-0.05494847150744752,-0.9276606198391163,,,,90,40.33516860468966,-1.3911518855610652,12.277371774652622
1660857653.226012,LIDAR_ONLY,4.874663112444957,27.285968584459575,40.49859681741513,0.17438922521206254,0.3259463038544866,-0.05625425219580928,-0.9274604381014996,,,,57,40.33516860468966,-1.3911518855610652,12.277371774652622
1660857653.3269827,LIDAR_ONLY,4.96027728100712,27.295004996385718,40.584080367502274,0.1736616330048974,0.32534700819651546,-0.054861266552646094,-0.9278907278941246,,,,88,40.22130542614687,-1.6189928384821888,12.432011260157209
1660857653.4390419,LIDAR_ONLY,5.050198939191972,27.314533090091462,40.66060263290322,0.17514675925164985,0.32632308372062024,-0.05727365610383942,-0.9271227459571947,,,,77,40.22130542614687,-1.6189928384821888,12.432011260157209
1660857653.5296268,LIDAR_ONLY,5.146458834817612,27.36128764141989,40.74204638028795,0.17894615430933247,0.3242534952992952,-0.05447754457767016,-0.9272918320468905,,,,92,40.137480982188045,-1.8384656030357893,12.522150441972853
1660857653.6302128,LIDAR_ONLY,5.21916069572651,27.387213622066387,40.81181432347037,0.17560232412647692,0.32693523637282973,-0.05795019857322175,-0.926778802878306,,,,83,40.137480982188045,-1.8384656030357893,12.522150441972853
1660857653.7327132,LIDAR_ONLY,5.345789770002047,27.406747401636185,40.86535562898331,0.1710272099326501,0.3294280814860081,-0.0571511914795231,-0.9268012591184651,,,,94,40.05409141225458,-2.074244091351251,12.619415159107092
1660857653.8333585,LIDAR_ONLY,5.464453916831038,27.406971555529225,40.9518788294439,0.1714287714427374,0.32458318962424715,-0.05821646489748558,-0.9283688774134039,,,,82,40.05409141225458,-2.074244091351251,12.619415159107092
1660857653.934,LIDAR_ONLY,5.562833158954666,27.405384322348432,41.02845629868143,0.1705627311287468,0.3279593578926929,-0.056618963827011065,-0.9274401906622718,,,,80,40.05409141225458,-2.074244091351251,12.619415159107092
1660857654.034583,LIDAR_ONLY,5.692202106008883,27.391470765738262,41.091327047396554,0.17093996183510604,0.3277958439440875,-0.05682655373786687,-0.927415848975568,,,,110,40.01183815006106,-2.319285324524459,12.678956524847111
1660857654.135215,LIDAR_ONLY,5.815943816865931,27.3798594425398,41.18245565434979,0.16630945196419422,0.3230863380208725,-0.057106527369820095,-0.9298899014955437,,,,84,40.01183815006106,-2.319285324524459,12.678956524847111
1660857654.2358477,LIDAR_ONLY,5.913560498641504,27.363517882529585,41.26391025115482,0.16371587852279437,0.3300275356233626,-0.05730068071780723,-0.9278984690358938,,,,51,39.900393439500355,-2.5485563414362815,12.728561768389303
1660857654.3364577,LIDAR_ONLY,6.042330286457014,27.36178096699953,41.339797799367894,0.16449039683977631,0.33153666867410325,-0.05750634312456785,-0.9272105301237742,,,,87,39.900393439500355,-2.5485563414362815,12.728561768389303
1660857654.4370928,LIDAR_ONLY,6.170903539849578,27.342268978258293,41.432868397404434,0.1605527886081287,0.32892083919310067,-0.06124239473635202,-0.9285920808953826,,,,75,39.900393439500355,-2.5485563414362815,12.728561768389303
1660857654.5377927,LIDAR_ONLY,6.28279816506562,27.328939036965345,41.5337089524612,0.16275889822069262,0.33065710465080334,-0.0597693947566455,-0.9276869297582878,,,,80,39.74247502708705,-2.8929169239331047,12.923994574633614
1660857654.648533,LIDAR_ONLY,6.428482468189639,27.312589785311644,41.60524854097808,0.16850297308339962,0.3301498611522997,-0.05852554400007351,-0.9269210203370447,,,,68,39.74247502708705,-2.8929169239331047,12.923994574633614
1660857654.7394867,LIDAR_ONLY,6.547920041333746,27.306319276697142,41.72697277923177,0.1678941358341699,0.32551252985443824,-0.058513691201630684,-0.9286707166709959,,,,55,39.67512761813606,-3.1372990588471232,13.084154680618433
1660857654.8401895,LIDAR_ONLY,6.662644949581786,27.299012319731073,41.82546684718216,0.16298857935972008,0.3317110797528115,-0.06100684194003543,-0.9271896503973864,,,,52,39.67512761813606,-3.1372990588471232,13.084154680618433
1660857654.9418678,LIDAR_ONLY,6.796872070963582,27.29965071824241,41.88785231189167,0.15692454943549386,0.335407257873381,-0.06201753535092403,-0.9268389733170069,,,,85,39.51246872401329,-3.4989867801715357,13.276926314410062
1660857655.0426092,LIDAR_ONLY,6.918089741692375,27.27596059275984,41.99953944587766,0.15551563749656547,0.3312509743043774,-0.06642497310169972,-0.9282647259617679,,,,85,39.51246872401329,-3.4989867801715357,13.276926314410062
1660857655.1532722,LIDAR_ONLY,7.025579678873379,27.268855291521312,42.076588951240865,0.15369686092384768,0.33802065306720475,-0.064139832221683,-0.9262858063064284,,,,23,39.51246872401329,-3.4989867801715357,13.276926314410062
1660857655.254275,LIDAR_ONLY,7.165161166269259,27.25634800423184,42.15794751514692,0.15520566394123164,0.3372332509091932,-0.06278927821659273,-0.9264137536235189,,,,56,39.39886152946646,-3.7528901772752956,13.414752655805135
1660857655.3448348,LIDAR_ONLY,7.290668818216177,27.25596733635097,42.27165131731297,0.15744536072954,0.3316533587638497,-0.06289520475873676,-0.9280415945547693,,,,81,39.39886152946646,-3.7528901772752956,13.414752655805135
1660857655.4465592,LIDAR_ONLY,7.4014684886188835,27.25213737134284,42.35377880389162,0.154280991869847,0.33650304729671787,-0.06368928830444709,-0.9267722208088415,,,,25,39.266014788676635,-3.9523309607727772,13.51562915437581
1660857655.5583377,LIDAR_ONLY,7.543389154259027,27.25725312863195,42.402565669548174,0.1471373305328402,0.33877075507979715,-0.06516449022960574,-0.9270051621644022,,,,20,39.266014788676635,-3.9523309607727772,13.51562915437581
1660857655.6519268,LIDAR_ONLY,7.663670675701771,27.239517836227552,42.49491184404635,0.14454804486422873,0.3349178390387956,-0.06769615369289655,-0.928629708007826,,,,23,39.266014788676635,-3.9523309607727772,13.51562915437581
1660857655.742457,LIDAR_ONLY,7.777030959981099,27.236009270982194,42.58127077869766,0.1476952969598022,0.3382946882485288,-0.06526632636778681,-0.9270831191437152,,,,47,39.09766903362877,-4.279281363029049,13.73796723724699
1660857655.8531487,LIDAR_ONLY,7.91832130534696,27.225391065677872,42.65889496179779,0.15023096223382246,0.3361222581844781,-0.06582438659538942,-0.9274263505360454,,,,58,39.09766903362877,-4.279281363029049,13.73796723724699
1660857655.9538033,LIDAR_ONLY,8.055152945735468,27.231765222874763,42.76465618615107,0.1492798305674506,0.33225187329693273,-0.06825228826495001,-0.9287980674091816,,,,45,39.05339667796541,-4.522368219908273,13.887540655657533
1660857656.066393,LIDAR_ONLY,8.158011235620155,27.219961915998148,42.85251707013382,0.1464336171396549,0.3386057941317942,-0.07016609735453556,-0.9268117558241307,,,,77,39.05339667796541,-4.522368219908273,13.887540655657533
1660857656.167229,LIDAR_ONLY,8.280581962923682,27.21988779777231,42.9449305082365,0.14609006398416616,0.33546427065726353,-0.07028319919341076,-0.9279987544326942,,,,92,39.05339667796541,-4.522368219908273,13.887540655657533
1660857656.2678854,LIDAR_ONLY,8.4025902217636,27.19867857144136,43.04029127534677,0.14675432331157395,0.3321976682404721,-0.0722388250563041,-0.9289184194316743,,,,100,38.88946646752674,-4.875116220953431,14.063678643696168
1660857656.3685517,LIDAR_ONLY,8.509388418197796,27.194646509626452,43.12475506166727,0.14541727042091365,0.3351258829040154,-0.07023216151714255,-0.928230522855053,,,,69,38.88946646752674,-4.875116220953431,14.063678643696168
1660857656.4692154,LIDAR_ONLY,8.629805289025581,27.1774962235473,43.207148962837,0.14635409683713846,0.3344711148395179,-0.0696710089607242,-0.9283617302471004,,,,84,38.88946646752674,-4.875116220953431,14.063678643696168
1660857656.5714035,LIDAR_ONLY,8.757413456929985,27.168998519602553,43.28664638275031,0.14318321630704864,0.3253684546620905,-0.06823712864342901,-0.9321896961205226,,,,88,38.88946646752674,-4.875116220953431,14.063678643696168
1660857656.672104,LIDAR_ONLY,8.847394517713358,27.134418141044645,43.375915004949476,0.12684152259341416,0.323269595461935,-0.05773017185612713,-0.9359889016721958,,,,75,38.77170846704422,-5.125177116577276,14.182676584606387
1660857656.783877,LIDAR_ONLY,8.971807459789297,27.118084579162073,43.447843451253746,0.10047023232866815,0.32283410298859233,-0.040465506774869445,-0.9402374259328479,,,,88,38.77170846704422,-5.125177116577276,14.182676584606387
1660857656.8744993,LIDAR_ONLY,9.082103583236815,27.075715813845427,43.51722912519639,0.07479347052864607,0.3166810311750098,-0.01900626243405963,-0.9453876576561071,,,,73,38.77170846704422,-5.125177116577276,14.182676584606387
1660857656.975193,LIDAR_ONLY,9.15622842623212,27.02010618276655,43.560824663756506,0.05208571193437275,0.31267636867773485,0.02066303381849446,-0.9482054661919064,,,,52,38.61107650196102,-5.475230489800119,14.396205119589288
1660857657.076217,LIDAR_ONLY,9.221667190509724,26.96892812360756,43.5920355985491,0.050362449462577244,0.2938739321137517,0.07027331983173651,-0.9519261506167156,,,,47,38.61107650196102,-5.475230489800119,14.396205119589288
1660857657.1872137,LIDAR_ONLY,9.256418515647393,26.926682915492012,43.62618426192059,0.04787003140092022,0.2741643583107613,0.11792343680734926,-0.9532242274393086,,,,33,38.61107650196102,-5.475230489800119,14.396205119589288
1660857657.2797647,LIDAR_ONLY,9.283631088627109,26.904393574759332,43.63752692611595,0.049876749030732595,0.25389145768734767,0.1659647647101188,-0.9515813861642283,,,,33,38.61107650196102,-5.475230489800119,14.396205119589288
1660857657.380422,LIDAR_ONLY,9.309682885974224,26.892267577111003,43.64840431242336,0.04785876352362654,0.22929986003701197,0.21017711886031415,-0.9491873848975101,,,,33,38.383816919989336,-5.855768366131067,14.666045090872139
1660857657.4810705,LIDAR_ONLY,9.314137305664582,26.883004669425606,43.646037880377676,0.03649719537392556,0.20920676016998058,0.25454931692596405,-0.9434538311340641,,,,41,38.383816919989336,-5.855768366131067,14.666045090872139
1660857657.5818295,LIDAR_ONLY,9.31586746139925,26.88947999581546,43.64206807039707,0.02111259927475848,0.19291059562558044,0.2982522883659278,-0.9345508722010454,,,,41,38.383816919989336,-5.855768366131067,14.666045090872139
1660857657.6824954,LIDAR_ONLY,9.303488751758902,26.91390016528286,43.64029089974653,0.005626558472016418,0.17673129292411552,0.3385463211368397,-0.9241865506410724,,,,52,38.383816919989336,-5.855768366131067,14.666045090872139
1660857657.7838874,LIDAR_ONLY,9.279484004359011,26.925158850559573,43.632479794913664,-0.008808355100444528,0.15594677573311777,0.37576655275492366,-0.9134563557442416,,,,67,38.24392164475852,-6.041888808410504,14.89636287133753
1660857657.876458,LIDAR_ONLY,9.262404977852409,26.933990764186845,43.62348181455377,-0.026697139274099328,0.13702194977728777,0.4187098548107756,-0.8973261979448439,,,,67,38.24392164475852,-6.041888808410504,14.89636287133753
1660857657.9885147,LIDAR_ONLY,9.244186564455438,26.933746338789472,43.62072195721095,-0.04037231291579796,0.11857356285179567,0.45943593920750225,-0.8793344098276723,,,,58,38.24392164475852,-6.041888808410504,14.89636287133753
1660857658.0690737,LIDAR_ONLY,9.21735107455431,26.92535073327066,43.617198772817474,-0.053172143844648405,0.10127824162395015,0.4980643087662101,-0.8595623218974655,,,,61,38.24392164475852,-6.041888808410504,14.89636287133753
1660857658.1898475,LIDAR_ONLY,9.200960594386707,26.92200608139221,43.598554173412595,-0.07020535243264198,0.08174685833192327,0.5345092047642411,-0.8382652143951623,,,,55,38.15562680346522,-6.129826862633952,15.0305657953456
1660857658.270339,LIDAR_ONLY,9.182498257442415,26.930471861668366,43.58911656081349,-0.08326856881199735,0.061465345589829024,0.5710539543464938,-0.8143621663392505,,,,46,38.15562680346522,-6.129826862633952,15.0305657953456
1660857658.3763807,LIDAR_ONLY,9.173161420477715,26.94544442633374,43.57915198253903,-0.09884292424217629,0.04162292328145343,0.6042358934052329,-0.7895546806305069,,,,58,38.20955960830157,-6.108692782116999,15.008132968433303
1660857658.47699,LIDAR_ONLY,9.164749946113151,26.964217619352574,43.576543514039464,-0.11001041695177387,0.020374114025131267,0.6348627226833601,-0.7644814758951709,,,,29,38.20955960830157,-6.108692782116999,15.008132968433303
1660857658.577915,LIDAR_ONLY,9.149499014159264,26.974383411202567,43.57910274432735,-0.12426931403020394,0.002881011462081269,0.6648695897280212,-0.7365441371827698,,,,37,38.243424653380735,-6.043713256599143,15.003779589570641
1660857658.678531,LIDAR_ONLY,9.15562474092432,26.97982106445346,43.56848949217695,-0.13551268140583597,-0.009164960287160942,0.6877397302129651,-0.7131384018321641,,,,30,38.243424653380735,-6.043713256599143,15.003779589570641
1660857658.7792623,LIDAR_ONLY,9.150317207168996,26.962771876432708,43.5602528676487,-0.14181005363184018,-0.019290718324293955,0.7014998469558159,-0.6981516608849644,,,,81,38.243424653380735,-6.043713256599143,15.003779589570641
1660857658.8898847,LIDAR_ONLY,9.125604417321497,26.931735371140352,43.533293189932024,-0.1507162774562185,-0.021554243887548206,0.7090430214745473,-0.6885332322977744,,,,52,38.27683858413725,-6.125275293183401,14.931411296242725
1660857658.9715223,LIDAR_ONLY,9.091231016522622,26.880474002177664,43.52291882317139,-0.15186215502279599,-0.021646325579534314,0.7136633458249513,-0.6834866138313705,,,,61,38.27683858413725,-6.125275293183401,14.931411296242725
1660857659.082165,LIDAR_ONLY,9.08599463394279,26.803214454627593,43.48582989273493,-0.14815161654254363,-0.02461625970440116,0.7133898892124564,-0.6844852111210555,,,,105,38.32710572762482,-6.147793198319537,14.953661870143785
1660857659.1841767,LIDAR_ONLY,9.080815618404326,26.708864929032966,43.43773858253009,-0.14466089666648632,-0.029572249204920555,0.7128921980125695,-0.6855533685027139,,,,100,38.32710572762482,-6.147793198319537,14.953661870143785
1660857659.2860303,LIDAR_ONLY,9.06887650293764,26.627856345195603,43.405017465425516,-0.1417465001715023,-0.031111587176660883,0.7130509720468649,-0.6859287937501244,,,,88,38.32710572762482,-6.147793198319537,14.953661870143785
1660857659.3868973,LIDAR_ONLY,9.028928219476239,26.518188345881306,43.37355862288134,-0.13917220830313456,-0.030091472902468705,0.7144370903266175,-0.6850585695108307,,,,88,38.33315583116672,-6.0836591047659585,14.983508728193774
1660857659.4875233,LIDAR_ONLY,9.017676997856285,26.40660065483338,43.30836712254545,-0.14052063167146436,-0.031368849347269294,0.7126057631237995,-0.6866316142794683,,,,61,38.33315583116672,-6.0836591047659585,14.983508728193774
1660857659.5897362,LIDAR_ONLY,8.967807923887232,26.28450962727565,43.27181671608262,-0.14101551062669643,-0.02958713799208575,0.7142151277443427,-0.6849350175960212,,,,75,38.32533190562926,-5.976033536356176,15.066312651057542
1660857659.6802716,LIDAR_ONLY,8.936152847387948,26.17338244687419,43.21797238065146,-0.1381087775965244,-0.027411924266016054,0.7161215963558015,-0.6836259292856339,,,,66,38.32533190562926,-5.976033536356176,15.066312651057542
1660857659.7913337,LIDAR_ONLY,8.89594352022818,26.028709058894933,43.138309788378294,-0.1458441884619076,-0.028231489676844468,0.7162801409842757,-0.6818175821391378,,,,52,38.32533190562926,-5.976033536356176,15.066312651057542
1660857659.8919406,LIDAR_ONLY,8.862245536629075,25.9024492934654,43.09467808905247,-0.14870924711486433,-0.021606192620826633,0.7161719544391234,-0.6815544467889622,,,,77,38.22093597791651,-5.718083675341728,15.18643367309834
1660857659.9925368,LIDAR_ONLY,8.81655046956229,25.757644687504044,43.02723770870083,-0.15047606988003076,-0.015327704074322435,0.7164554416864715,-0.6810386288303427,,,,70,38.22093597791651,-5.718083675341728,15.18643367309834
1660857660.0830944,LIDAR_ONLY,8.789169668184613,25.620191165995834,42.94652240708747,-0.15372383308864146,-0.014392119835922935,0.714415500586199,-0.6824751589247294,,,,64,38.146038239606575,-5.501368234075261,15.292396263712178
1660857660.2037735,LIDAR_ONLY,8.746726147043345,25.49610632748845,42.89258868218946,-0.15314421572995693,-0.01070792313921088,0.7175906102073353,-0.6793348995250911,,,,60,38.146038239606575,-5.501368234075261,15.292396263712178
1660857660.2843468,LIDAR_ONLY,8.710097945093482,25.36426376727309,42.840362695776285,-0.14943365009738305,-0.01427414522995827,0.7180448715878684,-0.6796156232628034,,,,65,38.00380169089127,-5.16033030856973,15.471699789649437
1660857660.3849556,LIDAR_ONLY_SAFE,8.66635730300511,25.2195463712003,42.77749122189408,-0.15435911712016842,-0.02090056002713823,0.7164514794633701,-0.6800247842006808,,,,18,38.00380169089127,-5.16033030856973,15.471699789649437
1660857660.4855452,LIDAR_ONLY,8.634017361912985,25.08622647484327,42.75606541286915,-0.14248006915845027,-0.01847465714492907,0.7158624005116604,-0.6833001832794016,,,,51,37.902670445164595,-4.888015336900999,15.603452592235078
1660857660.5962155,LIDAR_ONLY,8.589543677514794,24.944867700420577,42.730600980222036,-0.13217451043474082,-0.023446123342213104,0.7102537184415033,-0.6910280989450256,,,,54,37.902670445164595,-4.888015336900999,15.603452592235078
1660857660.6868658,LIDAR_ONLY,8.576737631651566,24.793860180823945,42.66743352599205,-0.12748155186047352,-0.02329685018076641,0.6957427208649245,-0.7065039115747145,,,,60,37.902670445164595,-4.888015336900999,15.603452592235078
1660857660.7975175,LIDAR_ONLY,8.566927149803167,24.67102811400178,42.62778876179787,-0.11123778135621228,-0.011904122054502218,0.6755569914159032,-0.7287710197491064,,,,59,37.84735949586881,-4.655611636517678,15.750902831486485
1660857660.8881829,LIDAR_ONLY,8.584593428097884,24.52846076081093,42.62774588659512,-0.08738865176910054,-0.007730730830180787,0.6506583338611185,-0.7542858820897309,,,,67,37.84735949586881,-4.655611636517678,15.750902831486485
1660857660.9889784,LIDAR_ONLY,8.608067605977183,24.390644370979498,42.58440051745128,-0.07457915377002768,-0.00036711997270710367,0.6244651217529453,-0.7774838434076631,,,,66,37.77160831243313,-4.398589860665235,15.895750819152495
1660857661.08963,LIDAR_ONLY,8.623403720116459,24.29003791958052,42.602588054796236,-0.06283110041160161,0.037863377837914554,0.5940486808444976,-0.8010772635811623,,,,57,37.77160831243313,-4.398589860665235,15.895750819152495
1660857661.1909356,LIDAR_ONLY,8.656604345745155,24.232338585618475,42.642563757159685,-0.06544107691023363,0.07245644020993643,0.5617058284460891,-0.8215558970725155,,,,53,37.60298770711849,-3.976910724635895,16.122932855093588
1660857661.291518,LIDAR_ONLY,8.72259808535873,24.192225293582517,42.675787271941765,-0.05739207624576933,0.0967746171040009,0.5276420856573601,-0.8419825725700769,,,,28,37.43195691968294,-3.8179799533363656,16.29970788129966
1660857661.392102,LIDAR_ONLY,8.759193356212922,24.171439309286367,42.704696305182786,-0.04442626784473201,0.12076809490723824,0.4966231099836115,-0.8583745456431419,,,,55,37.43195691968294,-3.8179799533363656,16.29970788129966
1660857661.493216,LIDAR_ONLY,8.791126082089175,24.168204561715125,42.725986026009636,-0.030789664154195,0.14226496916559261,0.4658731551519796,-0.8727971576708556,,,,66,37.41570871323268,-3.797580141281581,16.52462299247149
1660857661.5937984,LIDAR_ONLY,8.804170692972834,24.16665944283262,42.76614012388444,-0.017984603924382878,0.15451540150609197,0.43551618435568124,-0.8866381437110421,,,,68,37.41570871323268,-3.797580141281581,16.52462299247149
1660857661.6943798,LIDAR_ONLY,8.846128157969348,24.16979825307577,42.77021112178451,-0.002584610493934378,0.16485463490974528,0.40491379522020704,-0.8993670483054944,,,,42,37.42092300865847,-3.8608895624298767,16.62240333680498
1660857661.7849045,LIDAR_ONLY,8.872300101079576,24.185131113735277,42.774259785423375,0.009085982771432237,0.17623956222149806,0.3774016231746948,-0.9090792465182327,,,,73,37.42092300865847,-3.8608895624298767,16.62240333680498
1660857661.8955634,LIDAR_ONLY,8.866920242411778,24.198538028676218,42.80820225790473,0.02327942574941294,0.1858311659231028,0.3490179083016743,-0.9182109484171717,,,,64,37.527678288194714,-3.9626265327172328,16.765743069551974
1660857661.9860914,LIDAR_ONLY,8.87419777994714,24.207047177536726,42.81815235849372,0.035650921927225195,0.2028585804170327,0.3155450376021343,-0.9262876104977293,,,,67,37.54481112306926,-4.036343612768772,16.823076741589436
1660857662.0866148,LIDAR_ONLY,8.878813548713888,24.216712202103178,42.84420684996879,0.0499681941935584,0.21780517381378856,0.2779387461206684,-0.9342452243569944,,,,69,37.54481112306926,-4.036343612768772,16.823076741589436
1660857662.1873994,LIDAR_ONLY,8.890289053947825,24.235837651191947,42.86338355171762,0.06219478706837639,0.23086888324245278,0.24513264445075592,-0.9395431623062782,,,,76,37.55634060607374,-4.084292202706856,16.823167174826445
1660857662.287966,LIDAR_ONLY,8.903974728029269,24.251682925125102,42.88623719475821,0.07385944505556837,0.24390310558428716,0.21531013866510396,-0.9427075907461642,,,,74,37.55634060607374,-4.084292202706856,16.823167174826445
1660857662.388617,LIDAR_ONLY,8.919089590764818,24.261560285490628,42.89625473663641,0.08043301831357415,0.25043579508044006,0.19058078056645877,-0.9457755590974402,,,,87,37.554768822071566,-4.08804061556001,16.82183875419448
1660857662.5025692,LIDAR_ONLY,8.929744530955464,24.271759407004442,42.90250876021342,0.0849990107020322,0.25808415896306003,0.1739481838718065,-0.946525099719868,,,,80,37.57537352868158,-4.150798171981111,16.83019847228948
1660857662.6031644,LIDAR_ONLY,8.932361775880523,24.280596369784075,42.90704060625917,0.08579542992481082,0.2631496819190534,0.1642516229359693,-0.9467907865377748,,,,87,37.57537352868158,-4.150798171981111,16.83019847228948
1660857662.7037578,LIDAR_ONLY,8.933740750164109,24.28287270256621,42.91229989808507,0.08656936617641463,0.2650972812227351,0.15996512343717048,-0.9469109438652923,,,,126,37.55832396496219,-4.222678922804744,16.829867551523037
1660857662.7942672,LIDAR_ONLY,8.932191521039888,24.290849615806067,42.908492209738775,0.08636496120896883,0.2669432215815735,0.1619042835458662,-0.9460810815656997,,,,126,37.55832396496219,-4.222678922804744,16.829867551523037
1660857662.8949983,LIDAR_ONLY,8.925914521457333,24.28603651460756,42.90134041568684,0.08583492428774442,0.2676588804499241,0.16272957412522832,-0.9457854805365921,,,,139,37.533027722443194,-4.250332967976337,16.819298503048913
1660857662.9956002,LIDAR_ONLY,8.91691287568715,24.28963977150328,42.90608799907159,0.08676842672902566,0.26720800782503656,0.16320059786777058,-0.9457466286129427,,,,139,37.533027722443194,-4.250332967976337,16.819298503048913
1660857663.096707,LIDAR_ONLY,8.905733529479624,24.289956763617884,42.90205888021159,0.0879733331864261,0.26815389526107436,0.16494989522636402,-0.945063867243476,,,,111,37.52705855344683,-4.284001198747909,16.808436730164022
1660857663.208658,LIDAR_ONLY,8.899968558259134,24.282208246594216,42.90139873559811,0.08833944403467539,0.26819712432878334,0.16425751344508166,-0.9451380398683857,,,,95,37.52651898350056,-4.2745144081840785,16.79641137933352
1660857663.3102124,LIDAR_ONLY,8.891184372690866,24.287508594768006,42.90131334231851,0.08986338261859188,0.2676372788110835,0.1662814699120784,-0.9447990962203666,,,,138,37.52651898350056,-4.2745144081840785,16.79641137933352
1660857663.411644,LIDAR_ONLY,8.879122014849251,24.279062428326586,42.89762353947233,0.08881894488961307,0.27089401489369397,0.16824333973657013,-0.9436216436463061,,,,131,37.543233724197115,-4.266667670216063,16.797664353669912
1660857663.522616,LIDAR_ONLY,8.88117981237175,24.27636429142389,42.88617937627288,0.08771327995886666,0.2709635751493108,0.16739596242649782,-0.943855769291298,,,,136,37.543233724197115,-4.266667670216063,16.797664353669912
1660857663.6131575,LIDAR_ONLY,8.872923382560302,24.271101004269042,42.88150731467061,0.08695564270967877,0.27196744833067604,0.1669256600174583,-0.943720428557729,,,,136,37.53329775572664,-4.259690260805211,16.790567702324243
1660857663.7036746,LIDAR_ONLY,8.868737515004433,24.280196007657672,42.87244713959635,0.08835154955783389,0.2724083893502374,0.16539630471408878,-0.9437328729514849,,,,146,37.53329775572664,-4.259690260805211,16.790567702324243
1660857663.8143232,LIDAR_ONLY,8.860823499210792,24.282498112367147,42.888223674135325,0.0910306060603101,0.2695731300564759,0.1655074900690695,-0.9442727503443505,,,,146,37.540026468258354,-4.235610114447302,16.79097027597474
1660857663.9048636,LIDAR_ONLY,8.861754261779504,24.282257916065838,42.88279437951156,0.09025430729744839,0.27090566890054624,0.16699559318032237,-0.9437037408160242,,,,119,37.52813202280234,-4.215199415500381,16.78414330056268
1660857664.0054479,LIDAR_ONLY,8.867342438311976,24.278239663252677,42.88114504000622,0.09025941457789138,0.2716326549538945,0.16742793263101688,-0.9434176308600865,,,,138,37.52813202280234,-4.215199415500381,16.78414330056268
1660857664.10873,LIDAR_ONLY,8.870539534971739,24.28000353967458,42.87699070908719,0.08975997745271841,0.27088895593636264,0.16744056103847654,-0.9436768400880224,,,,99,37.55625853819089,-4.226314335677705,16.783772482443116
1660857664.2092762,LIDAR_ONLY,8.875757845107673,24.27745952112759,42.88313808734751,0.08956548177869482,0.27071187615317766,0.1670310974432581,-0.9438186886633882,,,,145,37.55625853819089,-4.226314335677705,16.783772482443116
1660857664.3099155,LIDAR_ONLY,8.884914387572143,24.273469788215888,42.8914026098553,0.09001985431985762,0.2701393137479159,0.16758114136512434,-0.9438420090538453,,,,145,37.55253088985364,-4.215803747001798,16.781006478980228
1660857664.412359,LIDAR_ONLY,8.905925045133158,24.273528662741448,42.90234998487008,0.09687486132492104,0.26662912652824106,0.16877516900119358,-0.9439486810514028,,,,144,37.5475663665141,-4.216071248460294,16.78329022108768
1660857664.512982,LIDAR_ONLY,8.928430243197704,24.264485450431593,42.914564570084984,0.1098066136329909,0.26549070213373016,0.1595934648733113,-0.9444506978411976,,,,134,37.5475663665141,-4.216071248460294,16.78329022108768
1660857664.6241555,LIDAR_ONLY,8.952502998679392,24.247523284371113,42.96834627397485,0.1149401296072961,0.26725574270800334,0.14829376093896315,-0.9451836303396443,,,,96,37.54049651814364,-4.2262458399967215,16.798449140553622
1660857664.7146683,LIDAR_ONLY,8.990395303291537,24.229524091788836,43.00111146553531,0.10806414108321974,0.2705760626571567,0.1429836636377406,-0.9458680709600181,,,,96,37.537160853939234,-4.238941619725658,16.819828197298868
1660857664.8157837,LIDAR_ONLY,9.030029542665863,24.205004640802695,43.02430400673476,0.09938493985016514,0.2735410475550962,0.13989569055258658,-0.9464286157963815,,,,113,37.537160853939234,-4.238941619725658,16.819828197298868
1660857664.9163098,LIDAR_ONLY,9.043912045597736,24.190415901233347,43.04263653808817,0.09749255119202789,0.2774552669006626,0.142793967226852,-0.9450521997512988,,,,62,37.508096704266144,-4.287084746164875,16.86429623695806
1660857665.0168936,LIDAR_ONLY,9.056640579597826,24.171651997008347,43.054336758499595,0.09456419622642841,0.2792265990740482,0.14203818279954664,-0.9449419420200339,,,,123,37.49191759923865,-4.3303878957622866,16.902946884194836
1660857665.1174443,LIDAR_ONLY,9.074890212414589,24.166704875435293,43.04901326471127,0.09490420092370187,0.277654799722334,0.14219606962982495,-0.9453471757084877,,,,131,37.49191759923865,-4.3303878957622866,16.902946884194836
1660857665.2181425,LIDAR_ONLY,9.071282676946325,24.155869943237352,43.06384720529416,0.09751455977201001,0.27550274287042953,0.1406150494204412,-0.9459474389097039,,,,132,37.44227695961571,-4.370912283825071,16.94461247182628
1660857665.318757,LIDAR_ONLY,9.081811141170476,24.14901999067754,43.05128847163873,0.09623290389990811,0.2757150635751209,0.14074324149986692,-0.9459977652705467,,,,139,37.43576921124244,-4.381178961584683,16.958348826582636
1660857665.4206185,LIDAR_ONLY,9.066974058700264,24.14367762679793,43.06170323182969,0.09709685316982777,0.276058050105049,0.14357021803690306,-0.945384443794984,,,,143,37.43576921124244,-4.381178961584683,16.958348826582636
1660857665.5312555,LIDAR_ONLY,9.068601626930603,24.138262797839964,43.055866658760024,0.0952379280057418,0.2754916667648704,0.14196539720877047,-0.9459809219046876,,,,130,37.414549862315745,-4.384927020305745,16.970923801774735
1660857665.621775,LIDAR_ONLY,9.066668089076606,24.13949591719741,43.04802795276027,0.09474827958746986,0.2770656830350337,0.14235954137321624,-0.9455110426534175,,,,137,37.394567650606284,-4.380795568034118,16.970832054940896
1660857665.7223198,LIDAR_ONLY,9.065633281244057,24.14614514010554,43.03926614378037,0.09736259226979119,0.2774340846192951,0.1410719278445845,-0.945330400173491,,,,136,37.394567650606284,-4.380795568034118,16.970832054940896
1660857665.8230343,LIDAR_ONLY,9.056873186891087,24.141634994174993,43.057373303345884,0.10156077255833441,0.2757174244649867,0.14094983274495335,-0.945409147392238,,,,115,37.40863314466954,-4.366911712686694,16.984262935529504
1660857665.923621,LIDAR_ONLY,9.056403098730375,24.14317798481759,43.05645513497857,0.10153241514386997,0.2746153085193052,0.14299528296470176,-0.9454258035677601,,,,129,37.41846935624245,-4.3630009323536685,16.97985359438557
1660857666.0241742,LIDAR_ONLY,9.054053592155727,24.139473867199566,43.06267962055676,0.10125545415824667,0.27495191310064104,0.14295995363018627,-0.9453630150072299,,,,138,37.41846935624245,-4.3630009323536685,16.97985359438557
1660857666.124867,LIDAR_ONLY,9.055197377064658,24.137856058564203,43.06332830366528,0.10093142170086755,0.27601949412322785,0.14347969516871958,-0.9450077587256575,,,,138,37.416687528243145,-4.36523465020314,16.975600460174803
1660857666.2261076,LIDAR_ONLY,9.059888538044259,24.13580913853575,43.061531547947105,0.10126605083337883,0.2758696406626597,0.14366200211764468,-0.9449880197424815,,,,144,37.41893392565136,-4.36340426125606,16.97096661613977
1660857666.336752,LIDAR_ONLY,9.057181157625312,24.134005157143278,43.06727897942288,0.10162439879443398,0.2754754558875058,0.14364823119769915,-0.9450666328079799,,,,145,37.41675530907752,-4.360361004391744,16.977494414532472
1660857666.4574108,LIDAR_ONLY,9.056488798960856,24.130598878502525,43.07024945938369,0.10290931039056721,0.2758871941808178,0.14375661975147408,-0.9447909632292234,,,,142,37.41675530907752,-4.360361004391744,16.977494414532472
1660857666.5479496,LIDAR_ONLY,9.057740774808021,24.133007156672807,43.071930365162025,0.10481103104409072,0.2748689167796882,0.14469411724241796,-0.944735592001949,,,,145,37.410307860391505,-4.360325260055842,16.977274095820373
1660857666.6283581,LIDAR_ONLY,9.060383951305637,24.17033930953988,43.05921184468416,0.1089025768310447,0.2777003827431519,0.1419663517592121,-0.943858189111079,,,,148,37.410307860391505,-4.360325260055842,16.977274095820373
1660857666.7609246,LIDAR_ONLY,9.043914311044079,24.20197011306525,43.06233495974407,0.11912300844382934,0.2825858849834843,0.12154242170796012,-0.9440245580453704,,,,54,37.414333041931776,-4.361107890566062,16.98014418777858
1660857666.8413835,LIDAR_ONLY,9.032044844052619,24.211964751531923,43.064112882696485,0.1285762441476235,0.2922216659830979,0.08948901153918985,-0.9434332854975451,,,,91,37.40871461875617,-4.361780273860829,16.983487675522202
1660857666.931896,LIDAR_ONLY,9.019435984616608,24.208352541761734,43.056266270595394,0.13829544272564462,0.303711831105171,0.054540446731042226,-0.9410944872001114,,,,87,37.40871461875617,-4.361780273860829,16.983487675522202
1660857667.0325418,LIDAR_ONLY,9.004302694301105,24.21917704423788,43.05896580293249,0.14809270003090996,0.3119868477174088,0.02829966223602786,-0.9380468475328064,,,,69,37.45726682092307,-4.338684958259545,16.92661466076337
1660857667.1331258,LIDAR_ONLY,8.994612832242597,24.20227931563202,43.06797776719177,0.15617308346691558,0.3183211779350918,0.002979214002330626,-0.935025518348232,,,,90,37.47262700916588,-4.309984127094348,16.922142723589527
1660857667.2335858,LIDAR_ONLY,8.998709959782392,24.198073720439986,43.067832181885066,0.15955479317279733,0.3221251595270547,-0.008770696507529353,-0.9331134574412848,,,,97,37.47262700916588,-4.309984127094348,16.922142723589527
1660857667.3443446,LIDAR_ONLY,8.991527865257895,24.20417809988546,43.078067380672564,0.1634409022864719,0.32251993393233286,-0.013717612343243372,-0.932244490886199,,,,105,37.47985470631232,-4.289902778469511,16.917318601904142
1660857667.4348586,LIDAR_ONLY,8.991238162253852,24.207564023590127,43.08735900096449,0.16534796227846627,0.32015371833525785,-0.01461411047571582,-0.9327100705907869,,,,119,37.475633493959734,-4.300585083910345,16.927680114361753
1660857667.5373855,LIDAR_ONLY,8.990962099625834,24.206193545360456,43.08874258997922,0.1644454953473241,0.3185080985930343,-0.015200937495603369,-0.9334233775141257,,,,134,37.475633493959734,-4.300585083910345,16.927680114361753
1660857667.6379616,LIDAR_ONLY,8.985487188433021,24.19596158078729,43.09653468650662,0.16414658381079378,0.3195873392238095,-0.01445578331779511,-0.9331188895096706,,,,139,37.45565771899378,-4.341167229942616,16.92898840060341
1660857667.7385368,LIDAR_ONLY,8.981531394363932,24.18540732020915,43.10375918304988,0.16479392670438137,0.3201589754508721,-0.014446432841815519,-0.93280892616749,,,,139,37.45185088481124,-4.358490097666469,16.927927884606582
1660857667.8391876,LIDAR_ONLY,8.979325310909854,24.17617832110346,43.11061694328412,0.16443869785273188,0.3199951160899632,-0.013969623687102814,-0.9329350941738175,,,,139,37.45185088481124,-4.358490097666469,16.927927884606582
1660857667.9415736,LIDAR_ONLY,8.979731840960419,24.178216309758835,43.104098397102334,0.16423857054247046,0.3187039238161112,-0.014268436639542616,-0.9334076883153706,,,,135,37.45676567836439,-4.351921066179411,16.925689960669306
1660857668.0421665,LIDAR_ONLY,8.981143837671638,24.175819861641077,43.09897053529634,0.16589215843989952,0.3203308093136632,-0.01448599623984402,-0.932554620537341,,,,136,37.451916177456184,-4.344457320319379,16.92149555843525
1660857668.1730876,LIDAR_ONLY,8.980503281139349,24.16821132086896,43.10226696930354,0.16599089599967787,0.3181649850565441,-0.014429430511033556,-0.9332790880890456,,,,141,37.451916177456184,-4.344457320319379,16.92149555843525
1660857668.2636263,LIDAR_ONLY,8.97815078848951,24.162676408359406,43.09848858776563,0.16482097670678106,0.3190986328558025,-0.0149077663164002,-0.9331601505906884,,,,139,37.451251609718085,-4.34209849143375,16.923434893086647
1660857668.3440962,LIDAR_ONLY,8.979181436531178,24.160769198867428,43.084504116143734,0.16279926212632037,0.3242549640632442,-0.012991197330821734,-0.9317651782092855,,,,137,37.44620192478538,-4.336243058252099,16.920485052180645
1660857668.4547405,LIDAR_ONLY,8.964050323990353,24.154876546384802,43.09393671254169,0.16341307377728395,0.322180598869059,-0.010513175205530419,-0.9324083344641082,,,,137,37.44620192478538,-4.336243058252099,16.920485052180645
1660857668.5463572,LIDAR_ONLY,8.963874122822938,24.154818582791147,43.090610510340746,0.16469862778123429,0.3218771490181832,-0.011508368586532963,-0.9322751849102181,,,,132,37.44987133488393,-4.331828272171957,16.92132366451928
1660857668.6469278,LIDAR_ONLY,8.962032113809341,24.153652293929618,43.097860643311186,0.16584196566898224,0.3208923291700934,-0.011362512206157268,-0.9324137755413127,,,,142,37.44734545647814,-4.318833487223728,16.918720877330458
1660857668.7481413,LIDAR_ONLY,8.963582992441616,24.151470078388208,43.10266647525568,0.16758120866569595,0.3217038051995964,-0.011286223203117143,-0.9318239218801233,,,,144,37.44734545647814,-4.318833487223728,16.918720877330458
1660857668.8501265,LIDAR_ONLY,8.96457883761534,24.151979987206243,43.10653048022377,0.16846266439292154,0.32166747389018274,-0.010789503353012072,-0.9316833977076879,,,,148,37.45757995639852,-4.317553242402036,16.925555914937192
1660857668.952147,LIDAR_ONLY,8.966302846406503,24.14929970475887,43.11597535393848,0.1701714070605948,0.32235610500589135,-0.010305676035753886,-0.931140175712494,,,,147,37.46018432893215,-4.318534495764448,16.925808733183537
1660857669.0527487,LIDAR_ONLY,8.968331586527139,24.147390516242844,43.131851824129974,0.17198987306235286,0.32279932908100534,-0.009845070552086789,-0.930657375887965,,,,142,37.46018432893215,-4.318534495764448,16.925808733183537
1660857669.1432977,LIDAR_ONLY,8.982704384656923,24.14667496233809,43.14932307747193,0.1737622112524767,0.3222443689993648,-0.008661591215998899,-0.9305322334161552,,,,141,37.45775756439852,-4.3248621768370485,16.92756316640767
1660857669.2539988,LIDAR_ONLY,9.022085836406262,24.142653475034674,43.158375370385336,0.17314729332215087,0.3211390355111789,-0.00862269380396498,-0.9310292067586956,,,,144,37.45328459107584,-4.332466104169828,16.93197107604297
1660857669.3545084,LIDAR_ONLY,9.04739611123703,24.135055331030806,43.20924251341768,0.17419639084496408,0.3214313025606216,-0.008956234924129508,-0.9307294563979129,,,,134,37.45328459107584,-4.332466104169828,16.93197107604297
1660857669.4551404,LIDAR_ONLY,9.098903189903977,24.129465993193133,43.26100730401188,0.17657411745491386,0.3233960956029176,-0.008168658737672198,-0.9296073468988045,,,,119,37.440335387050474,-4.356605515193875,16.949454613753762
1660857669.55677,LIDAR_ONLY,9.190565576462916,24.12190287266168,43.316934431117346,0.17463993057425414,0.3194668683119479,-0.009677670482267992,-0.9313152835608427,,,,119,37.41248492344436,-4.381671972246795,16.95969009486461
1660857669.6590471,LIDAR_ONLY,9.269279580022319,24.12589609517568,43.401878761877825,0.17715589134480011,0.31693229014368157,-0.008929460895614853,-0.9317134636540487,,,,84,37.41248492344436,-4.381671972246795,16.95969009486461
1660857669.7604694,LIDAR_ONLY,9.362179270751945,24.104469134014387,43.46548112293522,0.17282015221353067,0.3195788018840164,-0.00953123568843364,-0.9316178078598114,,,,89,37.36557274705055,-4.478139022698361,17.021736573803793
1660857669.8509827,LIDAR_ONLY,9.491592747594867,24.085741323331675,43.534085759617014,0.17190621458047617,0.31526374829962095,-0.012319506781278688,-0.9332230452305337,,,,89,37.36557274705055,-4.478139022698361,17.021736573803793
1660857669.97221,LIDAR_ONLY,9.582444966088772,24.055236684727443,43.635120477283316,0.17050170597107267,0.3117791306036271,-0.01105756293838682,-0.9346660752818966,,,,54,37.30415179825342,-4.550356066003268,17.04948897091382
1660857670.0628812,LIDAR_ONLY,9.677529803431165,24.030994559451685,43.731341952008584,0.17634211972469338,0.31070155903784447,-0.01122339227493538,-0.9339389880973477,,,,60,37.2007538641561,-4.713210112026321,17.139777109289085
1660857670.1634963,LIDAR_ONLY,9.818548328475499,24.005686500242977,43.822842893904614,0.17680911492856216,0.30228152171370354,-0.008647915986683942,-0.9366374069284835,,,,51,37.2007538641561,-4.713210112026321,17.139777109289085
1660857670.2752671,LIDAR_ONLY,9.923061996553699,23.986971261860813,43.92722435455496,0.1794163311235004,0.2999357749568112,-0.009825041672499268,-0.9368840801205736,,,,46,37.05947813448711,-4.8973429577416825,17.268066635913897
1660857670.4060075,LIDAR_ONLY,10.052956401483385,23.97672487328333,43.951878802966164,0.17165587694355183,0.3012103576205684,-0.010719669571300175,-0.9379187966221338,,,,54,37.00794363968194,-4.995928514282197,17.334740762734935
1660857670.4763849,LIDAR_ONLY,10.130945942377656,23.973389163246548,44.03814898353505,0.17052393905164367,0.29592363394673354,-0.015287780025818558,-0.9397430887556201,,,,30,37.00794363968194,-4.995928514282197,17.334740762734935
1660857670.5679908,LIDAR_ONLY,10.161493384405262,23.959526530470686,44.111424776841226,0.1792430026350987,0.29902932060498433,-0.008615232900398607,-0.9372188587448225,,,,37,36.87243516824541,-5.212077118748218,17.482457216723358
1660857670.668663,LIDAR_ONLY,10.232886148420862,23.941488551823934,44.10290263567142,0.17707469153251196,0.2988870057466978,-0.008172262875221346,-0.9376802896157824,,,,55,36.87243516824541,-5.212077118748218,17.482457216723358
1660857670.7805889,LIDAR_ONLY,10.262111925333622,23.90545101711095,44.1206138116781,0.16872257540121013,0.2942453094171766,-0.005929994950155332,-0.9407003909831568,,,,79,36.76091717624943,-5.279064482355203,17.49641603224865
1660857670.8712935,LIDAR_ONLY,10.279812024764661,23.891233159770675,44.1367799395721,0.1725626204029481,0.2912617981797248,-0.003946602600721666,-0.9409426822547128,,,,96,36.74618391921817,-5.428704412144571,17.60084717022617
1660857670.963585,LIDAR_ONLY,10.297792542584192,23.86995769576213,44.108234603809166,0.1735135539012605,0.2914054554835317,-0.005108525220792785,-0.9407177101006755,,,,96,36.74618391921817,-5.428704412144571,17.60084717022617
1660857671.0642185,LIDAR_ONLY,10.27198942931316,23.834225816240572,44.11050981111299,0.16956749974156468,0.29164805141669525,-0.0022294980577495928,-0.9413730963197586,,,,100,36.66055945954784,-5.455710200604051,17.656959112054384
1660857671.167668,LIDAR_ONLY,10.277211825688898,23.816083941636627,44.09763154193876,0.16808484110704477,0.28880023834468876,-0.002858887288567514,-0.9425145809405507,,,,74,36.66055945954784,-5.455710200604051,17.656959112054384
1660857671.2882504,LIDAR_ONLY,10.266418707081062,23.801488897781528,44.098948259073886,0.16838000247975637,0.28858148738152095,-0.00320119151051547,-0.9425277992072697,,,,109,36.66195891028865,-5.469842232673958,17.684210901084935
1660857671.3787968,LIDAR_ONLY,10.250100651145921,23.794125872190254,44.099132636471666,0.17089522872432977,0.28922556503479546,-0.002857735667244579,-0.9418785625952097,,,,109,36.64270211130927,-5.4093814043664965,17.70744714559218
1660857671.479389,LIDAR_ONLY,10.236218183764692,23.79021235374019,44.10005654325515,0.17486564733741544,0.29214257462595694,-0.0036610391612992886,-0.9402453500360656,,,,126,36.64270211130927,-5.4093814043664965,17.70744714559218
1660857671.5810704,LIDAR_ONLY,10.23461534090669,23.78321770061025,44.09002357849389,0.17403514849404828,0.2938043945760319,-0.0030230633933634385,-0.9398838257487919,,,,106,36.6227169623103,-5.405664372137855,17.73770764306641
1660857671.6720126,LIDAR_ONLY,10.239968001581895,23.78649622951606,44.0965072846757,0.17353654116616427,0.29169582302536284,-0.0030995615154782038,-0.940632238671444,,,,135,36.637860833688976,-5.401060544692863,17.752436811378107
1660857671.7725797,LIDAR_ONLY,10.245477826182926,23.787616572497548,44.099489582315044,0.17498320395202416,0.29081221234816973,-0.0034205017204945566,-0.9406367182136935,,,,129,36.637860833688976,-5.401060544692863,17.752436811378107
1660857671.8732107,LIDAR_ONLY,10.250268126567155,23.7892148852825,44.10413014171657,0.17551238114968712,0.29009836459810684,-0.0038043962272628126,-0.9407570725166071,,,,141,36.639785750228995,-5.386494001791172,17.756472701785206
1660857671.9742115,LIDAR_ONLY,10.255779551902426,23.793398970755383,44.10695474370411,0.17625599450182908,0.28984701961466786,-0.003520181901015728,-0.9406966237539334,,,,138,36.635164344280874,-5.395667007670389,17.757017015274354
1660857672.0747843,LIDAR_ONLY,10.260437420923337,23.79606855938916,44.107798505959764,0.17741534184098293,0.28939653915140295,-0.0031471387135738166,-0.9406186980517426,,,,144,36.635164344280874,-5.395667007670389,17.757017015274354
1660857672.176196,LIDAR_ONLY,10.259360099300526,23.79968365574727,44.10668720009357,0.1766917424179426,0.2913851959569458,-0.0008145078562855495,-0.9401457505703016,,,,127,36.630158325451966,-5.400573461201895,17.756672577815998
1660857672.288096,LIDAR_ONLY,10.249565809927272,23.80049548023297,44.09553666499155,0.17118740719113204,0.29069062655725436,0.013168443743671319,-0.9412865787528781,,,,82,36.63007512148549,-5.406806942739505,17.75868834170796
1660857672.3987694,LIDAR_ONLY,10.239744049090339,23.79572850574245,44.09645282198235,0.16447232755349103,0.28574071198249446,0.02927688161593419,-0.9436333838878959,,,,82,36.63007512148549,-5.406806942739505,17.75868834170796
1660857672.489331,LIDAR_ONLY,10.232693909581139,23.795964572482486,44.095816503386665,0.15825540697760315,0.28094027099609253,0.04669096815986474,-0.9454352139556099,,,,77,36.63716767968306,-5.401119193698827,17.76075724739119
1660857672.5914557,LIDAR_ONLY,10.223385208984798,23.79668419302578,44.095312706730375,0.15460609554787613,0.2756871926056894,0.06361636548888357,-0.9465973193996585,,,,78,36.649295155855434,-5.3544780561056875,17.744747773296645
1660857672.712119,LIDAR_ONLY,10.210586921528556,23.78672801172488,44.08818977731347,0.14857182517897224,0.2724366208399098,0.08042285365683331,-0.9472258785516852,,,,78,36.649295155855434,-5.3544780561056875,17.744747773296645
1660857672.7826555,LIDAR_ONLY,10.19887453706199,23.773097124046792,44.08567566081456,0.14517957236639126,0.2696854182642609,0.09073055107285477,-0.9476078482395334,,,,85,36.646461392989465,-5.337107180058724,17.739815785412652
1660857672.8834453,LIDAR_ONLY,10.190170831300955,23.767097784227616,44.07312899729529,0.14304356545818334,0.2720360605522072,0.09448097292296107,-0.94689400985315,,,,97,36.646461392989465,-5.337107180058724,17.739815785412652
1660857672.994214,LIDAR_ONLY,10.190699217127943,23.759087387331707,44.083866883929794,0.14417258247157994,0.2703506051699493,0.09374872620904225,-0.9472782025793162,,,,99,36.65295131925775,-5.328464368265474,17.738211639608373
1660857673.085762,LIDAR_ONLY,10.21122691788638,23.752226175612403,44.10342718488835,0.1444332033108909,0.26994747897788324,0.09396530661745917,-0.9473320059657685,,,,117,36.64457271892691,-5.338947101291202,17.753175739675086
1660857673.1863256,LIDAR_ONLY,10.253351400655589,23.741945098652106,44.12399069986246,0.1413740656182121,0.2726951099602435,0.09373348958227526,-0.9470294522902009,,,,105,36.64457271892691,-5.338947101291202,17.753175739675086
1660857673.2869072,LIDAR_ONLY,10.321123599935397,23.736446668381912,44.15384967216802,0.13673626095905353,0.2736982159035926,0.09390468507064258,-0.9474040276840242,,,,92,36.63334803711582,-5.34601781542375,17.76759850874551
1660857673.387614,LIDAR_ONLY,10.37593669859692,23.72558475436771,44.19258264393424,0.14141699404347982,0.2703806376440306,0.09341464101010247,-0.9477179165911487,,,,86,36.62611749849899,-5.368042454789124,17.783673122498588
1660857673.4882076,LIDAR_ONLY,10.428117801344571,23.716423633354577,44.219937094277874,0.1408945928566483,0.2725434731610747,0.09384221227515198,-0.9471337857643783,,,,95,36.62611749849899,-5.368042454789124,17.783673122498588
1660857673.5891805,LIDAR_ONLY,10.484778775627145,23.703377922564147,44.248775689938014,0.13424453597038347,0.2750502135386213,0.09847677649037884,-0.9469044878373528,,,,86,36.5576618903268,-5.453877075737722,17.825247949533544
1660857673.6897528,LIDAR_ONLY,10.555767900928716,23.675416044277554,44.282344842711574,0.13040928566287502,0.27207985977570054,0.09803381399276831,-0.948343471233585,,,,89,36.53288349190012,-5.492928652008077,17.855511655225193
1660857673.7903347,LIDAR_ONLY,10.5950055886791,23.651481154254984,44.31581287186632,0.13107245533391687,0.26797169738037246,0.10278404062728172,-0.9489186592370022,,,,78,36.46680387994651,-5.572466446357021,17.914394150772264
1660857673.8909104,LIDAR_ONLY,10.625469384032568,23.622361775577904,44.33890269463554,0.13002986339941142,0.2671177590734716,0.10279292430122505,-0.949301823513207,,,,115,36.46680387994651,-5.572466446357021,17.914394150772264
1660857673.9916062,LIDAR_ONLY,10.651261614886565,23.59157018550884,44.349682560996634,0.1281212004391362,0.26555343483426935,0.10219340485558082,-0.9500646500369222,,,,112,36.41711128448197,-5.612058256161427,17.955729416204942
1660857674.092197,LIDAR_ONLY,10.66430250680165,23.557761928759664,44.3577416868711,0.1281606474749391,0.2638835978415373,0.10161179427073362,-0.9505868390074063,,,,105,36.3952313639942,-5.63952530263585,17.98888633097022
1660857674.194249,LIDAR_ONLY,10.666952053380488,23.537520323846152,44.36621707040479,0.13156883049210683,0.265667031823681,0.10165136834649026,-0.9496197504044558,,,,86,36.3952313639942,-5.63952530263585,17.98888633097022
1660857674.2962892,TRANSITION,10.661129131206591,23.538282140405816,44.36378715796124,0.1321072285775183,0.26471899812360616,0.10079254164286508,-0.9499012557835541,,,,105,36.351135895480525,-5.66600802471013,18.044575631134123
1660857674.3969338,TRANSITION,10.654510395879756,23.54206102629305,44.36403738409659,0.13053164435186557,0.2648835185983939,0.1007986617259809,-0.9500725452258811,,,,108,36.327591250896354,-5.650181792391858,18.073233945512307
1660857674.4975069,TRANSITION,10.648380757149662,23.546739042125846,44.36602937377852,0.13228649684782814,0.26611601696485154,0.10093729300406322,-0.9494704898771233,,,,121,36.327591250896354,-5.650181792391858,18.073233945512307
1660857674.62839,TRANSITION,10.644285020627546,23.550392706766292,44.36508254997882,0.13248524296079767,0.2655525729587586,0.10055053374598918,-0.949641554248759,,,,123,36.318292449560346,-5.648858813893376,18.10001401564936
1660857674.7090557,TRANSITION,10.63848622741417,23.551266401403954,44.36476700648132,0.13338109516572197,0.26565807585222256,0.10256290446290786,-0.949271363106999,,,,120,36.309398042377246,-5.645579842528956,18.105643015298618
1660857674.7995567,LIDAR_ONLY,10.635438743068613,23.557768498460263,44.374684420719014,0.13333752541273672,0.264053152266752,0.1103567372961635,-0.948851109304376,,,,136,36.309398042377246,-5.645579842528956,18.105643015298618
1660857674.9214184,LIDAR_ONLY,10.636586947135122,23.55563436032172,44.37576892445001,0.12636357710399293,0.2562326936018252,0.12573092321454532,-0.9500362035515565,,,,79,36.31362691089076,-5.640759533254946,18.117919690962694
1660857675.0119584,LIDAR_ONLY,10.635418857742096,23.544406314622908,44.37453377116118,0.11859746517652421,0.24870033174804876,0.15449494844002054,-0.9487961304456448,,,,79,36.30650834405691,-5.640045962949406,18.107466514306324
1660857675.1024516,LIDAR_ONLY,10.637656867424328,23.515700958174335,44.368298943804895,0.11048975611908238,0.23963999101685796,0.19168707227701406,-0.9453151616366114,,,,66,36.30650834405691,-5.640045962949406,18.107466514306324
1660857675.2232,LIDAR_ONLY,10.639934691836205,23.48302688067143,44.36079991982123,0.09432587249785425,0.22591480661416471,0.22907333583471323,-0.9421202347575175,,,,40,36.325495230818774,-5.6548752903436235,18.085880622428057
1660857675.313693,LIDAR_ONLY,10.634747180411509,23.467982269818652,44.350509186449194,0.07762636613007129,0.21286532775308642,0.27373470037668823,-0.9347362266071086,,,,37,36.31872930563231,-5.649500095315395,18.07662299421508
1660857675.405925,TRANSITION,10.635568635168239,23.45904693963473,44.34373931625347,0.07505300786078639,0.2029819648515308,0.31383301802331687,-0.92448591376745,,,,39,36.31872930563231,-5.649500095315395,18.07662299421508
1660857675.5166025,TRANSITION,10.63326102746255,23.448173783212997,44.33892328599691,0.07850059422017688,0.19344035493667544,0.36392022968502147,-0.9077337452221623,,,,35,36.3062654673011,-5.624858263928143,18.099381702976984
1660857675.6071196,TRANSITION,10.631495210851408,23.438596311265584,44.3364592467689,0.0762154996158692,0.18744883372785656,0.40169194919075335,-0.8931392446352938,,,,27,36.3062654673011,-5.624858263928143,18.099381702976984
1660857675.7178102,TRANSITION,10.63397944456907,23.429358693893327,44.334350842964845,0.07865829785928843,0.17592800800370934,0.450173380217657,-0.8718980077515576,,,,21,36.27810958591855,-5.571539322487207,18.074109926865315
1660857675.8083122,TRANSITION,10.636687279414764,23.417960819630743,44.33237109389666,0.07647015339711082,0.16471986474956132,0.4874954683811882,-0.8540303566642784,,,,31,36.274470920004696,-5.5429265606577625,18.11972134192349
1660857675.909746,TRANSITION,10.634080099646136,23.409241021014395,44.33427862784638,0.07479323229022075,0.15550470748898493,0.5227678016945918,-0.8348281762517066,,,,28,36.274470920004696,-5.5429265606577625,18.11972134192349
1660857676.0103307,LIDAR_ONLY_SAFE,10.634115065905938,23.41548065533641,44.33419156904455,0.061055124430730565,0.13649528645800807,0.562139142868706,-0.8134131131290736,,,,19,36.280358070998375,-5.501020620503228,18.11055320940264
1660857676.1111248,TRANSITION,10.635047286250328,23.419160729146252,44.33656356293663,0.058290627586022756,0.12252293679640386,0.5939919491388125,-0.7929463393273762,,,,21,36.280358070998375,-5.501020620503228,18.11055320940264
1660857676.211707,TRANSITION,10.635135212252376,23.4233328945527,44.33830118611445,0.054937213752185396,0.11136392081503896,0.6268445157145429,-0.7691852395908599,,,,25,36.28926672460774,-5.487131477086301,18.11130696259109
1660857676.3122723,TRANSITION,10.62432044188648,23.412287578206197,44.34475960373419,0.05380638918128236,0.1007438614662847,0.6658434581248688,-0.7372977933863973,,,,20,36.28642917172724,-5.475505000380716,18.105623932057505
1660857676.4128702,TRANSITION,10.606274500432452,23.388801535532767,44.353748715077856,0.054177376702790395,0.096768660662642,0.7072825409197547,-0.6981776603968778,,,,31,36.28642917172724,-5.475505000380716,18.105623932057505
1660857676.5436285,TRANSITION,10.601180103606785,23.384793118458806,44.35411272862248,0.0555551255567252,0.08709169283097846,0.7298202688182053,-0.6757891981130905,,,,40,36.29121725943101,-5.508073760452143,18.074864522362926
1660857676.6161158,TRANSITION,10.598139822760295,23.386883978810012,44.35709883961324,0.05520609184949113,0.08458754229535433,0.7406539291851537,-0.6642506998820027,,,,52,36.29956047299912,-5.534230996153765,18.078593537040003
1660857676.7166862,TRANSITION,10.596252044953548,23.389411926906455,44.360606954335765,0.054986832054859935,0.08214606303739283,0.7473405333887826,-0.657046877918309,,,,87,36.29956047299912,-5.534230996153765,18.078593537040003
1660857676.827388,TRANSITION,10.59308799871394,23.390564964297408,44.362553869828155,0.054683927729929284,0.07945322605350867,0.7517057457110425,-0.6524073304176797,,,,68,36.31744797748598,-5.5584549716087555,18.05474106422699
1660857676.9179695,TRANSITION,10.593954422954209,23.393587627886987,44.36190270245963,0.05560581908232024,0.08065926821435906,0.7513707325290487,-0.6525673127226562,,,,73,36.325587096285275,-5.567711220294466,18.050806541022986
1660857677.0389404,TRANSITION,10.593332514640203,23.39317318094025,44.36629562126374,0.055114085467626604,0.0789271554642556,0.7504283185958966,-0.6539038770054234,,,,61,36.325587096285275,-5.567711220294466,18.050806541022986
1660857677.1295323,TRANSITION,10.58983689066057,23.393362734027846,44.37276282884857,0.055879021485542274,0.0801974490171978,0.7507864433798429,-0.653273006151332,,,,85,36.32696543915875,-5.586973213838075,18.05240056770914
1660857677.2315695,TIGHTLY_COUPLED,10.582795298706301,23.39468453368282,44.37145639263322,0.056203092489546004,0.07996171155992615,0.7508623194333361,-0.6531868908162574,,,,87,36.32696543915875,-5.586973213838075,18.05240056770914
1660857677.3328128,TIGHTLY_COUPLED,10.57563819457201,23.397253217987206,44.36808135857123,0.05678458562411579,0.07976611471225488,0.7518945594301895,-0.6519719697030618,,,,97,36.32080181578875,-5.59775791312213,18.051541003565312
1660857677.4333885,TIGHTLY_COUPLED,10.57276597511,23.398161917581277,44.36708486970946,0.060047222095523586,0.07550610211920335,0.7487193483777859,-0.65582962499884,,,,58,36.32080181578875,-5.59775791312213,18.051541003565312
1660857677.5340033,TRANSITION,10.57109946228808,23.399183555863424,44.366862985848776,0.05844426170722737,0.0751049919933143,0.7510179654386677,-0.6533877287182134,,,,95,36.31296982384638,-5.618286956294635,18.069127693517917
1660857677.6345053,TRANSITION,10.56794472310151,23.397376166079624,44.36619459930518,0.05665672530851241,0.0734805230869503,0.7563322063569223,-0.6475741052817461,,,,77,36.31296982384638,-5.618286956294635,18.069127693517917
1660857677.735144,TRANSITION,10.566322847527069,23.39334709997435,44.36687583473562,0.05530027458080072,0.0658035713572734,0.7635172133425847,-0.6400415881468098,,,,84,36.31139243535999,-5.619394645550816,18.068220688456194
1660857677.83576,TRANSITION,10.560502941140836,23.391869955571504,44.36738792192545,0.05424701163261953,0.06045008271910247,0.7761865453791735,-0.6252499468216918,,,,55,36.31139243535999,-5.619394645550816,18.068220688456194
1660857677.9363449,TRANSITION,10.55287886040984,23.391129127406288,44.36356423913811,0.053048566246275304,0.0508428886978519,0.8016772927921452,-0.5932237086542729,,,,37,36.303915323465496,-5.623613880015023,18.07617821932389
1660857678.0369833,TRANSITION,10.548200745939422,23.389101948005013,44.35622978691815,0.04982384105211437,0.0390911280873973,0.8223596363974219,-0.5654326635347204,,,,40,36.303915323465496,-5.623613880015023,18.07617821932389
1660857678.1376767,TRANSITION,10.543770149883118,23.39108591510056,44.3495564674814,0.04606620170074751,0.0295897541814412,0.843352657616448,-0.5345639778357892,,,,31,36.293026367664815,-5.608220622314811,18.080678821708474
1660857678.2408226,LIDAR_ONLY,10.531291904004755,23.401976023094463,44.33676170423061,0.04007189655779185,0.0021044785618686388,0.8655526175408208,-0.4992078530476838,,,,28,36.293026367664815,-5.608220622314811,18.080678821708474
1660857678.3414683,LIDAR_ONLY,10.532944546196191,23.42037343153878,44.33663028221931,0.03281555572301902,-0.026510371956533215,0.8838563774563515,-0.46585216915997213,,,,30,36.293026367664815,-5.608220622314811,18.080678821708474
1660857678.4420962,LIDAR_ONLY,10.542002127570619,23.442322363823674,44.337046468648566,0.022649057010245027,-0.052135668836149306,0.9014389217132257,-0.42915820238235125,,,,33,36.28826472449743,-5.586725993228005,18.065057350567397
1660857678.5427158,LIDAR_ONLY,10.537788655746866,23.46153247539308,44.344389579434164,0.013670127278668872,-0.08494789636645173,0.9162169671251233,-0.3913354720379184,,,,43,36.28826472449743,-5.586725993228005,18.065057350567397
1660857678.6436806,LIDAR_ONLY,10.542700328516126,23.488215074536658,44.34123326352118,0.003998325965616988,-0.11663879814374463,0.9297753138491266,-0.34913789527035566,,,,43,36.28876498578768,-5.5198889748193665,18.05142513321023
1660857678.7655509,LIDAR_ONLY,10.545605528162577,23.51396628229101,44.340340557192,-0.003606741455881842,-0.14641893647659196,0.9387242943674702,-0.31200190002855654,,,,42,36.259857284442425,-5.535778072303056,17.986754173807686
1660857678.8596396,LIDAR_ONLY_SAFE,10.539882796729154,23.54347543298174,44.3536507846631,-0.004925727193042967,-0.16548355093404166,0.9469245996832723,-0.27554443216395236,,,,12,36.259857284442425,-5.535778072303056,17.986754173807686
1660857678.9502184,LIDAR_ONLY,10.540383062730443,23.551237674343447,44.35413106315828,-0.009687925254240136,-0.17893195606663068,0.9499683415064221,-0.2558312907718202,,,,50,36.259857284442425,-5.535778072303056,17.986754173807686
1660857679.0431538,LIDAR_ONLY,10.540639419179945,23.550388992015904,44.34666434074439,-0.012274122200721382,-0.18659447417104458,0.9515007351738347,-0.24429121780507257,,,,35,36.23527817030564,-5.556021301409666,17.962602626650707
1660857679.1437294,LIDAR_ONLY,10.541587402893983,23.540683136353284,44.33997257035705,-0.012657758081541511,-0.18848980910353957,0.9519808075122758,-0.240923048197419,,,,59,36.23527817030564,-5.556021301409666,17.962602626650707
1660857679.244548,LIDAR_ONLY,10.538032753067816,23.52940674988672,44.33888679078674,-0.012789856045732323,-0.19098689434301286,0.951121004970587,-0.24234120507103413,,,,109,36.2380023467423,-5.641450422815734,17.86271878634901
1660857679.3452735,LIDAR_ONLY,10.54402688562163,23.52294054468652,44.33355014751784,-0.013376407395282024,-0.18837504855498333,0.9516036092355977,-0.24245924131054905,,,,75,36.2380023467423,-5.641450422815734,17.86271878634901
1660857679.4573452,LIDAR_ONLY,10.543324880099421,23.517305599303338,44.335041753580846,-0.012669166571703335,-0.19028725361454715,0.951010565619601,-0.24332931884608214,,,,108,36.23221769777672,-5.6398635378450575,17.86966873934457
1660857679.5582151,LIDAR_ONLY,10.54233909572613,23.51404252906959,44.329150381211285,-0.01177304908782156,-0.18947972283240935,0.9511354419744404,-0.24351632588106928,,,,139,36.23221769777672,-5.6398635378450575,17.86966873934457
1660857679.6487622,LIDAR_ONLY,10.539979330515488,23.508987532602156,44.33572523319164,-0.010381520740076332,-0.1901733763851077,0.950872430521873,-0.2440654252753501,,,,118,36.234758300854075,-5.628366194695204,17.886838285344624
1660857679.7495337,LIDAR_ONLY,10.543786190637016,23.502456003432947,44.3301945309316,-0.012734975529920601,-0.19130170076886094,0.9504542023308459,-0.24470040652362812,,,,119,36.234758300854075,-5.628366194695204,17.886838285344624
1660857679.8502953,LIDAR_ONLY,10.549418387048087,23.489609404502346,44.32902980779733,-0.011315713394866641,-0.19404658188968907,0.9487140030005525,-0.24931830899065796,,,,115,36.234758300854075,-5.628366194695204,17.886838285344624
1660857679.9510865,LIDAR_ONLY,10.555428684515967,23.488636297978303,44.32321528910591,-0.016131210981270988,-0.19756345965242564,0.948720266253739,-0.24624849206010735,,,,116,36.23545963657118,-5.621952439630308,17.89511896452725
1660857680.0623953,LIDAR_ONLY,10.551834762339492,23.497720790317498,44.33338220838019,-0.018655694165784036,-0.2042924200946185,0.9512993184191567,-0.23010036710601883,,,,101,36.23545963657118,-5.621952439630308,17.89511896452725
1660857680.1644213,LIDAR_ONLY,10.546451423310577,23.51549455822721,44.34566316316086,-0.021649650785107874,-0.2166983835322707,0.9540674652116163,-0.20573860848189185,,,,88,36.23851102963893,-5.612099965976062,17.899617853515434
1660857680.2750823,LIDAR_ONLY,10.536384332713595,23.53837136193993,44.34304658144085,-0.028157788872653827,-0.23671812368251116,0.9550438337898235,-0.17624682801704653,,,,64,36.23851102963893,-5.612099965976062,17.899617853515434
1660857680.3656685,LIDAR_ONLY,10.533877347497205,23.56646306940828,44.344522595186056,-0.03554462967545574,-0.25927336749539526,0.955365416028939,-0.13707961943587704,,,,36,36.23851102963893,-5.612099965976062,17.899617853515434
1660857680.466292,LIDAR_ONLY,10.54002282489327,23.581695375685687,44.347942264291476,-0.0406007530077584,-0.28472465290539756,0.9531805990026907,-0.09343552091135274,,,,28,36.227067054405225,-5.613616096287832,17.908862079916336
1660857680.5686326,LIDAR_ONLY,10.546467249748938,23.58122581750329,44.357614582746564,-0.04858851727476343,-0.3079724959027995,0.9485342619353389,-0.05545134526070842,,,,56,36.227067054405225,-5.613616096287832,17.908862079916336
1660857680.6717653,LIDAR_ONLY,10.56316409950131,23.572343226792153,44.35666569854406,-0.053124823454929825,-0.3237564470795752,0.9442426836271315,-0.027663523346201715,,,,51,36.227067054405225,-5.613616096287832,17.908862079916336
1660857680.7743952,LIDAR_ONLY,10.572907381562036,23.565636181207104,44.36712088467649,-0.05793425911496514,-0.3371739778334136,0.9396507707421916,-0.003709357949562675,,,,62,36.24759664809373,-5.6428805892280955,17.890106147467154
1660857680.8750706,LIDAR_ONLY,10.58145902968783,23.565131506012463,44.36211243178433,-0.059656714566703684,-0.3444270299929444,0.9368535150649806,0.010797626023177895,,,,63,36.24759664809373,-5.6428805892280955,17.890106147467154
1660857680.975704,LIDAR_ONLY,10.58408053963368,23.564054943024054,44.367536648778454,-0.05934749445444273,-0.3484130190890997,0.935313887053051,0.016558252229968432,,,,52,36.24759664809373,-5.6428805892280955,17.890106147467154
1660857681.0694728,LIDAR_ONLY,10.58099485199095,23.562204558152835,44.375083225610545,-0.05989275011985417,-0.3460159078774259,0.9361232008265105,0.0189526476559486,,,,93,36.24891047366224,-5.68357377593794,17.841678194074817
1660857681.171069,LIDAR_ONLY,10.582439791344084,23.556694549970473,44.37950677665968,-0.05868084663190823,-0.34615335353900994,0.9361774974568449,0.017495923173667216,,,,93,36.24891047366224,-5.68357377593794,17.841678194074817
1660857681.2718642,LIDAR_ONLY,10.574063076479648,23.548983118394766,44.38515184441709,-0.058533615609700926,-0.3451518598038632,0.9365549605063671,0.01757314623246527,,,,115,36.24891047366224,-5.68357377593794,17.841678194074817
1660857681.3727303,LIDAR_ONLY,10.56893544557092,23.539485858935652,44.38178034130087,-0.05871192311452205,-0.34415725007891307,0.9369443268141334,0.015621323667525062,,,,60,36.24891047366224,-5.68357377593794,17.841678194074817
1660857681.483416,LIDAR_ONLY,10.561750570459337,23.53060568403854,44.3742974035271,-0.060041980861664825,-0.34620334986984375,0.9361428173395637,0.013222201656689565,,,,103,36.22823289719563,-5.684960756676521,17.8794564740657
1660857681.5740104,LIDAR_ONLY,10.559262145526022,23.524630362950795,44.37108388207371,-0.06055593574331089,-0.3434082708181691,0.9371340002408284,0.013550046957486973,,,,99,36.22823289719563,-5.684960756676521,17.8794564740657
1660857681.684707,LIDAR_ONLY,10.554961444443148,23.51713704229652,44.37696511221275,-0.059342010636431755,-0.3449279876795247,0.9366549845794099,0.013440571101140143,,,,117,36.22823289719563,-5.684960756676521,17.8794564740657
1660857681.7759373,LIDAR_ONLY,10.553227567385354,23.510291917921272,44.37378764970434,-0.0566697210969077,-0.347560437413157,0.9358545633964939,0.012904310362495865,,,,116,36.22500893575852,-5.686067995318927,17.895852637917592
1660857681.8890054,LIDAR_ONLY,10.551339050308092,23.503036449444416,44.37505358059455,-0.05665741591164029,-0.34816587564845336,0.9356528195322059,0.01114726682171563,,,,104,36.22500893575852,-5.686067995318927,17.895852637917592
1660857681.9905875,LIDAR_ONLY,10.563153289534297,23.497967916740922,44.376007357923676,-0.057029980621310906,-0.34165563297867796,0.9379855729987477,0.014215294948857317,,,,48,36.22500893575852,-5.686067995318927,17.895852637917592
1660857682.0913134,LIDAR_ONLY,10.593760408101927,23.481605431333154,44.40322133435326,-0.058990754020855185,-0.3413104153807316,0.9380075057408286,0.013008092348712868,,,,70,36.23007925159135,-5.6696129726050115,17.91658600392726
1660857682.185648,LIDAR_ONLY,10.63523170586167,23.45848920567723,44.42463343761265,-0.0589815883804115,-0.3399599608805535,0.9385120886436535,0.01197734110490681,,,,35,36.23007925159135,-5.6696129726050115,17.91658600392726
1660857682.280519,LIDAR_ONLY,10.67569857961116,23.430249086258073,44.43924735784379,-0.06210939691582535,-0.3385791674651397,0.9388213827207693,0.010999159951035238,,,,62,36.23007925159135,-5.6696129726050115,17.91658600392726
1660857682.3826244,TRANSITION,10.677763382829946,23.42567574797395,44.44280544550259,-0.061370373413196164,-0.3384683752032776,0.938905907189973,0.011337270313095251,,,,83,36.22001003434379,-5.645281019213222,17.915399121835776
1660857682.4741166,TRANSITION,10.670655440254476,23.423165507212197,44.44703029480826,-0.06061803234998797,-0.33931373626501277,0.9386604106153994,0.010405579235342386,,,,83,36.22001003434379,-5.645281019213222,17.915399121835776
1660857682.5750477,TRANSITION,10.638908719109086,23.434993431502754,44.45087050883169,-0.061838059328673485,-0.3408344015182907,0.9380356533537827,0.009852826867155889,,,,64,36.22001003434379,-5.645281019213222,17.915399121835776
1660857682.6757038,TRANSITION,10.629679246276465,23.435628693085825,44.4540640679047,-0.06084050492136204,-0.34139405985078414,0.9378943488549775,0.01013505034081293,,,,71,36.213694428390994,-5.679250831475294,17.960032335329124
1660857682.7864132,TRANSITION,10.611186260290223,23.44311878961,44.457928787265004,-0.060351426612923524,-0.3416099050695733,0.9378444958862223,0.010396133899652465,,,,63,36.213694428390994,-5.679250831475294,17.960032335329124
1660857682.8871932,LIDAR_ONLY,10.656551171112156,23.388596089622514,44.4774634370611,-0.060330473984927725,-0.3429024638394948,0.9373645456135415,0.011217968990722457,,,,75,36.1613942475566,-5.757952444251866,18.06893240510626
1660857682.978012,LIDAR_ONLY,10.69508245416957,23.34343318837084,44.489641150557205,-0.0611158067869496,-0.34166217141884975,0.9377227420995778,0.014417965577195975,,,,63,36.1613942475566,-5.757952444251866,18.06893240510626
1660857683.0789118,LIDAR_ONLY,10.743332189879897,23.29837648873649,44.508139143187634,-0.06434395699125375,-0.3392633719883305,0.9383850215721008,0.013920162173750826,,,,83,36.06632078293484,-5.821278244005654,18.18902667569422
1660857683.2013264,LIDAR_ONLY,10.788366244056588,23.24313172823226,44.53529249368737,-0.06091870404225059,-0.34072015109621856,0.9380716868429005,0.014839153564069655,,,,78,36.06632078293484,-5.821278244005654,18.18902667569422
1660857683.2819796,LIDAR_ONLY,10.840670780569445,23.19055278079951,44.55525757447261,-0.05266788985828561,-0.3414740926413262,0.9383274896789194,0.012769477104247761,,,,60,36.01249832843457,-5.8499525167482895,18.31261449970988
1660857683.402825,LIDAR_ONLY,10.91425532724277,23.130971216792982,44.57142125183893,-0.014005292946275952,-0.3538140667121096,0.935210900215483,-0.00017344818748287957,,,,34,36.01249832843457,-5.8499525167482895,18.31261449970988
1660857683.4832795,LIDAR_ONLY,10.995728014241214,23.06334004479685,44.58962192742256,0.03138766133549235,-0.3691377977963014,0.9286473623395535,-0.019135761646076582,,,,32,36.01249832843457,-5.8499525167482895,18.31261449970988
1660857683.6140695,TRANSITION,10.969858602896458,23.070748132887637,44.6074140630369,0.02356527187316156,-0.3556319559335701,0.9332424678610316,-0.04504537779904422,,,,34,35.98769198320094,-5.879715438558407,18.414360257101837
1660857683.6844714,TRANSITION,10.958496017253221,23.075123908550264,44.62790659869647,0.02165933912214266,-0.3496877736237033,0.9349037973161829,-0.056605863394805646,,,,35,35.98769198320094,-5.879715438558407,18.414360257101837
1660857683.785703,TRANSITION,10.944741620383734,23.080611254043383,44.63047030361943,0.015857824946330243,-0.3500710572257676,0.9342098761893534,-0.06671350321395203,,,,48,35.958506572169874,-5.928655160284639,18.54065960481037
1660857683.887423,TRANSITION,10.928172288557564,23.099589803196437,44.624938081272546,0.018707558043589798,-0.3430777519683475,0.936722031167763,-0.0670784592945548,,,,67,35.958506572169874,-5.928655160284639,18.54065960481037
1660857683.9899085,TRANSITION,10.926500100483876,23.104821900956942,44.62322486053643,0.016551204371203953,-0.3441429131972264,0.9363259321910504,-0.06771603677526737,,,,74,35.8898646076807,-5.9652361733579555,18.708747634999416
1660857684.0921543,LIDAR_ONLY,10.92888218612446,23.083669808489038,44.611644659776054,0.020221640905653364,-0.34323669365822457,0.9365576435513012,-0.06811341770375959,,,,73,35.8898646076807,-5.9652361733579555,18.708747634999416
1660857684.1927838,LIDAR_ONLY,10.931119202050557,23.057160627101002,44.58819546996087,0.022475023252702807,-0.3428971938693754,0.9366191730454726,-0.06827087556135226,,,,75,35.872972517425275,-5.994232370382108,18.840727120143477
1660857684.2933893,LIDAR_ONLY,10.916281121292887,23.01477252147728,44.572657977127754,0.01819268626320692,-0.34110361213020524,0.9369974995637276,-0.0731644570100643,,,,78,35.872972517425275,-5.994232370382108,18.840727120143477
1660857684.3939753,LIDAR_ONLY,10.89248233460809,22.986409549419474,44.54240184801896,0.004173406776021068,-0.332978292018656,0.9396677146501633,-0.07831108327918715,,,,66,35.82917926515713,-5.97332500603905,18.881146088618813
1660857684.4950209,LIDAR_ONLY,10.87629777581058,22.963017776051892,44.52112445277838,-0.0010128254497740491,-0.32235002593126466,0.9426452422291385,-0.08665669200638977,,,,45,35.82917926515713,-5.97332500603905,18.881146088618813
1660857684.5872211,LIDAR_ONLY,10.862375276533433,22.93743455149956,44.49919556914069,-0.0022596083784188433,-0.3139481492573491,0.9443944656099373,-0.0977269004582799,,,,68,35.790573561122955,-5.9372359581054095,18.926961631997468
1660857684.697904,LIDAR_ONLY,10.853163271509418,22.91646366796287,44.4750098726512,-0.002392171367190694,-0.3046165156999206,0.9457328218524876,-0.11310387062307373,,,,74,35.790573561122955,-5.9372359581054095,18.926961631997468
1660857684.7884748,LIDAR_ONLY,10.854595468118575,22.896150865353423,44.480788079404235,0.013164679271314629,-0.2973035275778664,0.9441113828074721,-0.14174272666632032,,,,39,35.76887226316549,-5.85712044024746,18.973155431872105
1660857684.8991523,LIDAR_ONLY,10.876348329334245,22.88509015015971,44.49498619924304,0.025624846211179046,-0.27892875654116406,0.9456357454188782,-0.16527296517318307,,,,32,35.76887226316549,-5.85712044024746,18.973155431872105
1660857684.9997103,LIDAR_ONLY,10.919572667997226,22.897232710977352,44.48966136598835,0.029923637918789135,-0.255898445840867,0.9500460623261775,-0.17616197310560236,,,,46,35.76887226316549,-5.85712044024746,18.973155431872105
1660857685.0902088,LIDAR_ONLY,10.950604437491197,22.89319151671294,44.520300826366146,0.030455054037847967,-0.2530558645701453,0.9473011239733103,-0.19405102321067763,,,,51,35.72524516473813,-5.782431610028954,18.97381137098539
1660857685.2109106,LIDAR_ONLY,10.991859419575254,22.897659919867678,44.527022949619166,0.029248101017620334,-0.2477756241823249,0.9452763982953292,-0.2102482329859934,,,,70,35.70496195540038,-5.743867636057569,18.971657574015843
1660857685.2913477,LIDAR_ONLY,11.04982368645454,22.90622136527981,44.54933532716581,0.033696905275116394,-0.23823848919453622,0.9440586401924629,-0.2255221158093871,,,,66,35.70496195540038,-5.743867636057569,18.971657574015843
1660857685.39195,LIDAR_ONLY,11.119248076185247,22.90919609092484,44.585988944429275,0.04570211821732861,-0.22849225585204033,0.943475767160629,-0.23570337754635093,,,,60,35.64317123972534,-5.8252066500983855,19.02054674243161
1660857685.5126355,LIDAR_ONLY,11.178958663250135,22.922838608756777,44.627205610744234,0.0554043804345467,-0.22914161607878636,0.9393291492522958,-0.2491690666483788,,,,38,35.5997614194156,-5.916712340393473,19.04295160814924
1660857685.5938678,LIDAR_ONLY,11.232175420695635,22.924517123076605,44.63500721251159,0.05681744875759435,-0.21584929117381418,0.9384851910195794,-0.2634889129610272,,,,56,35.5997614194156,-5.916712340393473,19.04295160814924
1660857685.694486,LIDAR_ONLY,11.278432474012996,22.924840234619726,44.65931276088674,0.05904156098567878,-0.21599355275244425,0.9349837335286071,-0.27507507572053524,,,,47,35.589097955181636,-5.973565294123001,19.065344666304963
1660857685.7962656,LIDAR_ONLY,11.342210056898919,22.927329074405545,44.67907023293923,0.061107022514359566,-0.20702796896358114,0.9334720890211963,-0.2864178955384034,,,,36,35.589097955181636,-5.973565294123001,19.065344666304963
1660857685.886845,LIDAR_ONLY,11.409828802009773,22.930836944989345,44.70209548100921,0.06402270203858092,-0.2062209534111943,0.9309078708387999,-0.29459217234717794,,,,49,35.55956504150288,-6.073728944454723,19.096852490343384
1660857685.997416,LIDAR_ONLY,11.474244093321452,22.941674349246483,44.701111741369225,0.07339134392519042,-0.2039768359255729,0.9273427689384447,-0.30502876903699544,,,,49,35.5313722911936,-6.121561969424409,19.1261171860687
1660857686.0980031,LIDAR_ONLY,11.533115930029657,22.95346033018607,44.711846501955705,0.08546141271861175,-0.19849828616583856,0.9248176004975268,-0.3130609894818597,,,,41,35.5313722911936,-6.121561969424409,19.1261171860687
1660857686.1900878,LIDAR_ONLY,11.602296877612217,22.973716046174964,44.72485483063401,0.1024490997357422,-0.19149395835754313,0.9226513157940552,-0.3186672172335807,,,,48,35.47579577310997,-6.230694559936392,19.17887682257977
1660857686.29069,LIDAR_ONLY,11.673092116743074,22.99467156661203,44.72223596614898,0.12306009743772907,-0.1925514501824209,0.9173967377056443,-0.3258272197013386,,,,41,35.435186244701114,-6.282423612951602,19.17875468024415
1660857686.39127,LIDAR_ONLY,11.739470964511758,23.017592279353764,44.75178621497391,0.14424526105459445,-0.1884126717853453,0.9138025834327214,-0.3296343554389986,,,,42,35.435186244701114,-6.282423612951602,19.17875468024415
1660857686.5019848,LIDAR_ONLY,11.810586861566588,23.03453141610156,44.7549222441217,0.1685046697351191,-0.19026365011071805,0.906914499612622,-0.3360238237333661,,,,49,35.37663958374661,-6.391496264835373,19.189407818370864
1660857686.592508,LIDAR_ONLY,11.869904114109612,23.046428093580783,44.744896848032056,0.17838949696683762,-0.19031481301921616,0.9058928834814565,-0.33363984020951687,,,,34,35.32987194054319,-6.4515890149083575,19.202105861532985
1660857686.7031922,LIDAR_ONLY,11.946205707441495,23.059983256742786,44.7690308381226,0.18467585909542053,-0.20316900338451369,0.9046289088113182,-0.32598116582703945,,,,56,35.32987194054319,-6.4515890149083575,19.202105861532985
1660857686.8037376,LIDAR_ONLY,12.027036585175033,23.07074518992654,44.79101655779877,0.1946718459122395,-0.2213762386625343,0.9018249797425097,-0.31592267927005807,,,,45,35.26319776978304,-6.572917884226334,19.211185947018393
1660857686.915911,LIDAR_ONLY,12.095353325991566,23.08062559945309,44.78200368427181,0.19791506756376345,-0.24010184628459658,0.900177482594262,-0.3047314051295273,,,,40,35.20430345618924,-6.610956470430329,19.214207584989175
1660857687.0064447,LIDAR_ONLY,12.175534389702708,23.09376982071299,44.788384971412775,0.2004549874079691,-0.25613128757429804,0.8988274037716955,-0.2938092234390144,,,,37,35.20430345618924,-6.610956470430329,19.214207584989175
1660857687.1075659,LIDAR_ONLY,12.256795697836425,23.110928070708383,44.78338605429642,0.19897163576916993,-0.2674929529928567,0.8995822927491283,-0.28215156712434547,,,,40,35.15085013828458,-6.7476094794896175,19.24736118396699
1660857687.2081413,LIDAR_ONLY,12.333353028486346,23.116069718025336,44.799305984185686,0.1998515441472684,-0.28164199011756574,0.8962621250219189,-0.2783008317554293,,,,38,35.03163103486874,-6.859314599634406,19.261320718123383
1660857687.2986734,LIDAR_ONLY,12.403898626766937,23.130554612366602,44.804043584822224,0.20206390176211658,-0.2812128469059305,0.8980615770950461,-0.2712469688038748,,,,46,35.03163103486874,-6.859314599634406,19.261320718123383
1660857687.4010258,LIDAR_ONLY,12.474748731062366,23.146310160576103,44.79639304708208,0.20764942598358538,-0.28026497822000385,0.8974899345859971,-0.2698982682212893,,,,50,34.962942347707674,-6.90515759746591,19.238848643543452
1660857687.5016065,LIDAR_ONLY,12.54679265165075,23.145042707711763,44.789149100478156,0.2075591783944636,-0.28267712655710786,0.8973239131639817,-0.26799743366254697,,,,38,34.962942347707674,-6.90515759746591,19.238848643543452
1660857687.602189,LIDAR_ONLY,12.622557503868045,23.153787064130405,44.77248948654273,0.21096510512654826,-0.2758560502497831,0.8998605925153373,-0.2639092230246603,,,,42,34.8703077010064,-7.022074912260699,19.255693622067497
1660857687.7128344,LIDAR_ONLY,12.68184109947821,23.151777705288147,44.77564678851734,0.20741463627439502,-0.2846789441005298,0.898000109494572,-0.2636908621714154,,,,41,34.811702373156315,-7.073738659033211,19.243441395172812
1660857687.804418,LIDAR_ONLY,12.747871585962343,23.153420407503543,44.77071995874681,0.2118653352104332,-0.28807574190573476,0.8968160625172054,-0.26047340876328856,,,,51,34.811702373156315,-7.073738659033211,19.243441395172812
1660857687.9050174,LIDAR_ONLY,12.81149612978152,23.15663661932875,44.78331478191842,0.21236817324002677,-0.29326393569084036,0.8962779150172784,-0.2560896758365966,,,,53,34.694202290737394,-7.155397943604306,19.252059531224074
1660857688.015617,LIDAR_ONLY,12.885228944450452,23.16570462014381,44.77206491703115,0.2089178755678314,-0.29622098305316985,0.8966157530751437,-0.2543356872417446,,,,37,34.64594136316914,-7.207305369629755,19.258656854709507
1660857688.107232,LIDAR_ONLY,12.928935794306575,23.169824895175474,44.76500424122095,0.20306266870891157,-0.2991355579034784,0.8987061702030342,-0.24821500803453536,,,,40,34.64594136316914,-7.207305369629755,19.258656854709507
1660857688.2096155,LIDAR_ONLY,12.987846992440396,23.17586639852846,44.76181490085527,0.2069008280795881,-0.30883106894668305,0.8954693112209076,-0.24484715815133165,,,,51,34.54533130739621,-7.323559184573122,19.2908337777007
1660857688.3102248,LIDAR_ONLY,13.045022933699487,23.18465196066946,44.73949008641958,0.2043311270477034,-0.30732843433433854,0.8971597391368147,-0.24269822092669346,,,,57,34.486888380257135,-7.372685353066418,19.295584953473544
1660857688.410815,LIDAR_ONLY,13.103965715528393,23.182824107034392,44.72671877063599,0.19667387971332045,-0.31043142085584974,0.8989595022302928,-0.23837686828589916,,,,37,34.486888380257135,-7.372685353066418,19.295584953473544
1660857688.511391,LIDAR_ONLY,13.163914740531139,23.17571630014755,44.742349706753515,0.19719970421467947,-0.32522809227424787,0.8942850910202599,-0.2357819769027771,,,,40,34.37889178175636,-7.452897435976964,19.303070331508515
1660857688.611998,LIDAR_ONLY,13.23281706574032,23.17430114678022,44.72588308611792,0.1924603762824547,-0.32777201321429944,0.8947140701872379,-0.23454475803915864,,,,44,34.3148960222802,-7.473534076443705,19.3034371972227
1660857688.7126703,LIDAR_ONLY,13.3069772323751,23.17788382209895,44.704609361094604,0.19138533006048927,-0.32998173441248546,0.8948094682388771,-0.23194767931976312,,,,45,34.3148960222802,-7.473534076443705,19.3034371972227
1660857688.8142097,LIDAR_ONLY,13.388042712004184,23.176564308072507,44.71282587456971,0.1878197712055801,-0.33087976233094674,0.896603418696154,-0.2265935259588609,,,,37,34.21076586948532,-7.5838920891158015,19.33694047592912
1660857688.9161854,LIDAR_ONLY,13.457733104822204,23.171436023996897,44.72086081808137,0.1849662203623638,-0.34184538435494677,0.8943037381535394,-0.22169811556412958,,,,40,34.137969143585124,-7.614333393996322,19.34661302173785
1660857689.016763,LIDAR_ONLY,13.536668791465987,23.175879381111965,44.707525233808035,0.18124349040120075,-0.3454412622080274,0.8936888972494393,-0.22167834013361795,,,,47,34.137969143585124,-7.614333393996322,19.34661302173785
1660857689.117322,LIDAR_ONLY,13.606243458298211,23.173695522242184,44.696636723816425,0.1724425376032649,-0.3596724667701688,0.8892529270494125,-0.22389399189451406,,,,41,34.02133293584293,-7.697433011301407,19.3518958495556
1660857689.2195964,LIDAR_ONLY,13.68494523824221,23.172475371893775,44.69877929417008,0.16154597658293943,-0.3559520145529059,0.893132167936355,-0.22252188967132847,,,,36,33.96148012438861,-7.742480594510724,19.37875496926987
1660857689.32021,LIDAR_ONLY,13.762312575515338,23.164310481423872,44.70637925838053,0.14403251875877857,-0.3628492726416769,0.893624437574177,-0.22142809996394805,,,,49,33.96148012438861,-7.742480594510724,19.37875496926987
1660857689.4208205,LIDAR_ONLY,13.821767598910812,23.17024735657112,44.69816618575514,0.12437446127781333,-0.3541195111353086,0.9010017842927358,-0.21754574212438704,,,,57,33.83785468634714,-7.8464907319114365,19.383723518283354
1660857689.5213954,LIDAR_ONLY,13.871459764331949,23.16966853889413,44.69898428495794,0.09921426618786416,-0.3523086314333516,0.9057909406185777,-0.21348988148311548,,,,55,33.78967849513339,-7.8819527726558425,19.388292764667497
1660857689.6219923,LIDAR_ONLY,13.918420301085039,23.17079785278291,44.69828594773824,0.06376568506311063,-0.3489024381666819,0.910261007154076,-0.2136022586599313,,,,56,33.692770610120405,-7.975037885053449,19.433905937470698
1660857689.7238533,LIDAR_ONLY,13.972197492123573,23.163145768867178,44.70445612061794,0.033677175661540104,-0.35130910052570186,0.9116466441521129,-0.21059002809600216,,,,48,33.692770610120405,-7.975037885053449,19.433905937470698
1660857689.8247783,LIDAR_ONLY,14.001745568442992,23.148366923394796,44.71195107697597,-0.010602560475579614,-0.34804046038633624,0.9145660098429449,-0.20572903850789612,,,,48,33.664104380202204,-7.996258224142643,19.41919640907641
1660857689.925342,LIDAR_ONLY,14.0413208363144,23.13957712318804,44.71522352470445,-0.04265083374066099,-0.33773702134300015,0.9186063657100066,-0.20069119480594613,,,,48,33.63933295186808,-8.012867825764433,19.426730987664023
1660857690.025934,LIDAR_ONLY,14.084475680659654,23.117375833622635,44.712061606011716,-0.06721067181361931,-0.3363741604121763,0.9174080796790475,-0.20173637535399508,,,,45,33.63933295186808,-8.012867825764433,19.426730987664023
1660857690.1265018,LIDAR_ONLY,14.122808884544549,23.083048736506765,44.71639483851279,-0.09762370679628951,-0.3412926133890537,0.9137957168861748,-0.19739896584811173,,,,54,33.58754756856319,-8.08617170142143,19.45621621336628
1660857690.2284784,LIDAR_ONLY,14.16059641610715,23.071951066642097,44.71345309842565,-0.11875914352093155,-0.33612061034589263,0.9152557244890235,-0.18768633386837774,,,,55,33.59292989024427,-8.099137360400874,19.481378432184144
1660857690.3290129,LIDAR_ONLY,14.207233618627136,23.057692515507934,44.7162955689312,-0.12515460276880314,-0.33437951072657385,0.9160926539240071,-0.18248539020565382,,,,58,33.50890654065356,-8.139909361001445,19.536187698110968
1660857690.4295402,LIDAR_ONLY,14.250302073266226,23.039663314182757,44.72702797334893,-0.13023750525918287,-0.3345158297692639,0.9173759558301059,-0.1719264596344757,,,,64,33.50890654065356,-8.139909361001445,19.536187698110968
1660857690.5303695,LIDAR_ONLY,14.293724523967132,23.018191020072603,44.74180571181256,-0.1361724175408304,-0.3390804580703689,0.9170594222373764,-0.15963562178136903,,,,60,33.46812038997025,-8.165500496841275,19.532942905267642
1660857690.6309361,LIDAR_ONLY,14.324182560798304,22.999473764846822,44.75329475684895,-0.14158692201282178,-0.3408392675156465,0.9162677509887376,-0.1556764135390253,,,,70,33.428618540068285,-8.165178946293679,19.537230239777255
1660857690.7314942,LIDAR_ONLY,14.352552040368113,22.9810356436225,44.764673374363426,-0.14240610285429042,-0.3435337419408156,0.915838689900595,-0.1514746318667134,,,,91,33.36799134240787,-8.234613668688475,19.594332824429298
1660857690.8320982,LIDAR_ONLY,14.378608843796354,22.95708478696682,44.77943427365856,-0.1427890230247311,-0.3517876297322969,0.914009962150855,-0.14297743724087364,,,,93,33.36799134240787,-8.234613668688475,19.594332824429298
1660857690.9326649,LIDAR_ONLY,14.393762318095888,22.938213855866703,44.7994839154096,-0.14549581885071045,-0.3538043735372781,0.9135642908603285,-0.1380352072035272,,,,73,33.34575905530067,-8.260765879114414,19.620300177465722
1660857691.0346868,LIDAR_ONLY,14.412020808001126,22.92547323896573,44.81247934093811,-0.1459351163951655,-0.35663241836525306,0.9128059424189702,-0.1352833007369948,,,,77,33.319827716505266,-8.273918816358849,19.63250868048403
1660857691.135213,LIDAR_ONLY,14.440944908353831,22.91440463186935,44.82575643016789,-0.14279258476677242,-0.36029245727320297,0.9122232257623825,-0.13284731592070204,,,,87,33.319827716505266,-8.273918816358849,19.63250868048403
1660857691.236837,LIDAR_ONLY,14.468299249597809,22.90663741846538,44.83435046051166,-0.14169432098690216,-0.3612325315873838,0.9127273824350469,-0.12791599929757907,,,,78,33.31154725909421,-8.31470888579833,19.68833944461288
1660857691.3389885,LIDAR_ONLY,14.486554079207124,22.897907002280338,44.84455201174288,-0.1397321261302111,-0.3617207744336542,0.9136303385476268,-0.12211723365519435,,,,89,33.28255705665434,-8.319119932976342,19.683396604585177
1660857691.4402506,LIDAR_ONLY,14.50771435211373,22.896727281561027,44.85956320456679,-0.1379706357204271,-0.35854700537221246,0.9160270897659615,-0.1153365485543201,,,,91,33.24692749489271,-8.357588621212182,19.696279839246827
1660857691.542727,LIDAR_ONLY,14.522007620596124,22.893309820429597,44.87373208435334,-0.13959574318247248,-0.35910928777123585,0.9159455626984412,-0.11223757879963774,,,,63,33.22971044811106,-8.375434040590763,19.714637697848197
1660857691.643323,LIDAR_ONLY,14.532909715742774,22.90217214288695,44.87482850833734,-0.1384355550576768,-0.3628018382462353,0.9146423082862056,-0.11242718156169886,,,,93,33.22971044811106,-8.375434040590763,19.714637697848197
1660857691.743919,LIDAR_ONLY,14.536741582545098,22.91671923504451,44.8777313589587,-0.13868165462901666,-0.36498130054195815,0.9141287844553869,-0.10919988257400225,,,,62,33.21096036490664,-8.373267719276503,19.725778922314486
1660857691.8463888,LIDAR_ONLY,14.54135968319995,22.931445948325507,44.88648089785358,-0.13733222056830774,-0.3594043417048022,0.9166838878626331,-0.10797698870853566,,,,90,33.19565360480434,-8.414888375456076,19.74098191955577
1660857691.9369185,LIDAR_ONLY,14.541295170216193,22.939194507899288,44.88847278170666,-0.13701514749492658,-0.35891894956673803,0.9162516906605829,-0.11352037861316643,,,,45,33.19565360480434,-8.414888375456076,19.74098191955577
1660857692.0475595,LIDAR_ONLY,14.540496008697781,22.947690685585304,44.88447440222847,-0.13480575000594275,-0.3581451024722148,0.9153247373259152,-0.12545963725336745,,,,103,33.19445118700244,-8.44227833105704,19.734169141109295
1660857692.1481428,LIDAR_ONLY,14.528959012346377,22.948983711403663,44.885006523490716,-0.13482672299431323,-0.35006202086759497,0.9158490233429989,-0.14317437883359327,,,,101,33.191469494545956,-8.455434375691741,19.728620000391725
1660857692.2488933,LIDAR_ONLY,14.520629974376215,22.94940207599129,44.877415256373766,-0.13436819444636597,-0.3400844722770233,0.9146613671932687,-0.17228558674892858,,,,34,33.18377588227292,-8.465661103219341,19.724498893612097
1660857692.349438,LIDAR_ONLY,14.524076756120852,22.938438200239922,44.87497204306269,-0.13496912454761492,-0.3210037768312829,0.9148491448807247,-0.2044283561297437,,,,61,33.18377588227292,-8.465661103219341,19.724498893612097
1660857692.4415298,LIDAR_ONLY,14.534056521378162,22.925678033646957,44.87105428468286,-0.13583332513752963,-0.3022684338920221,0.911006951568372,-0.24545760499248837,,,,56,33.18031923922961,-8.450491413249292,19.68863254206237
1660857692.5521705,LIDAR_ONLY,14.54816363673462,22.908698133739332,44.87437666969875,-0.13378483759922988,-0.2764717613640778,0.9072829990093302,-0.2872325575303539,,,,38,33.18405798134142,-8.437623431789342,19.687388242380965
1660857692.652693,LIDAR_ONLY,14.554120676748138,22.890118062817688,44.87496491326928,-0.13467881405952925,-0.25181934533610706,0.8979490701972693,-0.33486728966841883,,,,51,33.18405798134142,-8.437623431789342,19.687388242380965
1660857692.7432728,LIDAR_ONLY,14.555137265598963,22.874429687985156,44.86469691208109,-0.13163337598010985,-0.22825106013847557,0.8876041342927004,-0.3778002232136014,,,,56,33.16786171263316,-8.445791985307773,19.702239233770875
1660857692.8539772,LIDAR_ONLY,14.555261874796761,22.854874339900626,44.8606948181054,-0.12343251709795126,-0.20431396341115418,0.8745681900117019,-0.4220790199687082,,,,54,33.1619391063381,-8.4438375619999,19.742409665331067
1660857692.954583,LIDAR_ONLY,14.548673971933876,22.836767566064758,44.85724768494207,-0.12287642831468647,-0.1820635450301382,0.8627858328747859,-0.4553623343297584,,,,39,33.128564831511554,-8.441336874805886,19.751782989237483
1660857693.055169,LIDAR_ONLY,14.554873646959418,22.831025820959518,44.83766816900465,-0.12100453030887108,-0.16898907171616895,0.8523742772634673,-0.4798527781985001,,,,48,33.128564831511554,-8.441336874805886,19.751782989237483
1660857693.1472092,LIDAR_ONLY,14.553674522426698,22.823075559950862,44.83261247977279,-0.11256083743771317,-0.1640354902019746,0.8458594394272244,-0.49491840192235775,,,,45,33.12894961834566,-8.416345014939823,19.757745223288204
1660857693.2588167,LIDAR_ONLY,14.552075562092947,22.82785727146051,44.82902142307634,-0.10859307411859395,-0.15599017447133515,0.8436453832196872,-0.5021325294122891,,,,41,33.14276414100784,-8.403133099979508,19.786578598514392
1660857693.3593833,LIDAR_ONLY,14.553684968265268,22.83751505035132,44.82065874016113,-0.1067791833527566,-0.15482618114606858,0.8421650364178237,-0.5053564198361477,,,,49,33.13264114561448,-8.381444323686194,19.78169375443569
1660857693.461007,LIDAR_ONLY,14.556701676390404,22.84240235206833,44.820064850213576,-0.1060257146732387,-0.15641513821371544,0.8421366419759998,-0.5050729933455164,,,,59,33.13264114561448,-8.381444323686194,19.78169375443569
1660857693.5515099,LIDAR_ONLY,14.559609547040516,22.842078081193318,44.82415928367436,-0.10632373788943525,-0.15753909771145813,0.8403644514951628,-0.5076064263942219,,,,60,33.13769828963559,-8.396045103048834,19.77227491642633
1660857693.6621404,LIDAR_ONLY,14.558891955709244,22.836298175833406,44.834473964857956,-0.10194281927880613,-0.15516512737695426,0.841696437872156,-0.5070291424730006,,,,95,33.12292751683247,-8.398686289513131,19.763887310596555
1660857693.7526166,LIDAR_ONLY,14.56006582797968,22.838301176931513,44.83590943340233,-0.10116733965359868,-0.15072632333425215,0.8436310911940327,-0.5053051818577737,,,,75,33.12292751683247,-8.398686289513131,19.763887310596555
1660857693.8632672,LIDAR_ONLY,14.56634719720095,22.84529498108506,44.833784827065024,-0.10472008670802259,-0.1490121561405772,0.8430306368554014,-0.5060913218830932,,,,117,33.139526559352475,-8.394225478347405,19.780069626574832
1660857693.9948864,LIDAR_ONLY,14.566313037706774,22.839745196630766,44.84363723534501,-0.10183961640594007,-0.14647412602483573,0.8402870613503847,-0.5119489012222672,,,,78,33.12746385830881,-8.418486107585307,19.77112332995596
1660857694.075363,LIDAR_ONLY,14.574755618764163,22.841925435213035,44.837480922892524,-0.09976352428969493,-0.137386165936504,0.8339436112826506,-0.5250812640262633,,,,77,33.14725907363426,-8.40581950880936,19.78866297152291
1660857694.1658924,LIDAR_ONLY,14.576275050122042,22.82827955521545,44.84133235700199,-0.097121317130638,-0.12215197616564435,0.8229522605716492,-0.546256278039576,,,,45,33.14725907363426,-8.40581950880936,19.78866297152291
1660857694.2664442,LIDAR_ONLY,14.58067001000548,22.812112689038315,44.838245749449705,-0.09125643140895397,-0.0987171240608741,0.8071442392021916,-0.5748437790098875,,,,43,33.14963218472448,-8.396115994503251,19.788985879520705
1660857694.367012,LIDAR_ONLY,14.589100805967778,22.78954887045001,44.82952832554359,-0.08884511769188663,-0.07511185207352865,0.7851219767002128,-0.6083159018493186,,,,30,33.107168424610784,-8.410923136371682,19.786849864264898
1660857694.4675663,LIDAR_ONLY,14.60049161541034,22.767861586153234,44.829516778306626,-0.08819935083963086,-0.0505300002121743,0.7599252642463497,-0.6420133848683696,,,,21,33.107168424610784,-8.410923136371682,19.786849864264898
1660857694.5681677,LIDAR_ONLY,14.611003298537842,22.762392982779286,44.83894014521156,-0.09085225771654523,-0.022578187336558492,0.7458231647313635,-0.6595330921754385,,,,24,33.10786546462823,-8.396740019596685,19.79197308715523
1660857694.6706333,LIDAR_ONLY,14.640383662286926,22.77301905976196,44.85190121214221,-0.08074303195436362,-0.008127784918214776,0.7380244035917222,-0.6698764674223321,,,,26,33.0804873022231,-8.39500719880334,19.82688018894812
1660857694.7712376,LIDAR_ONLY,14.673756077117645,22.78738826012282,44.87533380537286,-0.07289929672193383,-0.0018640045907642993,0.7327294977113279,-0.6766015823274716,,,,32,33.0765144314666,-8.411676559171186,19.865639769460397
1660857694.8718145,LIDAR_ONLY,14.703519116656885,22.803358067695903,44.892310494987576,-0.06987112764382639,-0.0003134544762273167,0.7334844016331529,-0.6761054354380885,,,,27,33.0765144314666,-8.411676559171186,19.865639769460397
1660857694.9723864,LIDAR_ONLY,14.737204597086755,22.833398497145602,44.913896282297664,-0.06807823814948892,-0.011568291213502713,0.7344829577461532,-0.675104668114007,,,,34,33.047446971595605,-8.457158393624848,19.875449942913793
1660857695.0730772,LIDAR_ONLY,14.76451316908894,22.878631066814314,44.95795730910103,-0.06697397935497215,-0.011670849019489754,0.7394173212336812,-0.6698061678068749,,,,43,33.05452338354934,-8.506808495485114,19.866973584110653
1660857695.1746025,LIDAR_ONLY,14.785968537202859,22.914390232886536,44.991610962035196,-0.06378250604535318,-0.012864005553810433,0.7450558529824985,-0.66382082312941,,,,23,33.05452338354934,-8.506808495485114,19.866973584110653
1660857695.2651258,LIDAR_ONLY,14.80226401988001,22.94779358268335,45.02020574965853,-0.06583570514016814,-0.016115586057764156,0.7499746880257675,-0.657984737767803,,,,39,33.060480120861286,-8.598389756315497,19.837653176242746
1660857695.375739,LIDAR_ONLY,14.819775610154315,22.99019822931843,45.05576842143312,-0.0672909143669372,-0.01892504494713125,0.7570310828922667,-0.6496289056471954,,,,37,33.07875059018528,-8.653485700178017,19.82111933516773
1660857695.4763255,LIDAR_ONLY,14.833026890103204,23.029410315243396,45.09219930643543,-0.07179730973715832,-0.02822357941974388,0.7635871373270519,-0.6410797607068267,,,,32,33.133797812754665,-8.761745332432893,19.758425310039758
1660857695.5768929,LIDAR_ONLY,14.851341329077846,23.05848586158884,45.09834125676829,-0.07091391640790069,-0.03461794000403837,0.773229270450028,-0.6291973537840793,,,,44,33.133797812754665,-8.761745332432893,19.758425310039758
1660857695.7090237,LIDAR_ONLY,14.865599071987418,23.08025373361619,45.11695012894637,-0.07856400740329364,-0.044561226607765195,0.7799952592753077,-0.6192329039480965,,,,42,33.13558183450447,-8.824415071987085,19.73248806988233
1660857695.7794423,LIDAR_ONLY,14.883147101312117,23.11212401660444,45.14663335827584,-0.07144372475377549,-0.049136880289786085,0.7899164483356831,-0.607053017320097,,,,43,33.1598107225799,-8.874430138478335,19.667085410892486
1660857695.880033,LIDAR_ONLY,14.908031060273439,23.1493166348945,45.16025192136013,-0.07079225966020747,-0.0513890576417655,0.7947294605775906,-0.6006269268164266,,,,54,33.1598107225799,-8.874430138478335,19.667085410892486
1660857695.9806721,LIDAR_ONLY,14.922672314081293,23.17374873052814,45.17702308859474,-0.07441181265408135,-0.05729876050866586,0.7975762038589295,-0.5958623441867122,,,,66,33.188794198520476,-8.937141785724663,19.64091044844512
1660857696.0812168,LIDAR_ONLY,14.939972251661278,23.20059932781173,45.19203985914085,-0.07607532420542078,-0.06543000045012431,0.8003980383224938,-0.591011370734642,,,,82,33.25185538842609,-8.975511861637761,19.633707503108898
1660857696.183128,LIDAR_ONLY,14.959985951312275,23.23502698885523,45.207876387182935,-0.07426722893206628,-0.06743303149686801,0.803460984460685,-0.5868454749074592,,,,59,33.32910745617644,-9.039492219451986,19.6198487128392
1660857696.2737107,LIDAR_ONLY,14.972673543062564,23.257556827923374,45.214176136302356,-0.07064182043517213,-0.06839104337895935,0.8064209738118733,-0.5831102909291279,,,,62,33.32910745617644,-9.039492219451986,19.6198487128392
1660857696.38433,LIDAR_ONLY,14.987403116610373,23.280897077266836,45.21962720110976,-0.07267138771485282,-0.07139696336748769,0.8064011380284621,-0.582527722615757,,,,67,33.3673799944555,-9.061795575300858,19.60495855103761
1660857696.4849076,LIDAR_ONLY,14.997838666067075,23.30103295949,45.222535065326994,-0.07085242479183283,-0.07139157577996008,0.8063876840892166,-0.5827710354487445,,,,67,33.372182600648955,-9.109091160470642,19.572726200443604
1660857696.5855026,LIDAR_ONLY_SAFE,15.005087115793492,23.312966048122785,45.22737494730884,-0.0705588542152904,-0.06736424411446601,0.8012571738792801,-0.5903138555156074,,,,19,33.372182600648955,-9.109091160470642,19.572726200443604
1660857696.6861303,LIDAR_ONLY,15.003307052697645,23.314074156982777,45.24375074169241,-0.06934226266386677,-0.05390658674461546,0.7940561540834069,-0.6014653395470677,,,,73,33.388458721676436,-9.156451287122382,19.512956267856723
1660857696.7866693,LIDAR_ONLY,15.00775727461399,23.316063890583777,45.25294709599691,-0.06355364092554444,-0.03936629451889743,0.7812884936077508,-0.6196769475598477,,,,61,33.39884967607527,-9.16928640564954,19.493797269049157
1660857696.887266,LIDAR_ONLY,15.017965776174094,23.321164221106223,45.25107125533681,-0.06252031852176976,-0.01962100096426345,0.763830020690248,-0.642082491262168,,,,31,33.39884967607527,-9.16928640564954,19.493797269049157
1660857696.9878616,LIDAR_ONLY,15.034455051542517,23.32311593889545,45.25085480353353,-0.055450652547280994,0.00270427000856238,0.7363248414139341,-0.6743468246922695,,,,44,33.41165575687582,-9.181536810079239,19.48135492211647
1660857697.0884416,LIDAR_ONLY_SAFE,15.053044210539127,23.31762937884474,45.25001195167432,-0.04711643453627472,0.026775967770813865,0.7030971111169452,-0.7090257692676137,,,,13,33.425973956970566,-9.189499498750266,19.488028041202707
1660857697.1898854,LIDAR_ONLY,15.05969856264318,23.304553702992965,45.24493099220643,-0.04484596732361906,0.05469968699521241,0.6714934769179872,-0.7376267985329894,,,,23,33.42306268056297,-9.206980290535535,19.475070334166904
1660857697.2904403,LIDAR_ONLY,15.076798965153538,23.288739761450707,45.236555730080354,-0.03648078356933824,0.07525113339583067,0.6373470095165531,-0.7660255927925103,,,,23,33.42306268056297,-9.206980290535535,19.475070334166904
1660857697.3910406,LIDAR_ONLY,15.092820795855499,23.284508111663897,45.22932829038343,-0.029025897294453526,0.1010803659693577,0.6022550730622223,-0.7913463741450831,,,,23,33.41307683760759,-9.218567644999702,19.480946152546377
1660857697.4916239,LIDAR_ONLY,15.107352604240333,23.291216295236246,45.23457686016894,-0.014246154139078556,0.13292108290845858,0.5703338891562639,-0.8104617743549531,,,,25,33.407225345872895,-9.227368449849541,19.488886401381443
1660857697.5938091,LIDAR_ONLY,15.124398121697103,23.337357421257384,45.239021931102904,0.04008948257005699,0.18077651021542335,0.5485538653379939,-0.815353508341225,,,,24,33.407225345872895,-9.227368449849541,19.488886401381443
1660857697.7044399,LIDAR_ONLY_SAFE,15.139321089929613,23.383143874004332,45.235960829863394,0.07415070334535166,0.22208443711367945,0.5162327366205586,-0.8238227586238067,,,,14,33.382985643098166,-9.248979225691087,19.50177739926012
1660857697.7954445,LIDAR_ONLY_SAFE,15.146907686947648,23.406002909367263,45.23760327580469,0.08683900185872673,0.26065987158410575,0.47949681332214455,-0.8334255966286649,,,,17,33.411607698413945,-9.269762323115813,19.49766932633701
1660857697.8868556,LIDAR_ONLY,15.151697880586914,23.41046919615259,45.25123744226409,0.08690744656698662,0.29057905191108013,0.442609267213827,-0.8438648866365416,,,,26,33.411607698413945,-9.269762323115813,19.49766932633701
1660857697.9897895,LIDAR_ONLY,15.169432417111638,23.40792644367681,45.261667391925364,0.08600433311836625,0.31121278745958597,0.4018143434906986,-0.8569101988957994,,,,24,33.39379847042917,-9.322889198097137,19.462602214787722
1660857698.0903296,LIDAR_ONLY,15.180331124982748,23.402467061669864,45.273386736699045,0.08462780005408255,0.32748731939372844,0.3575355892375721,-0.870493247258621,,,,22,33.421717618702836,-9.33030440244529,19.446374179503287
1660857698.2009783,LIDAR_ONLY,15.188832808318006,23.412706366250514,45.26624934824266,0.07349986964403527,0.34243553341112004,0.32404961097631113,-0.8788216680566389,,,,20,33.422712886592485,-9.370132791127746,19.445145766429402
1660857698.2933471,LIDAR_ONLY,15.180060940321772,23.440814847214344,45.27171655596829,0.06608582535980598,0.3500718116258406,0.2971818410882308,-0.8858698232352905,,,,29,33.422712886592485,-9.370132791127746,19.445145766429402
1660857698.393996,LIDAR_ONLY,15.163743354735905,23.48283328169978,45.2643915549504,0.07142021623544915,0.35940689811084764,0.2831036515165004,-0.8863284700387575,,,,23,33.42775276643749,-9.382127364438109,19.457000914596563
1660857698.514688,LIDAR_ONLY,15.144938957030412,23.516180843850485,45.26340133444229,0.07809435163033014,0.36501640227349674,0.2749962144662765,-0.886025609304815,,,,34,33.441679906652844,-9.382073260252064,19.44781783278666
1660857698.5951667,LIDAR_ONLY,15.122522131673204,23.55179305784224,45.25082012629087,0.08206599087250857,0.3649379923879703,0.28019011890758905,-0.8840695290080426,,,,38,33.441679906652844,-9.382073260252064,19.44781783278666
1660857698.7057965,LIDAR_ONLY,15.086143144990963,23.603821275442076,45.237054066310144,0.09465270295219494,0.35215156937913683,0.2857473405843638,-0.886215885299185,,,,41,33.49794669199519,-9.348031080665953,19.40093339714432
1660857698.7979174,LIDAR_ONLY,15.044588014464896,23.64857944740521,45.22401383752673,0.09535706028089287,0.3483431457754956,0.3037917696160885,-0.8816318078196497,,,,26,33.49794669199519,-9.348031080665953,19.40093339714432
1660857698.8984962,LIDAR_ONLY,15.007267685764072,23.707920078802697,45.214509256910944,0.10251083248748977,0.34317386562378394,0.3193311487479697,-0.8773544577961938,,,,33,33.535947833809495,-9.335864652197841,19.372513306910207
1660857699.0092099,LIDAR_ONLY,14.976846510290382,23.778073637553742,45.20019029373696,0.10486638343709835,0.3394687569090974,0.33297262717009374,-0.8734375960896471,,,,26,33.59815591851402,-9.271955385771879,19.304869845106875
1660857699.0997443,LIDAR_ONLY_SAFE,14.933977100802117,23.861028009458213,45.19366817731779,0.11750129184228027,0.34260160817300067,0.34680038963576015,-0.8651861500516257,,,,19,33.59815591851402,-9.271955385771879,19.304869845106875
1660857699.2103968,LIDAR_ONLY,14.90504564213745,23.931425149109657,45.1740364676666,0.11831239243522088,0.3481078011278532,0.35527820242255287,-0.8594187195270911,,,,28,33.67295303158433,-9.195992779939377,19.216482638640123
1660857699.3311114,LIDAR_ONLY,14.870259860879369,24.00561670633817,45.16181574457308,0.12086679708760854,0.35876710206331613,0.35308539331525046,-0.855574712615028,,,,27,33.71553878366888,-9.165808095775287,19.164825080789196
1660857699.4215276,LIDAR_ONLY,14.839863430425394,24.070745806729306,45.14497949822333,0.11917950610924534,0.3728978330424267,0.3483099906819794,-0.8517180295302773,,,,36,33.71553878366888,-9.165808095775287,19.164825080789196
1660857699.512088,LIDAR_ONLY,14.798343192087673,24.155104621916458,45.12672897757414,0.12784214154422455,0.38645609130356684,0.3382529589434392,-0.848465091860451,,,,24,33.79836364596168,-9.106248566978081,19.065946316193298
1660857699.6227295,LIDAR_ONLY,14.76855445443175,24.22954525379327,45.10448929763234,0.13940571915009722,0.3937302659161916,0.32816336907262394,-0.8472610733231607,,,,23,33.79836364596168,-9.106248566978081,19.065946316193298
1660857699.7036293,LIDAR_ONLY,14.735757563577378,24.300786834114483,45.061837661303684,0.1460224313373156,0.4152089254226465,0.3231032565187721,-0.8377847476665319,,,,26,33.85599956256053,-9.051557992296264,18.939481953654624
1660857699.8158758,LIDAR_ONLY,14.692429787015854,24.383563941617517,45.01702881461387,0.15935176711228857,0.42153010003062125,0.3207592622939467,-0.8330863609128459,,,,28,33.85599956256053,-9.051557992296264,18.939481953654624
1660857699.9080048,LIDAR_ONLY,14.644026653556782,24.462601142243283,44.98507133038503,0.17879799475110641,0.42758400818428743,0.3186757206941736,-0.8268306828233285,,,,40,33.88366496471509,-9.021877548171744,18.866016497175995
1660857700.0186276,LIDAR_ONLY,14.612234739606084,24.518651593232136,44.93928655595872,0.1951781844689639,0.44036728409917963,0.3249256432814804,-0.8138829508846023,,,,34,33.9577561366474,-8.940003332142759,18.74394299377149
1660857700.1092386,LIDAR_ONLY,14.575085414618497,24.60592273654259,44.88027245021022,0.21761880377311715,0.44062268751124767,0.33571193926460174,-0.8036113471883803,,,,30,33.9577561366474,-8.940003332142759,18.74394299377149
1660857700.2106092,LIDAR_ONLY,14.5067797421439,24.700955156034578,44.85039210323202,0.22747911981754707,0.43319494015894827,0.33425562690391736,-0.8055237859621455,,,,21,34.00546024176115,-8.830917118982216,18.607244993163434
1660857700.3212705,LIDAR_ONLY,14.461578536596928,24.776523267828846,44.799345940446784,0.23616782318191323,0.4451933015824906,0.33560918131665674,-0.7958606416550336,,,,40,34.00546024176115,-8.830917118982216,18.607244993163434
1660857700.4117897,LIDAR_ONLY,14.42644712186089,24.842714903758367,44.74941947196698,0.25182752684920456,0.4444769676736402,0.34486138345878375,-0.7874603152715396,,,,27,34.003696962167936,-8.771994374406216,18.521492538173312
1660857700.5138502,LIDAR_ONLY,14.384369049427196,24.907859646185603,44.68592623147393,0.25792931744482445,0.44689381256600974,0.3488990803320347,-0.7823220687390351,,,,28,34.003696962167936,-8.771994374406216,18.521492538173312
1660857700.6154351,LIDAR_ONLY,14.349623461617703,24.97315861493197,44.62405179495296,0.2644341283207068,0.4397676533266441,0.3536100025393801,-0.782073506117516,,,,33,34.02019675610181,-8.643173459652537,18.32421473747236
1660857700.7160504,LIDAR_ONLY,14.302607976937079,25.04117831020903,44.57261168161498,0.26561323949789095,0.44361871620549237,0.355927567795784,-0.7784392128603264,,,,43,34.04544971806402,-8.513341198174976,18.156427322745415
1660857700.8181195,LIDAR_ONLY,14.276360574086961,25.09947111882698,44.52167984074724,0.2681129051849528,0.4471573008938546,0.35824951914255926,-0.7744824726000793,,,,41,34.04544971806402,-8.513341198174976,18.156427322745415
1660857700.9186823,LIDAR_ONLY,14.251235770198965,25.17675891069666,44.47556593054451,0.2797069928112415,0.4376807838429101,0.36069612394000816,-0.7746598194057843,,,,27,34.04413412047883,-8.384491159653226,18.019910473586428
1660857701.0425663,LIDAR_ONLY,14.234658177135143,25.24140158158179,44.42471227170177,0.2830249342594011,0.43814806261070127,0.36187901532478645,-0.7726362275259385,,,,41,34.0715639155118,-8.310916877636961,17.953027065461196
1660857701.1331408,LIDAR_ONLY,14.218662952391554,25.294327962152465,44.38642201104757,0.28667501841107323,0.42972573854299007,0.36709365521894216,-0.7735602573495415,,,,55,34.0715639155118,-8.310916877636961,17.953027065461196
1660857701.223692,LIDAR_ONLY,14.188805220781909,25.358179744176766,44.36021266115653,0.287279266719321,0.4268823689700734,0.3706816334822939,-0.7731993226682276,,,,51,34.08353727572456,-8.20870265631077,17.808117635667973
1660857701.3347502,LIDAR_ONLY,14.16602632931542,25.407634887640267,44.31322231667744,0.2934010906506292,0.42005061124977466,0.3750731476218627,-0.7725240565359375,,,,34,34.08533505297229,-8.160172740093266,17.73459438134113
1660857701.4252713,LIDAR_ONLY,14.147408942800022,25.45459428167886,44.26084775116128,0.2950239466776322,0.4177217334750817,0.38237274326047144,-0.7695846343845414,,,,26,34.08533505297229,-8.160172740093266,17.73459438134113
1660857701.5266433,LIDAR_ONLY,14.11013244588804,25.510950756512603,44.24086926704361,0.29827164611072476,0.4126707861914047,0.38607236176311516,-0.7692106205930966,,,,42,34.12240627131295,-8.061033291061284,17.593519255301217
1660857701.6284356,LIDAR_ONLY,14.083330782134578,25.56771928025729,44.211688981708924,0.300090880060519,0.4110337285993526,0.3866511821442272,-0.7690888121697577,,,,46,34.12240627131295,-8.061033291061284,17.593519255301217
1660857701.7290318,LIDAR_ONLY,14.083863961238611,25.617737988437604,44.14879982589437,0.3006948596438118,0.4029677070125109,0.39032558577277465,-0.7712623195644969,,,,33,34.12066537285994,-8.002047546823196,17.5370642007065
1660857701.8296196,LIDAR_ONLY,14.06363502592476,25.67808193951657,44.103437811955395,0.2965556248639554,0.4031509490307818,0.3920090691116977,-0.7719151270646983,,,,26,34.131573305123275,-7.893332814186216,17.405137980286383
1660857701.9302132,LIDAR_ONLY,14.048335988842428,25.74022902235121,44.06537663288297,0.30048039209969535,0.3958104414526213,0.3936811489678168,-0.7733438959144074,,,,35,34.131573305123275,-7.893332814186216,17.405137980286383
1660857702.031578,LIDAR_ONLY,14.033143053652351,25.805853142507747,44.0210919968426,0.3070412591544974,0.3873690170206049,0.39616570130706885,-0.7737723482634861,,,,39,34.135838425774914,-7.826665474965681,17.282989683944077
1660857702.132333,LIDAR_ONLY,14.00867041269801,25.868826022396444,43.96134252570352,0.30099530412419484,0.3845174438691489,0.4023282352359125,-0.7743901816187209,,,,43,34.135838425774914,-7.826665474965681,17.282989683944077
1660857702.243356,LIDAR_ONLY,13.979923450582397,25.94654745651534,43.921030795090296,0.3065755526893141,0.36706917203842054,0.4098817800522085,-0.7767036628042275,,,,37,34.13962756011458,-7.779641579892654,17.224125639937817
1660857702.3439639,LIDAR_ONLY,13.949169411328565,26.024932699078644,43.887705165499845,0.3071252865421543,0.36911167917866833,0.40657578594290283,-0.7772559147058417,,,,51,34.13962756011458,-7.779641579892654,17.224125639937817
1660857702.474755,LIDAR_ONLY,13.936119147288432,26.089356852456735,43.839524737643586,0.3071280026355195,0.36543554204424716,0.4079422474811174,-0.778275258072617,,,,53,34.15291959362737,-7.699009061648916,17.08899203247295
1660857702.5573995,LIDAR_ONLY,13.936123110904546,26.165162551792175,43.78636210532541,0.30833407455063777,0.34973308878069487,0.4069290916916706,-0.7855097576847206,,,,51,34.15291959362737,-7.699009061648916,17.08899203247295
1660857702.6386235,LIDAR_ONLY,13.916408123456668,26.248622867226196,43.75712804141387,0.3021588666042896,0.3456243927597947,0.4086571115253825,-0.7888239116948506,,,,43,34.158906672978254,-7.597508095973973,16.952629819938483
1660857702.7593362,LIDAR_ONLY,13.913018991451871,26.31243154800013,43.711936999959036,0.29317793531188113,0.3212921023756049,0.40734854637553825,-0.8030474736670692,,,,44,34.158906672978254,-7.597508095973973,16.952629819938483
1660857702.8498702,LIDAR_ONLY,13.895305527071166,26.36909667083635,43.68496623405253,0.2768416980888185,0.30463737100454097,0.4079557516673405,-0.8149397837069169,,,,41,34.158906672978254,-7.597508095973973,16.952629819938483
1660857702.9504611,LIDAR_ONLY,13.87959717094202,26.40979047220579,43.654064535790184,0.2534153874605442,0.2813548366530771,0.4059983033938152,-0.8317364215492106,,,,46,34.17981492470427,-7.515019485734132,16.84258950450919
1660857703.0612872,LIDAR_ONLY,13.856619103948198,26.455923955759225,43.62462611305204,0.23007509231705556,0.2637178917686983,0.4056104957661197,-0.8443923561832699,,,,48,34.17981492470427,-7.515019485734132,16.84258950450919
1660857703.1518474,LIDAR_ONLY,13.843560876787928,26.494117700492982,43.612361945347445,0.2079858358663658,0.23278810711921313,0.40059005210047205,-0.8614401891141161,,,,49,34.20523994152103,-7.456807350072898,16.6992820349398
1660857703.252526,LIDAR_ONLY,13.829903104904796,26.52444664839831,43.60562418152117,0.17990138223148103,0.21065777297837351,0.3967666877727676,-0.8751199865326023,,,,46,34.20523994152103,-7.456807350072898,16.6992820349398
1660857703.3537583,LIDAR_ONLY,13.8238377423957,26.56408701332271,43.601010527334424,0.16514505585206343,0.18582885121597695,0.39284922878136846,-0.8853610743810987,,,,47,34.18982795514194,-7.413282797134067,16.61130864487368
1660857703.454344,LIDAR_ONLY,13.815086480375157,26.60031289943441,43.58701082818714,0.14372327704323296,0.16829103552785854,0.3891899195614036,-0.8941772494917902,,,,33,34.18982795514194,-7.413282797134067,16.61130864487368
1660857703.5549698,LIDAR_ONLY,13.801552727472382,26.627877782894114,43.583267830301985,0.12271293529397442,0.1515127357790287,0.3885449833563927,-0.9005655014027972,,,,52,34.20511859882253,-7.384755301888862,16.616254136564905
1660857703.6491606,LIDAR_ONLY,13.791409589831241,26.672310493491807,43.583073239984884,0.10869777955303732,0.13572165855093601,0.38769174955317287,-0.9052400407896364,,,,29,34.20511859882253,-7.384755301888862,16.616254136564905
1660857703.759917,LIDAR_ONLY,13.771061789106984,26.72658558347308,43.592304232846985,0.10138520035576433,0.1304003652122984,0.3908155301440028,-0.9055274746243666,,,,70,34.2648847715399,-7.3720356587872375,16.6241251811008
1660857703.8807003,LIDAR_ONLY,13.758344060701118,26.780729624470485,43.59796581607514,0.09654076129980461,0.12468664488304164,0.3916273840013698,-0.9065104048469097,,,,53,34.2648847715399,-7.3720356587872375,16.6241251811008
1660857703.961458,LIDAR_ONLY,13.743662753657777,26.825348817251996,43.60496656341387,0.09234415482580885,0.11984932243307483,0.3921172771915213,-0.9073878651986413,,,,81,34.2800733679557,-7.34038691602865,16.585130641009307
1660857704.0751371,LIDAR_ONLY,13.725457696191528,26.876318924481264,43.61690504987848,0.08487132021849726,0.11518063817148717,0.3961188367863819,-0.9069840939827898,,,,89,34.2800733679557,-7.34038691602865,16.585130641009307
1660857704.175771,LIDAR_ONLY,13.70478069102775,26.93462969165609,43.6427630436252,0.08580664737470987,0.10931810802485481,0.39879920367190963,-0.9064468907083466,,,,72,34.35590504815559,-7.295392301521333,16.539859368365754
1660857704.2663913,LIDAR_ONLY,13.686896021683381,26.986511073162433,43.653651018611384,0.08250780134217353,0.10795938173134179,0.4004087638438377,-0.9062064094073251,,,,89,34.35590504815559,-7.295392301521333,16.539859368365754
1660857704.3468835,LIDAR_ONLY,13.666711744745673,27.0406483433494,43.656004004054104,0.08018583904861361,0.10835917076618315,0.4011151737947427,-0.9060547106430982,,,,69,34.35590504815559,-7.295392301521333,16.539859368365754
1660857704.469679,LIDAR_ONLY,13.640004283584746,27.101363031707407,43.66173830608875,0.07765206216377793,0.10872522633932888,0.4040580487042739,-0.9049232429750433,,,,82,34.419705752987404,-7.259626435640126,16.49519092735803
1660857704.5602164,LIDAR_ONLY,13.618221351863896,27.156167979604092,43.669830853180564,0.07817178337421578,0.10580120406371324,0.4050143131595171,-0.9047975926353297,,,,57,34.419705752987404,-7.259626435640126,16.49519092735803
1660857704.6609716,LIDAR_ONLY,13.59999790695543,27.206437903784018,43.67972993438051,0.0735052780962766,0.10395107381955578,0.4062357825273624,-0.9048555892174905,,,,77,34.54531884341945,-7.18507305614087,16.41719795221754
1660857704.7730951,LIDAR_ONLY,13.580664967324932,27.255352298738703,43.69832640066974,0.07514469602090967,0.1017602705946791,0.4083860571107705,-0.9040016318270346,,,,39,34.54531884341945,-7.18507305614087,16.41719795221754
1660857704.8636537,LIDAR_ONLY,13.55998467034376,27.319892930504984,43.70985713270169,0.07467371582516726,0.09858779034317017,0.4094633291941377,-0.903904898651051,,,,92,34.60161970482611,-7.13112521279949,16.357338761843398
1660857704.9642775,LIDAR_ONLY,13.539433446087754,27.3771585685427,43.72127090889739,0.07310146337066427,0.09595625201817909,0.4112204618562026,-0.9035188462353524,,,,83,34.60161970482611,-7.13112521279949,16.357338761843398
1660857705.0685456,LIDAR_ONLY,13.521401668475951,27.431895113034738,43.73064594331035,0.07115767127509968,0.09383531045630751,0.4124961665418794,-0.9033152455917742,,,,59,34.67967590960087,-7.074189301531322,16.2978217321106
1660857705.1805415,LIDAR_ONLY,13.510583779574985,27.495727898081842,43.74554632792754,0.0718832193970215,0.08798957099415246,0.4168362717371935,-0.9018526269461222,,,,71,34.67967590960087,-7.074189301531322,16.2978217321106
1660857705.2710795,LIDAR_ONLY,13.491742320589003,27.55851203227689,43.76554774402159,0.07667347982793392,0.08708153268274149,0.4175885342629633,-0.9011979805840724,,,,33,34.67967590960087,-7.074189301531322,16.2978217321106
1660857705.3718855,LIDAR_ONLY,13.479057586418648,27.607382075295366,43.78461075981659,0.07415862739252577,0.08651846067322433,0.41646903208200886,-0.901980376317948,,,,86,34.74841656088105,-7.019852485253416,16.226853302037206
1660857705.4841902,LIDAR_ONLY,13.47962860868501,27.642857045630898,43.797846996225296,0.0729993037026956,0.08757593126725642,0.4161716034266336,-0.9021101675643055,,,,88,34.74841656088105,-7.019852485253416,16.226853302037206
1660857705.5758605,LIDAR_ONLY,13.491272819780168,27.666946480445347,43.81332234036931,0.0764150274451387,0.09766181867633376,0.4084731052484471,-0.9043078209559402,,,,81,34.74841656088105,-7.019852485253416,16.226853302037206
1660857705.708422,LIDAR_ONLY,13.514128369668757,27.672800193013416,43.8175548084158,0.07465799905105885,0.09487849119396145,0.39229043148433923,-0.9118840235755206,,,,69,34.817639345636344,-6.962241192966367,16.163303031867784
1660857705.7889512,TRANSITION,13.52193667072145,27.67919324165211,43.8158658158195,0.06939697702164377,0.10038542366127239,0.3742153659293289,-0.9192767190563366,,,,60,34.817639345636344,-6.962241192966367,16.163303031867784
1660857705.900063,TRANSITION,13.520695617984792,27.694035758247182,43.81821578356996,0.06881469896537817,0.10831890997336295,0.3439859864225389,-0.9301640672985598,,,,60,34.817639345636344,-6.962241192966367,16.163303031867784
1660857706.0214276,TRANSITION,13.513647599597968,27.712782731262987,43.811191243836205,0.0630283068869242,0.11696517461615064,0.3109845001630434,-0.9410819417650746,,,,60,34.960741128835025,-6.864477158535045,16.067967194450944
1660857706.0818448,TRANSITION,13.510110030459387,27.733751119421285,43.81508320148625,0.05634270215238564,0.12944218936963736,0.27566131819767337,-0.9508317712271103,,,,55,34.960741128835025,-6.864477158535045,16.067967194450944
1660857706.2192118,TRANSITION,13.512708177677077,27.75467536566963,43.81882197217,0.051811130914047585,0.13997695219064535,0.22203185141661264,-0.9635475683770556,,,,56,34.960741128835025,-6.864477158535045,16.067967194450944
1660857706.2896886,TRANSITION,13.506257235777436,27.761802254398056,43.81689088476146,0.04755150780256446,0.14554279299172282,0.18627556814723062,-0.970493463257377,,,,59,34.960741128835025,-6.864477158535045,16.067967194450944
1660857706.38022,TRANSITION,13.497213535938872,27.765957284237505,43.817817299456124,0.04437301349307654,0.15064128469922936,0.15594197880689017,-0.9752027164971909,,,,68,34.996214269964746,-6.893901526917758,16.02283062744907
1660857706.4808576,LIDAR_ONLY,13.484786437044168,27.767585893575287,43.80930869505966,0.045718442127437676,0.16487519261775746,0.1308922437114488,-0.9765209754249421,,,,31,34.996214269964746,-6.893901526917758,16.02283062744907
1660857706.5814643,LIDAR_ONLY,13.461463891723284,27.762710391592936,43.811892968339485,0.04736830024733835,0.17210702761013352,0.11742328704892803,-0.976906948914536,,,,59,34.98227940651982,-6.807030189546261,16.029357208044093
1660857706.6821394,LIDAR_ONLY,13.442005082535166,27.753769507132194,43.81283216498699,0.05219006380933109,0.17539490157063678,0.11077012887517787,-0.9768535224339324,,,,73,34.98227940651982,-6.807030189546261,16.029357208044093
1660857706.7828574,LIDAR_ONLY,13.430152616132542,27.747549772753793,43.79736589456445,0.048758440825482516,0.17826032920062826,0.106530124211109,-0.9769837266388409,,,,37,34.99546770896994,-6.7673425991086615,16.06143234950382
1660857706.8848357,LIDAR_ONLY,13.419639629234272,27.73969248015322,43.8018844983971,0.04923401712232789,0.1793807823727857,0.10807079141696568,-0.976585505993119,,,,65,34.99546770896994,-6.7673425991086615,16.06143234950382
1660857706.9956465,LIDAR_ONLY,13.418549741959385,27.737003151162057,43.80375612796574,0.05288571635867671,0.1803305079641244,0.10979977415783192,-0.9760266484566492,,,,34,34.980563154590186,-6.735460995489365,16.068032748338226
1660857707.0862179,LIDAR_ONLY,13.422796442280433,27.734517277763157,43.80558329125801,0.055060239949239614,0.17830716232821975,0.10947188518530628,-0.9763149247006139,,,,46,34.980563154590186,-6.735460995489365,16.068032748338226
1660857707.1869159,LIDAR_ONLY,13.42311128065253,27.734178360650812,43.80805156637553,0.054588886010773593,0.1825018430950079,0.1110189531090411,-0.9753911640165706,,,,42,34.95666426835177,-6.695326041688488,16.09248069773598
1660857707.289609,LIDAR_ONLY,13.425540521908264,27.733271730461848,43.79653983957439,0.05102942388741072,0.18042760999695737,0.11015603329456558,-0.9760673766586564,,,,58,34.95666426835177,-6.695326041688488,16.09248069773598
1660857707.3902125,LIDAR_ONLY,13.4218717554346,27.731744880270032,43.800068124376,0.04966348674700642,0.17906451038644317,0.10952333123075472,-0.9764599731275787,,,,36,34.966782866312236,-6.694206779945256,16.118459004498405
1660857707.490828,LIDAR_ONLY,13.420494823038961,27.724234495360488,43.80370933661953,0.04643918364208129,0.17612353780696458,0.10798924452976431,-0.9773240121468962,,,,47,34.966782866312236,-6.694206779945256,16.118459004498405
1660857707.5927508,LIDAR_ONLY,13.414763157139147,27.721976248056084,43.81555441548366,0.044228877787071685,0.17377694173030653,0.10691801940787714,-0.9779641701097515,,,,47,34.966782866312236,-6.694206779945256,16.118459004498405
1660857707.6934953,LIDAR_ONLY,13.411594164013016,27.717537422848793,43.824853068746236,0.03832992990420026,0.16811455636468148,0.1048571409737277,-0.9794249804853159,,,,38,34.96871390305333,-6.698595228907146,16.122417649205964
1660857707.8142939,LIDAR_ONLY,13.411231383253298,27.717850112502997,43.828207006625675,0.03380515533302216,0.16259712315315453,0.10072367384625694,-0.9809557220089707,,,,39,34.96077743835871,-6.693946516478926,16.124510924773613
1660857707.8947914,LIDAR_ONLY,13.40351477465083,27.72037371128719,43.830738868704074,0.03149646808847271,0.16303650410724005,0.10171113396146533,-0.9808577450653662,,,,40,34.96077743835871,-6.693946516478926,16.124510924773613
1660857707.985381,LIDAR_ONLY,13.402132243275721,27.718915340732377,43.83381565824331,0.03024028774599416,0.1687284258085637,0.1032920209607525,-0.9797688511720746,,,,79,34.96077743835871,-6.693946516478926,16.124510924773613
1660857708.086147,LIDAR_ONLY,13.399656207149764,27.721004543662925,43.831658401921786,0.029607003791902273,0.17270727529895444,0.10473489225513286,-0.9789413796186078,,,,36,34.96603227432917,-6.689089915295375,16.13369290950565
1660857708.1978106,LIDAR_ONLY,13.402837811282454,27.712575181237874,43.828412367132096,0.028711643417097837,0.17631804129530557,0.10527116144374367,-0.978266616221959,,,,67,34.96603227432917,-6.689089915295375,16.13369290950565
1660857708.2782805,LIDAR_ONLY,13.416856244447937,27.698854998680464,43.82688344335979,0.0298324668242171,0.17944649174853441,0.1062312777447279,-0.9775601752071571,,,,97,34.967310909548075,-6.681494351347766,16.126269812287
1660857708.3990448,LIDAR_ONLY,13.432310659696514,27.68630534043218,43.81987817705457,0.03335787755022343,0.17969144637482767,0.10976201808252367,-0.9770110211719818,,,,38,34.967310909548075,-6.681494351347766,16.126269812287
1660857708.4996433,LIDAR_ONLY,13.450479343158927,27.665890075570545,43.81080520052153,0.035627250232126956,0.17708109143653872,0.12016800569336955,-0.9761826860297308,,,,78,34.9669902311522,-6.681415436425195,16.126113858317527
1660857708.6002157,LIDAR_ONLY,13.476333438150885,27.637587757925633,43.792693884739464,0.03551617068108032,0.1770710536095031,0.13373479614245504,-0.9744226228359587,,,,29,34.9669902311522,-6.681415436425195,16.126113858317527
1660857708.7028284,LIDAR_ONLY,13.518996783924445,27.59273830816018,43.78876077473384,0.03695058290344284,0.1724525807748838,0.1510259330278412,-0.9726694861874964,,,,58,34.9669902311522,-6.681415436425195,16.126113858317527
1660857708.8035777,LIDAR_ONLY,13.552738482241049,27.55227478480213,43.793754407405245,0.03991763668150354,0.162502681979991,0.1662050539703641,-0.9717897615563675,,,,42,34.952493658334184,-6.706367354207863,16.137167452044206
1660857708.904178,LIDAR_ONLY,13.578052553607987,27.516295643970142,43.79001487201443,0.0428955119661164,0.156380267333654,0.18334917545385646,-0.9695814905938597,,,,61,34.952493658334184,-6.706367354207863,16.137167452044206
1660857709.004798,LIDAR_ONLY,13.606547975815761,27.472555328579084,43.77757522333321,0.04665701111511724,0.15041619434930983,0.19811375829521452,-0.9674445878526687,,,,53,34.91489279841398,-6.73980388070996,16.147133140812443
1660857709.0954003,LIDAR_ONLY,13.635066013432853,27.4056768002497,43.77919042678553,0.047176517078967584,0.14089344287845204,0.20824090980401633,-0.966725988827315,,,,74,34.91489279841398,-6.73980388070996,16.147133140812443
1660857709.226367,LIDAR_ONLY,13.659019446377714,27.3550065127509,43.76894408640247,0.04734853997080746,0.13833036102133117,0.2175476288105749,-0.9650367123489332,,,,31,34.8473245037085,-6.872180324948905,16.200163065698224
1660857709.3068864,LIDAR_ONLY,13.683650942573903,27.303679042222754,43.76244130250014,0.05256661554150707,0.1321880214066705,0.22500174768374476,-0.9639176787809016,,,,65,34.8473245037085,-6.872180324948905,16.200163065698224
1660857709.397984,LIDAR_ONLY,13.71865144842262,27.255201512526835,43.75547543084761,0.05912501250922958,0.1230775391549928,0.2320438958942286,-0.9630741314299555,,,,74,34.79546159393571,-6.934077277891761,16.252329876635617
1660857709.5086482,LIDAR_ONLY,13.743091690629534,27.21019175645507,43.74621551503686,0.05823322885389119,0.1149250803366406,0.24199583089091276,-0.9616855696111302,,,,46,34.79546159393571,-6.934077277891761,16.252329876635617
1660857709.6092842,LIDAR_ONLY,13.758507975061246,27.18481965712402,43.74675343060564,0.06139199069636116,0.11262374760874795,0.2539737778287076,-0.9586679483159501,,,,79,34.72844785689591,-7.018072829251702,16.320810332101463
1660857709.6898706,LIDAR_ONLY,13.772330927871968,27.17026242909183,43.744863934424934,0.06486614118194252,0.10592716668018813,0.2621229561600242,-0.9570075103891307,,,,88,34.72844785689591,-7.018072829251702,16.320810332101463
1660857709.802078,LIDAR_ONLY,13.782735171899462,27.163150316852533,43.74626658881246,0.0638054355525183,0.10605811576470828,0.25746550940426705,-0.9583277382720352,,,,80,34.65490208570896,-7.096581664780652,16.350411319208728
1660857709.903937,LIDAR_ONLY,13.792410640193504,27.161804504701212,43.75094942181945,0.06747292270197318,0.1112703306466697,0.24818629629223138,-0.9599322270621917,,,,76,34.65490208570896,-7.096581664780652,16.350411319208728
1660857710.0060863,LIDAR_ONLY,13.798313888516086,27.155497984478657,43.757367230338694,0.06493685751168725,0.12073159801507558,0.22907260961593878,-0.9637078526716366,,,,84,34.65490208570896,-7.096581664780652,16.350411319208728
1660857710.097871,LIDAR_ONLY,13.812880636712581,27.153084225425744,43.75725491576268,0.06558730293812289,0.13300846007151196,0.2006459120698755,-0.9683740358004008,,,,64,34.627382473204186,-7.1496268751328556,16.402712680354288
1660857710.198503,LIDAR_ONLY,13.831355306208687,27.150499242855034,43.76703795824429,0.06827271100092498,0.14566687310468715,0.16804627429503854,-0.9725638532806182,,,,58,34.60637096934904,-7.172555019588329,16.407550392751247
1660857710.2990992,LIDAR_ONLY,13.841305261468953,27.153723764741194,43.76000126287053,0.07055003974873512,0.15922546661638703,0.12958714431417465,-0.976154247391642,,,,60,34.60637096934904,-7.172555019588329,16.407550392751247
1660857710.3998039,LIDAR_ONLY,13.838992962478855,27.156863019200678,43.76043598066245,0.07041101797704423,0.17616188033493915,0.09134724168644928,-0.9775811791869626,,,,46,34.620780935627636,-7.21912630794321,16.413372228630593
1660857710.5003967,LIDAR_ONLY,13.826614500892088,27.155388557446596,43.76101244243454,0.06911255781580004,0.19185670273949917,0.054758142682096306,-0.9774538381816772,,,,48,34.620780935627636,-7.21912630794321,16.413372228630593
1660857710.6009889,LIDAR_ONLY,13.806513618297895,27.15247870331382,43.76899662924181,0.061527695772215264,0.20405231492366235,0.014431386605159496,-0.9769179753223445,,,,49,34.62257232189207,-7.230358099239753,16.421429624422842
1660857710.7017164,LIDAR_ONLY,13.801172800249901,27.15658004714713,43.75972934702,0.06839766626425878,0.21851711400873028,-0.028016766461407418,-0.9730298509973606,,,,44,34.609725418765365,-7.242141430278975,16.392369658687937
1660857710.8022776,LIDAR_ONLY,13.789552671532208,27.152760737094493,43.7618649419391,0.06585216359988186,0.23567303750698185,-0.06847496104057176,-0.9671777973319794,,,,44,34.609725418765365,-7.242141430278975,16.392369658687937
1660857710.9029415,LIDAR_ONLY_SAFE,13.788504801185768,27.143113330523846,43.76109443108986,0.06061293015463043,0.24790872389065313,-0.10699041101441015,-0.9609476516792916,,,,27,34.62173960521119,-7.21374106987709,16.417464282054627
1660857711.0037167,LIDAR_ONLY,13.785983303255195,27.141200787464903,43.755149923495175,0.06498831971493423,0.257080027257685,-0.1381556317173033,-0.9542533203036866,,,,37,34.623951231020996,-7.206172020548434,16.41290152629828
1660857711.1043253,LIDAR_ONLY,13.779746801937096,27.136504658228347,43.74709759401487,0.06589625302428997,0.2665952946500734,-0.16183971347084622,-0.94783571353451,,,,37,34.623951231020996,-7.206172020548434,16.41290152629828
1660857711.2150078,LIDAR_ONLY,13.769220249808072,27.124218387255254,43.74720049106781,0.06592776503079419,0.2738889808445923,-0.1770890343466898,-0.9430152861349131,,,,44,34.62078653282358,-7.195517864838275,16.434415952777275
1660857711.3055158,LIDAR_ONLY,13.7597805730315,27.107093821628503,43.74586290485419,0.06552716787478897,0.27554093773465427,-0.18548730060027882,-0.9409451860861175,,,,59,34.62078653282358,-7.195517864838275,16.434415952777275
1660857711.4162703,LIDAR_ONLY,13.756032427268462,27.100136409539342,43.7390154316274,0.06642107744758721,0.2772144567697409,-0.188289258521428,-0.9398337834713167,,,,79,34.607114608590045,-7.187272770250609,16.42968406287491
1660857711.5079265,LIDAR_ONLY,13.748675840203553,27.096138054290915,43.736718525122036,0.06930138479316682,0.2763079224507206,-0.1874190094728459,-0.9400666811162565,,,,81,34.583966189292745,-7.169640795941752,16.44552806569698
1660857711.6085112,LIDAR_ONLY,13.74170949751168,27.09607633519431,43.740656359774775,0.06996881306593647,0.27996990411695966,-0.1869969993851273,-0.9390172204000538,,,,78,34.583966189292745,-7.169640795941752,16.44552806569698
1660857711.7092152,LIDAR_ONLY,13.73705419595447,27.09701486410722,43.74710259736555,0.07082080505416158,0.2792206459057302,-0.1873635546677172,-0.9391033717614609,,,,78,34.5694387047084,-7.162400819205747,16.465103809112186
1660857711.8098247,LIDAR_ONLY,13.73266763124288,27.095767547263524,43.74644813013868,0.0688655637016979,0.28102687368359486,-0.18768817545837163,-0.9386450762651343,,,,90,34.5694387047084,-7.162400819205747,16.465103809112186
1660857711.9103894,LIDAR_ONLY,13.730776513496458,27.096394110064683,43.73795354658012,0.06708653679667888,0.28019692553829645,-0.18847444518232676,-0.9388644540149171,,,,108,34.557016342405205,-7.157437179714619,16.469525566892102
1660857712.0110078,LIDAR_ONLY,13.729430406532225,27.087872345813786,43.74219941553971,0.06549984310139696,0.2804819818496994,-0.1878958389251131,-0.9390073386965543,,,,95,34.56884378183161,-7.151691685970809,16.481381336753653
1660857712.1116736,LIDAR_ONLY,13.724135410314224,27.07908032954276,43.74421337304229,0.06099267189489497,0.2823541142940572,-0.18824945525329223,-0.9386789604082852,,,,84,34.56884378183161,-7.151691685970809,16.481381336753653
1660857712.2130773,LIDAR_ONLY,13.704126068025658,27.069734987615718,43.73688745338892,0.059481074895907926,0.2843701190100245,-0.19125396448399784,-0.9375593625006396,,,,109,34.55500352087895,-7.145903343703073,16.476002461622464
1660857712.313819,LIDAR_ONLY,13.658108402722762,27.05689860736991,43.713423102035954,0.06227496478862736,0.2900128026133771,-0.19747028087198215,-0.9343553345774027,,,,74,34.55500352087895,-7.145903343703073,16.476002461622464
1660857712.4146452,LIDAR_ONLY,13.599421971566734,27.032364939618738,43.704830222902025,0.05988328152820651,0.2948899837094213,-0.2001274003976273,-0.9324177785259989,,,,72,34.55314305563158,-7.142710401650207,16.476317520234154
1660857712.515828,LIDAR_ONLY,13.552360209555774,27.023302448516297,43.66876964776594,0.05557100136521312,0.299253519477083,-0.2035028272150696,-0.9305620850879969,,,,35,34.542576237057744,-7.126745424451463,16.48646752666761
1660857712.6163855,LIDAR_ONLY,13.492988457861811,27.015473363287718,43.64517211157755,0.055969470379965656,0.3025032860767597,-0.2099043492145586,-0.9280621447289835,,,,53,34.542576237057744,-7.126745424451463,16.48646752666761
1660857712.7186372,LIDAR_ONLY,13.413975685332918,27.00937118943749,43.621483451290146,0.050861667603885816,0.3071928062541898,-0.21501809369214694,-0.925641879961804,,,,59,34.521235679115776,-7.047951843831259,16.560149006058168
1660857712.850473,LIDAR_ONLY,13.340716961120316,27.00417861044132,43.599770114804066,0.049013586550620915,0.3143451987536364,-0.2188611969367896,-0.9224340306110662,,,,50,34.490672123142254,-7.000133654126727,16.57407943051355
1660857712.9208653,LIDAR_ONLY,13.277891480797432,27.00072869172988,43.571103886879605,0.047839524290667075,0.3152405617284639,-0.22372216912387324,-0.9210228874459496,,,,61,34.490672123142254,-7.000133654126727,16.57407943051355
1660857713.0233166,LIDAR_ONLY,13.20057261864347,26.99226619665,43.54522588437676,0.04728456544363792,0.31934088707789754,-0.22856949153885414,-0.9184451835840708,,,,58,34.460878911346605,-6.8771217998706655,16.631269207830716
1660857713.1339588,LIDAR_ONLY,13.11709279233154,26.981472495733822,43.527295439491176,0.047449512663450474,0.31859214083834186,-0.23441627918071234,-0.9172222193117182,,,,63,34.477031615097,-6.834985795739857,16.645338275852417
1660857713.2244554,LIDAR_ONLY,13.052794994335793,26.96987469332374,43.5023125999769,0.04614779784172408,0.3186744656221161,-0.23792494982377516,-0.9163561992839752,,,,55,34.477031615097,-6.834985795739857,16.645338275852417
1660857713.3250437,TRANSITION,13.035569182951388,26.99193078434934,43.488012733040385,0.04487872251921525,0.3195513696198138,-0.23846325649152586,-0.9159738521063804,,,,77,34.50010850383628,-6.701974273005208,16.68658765725351
1660857713.42563,TRANSITION,13.017446148748434,27.006202492172253,43.47463032221655,0.04406080577214931,0.32208926832289075,-0.24069126781637779,-0.914540793088465,,,,42,34.48282104273135,-6.632684565687096,16.719228395663183
1660857713.5270226,TRANSITION,13.002583356629264,27.03893987927416,43.46815693689437,0.045629855421472444,0.3228930683510964,-0.24182043664883965,-0.9138823004763766,,,,52,34.48282104273135,-6.632684565687096,16.719228395663183
1660857713.6275654,TRANSITION,12.992681551686777,27.055897709101274,43.46105841849543,0.04638312052876627,0.32427001444948034,-0.24326247115647617,-0.9129736765021171,,,,46,34.462218450009566,-6.506540592892272,16.789548500816178
1660857713.7281508,TRANSITION,12.980991389344789,27.068460374893775,43.45200579202494,0.04537733585163069,0.3266265731268812,-0.24399465570808304,-0.9119882603982864,,,,78,34.467838091477326,-6.461177107976555,16.830964357385028
1660857713.829449,TRANSITION,12.966662570519928,27.07988501933349,43.443367505815736,0.04445606870703183,0.3274185020313583,-0.2453494880344029,-0.9113859836556154,,,,88,34.462644333420535,-6.389154361941187,16.854557694013252
1660857713.9300308,TRANSITION,12.956123097094272,27.10484188087982,43.43686599678131,0.04489248914439113,0.3264844836593287,-0.2472895741499413,-0.911175292062325,,,,80,34.462644333420535,-6.389154361941187,16.854557694013252
1660857714.0406969,TRANSITION,12.942960129583874,27.11748069688113,43.4336659199646,0.045612560317911444,0.32640690310324577,-0.24845483898852797,-0.9108502736075661,,,,98,34.457766549585465,-6.345177602084591,16.87180787814634
1660857714.1312146,TRANSITION,12.935823186855224,27.147732439954964,43.42726260059274,0.044985580441914794,0.326159629533832,-0.2493746703866822,-0.910718654351711,,,,84,34.47103498441595,-6.3120435766221545,16.880308619179537
1660857714.2332785,TRANSITION,12.926477875316971,27.159535222368508,43.42753261794128,0.04599144589956384,0.3273609560433681,-0.2506913563964296,-0.9098755053250734,,,,83,34.47103498441595,-6.3120435766221545,16.880308619179537
1660857714.3338835,TRANSITION,12.92419722164085,27.171935601554612,43.42655841577578,0.04694814487893106,0.327162299769001,-0.2540978422076021,-0.9089526873758204,,,,100,34.479824802062616,-6.250307619352668,16.896735700891448
1660857714.4344454,TRANSITION,12.925637186951189,27.180143052566102,43.42530422001128,0.04266845371805331,0.3301447424567041,-0.26678286788181776,-0.9044394692240381,,,,86,34.49026706181016,-6.223225043909127,16.912982293884113
1660857714.5356553,TRANSITION,12.925721016568174,27.184290214884513,43.425384697793454,0.04180777634490809,0.335267306729768,-0.2851279144891339,-0.8969671204979248,,,,80,34.49026706181016,-6.223225043909127,16.912982293884113
1660857714.6371593,TRANSITION,12.923926732260924,27.186273520300144,43.42642324571047,0.039216131252490447,0.3413922287522296,-0.3102082935993457,-0.8863883210982391,,,,68,34.51812398449004,-6.177141441179137,16.932971462633393
1660857714.7393868,LIDAR_ONLY,12.92111924669806,27.193418985353027,43.42199321738754,0.04086602372114682,0.35103480562397615,-0.35251152826855775,-0.8665103321850963,,,,44,34.53132868651853,-6.165626881861671,16.935582731944006
1660857714.8400285,TRANSITION,12.910277485784183,27.193471351330903,43.41695440920641,0.03199187378560825,0.35657299433671896,-0.39231308664390263,-0.8473031699276038,,,,47,34.53132868651853,-6.165626881861671,16.935582731944006
1660857714.940597,TRANSITION,12.896938945967047,27.197327101486817,43.41639183607331,0.022447193044161557,0.3625707323571383,-0.4349596196753849,-0.8239227614371939,,,,49,34.563128791738684,-6.1516262150074,16.8879380900086
1660857715.0411973,TRANSITION,12.88193554059343,27.206000519828642,43.423939848676234,0.01248954742788491,0.373378589822066,-0.4885194983262171,-0.7885310010536258,,,,23,34.55520997981353,-6.138839053734082,16.876613525088466
1660857715.1329603,TRANSITION,12.877932925753356,27.21423992843157,43.42821363574915,0.005157387490136038,0.3748886194805755,-0.5308154643011197,-0.7600439903038583,,,,33,34.55520997981353,-6.138839053734082,16.876613525088466
1660857715.2436864,TRANSITION,12.880200705728386,27.221393968613647,43.42972507684611,-0.0025207871586058095,0.37518122594103587,-0.567677463151878,-0.7327857743999475,,,,30,34.56280250373336,-6.102021773135485,16.836316406798147
1660857715.3444662,TRANSITION,12.876830283595822,27.215624354071924,43.429054472357045,-0.01375481985807165,0.3762577065119777,-0.6092615786943684,-0.6978834228922941,,,,49,34.58109247918272,-6.08625560166162,16.85519344526773
1660857715.4450402,TRANSITION,12.873345771094506,27.2074353544534,43.42608335431816,-0.022214965068705968,0.37435218097439077,-0.6402674173649751,-0.6703913589743666,,,,44,34.58109247918272,-6.08625560166162,16.85519344526773
1660857715.545562,TRANSITION,12.867241232109306,27.199115709349392,43.41839897337943,-0.03240829608563392,0.37098740940205777,-0.6710976776590738,-0.6410506621559436,,,,37,34.563469280610065,-6.10138331598863,16.79009927104275
1660857715.6461823,TRANSITION,12.850840548572558,27.1869096351079,43.41665363462992,-0.049584996205555794,0.3761716018647311,-0.702594225976218,-0.6019946907794923,,,,36,34.5754761296052,-6.098736389997544,16.76113997355892
1660857715.7467456,LIDAR_ONLY,12.843424652850418,27.14336221431673,43.39495049869044,-0.06876629055999112,0.4131947114085429,-0.7248251012016494,-0.5469642588091553,,,,50,34.5754761296052,-6.098736389997544,16.76113997355892
1660857715.8473277,LIDAR_ONLY,12.844742627591351,27.11978066421703,43.369249810947196,-0.09352671822727195,0.4308280628718899,-0.7498577424598537,-0.49330852343407094,,,,26,34.55959279710086,-6.083094598371833,16.784677940262956
1660857715.9389322,LIDAR_ONLY,12.847495880871996,27.127810009278274,43.34149724025863,-0.10458787899740261,0.4305082623061729,-0.7756774819240757,-0.44949800409887153,,,,32,34.58023582174419,-6.080885831753766,16.880208768535486
1660857716.0501285,LIDAR_ONLY,12.832751701006053,27.135225213867404,43.3320997968745,-0.10715532541263939,0.417517221327539,-0.8037356694191827,-0.4101293452484722,,,,41,34.58023582174419,-6.080885831753766,16.880208768535486
1660857716.1707375,LIDAR_ONLY,12.830450192568765,27.136087439340177,43.322931160558745,-0.1031523065222196,0.4062826460523854,-0.8300378898778008,-0.3678737752857985,,,,43,34.54595611947526,-6.0730153407271015,16.96385746899641
1660857716.2514348,LIDAR_ONLY,12.83432218924577,27.13348949382919,43.3145106265928,-0.0991141987112513,0.39012703466446597,-0.854783574680742,-0.32760084385384275,,,,45,34.522460815025894,-6.072644649088523,16.93678834188426
1660857716.3520532,LIDAR_ONLY,12.842366983443583,27.12831435721695,43.31177808456504,-0.08911869952601717,0.37383566778973965,-0.8768147372619639,-0.2889648203557384,,,,42,34.522460815025894,-6.072644649088523,16.93678834188426
1660857716.4526088,LIDAR_ONLY,12.839724150284441,27.119388360512524,43.30682775966475,-0.08270036093927888,0.3579618904780692,-0.8976368280128478,-0.2434585391004246,,,,41,34.51935824850196,-6.050997663312287,16.886997768492588
1660857716.5548923,LIDAR_ONLY,12.845152765613646,27.111956134708556,43.30568489755527,-0.0759385097847263,0.3457815734226197,-0.9130121586962175,-0.20267521872672392,,,,34,34.489424119789675,-6.04070142659248,16.902965619858726
1660857716.6554601,LIDAR_ONLY,12.842652693656163,27.107437280554585,43.300422300763614,-0.06992519045405891,0.3301907897526308,-0.9249973605285918,-0.17454051998786962,,,,31,34.4598200535676,-6.043059902974164,16.913924451951438
1660857716.755985,LIDAR_ONLY,12.859438418230061,27.094073143618875,43.2920878456337,-0.07271155366604348,0.32929652818440636,-0.9288635305742844,-0.15326241567403978,,,,36,34.4598200535676,-6.043059902974164,16.913924451951438
1660857716.857825,LIDAR_ONLY,12.885126085187244,27.08620859908455,43.29269620726841,-0.0804127576194062,0.3293710609198111,-0.9300775153052447,-0.141436587077824,,,,37,34.45112760442093,-6.062150417889239,16.91176593768613
1660857716.958385,LIDAR_ONLY,12.927720755011906,27.063574689775344,43.28757486208208,-0.0893683136427568,0.33522625147667645,-0.9278265382489291,-0.1370203625690519,,,,42,34.459373197553425,-6.069227594824588,16.903978876694335
1660857717.0507514,LIDAR_ONLY,12.974236814870588,27.02000828589438,43.29077944017052,-0.10492944946105075,0.3402944204490792,-0.9248002866584615,-0.1339176905545098,,,,50,34.459373197553425,-6.069227594824588,16.903978876694335
1660857717.161868,TRANSITION,12.952389640304215,26.98663564673178,43.29156995776147,-0.10040968200149028,0.3484941541124877,-0.9227024216943304,-0.1307285787775553,,,,44,34.4398719185459,-6.128491163543753,16.93002900962301
1660857717.2632113,TRANSITION,12.944733506654414,26.95501777462303,43.2924788100837,-0.09666302945274335,0.3529422672392811,-0.9217215372227332,-0.12852012508854713,,,,50,34.426470893463154,-6.174785843541094,16.949039126914332
1660857717.3557832,TRANSITION,12.938594197455304,26.928174727962443,43.287626793316534,-0.09507773402884906,0.3574340117270195,-0.920055095668418,-0.12922760033075995,,,,41,34.426470893463154,-6.174785843541094,16.949039126914332
1660857717.456606,TRANSITION,12.917950344043737,26.8960275109657,43.27836522319483,-0.08880756060895659,0.3707379369340643,-0.9144278043660021,-0.13597201880877083,,,,52,34.38963092730255,-6.262512350056252,17.020486613547835
1660857717.5579019,TRANSITION,12.892940156841084,26.880056265426987,43.27428882786654,-0.07939753679869106,0.37784195869442255,-0.9103312547842044,-0.14909222636770447,,,,42,34.35531416456396,-6.306627746004246,17.039642733401053
1660857717.6584487,LIDAR_ONLY,12.922097306043614,26.839180557382083,43.2709488565787,-0.08033864981622654,0.3841257526471137,-0.902975109137877,-0.1750115989768485,,,,50,34.282102064591264,-6.388503144704256,17.096842885272245
1660857717.7590292,LIDAR_ONLY,12.96100502583951,26.78925465572695,43.26271817887728,-0.07871433179018858,0.3941023557943303,-0.8945816433277262,-0.19547652173406474,,,,57,34.282102064591264,-6.388503144704256,17.096842885272245
1660857717.8595634,LIDAR_ONLY,12.989676998290882,26.731618393677202,43.255001135767756,-0.08146949940460521,0.40437274749339464,-0.8862059701925692,-0.21091320524437,,,,53,34.24497114825647,-6.427205044669708,17.103868240529824
1660857717.9702275,LIDAR_ONLY,13.037065827285218,26.68019441299042,43.24609820435449,-0.07407321353993804,0.4117238126814225,-0.8776615324528577,-0.23389505244754802,,,,50,34.20355857579503,-6.450455402304449,17.1286722242277
1660857718.0607874,LIDAR_ONLY,13.075736405153792,26.633627445477952,43.204039323447404,-0.07987601009918457,0.41589952785976403,-0.8705749416129237,-0.2504928677074754,,,,34,34.20355857579503,-6.450455402304449,17.1286722242277
1660857718.1713881,LIDAR_ONLY,13.120236638423547,26.575329108421922,43.162984693588676,-0.0825476836348036,0.4248084722809829,-0.8629099781775331,-0.26097894812891564,,,,47,34.13551059217437,-6.512627692886258,17.215492179573214
1660857718.2632189,LIDAR_ONLY,13.16844348385558,26.52866363197292,43.11610376713703,-0.09283849927531704,0.4376972906211726,-0.8517154333136222,-0.2727323147164278,,,,37,34.097604097207366,-6.5668630715127625,17.246222946336573
1660857718.3638258,LIDAR_ONLY,13.225093124912089,26.47826712177811,43.06764713687382,-0.10921889442108897,0.44855005117571295,-0.8404722828466316,-0.2836907232502893,,,,38,34.097604097207366,-6.5668630715127625,17.246222946336573
1660857718.464393,LIDAR_ONLY,13.267185613310051,26.420443969508796,43.02266309961328,-0.12119675714216993,0.4675231679451457,-0.825926959141046,-0.29082312778866487,,,,29,33.960876593650845,-6.62906054268147,17.276015537929297
1660857718.5649443,LIDAR_ONLY,13.306255498255384,26.37516668657676,42.971884540223435,-0.13695230652555282,0.47993454001015723,-0.8140721568075338,-0.2969737809189562,,,,31,33.89298489156377,-6.658528882733848,17.285235751510474
1660857718.6655111,LIDAR_ONLY,13.34183445340022,26.326306011540012,42.937911094258205,-0.15490591732762787,0.4893560155322839,-0.8031286826997924,-0.30252134778251527,,,,36,33.89298489156377,-6.658528882733848,17.285235751510474
1660857718.7660892,LIDAR_ONLY,13.376321620183528,26.267462378495534,42.8809526829725,-0.16037278163687313,0.5077121769020864,-0.7883986019288156,-0.3081177710098615,,,,25,33.73996671494187,-6.725885881134462,17.332482526486526
1660857718.877267,LIDAR_ONLY,13.41811229833886,26.222559488324432,42.81095862059921,-0.1751026688459044,0.5057775665683165,-0.7857686325708835,-0.30999316861337073,,,,40,33.66715024871402,-6.745728834049898,17.33722985205049
1660857718.9677906,LIDAR_ONLY_SAFE,13.44803464833109,26.163511776052776,42.76357524907597,-0.1770266634426422,0.5121528508355983,-0.7832763403911916,-0.30469524511340357,,,,19,33.526054121900685,-6.7887144204150776,17.40141228366015
1660857719.0784297,LIDAR_ONLY,13.484972843688844,26.121830481171553,42.70624844747009,-0.181438033363323,0.5163447724573509,-0.783268841417469,-0.2948868224755934,,,,35,33.526054121900685,-6.7887144204150776,17.40141228366015
1660857719.1689365,LIDAR_ONLY,13.534962728612514,26.084955579789135,42.64714287959628,-0.1939412983646631,0.5116148074344142,-0.7899702706231309,-0.27673820324287285,,,,42,33.43788213598377,-6.809532290792106,17.388849206026467
1660857719.269476,LIDAR_ONLY,13.586811497974287,26.052690068949907,42.58309969855041,-0.1890482316447302,0.5157558804673361,-0.7890790075227384,-0.2749744674734244,,,,42,33.361245760520575,-6.832938211588924,17.425605915668427
1660857719.380094,LIDAR_ONLY,13.63046399995996,26.009365036012724,42.547493584819065,-0.19154136454925727,0.5158308517388689,-0.7907027083159194,-0.26836479859108153,,,,32,33.361245760520575,-6.832938211588924,17.425605915668427
1660857719.4718869,LIDAR_ONLY_SAFE,13.67028437933959,25.97536144008553,42.49890391457001,-0.19950022887548344,0.5140031108276392,-0.7914141267163407,-0.2639396536558148,,,,19,33.20815210208362,-6.9000311381865105,17.436762644799163
1660857719.5838332,LIDAR_ONLY_SAFE,13.705023895266212,25.931681442821084,42.443917225636355,-0.19405593296868606,0.5227661041070237,-0.7847232827526246,-0.27067926551984256,,,,19,33.125819549035576,-6.934474835219267,17.425863053351446
1660857719.7045212,LIDAR_ONLY,13.748712094643373,25.906807686707715,42.383344953168084,-0.19623763956355358,0.5155360995795135,-0.787906152964338,-0.2737100892729462,,,,36,33.002568662883434,-7.005537695409218,17.450724352795223
1660857719.7749326,LIDAR_ONLY,13.781225990547673,25.866980787367652,42.33681625509665,-0.19012364352856773,0.525968247032682,-0.7812229463613863,-0.27731049630914495,,,,23,33.002568662883434,-7.005537695409218,17.450724352795223
1660857719.8855357,LIDAR_ONLY,13.818441218577826,25.833400860106288,42.288799419411596,-0.19002000292047969,0.5308042234453233,-0.7769764595377432,-0.28008365926433837,,,,43,32.92405927977369,-7.038041996873709,17.467440786618543
1660857719.9777513,LIDAR_ONLY,13.865921301160109,25.800975868156325,42.2463583875239,-0.19289631896278261,0.5304643280322718,-0.7773953119280301,-0.27758806856239243,,,,26,32.77924998422742,-7.100449739317244,17.457223447843166
1660857720.087265,LIDAR_ONLY,13.917708881793724,25.780076698493374,42.19021130593727,-0.1857776459467549,0.5360786271780129,-0.7711513158548083,-0.2888460140019538,,,,29,32.77924998422742,-7.100449739317244,17.457223447843166
1660857720.1778069,LIDAR_ONLY,13.965298286738525,25.746769070752368,42.15886152013915,-0.18765581621344263,0.537030534468729,-0.7679293147625533,-0.29439440758583296,,,,21,32.707452516778,-7.13434994610467,17.460060122545414
1660857720.2885575,LIDAR_ONLY,14.010191732002408,25.711875120690376,42.11703937787778,-0.18759592814641912,0.5364223065844279,-0.7681681274045353,-0.29491796279869986,,,,39,32.6497961117597,-7.181745394052102,17.46705782864422
1660857720.3891535,LIDAR_ONLY,14.05235291246439,25.670410532894014,42.059948908670805,-0.18477497076919805,0.545307470698272,-0.7602608257251795,-0.30083458818022185,,,,39,32.52674515117031,-7.267448994863147,17.467872148520634
1660857720.481262,LIDAR_ONLY,14.086479044510568,25.639136811248417,42.00100305874552,-0.18082081513489381,0.5402745253925423,-0.7638611624983888,-0.30318871095808664,,,,41,32.52674515117031,-7.267448994863147,17.467872148520634
1660857720.5818486,LIDAR_ONLY,14.112977542281447,25.60018398420994,41.95587375754345,-0.17535826015210967,0.5451176072238944,-0.760441162513118,-0.30630950564195464,,,,34,32.473097487547776,-7.302205551453647,17.47595193954818
1660857720.6832302,LIDAR_ONLY,14.14385948322179,25.5479328828429,41.91183494938975,-0.1758734313330265,0.5533722112031314,-0.7535772656735795,-0.3081704669160165,,,,48,32.473097487547776,-7.302205551453647,17.47595193954818
1660857720.783807,LIDAR_ONLY,14.186561868073646,25.515328090290588,41.861078533489014,-0.17846360973467643,0.5538442638504318,-0.752982504554546,-0.30728589169567444,,,,38,32.39988188439141,-7.333126449109155,17.482414136959854
1660857720.8844104,LIDAR_ONLY,14.232364276546868,25.480062991610843,41.80302136968053,-0.16744309810508995,0.5583896449061965,-0.7484908609575559,-0.31610954497059707,,,,43,32.27145441068633,-7.3804038743872935,17.49465893818688
1660857720.9950554,LIDAR_ONLY,14.27141350613693,25.438739323149036,41.761091227376056,-0.1673463982651002,0.5597915534242973,-0.7460893143343416,-0.3193420340929498,,,,56,32.13396413945828,-7.454271276948972,17.509587620203096
1660857721.0855489,LIDAR_ONLY,14.313640957416885,25.40751677033698,41.71280466193386,-0.16418711215538115,0.5645579531007273,-0.7405552076028046,-0.3254149570704461,,,,53,32.13396413945828,-7.454271276948972,17.509587620203096
1660857721.186265,LIDAR_ONLY,14.350673681326654,25.36849608262223,41.65657151033068,-0.15551029872729896,0.5663384367618478,-0.7383895281671863,-0.3314486788764333,,,,57,32.06176763113757,-7.486325192112557,17.492556112128156
1660857721.2975018,LIDAR_ONLY,14.377913056453504,25.326768174101723,41.59945539359129,-0.14097490218973313,0.5708961401321472,-0.7345665851114515,-0.338549266979729,,,,44,31.99229599886223,-7.523497826569043,17.50208432650834
1660857721.3890836,LIDAR_ONLY,14.399108525681365,25.275122955453895,41.55448392406419,-0.12624235164912562,0.573971002196163,-0.7319029488936725,-0.3448742244482429,,,,38,31.99229599886223,-7.523497826569043,17.50208432650834
1660857721.4996786,LIDAR_ONLY,14.42038486087344,25.24083733467449,41.5126716817638,-0.11151757571484247,0.5660758984515035,-0.735638050123207,-0.3549064196516223,,,,52,31.870388334953024,-7.586996825331912,17.511913616637333
1660857721.5902083,LIDAR_ONLY,14.443919316652451,25.218074510398573,41.47944901307097,-0.09486472846457615,0.5568578745459941,-0.7383642705091732,-0.3684130764304069,,,,32,31.80643758002618,-7.606954853772745,17.535954224639063
1660857721.6921659,LIDAR_ONLY,14.470112206030532,25.20201925625469,41.44784342215199,-0.06849768955861193,0.537651154938264,-0.7459727173206936,-0.3869935492122105,,,,37,31.80643758002618,-7.606954853772745,17.535954224639063
1660857721.802867,LIDAR_ONLY,14.48892332158851,25.178634233186973,41.43045652418883,-0.04590627926179066,0.5202981146250827,-0.7499550643106769,-0.4058939355997961,,,,43,31.705669776979857,-7.645947097731388,17.567439284202162
1660857721.8933303,LIDAR_ONLY,14.50531540403886,25.1743224677546,41.41071569539856,-0.01606233627755653,0.4959857216547018,-0.757563886405429,-0.4240720732166569,,,,42,31.667427662949187,-7.664495538619335,17.55728839174222
1660857722.005216,LIDAR_ONLY,14.52301182437342,25.1606372911128,41.385035902571346,0.01082010878468159,0.47384793713409984,-0.7623522081787341,-0.44064744229900393,,,,50,31.62262921696359,-7.703421510882159,17.58277949799018
1660857722.0957532,LIDAR_ONLY,14.544976674081868,25.136459394369258,41.35613623431273,0.03988113758188333,0.46238151512643444,-0.7615449938158906,-0.4523959015381471,,,,49,31.62262921696359,-7.703421510882159,17.58277949799018
1660857722.1963258,LIDAR_ONLY,14.562822467306741,25.110736938208785,41.33825568669007,0.06333182747404655,0.4446215956563674,-0.7630288087162972,-0.4648523995568615,,,,51,31.59299647677569,-7.709889721549969,17.590490621730297
1660857722.2980552,LIDAR_ONLY,14.572953025795918,25.08966154139045,41.3243395439043,0.07785528992520795,0.43183836852385404,-0.7565098543415689,-0.48491959909392834,,,,62,31.577248391098088,-7.727593537966259,17.607216257566233
1660857722.3985689,LIDAR_ONLY,14.591715150092348,25.06193366404213,41.298089491611364,0.0828104675016847,0.4295429062308861,-0.7492556508564833,-0.49724369059697926,,,,65,31.577248391098088,-7.727593537966259,17.607216257566233
1660857722.509208,LIDAR_ONLY,14.600153978896,25.01962935609047,41.275336214538235,0.08161501842270018,0.4269802585254137,-0.7451978386086372,-0.5056748252883949,,,,60,31.499392555937714,-7.757973590070761,17.593038107118417
1660857722.5997524,LIDAR_ONLY,14.603529761577017,24.988575115150205,41.25458446397576,0.08459961187783781,0.42464809203151876,-0.7431567423161882,-0.510132296521305,,,,79,31.50205872968216,-7.764608697681893,17.633464623236165
1660857722.71035,LIDAR_ONLY,14.606513644443998,24.962302214741133,41.2336152137525,0.08787123712852572,0.4222168074612244,-0.7398637506554692,-0.5163460502887336,,,,59,31.50205872968216,-7.764608697681893,17.633464623236165
1660857722.8021514,LIDAR_ONLY,14.600873731482778,24.927949099953366,41.22208918839515,0.08387932861026058,0.42215220301767936,-0.7361310416981225,-0.5223627716134153,,,,59,31.38065615068536,-7.781996828635994,17.63276477312105
1660857722.903275,LIDAR_ONLY,14.604125540413733,24.90011647931951,41.2070430791763,0.08351355971196578,0.42182748865287445,-0.7314862742810407,-0.5291643276898843,,,,100,31.351857533846516,-7.798640082718048,17.655461647175184
1660857723.0441167,LIDAR_ONLY,14.608813095115199,24.874529673672942,41.1953450099104,0.07688686955156535,0.42082259756085866,-0.7302837500668902,-0.5326184328963205,,,,101,31.323654317671764,-7.802882765046018,17.725884100298053
1660857723.1245737,LIDAR_ONLY,14.614504839177249,24.848696528444858,41.18278590396767,0.08124213073851531,0.41821829164422075,-0.7290074474588661,-0.5357623710907328,,,,106,31.323654317671764,-7.802882765046018,17.725884100298053
1660857723.2150452,LIDAR_ONLY,14.620570295647985,24.81994765634745,41.16639193338639,0.07939973806773812,0.4144885405306034,-0.7270594973079203,-0.5415527848122833,,,,90,31.331646524148717,-7.797793628398923,17.750792056774138
1660857723.3156195,LIDAR_ONLY,14.62836228316327,24.79993578115675,41.14769654659667,0.07979243760886258,0.41662300834240434,-0.7227550192620301,-0.5456039020678858,,,,84,31.331646524148717,-7.797793628398923,17.750792056774138
1660857723.4078135,LIDAR_ONLY,14.633196926193332,24.780758792655945,41.1401255901177,0.07918300423645684,0.41891700623193273,-0.7210777630512385,-0.5461551550272011,,,,71,31.316126574540405,-7.807255515097248,17.81207275674775
1660857723.5085075,LIDAR_ONLY,14.64350632837401,24.763186852782216,41.136611608016814,0.0780619569345944,0.41473429559890823,-0.7196080857144462,-0.5514217967291547,,,,99,31.291390841494643,-7.8445827711965,17.833353188856087
1660857723.609814,LIDAR_ONLY,14.645750796451418,24.751794623802265,41.132912721532186,0.0816671931800951,0.42072105709913504,-0.7138914194859839,-0.5537899447044505,,,,90,31.291390841494643,-7.8445827711965,17.833353188856087
1660857723.710383,LIDAR_ONLY,14.66255498635532,24.74816894751908,41.13512323535957,0.08542122010047985,0.42238537255690906,-0.7131171781074448,-0.5529536169468299,,,,98,31.272773019144775,-7.8616585282457345,17.89650002971045
1660857723.8118205,LIDAR_ONLY,14.674434931046493,24.743694124486783,41.14331043626415,0.08183285871724832,0.41925199426744725,-0.7113393256331716,-0.5581464972072081,,,,55,31.272773019144775,-7.8616585282457345,17.89650002971045
1660857723.912537,LIDAR_ONLY,14.680492228908514,24.74226066482485,41.14919035822439,0.08097986978768394,0.4184766355384704,-0.7123905786151401,-0.5575116408631823,,,,100,31.282584779549207,-7.875459487010947,17.92970046705087
1660857724.0132763,LIDAR_ONLY,14.684909250721278,24.752735979805042,41.15173152451201,0.08623550161425557,0.4186494148190868,-0.7157940259430903,-0.5522092159292133,,,,126,31.278720778554547,-7.9153256627619495,17.9382737344946
1660857724.1142156,LIDAR_ONLY,14.682552090101426,24.762684098156438,41.15891227646286,0.0881070963640942,0.4170608435227296,-0.7251067337423581,-0.5408489780445986,,,,79,31.278720778554547,-7.9153256627619495,17.9382737344946
1660857724.2148728,LIDAR_ONLY,14.676701246369229,24.765516245062106,41.159517937690225,0.09511968801762245,0.41596868456893643,-0.7380985422288847,-0.5226211250695999,,,,115,31.291218867388825,-7.932088991887827,17.959373664195272
1660857724.325466,LIDAR_ONLY,14.667381391289911,24.76325067887438,41.157908225132935,0.1029580361767595,0.4105151958463105,-0.7571144139897436,-0.4976491544199165,,,,79,31.303069138784196,-7.945869943918408,17.96488687920848
1660857724.4161592,LIDAR_ONLY,14.654870646153148,24.757250357394884,41.14605953377111,0.11149339087609027,0.40438242346147363,-0.7782673667770974,-0.46727292367118806,,,,88,31.303069138784196,-7.945869943918408,17.96488687920848
1660857724.5268724,LIDAR_ONLY,14.644223229952058,24.746177251631924,41.13397684645776,0.1232173326732881,0.39890599802662907,-0.8015878464339332,-0.4279584303605534,,,,77,31.32925155639594,-7.932799697545544,17.957848644008052
1660857724.6185594,LIDAR_ONLY,14.630219263491634,24.745999064744534,41.118779601061505,0.13672491133981196,0.3896737680097539,-0.8260043563150522,-0.38363714170131813,,,,77,31.32925155639594,-7.932799697545544,17.957848644008052
1660857724.7505503,LIDAR_ONLY,14.61652428494307,24.747180659911564,41.10353068168818,0.14853534167297713,0.38071696971726543,-0.8477416914931178,-0.33812108148972675,,,,56,31.31496531054555,-7.93336847136983,17.937181724307052
1660857724.8428793,LIDAR_ONLY,14.597615864862847,24.75174774030053,41.087738686603736,0.15970928487877714,0.36966264597525855,-0.8677251056252631,-0.2913685184808169,,,,53,31.293612540435962,-7.912450605623957,17.982173739842537
1660857724.933395,LIDAR_ONLY,14.57923617043154,24.753986546688452,41.07944862348465,0.16911446934066787,0.3595173652065458,-0.8842198830285487,-0.24556620050720954,,,,46,31.293612540435962,-7.912450605623957,17.982173739842537
1660857725.0577781,LIDAR_ONLY,14.572468773047728,24.742228700794442,41.070551228860076,0.18350741446285185,0.34290249607997547,-0.8993112140258336,-0.19995561344124083,,,,41,31.27606212828876,-7.888662816593464,17.984510289579436
1660857725.1295831,LIDAR_ONLY,14.57003272325644,24.729611250507855,41.05784580095492,0.1911287402833619,0.327263281994043,-0.9120367196782754,-0.15670855386568341,,,,21,31.263362827468672,-7.8575155117656275,17.986600044367883
1660857725.2208016,LIDAR_ONLY,14.573266760843033,24.710431621760815,41.04754853322784,0.1950555911870088,0.31556543661477987,-0.9216552753590991,-0.11368080296845721,,,,35,31.263362827468672,-7.8575155117656275,17.986600044367883
1660857725.3225126,LIDAR_ONLY,14.574363799763061,24.69539286220291,41.03348548392493,0.1964183643826834,0.3046602722898476,-0.9298208592983714,-0.06352254902903055,,,,25,31.25983648286415,-7.829231770579513,18.0181635695322
1660857725.4230988,LIDAR_ONLY,14.569773399079219,24.677750209018303,41.020478407715814,0.2017220036861232,0.28921144519157954,-0.9356534987434323,-0.014747999465268093,,,,26,31.25983648286415,-7.829231770579513,18.0181635695322
1660857725.5236704,LIDAR_ONLY,14.56225321446001,24.669438429884206,41.00057553710086,0.20934728510701156,0.27184554278691775,-0.9388108413775936,0.03013169754767446,,,,20,31.236728359585847,-7.849816592062304,18.01121542414623
1660857725.6343327,LIDAR_ONLY,14.554492517104197,24.653243644958927,40.98693751775197,0.21554646905724062,0.25630940187626033,-0.9390605890912977,0.07752689986252917,,,,23,31.21051772530182,-7.84758906132242,18.027026170812604
1660857725.7248662,LIDAR_ONLY,14.555878246330957,24.644500075360565,40.980027943588595,0.21864779314820507,0.2380705824191626,-0.9382205255970969,0.12352240965236999,,,,25,31.21051772530182,-7.84758906132242,18.027026170812604
1660857725.8276615,LIDAR_ONLY,14.562779212854164,24.6351298815058,40.972926487757896,0.22475859873210868,0.22046492147545751,-0.9343545112674211,0.16691446303127197,,,,24,31.190207049075738,-7.845886913382517,18.061574795328514
1660857725.9286113,LIDAR_ONLY,14.57714332555594,24.63070913154477,40.968083042323286,0.22894044755697243,0.20479987357519513,-0.9287946768868286,0.20732518284735474,,,,25,31.189345557279918,-7.853047181973737,18.081287370043636
1660857726.0292096,LIDAR_ONLY,14.585358619008531,24.62422286407925,40.96818734596903,0.23337358150373502,0.190104195726613,-0.9229259082191745,0.24001027928209495,,,,32,31.189345557279918,-7.853047181973737,18.081287370043636
1660857726.130672,LIDAR_ONLY,14.595745199997802,24.6211293808761,40.96674345645781,0.2329818099798885,0.17986718351757003,-0.9172163950513856,0.2684797146171245,,,,30,31.179465755572018,-7.855449925408895,18.131241128476038
1660857726.2316594,LIDAR_ONLY,14.603508040067537,24.617033786175956,40.9714570277981,0.229733184165206,0.17115709470614393,-0.9145066613926597,0.28566672766270623,,,,33,31.180597708973323,-7.879059251450223,18.13097060303274
1660857726.3322418,LIDAR_ONLY,14.615317479820787,24.620164410557578,40.9611008283713,0.2301161768136738,0.17023055503868567,-0.9117439058079255,0.29460338341911113,,,,29,31.180597708973323,-7.879059251450223,18.13097060303274
1660857726.432824,LIDAR_ONLY,14.616196021035739,24.62057999544009,40.966092950966264,0.22619936170163707,0.16892707194041018,-0.9122746670977847,0.29673628848362577,,,,51,31.16670047169935,-7.895843858428981,18.13345426565965
1660857726.5333996,LIDAR_ONLY,14.635388591941819,24.62474920389844,40.96433936272532,0.22483692927948962,0.1697287778607951,-0.9123625313008573,0.29704395074861045,,,,98,31.178399382378228,-7.905809027914229,18.131526453771137
1660857726.664168,LIDAR_ONLY,14.661255304820784,24.63161262789447,40.992893281751876,0.21958446143490704,0.16362341724822993,-0.915464044934909,0.2948484764345386,,,,50,31.178399382378228,-7.905809027914229,18.131526453771137
1660857726.7547097,LIDAR_ONLY,14.699682109028451,24.64074164653405,41.008579739699414,0.21960328235851853,0.16821764994840321,-0.9168327167238928,0.28791490091325134,,,,42,31.1712823498618,-7.932043361952427,18.130740334284773
1660857726.837738,LIDAR_ONLY,14.738143692735594,24.64445811533022,41.034337960325516,0.214966102859402,0.16932713953615178,-0.9182051203044448,0.2863865420801852,,,,37,31.1712823498618,-7.932043361952427,18.130740334284773
1660857726.9490619,LIDAR_ONLY,14.774501398153662,24.660064691530355,41.06693074596451,0.2111259687462011,0.1709483203988077,-0.9202671718591477,0.28162178444177727,,,,38,31.171201064298657,-7.954680808728361,18.131403456265925
1660857727.0395184,LIDAR_ONLY,14.818871755784233,24.67869701452633,41.09888666127657,0.20449631093075957,0.17260218163015484,-0.9233408214264359,0.27537514993146267,,,,34,31.22584978493884,-7.9924665607018275,18.119111778420038
1660857727.1401477,LIDAR_ONLY,14.855037214618974,24.69592584958213,41.127709864798746,0.1965471194142217,0.17574370885171778,-0.9262236756880748,0.26943103244408634,,,,44,31.22584978493884,-7.9924665607018275,18.119111778420038
1660857727.250837,LIDAR_ONLY,14.884407732870077,24.701302177820537,41.175101382768645,0.18826583928407123,0.1725213524860508,-0.9304364996865423,0.26283127048755617,,,,47,31.291843674676272,-8.068295903462488,18.10060267980895
1660857727.3417406,LIDAR_ONLY,14.926222322277436,24.716014247291962,41.227585489204856,0.1659710495197741,0.16328056889341036,-0.9386212272070699,0.2545255554545422,,,,52,31.3295156957027,-8.115529137864106,18.068447415587613
1660857727.4423237,LIDAR_ONLY,14.956141776922104,24.720480929504294,41.2876825588578,0.15633526585539814,0.14977216782409958,-0.9464825909712508,0.2393706067660346,,,,59,31.3295156957027,-8.115529137864106,18.068447415587613
1660857727.5430763,LIDAR_ONLY,14.989151822092506,24.72469571890945,41.326715987187946,0.14476403669676938,0.14287559807872183,-0.9523918637062947,0.2271115917318064,,,,48,31.422755595516072,-8.174555006429108,18.03716584825873
1660857727.6436272,LIDAR_ONLY,15.031083086950906,24.726293448085528,41.35774854331861,0.13435780953555188,0.14801774032463608,-0.956982748976311,0.21029204865553056,,,,80,31.49042775523961,-8.220583411491534,18.05850212299675
1660857727.7469172,LIDAR_ONLY,15.06857785486484,24.73241074364145,41.37874137243267,0.1226619692491391,0.16012439468933706,-0.9617831175842584,0.18516871834951318,,,,80,31.49042775523961,-8.220583411491534,18.05850212299675
1660857727.84762,LIDAR_ONLY,15.103466778158634,24.732888175061433,41.396268741751385,0.11764903197880183,0.1576137960556483,-0.9664704123425347,0.16508040051390213,,,,60,31.559058432619743,-8.293050589700652,18.02377064896119
1660857727.9482136,LIDAR_ONLY,15.134520770663944,24.733917505746444,41.42181325081315,0.11652895829703835,0.15711773993788788,-0.9679744675163513,0.15735452936427868,,,,88,31.602009137552283,-8.34812398265601,18.00653006443898
1660857728.0487962,LIDAR_ONLY,15.159721594745706,24.742194403982282,41.43517249320294,0.11597196957382036,0.16294246375984875,-0.9677607844082636,0.15309905270295293,,,,88,31.602009137552283,-8.34812398265601,18.00653006443898
1660857728.1493883,LIDAR_ONLY,15.171678886122507,24.75614331572162,41.45019573573834,0.11430818701294955,0.15920590666852832,-0.9689368973093825,0.15082574944661062,,,,77,31.616382953214043,-8.437296331601946,17.941718509723632
1660857728.2500892,LIDAR_ONLY,15.180951565127126,24.766338430964296,41.45725022189202,0.11432868041449619,0.15899959500431424,-0.9689396123238212,0.15101029532090604,,,,78,31.68132858407402,-8.43462749906562,17.94660957912718
1660857728.3506963,LIDAR_ONLY,15.186788434757366,24.76824573125955,41.46395325657253,0.1166570097502713,0.1616166773309284,-0.968065141997575,0.15205614927996403,,,,73,31.68132858407402,-8.43462749906562,17.94660957912718
1660857728.461607,LIDAR_ONLY,15.18728724312922,24.762262083668684,41.46866209315615,0.11967522318288708,0.16372031981808566,-0.9672970252495532,0.15234816302848966,,,,100,31.716870446396758,-8.455483955646624,17.89732911973703
1660857728.5521393,LIDAR_ONLY,15.193827915085045,24.7624475729436,41.46547845005203,0.12292794660130561,0.1641338879160044,-0.9669699222060154,0.151386777265571,,,,44,31.716870446396758,-8.455483955646624,17.89732911973703
1660857728.6627338,LIDAR_ONLY,15.209196816016497,24.756171150243652,41.46966588467493,0.12122955905888022,0.16159228130753567,-0.9679701570491472,0.14908086293842354,,,,92,31.73733465107599,-8.464438173128894,17.896302906623994
1660857728.7633264,LIDAR_ONLY,15.234635793500754,24.7505089825558,41.48317988110362,0.12156799326682143,0.16346436098936853,-0.9683517234657751,0.14420667585198213,,,,48,31.735449213848224,-8.471496908512774,17.888084935990502
1660857728.8538532,LIDAR_ONLY,15.270234939982272,24.73887913237249,41.497840398787346,0.11983304369393541,0.16017652025095488,-0.9695886161744768,0.14100155809141307,,,,76,31.735449213848224,-8.471496908512774,17.888084935990502
1660857728.9544423,LIDAR_ONLY,15.304982679253381,24.733042002917617,41.5035540004556,0.1217583458417551,0.16007567359328478,-0.9696777555303712,0.1388370785169358,,,,81,31.749493285631438,-8.480495902948972,17.892451042966158
1660857729.0550852,LIDAR_ONLY,15.337512808807283,24.731301785788553,41.51191773986087,0.12537453192957068,0.15383760802802413,-0.9708264884437121,0.13457765949706627,,,,82,31.76443313682982,-8.511265570697715,17.89410713499417
1660857729.1557596,LIDAR_ONLY,15.368977195233551,24.727983285892236,41.54029058787632,0.12570815001247665,0.14824876419857116,-0.9719915611100807,0.1321066616973786,,,,85,31.76443313682982,-8.511265570697715,17.89410713499417
1660857729.2564402,LIDAR_ONLY,15.40007068911183,24.72738760156333,41.55683612143847,0.12953640399983582,0.1456533959291721,-0.9721527661008386,0.13009384172811267,,,,84,31.810399413779113,-8.568823446112159,17.890752240797667
1660857729.3584523,LIDAR_ONLY,15.42609266005551,24.733967157285523,41.56201924944084,0.12871849517003922,0.14109238181204786,-0.9712000826595807,0.14246012858967796,,,,90,31.835132201457508,-8.597133252235404,17.87986650728664
1660857729.4599786,LIDAR_ONLY,15.444045575792309,24.743521489672272,41.576650028730064,0.12550108604592358,0.133712813846641,-0.9695462415954902,0.16232820525887245,,,,88,31.835132201457508,-8.597133252235404,17.87986650728664
1660857729.590747,LIDAR_ONLY,15.467225590570651,24.757367702686565,41.577478572321,0.12545002679402437,0.12921917217555184,-0.9653991935076784,0.1885977027812584,,,,73,31.87566158284258,-8.641922519255948,17.870452169753673
1660857729.6719255,LIDAR_ONLY,15.480115182423589,24.753089687729577,41.58455156430424,0.12243261175416446,0.12544859678573053,-0.9609793182166929,0.21398984813146005,,,,70,31.915975008432856,-8.651521687797093,17.862911752981333
1660857729.7949038,LIDAR_ONLY,15.494908714331261,24.7581154807906,41.585168724714805,0.10508053635279148,0.1264608072186586,-0.9664743412373502,0.19721331812847978,,,,60,31.96031305323137,-8.670002420552938,17.83648227282114
1660857729.8954415,LIDAR_ONLY,15.546530666948616,24.779854397145005,41.607875932644575,0.018233731448905676,0.13430593927733459,-0.9707895739142787,0.19798244591785283,,,,40,31.96031305323137,-8.670002420552938,17.83648227282114
1660857729.9763048,LIDAR_ONLY_SAFE,15.587929407071774,24.791890983178213,41.62852767430934,-0.05027930873521423,0.13553286428911868,-0.9689593718707167,0.20055066560498552,,,,18,31.96031305323137,-8.670002420552938,17.83648227282114
1660857730.0669684,LIDAR_ONLY,15.60494478020114,24.808804582839347,41.64645031741396,-0.0743443689880847,0.1335200019620011,-0.967971375039308,0.19919021306364987,,,,24,31.97810216477809,-8.688949097315273,17.828245182815685
1660857730.1787965,LIDAR_ONLY,15.610921036412504,24.817082073829408,41.65004673011896,-0.07989048669346956,0.1326793844823265,-0.9676205162828725,0.19930937644210026,,,,48,31.946651617292673,-8.757692074505362,17.7393259685109
1660857730.2693334,LIDAR_ONLY,15.61526208020283,24.827309831597184,41.65327690596324,-0.08495120781852215,0.13042981220525815,-0.9680331742161922,0.1966802735283812,,,,69,31.946651617292673,-8.757692074505362,17.7393259685109
1660857730.3699455,LIDAR_ONLY,15.621502908785518,24.837423457301963,41.65634647243872,-0.08408796559965134,0.13355989603329718,-0.9667369685136857,0.20127245693799176,,,,67,32.111041562827374,-8.786989190385608,17.761090139275204
1660857730.4715662,LIDAR_ONLY,15.619933616047007,24.83830305585314,41.659654324852994,-0.08153875485650025,0.13216201565648159,-0.9671054908276029,0.20147357813164735,,,,82,32.104869403523,-8.77758576397815,17.760983822826496
1660857730.5721498,LIDAR_ONLY,15.61878336142573,24.837422177178407,41.6590017932619,-0.07849267845926275,0.1296530665670828,-0.9676272230388129,0.20180817374982157,,,,90,32.104869403523,-8.77758576397815,17.760983822826496
1660857730.6732674,LIDAR_ONLY,15.62436912255839,24.83664038117066,41.66185313799078,-0.08118885014298936,0.1319506826384345,-0.9667286552769155,0.20355120984704872,,,,90,32.14067136123332,-8.764039351989698,17.762008461988668
1660857730.7738426,LIDAR_ONLY,15.620703449447806,24.839175118788784,41.656131869822886,-0.06314325446476979,0.1309145338054594,-0.9672221998938991,0.20821990847779848,,,,81,32.14357795986557,-8.766899555070019,17.761349075779695
1660857730.874395,LIDAR_ONLY,15.607864159599195,24.848378672247772,41.6456322968208,-0.03574192256598465,0.1248608284846566,-0.9682298704907162,0.2136895092674027,,,,50,32.14777053352698,-8.78123100973685,17.7513277965078
1660857730.9749715,LIDAR_ONLY,15.587350479684744,24.857550924259645,41.63334896405845,-0.006752846624500384,0.11882414178226641,-0.9687532976142623,0.21760576911852858,,,,50,32.14777053352698,-8.78123100973685,17.7513277965078
1660857731.0770278,LIDAR_ONLY,15.568969748779638,24.863933711037856,41.63399173011456,0.017800648198572373,0.1202250735190057,-0.9677807530799271,0.22052093458243313,,,,52,32.157957093406964,-8.761942556560085,17.76807022642489
1660857731.1792734,LIDAR_ONLY,15.557110134023851,24.874606460821294,41.615285644327585,0.039385197716997125,0.11469986718167097,-0.9679193610498182,0.22005648632615155,,,,62,32.13574624557702,-8.747587152591018,17.770573458556985
1660857731.2899988,LIDAR_ONLY,15.548086934854084,24.888725648089256,41.589259402704734,0.05620211910234592,0.11721147787405507,-0.9658295121688404,0.22422342582050928,,,,59,32.14159012226173,-8.702794503771793,17.785840482298713
1660857731.3905487,LIDAR_ONLY,15.540412400666874,24.89783953426873,41.576684838110374,0.06339245751245329,0.1208076246910918,-0.961565988822348,0.23828084960216278,,,,67,32.14159012226173,-8.702794503771793,17.785840482298713
1660857731.4710023,LIDAR_ONLY,15.531202124196886,24.901690382383787,41.57033598427953,0.07215230108324418,0.10967730549821446,-0.9578658324207252,0.25545641739442687,,,,74,32.10473064528076,-8.693152865457549,17.770770104598316
1660857731.5830185,LIDAR_ONLY,15.524472004957758,24.89070769267699,41.567885478133476,0.07683350894574889,0.10400246450896078,-0.95169412259183,0.27849308124855265,,,,63,32.081837286754535,-8.667894360541267,17.77160361401307
1660857731.683575,LIDAR_ONLY,15.526780830622366,24.866621289411455,41.557350833644385,0.07943592590474925,0.10061444357199753,-0.9409893025799501,0.31321845387916036,,,,65,32.08294213880563,-8.655433651459006,17.782685327040138
1660857731.794209,LIDAR_ONLY,15.527487938049916,24.81611680814914,41.551399976363996,0.08091666773093337,0.10430396092483814,-0.9315278708099001,0.33886428333934193,,,,42,32.08294213880563,-8.655433651459006,17.782685327040138
1660857731.884743,LIDAR_ONLY,15.547952458196315,24.798212882574948,41.55036822767176,0.056663180373020705,0.10200690420678743,-0.9384762539331372,0.32503260803769807,,,,48,32.08539337856437,-8.64990804533772,17.790328899910016
1660857731.9754922,LIDAR_ONLY,15.593875506299975,24.8146538790926,41.56616303559227,-0.010242452284838938,0.09715671791554593,-0.9416595446686484,0.3220760256049894,,,,28,32.07251696965742,-8.675448823670505,17.80096066793038
1660857732.0878103,LIDAR_ONLY,15.637612700995511,24.832040989945302,41.561095569533975,-0.057007636180898616,0.08860148500881494,-0.9400612157918016,0.32432208810893415,,,,28,32.07251696965742,-8.675448823670505,17.80096066793038
1660857732.1886055,LIDAR_ONLY,15.65351543413436,24.837817632076543,41.554241020839385,-0.0680862377729991,0.07628830573150899,-0.9413328130265758,0.32161606575855034,,,,30,32.05098496242459,-8.728529227373347,17.828838407454374
1660857732.2893977,LIDAR_ONLY_SAFE,15.65594251810584,24.832412316887652,41.549743528997695,-0.07023227037416363,0.07956246224707562,-0.9415163537647652,0.31981900880462805,,,,19,32.06477397603809,-8.752931138458395,17.812604350627932
1660857732.3912692,LIDAR_ONLY,15.65919211467812,24.837739352857483,41.54517874724704,-0.06892641359942633,0.08076685807507178,-0.9408118975558009,0.32186773302469357,,,,23,32.13954322235044,-8.774766471942337,17.826769519845254
1660857732.4835114,LIDAR_ONLY,15.658416763672893,24.850465313529668,41.53778094261032,-0.07088390160421962,0.07213760593216863,-0.939801042816377,0.32641329357884435,,,,95,32.13954322235044,-8.774766471942337,17.826769519845254
1660857732.5941477,LIDAR_ONLY,15.658418902624598,24.856260410229428,41.54160468511524,-0.07734149078243181,0.06514489729448017,-0.9315608570005272,0.349240326801597,,,,95,32.1341415471831,-8.779004104804233,17.84062706099145
1660857732.6846752,LIDAR_ONLY_SAFE,15.669953183807639,24.85966051519402,41.53992307901365,-0.08820153676517611,0.07049902641563761,-0.9320536287539856,0.3442766464825001,,,,14,32.15524771624668,-8.778153941304348,17.842788879490953
1660857732.7960079,LIDAR_ONLY,15.681503322186591,24.87586883196021,41.54615415451366,-0.09990603645556441,0.06770258082196534,-0.9323662170630523,0.3407761460391819,,,,50,32.15524771624668,-8.778153941304348,17.842788879490953
1660857732.9078412,LIDAR_ONLY,15.684878214272523,24.881233884679183,41.547446052862725,-0.11370033415265167,0.06408472637721456,-0.9289464770740248,0.3464445476414535,,,,29,32.15125428490229,-8.766338347573193,17.83914123324198
1660857732.9983237,LIDAR_ONLY,15.67907207660718,24.896440836246658,41.54809586255018,-0.11171317077378433,0.045967631997590776,-0.9158918685659111,0.38281748834012985,,,,44,32.14791354846783,-8.772883853883407,17.83982161325517
1660857733.088848,LIDAR_ONLY,15.681855462628151,24.893158066874406,41.54477583028958,-0.10777149919270185,0.033318350382107495,-0.8993419749623243,0.42244432007122423,,,,27,32.17326966324817,-8.770948689112092,17.839781212794712
1660857733.1994991,LIDAR_ONLY,15.69804621426678,24.90662123441771,41.553668761452755,-0.10319822886642423,0.0025819728680523623,-0.8786763904226816,0.46612365300283665,,,,21,32.17326966324817,-8.770948689112092,17.839781212794712
1660857733.2900712,LIDAR_ONLY_SAFE,15.729423479765591,24.93356647228645,41.56761639861099,-0.10385057566524025,-0.023796575088661228,-0.8579687956057536,0.502531916115644,,,,14,32.18712247275307,-8.755593470266579,17.84347071632574
1660857733.3930316,LIDAR_ONLY,15.756024127810168,24.953230415819093,41.5773015922553,-0.10036659764533448,-0.037593632219904104,-0.8419825880774603,0.5287519137251383,,,,26,32.20537351867442,-8.74425894213746,17.85141660549234
1660857733.4941394,LIDAR_ONLY_SAFE,15.789030448548496,24.980365839357326,41.5642599175333,-0.1031229441110514,-0.03897231540584895,-0.8297214999640757,0.5471828300734045,,,,15,32.265433724521124,-8.751916906238307,17.810666966060037
1660857733.5946608,LIDAR_ONLY,15.807535342214628,25.01392697994299,41.5613836400558,-0.10828929336765153,-0.0437548196428881,-0.8211865288146586,0.5585800118096645,,,,34,32.265433724521124,-8.751916906238307,17.810666966060037
1660857733.6952147,LIDAR_ONLY,15.833212371190125,25.055579176838464,41.55422885432656,-0.11064924562879344,-0.045520678155387156,-0.8071922644626504,0.5780356913666417,,,,42,32.296830377220346,-8.766675164252971,17.779246098401117
1660857733.7958043,LIDAR_ONLY,15.861066568682883,25.096258941043835,41.54109266908502,-0.11540832540205997,-0.05589778212138832,-0.7927806863679728,0.5958650348054733,,,,25,32.282878652999315,-8.778922558106757,17.738851865104778
1660857733.8977308,LIDAR_ONLY,15.895872535115851,25.17128751653213,41.52592716032756,-0.12789411626893735,-0.06961170181180396,-0.7837368574916067,0.6037829446115822,,,,33,32.282878652999315,-8.778922558106757,17.738851865104778
1660857733.9994693,LIDAR_ONLY_SAFE,15.94372061025572,25.257263402518262,41.5160380340188,-0.14817495159309,-0.07137449119011452,-0.7717166412564898,0.614331580936175,,,,17,32.3057202300681,-8.75995554084844,17.66432206298619
1660857734.1006207,LIDAR_ONLY,15.984046530039302,25.34496067635088,41.50603349054917,-0.16539318013748783,-0.08388176502463102,-0.7638328791496733,0.6181976044844251,,,,27,32.31373392497349,-8.758657831088888,17.622649907154706
1660857734.2021759,LIDAR_ONLY_SAFE,16.025437260018126,25.433953240423183,41.48891392749639,-0.19475295381171648,-0.08977038384733457,-0.7593112487418532,0.6143769141981177,,,,17,32.35726981072001,-8.701450361769444,17.47441022269433
1660857734.302726,LIDAR_ONLY,16.05722947345178,25.526826027984853,41.468877817284856,-0.2182450063888582,-0.09555221124498177,-0.7501896247676753,0.6168098726540103,,,,23,32.35726981072001,-8.701450361769444,17.47441022269433
1660857734.40331,LIDAR_ONLY,16.085975818421716,25.620750110909004,41.45369913481878,-0.22703653485151867,-0.0989694296985868,-0.7421253153236405,0.6228237954538498,,,,24,32.38546937790835,-8.680973245582072,17.402936156365424
1660857734.5039,LIDAR_ONLY,16.101671510082326,25.70406512410442,41.435516037843925,-0.23679916513387142,-0.09818882529182094,-0.7385568891701481,0.6235533910091641,,,,24,32.37974154639606,-8.657611659646703,17.29562339422908
1660857734.604522,LIDAR_ONLY,16.117202930202033,25.774186944701718,41.41424140816929,-0.25255371374926394,-0.08546815580859633,-0.7381628203669286,0.6196994970484275,,,,36,32.42504819920955,-8.586840368772897,17.125932318132367
1660857734.7050934,LIDAR_ONLY,16.13738136838265,25.84473865674923,41.38617175505095,-0.26791711204653135,-0.06401190209874043,-0.745239669137744,0.6072402597043558,,,,35,32.42504819920955,-8.586840368772897,17.125932318132367
1660857734.8055625,LIDAR_ONLY,16.15773993254298,25.938411007712183,41.38206188410306,-0.27338194657952103,-0.052879125564042034,-0.7545739211667731,0.5942089757475688,,,,35,32.42966804604153,-8.52573915617152,17.07100331852818
1660857734.9066615,LIDAR_ONLY,16.1779969242761,26.020157975283038,41.35176223281132,-0.27873410742292104,-0.04722189488850975,-0.7653321319037775,0.5782249716830855,,,,25,32.41094670275018,-8.494678356352903,16.99370419803813
1660857735.0072117,LIDAR_ONLY,16.19985469282412,26.080917462224498,41.31704218166263,-0.28862886483369105,-0.04190769890756588,-0.7710069308579288,0.5661143309669214,,,,42,32.44430637133612,-8.407037390528597,16.81189091396953
1660857735.1178403,LIDAR_ONLY,16.228444143141385,26.13484974131908,41.29231360333991,-0.2929601985035147,-0.033545804060734215,-0.7777055288038146,0.5551784502217998,,,,28,32.44430637133612,-8.407037390528597,16.81189091396953
1660857735.2191622,LIDAR_ONLY,16.271610905201673,26.197898877661075,41.28793385850008,-0.2944341273474205,-0.02519542760953012,-0.7847596438778822,0.5448174340284966,,,,22,32.41230903940177,-8.360545232720977,16.738788185542326
1660857735.3096817,LIDAR_ONLY,16.317287855673385,26.25748870885175,41.28414464688154,-0.2973590635066519,-0.018873922195549512,-0.7864753733742317,0.5409970882428723,,,,29,32.39336253567583,-8.323678378848754,16.666111464616126
1660857735.411304,LIDAR_ONLY,16.35993313539191,26.308823363607868,41.255952575908324,-0.2975635257626544,-0.025656306500839887,-0.788009246464655,0.5383670955385739,,,,44,32.408993186217614,-8.285953895333368,16.540274383665125
1660857735.512852,LIDAR_ONLY,16.39821754363203,26.36447673891132,41.224444034130116,-0.30250352045335993,-0.029237672588075584,-0.7864755818644038,0.5376736349738598,,,,45,32.408993186217614,-8.285953895333368,16.540274383665125
1660857735.6134386,LIDAR_ONLY,16.45303296777719,26.427650549979397,41.2085392529427,-0.3002880053603926,-0.02289929698576779,-0.7879161877381042,0.5371134117991161,,,,30,32.44259306265737,-8.268471873628048,16.486783008277914
1660857735.7140436,LIDAR_ONLY,16.495390582410323,26.473793768335025,41.18964319192851,-0.30571974789501993,-0.02127822365115615,-0.7882620717554216,0.533596832053103,,,,36,32.46264585227673,-8.258172794079892,16.425446507126516
1660857735.814612,LIDAR_ONLY,16.543838135730535,26.52120636040393,41.165935796005144,-0.3059909104739308,-0.023669824228342493,-0.7901248441552153,0.5305770752464065,,,,43,32.46264585227673,-8.258172794079892,16.425446507126516
1660857735.9153225,LIDAR_ONLY,16.602062877793696,26.57255567138414,41.124966828461886,-0.3073611980984725,-0.019095815666757096,-0.7918754998713976,0.5273496339535252,,,,43,32.48588223486875,-8.23545154210069,16.287319839599704
1660857736.0174491,LIDAR_ONLY,16.661447986434535,26.62293807226924,41.07160245869124,-0.30682992879004384,-0.02073796768623641,-0.7936436739142353,0.5249333770592763,,,,43,32.480481552289234,-8.228946596110557,16.206186302314574
1660857736.1180184,LIDAR_ONLY,16.71655492405615,26.664750612843083,41.04938543997546,-0.30584287076878924,-0.01324466594494364,-0.7948969018391628,0.5238545911514119,,,,43,32.485507851950814,-8.224631023418311,16.053643787588047
1660857736.218553,LIDAR_ONLY,16.770030283149488,26.71041806295729,41.020480456830775,-0.3084783684859821,-0.013367576622235776,-0.7956073246497928,0.5212210558247571,,,,43,32.485507851950814,-8.224631023418311,16.053643787588047
1660857736.3192105,LIDAR_ONLY,16.810272498707054,26.755245813608912,40.99101151266247,-0.30794242686127404,-0.0149159955339983,-0.7980696575380988,0.5177198050423032,,,,33,32.4768963060345,-8.228593574684883,15.95422863409099
1660857736.419762,LIDAR_ONLY,16.850182092515663,26.798727091781437,40.971602756794304,-0.30818080196232717,-0.009610445908166522,-0.8013178085644961,0.5126616840653266,,,,36,32.48963313632365,-8.23105228823936,15.902755473405872
1660857736.533045,LIDAR_ONLY,16.88578237988667,26.843916292807574,40.956304224918,-0.3079048684083883,0.0018621052974609519,-0.8051062499934184,0.5069467928647045,,,,56,32.485971097877645,-8.248655772419555,15.781923108212343
1660857736.633626,LIDAR_ONLY,16.916926061552026,26.88900041847461,40.911222733252956,-0.3072115087903651,0.015865774520413458,-0.8093899531927365,0.5002572035825918,,,,44,32.485971097877645,-8.248655772419555,15.781923108212343
1660857736.7241538,LIDAR_ONLY,16.951830301937058,26.940740626018563,40.87139365449539,-0.3039171927089149,0.032496794885605404,-0.8133490169147513,0.49501684312950706,,,,48,32.497126492784766,-8.213750340348538,15.70046394953858
1660857736.835867,LIDAR_ONLY,16.992163973752014,26.985466782685272,40.84208788635312,-0.30405926436143144,0.05413431902083483,-0.815750598593967,0.4890484640132513,,,,43,32.50724998958289,-8.19636167248779,15.630928932502242
1660857736.928053,LIDAR_ONLY,17.011755071035786,27.0149935490354,40.80045090645918,-0.28378907234671286,0.07449893160351256,-0.8232386023029261,0.4859957564473709,,,,44,32.46358529471856,-8.170890011124143,15.49056105466793
1660857737.0185597,LIDAR_ONLY,17.03260638307672,27.050745944324536,40.784294419585585,-0.2663473244405021,0.08647063958890755,-0.8296760688493013,0.4829281023415813,,,,38,32.46358529471856,-8.170890011124143,15.49056105466793
1660857737.1292405,LIDAR_ONLY,17.058601861831942,27.087141443407106,40.766024621369915,-0.23327238614101414,0.10305932915930813,-0.8365790725438689,0.4848692853944775,,,,37,32.4838813340977,-8.16571694298312,15.435734674708813
1660857737.2298052,LIDAR_ONLY,17.08964594795022,27.124595134454605,40.75538364179534,-0.20813825326708196,0.12427275680746967,-0.8422093459988169,0.4815788273529525,,,,35,32.47446320766332,-8.160061813938162,15.377287366103053
1660857737.3303773,LIDAR_ONLY,17.120020016261257,27.145595110479086,40.738647339938616,-0.17818712152854937,0.1474785689343205,-0.8477794464532387,0.477251958191787,,,,49,32.47446320766332,-8.160061813938162,15.377287366103053
1660857737.4309523,LIDAR_ONLY,17.146452590879043,27.16774390385314,40.71675923183781,-0.15121737192161241,0.15972773248344127,-0.8533713054836953,0.4726285781476536,,,,43,32.489467742298324,-8.137149788742017,15.287124747969697
1660857737.5320559,LIDAR_ONLY,17.186193569296172,27.18544016583113,40.70357799168157,-0.13049151652196916,0.17255459843367077,-0.8569337637702571,0.4678262489276684,,,,48,32.50841442090712,-8.12849367112307,15.252408485685955
1660857737.6326387,LIDAR_ONLY,17.2261059469169,27.20052296588094,40.697102871530504,-0.11014224822055169,0.18999568473560943,-0.8597939215512075,0.4610040535639198,,,,51,32.535946274758444,-8.116715513969655,15.166501774362821
1660857737.7332067,LIDAR_ONLY,17.25235342812731,27.22302684645656,40.682364157336536,-0.09721785181563149,0.18976353180370537,-0.8670858975524086,0.45022276436390024,,,,54,32.535946274758444,-8.116715513969655,15.166501774362821
1660857737.8338041,LIDAR_ONLY,17.28900345579201,27.24814420304456,40.67582430360398,-0.0980337132324558,0.1959403857237323,-0.871574312846832,0.4385829151914886,,,,62,32.540798635616426,-8.126028417475602,15.13008192631575
1660857737.9343796,LIDAR_ONLY,17.3187066977783,27.268384013972437,40.68137573826571,-0.09784793196405059,0.20191294135685267,-0.8740568323386502,0.43090787897775495,,,,61,32.54851268118301,-8.12993796238138,15.075890771207726
1660857738.034955,LIDAR_ONLY,17.342720001332754,27.292977627863547,40.67446685737182,-0.08882222714511809,0.2066159046230804,-0.8759473211097423,0.4267748476215921,,,,59,32.576089862622325,-8.11815652833465,15.00403861362465
1660857738.1354876,LIDAR_ONLY,17.361128542368807,27.31360176289455,40.66100738689757,-0.08337515733161228,0.20867763761020194,-0.8780828104657872,0.42246041786877353,,,,99,32.576089862622325,-8.11815652833465,15.00403861362465
1660857738.2477431,LIDAR_ONLY,17.383042118078123,27.330526508413907,40.65816721030217,-0.0840075962951059,0.2078587532294557,-0.8796491497266381,0.41946970791204635,,,,105,32.620012989181,-8.104179695077129,14.986667997044073
1660857738.3382654,LIDAR_ONLY,17.411920498797684,27.343571901278846,40.66476557518267,-0.08322345968435285,0.2108725299771831,-0.8802658772286778,0.4168196459453603,,,,100,32.66732371081556,-8.115727110950544,14.984937379855657
1660857738.4388204,LIDAR_ONLY,17.43165853330816,27.35796867431767,40.66296838013114,-0.08494046354047845,0.21486496854921414,-0.8811395424409326,0.41256668514418093,,,,99,32.66732371081556,-8.115727110950544,14.984937379855657
1660857738.5395787,LIDAR_ONLY,17.445490398633535,27.366265657627732,40.66485387578745,-0.08760099389756064,0.2213182548133491,-0.8807841270964326,0.4093453522510159,,,,110,32.7012094697975,-8.114345134286939,14.943215271349654
1660857738.6401906,LIDAR_ONLY,17.460414467039158,27.38100017781789,40.66150520339139,-0.08844229280033707,0.2191897505836591,-0.8828519960355171,0.40584007586658577,,,,44,32.72138969172946,-8.118528167470389,14.933808885388244
1660857738.7417924,LIDAR_ONLY,17.47266799879304,27.387654634480246,40.66291498502713,-0.0892382979481367,0.2241201313089194,-0.8830985714894257,0.4024221737860974,,,,106,32.747565115756736,-8.117551190062912,14.904238033410925
1660857738.8423834,LIDAR_ONLY,17.474659836302678,27.39384997458285,40.65937639752072,-0.08737248218312771,0.22582406811484074,-0.8833010788987187,0.40143336138589997,,,,49,32.747565115756736,-8.117551190062912,14.904238033410925
1660857738.9432068,LIDAR_ONLY,17.46917073419453,27.39793085532961,40.66258183839352,-0.08542104313150174,0.23098209085917962,-0.8816653389102104,0.4025130423439617,,,,119,32.77630290408077,-8.116021967394769,14.896750277524285
1660857739.0438092,LIDAR_ONLY,17.45630096247459,27.403546178256555,40.663554276639054,-0.08206419123308598,0.23433012903744516,-0.8804487677442884,0.4039366615202411,,,,126,32.785469622374634,-8.115420441438312,14.875283142285326
1660857739.1444983,LIDAR_ONLY,17.458126901817927,27.406810502644042,40.675878397565306,-0.08390034758698131,0.23635541929244602,-0.8795532121781382,0.404330303579876,,,,119,32.80712449541441,-8.102233648794279,14.881357584952667
1660857739.2465816,LIDAR_ONLY,17.457810126494078,27.41517626604065,40.68162413982453,-0.08565754004466501,0.2417225469683105,-0.8767475384694121,0.40687436624648177,,,,120,32.80712449541441,-8.102233648794279,14.881357584952667
1660857739.3471622,LIDAR_ONLY,17.444724547990223,27.422423544161756,40.69700565095699,-0.08377188208915493,0.24350657802969142,-0.8762546711126505,0.40726474139160534,,,,66,32.77758993861671,-8.094714470772502,14.869558254229869
1660857739.4394248,LIDAR_ONLY,17.43584141501532,27.434412388683345,40.69833705606814,-0.08742845384139199,0.24113144207878356,-0.8748906955742954,0.41082619670297965,,,,114,32.8032849562814,-8.087297943425384,14.869918969527237
1660857739.560068,LIDAR_ONLY,17.430308335403872,27.440523306204764,40.707583370783645,-0.08562172083311459,0.2427948261007455,-0.8724918466179644,0.41530419083541603,,,,48,32.80085477897181,-8.061354670505539,14.885621254557112
1660857739.6513238,LIDAR_ONLY,17.42111618337792,27.448338029971378,40.7088957475588,-0.08853086497254674,0.24726901256877928,-0.8689304733659434,0.41949988537127303,,,,119,32.80085477897181,-8.061354670505539,14.885621254557112
1660857739.7519436,LIDAR_ONLY,17.41711836357213,27.44948756060751,40.71671828221737,-0.08516925314088164,0.2499211190393855,-0.8637019040635469,0.42930717848008265,,,,114,32.81338463460662,-8.049515037205488,14.89225085973625
1660857739.842477,LIDAR_ONLY,17.409222232470363,27.45352586164561,40.71152821171316,-0.08196099847163374,0.2483280469800308,-0.8554468172410358,0.44701937171088946,,,,114,32.810374055020084,-8.02986358352623,14.884214278338083
1660857739.9733896,LIDAR_ONLY,17.41223215330753,27.451218559614745,40.72117297809966,-0.07570420241135875,0.2467856645783763,-0.8446342360294407,0.46899756590288644,,,,44,32.8051887216405,-8.009823487086512,14.891947828326591
1660857740.053855,LIDAR_ONLY,17.421044883686722,27.45311848647527,40.72038641212176,-0.06793299933521624,0.24483700225546354,-0.8302146038548754,0.49616898479648247,,,,86,32.8051887216405,-8.009823487086512,14.891947828326591
1660857740.1444707,LIDAR_ONLY,17.429468560316664,27.46032618548014,40.71621153295859,-0.062428121184572624,0.23785366149031878,-0.8101847971049398,0.5320986374170118,,,,73,32.79154782383915,-8.00810935775965,14.890818785898157
1660857740.2551162,LIDAR_ONLY,17.446603026093005,27.452699698081467,40.71744862224996,-0.05342230801108197,0.23332018293142578,-0.7818939732673058,0.5756297106750841,,,,49,32.80096337785712,-8.005196400521864,14.874605174311952
1660857740.3477604,LIDAR_ONLY,17.45840188322598,27.440452002718867,40.71464160839009,-0.04130609555770774,0.22719631271000135,-0.7532539163853689,0.615860519444834,,,,56,32.80096337785712,-8.005196400521864,14.874605174311952
1660857740.4483802,LIDAR_ONLY,17.47140781063703,27.42728588215103,40.705935902491646,-0.03179160630727541,0.2204273130132139,-0.7224832961893318,0.6545372259647086,,,,53,32.798259496742965,-8.006643881143999,14.861125334352256
1660857740.5592282,LIDAR_ONLY,17.479441870840684,27.40799903964382,40.67561299344574,-0.025784396604370787,0.21674643853241304,-0.6893797275942593,0.6907327540064453,,,,55,32.80409021047949,-8.025422631369304,14.856605254383243
1660857740.6610303,LIDAR_ONLY,17.495453405341326,27.42069930238778,40.67846461441534,-0.04897296527747787,0.18774313796872222,-0.6549318316373058,0.7303550223869156,,,,60,32.818659848342854,-8.054866977212047,14.822462850262538
1660857740.7514942,LIDAR_ONLY,17.5155222824014,27.478092091201393,40.69063394948485,-0.10996384653025441,0.1430789528952941,-0.6178276012428665,0.7653270025532501,,,,33,32.818659848342854,-8.054866977212047,14.822462850262538
1660857740.862126,LIDAR_ONLY,17.526054902932454,27.534008823460127,40.70506946560671,-0.13921424595269097,0.1028708573765484,-0.578900931588974,0.796812833626477,,,,23,32.80893851169375,-8.086408055737358,14.799612110469422
1660857740.962789,LIDAR_ONLY_SAFE,17.529368579895515,27.55418029376494,40.684871139593426,-0.14314329241775697,0.08439659297589079,-0.5462027935232413,0.8210053113575293,,,,19,32.85431323900786,-8.08042024475977,14.80640775799407
1660857741.0638204,LIDAR_ONLY,17.526189361876664,27.571804127890243,40.6777791734741,-0.13382911147519222,0.07096349832436927,-0.5235542126327866,0.8384181160147907,,,,32,32.85431323900786,-8.08042024475977,14.80640775799407
1660857741.1647768,LIDAR_ONLY,17.53668632113339,27.58644808497261,40.67255296897747,-0.1295380771498383,0.07056488843088167,-0.507115892453063,0.8491607354974635,,,,37,32.98792762087451,-8.015017745616003,14.78467292086344
1660857741.255267,LIDAR_ONLY,17.547276561541768,27.59277681896011,40.672237473745554,-0.1274946777305343,0.0715970651727703,-0.49730107610478896,0.8551670053937139,,,,53,32.985907583439364,-8.003973022581574,14.762182396654728
1660857741.3579311,LIDAR_ONLY,17.555651033851372,27.60524275597996,40.66767385108191,-0.11409949597437509,0.07941319989981503,-0.49138677607058523,0.8597754852303141,,,,54,32.985907583439364,-8.003973022581574,14.762182396654728
1660857741.4584985,LIDAR_ONLY,17.55362748755949,27.612366526654352,40.66123186175776,-0.10691556833735828,0.08205039306509185,-0.4923264257852627,0.859913649570974,,,,67,32.99039072199664,-7.9979568965824175,14.725753435648464
1660857741.5592172,LIDAR_ONLY,17.547878696839586,27.612598710957354,40.662630677316926,-0.1069471800847942,0.08029727117325343,-0.4943240549860068,0.858928621933296,,,,66,32.9924000385246,-8.004418029537774,14.711783064838421
1660857741.6623542,LIDAR_ONLY,17.53920206213196,27.607330314130596,40.666440950579414,-0.10611168478036251,0.08181024396380336,-0.493873215619019,0.8591487887611703,,,,67,33.00240016399047,-8.002071175898797,14.708621102162628
1660857741.7629359,LIDAR_ONLY,17.535295711139145,27.602292741066712,40.67393963424291,-0.10720152017191202,0.08201638930740088,-0.4956275767730718,0.857982780188426,,,,126,33.00240016399047,-8.002071175898797,14.708621102162628
1660857741.863513,LIDAR_ONLY,17.530512710884157,27.603350378907052,40.677808997296225,-0.10044435704128381,0.08831674667741224,-0.49098215587444294,0.8608412199748366,,,,96,32.99665989225029,-7.992828179068874,14.707839796808306
1660857741.9640994,LIDAR_ONLY,17.525727617119163,27.57764626796657,40.684078423375155,-0.09244690754968628,0.1045452590597394,-0.49591111953278927,0.8570857714466898,,,,86,33.001389090691134,-7.996340677204157,14.716229840982946
1660857742.0676184,LIDAR_ONLY,17.523357254787694,27.559688687573814,40.68266204101038,-0.06758900222860531,0.12377990197128595,-0.497353104265284,0.8560082665041303,,,,78,33.001389090691134,-7.996340677204157,14.716229840982946
1660857742.1682703,LIDAR_ONLY,17.51753605542418,27.53808336311747,40.68457986900111,-0.04447415023715996,0.14735008285211687,-0.49646089248482994,0.8543047379461987,,,,45,33.00245612630587,-7.996030964283656,14.743885736608929
1660857742.268954,LIDAR_ONLY,17.509735100162263,27.536430664998246,40.67138394141113,-0.03430526774342287,0.16168195305994806,-0.4960212349639468,0.8524347653190912,,,,55,32.98196883954146,-8.013293169337967,14.735551516327032
1660857742.379608,LIDAR_ONLY,17.49872348591271,27.55401053600836,40.693282392372595,-0.05856708814738389,0.13598206138173768,-0.4944354419009603,0.8565117447884251,,,,78,32.932719433912354,-8.027461489998641,14.725921787669172
1660857742.4713917,LIDAR_ONLY,17.477298970101035,27.600605410614083,40.7352895200079,-0.09033254989347884,0.09362570904207806,-0.4815706878080652,0.8666971383823634,,,,43,32.932719433912354,-8.027461489998641,14.725921787669172
1660857742.5719988,LIDAR_ONLY,17.44614881713082,27.65587899381352,40.75950577970442,-0.10982562015532175,0.06856332643574209,-0.4684202913342496,0.8739678678829683,,,,26,32.93667183265897,-8.036294650100693,14.759200526214123
1660857742.6725552,LIDAR_ONLY,17.40563214121201,27.703525789309875,40.776113896202574,-0.10649098798932234,0.05209143693068854,-0.4638587385011075,0.877941468659338,,,,32,32.92900486965087,-8.002598831783056,14.75251360285495
1660857742.773271,LIDAR_ONLY,17.37052792936942,27.74690891760644,40.78144583902328,-0.11115072814825878,0.06506618706874341,-0.4476770705204902,0.8848712603891253,,,,47,32.92900486965087,-8.002598831783056,14.75251360285495
1660857742.8738382,LIDAR_ONLY,17.328690060308475,27.808828912228087,40.78117587080513,-0.10396321962052484,0.06287288930036852,-0.4383676684309117,0.8905461448075583,,,,56,32.96364493671279,-7.877207521274438,14.757771362861316
1660857742.974414,LIDAR_ONLY,17.28423325951531,27.873612299186043,40.797795912457914,-0.11797997658504918,0.06886023604610286,-0.431090030420567,0.8919082793026765,,,,47,32.94650446244057,-7.8250700264822015,14.781412283056186
1660857743.0851698,LIDAR_ONLY,17.2362559581525,27.9461356150581,40.79898874245769,-0.10938874252810107,0.05567096597402086,-0.41986509726325183,0.8992486567439287,,,,71,32.92158807352311,-7.705605116886899,14.806419647968562
1660857743.1957963,LIDAR_ONLY,17.196196123854097,28.01320198370522,40.813583601700216,-0.13150902155516095,0.048865065923399495,-0.41399166123623293,0.8994045180055358,,,,57,32.92158807352311,-7.705605116886899,14.806419647968562
1660857743.2762892,LIDAR_ONLY,17.159861536005142,28.09293510533874,40.84019089063943,-0.12664791153950353,0.02616974827197593,-0.40457106541934734,0.9053163556478574,,,,56,32.895701541771494,-7.6363404044756535,14.806333150594554
1660857743.377935,LIDAR_ONLY,17.128072730110524,28.1674904134502,40.857403833047364,-0.13223638293739526,0.012618789465299759,-0.3963661028568313,0.9084317352922854,,,,39,32.895701541771494,-7.6363404044756535,14.806333150594554
1660857743.4785163,LIDAR_ONLY,17.0949580166056,28.240489555664116,40.85670658608365,-0.15056860308728143,0.00491789600992002,-0.39143802706230335,0.9077891721279517,,,,41,32.86376603582455,-7.550204966300687,14.795001776327059
1660857743.5790873,LIDAR_ONLY,17.049105146023415,28.32304121851892,40.855162124469985,-0.1596672815158757,-0.007847499431159524,-0.39295964607756484,0.9055536938915346,,,,51,32.83972649774154,-7.4156111863922,14.772102016080494
1660857743.6798692,LIDAR_ONLY,16.99837893770551,28.40374510391734,40.841356200711935,-0.1753456416484026,4.263160844263721e-05,-0.39876200156094627,0.9001348622559644,,,,40,32.7714849256912,-7.273332246211676,14.71860759902055
1660857743.7905695,LIDAR_ONLY,16.94524608098651,28.47453588605023,40.8358076025253,-0.1735392242008388,-0.008662933418473979,-0.4019678340191059,0.899016658167326,,,,40,32.7714849256912,-7.273332246211676,14.71860759902055
1660857743.882889,LIDAR_ONLY,16.9005242619218,28.54192027802677,40.831607224158674,-0.1756630525367784,-0.015293161873941351,-0.4046372009556915,0.8973167482980031,,,,36,32.74561247432372,-7.190033633874094,14.702132455981689
1660857743.983457,LIDAR_ONLY,16.864268006595882,28.62456205062396,40.821780974092846,-0.18244006486409292,-0.013717336829685086,-0.40975364512251206,0.8936606781723704,,,,54,32.74561247432372,-7.190033633874094,14.702132455981689
1660857744.0861197,LIDAR_ONLY,16.8253892345205,28.714487011436223,40.8189815413961,-0.17905069855079314,-0.01988016978145006,-0.41392600768625676,0.8923064979920581,,,,38,32.68350738977333,-7.117746842327548,14.671680782015223
1660857744.1872973,LIDAR_ONLY,16.806354401223185,28.783287330646264,40.804704156034354,-0.18216017931671383,-0.012503351855563378,-0.4152943703296587,0.8911744617279891,,,,52,32.582730109567564,-6.991256804072791,14.630557171672836
1660857744.297978,LIDAR_ONLY,16.7796030319935,28.84522810752276,40.803962906169744,-0.1871003804139636,-0.01085523729667582,-0.41726765834138213,0.8892487350423856,,,,52,32.582730109567564,-6.991256804072791,14.630557171672836
1660857744.3912103,LIDAR_ONLY,16.741725393068076,28.907772566411925,40.80822610899253,-0.18120277895273412,-0.009174244686638532,-0.4205196378786919,0.8889570407464077,,,,53,32.51382872266687,-6.818921280770685,14.567204154126413
1660857744.4820788,LIDAR_ONLY,16.694508954375756,28.982460061412812,40.8134149177881,-0.17961124811445053,0.00048634678500072916,-0.4237916450345336,0.887772608620303,,,,51,32.484483553574904,-6.749602950769811,14.518625662552386
1660857744.5826638,LIDAR_ONLY,16.663037539603188,29.032687856642564,40.821925843930146,-0.16119966192501628,0.009557887114233717,-0.42635581899008923,0.8900247363991982,,,,57,32.484483553574904,-6.749602950769811,14.518625662552386
1660857744.693269,LIDAR_ONLY,16.640395620586435,29.08074430505035,40.82003341310339,-0.14856390701833816,0.03261318222443464,-0.42988935907151693,0.8899776878291517,,,,55,32.41891661577578,-6.626494162645274,14.491413334862656
1660857744.7857053,LIDAR_ONLY,16.621775901503344,29.12305138460557,40.81441873603234,-0.13552675462095548,0.06785627408675232,-0.43295254511485937,0.888583208555924,,,,54,32.38669845061005,-6.55067921614276,14.48615053167131
1660857744.8983645,LIDAR_ONLY,16.614419228296388,29.16563159565889,40.84006215938067,-0.11154983786154174,0.08463421146248776,-0.43495998453468243,0.8894962033515239,,,,38,32.35553998044674,-6.450519519588063,14.473642865786896
1660857744.9988844,LIDAR_ONLY,16.600718070854036,29.195823615420277,40.833820259547515,-0.09090393912744281,0.12257617949077268,-0.4328788927330554,0.8884410043997092,,,,54,32.35553998044674,-6.450519519588063,14.473642865786896
1660857745.0903203,LIDAR_ONLY,16.578067287040614,29.22724163798303,40.837967876862905,-0.06968483182355854,0.1522315324382542,-0.43338271432364,0.8855218843544735,,,,47,32.35489364314838,-6.414817530174116,14.46565790344167
1660857745.1919165,LIDAR_ONLY,16.55776770625505,29.26186297093565,40.85378362059215,-0.04508052200413136,0.16121573153269197,-0.4421297495983633,0.8811915336419787,,,,31,32.35355946005541,-6.3723711309260755,14.455065358234432
1660857745.2926588,LIDAR_ONLY,16.53972564310948,29.29530756731396,40.87721290953436,-0.02982174057091951,0.18556058669838688,-0.44080127436842903,0.8777084760720044,,,,65,32.35355946005541,-6.3723711309260755,14.455065358234432
1660857745.4032662,LIDAR_ONLY,16.521343608255403,29.328120548333207,40.88475149482582,-0.0157963997792299,0.20439984608476294,-0.4390475023070915,0.8747619489852337,,,,69,32.36280393111242,-6.290808607853437,14.457660442592221
1660857745.5040066,LIDAR_ONLY,16.503707888331206,29.36917968358006,40.900271409309504,-0.0036086563607491033,0.20552715726981796,-0.439906793491596,0.8742011085921819,,,,78,32.34989165922343,-6.253827460976666,14.462670815337315
1660857745.5945423,LIDAR_ONLY,16.47430895304826,29.421324085712396,40.91735157502984,-0.004457186275668442,0.20910977636567676,-0.4398553218334828,0.8733730765105849,,,,69,32.34989165922343,-6.253827460976666,14.462670815337315
1660857745.6965349,LIDAR_ONLY,16.456322366561945,29.468700709601368,40.93915794408626,-0.0013407125927022991,0.20695765956363096,-0.44264167858244174,0.8724878646831751,,,,76,32.35367906768073,-6.177883824808304,14.480287227760972
1660857745.7985494,LIDAR_ONLY,16.443960569555998,29.507698758086992,40.978544702952,-0.0012677963835121273,0.21043348300162104,-0.4444364945290707,0.8707424098175349,,,,95,32.35709842949248,-6.120289320557902,14.505911048591063
1660857745.8991501,LIDAR_ONLY,16.43077138035074,29.559139775222253,41.016356160903754,-0.003580676926057981,0.2120148448509666,-0.44482749640698593,0.8701525054585919,,,,89,32.372823670632584,-6.02428840529045,14.533853835269113
1660857746.0013251,LIDAR_ONLY,16.40670181312042,29.61452384202826,41.04720333300104,-0.007689480110480188,0.21021290806328963,-0.4448537329317105,0.8705495743930544,,,,91,32.372823670632584,-6.02428840529045,14.533853835269113
1660857746.101926,LIDAR_ONLY,16.387837396547535,29.66294121069843,41.07952842758093,-0.013998811025270045,0.20481685911992387,-0.44407348467417185,0.8721541307128381,,,,84,32.37475710015435,-5.970566908621258,14.536063043121695
1660857746.2129614,LIDAR_ONLY,16.36827156929336,29.708393975704215,41.11626799806252,-0.008250851910213491,0.20871757249789746,-0.43287372341979946,0.8769203144790407,,,,88,32.378503801428295,-5.911138135096977,14.544752114763083
1660857746.304384,LIDAR_ONLY,16.353884565849654,29.76399406571696,41.16029936066827,-0.0028627700580723544,0.20909863807738407,-0.42176979003078613,0.8822583568995901,,,,94,32.378503801428295,-5.911138135096977,14.544752114763083
1660857746.4049625,LIDAR_ONLY,16.337561138171314,29.811304490028444,41.19701958713369,0.001085371937481281,0.20853093782252527,-0.4129226972387666,0.8865712131823802,,,,76,32.38415589362246,-5.783625252948731,14.567572225619227
1660857746.5058746,LIDAR_ONLY,16.316257112038596,29.852963955147448,41.21172740879034,-0.0009913600840250928,0.20687429971181373,-0.4079661111070975,0.889250073664367,,,,94,32.377214459576734,-5.7267210031676825,14.574019921737433
1660857746.6079853,TRANSITION,16.297554255491658,29.891292757015584,41.2190037905536,0.0002858817580076391,0.20986929387764594,-0.40371111054336306,0.8904898298031051,,,,101,32.35199214005724,-5.6149242554623875,14.565378774222651
1660857746.7087467,TRANSITION,16.274774774365728,29.9333578533107,41.23387114605203,-0.0017294425755559376,0.21376113566183214,-0.4037853540094367,0.8895282872379133,,,,86,32.35199214005724,-5.6149242554623875,14.565378774222651
1660857746.8093438,TRANSITION,16.253736904611316,29.96519194279354,41.238071856306675,-0.002584347739168119,0.21434242422072122,-0.4064936698451243,0.888151756571922,,,,100,32.36105576590735,-5.570023375817198,14.571727753231213
1660857746.9099462,TRANSITION,16.236445189759763,29.990670856265723,41.24654673002882,-0.0024585498356985494,0.21304430972805352,-0.40773509730737123,0.8878953587270019,,,,118,32.36105576590735,-5.570023375817198,14.571727753231213
1660857747.0212243,TRANSITION,16.220300556198918,30.01940831592968,41.25454089050651,-0.002429779185444846,0.21310679575575858,-0.40949578791831875,0.8870697771049234,,,,108,32.3376296038232,-5.523577338939948,14.574661869291987
1660857747.113371,TRANSITION,16.20891767421475,30.038732738954113,41.26241086110798,-0.003095006657262915,0.2130586866934901,-0.4114988810270621,0.8861518424467177,,,,116,32.31478133793295,-5.45199622472188,14.600081111617365
1660857747.2139575,TRANSITION,16.198253377731508,30.057321337517237,41.26365755541912,-0.001227324995488996,0.21671508301703124,-0.41236869198672405,0.8848644689077729,,,,116,32.31478133793295,-5.45199622472188,14.600081111617365
1660857747.3145678,TRANSITION,16.17802226968428,30.07192262255063,41.265414160514034,0.006453717102841082,0.22049878213602525,-0.41249710053215227,0.883846580954327,,,,119,32.29375201316664,-5.397232158656607,14.619346270565176
1660857747.4352107,TRANSITION,16.163909559233087,30.078561193791792,41.2721567675642,0.01566593520305046,0.21790698896538235,-0.4100666983227989,0.8855034870405047,,,,127,32.29375201316664,-5.397232158656607,14.619346270565176
1660857747.5268683,TRANSITION,16.151614658266933,30.086956198897468,41.2817383832996,0.016088053040505357,0.22624016494330346,-0.4062501438773311,0.8851651726742533,,,,124,32.30079815668609,-5.367420239814988,14.636276794214945
1660857747.6281884,TRANSITION,16.13775237600892,30.08273290104826,41.2802169930911,0.016334237345373714,0.22404454059501228,-0.4016554746944593,0.8878119824421629,,,,127,32.264984458873485,-5.358627472388858,14.644753297052887
1660857747.7287533,TRANSITION,16.121421648108747,30.071872075158836,41.28117194096946,0.01476323916385086,0.22256426556464906,-0.3968710882860637,0.8903597776998323,,,,124,32.264984458873485,-5.358627472388858,14.644753297052887
1660857747.8193574,LIDAR_ONLY,16.099750809754607,30.064687399446342,41.28809774297649,0.018207026319631656,0.2163203561430833,-0.3905647449599596,0.8946134292000583,,,,123,32.260998927086355,-5.339759918324169,14.67090639573619
1660857747.9300117,LIDAR_ONLY,16.084504130777752,30.05889168969042,41.29260882639147,0.018010169659321465,0.21563426216148615,-0.3811646553027297,0.898827572073123,,,,125,32.260998927086355,-5.339759918324169,14.67090639573619
1660857748.030565,TRANSITION,16.069231971337526,30.05331958229023,41.29710699938252,0.01452466022260517,0.21464877807655783,-0.3750524734509243,0.9016931731326362,,,,125,32.248115452879226,-5.350225398404628,14.685297303229376
1660857748.1311622,TRANSITION,16.047654453428358,30.05034352276402,41.29677864387916,0.01048085223159194,0.2164727930204627,-0.3662167759049609,0.9049391994295501,,,,127,32.216814485984365,-5.358069090769021,14.71742149411433
1660857748.2319477,TRANSITION,16.03086412690918,30.05119122058616,41.296166026834804,0.01357185245478433,0.21058893481927782,-0.3590208512555779,0.9091601254544481,,,,120,32.216814485984365,-5.358069090769021,14.71742149411433
1660857748.3224392,TRANSITION,16.016740569573642,30.05054764745468,41.297005365519645,0.014123160017165714,0.2097455034740907,-0.34851615112656903,0.9134242456424355,,,,130,32.21719788623092,-5.350792039878885,14.75507370802978
1660857748.4330916,TRANSITION,15.994513159102977,30.04986857073408,41.296268214688055,0.015566664358718594,0.20630824021842042,-0.3387222749195467,0.9178571835814375,,,,128,32.21719788623092,-5.350792039878885,14.75507370802978
1660857748.533635,TRANSITION,15.972861997484495,30.055138541860043,41.30082225929958,0.015865517308629968,0.20363426118731834,-0.32821066983091457,0.9222576262847422,,,,118,32.205809457571156,-5.344110984224738,14.770444532039027
1660857748.634345,TIGHTLY_COUPLED,15.95052196765965,30.05892188267979,41.30551312281181,0.022437528465009918,0.20219797394348296,-0.3192602620623648,0.925573023438671,,,,122,32.18163139898573,-5.33915902974745,14.779366978518212
1660857748.7248735,TIGHTLY_COUPLED,15.92289847951069,30.072130086861993,41.304940325989286,0.012256340890676707,0.20307650247995543,-0.306430202420478,0.9298979768195138,,,,124,32.18163139898573,-5.33915902974745,14.779366978518212
1660857748.846758,TIGHTLY_COUPLED,15.901955144355991,30.07772945069228,41.30367450454578,0.010805484726323724,0.20613349580756266,-0.30035318986073684,0.9312250988598101,,,,114,32.157922369467826,-5.314951848419076,14.820829663466796
1660857748.9574072,TIGHTLY_COUPLED,15.839303675664219,30.07648116783278,41.313181746069766,0.01621886877755064,0.20818823179596335,-0.2918359351339664,0.9333950907315348,,,,116,32.137468824320585,-5.311342125899719,14.829462890278583
1660857749.0378644,TIGHTLY_COUPLED,15.827409387649874,30.074794191850785,41.31405704785036,0.018313967548901272,0.20905297712574772,-0.28977181628689835,0.9338060536499384,,,,130,32.137468824320585,-5.311342125899719,14.829462890278583
1660857749.1284165,TIGHTLY_COUPLED,15.824018633436193,30.07374921372342,41.314536763273075,0.0179603834783717,0.21197622990768777,-0.28918413166208295,0.9333359741134379,,,,141,32.099789149033754,-5.313239148695851,14.881934346466197
1660857749.2390585,TIGHTLY_COUPLED,15.828714172234381,30.0742900453795,41.31668327276611,0.014003248016439148,0.21192193246868382,-0.2889566345092462,0.9334865113952202,,,,136,32.099789149033754,-5.313239148695851,14.881934346466197
1660857749.3496819,TIGHTLY_COUPLED,15.83414479533987,30.074506920258155,41.315421723800284,0.01290200580151468,0.2125625253668653,-0.28864434127742056,0.933453349292016,,,,139,32.0705605379919,-5.324508385855651,14.895046860641934
1660857749.4301505,TRANSITION,15.83944819233369,30.076643705368163,41.31447204649311,0.011184212263657435,0.21077575441860263,-0.288646738846294,0.9338798396467877,,,,134,32.0705605379919,-5.324508385855651,14.895046860641934
1660857749.531774,TRANSITION,15.849924092159148,30.08403762757477,41.3112138935289,0.007482915662538332,0.20849865389036834,-0.28801465418645356,0.9346228524238798,,,,141,32.076690711286645,-5.323023455044456,14.892238703590973
1660857749.6323361,TRANSITION,15.86062674156193,30.090584278016696,41.31271688584241,0.0036053011384086908,0.20556192565034906,-0.28236603798314786,0.9370169246712257,,,,123,32.088099768145845,-5.32405112839375,14.887711734139158
1660857749.7430644,TRANSITION,15.871509053957576,30.095917912363205,41.3163658162926,0.003617279879362905,0.20328386935422202,-0.2687908212325636,0.9414956601959322,,,,121,32.088099768145845,-5.32405112839375,14.887711734139158
1660857749.8452656,TRANSITION,15.887643373327084,30.102822556697866,41.319313363902864,0.0041586054305463175,0.19853923097141762,-0.2429268709647847,0.9495006135487275,,,,119,32.10505755716646,-5.302936118565077,14.867920575477244
1660857749.9460714,TRANSITION,15.901049207424085,30.107490797243333,41.317594461846014,0.004955490508314939,0.19166017386130707,-0.21303547403683903,0.9580489067219767,,,,108,32.11782266515688,-5.290983380113409,14.85878585691389
1660857750.0566847,TRANSITION,15.915559767298003,30.11292546816019,41.32096346415652,0.002812032795997432,0.1863547408948978,-0.17673596242661255,0.9664514486525896,,,,83,32.11782266515688,-5.290983380113409,14.85878585691389
1660857750.149017,TRANSITION,15.928441763915364,30.120634584756576,41.3188656919964,0.0007098537728177125,0.18533742836036737,-0.12481445633030094,0.9747157971672351,,,,82,32.14764640985145,-5.258632211486304,14.83189919784375
1660857750.2519102,TRANSITION,15.929589944924663,30.129226035940857,41.322823459034645,-0.00016665850912036574,0.17774479373690083,-0.08257071688428494,0.9806063620217765,,,,84,32.14764640985145,-5.258632211486304,14.83189919784375
1660857750.3525393,TRANSITION,15.930165159387295,30.137521082656125,41.334517546200935,-0.001523473352420415,0.17230433761322958,-0.04226171501432991,0.9841355809606004,,,,84,32.14764640985145,-5.258632211486304,14.83189919784375
1660857750.453276,TRANSITION,15.92630609573481,30.14767810663267,41.34264090350373,-0.0013345087430005921,0.16938075044052942,0.007029857021628191,0.9855247138336376,,,,78,32.153655098765505,-5.255275977076167,14.804419007465688
1660857750.5539744,TRANSITION,15.924099309290128,30.152488396013755,41.34822623304389,-0.002181537006643003,0.16450771624247693,0.03849188307096953,0.9856220508544967,,,,94,32.153655098765505,-5.255275977076167,14.804419007465688
1660857750.706518,TRANSITION,15.918592808020211,30.158798326701604,41.35203739405307,-0.0051235188581821795,0.16126077545562453,0.07900126363229218,0.9837314227971279,,,,117,32.15968375819001,-5.22179120830653,14.780938505253596
1660857750.787214,TRANSITION,15.914896662779535,30.160150676330236,41.352199723771925,-0.007280452598315844,0.1610553080957468,0.09187571426377425,0.9826327064944812,,,,136,32.15968375819001,-5.22179120830653,14.780938505253596
1660857750.8585906,TRANSITION,15.912577434546588,30.159081861087742,41.347783048101064,-0.006039407755366504,0.1617483777595666,0.0933934867969061,0.9823841633851947,,,,136,32.16354400195094,-5.174642092922379,14.806390065552103
1660857750.9606116,TRANSITION,15.90816022931104,30.15442764947544,41.344629020385554,-0.0034773660482560744,0.16197893129216445,0.09304358134924405,0.9823917882965642,,,,132,32.16354400195094,-5.174642092922379,14.806390065552103
1660857751.0518148,TRANSITION,15.90553735026991,30.148236972378466,41.34513039068419,-0.0006251188319103222,0.16160723109864372,0.0924580490973839,0.9825142346247109,,,,134,32.15949467632864,-5.1806134133816535,14.821962283434756
1660857751.162428,TRANSITION,15.90185207152782,30.141962125403975,41.34871165810291,0.0005839564945303253,0.1602471220440309,0.09247140161829218,0.98273575225193,,,,138,32.15949467632864,-5.1806134133816535,14.821962283434756
1660857751.263028,TRANSITION,15.89680660017769,30.138351746642087,41.346169419318734,-0.001845448669974253,0.15885740521132924,0.09230387122555918,0.982975541143067,,,,139,32.15198632418698,-5.197158977262498,14.829818005642304
1660857751.355512,TRANSITION,15.895823795039076,30.135299263241468,41.34884238598126,-0.0016097628628688211,0.15941054927639225,0.09233943391918373,0.982883062417096,,,,136,32.15198632418698,-5.197158977262498,14.829818005642304
1660857751.4561267,TRANSITION,15.894172642258951,30.132256335248567,41.348985649983106,-0.0007180710173106405,0.16046236576453418,0.09260132153772936,0.9826883070418255,,,,144,32.15198632418698,-5.197158977262498,14.829818005642304
1660857751.5570817,TRANSITION,15.892478941300777,30.130832433199938,41.352095126367296,-0.0020043501525894296,0.1599165005883837,0.0948575724878522,0.9825602965527068,,,,140,32.13486455175575,-5.20492620853423,14.829233980358751
1660857751.657723,TRANSITION,15.88969098991856,30.13127963646279,41.354135793028846,-0.0026581528247572365,0.15866330478259794,0.09992400041317927,0.9822596826096711,,,,134,32.13486455175575,-5.20492620853423,14.829233980358751
1660857751.7686603,TRANSITION,15.885818002004195,30.135352341304998,41.35273008130678,-0.005169320877698581,0.15378932929369907,0.11156736412977084,0.9817712786480325,,,,134,32.12944192023052,-5.211293737911943,14.835853761592142
1660857751.8592799,TRANSITION,15.87977177057648,30.14171993015437,41.35829399519368,-0.007711833786636244,0.1465580874837035,0.13651930074137394,0.9797059431981888,,,,117,32.12944192023052,-5.211293737911943,14.835853761592142
1660857751.971402,TRANSITION,15.879716486367027,30.14853571341585,41.366198049497214,-0.006261144983768394,0.13974089131951378,0.16775231084756423,0.9758547246194089,,,,80,32.12412155157297,-5.206519643625458,14.837399419059182
1660857752.0625532,TRANSITION,15.883497780553679,30.157274183931424,41.37592405616413,-0.005655041653813219,0.128379169145201,0.20406763364330174,0.9704860691080036,,,,80,32.12412155157297,-5.206519643625458,14.837399419059182
1660857752.1839383,TRANSITION,15.888869026337385,30.166920228297997,41.3821374150133,-0.00779252574512352,0.12329997107406238,0.2545151889879704,0.959144625304268,,,,67,32.11756839861623,-5.1772005707574955,14.832380823265568
1660857752.2744653,TRANSITION,15.894877441995215,30.174206307367967,41.38386249756634,-0.01014229907649225,0.11740439004382723,0.2914910263225743,0.9492872718736369,,,,78,32.11756839861623,-5.1772005707574955,14.832380823265568
1660857752.3650322,LIDAR_ONLY,15.886001484995031,30.173462083459015,41.38981199407194,-0.007607051210558451,0.1130619196849376,0.31692317899940065,0.9416574927764079,,,,78,32.08144534767114,-5.166854590694527,14.803707046880206
1660857752.4756522,LIDAR_ONLY,15.885770887603847,30.16808738156673,41.38644384789034,-0.001980344318324582,0.11121864991445285,0.3310632643079192,0.9370291378465092,,,,104,32.08144534767114,-5.166854590694527,14.803707046880206
1660857752.566262,TRANSITION,15.883785353079793,30.16170363803185,41.38682161676992,-0.0018082742446026649,0.10992887120797541,0.3441710465806463,0.9324476736604469,,,,115,32.09356305112723,-5.140439999711227,14.80644722852233
1660857752.667448,TRANSITION,15.882022110733132,30.155828011261676,41.38733957352946,0.0011480171229707513,0.11090265448461668,0.3515076737952476,0.9295921893755374,,,,125,32.09356305112723,-5.140439999711227,14.80644722852233
1660857752.7680798,TRANSITION,15.880286161869664,30.154745040869976,41.389416984822965,-0.0013474949776989425,0.11204955176996705,0.35187707944394164,0.9293145878374215,,,,135,32.09356305112723,-5.140439999711227,14.80644722852233
1660857752.8687317,TRANSITION,15.875782905833542,30.154578753485097,41.39053649956355,-0.0008867028159968763,0.11266845015371259,0.35105576622232704,0.9295509039854308,,,,137,32.09370600307597,-5.138598235152498,14.842650109016507
1660857752.9732118,TRANSITION,15.877359243213661,30.15511931009297,41.39093589367307,-0.0023827594259959372,0.11341227112215804,0.3519808818491813,0.9291078721166369,,,,134,32.09370600307597,-5.138598235152498,14.842650109016507
1660857753.077155,TRANSITION,15.896024227381172,30.160229099499592,41.382468625792555,-0.0033725780975077764,0.11295205930187713,0.3531550673917186,0.9287152181330897,,,,139,32.09812631659364,-5.149573909743902,14.859965951809132
1660857753.198567,TRANSITION,15.947146893431537,30.164504211714423,41.375477271555916,-0.005185508163503987,0.11343779706014431,0.35421070903514446,0.928245522643685,,,,104,32.09812631659364,-5.149573909743902,14.859965951809132
1660857753.2890992,TRANSITION,16.010948433572757,30.17827668496634,41.354807212862944,-0.0022372085920672703,0.11559136571825022,0.3559039869501331,0.9273435087075904,,,,84,32.09812631659364,-5.149573909743902,14.859965951809132
1660857753.3800907,TRANSITION,16.085660626492345,30.195533678774893,41.34968452223077,-0.0026339095238909816,0.11701792664368968,0.3563558812406831,0.926989942377914,,,,65,32.08038587426581,-5.160077693006369,14.861349431021122
1660857753.4862244,TRANSITION,16.18447749719793,30.23225489235279,41.34392328234201,-0.002894555614596495,0.11355520615217309,0.35933316603571025,0.9262702156985748,,,,61,32.08038587426581,-5.160077693006369,14.861349431021122
1660857753.5969605,TRANSITION,16.271557634166438,30.27326053293022,41.33673875377722,-0.005998072857756917,0.11182317546711491,0.36065937577073737,0.9259505468539376,,,,60,32.08038587426581,-5.160077693006369,14.861349431021122
1660857753.6975775,TRANSITION,16.367026544142,30.323332840716912,41.32775374255371,-0.006756651339196837,0.10990157939921197,0.35873101862010764,0.9269239703384629,,,,44,32.10468951356141,-5.169762419334741,14.819120808281111
1660857753.7882457,TRANSITION,16.49340867845046,30.383799368041533,41.33017082765517,-0.009471209627432618,0.10221892300368461,0.3600269980680511,0.9272767378891091,,,,56,32.10468951356141,-5.169762419334741,14.819120808281111
1660857753.901269,TRANSITION,16.597017552234725,30.430699052228302,41.31869499429607,-0.008513270416388302,0.10082962455870154,0.36011757976003894,0.9274029543763277,,,,56,32.10468951356141,-5.169762419334741,14.819120808281111
1660857754.053103,TRANSITION,16.82986802336491,30.504176545459202,41.315573408801555,-0.010515683599109534,0.10158437094829952,0.36260330811654873,0.9263308679518443,,,,39,32.25080387568104,-5.1598343925455685,14.623414202415756
1660857754.12567,TRANSITION,16.946027432868185,30.551168560850922,41.30404315777537,-0.01837542879955625,0.10082478837715018,0.36442145787262353,0.925577499028108,,,,55,32.25080387568104,-5.1598343925455685,14.623414202415756
1660857754.2061841,LIDAR_ONLY,17.068028531447084,30.639160433910053,41.272982351960096,-0.024294892849963706,0.09727412973175362,0.36716206973351506,0.9247375392052277,,,,68,32.25080387568104,-5.1598343925455685,14.623414202415756
1660857754.2971883,LIDAR_ONLY,17.1809285260515,30.720007780687492,41.23699465970552,-0.02183191913315353,0.09615830752632715,0.3694148710848502,0.924018181759428,,,,53,32.25080387568104,-5.1598343925455685,14.623414202415756
1660857754.4080648,LIDAR_ONLY,17.332238432145438,30.80814760419454,41.21092243638287,-0.018793325597652934,0.09962264609598775,0.3758181515652627,0.9211312915387706,,,,62,32.45314916714958,-5.062110787354099,14.338437783119831
1660857754.500485,LIDAR_ONLY,17.45835270328291,30.88350016289171,41.179588073207256,-0.02200119656526901,0.0959298400271611,0.37292048578444353,0.9226287034470336,,,,68,32.45314916714958,-5.062110787354099,14.338437783119831
1660857754.5913467,LIDAR_ONLY,17.57891051253366,30.951527043425212,41.157548484650846,-0.02578160911376778,0.0931193871027334,0.37521368283689316,0.9218887029295302,,,,36,32.45314916714958,-5.062110787354099,14.338437783119831
1660857754.6921422,LIDAR_ONLY,17.720878111490943,31.041611330797227,41.123663385444296,-0.02784467928770891,0.10863242263459652,0.3774184632198693,0.9192273789485687,,,,58,32.86299336394385,-4.950063844071719,13.898943732841373
1660857754.792889,LIDAR_ONLY,17.839015763079033,31.11615836368139,41.09613226142628,-0.025726950033977614,0.09676508257983515,0.37751772587389937,0.9205731961589291,,,,48,32.86299336394385,-4.950063844071719,13.898943732841373
1660857754.8935564,LIDAR_ONLY,17.950932653079217,31.188622806319092,41.076769021511694,-0.01916585334939466,0.09541283382433619,0.37538052760071505,0.9217475363163212,,,,44,32.86299336394385,-4.950063844071719,13.898943732841373
1660857754.995398,LIDAR_ONLY,18.07843322767318,31.268617069322584,41.04688338408496,-0.020703244943244076,0.10335957242831047,0.37719326023782673,0.9201159812042263,,,,47,33.10244514728662,-4.868756253238494,13.555425767279875
1660857755.0960326,LIDAR_ONLY,18.182648473416627,31.327642204712934,41.01467532709624,-0.01908729345973941,0.0975558958620677,0.3693280169659091,0.9239671738189406,,,,59,33.10244514728662,-4.868756253238494,13.555425767279875
1660857755.1966503,TRANSITION,18.326327440158497,31.36488667277577,41.00707364628233,-0.01646924800936018,0.09801552022374233,0.36064562882308254,0.9273922859696855,,,,34,33.359795352162266,-4.832812430108868,13.16873467792313
1660857755.2873523,TRANSITION,18.43528187934275,31.388624999477955,41.0085142263676,-0.00687168629042359,0.10337876228540371,0.3484385929629518,0.9315879767203216,,,,46,33.359795352162266,-4.832812430108868,13.16873467792313
1660857755.3980312,TRANSITION,18.539560560038474,31.406414330298848,41.00611209738128,-0.0005239884696919576,0.10525219153980211,0.3288125583254847,0.9385115892196548,,,,46,33.359795352162266,-4.832812430108868,13.16873467792313
1660857755.489282,TRANSITION,18.671506982523677,31.414721855903508,40.996677432446184,0.018864451580073955,0.11115997088343031,0.29456099719478734,0.9489580666559458,,,,26,33.58349320844962,-4.761199568009486,12.805171822751133
1660857755.6000714,LIDAR_ONLY_SAFE,18.777868313826453,31.411951614368952,40.970366770151024,0.02442176286400808,0.13056002640317274,0.24655053483733366,0.9599846304892813,,,,18,33.58349320844962,-4.761199568009486,12.805171822751133
1660857755.7310534,LIDAR_ONLY_SAFE,18.862260292300768,31.379962517829888,40.95357498973462,-0.003431104947883518,0.15468433766029407,0.19681445245047796,0.9681554908732644,,,,15,33.73585005715983,-4.744975053258645,12.577344500589541
1660857755.811546,TRANSITION,18.91756337780379,31.333230657274243,40.95187349939211,-0.011937061207846265,0.1612560094160915,0.14495805106934434,0.9761358355408816,,,,20,33.73585005715983,-4.744975053258645,12.577344500589541
1660857755.902221,TRANSITION,18.95860937159275,31.273829465139524,40.94257716507199,-0.007030443736077124,0.1666290758355367,0.08952896746706346,0.9819215283979421,,,,23,33.941208407898564,-4.791086824723316,12.331912602359704
1660857756.0130076,TRANSITION,18.997929761777417,31.18534222138783,40.93150941457853,0.009246234862529625,0.17196212232231,0.006646789420536007,0.9850377433467578,,,,21,33.941208407898564,-4.791086824723316,12.331912602359704
1660857756.1034894,LIDAR_ONLY_SAFE,19.051120218522104,31.06472463460908,40.87113415547988,0.013196536470092243,0.18660180606279575,-0.06557346394899928,0.9801559764777368,,,,14,33.941208407898564,-4.791086824723316,12.331912602359704
1660857756.2041569,TRANSITION,19.077739024734797,30.967411846054596,40.847800863610445,0.030531960998837787,0.18425254142344025,-0.12373529524321758,0.9745811290229475,,,,20,34.05582779911359,-4.87471582458953,12.337346322631868
1660857756.3048751,LIDAR_ONLY,19.11438723820963,30.856568667601785,40.80487078673287,0.006745162885142606,0.19485192660458225,-0.18481727335745288,0.9632392251901145,,,,27,34.05582779911359,-4.87471582458953,12.337346322631868
1660857756.4057884,LIDAR_ONLY,19.17955765613068,30.726481561812825,40.759393992086366,-0.006100296181363086,0.2165402585248835,-0.23887830515967207,0.946578183854096,,,,25,34.164162576664786,-5.032257339255963,12.207669604405657
1660857756.5064003,LIDAR_ONLY,19.229033977707576,30.622033727110825,40.70530477341374,-0.017816007530403275,0.23606404194039904,-0.2795046387409862,0.930501754378093,,,,37,34.164162576664786,-5.032257339255963,12.207669604405657
1660857756.6075974,LIDAR_ONLY,19.271024508303867,30.520331349291958,40.65926216358632,-0.03293033086144671,0.24120414374052213,-0.324569184355263,0.9139972641746344,,,,46,34.33822589649792,-5.333004700690509,12.30597494238619
1660857756.70822,LIDAR_ONLY,19.326559889373186,30.378223142570427,40.60751688140291,-0.03849868922288213,0.24954665099740547,-0.3677022049341975,0.8950080493440429,,,,60,34.33822589649792,-5.333004700690509,12.30597494238619
1660857756.8089871,LIDAR_ONLY,19.360358660516606,30.253008584115314,40.58350724775136,-0.04205637142890449,0.25749299027146083,-0.41205914330499815,0.8730039427185002,,,,52,34.48875355065126,-5.581606091339203,12.40417998422708
1660857756.900981,LIDAR_ONLY,19.375912721872606,30.125218123106215,40.541119587321695,-0.053693619264336676,0.2616724511000663,-0.45336900812621184,0.8503534947633453,,,,65,34.48875355065126,-5.581606091339203,12.40417998422708
1660857757.0026176,LIDAR_ONLY,19.394709365059487,29.97467895667056,40.50127414351998,-0.0631116949008229,0.2742225198825087,-0.48785663756192643,0.82632610072707,,,,76,34.48875355065126,-5.581606091339203,12.40417998422708
1660857757.1132784,TRANSITION,19.382193118044448,29.784805976638808,40.484941156103666,-0.05561718196846672,0.2911557550738611,-0.5267829361597728,0.796639688647349,,,,27,34.5779392887756,-5.8138060347276195,12.444585105864421
1660857757.2239873,TRANSITION,19.367009136387654,29.64351492387398,40.47655235645759,-0.060818519927854336,0.30413881805023846,-0.5489850508386306,0.7761546887988859,,,,53,34.5779392887756,-5.8138060347276195,12.444585105864421
1660857757.3145313,TRANSITION,19.348431255677816,29.50918118166683,40.45726783080426,-0.0654004876057133,0.3172614803270957,-0.5567106411692772,0.764945221130564,,,,73,34.61448421161653,-6.093886546171412,12.50032825642721
1660857757.4050922,TRANSITION,19.32001042646725,29.38661816259054,40.436700803797486,-0.06497203895965055,0.3255897387170096,-0.5585379385526317,0.7601350718082885,,,,66,34.61448421161653,-6.093886546171412,12.50032825642721
1660857757.5158439,TIGHTLY_COUPLED,19.273704117418458,29.302265013701398,40.446086644599944,-0.06532814451093857,0.32972386950707316,-0.5601475178781983,0.7571321956084909,,,,81,34.63605708907687,-6.46574598448975,12.654038858777865
1660857757.616416,TIGHTLY_COUPLED,19.20548690385396,29.163528552003694,40.445840015537094,-0.07578272485699061,0.3413621316804082,-0.5570292832888452,0.7532909472617952,,,,74,34.63605708907687,-6.46574598448975,12.654038858777865
1660857757.717021,TIGHTLY_COUPLED,19.153923976136483,29.048231840741344,40.43876256726997,-0.06950512188441114,0.34784627932699996,-0.5549270887717972,0.7524811825803047,,,,75,34.606608320339646,-6.734806263306329,12.76251225855536
1660857757.8180265,TIGHTLY_COUPLED,19.10021576072207,28.925451986080873,40.44348220154995,-0.0704646237437304,0.3397492080441849,-0.5566650416142096,0.7548041096063628,,,,75,34.606608320339646,-6.734806263306329,12.76251225855536
1660857757.9186537,TIGHTLY_COUPLED,19.063636399754998,28.830294048486067,40.44041422671823,-0.0704485991811395,0.3351850551265731,-0.5593083488674258,0.7548921410244017,,,,89,34.591695703336526,-6.974574230954287,12.903887562808565
1660857758.0192122,TIGHTLY_COUPLED,19.021114219409974,28.69644858479565,40.434276813354884,-0.07050272323689193,0.34328067097289566,-0.5536767822975508,0.7554004022352724,,,,44,34.591695703336526,-6.974574230954287,12.903887562808565
1660857758.121227,TIGHTLY_COUPLED,18.969615113756674,28.55924357689255,40.44472759404894,-0.06858310996878939,0.3372281766288349,-0.5572589918916457,0.7556691934110501,,,,77,34.541199291617644,-7.2469293905883205,13.008078745094895
1660857758.2023382,TIGHTLY_COUPLED,18.94125254014845,28.468417916028965,40.445015790106304,-0.07206198992923586,0.3392223332464147,-0.5561749478483938,0.7552514188137177,,,,70,34.541199291617644,-7.2469293905883205,13.008078745094895
1660857758.3130136,TIGHTLY_COUPLED,18.906544319241878,28.353283189834315,40.437629276669774,-0.07015761112796308,0.33834805780704275,-0.5584028383492917,0.7541782093792385,,,,73,34.491938711676355,-7.527754132251628,13.084649602547273
1660857758.4136147,TIGHTLY_COUPLED,18.87068257559991,28.20040104153745,40.43942117937383,-0.06663682683102287,0.34135375309149585,-0.5551830047227722,0.7555190135444882,,,,77,34.491938711676355,-7.527754132251628,13.084649602547273
1660857758.5142121,TIGHTLY_COUPLED,18.8191980416651,27.99517376846067,40.432958342114624,-0.06959705744657024,0.3364331930317125,-0.5573995317973554,0.755827174804766,,,,69,34.472983438097465,-7.774244511813993,13.173376408096123
1660857758.636902,TIGHTLY_COUPLED,18.775545188070968,27.84312140258517,40.43399711683901,-0.06493510312854846,0.33956846591437095,-0.5554749191774829,0.7562567708807733,,,,74,34.45864576853651,-8.050799336042592,13.254829796350743
1660857758.7280145,TIGHTLY_COUPLED,18.752812422243196,27.768247855869,40.44426622161616,-0.068809832560193,0.3379230957128121,-0.557204387723933,0.7553783546197924,,,,42,34.45864576853651,-8.050799336042592,13.254829796350743
1660857758.838642,TRANSITION,18.73201150106934,27.6213976787305,40.41549572661537,-0.07167044244421973,0.3414529463167476,-0.5582061626877713,0.7527809197029739,,,,68,34.41665090125577,-8.354949726186307,13.31766262914257
1660857758.9204853,TRANSITION,18.715870439609557,27.493596503970277,40.3988010221858,-0.06693719032514739,0.34240203514100426,-0.5573378407117986,0.7534286895210345,,,,47,34.41665090125577,-8.354949726186307,13.31766262914257
1660857759.0210838,TRANSITION,18.711412939557793,27.401188159909086,40.38608904420883,-0.07175346271845338,0.3415890646285372,-0.5499647761988443,0.7587536467488427,,,,65,34.40187175829428,-8.60021690444422,13.408088775183264
1660857759.111631,TRANSITION,18.707340396528082,27.285857235444766,40.36119869554123,-0.08048826141348278,0.3464516085869421,-0.5361656680287836,0.7655189737096029,,,,69,34.40187175829428,-8.60021690444422,13.408088775183264
1660857759.2323246,LIDAR_ONLY,18.748286307786007,27.170163520630723,40.31329121017333,-0.0843666002768638,0.3467850587518258,-0.5021885154195094,0.7876732157214473,,,,53,34.379130836816586,-8.746167313883818,13.439888401544602
1660857759.3229759,LIDAR_ONLY,18.785140366922732,27.058607609046266,40.2535282900193,-0.09434199032706013,0.35003910129141336,-0.4646594020166179,0.8078761393591147,,,,53,34.39489103166071,-9.008022762492704,13.47762456548669
1660857759.423609,LIDAR_ONLY,18.820273264960537,26.92758634583066,40.17855656068851,-0.07610006579204824,0.3368471176546819,-0.4528870068161603,0.8219708987374663,,,,40,34.39489103166071,-9.008022762492704,13.47762456548669
1660857759.514167,LIDAR_ONLY,18.87739943491582,26.80062840789374,40.17551268186189,-0.07265720392189373,0.32591912695942965,-0.4303390230886343,0.8386333994108364,,,,52,34.43440415733692,-9.27392963882266,13.536826714956195
1660857759.6265054,LIDAR_ONLY,18.916192217871444,26.691489814780432,40.112500140759465,-0.05648052053953185,0.31152058443696706,-0.42362875409738676,0.8487069900581294,,,,58,34.43440415733692,-9.27392963882266,13.536826714956195
1660857759.716999,LIDAR_ONLY,18.97629956808632,26.568829663404774,40.036323287709955,-0.04561736528292002,0.31206871437482336,-0.4051242648116672,0.8581413074511073,,,,67,34.453702962231546,-9.44496505244305,13.537416797676988
1660857759.8276322,LIDAR_ONLY,19.060949408978434,26.46371649904892,40.0046569296882,-0.051335894875219765,0.3067875079494764,-0.37894165404779695,0.8715786101614876,,,,63,34.453702962231546,-9.44496505244305,13.537416797676988
1660857759.928427,LIDAR_ONLY,19.104812730868247,26.38163925673458,39.893443074649376,-0.05878669884089238,0.30696691260629166,-0.35025706861139694,0.8829696622716449,,,,43,34.50206320020721,-9.709926777867537,13.591152071845627
1660857760.030271,LIDAR_ONLY,19.2011613562526,26.26327734418407,39.834072457392644,-0.054828133649349735,0.30826157743338883,-0.33210314153764375,0.8897618664674474,,,,63,34.50206320020721,-9.709926777867537,13.591152071845627
1660857760.1309657,LIDAR_ONLY,19.26141778215421,26.166877798689615,39.780194124527334,-0.04791322389755652,0.29132485655844254,-0.3155952672622069,0.9017947539261036,,,,57,34.534283295947255,-9.997537181226802,13.59106486549466
1660857760.231571,LIDAR_ONLY,19.34504503970568,26.07189941611774,39.71012428985785,-0.03473051562995373,0.2829254106073441,-0.308319631753117,0.907571489190998,,,,57,34.57310985867274,-10.261551517625104,13.543734822285508
1660857760.332173,LIDAR_ONLY,19.448862062925866,25.945595579057045,39.640529097962805,-0.027017748257820617,0.2808692474075434,-0.30185124633322974,0.9106417145216187,,,,73,34.57310985867274,-10.261551517625104,13.543734822285508
1660857760.4327445,LIDAR_ONLY,19.525477501703076,25.852915100947307,39.56829095650577,-0.014475715277702144,0.27141189902473506,-0.3079337837879223,0.9117580926633112,,,,50,34.70159913606299,-10.525204915820472,13.55273750528136
1660857760.5351377,LIDAR_ONLY,19.591901103489384,25.774154524743516,39.47938269851539,-0.011338205204024388,0.2705285904370772,-0.30842973822117753,0.9118973754977561,,,,56,34.70159913606299,-10.525204915820472,13.55273750528136
1660857760.6375082,LIDAR_ONLY,19.6787621557485,25.689572522174192,39.39087532153633,-0.008390603841867954,0.2728491512074817,-0.3102935815775949,0.91060465169264,,,,82,34.721332223240566,-10.67002308333213,13.508013403383991
1660857760.7305853,LIDAR_ONLY,19.75201556376819,25.602315130394356,39.35107772126075,-0.00867668391273324,0.27349489834340535,-0.30973210034038096,0.9105994079479436,,,,58,34.721332223240566,-10.67002308333213,13.508013403383991
1660857760.8416812,LIDAR_ONLY,19.814163835634627,25.509474500110507,39.3059762248081,-0.002547929880753744,0.2742250645355972,-0.32415147879536804,0.9053838637995192,,,,65,34.803014503029075,-10.97675996868535,13.47068304689161
1660857760.9422734,LIDAR_ONLY,19.845763125718513,25.464195703936284,39.25746350493351,0.00033749929058632134,0.2745995547987292,-0.34756859968666665,0.8965439415390739,,,,76,34.803014503029075,-10.97675996868535,13.47068304689161
1660857761.0430405,LIDAR_ONLY,19.862532592402314,25.439386425192502,39.23113673630315,-0.01115765736019805,0.28537345521201585,-0.3749854704879966,0.8819429656533828,,,,84,34.86351715042374,-11.232415019197566,13.397725881918097
1660857761.1436417,LIDAR_ONLY,19.849774702051906,25.419100784636157,39.21609874160154,-0.020442625062739174,0.298491673034579,-0.40726577781760137,0.8629133249800854,,,,75,34.981060246074044,-11.48335462317131,13.412990671074638
1660857761.2341568,LIDAR_ONLY,19.83493296633067,25.391347973812906,39.23554224969359,-0.028144036283094583,0.310818197826606,-0.4452102567166521,0.8392781353257153,,,,77,34.981060246074044,-11.48335462317131,13.412990671074638
1660857761.3358636,LIDAR_ONLY,19.809236994200997,25.389373165978494,39.23287487355031,-0.04067358444347746,0.32322145222108944,-0.486113119753039,0.8109054119665111,,,,68,34.9762538345017,-11.624793611868753,13.362771834380741
1660857761.4265034,LIDAR_ONLY,19.786296410894725,25.384019884811778,39.24295793168048,-0.04910301399322482,0.3333629768654697,-0.52557058850285,0.7811744851010827,,,,49,34.9762538345017,-11.624793611868753,13.362771834380741
1660857761.5482078,LIDAR_ONLY,19.75131114852923,25.371748086051827,39.24218113084538,-0.052490259523335706,0.3401100633294481,-0.5639507232230432,0.7506860190874867,,,,50,34.981072095169786,-11.65320764304896,13.374386647877287
1660857761.6496005,LIDAR_ONLY,19.71496438150607,25.355827545227495,39.26195688543368,-0.06355058928363491,0.34812042431698753,-0.5991331428542976,0.7182012043352443,,,,56,34.981072095169786,-11.65320764304896,13.374386647877287
1660857761.741755,LIDAR_ONLY,19.687794412130494,25.363856241654865,39.262774860445546,-0.07085572805230096,0.35702339437762937,-0.6323885585976345,0.6838117230817709,,,,56,34.95584640704849,-11.663473311142624,13.419103116263086
1660857761.8524292,LIDAR_ONLY_SAFE,19.669062052949013,25.365860734500686,39.29897820507671,-0.07842840466325322,0.362898214399981,-0.6638872054216518,0.6491591867983632,,,,60,34.90766899708156,-11.618129577555456,13.476654203271815
1660857761.942965,LIDAR_ONLY,19.650755351074853,25.386878528474227,39.31767363106292,-0.08505827629006166,0.37069330347208573,-0.6926889147456933,0.6128079893277741,,,,56,34.90766899708156,-11.618129577555456,13.476654203271815
1660857762.0536988,LIDAR_ONLY,19.635752025109536,25.398658291452094,39.32987356236365,-0.08965496050276939,0.3767032805486992,-0.723928910481138,0.5709496992298775,,,,50,34.86090355902355,-11.577963116735381,13.523039917453763
1660857762.1442103,LIDAR_ONLY,19.625957543234055,25.399220824209305,39.34871809895509,-0.0963052512467617,0.380535395803048,-0.7517233227878921,0.5299341063755438,,,,53,34.86090355902355,-11.577963116735381,13.523039917453763
1660857762.244902,LIDAR_ONLY,19.613295089535136,25.399987056686815,39.364384120766616,-0.10526879413736558,0.38313599554902394,-0.7765626182047185,0.4889537707212778,,,,51,34.866257186063535,-11.5568797425101,13.551957025912415
1660857762.3484573,LIDAR_ONLY,19.59969902555774,25.413703730531864,39.366598439615295,-0.10739977996477622,0.3837222091850513,-0.8006718983379004,0.4473779885663178,,,,39,34.866257186063535,-11.5568797425101,13.551957025912415
1660857762.4490654,LIDAR_ONLY,19.6028662798211,25.43365072876958,39.36839343091342,-0.11638334746290341,0.3838729392661769,-0.8231070975192422,0.40198406553733446,,,,46,34.83892502597651,-11.497683484136127,13.572427316619965
1660857762.550099,LIDAR_ONLY,19.599561009482056,25.440125769090834,39.36429546412243,-0.11812640682699978,0.3815262038172396,-0.8425587629959783,0.3613566641278878,,,,36,34.82667605149529,-11.476462083644357,13.59764540990033
1660857762.65065,LIDAR_ONLY,19.595729533803254,25.41960124426131,39.360354766324114,-0.11854494228664011,0.37416656133352216,-0.8574341557484185,0.3327959578992833,,,,34,34.82667605149529,-11.476462083644357,13.59764540990033
1660857762.7512438,LIDAR_ONLY,19.57615543953183,25.402007787944164,39.37009944618188,-0.12009883110791134,0.3714007204673954,-0.8661341783731505,0.31216880154281995,,,,50,34.812518621626126,-11.442693343873398,13.602342138359148
1660857762.8417635,LIDAR_ONLY,19.53046640851989,25.374864746462748,39.382984047117034,-0.12143660964626675,0.3698407820935459,-0.8715271642147367,0.29818005931630254,,,,78,34.812518621626126,-11.442693343873398,13.602342138359148
1660857762.9543855,LIDAR_ONLY,19.467749043325085,25.341520717367683,39.38432779573097,-0.1196980741580044,0.37685824474603774,-0.871577071057856,0.2898338206904253,,,,74,34.797097592874415,-11.458679129310307,13.59112495536475
1660857763.056117,LIDAR_ONLY,19.40420684480307,25.288034696752835,39.421227395497304,-0.1209815776971473,0.3837062364371723,-0.8686705002774286,0.2890407305638635,,,,71,34.797097592874415,-11.458679129310307,13.59112495536475
1660857763.1575007,LIDAR_ONLY,19.31418935701737,25.236647090549322,39.428529049398264,-0.12676644826377978,0.39229034679188374,-0.8638035040923785,0.2896239936991039,,,,79,34.79752954353983,-11.502961266900133,13.612912793511637
1660857763.2580867,LIDAR_ONLY,19.19639263462363,25.18412272830528,39.42094558289567,-0.12103904544751991,0.3907375673342207,-0.8662542066963481,0.2868402906353449,,,,79,34.700235012178545,-11.534455605573985,13.713801453058506
1660857763.3586743,LIDAR_ONLY,19.0986212866209,25.104930388272905,39.452804454528746,-0.12229072042706463,0.3955095430825525,-0.8636123440295862,0.2877340790865482,,,,77,34.700235012178545,-11.534455605573985,13.713801453058506
1660857763.4492126,LIDAR_ONLY,18.99187038835721,25.042756589821437,39.45902677620584,-0.12522857284019176,0.3922974452857121,-0.8648674527660025,0.2870972102141698,,,,68,34.61370595359502,-11.551250419461558,13.874039299806745
1660857763.56176,LIDAR_ONLY,18.853411909743915,24.981901859112906,39.44408804071484,-0.1196702434603258,0.391058594252579,-0.8655073821271408,0.28922167998745635,,,,64,34.61370595359502,-11.551250419461558,13.874039299806745
1660857763.662656,LIDAR_ONLY,18.751078736561453,24.904061924593364,39.495807030082815,-0.11862826747704511,0.39211964572273683,-0.8657015426576642,0.2876288522276767,,,,33,34.5178264686061,-11.570355354276536,13.966105065002393
1660857763.7632275,LIDAR_ONLY,18.645757928807907,24.836624208339355,39.51073328568993,-0.12423177500274926,0.40153041367570436,-0.8609213755313251,0.2866255015282752,,,,73,34.41346516010653,-11.605025180940915,14.178166206511644
1660857763.8640232,LIDAR_ONLY,18.491574524339295,24.773795063633557,39.493592173781686,-0.12036520135325708,0.401400558983532,-0.8624796828026152,0.28375800658941414,,,,64,34.41346516010653,-11.605025180940915,14.178166206511644
1660857763.9645636,LIDAR_ONLY,18.372359737619977,24.6863658089691,39.526186015614684,-0.12055872340561145,0.4031535677952516,-0.861006274368539,0.28565887082808566,,,,46,34.259982013779826,-11.634531403380652,14.42975206599326
1660857764.0553448,LIDAR_ONLY,18.245138444131925,24.633875164545618,39.52586023551091,-0.1244310034072704,0.40016907728911905,-0.8619999469053744,0.28519769723433414,,,,60,34.259982013779826,-11.634531403380652,14.42975206599326
1660857764.1683047,LIDAR_ONLY,18.08656303145732,24.56548113268894,39.53094424190719,-0.11932734198856351,0.39901777994377735,-0.8626663013453341,0.2869715129866463,,,,80,34.17951416269695,-11.642229429792014,14.535272143054714
1660857764.2505617,LIDAR_ONLY,17.967761675658743,24.486896555306217,39.565928573400505,-0.11838695263879372,0.4028187004172352,-0.8616720044571481,0.28503154347171916,,,,70,34.01866192256331,-11.688020934862289,14.791163408744614
1660857764.3511405,LIDAR_ONLY,17.842285611109162,24.42509253750644,39.56901448697262,-0.12304652429467414,0.40883312927228943,-0.8582400159017559,0.2848492590360411,,,,34,34.01866192256331,-11.688020934862289,14.791163408744614
1660857764.4630063,LIDAR_ONLY,17.6865179402058,24.3437812211527,39.56942233159573,-0.11701475293790715,0.4110103269772267,-0.8595513588083495,0.2802668733255388,,,,55,33.79879737788094,-11.713991357766105,15.024141457006818
1660857764.5535078,LIDAR_ONLY,17.575749182789252,24.269977454200856,39.59366582963488,-0.11462957126056894,0.4097878690702743,-0.8599594909857766,0.28178651071147093,,,,22,33.76607682684491,-11.727909950836825,15.173094830676574
1660857764.6647909,LIDAR_ONLY,17.454410871795695,24.213013752716307,39.59261059819719,-0.11634443348660294,0.40743560293889475,-0.8609919011183538,0.2813416934318548,,,,54,33.76607682684491,-11.727909950836825,15.173094830676574
1660857764.765385,LIDAR_ONLY,17.309591538205332,24.149611558045454,39.59284110333707,-0.10817573997037626,0.407918834391692,-0.8616879857017167,0.2817694964464802,,,,57,33.553339656043725,-11.771603942552806,15.40226157569725
1660857764.8661442,LIDAR_ONLY,17.185519074871035,24.077422956220957,39.619732204435856,-0.11187102554614918,0.4093066027342963,-0.8606178041308288,0.28158475422933005,,,,47,33.553339656043725,-11.771603942552806,15.40226157569725
1660857764.97681,LIDAR_ONLY,17.069503076215504,24.02287196611094,39.6227557413968,-0.11710595533483215,0.4125137633777416,-0.8583101849754677,0.28181947522559053,,,,29,33.50274713369583,-11.777181490279675,15.543458202854362
1660857765.0673304,LIDAR_ONLY,16.92865858381007,23.951613859137044,39.63082835653087,-0.11157766410481192,0.4153003741559199,-0.859000602308611,0.27783806314526155,,,,47,33.30924461720007,-11.800283900810307,15.77537399517822
1660857765.16793,LIDAR_ONLY,16.823766449573288,23.886233691514335,39.6522614349402,-0.11238592060227404,0.4142424289857116,-0.8585617384449373,0.28043601080603786,,,,51,33.30924461720007,-11.800283900810307,15.77537399517822
1660857765.2684915,LIDAR_ONLY,16.716446324813003,23.827881967872205,39.672116145131916,-0.11370304774746177,0.4142130225572507,-0.8583886172711139,0.2804784672952808,,,,66,33.15160656366736,-11.82662450212102,16.013818072944463
1660857765.3702705,LIDAR_ONLY,16.59359716890596,23.78024677572365,39.66584893725272,-0.10906706153164276,0.4163179749485376,-0.858009261857509,0.28036373943563797,,,,62,33.04788045996454,-11.855913261808025,16.132197730964858
1660857765.4608066,LIDAR_ONLY,16.48309378296616,23.718734854521188,39.68732711454882,-0.11190302857351198,0.41548699141140305,-0.8575699755230838,0.281819107310548,,,,67,33.04788045996454,-11.855913261808025,16.132197730964858
1660857765.5815074,LIDAR_ONLY,16.40322367814086,23.670108506450614,39.70116891475782,-0.11369863119094376,0.4212173995453183,-0.8550382563149678,0.2802821860615562,,,,39,32.895527141675984,-11.872524224388382,16.374813294913068
1660857765.6726952,LIDAR_ONLY,16.277137722720116,23.610795088551253,39.70430668458962,-0.10848885471934576,0.4220434570948836,-0.8557822959267322,0.27882996736981996,,,,55,32.895527141675984,-11.872524224388382,16.374813294913068
1660857765.773491,LIDAR_ONLY,16.18237860382568,23.559346307688234,39.71328785302981,-0.11257175800932354,0.41804359185698725,-0.8575106767180706,0.27792551865655635,,,,64,32.79819622087792,-11.89183621474769,16.504380046090002
1660857765.8756752,LIDAR_ONLY,16.076854899934748,23.50528341892367,39.73621496183404,-0.11156708785996003,0.41154663591794655,-0.8627957023992653,0.2715984670288621,,,,43,32.67453664397814,-11.923976074541152,16.744499253117247
1660857765.9863281,LIDAR_ONLY,15.949151286707998,23.449997021259545,39.735928115164796,-0.1081628495280159,0.4129022656507397,-0.8646184199094128,0.2650424587793744,,,,59,32.67453664397814,-11.923976074541152,16.744499253117247
1660857766.06703,LIDAR_ONLY,15.836145895776617,23.388787657248937,39.75020625106747,-0.11175266791661193,0.4147553642750243,-0.8633657316223176,0.2647431632334851,,,,52,32.48546772803374,-11.962726647181702,16.962750771186986
1660857766.167616,LIDAR_ONLY,15.74106706011321,23.324695950824267,39.757589226038064,-0.11159519626582792,0.42412512770320054,-0.8588836957763717,0.264543352497575,,,,76,32.417798252303285,-11.959228054993567,17.097204637908483
1660857766.2782662,LIDAR_ONLY,15.614330115031997,23.284506992554128,39.73219109060029,-0.10593354239870728,0.42688679535316637,-0.855563442704899,0.27305117479129465,,,,29,32.417798252303285,-11.959228054993567,17.097204637908483
1660857766.3699324,LIDAR_ONLY,15.528624492352773,23.221500904908428,39.727761020745085,-0.10993579712383626,0.4238168145277032,-0.8515604074196996,0.28833713036917796,,,,53,32.23949181514358,-11.972412094668432,17.31755545972173
1660857766.4704645,LIDAR_ONLY,15.41637627319147,23.1412542994352,39.75897578913356,-0.10967904244753207,0.41929776797933566,-0.8512625079422246,0.2958243262263158,,,,52,32.23949181514358,-11.972412094668432,17.31755545972173
1660857766.5716462,LIDAR_ONLY,15.294838365831781,23.07460345631548,39.75181692968935,-0.1060319586492971,0.4136281739999132,-0.8539872536572909,0.2972788724571075,,,,57,32.18792162760749,-12.007558257979927,17.450556195295658
1660857766.6822715,LIDAR_ONLY,15.174433123963416,23.027683877840932,39.743460770318165,-0.11092345214012038,0.4038356457192324,-0.8581518449820146,0.29696493053189554,,,,54,32.00208840270083,-12.044078323020308,17.65462820234393
1660857766.7737052,LIDAR_ONLY,15.081135101335503,22.94776460260413,39.78195699860884,-0.11059562794606599,0.4062403841336605,-0.8590642295961992,0.29111167411569067,,,,75,32.00208840270083,-12.044078323020308,17.65462820234393
1660857766.874267,LIDAR_ONLY,14.959453167543808,22.899378373986846,39.773734744789145,-0.10819331488341379,0.40741092951696195,-0.859870927740228,0.2879800839499549,,,,60,31.8477794792827,-12.117206663831478,17.900267795576053
1660857766.9758296,LIDAR_ONLY,14.873523348868849,22.843879842161872,39.77519075492015,-0.11313298041251517,0.4068082258660443,-0.8602843198983915,0.2856901906745578,,,,60,31.774949879247856,-12.132239434021997,18.007338155603584
1660857767.076551,LIDAR_ONLY,14.775797389736855,22.790056194400247,39.80282222674842,-0.11472457439827399,0.4029262195930987,-0.8629308943928355,0.28255796767376773,,,,64,31.774949879247856,-12.132239434021997,18.007338155603584
1660857767.177159,LIDAR_ONLY,14.671108994371943,22.73420735073165,39.7972738596401,-0.11202827135524449,0.40471472010133713,-0.8644904404658832,0.2762461585136619,,,,69,31.611365030894802,-12.156927123173565,18.2370055115387
1660857767.2777507,LIDAR_ONLY,14.569043559161672,22.69484596011385,39.805640058616675,-0.1172891178569859,0.4026860123143876,-0.8655004407616956,0.2738543871475819,,,,75,31.611365030894802,-12.156927123173565,18.2370055115387
1660857767.3783333,TRANSITION,14.430940771397424,22.664417773673332,39.81373373776421,-0.11744286869916279,0.40445280150744806,-0.8668050411869694,0.2669721418375791,,,,37,31.54526425696808,-12.20692800745927,18.33815489993948
1660857767.479683,TRANSITION,14.265271602741802,22.64005585981774,39.80371372483264,-0.11346838971658793,0.40531396907006156,-0.8672548946295546,0.26592190348460937,,,,58,31.381887845064412,-12.25312275622739,18.56995181562144
1660857767.5903463,TRANSITION,14.154179372557884,22.61093776892549,39.80832678865378,-0.11373453435811963,0.41034931929258434,-0.8629757825065363,0.2719387626979389,,,,68,31.381887845064412,-12.25312275622739,18.56995181562144
1660857767.6921089,TRANSITION,14.053464862923999,22.5829918468498,39.81853700326976,-0.11760078163706449,0.4064961873791384,-0.8640412165128107,0.27269705163723,,,,88,31.256149863909187,-12.281792122880416,18.806620746157403
1660857767.7830398,TRANSITION,13.954800126646449,22.562298934534184,39.811831659964184,-0.11645502471786093,0.4027066276707014,-0.8652012833097602,0.27512240658877185,,,,71,31.11351799884074,-12.261948601283239,18.917500470561443
1660857767.8842704,LIDAR_ONLY,13.836557729677873,22.513422440726195,39.80796676531991,-0.1202827595567647,0.3962265543466016,-0.8671718817300993,0.27667580834020833,,,,66,31.11351799884074,-12.261948601283239,18.917500470561443
1660857767.985605,LIDAR_ONLY,13.735500905047706,22.42585282323929,39.84405714566169,-0.12071443140151675,0.3952938606576081,-0.8684489487662697,0.27380141191121227,,,,62,30.98723544383955,-12.295324217704648,19.1397423842504
1660857768.0962784,LIDAR_ONLY,13.593997100848215,22.357070835938647,39.85637654900331,-0.11757628547094444,0.39549470409951154,-0.8690474817072324,0.2729766119329868,,,,61,30.907034812639935,-12.357443184347051,19.24746561384953
1660857768.186849,TRANSITION,13.448138199174906,22.31236344277877,39.85438043925408,-0.11512938473990252,0.3905424684867541,-0.8714857112506779,0.27337604167809626,,,,67,30.907034812639935,-12.357443184347051,19.24746561384953
1660857768.2883859,TRANSITION,13.346731270382282,22.278212705141964,39.86941006406941,-0.11808861838900361,0.38810777626877946,-0.8724306962513932,0.2725657947083392,,,,73,30.783581587879265,-12.418161242848324,19.47857980610363
1660857768.3889644,TRANSITION,13.230452471162575,22.245704057494585,39.860012354655325,-0.11804272821699446,0.3874635457886359,-0.8735869191948601,0.26978474681052594,,,,41,30.669916306642822,-12.413957529148288,19.597101245099843
1660857768.4904284,TRANSITION,13.086014762463762,22.21327088221685,39.865946195370846,-0.11700950994227573,0.38622698504838965,-0.8738913108227145,0.27101931199096735,,,,67,30.669916306642822,-12.413957529148288,19.597101245099843
1660857768.5910225,TRANSITION,12.959892535972001,22.172459098664866,39.878086123911565,-0.11954431828774464,0.3886612378597816,-0.8733090786701289,0.26829620061184495,,,,80,30.542310913307574,-12.445875091943138,19.830551686230585
1660857768.6917496,TRANSITION,12.861937268971735,22.15349464289287,39.87061994925196,-0.11877699994166795,0.39150009107605194,-0.8723779863095641,0.2675375711461291,,,,75,30.542310913307574,-12.445875091943138,19.830551686230585
1660857768.8023775,TRANSITION,12.70546989208696,22.107610091232647,39.87290399513235,-0.11474871041016294,0.39146481339046857,-0.8727258902681808,0.2682117704202811,,,,65,30.434540175121786,-12.510335698919032,19.932090445251525
1660857768.9029665,TRANSITION,12.623287576128869,22.08623113704567,39.88596904656077,-0.11982174423319263,0.3885053999339288,-0.8732738404716841,0.26851276204107855,,,,72,30.330500378101423,-12.558891638283328,20.168388604887383
1660857769.003495,TRANSITION,12.476793024246557,22.05052649401697,39.88747839327159,-0.12146699091612105,0.38779589882330806,-0.8738444706771258,0.26693810526153716,,,,63,30.330500378101423,-12.558891638283328,20.168388604887383
1660857769.0973701,LIDAR_ONLY,12.361138737621603,22.001385920174084,39.89133209110531,-0.1259017012198232,0.38430557128921056,-0.8743770298540586,0.26818426346380303,,,,69,30.136423795253084,-12.584944345964637,20.37363194483937
1660857769.2080097,LIDAR_ONLY,12.265222212190297,21.92871285936054,39.919093809486824,-0.12541629044429292,0.3878696639437313,-0.8735831427180891,0.2658578015446541,,,,51,30.060569498354575,-12.582897445983026,20.498988863224326
1660857769.2997725,LIDAR_ONLY,12.14496704435802,21.890899058803004,39.903738012773104,-0.11931333927884989,0.38072503686243236,-0.8771503567273944,0.2672452526598641,,,,58,30.060569498354575,-12.582897445983026,20.498988863224326
1660857769.4014807,LIDAR_ONLY,12.035503623511193,21.818481510017428,39.91367147294018,-0.12197104344052419,0.3768078937739574,-0.8781259392893265,0.2683909657550009,,,,59,29.885535417992685,-12.628160922459042,20.734402884502313
1660857769.5125015,LIDAR_ONLY,11.927385895869737,21.752028341254153,39.92827263398309,-0.12473718647504704,0.38027005187481533,-0.8766206644216392,0.2671545108478959,,,,80,29.885535417992685,-12.628160922459042,20.734402884502313
1660857769.6030757,LIDAR_ONLY,11.803547067054621,21.679441322328664,39.935635759185296,-0.12119072690108278,0.3767715955201648,-0.8788861838774286,0.2662987951751706,,,,68,29.836812248556047,-12.67899342588963,20.86817686842275
1660857769.7136753,LIDAR_ONLY,11.678945365552744,21.60617335518205,39.9296552490993,-0.12851263586889303,0.37433912169079386,-0.8782674892967085,0.26832991193351974,,,,75,29.65813304438877,-12.715726397061669,21.06377559066871
1660857769.8142939,LIDAR_ONLY,11.577624394103532,21.509040219488373,39.92941191538368,-0.130781271028113,0.38034615762847424,-0.8758735488527956,0.2666056750062473,,,,66,29.65813304438877,-12.715726397061669,21.06377559066871
1660857769.904812,LIDAR_ONLY,11.500775825465226,21.4147226375212,39.9246635373664,-0.12197044626044548,0.3808828801334146,-0.8769353978236702,0.26652532694688474,,,,55,29.508179507541833,-12.766016221948995,21.28395884396502
1660857770.0170202,LIDAR_ONLY,11.375429688519823,21.301188799196932,39.89557367295938,-0.1273382555329298,0.366598913052432,-0.8819544427012388,0.26748189962341956,,,,52,29.508179507541833,-12.766016221948995,21.28395884396502
1660857770.113451,LIDAR_ONLY,11.291199370355804,21.171474663589237,39.91105383471511,-0.12722246396575213,0.36929687815653306,-0.8821646878961528,0.2630964155502791,,,,39,29.432338753450818,-12.791531762044793,21.378678940892993
1660857770.2140236,LIDAR_ONLY,11.183618077059519,21.07106809723643,39.85922367018027,-0.11711817985105061,0.3658000233429151,-0.8847891996234039,0.2638593320321952,,,,46,29.30577585299161,-12.929504141247087,21.6241633297662
1660857770.3049362,LIDAR_ONLY,11.097385150809009,20.963553036842388,39.86924739391118,-0.1315129222386577,0.36486993861913397,-0.8837095552902045,0.2619765276987756,,,,45,29.30577585299161,-12.929504141247087,21.6241633297662
1660857770.4175112,LIDAR_ONLY,11.022094294085637,20.895980549004054,39.8640263263695,-0.12799269998079194,0.35969228487373844,-0.8849520786109351,0.2666442339825147,,,,62,29.24907667317793,-13.05490387857074,21.88551883250166
1660857770.5080032,LIDAR_ONLY,10.961928811143718,20.80484440955711,39.88879494318766,-0.13131922064980453,0.36620997766316093,-0.8821482926634371,0.26544284563509724,,,,62,29.105712120708326,-13.184906372929674,21.93509286000966
1660857770.6102967,LIDAR_ONLY,10.93324822960745,20.773358419079027,39.881715299170274,-0.12994021329455657,0.35462592287363265,-0.8873775793616274,0.26441828121612226,,,,78,29.105712120708326,-13.184906372929674,21.93509286000966
1660857770.7209332,LIDAR_ONLY,10.912472598692911,20.75253795840817,39.876335277812984,-0.12989500867198722,0.35211016526291494,-0.8879068398582454,0.26602098032593446,,,,78,28.992602839767162,-13.265925696095259,22.10192893491408
1660857770.822831,TRANSITION,10.877984823302185,20.722886399260364,39.87128629351425,-0.12944037824690097,0.3484964843119382,-0.889312805181759,0.2663045689455381,,,,88,28.992602839767162,-13.265925696095259,22.10192893491408
1660857770.9234393,TRANSITION,10.874942533793739,20.709348355437,39.87480400491098,-0.12975896025689504,0.35273699798587316,-0.8880571524428453,0.2647521793679305,,,,114,28.995306022161397,-13.37085738938013,22.21587554230248
1660857771.0255065,TRANSITION,10.870931324366838,20.696266685832533,39.87047431774931,-0.13007714107453358,0.3525536361807242,-0.888245219919436,0.26420881945139263,,,,109,28.964209011298383,-13.393719226298632,22.25985857606532
1660857771.1260383,TRANSITION,10.869178491060827,20.685694158866262,39.87589823310659,-0.13006648853442215,0.35434408074579915,-0.8872275046376628,0.2652363776241217,,,,117,28.964209011298383,-13.393719226298632,22.25985857606532
1660857771.2266443,TRANSITION,10.857854188494741,20.67565776651264,39.880949065835914,-0.13212465162316248,0.35371209405209253,-0.8870504573494269,0.2656545069651824,,,,71,28.95899550089175,-13.421974899747303,22.273584244953202
1660857771.3272116,TRANSITION,10.840002597466329,20.67639370195811,39.881661400133616,-0.13375849077151156,0.3523761925540341,-0.8876024134885407,0.26476714417949837,,,,111,28.95899550089175,-13.421974899747303,22.273584244953202
1660857771.429494,TRANSITION,10.788093921421906,20.685666743496252,39.86946311492419,-0.13445663606771902,0.3503870390434536,-0.8887517448518646,0.26319322162715486,,,,31,28.963159102154847,-13.437134013511809,22.270877251415246
1660857771.5210478,TRANSITION,10.73146317031532,20.693105532071307,39.89007151065936,-0.13469023858235904,0.34875989997883167,-0.8895880723376761,0.2624083332364277,,,,95,28.963159102154847,-13.437134013511809,22.270877251415246
1660857771.632936,LIDAR_ONLY,10.633527824612157,20.67062195803142,39.9010030434627,-0.1399240359075538,0.34754268682620126,-0.8891802530150746,0.2626667520966721,,,,81,28.956476904220494,-13.441959809886514,22.290245266504062
1660857771.72345,LIDAR_ONLY,10.507017839081387,20.624366149339828,39.91309316688579,-0.13270272083098084,0.3463971097502106,-0.8914142636203771,0.26034523397768583,,,,98,28.956476904220494,-13.441959809886514,22.290245266504062
1660857771.8240411,LIDAR_ONLY,10.391365548958763,20.56455665785835,39.93581785361491,-0.13443982914939062,0.34403126366084846,-0.8918891312960503,0.2609639811126802,,,,91,28.837611689069867,-13.41648284903376,22.337485152830507
1660857771.924616,LIDAR_ONLY,10.281300045252497,20.512562143762903,39.925982165663356,-0.13288310887914223,0.3418323702043877,-0.8934884716812466,0.2591738046712566,,,,62,28.837611689069867,-13.41648284903376,22.337485152830507
1660857772.026761,LIDAR_ONLY,10.190888624961042,20.45718212234993,39.91601308206291,-0.1269275275398861,0.33208161842830103,-0.8967635565565256,0.26348875704049124,,,,68,28.765470978995328,-13.384537201134165,22.493689167419884
1660857772.1374056,LIDAR_ONLY,10.129049627324292,20.415664505520404,39.915357322819105,-0.13250383822825437,0.3331554445949961,-0.8964639002746515,0.26038943545361226,,,,70,28.630459455304447,-13.412367386297715,22.703273891736632
1660857772.2178705,LIDAR_ONLY,10.094592843318752,20.38820577990615,39.91322823836468,-0.13314300783346922,0.3325695945069829,-0.8968369603519851,0.2595262430297365,,,,77,28.630459455304447,-13.412367386297715,22.703273891736632
1660857772.338555,LIDAR_ONLY,10.055574837302554,20.365794463480245,39.92026255628599,-0.131484434180228,0.3310671827789951,-0.8967166056291054,0.26268934741268113,,,,98,28.515225229958062,-13.480336254017185,22.860639210986225
1660857772.4301932,LIDAR_ONLY,10.04456703162128,20.34597811633054,39.92039617124714,-0.12981998206062645,0.3324832699711018,-0.8923444084622253,0.2762663644624577,,,,102,28.515225229958062,-13.480336254017185,22.860639210986225
1660857772.5417507,LIDAR_ONLY,10.05023421697241,20.333015882608002,39.92041732483909,-0.12983850999590088,0.3356285923322156,-0.8842991485981415,0.2975070169252182,,,,96,28.496181825293764,-13.47577744275335,22.92305582417061
1660857772.6839004,LIDAR_ONLY,10.059286282721413,20.332960141665325,39.91155591009565,-0.12938241381956278,0.3363425229038031,-0.8736214751547835,0.3269853458938306,,,,76,28.458685033563945,-13.527998662361094,22.971293123258743
1660857772.7442634,LIDAR_ONLY,10.06278482190664,20.313594582853558,39.90885076117194,-0.12741175022939652,0.34034799842716174,-0.8568899556457727,0.36560783605318475,,,,100,28.458685033563945,-13.527998662361094,22.971293123258743
1660857772.846003,LIDAR_ONLY,10.08067251986641,20.29499716885795,39.91410563069491,-0.13090665211494854,0.3395341958010229,-0.8339499145752866,0.4148584316290087,,,,87,28.458685033563945,-13.527998662361094,22.971293123258743
1660857772.9365249,LIDAR_ONLY,10.087153396870711,20.276189971252194,39.915266951263376,-0.1293852196735819,0.3361320568777539,-0.8103670632187386,0.4621470849409162,,,,71,28.470676579759584,-13.590437078199667,22.987945710364954
1660857773.037752,LIDAR_ONLY,10.07938780839911,20.25363160154697,39.886203927173085,-0.12930274905224856,0.33508595641611416,-0.7847952263631367,0.5050689592301851,,,,76,28.470676579759584,-13.590437078199667,22.987945710364954
1660857773.148389,LIDAR_ONLY,10.092063147381285,20.218240073122033,39.902465143442654,-0.12503369754812466,0.33810853914270866,-0.7553180240664068,0.5473060138137043,,,,73,28.48812673478114,-13.635612670149044,23.00553918617993
1660857773.2389154,LIDAR_ONLY,10.103602425320327,20.21371221116315,39.88784086980707,-0.12234065533454042,0.33518567669371946,-0.7254680996135959,0.5885400263658594,,,,65,28.48812673478114,-13.635612670149044,23.00553918617993
1660857773.349572,LIDAR_ONLY,10.119104699913525,20.21410633167524,39.88948215945004,-0.12126074059273008,0.33331573118466057,-0.6934121131186594,0.627197016507615,,,,69,28.54672702410465,-13.664360741153196,23.04090138044556
1660857773.4414775,LIDAR_ONLY,10.141909440956592,20.215266342318078,39.89673305697518,-0.1182994725501703,0.3290362428038761,-0.6612930484179317,0.6636504274314748,,,,47,28.56679813562831,-13.716125948314021,23.047295827133564
1660857773.5420694,LIDAR_ONLY,10.17045471581543,20.21389227524297,39.91804204524155,-0.11062403137425478,0.3211601118457944,-0.6247533760417308,0.7030659466694177,,,,64,28.56679813562831,-13.716125948314021,23.047295827133564
1660857773.642786,LIDAR_ONLY_SAFE,10.183986391547764,20.209570925980767,39.917888544856766,-0.10529176017529635,0.315258488335046,-0.5869968340513991,0.7382143642503333,,,,48,28.58187886678981,-13.715904826365955,23.02462714351271
1660857773.744267,LIDAR_ONLY,10.199295106999296,20.197070631585607,39.91731538369865,-0.09893146864795148,0.3074213967558827,-0.5490876469234118,0.770848496997907,,,,61,28.58187886678981,-13.715904826365955,23.02462714351271
1660857773.8458695,LIDAR_ONLY,10.214757411278661,20.18699721177365,39.89537272627735,-0.09625979283331902,0.30125502964959355,-0.5088306015720009,0.8006690191948137,,,,60,28.587950922140703,-13.731058096851937,23.006994942638087
1660857773.946515,LIDAR_ONLY,10.227611196539923,20.18598942378423,39.90177251546638,-0.08980049703552564,0.29349675771313327,-0.4674859785689188,0.829006865945941,,,,35,28.587950922140703,-13.731058096851937,23.006994942638087
1660857774.0973895,LIDAR_ONLY,10.23372862937574,20.200746594943578,39.89965284992618,-0.08702804534142602,0.28418347249582454,-0.42593757233237317,0.8545426014891649,,,,32,28.619906920974305,-13.73049465445212,22.991476706751268
1660857774.1778443,LIDAR_ONLY,10.231338316527951,20.20871355530795,39.90694146906145,-0.07753985132658024,0.2758340810783491,-0.3855463887767857,0.8770730375932749,,,,59,28.619906920974305,-13.73049465445212,22.991476706751268
1660857774.2599726,LIDAR_ONLY,10.245396087036664,20.221057985159966,39.92964041018916,-0.07167490365279372,0.2633551718196088,-0.3384535458932371,0.9005309316922554,,,,60,28.633582036577,-13.75716232454706,22.96150628260678
1660857774.3505058,LIDAR_ONLY,10.245139792808978,20.229967422234388,39.9237524979159,-0.0632484553748347,0.24945259271004272,-0.291009516445539,0.9214588966530568,,,,37,28.633582036577,-13.75716232454706,22.96150628260678
1660857774.4611654,TRANSITION,10.25879451797257,20.23803020092808,39.92645255608544,-0.0715723043909872,0.23943294378251473,-0.22771158894087573,0.9411146066966682,,,,42,28.633597326277688,-13.555081395955998,22.90516740965172
1660857774.5617552,TRANSITION,10.268790966257573,20.24262977198428,39.92274558609071,-0.07282948317699577,0.23419672499358662,-0.20288833991847838,0.9479894946187821,,,,37,28.633597326277688,-13.555081395955998,22.90516740965172
1660857774.6522722,TRANSITION,10.282306208248443,20.25009589494943,39.92267197967697,-0.08072504602278728,0.22785389027729516,-0.14901597996474483,0.9588327848719338,,,,60,28.637460940317112,-13.512119512236966,22.890351055448022
1660857774.7537498,TRANSITION,10.282343672526105,20.260353114131554,39.92027935367934,-0.0852732053455725,0.220057816301933,-0.1069875943280027,0.965845066557998,,,,62,28.641800169087784,-13.503178969522006,22.86407493735848
1660857774.854328,TRANSITION,10.277535580692646,20.269746456492406,39.921442561379,-0.08848700110355591,0.21223964605497478,-0.06643355657842201,0.9709330388026253,,,,77,28.641800169087784,-13.503178969522006,22.86407493735848
1660857774.9549181,LIDAR_ONLY,10.278210383398985,20.298705959856616,39.92453098658625,-0.08289891296941064,0.19574975035141604,-0.01953656248639974,0.9769483753976275,,,,66,28.658700863731365,-13.541880374328407,22.87661553369457
1660857775.056564,LIDAR_ONLY,10.265882392636165,20.313849397220814,39.93405399900754,-0.07676484977796096,0.17351700446245402,0.028853782664121266,0.9814104473801548,,,,67,28.658700863731365,-13.541880374328407,22.87661553369457
1660857775.1571589,LIDAR_ONLY,10.245349389247323,20.318879821100765,39.939210466456224,-0.07194159906402871,0.15679657114350495,0.06875254566644899,0.9826048692460939,,,,63,28.659694956465586,-13.505241592727367,22.86282655462673
1660857775.2678127,LIDAR_ONLY,10.233023291462466,20.329456511160416,39.94170832835348,-0.06993345024033225,0.1460560584042509,0.09970338270902504,0.9817515855944796,,,,58,28.659694956465586,-13.505241592727367,22.86282655462673
1660857775.358379,LIDAR_ONLY,10.22084143338469,20.325850117815808,39.9637616460049,-0.06481572033788413,0.138236779387603,0.12143746442840649,0.9807866523637156,,,,61,28.650137827379105,-13.436811640993213,22.840720005820486
1660857775.4690366,LIDAR_ONLY,10.208944884464508,20.325445825755555,39.96613059641255,-0.06362994972044371,0.13180839307161038,0.13347967098066352,0.9801841431329869,,,,91,28.650137827379105,-13.436811640993213,22.840720005820486
1660857775.5897827,LIDAR_ONLY,10.198024589073844,20.318094635939065,39.96946103368205,-0.06102974276174892,0.1310391631588586,0.13784576557823494,0.9798482806685999,,,,100,28.63161722119933,-13.387655601230248,22.829188533269626
1660857775.6803265,LIDAR_ONLY,10.19926827831582,20.31056109363255,39.98002851709211,-0.05990910882879613,0.1304258128756013,0.13835551065737986,0.9799274252136296,,,,134,28.63161722119933,-13.387655601230248,22.829188533269626
1660857775.7608078,LIDAR_ONLY,10.18696005236455,20.30501958734202,39.98526185029909,-0.05992742991466361,0.1299084342914167,0.13767144422576832,0.9800913606845879,,,,134,28.646439081452108,-13.380273845124226,22.843899951684985
1660857775.8714592,LIDAR_ONLY,10.173368060741568,20.30407774560977,39.97621668857117,-0.05932208871201053,0.13016976947486625,0.13740173644867812,0.9801313604444012,,,,131,28.646439081452108,-13.380273845124226,22.843899951684985
1660857775.972039,LIDAR_ONLY,10.164033866649415,20.306641133108972,39.97640415180508,-0.0611189567259762,0.1301008095645314,0.13919140977193267,0.9797775277710159,,,,140,28.61230071957974,-13.432723674085508,22.84569015070048
1660857776.063041,LIDAR_ONLY,10.152151584850108,20.30794753803343,39.956489169921795,-0.06165229700169603,0.1291697065656888,0.1386106058307033,0.9799496319359451,,,,135,28.61230071957974,-13.432723674085508,22.84569015070048
1660857776.174685,LIDAR_ONLY,10.147307167154281,20.30745589151705,39.95853299142751,-0.060898620853369945,0.1294168157975905,0.13826862209219382,0.9800124662021888,,,,132,28.608870695378467,-13.443673748857181,22.855095705929223
1660857776.2652998,LIDAR_ONLY,10.141097677295463,20.299829148518352,39.965444233913615,-0.058340932906080396,0.12772141781923158,0.1364871296500561,0.9806400146933544,,,,140,28.58962775004848,-13.433145288148594,22.86013201003509
1660857776.3558264,LIDAR_ONLY,10.139363592449914,20.297005450939597,39.95722789660629,-0.05836502703812697,0.1275558312164297,0.1349342541027308,0.9808750076392324,,,,138,28.58962775004848,-13.433145288148594,22.86013201003509
1660857776.4766002,LIDAR_ONLY,10.13134688618817,20.293212905013227,39.95847069493983,-0.059459406830856744,0.13068404171761303,0.1364408794316322,0.9801888321132795,,,,123,28.570981562746358,-13.442301397375783,22.853826646838183
1660857776.567141,LIDAR_ONLY,10.13512224657587,20.294462379883996,39.971100365769985,-0.06111890346680216,0.1274136078712835,0.14118912868145492,0.9798448255261698,,,,133,28.570981562746358,-13.442301397375783,22.853826646838183
1660857776.677975,LIDAR_ONLY,10.143193773174051,20.309979646183535,39.96963354574785,-0.05171872100623205,0.12097234338883348,0.16012736669337482,0.9782893705179154,,,,132,28.563476325509264,-13.439461869540773,22.860081510879855
1660857776.7685091,LIDAR_ONLY,10.124524543124492,20.30681661526708,39.99919971412844,-0.05600421204724121,0.11826454808010652,0.17116139909483258,0.9765146186106357,,,,89,28.563476325509264,-13.439461869540773,22.860081510879855
1660857776.8696265,LIDAR_ONLY,10.11819653193207,20.311073775624216,39.99262165645517,-0.05646085941091991,0.11603935978380747,0.1730265295068358,0.9764265760528871,,,,121,28.56005163784492,-13.45771535168277,22.871343797523405
1660857776.9802678,LIDAR_ONLY,10.106631624340183,20.300402365526466,39.996401341890575,-0.05521450076134558,0.11576136485080875,0.1736856084179691,0.9764138337518746,,,,121,28.56005163784492,-13.45771535168277,22.871343797523405
1660857777.0711136,LIDAR_ONLY,10.108259804268462,20.28788141116623,39.991913326426726,-0.053705918542913685,0.11573484994641789,0.1723774556165788,0.9767328865234838,,,,130,28.593983138541105,-13.475811852381298,22.866203221839925
1660857777.1716201,LIDAR_ONLY,10.105138192766695,20.28208162969401,39.9820344279625,-0.05250311873271735,0.11582204645987382,0.1725525673592417,0.9767570258641192,,,,130,28.593983138541105,-13.475811852381298,22.866203221839925
1660857777.2926712,LIDAR_ONLY,10.097873357149425,20.275323937914532,39.98476039070067,-0.0544510032978187,0.11533615702792101,0.17280249162101272,0.9766636872595712,,,,125,28.5799106681019,-13.427298770198432,22.880790075656805
1660857777.3844638,LIDAR_ONLY,10.094383673660433,20.26796503562315,39.99071119629782,-0.055101094952513585,0.11697240167114553,0.17313546209352051,0.9763736161674902,,,,134,28.5799106681019,-13.427298770198432,22.880790075656805
1660857777.4749565,LIDAR_ONLY,10.092490341512958,20.2686657704594,40.00139657679406,-0.05546999405855893,0.11678320172463949,0.1737767732065157,0.9762614386771695,,,,141,28.558595182046833,-13.44356793741185,22.887471346263236
1660857777.5855076,LIDAR_ONLY,10.091509954177694,20.269291591548015,39.99799000107722,-0.05480934640566432,0.11618644479980221,0.173457016006974,0.9764268068776701,,,,141,28.558595182046833,-13.44356793741185,22.887471346263236
1660857777.665985,LIDAR_ONLY,10.08045448842632,20.27600451004083,39.9830855973444,-0.05580870602277152,0.11443097712384108,0.17175908162212786,0.9768775551146982,,,,141,28.552055472699738,-13.444806581890953,22.890996729454116
1660857777.7770076,LIDAR_ONLY,10.0772616790244,20.266782876096027,39.99776953832118,-0.05782471216268593,0.11691300865575593,0.16866505519954572,0.9770055016349172,,,,136,28.552055472699738,-13.444806581890953,22.890996729454116
1660857777.8876147,LIDAR_ONLY,10.081786848044807,20.25934357238863,40.00429465473028,-0.05597146117078407,0.11551458493720446,0.1693758916133561,0.9771567855474237,,,,131,28.55782739989173,-13.448544697633638,22.907669728355025
1660857777.978138,LIDAR_ONLY,10.080764080389592,20.261669290754842,40.003270858613625,-0.056400610451659075,0.11511311208598832,0.1693801905709575,0.9771787418935723,,,,137,28.55782739989173,-13.448544697633638,22.907669728355025
1660857778.0787592,LIDAR_ONLY,10.088381884460738,20.261210172556822,40.00559322201595,-0.0563922881735268,0.11502259653693164,0.1689890846542012,0.9772575921363781,,,,139,28.535013776370594,-13.451355549792211,22.903583844465846
1660857778.1692765,LIDAR_ONLY,10.089331872303186,20.261770608764795,40.00200083548619,-0.058198470448376914,0.11484183870039014,0.1696637045298951,0.9770560462361285,,,,146,28.544901391963073,-13.462614678058346,22.925231419606167
1660857778.2808387,LIDAR_ONLY,10.094780580881645,20.26057223285926,40.0044168163706,-0.05848821475838967,0.11544428353456407,0.16945917111031178,0.9770032422976773,,,,142,28.544901391963073,-13.462614678058346,22.925231419606167
1660857778.371333,LIDAR_ONLY,10.096151864077576,20.258523239776725,40.00712814415876,-0.05856746411196996,0.11517442289379372,0.16998365570655657,0.9769392310943449,,,,142,28.54804475848096,-13.45788975289111,22.920288555452537
1660857778.4718406,LIDAR_ONLY,10.094063345051383,20.259064699572416,40.0009621415446,-0.05919455855961316,0.11487830381544721,0.1698281273760637,0.9769633497226791,,,,146,28.54804475848096,-13.45788975289111,22.920288555452537
1660857778.5826652,LIDAR_ONLY,10.09715426869569,20.259101942531547,40.002432532580414,-0.059516890990075566,0.11467629704782613,0.16982009871811116,0.9769688944145792,,,,143,28.549021965611782,-13.454742881728622,22.92047571316331
1660857778.7133965,LIDAR_ONLY,10.100125329345154,20.260572281180316,40.0049277007779,-0.059652877626876946,0.11471976621289696,0.16976669018456964,0.9769647794750165,,,,145,28.549021965611782,-13.454742881728622,22.92047571316331
1660857778.7944195,LIDAR_ONLY,10.101389996118115,20.260502151569103,40.00337303578951,-0.06087573710467331,0.11429875601154359,0.16964752762919202,0.9769593928999706,,,,141,28.555650429038792,-13.457231912463573,22.9172207391121
1660857778.874982,LIDAR_ONLY,10.103242104268787,20.26116559060672,40.00005896546184,-0.06178466897144342,0.11390002728501732,0.16982583501430895,0.9769179209259364,,,,147,28.555650429038792,-13.457231912463573,22.9172207391121
1660857778.997011,LIDAR_ONLY,10.106523727917798,20.26152439452624,39.99827993492656,-0.06194333809996174,0.11449825481746509,0.16992380203403204,0.9768209017066987,,,,145,28.558440106951302,-13.457612159431518,22.91255712607816
1660857779.0822632,LIDAR_ONLY,10.10490978349365,20.259610377600975,40.00029881922389,-0.06257151605904225,0.11475113632700228,0.16973034966236486,0.9767848230256376,,,,148,28.563485031159466,-13.45662834663667,22.91320203215734
1660857779.2030425,LIDAR_ONLY,10.107652128408992,20.2609709570648,40.000204071523406,-0.06194732276161108,0.11515886675033385,0.1696860270667329,0.9767843246232791,,,,146,28.563485031159466,-13.45662834663667,22.91320203215734
1660857779.2938685,LIDAR_ONLY,10.10864117589656,20.26188527616188,39.99852880132822,-0.0626001956241955,0.11474998209634836,0.16948767178449176,0.9768252588000439,,,,145,28.562747737961494,-13.458131012541177,22.91339335669527
1660857779.3843827,LIDAR_ONLY,10.105657603061145,20.259573676630072,39.993539966323105,-0.060611536073445785,0.11408404930582587,0.16982655249806017,0.9769698119468313,,,,144,28.562747737961494,-13.458131012541177,22.91339335669527
1660857779.4950328,LIDAR_ONLY,10.1126248545555,20.242513803061506,39.99156852719607,-0.05400482022717753,0.10875496923920265,0.18417018172848035,0.9753651522481768,,,,139,28.563539457409636,-13.456391112191765,22.90967809048363
1660857779.5956419,LIDAR_ONLY,10.105771916098504,20.251733929296986,40.00019489942621,-0.05361287314855599,0.0981486803672948,0.21051183065319062,0.9711731388017061,,,,84,28.56761535248888,-13.458607590761572,22.90814544529019
1660857779.686271,LIDAR_ONLY,10.09669591332169,20.256246709465845,40.00195329911073,-0.048839850944138,0.08598271254973262,0.23324730900381974,0.9673765218077298,,,,80,28.56761535248888,-13.458607590761572,22.90814544529019
1660857779.797018,LIDAR_ONLY,10.087100926039875,20.256871179488957,40.02329205005674,-0.051104153728963535,0.07888619985435341,0.2458863832662413,0.9647306460709294,,,,83,28.570955687493637,-13.525097351789624,22.898477410963043
1660857779.8886015,LIDAR_ONLY,10.08240779111927,20.257129126137976,40.02460468697883,-0.04932041436427264,0.07686893842875457,0.25568585215250716,0.9624361838796478,,,,96,28.570955687493637,-13.525097351789624,22.898477410963043
1660857779.9891865,LIDAR_ONLY,10.073122800052872,20.26382861184644,40.02420382048671,-0.05265096206080782,0.07523703209152871,0.25696627132199673,0.9620476082808997,,,,116,28.58636295111125,-13.497559551978155,22.913554802873954
1660857780.091145,LIDAR_ONLY,10.067942052464796,20.264279550069393,40.02991312332344,-0.05478821283100547,0.07617577336326871,0.25569489938874396,0.9621931311924194,,,,130,28.573972350746438,-13.462280208405721,22.93345353703863
1660857780.1917543,LIDAR_ONLY,10.067999053553379,20.267691758005355,40.03332907445,-0.055669777452175634,0.07653088315995857,0.25661435782470426,0.9618695187806903,,,,125,28.573972350746438,-13.462280208405721,22.93345353703863
1660857780.2923095,LIDAR_ONLY,10.062497215982974,20.27401320927637,40.031950532364185,-0.05763540859594284,0.07639287571015949,0.25682021565040053,0.9617097613365442,,,,125,28.55706028179829,-13.444135185456028,22.942895403380085
1660857780.392974,LIDAR_ONLY,10.065850754978499,20.272418736867046,40.03899521346052,-0.056248579339723555,0.07682339345366716,0.2569926147460275,0.9617115261379192,,,,141,28.55706028179829,-13.444135185456028,22.942895403380085
1660857780.4935799,LIDAR_ONLY,10.065658978659755,20.274114724815345,40.04456976068888,-0.0552791349523161,0.0762415452925056,0.25591688751360153,0.9621008214816601,,,,143,28.5448557506549,-13.441243693324337,22.945303398141668
1660857780.6044693,LIDAR_ONLY,10.069123815468032,20.26665998623003,40.04411282252569,-0.05381763444485591,0.07837056459693621,0.25507360897932113,0.9622365461931811,,,,143,28.531025378203356,-13.433448889807094,22.944820556251454
1660857780.7050354,LIDAR_ONLY,10.069010789296934,20.257236000985348,40.04846044613821,-0.05294961013386927,0.081355908673282,0.25667101623392463,0.9616119510156166,,,,136,28.531025378203356,-13.433448889807094,22.944820556251454
1660857780.7955594,LIDAR_ONLY,10.067599440063244,20.233554648132532,40.068302279173615,-0.04977566010815134,0.08897082669049865,0.2591144054125914,0.9604510922303574,,,,131,28.541056033223324,-13.420439536825581,22.956349010867
1660857780.916998,LIDAR_ONLY,10.053246419337642,20.212494943812576,40.06425993405452,-0.051476422494093385,0.09478586989822899,0.26345906290174503,0.9586214784625786,,,,102,28.541056033223324,-13.420439536825581,22.956349010867
1660857780.9974194,LIDAR_ONLY,10.053707640862987,20.18109292901891,40.04777436200333,-0.05383513033797748,0.09493603139492597,0.2529611857307707,0.9613009763846894,,,,104,28.54067538281677,-13.43174842004283,22.955839910588413
1660857781.1080856,LIDAR_ONLY,10.086832751234436,20.127455558465716,40.02986613686183,-0.05722250107741603,0.09417696818114879,0.2451389473942708,0.963204641031739,,,,101,28.54469770427443,-13.445903981903722,22.984066171878364
1660857781.2200065,LIDAR_ONLY,10.111810668286768,20.091869892016938,40.01403239309347,-0.06198966599426442,0.1055027357014868,0.23351812748036807,0.9646220701432682,,,,69,28.54469770427443,-13.445903981903722,22.984066171878364
1660857781.3105147,LIDAR_ONLY,10.11930712558271,20.054545152104822,39.97893373365495,-0.059226185244181925,0.1036639022938955,0.22855028215412695,0.9661836382747808,,,,77,28.502148022425473,-13.476227226309703,22.984885047709003
1660857781.411078,LIDAR_ONLY,10.137290593718278,20.028466697488685,39.96947592921805,-0.061655856852651056,0.09860794392027548,0.22331419094306287,0.9677839639273976,,,,104,28.502148022425473,-13.476227226309703,22.984885047709003
1660857781.5116258,LIDAR_ONLY,10.165673441368792,20.003263113307337,39.97949558051312,-0.06447066392069195,0.10121397256424901,0.2223398401119138,0.9675558178991005,,,,112,28.525966985138606,-13.553040640307866,22.977188329580784
1660857781.6125753,LIDAR_ONLY,10.17400080754057,19.998701033849148,39.94894454963853,-0.060986853031696035,0.10014518701306306,0.2217570036291257,0.9680265371449488,,,,106,28.542010319775176,-13.62527391078705,22.970606697228256
1660857781.713211,LIDAR_ONLY,10.184820781021642,19.997992806686153,39.95741088891074,-0.05922962723257499,0.09912071110593675,0.21950305975965712,0.9687545316765709,,,,112,28.542010319775176,-13.62527391078705,22.970606697228256
1660857781.8038082,LIDAR_ONLY,10.196875835899835,20.003246620784388,39.97005783501338,-0.058132890903178996,0.09907957179460122,0.21834945137832978,0.969085817939268,,,,127,28.595475871370198,-13.678343082487968,22.973279481736586
1660857781.9051752,LIDAR_ONLY,10.205191114548832,20.007697924212913,39.98506912245336,-0.061765243190590284,0.09978354178654711,0.2178351178494071,0.9689046191208269,,,,122,28.595475871370198,-13.678343082487968,22.973279481736586
1660857782.0057411,LIDAR_ONLY,10.203180085758836,20.01011869497544,39.98784782911976,-0.06541509634954684,0.1001428028080718,0.21735926009351922,0.9687348637614531,,,,122,28.578479761964974,-13.69908548328717,22.93779052690308
1660857782.1063387,LIDAR_ONLY,10.195479102835527,20.014647064895797,39.97682863516254,-0.06530612636213652,0.09929154209530656,0.21736710071570373,0.968828077139777,,,,142,28.61105833869413,-13.686188317296308,22.936941256896116
1660857782.2069557,LIDAR_ONLY,10.1895766395366,20.01333188289548,39.973287546825446,-0.06183272446861947,0.09925181091084369,0.21962418123380423,0.9685509853554882,,,,116,28.61105833869413,-13.686188317296308,22.936941256896116
1660857782.3377228,LIDAR_ONLY,10.191977973055234,20.013832791951547,39.978546787915356,-0.062172057277702523,0.09978341268839765,0.21805745387346573,0.9688285981825353,,,,132,28.635363224558382,-13.670333676221142,22.944775883790108
1660857782.4182174,LIDAR_ONLY,10.196085868660147,20.01124251609149,39.98158421715887,-0.06069650720933183,0.1003014277962477,0.21774241042014808,0.9689395235509003,,,,94,28.635363224558382,-13.670333676221142,22.944775883790108
1660857782.5395079,LIDAR_ONLY,10.198059126640548,20.011217364877847,39.98306907360172,-0.06007647807688579,0.09962443223014177,0.21746532121865383,0.9691102224989515,,,,144,28.611447194000803,-13.675179958975374,22.928676824229022
1660857782.630034,LIDAR_ONLY,10.19801982722493,20.009648519612433,39.98449608130157,-0.05916985857561817,0.09933559239310619,0.2177107900268737,0.9691405366745974,,,,104,28.61025731950077,-13.668941938574639,22.9239641907613
1660857782.710551,LIDAR_ONLY,10.199383881476923,20.008363163911945,39.98762443370813,-0.05864669390717,0.09945209179754302,0.21851644423594963,0.9689790556711374,,,,149,28.61025731950077,-13.668941938574639,22.9239641907613
1660857782.8111498,LIDAR_ONLY,10.197104409386117,20.00856116157002,39.98188846793506,-0.05860438277090442,0.09847272097242193,0.2189958629463817,0.9689734060110725,,,,142,28.612946308181996,-13.671401928301698,22.920821132413355
1660857782.9218118,LIDAR_ONLY,10.200006710841379,20.01011255804721,39.97825355262724,-0.05882334103464315,0.0981161611663214,0.2197494537897962,0.9688256866054868,,,,146,28.612946308181996,-13.671401928301698,22.920821132413355
1660857783.0123324,LIDAR_ONLY,10.198837955097206,20.008456873389246,39.97870625725096,-0.059022185048644905,0.09747522648675411,0.2206355518680828,0.9686768889290723,,,,142,28.612962072483906,-13.671365589666497,22.91862942859999
1660857783.1258094,LIDAR_ONLY,10.198343955007392,20.007436478868573,39.97833632132052,-0.059140199481435535,0.09721001953164662,0.22161130429239184,0.9684735818378207,,,,121,28.61566134555373,-13.674845230295963,22.915005552207056
1660857783.2168314,LIDAR_ONLY,10.199810672684116,20.00749444740942,39.978785797194696,-0.0576119892867861,0.0978513837460149,0.22213283634371717,0.9683816233320957,,,,140,28.61566134555373,-13.674845230295963,22.915005552207056
1660857783.3173797,LIDAR_ONLY,10.199149673465138,20.008299635868745,39.97589226576934,-0.05749977752163433,0.09742794048684177,0.222643683661033,0.9683136692845459,,,,132,28.61465506166605,-13.674449102078055,22.915352691739347
1660857783.420101,LIDAR_ONLY,10.197957740876587,20.00783306133839,39.977605597360494,-0.05770314147333048,0.09718965090670746,0.22332252853533976,0.9681691832883981,,,,146,28.613529883954648,-13.67625227572702,22.90946001212734
1660857783.5206788,LIDAR_ONLY,10.196611088309199,20.00891301997112,39.97269008393685,-0.05830432693467581,0.097113588324578,0.22401510612462033,0.967980779071255,,,,146,28.613529883954648,-13.67625227572702,22.90946001212734
1660857783.6223295,LIDAR_ONLY,10.197055282113507,20.008334865041746,39.97637272482461,-0.057546949389254386,0.09681861855082842,0.22455783270693616,0.9679298959572762,,,,145,28.613856906037633,-13.676152995138324,22.908116718220587
1660857783.7334642,LIDAR_ONLY,10.19531194877789,20.008313802360345,39.974386907888494,-0.05873184217114216,0.09595086922986781,0.22531754990688713,0.967768568983915,,,,146,28.613856906037633,-13.676152995138324,22.908116718220587
1660857783.8244686,LIDAR_ONLY,10.182671579527293,20.018618890595025,39.96747244998132,-0.06240103009829091,0.09647258653777512,0.23483761327325234,0.9652204136266008,,,,129,28.61472141092277,-13.67588900156743,22.910159744053942
1660857783.9351077,LIDAR_ONLY,10.193256897875528,20.00727071662052,39.99125154098406,-0.05831469325052569,0.09098099807986743,0.2576222709900248,0.960183638701176,,,,141,28.61472141092277,-13.67588900156743,22.910159744053942
1660857784.0356889,LIDAR_ONLY,10.217122146161067,20.0171603401041,39.98131477752423,-0.05964767668321286,0.09337934117271393,0.26504516592277566,0.957848377004113,,,,72,28.61436736704753,-13.678289489012466,22.91027440995599
1660857784.1362784,LIDAR_ONLY,10.215822657923615,20.004373351521703,39.9993113635046,-0.056738875073516014,0.09190967258588491,0.2686866188144274,0.9571524502453191,,,,134,28.55961704832447,-13.638729939951595,22.88889219121315
1660857784.2368305,LIDAR_ONLY,10.222187385541403,19.997096385779532,40.00057105470491,-0.054243392658748335,0.09104041768875276,0.26854806527250824,0.9574190479295464,,,,124,28.55961704832447,-13.638729939951595,22.88889219121315
1660857784.3289862,LIDAR_ONLY,10.211469102640931,19.991910437393877,40.0082871039534,-0.05373895755620444,0.08852629923378533,0.2658919422871053,0.9584240678382058,,,,87,28.605423639907922,-13.675263832841429,22.864667323240536
1660857784.4297059,LIDAR_ONLY,10.206192434946203,19.9863182731102,40.03180571900102,-0.05313731931359166,0.08645290533618999,0.2644801031134353,0.9590373274863727,,,,132,28.605423639907922,-13.675263832841429,22.864667323240536
1660857784.5512724,LIDAR_ONLY,10.20744250121798,19.98899438115011,40.03636380074751,-0.05323409451896193,0.09109931002571506,0.26622663886818076,0.9581181678950339,,,,97,28.62025843129552,-13.674158083143666,22.893804436452857
1660857784.6418157,LIDAR_ONLY,10.206127838140839,19.99574532270567,40.02122601681412,-0.05289910695429181,0.09479319912396224,0.26720901047001294,0.9575047146656354,,,,124,28.63498733638062,-13.684085927428498,22.904373882866754
1660857784.7423794,LIDAR_ONLY,10.208464352768337,20.002345612372714,40.01026361572721,-0.05597715977868963,0.10913086354579069,0.27313838823408265,0.954123908660583,,,,140,28.63498733638062,-13.684085927428498,22.904373882866754
1660857784.8429906,LIDAR_ONLY,10.238339114154778,19.995450230154237,40.04663540684938,-0.05876296031951076,0.12417388473035652,0.2774324135253066,0.9508727658162174,,,,112,28.627196409754553,-13.679150220370337,22.906103368786614
1660857784.944043,LIDAR_ONLY,10.246081068111542,19.990234996520673,40.06436215060599,-0.05868792038076346,0.1311859192861882,0.2813249669220752,0.9487898848368443,,,,109,28.627196409754553,-13.679150220370337,22.906103368786614
1660857785.0452118,LIDAR_ONLY,10.254396080424092,19.9847559473149,40.06767032065112,-0.05859702109765441,0.13360382483251332,0.2822132784201735,0.9481941112409115,,,,131,28.60841109997366,-13.682045113234853,22.889378149287793
1660857785.1457984,LIDAR_ONLY,10.247226707858585,19.98449126694448,40.064731799309534,-0.06206483604883018,0.14073954925120424,0.28443920706592435,0.9462741002936242,,,,137,28.619477943490402,-13.68712048443073,22.885541474286082
1660857785.246396,LIDAR_ONLY,10.252649577755916,19.9756310447975,40.08317166351048,-0.06537812094894944,0.14614907376397943,0.28912996119026213,0.9438061321485642,,,,136,28.619477943490402,-13.68712048443073,22.885541474286082
1660857785.347008,LIDAR_ONLY,10.26489257894531,19.972240921470434,40.10375988914337,-0.06428135512828018,0.1445519589136816,0.2857767519641996,0.9451477591328679,,,,123,28.617571530069608,-13.692426103385646,22.876768699557473
1660857785.4489548,LIDAR_ONLY,10.254547098578426,19.965691061900344,40.11002434546018,-0.061689209057296066,0.13122949470832673,0.281679031667368,0.9484883680485577,,,,138,28.617571530069608,-13.692426103385646,22.876768699557473
1660857785.5494976,LIDAR_ONLY,10.247281358636878,19.956581972636407,40.11590952054621,-0.058899411102462496,0.12085229968196207,0.27711870654163695,0.9513836258408352,,,,125,28.603788609311135,-13.691274953154261,22.873809457560984
1660857785.6400785,LIDAR_ONLY,10.238328627222556,19.94917687759132,40.12165829135432,-0.058987840777914455,0.11182611424785176,0.27369241494689406,0.9534714556886971,,,,124,28.603788609311135,-13.691274953154261,22.873809457560984
1660857785.762029,LIDAR_ONLY,10.229776121507417,19.95465731260524,40.10349509093318,-0.06004193111644956,0.10734635226422393,0.27172128937723683,0.954483770455289,,,,131,28.646508842868165,-13.686562542293744,22.90235477639304
1660857785.852555,LIDAR_ONLY,10.239083862689842,19.96231640402866,40.09575679976703,-0.0628204327087092,0.10997979299809145,0.27297518352818156,0.9536469931500562,,,,140,28.670758237552473,-13.678653620151675,22.9409628725145
1660857785.9430642,LIDAR_ONLY,10.245836146963718,19.971711328544416,40.08845588500822,-0.06729122801349129,0.114803088587968,0.2761211937312607,0.9518661816954751,,,,139,28.670758237552473,-13.678653620151675,22.9409628725145
1660857786.0443976,LIDAR_ONLY,10.270808069334059,19.98136388069672,40.08789123727412,-0.06980975627208286,0.11819945640253939,0.277560904167924,0.9508498466702623,,,,135,28.623490516076483,-13.689939661965731,22.923182450828698
1660857786.1550512,LIDAR_ONLY,10.294636193474782,19.9632234488502,40.1063370431593,-0.06357045577313801,0.1182574924245223,0.27393302773786354,0.9523311708395491,,,,129,28.623490516076483,-13.689939661965731,22.923182450828698
1660857786.2556193,LIDAR_ONLY,10.314305527939313,19.94333201498611,40.120585456448865,-0.0583260845420476,0.11743090326594803,0.26423357495369554,0.9555044053730614,,,,115,28.612162157825676,-13.690303377838587,22.901418415507393
1660857786.3562446,LIDAR_ONLY,10.305280457855035,19.93414376410851,40.11039105675884,-0.061637113908140855,0.11258464663545008,0.2618819366845804,0.9565267454542916,,,,111,28.63610154463779,-13.685986277319525,22.87571440464915
1660857786.45684,LIDAR_ONLY,10.32950218416672,19.889225429835662,40.116416145465614,-0.058923860941797745,0.10816214601859837,0.2603246521662062,0.957632499581602,,,,86,28.63610154463779,-13.685986277319525,22.87571440464915
1660857786.5574055,LIDAR_ONLY,10.348644661629843,19.853553232256647,40.11819453663301,-0.052516439078790195,0.10224125480608345,0.25646934715147646,0.9596938175344555,,,,97,28.666124603705974,-13.727537821459517,22.861002645966597
1660857786.649413,LIDAR_ONLY,10.387021115679527,19.819970828471153,40.075217398177514,-0.05069794003712308,0.10262876500686581,0.2528727245654975,0.9607041379321627,,,,119,28.666124603705974,-13.727537821459517,22.861002645966597
1660857786.760082,LIDAR_ONLY,10.429284190448099,19.79149247540946,40.05198602717535,-0.048209891455951615,0.10547686733146928,0.25439303062766233,0.9601221915942879,,,,110,28.654041593603207,-13.701941582160305,22.85643814738101
1660857786.840504,LIDAR_ONLY,10.480087284166693,19.741200466126294,40.05904421602737,-0.051734706405600725,0.09095114424128706,0.2536982741244233,0.9616072978199655,,,,100,28.654041593603207,-13.701941582160305,22.85643814738101
1660857786.962236,LIDAR_ONLY,10.506882810652504,19.700835127863446,39.9821236861051,-0.052424149609099635,0.09424800225362596,0.2536346879372541,0.961269196262907,,,,88,28.682583174348512,-13.787529182487738,22.86602363269968
1660857787.0532718,LIDAR_ONLY,10.542248100935263,19.661798257906028,39.98891303322976,-0.04626844413537126,0.09450872958255256,0.2538127133563143,0.9615125779981714,,,,82,28.682583174348512,-13.787529182487738,22.86602363269968
1660857787.1541476,LIDAR_ONLY,10.546189020522895,19.633961704826152,39.99234707638595,-0.04687680750385591,0.0923876402292784,0.25478043421415497,0.9614333150004521,,,,98,28.712144069262155,-13.864575662390978,22.810666801821647
1660857787.2654054,LIDAR_ONLY,10.540113355010492,19.622439076070403,39.97442158732088,-0.048173106254148,0.09084031631024095,0.25321285272626165,0.9619306835633795,,,,120,28.73838587325721,-14.00648441240178,22.753585291653685
1660857787.3862274,LIDAR_ONLY,10.539671281535718,19.60819174309487,39.98350520635711,-0.04662663700748355,0.09283003855680484,0.2530241280350827,0.9618665870561263,,,,127,28.73838587325721,-14.00648441240178,22.753585291653685
1660857787.4868438,LIDAR_ONLY,10.532439676092556,19.614256036023733,39.96701864715179,-0.047083744668970716,0.09257384770505844,0.2530476227360052,0.9618628303124538,,,,127,28.79921099693734,-14.053827968798291,22.77849127533622
1660857787.567339,LIDAR_ONLY,10.523453795900439,19.621138981197202,39.97663319988553,-0.05257652963880147,0.09068516761669423,0.25487309245960793,0.9612760350937438,,,,132,28.79921099693734,-14.053827968798291,22.77849127533622
1660857787.6796162,LIDAR_ONLY,10.521762245953983,19.62099557424892,39.993328903181116,-0.05300685963290297,0.09158054496914197,0.25659194209558295,0.9607100769049057,,,,83,28.775319496817392,-14.075305556470669,22.76728120109426
1660857787.7600992,LIDAR_ONLY,10.517523985989436,19.625712203248188,39.99601828527693,-0.054910843386816,0.09154489338636039,0.25568609312353574,0.9608480387431986,,,,133,28.775319496817392,-14.075305556470669,22.76728120109426
1660857787.8606377,LIDAR_ONLY,10.508267281764077,19.621683806529738,39.99915744891176,-0.056533687953778985,0.09179624940679215,0.2551969386911612,0.9608599862643102,,,,131,28.772359041247867,-14.080470508635836,22.775333186381737
1660857787.9712844,LIDAR_ONLY,10.501347804329042,19.619136129566446,39.98863523913619,-0.05310821685630838,0.09332253673691734,0.25312925787084717,0.9614551472892973,,,,119,28.77093528196281,-14.070526706249245,22.784971722803093
1660857788.0639427,LIDAR_ONLY,10.50114311402562,19.617525480622508,39.993912747774694,-0.053903049395118446,0.09398418801124357,0.25340193757546886,0.9612746182557682,,,,127,28.77093528196281,-14.070526706249245,22.784971722803093
1660857788.17462,LIDAR_ONLY,10.499388148507114,19.61594065372808,39.99255080594142,-0.05446825847788072,0.09384086140570853,0.2537696382164568,0.961159753770678,,,,116,28.775271318015726,-14.063719005497365,22.805198271983706
1660857788.2651398,LIDAR_ONLY,10.5007853798964,19.61750449701927,39.99512126922582,-0.053142461362332624,0.09385225721922744,0.25386230425846384,0.961208386923352,,,,137,28.775271318015726,-14.063719005497365,22.805198271983706
1660857788.355715,LIDAR_ONLY,10.50005035448152,19.618866490291982,39.995795724987914,-0.05469908434665122,0.09311712003318767,0.2550336857942911,0.9608824232124041,,,,115,28.75389991323737,-14.080548885203806,22.795056377053218
1660857788.466391,LIDAR_ONLY,10.502367292809351,19.621150914710128,39.99340178564622,-0.054223375686656194,0.09305432027986306,0.2550239006541935,0.9609180657587391,,,,142,28.75389991323737,-14.080548885203806,22.795056377053218
1660857788.5569181,LIDAR_ONLY,10.504493380630482,19.62505155090218,39.98981868462699,-0.054917905586268335,0.09303553979139716,0.2550327088261556,0.9608781033047503,,,,95,28.762202006927108,-14.069818421580823,22.80501541781003
1660857788.6682725,LIDAR_ONLY,10.503421771628972,19.626728299163776,39.989373880245964,-0.05557183437485217,0.09314478031353328,0.25503240484467016,0.9608300024477284,,,,142,28.766634522173202,-14.061402287561759,22.79992543994952
1660857788.7590811,LIDAR_ONLY,10.508173274440049,19.626455460623013,39.99444700341265,-0.05379346480496567,0.09349147086633655,0.2552039517093443,0.9608519922711617,,,,101,28.766634522173202,-14.061402287561759,22.79992543994952
1660857788.859686,LIDAR_ONLY,10.509201535326778,19.62756929834978,39.996616122385674,-0.05355461846629787,0.09298970696589184,0.25520836986865714,0.960912849944421,,,,145,28.7674343929184,-14.061183847106172,22.797610686546435
1660857788.9603472,LIDAR_ONLY,10.510519580216911,19.62588394180574,40.001725213115975,-0.05276400479108101,0.09357003666483299,0.2552452882438926,0.9608904468597036,,,,144,28.7674343929184,-14.061183847106172,22.797610686546435
1660857789.0745883,LIDAR_ONLY,10.510024394527145,19.623592259300658,40.006832909796636,-0.051499433007545004,0.09394170833905606,0.2557530039757575,0.9607877834317095,,,,126,28.768090939797847,-14.059005876329591,22.79900505185497
1660857789.1752753,LIDAR_ONLY,10.507557024714437,19.62167914576478,40.008635127855,-0.0515640990030259,0.09414289511985718,0.2555947392964221,0.960806738234309,,,,104,28.768090939797847,-14.059005876329591,22.79900505185497
1660857789.265841,LIDAR_ONLY,10.508149985349442,19.62143643101737,40.00999353144987,-0.05198423522392748,0.09349303943353968,0.2555206735060078,0.9608672521616596,,,,146,28.768445176598707,-14.06141368092101,22.795928191192996
1660857789.38705,LIDAR_ONLY,10.506780799483584,19.620223030484716,40.01210773783018,-0.05276865083465245,0.0928644966028874,0.25555457513812263,0.9608764300812861,,,,149,28.770825224782715,-14.060661466889096,22.794441160029567
1660857789.4674969,LIDAR_ONLY,10.50671355829545,19.62162951884705,40.01074218689441,-0.053034770775295566,0.09261039102055715,0.25551601163229737,0.9608965586177085,,,,130,28.770825224782715,-14.060661466889096,22.794441160029567
1660857789.5789921,LIDAR_ONLY,10.504523231886738,19.619443578540064,40.017385983298205,-0.054714375571925315,0.09357584462414689,0.25613422510951916,0.960544198429306,,,,131,28.768806368339288,-14.059517760293248,22.794463636214317
1660857789.680216,LIDAR_ONLY,10.495387166734064,19.625388984595,40.005858978207236,-0.05186648342039716,0.09354303859979388,0.2564708935328254,0.9606155571286535,,,,118,28.768806368339288,-14.059517760293248,22.794463636214317
1660857789.7709944,LIDAR_ONLY,10.48080924448446,19.637912450679877,39.96880332061761,-0.053231450779680965,0.09267719797968596,0.25628656709377073,0.9606740056594717,,,,87,28.771265267199418,-14.058830974929265,22.793045880684463
1660857789.8816128,LIDAR_ONLY,10.469180527764792,19.64548169075207,39.93608439217968,-0.05834600847534168,0.09026376749250536,0.25627416080267196,0.9606100926379759,,,,110,28.76031541312503,-14.062991508267773,22.789709616883698
1660857789.982269,LIDAR_ONLY,10.4659375411156,19.653672072337507,39.916710916459245,-0.058570362795255335,0.09001009322169477,0.256335516118313,0.9606038719975118,,,,80,28.76031541312503,-14.062991508267773,22.789709616883698
1660857790.082924,LIDAR_ONLY,10.45963107488276,19.662031793844523,39.88909808311693,-0.06023244138558253,0.08968129934892452,0.2564175930906138,0.9605099351414526,,,,82,28.708924584932856,-14.064482675320209,22.755502534700007
1660857790.1735592,LIDAR_ONLY,10.456392068050956,19.677247710565553,39.855197854007386,-0.06056781761222398,0.08891814769391816,0.2559768640441318,0.9606773378999357,,,,108,28.708924584932856,-14.064482675320209,22.755502534700007
1660857790.2741795,LIDAR_ONLY,10.454202884653776,19.68601553832054,39.83379446555755,-0.06027094284794103,0.08730964089556045,0.25568553859777077,0.9609210921854492,,,,115,28.689016836501963,-14.075787452841476,22.73989704012718
1660857790.374745,LIDAR_ONLY,10.449900940705465,19.69022805704459,39.82094915752908,-0.0578703331885,0.08840947075216977,0.2560721718071729,0.9608651481055659,,,,123,28.62525926065447,-14.08514085052595,22.688226000918604
1660857790.4753318,LIDAR_ONLY,10.440964887911628,19.699832389093018,39.78093726000143,-0.05696022789262745,0.10186666423269937,0.26230780449198404,0.9579004806654591,,,,107,28.62525926065447,-14.08514085052595,22.688226000918604
1660857790.587208,LIDAR_ONLY,10.377234225112172,19.70214431935455,39.72363537255958,-0.06257043392600338,0.08427230030169085,0.2568480471624631,0.960735239735174,,,,77,28.579960467612416,-14.092697347265384,22.646143600508374
1660857790.6777356,LIDAR_ONLY,10.358075961840372,19.690123452389116,39.747959154377284,-0.05770125016840431,0.07249286625148664,0.25113565273611016,0.9635072568468052,,,,70,28.579960467612416,-14.092697347265384,22.646143600508374
1660857790.7893295,LIDAR_ONLY,10.377181111621741,19.69651558721271,39.761085593305765,-0.054344870534910085,0.0867904253554901,0.25883891436493905,0.9604772113504499,,,,51,28.569445591545225,-14.091704729893296,22.64467053110019
1660857790.889946,LIDAR_ONLY,10.362853902135667,19.700364390276935,39.74041077203879,-0.059956422496323755,0.08432096889274561,0.2620666135827161,0.9594875151098728,,,,112,28.569445591545225,-14.091704729893296,22.64467053110019
1660857790.9804485,LIDAR_ONLY,10.356004128120995,19.71045195857867,39.72372431761014,-0.06075424496731145,0.08496603764818014,0.2628373039304473,0.9591695605196162,,,,79,28.41291347494358,-14.13258512550593,22.59099022263271
1660857791.091275,LIDAR_ONLY,10.3470614627199,19.71713610215661,39.70142203941786,-0.0622663068180918,0.08634989467666337,0.2641783769138073,0.9585804024158594,,,,118,28.47187744746019,-14.104083778834841,22.65678396609108
1660857791.1921184,LIDAR_ONLY,10.346271956405277,19.72209063312151,39.70136417039747,-0.06092290590373454,0.08484247760084883,0.26508462930772325,0.9585511425247906,,,,116,28.47187744746019,-14.104083778834841,22.65678396609108
1660857791.2831151,LIDAR_ONLY,10.340190955281278,19.721280593525705,39.70327384457232,-0.06295014053502362,0.08418679561283676,0.26530435275384334,0.9584171657795616,,,,105,28.408249353252366,-14.116152212322516,22.616722321185208
1660857791.383698,LIDAR_ONLY,10.343948382141992,19.71850782027364,39.70892237288904,-0.06512850173808911,0.08199538746560786,0.2649881743792267,0.9585490608909286,,,,118,28.408249353252366,-14.116152212322516,22.616722321185208
1660857791.4842718,LIDAR_ONLY,10.349033544553917,19.71740102557351,39.71681563245956,-0.0645591967388949,0.08156919049468248,0.26510990452556676,0.9585902752484587,,,,143,28.3659277245731,-14.12286782991338,22.587065207057083
1660857791.5948963,LIDAR_ONLY,10.350142959896028,19.71745816129711,39.719086548940474,-0.06647931912869548,0.08158948622649,0.26530994301374944,0.9584019459514487,,,,143,28.361109531376087,-14.119199639408016,22.589258969762227
1660857791.6854281,LIDAR_ONLY,10.349795454816176,19.71749449196408,39.71831694700017,-0.06657875964290065,0.081258354048084,0.26544277865829924,0.9583863938516503,,,,148,28.361109531376087,-14.119199639408016,22.589258969762227
1660857791.787362,LIDAR_ONLY,10.353000489170222,19.719897192260042,39.717728310906026,-0.06612761364323476,0.0807489318141979,0.26510516712520954,0.958554119018969,,,,147,28.377503120937675,-14.112705371538038,22.599798634296942
1660857791.888661,LIDAR_ONLY,10.35394654745216,19.719821498687434,39.72042982365004,-0.06536677606518043,0.08087698842288793,0.26523820440204476,0.9585587056910327,,,,149,28.377503120937675,-14.112705371538038,22.599798634296942
1660857791.989392,LIDAR_ONLY,10.35164702670199,19.715472411657235,39.72519661331298,-0.06455356405659715,0.08066437797705368,0.26503502043246147,0.9586879228599527,,,,148,28.38076347088635,-14.111738058063764,22.60416292264485
1660857792.0842109,LIDAR_ONLY,10.351132463671933,19.712878256643194,39.72570866175004,-0.06357858273639441,0.0803051861505378,0.26493091697059257,0.958811999365715,,,,149,28.377395659029254,-14.111084342019874,22.59964539439176
1660857792.1948586,LIDAR_ONLY,10.350293360467617,19.712959708811226,39.72632836569717,-0.063134104670742,0.07954921356870569,0.26449109142229854,0.9590257921486083,,,,149,28.377395659029254,-14.111084342019874,22.59964539439176
1660857792.2954433,LIDAR_ONLY,10.351260774160885,19.71200156426307,39.72812189401888,-0.06369628119046435,0.07876291671542125,0.2644126966438823,0.9590751339527552,,,,150,28.37866334183789,-14.111901980258471,22.601952411269508
1660857792.3961897,LIDAR_ONLY,10.349843744984547,19.71153659787184,39.72578919250175,-0.06462322642581377,0.0788712097959145,0.26439913519126484,0.9590079604371167,,,,149,28.375790201773594,-14.111747321024659,22.602283333107525
1660857792.4967837,LIDAR_ONLY,10.347053183529294,19.711791231193672,39.72699119847865,-0.06357700527075578,0.07897450298196632,0.264509588350325,0.9590389303622119,,,,147,28.375790201773594,-14.111747321024659,22.602283333107525
1660857792.5981503,LIDAR_ONLY,10.345803615730087,19.711846830652473,39.72420438793299,-0.06492791292737869,0.07841792483922409,0.2646774174738327,0.9589477878728262,,,,149,28.37821432266871,-14.109422675796893,22.602601033727204
1660857792.6987407,LIDAR_ONLY,10.347609622833044,19.712534388925835,39.72239505601739,-0.06520466696516594,0.07798551808834009,0.264439070203674,0.9590300248293957,,,,150,28.37821432266871,-14.109422675796893,22.602601033727204
1660857792.7993364,LIDAR_ONLY,10.347354923041292,19.711727617449842,39.72096527237206,-0.067070793686156,0.07765309227203189,0.26458664320633146,0.9588875920209344,,,,150,28.377406245435644,-14.110304452799852,22.601276508252855
1660857792.8999426,LIDAR_ONLY,10.348103948582372,19.710126496889192,39.72452769924689,-0.06729193338204341,0.07779012150096279,0.2647527229288416,0.9588151481908993,,,,150,28.378035876861798,-14.110567567471128,22.597011762531075
1660857793.000515,LIDAR_ONLY,10.347880891000743,19.70965312021724,39.72506026876457,-0.067508721478662,0.07792860138105556,0.2646449611733631,0.958818413536504,,,,144,28.378035876861798,-14.110567567471128,22.597011762531075
1660857793.1011293,LIDAR_ONLY,10.348587859988598,19.710934993784146,39.72243096013552,-0.06808614880322977,0.07750535225047835,0.2645715510334284,0.9588321495952459,,,,148,28.378238587861055,-14.111820071915682,22.59599855800161
1660857793.203925,LIDAR_ONLY,10.348785044285288,19.709882781387712,39.72109471366569,-0.06746766773791364,0.07770888246241789,0.2645096970575778,0.9588764589658862,,,,147,28.381754124071033,-14.110220017939923,22.59751860001901
1660857793.3044999,LIDAR_ONLY,10.348421187255642,19.708947572915335,39.72247325178972,-0.0680198831698422,0.0781869092574688,0.2646971234497778,0.9587468568666802,,,,149,28.381754124071033,-14.110220017939923,22.59751860001901
1660857793.405102,LIDAR_ONLY,10.347343582703468,19.709597439466844,39.72064031655021,-0.07031256756881861,0.07710583009771695,0.26479420297260065,0.9586421980483268,,,,149,28.382381026066884,-14.109643077005652,22.596499088713124
1660857793.5056767,LIDAR_ONLY,10.34950792832848,19.710741161566332,39.72167173252342,-0.07062792621780711,0.07718467352913401,0.2652059528710666,0.9584988392127153,,,,150,28.382381026066884,-14.109643077005652,22.596499088713124
1660857793.6067438,LIDAR_ONLY,10.351342516262985,19.7104586042689,39.722318359058725,-0.07067682152478252,0.07731983044684762,0.2649557190078324,0.9585535445054008,,,,149,28.382582755181474,-14.108607126732466,22.596888471277616
1660857793.708062,LIDAR_ONLY,10.349171134387966,19.709194054995823,39.720906399315744,-0.07167369022523182,0.07752987432285456,0.2651939004621847,0.9583966798119831,,,,149,28.38233712725338,-14.1111015292475,22.598128824611127
1660857793.8086212,LIDAR_ONLY,10.344563960758249,19.70648800352614,39.72033406012734,-0.07269855459873892,0.07715719114818795,0.2652746949265063,0.9583272010357554,,,,149,28.38233712725338,-14.1111015292475,22.598128824611127
1660857793.9199214,LIDAR_ONLY,10.336920031342864,19.70050675545491,39.72490648397281,-0.07286035933433549,0.07704686119300376,0.2655776237862925,0.9582398838297246,,,,147,28.383134770254635,-14.11087662532318,22.598447700043764
1660857794.0104713,LIDAR_ONLY,10.338109973649097,19.69985665331719,39.72493905625695,-0.0714750212380621,0.07643641091909226,0.2653073369411468,0.958467951154353,,,,148,28.383134770254635,-14.11087662532318,22.598447700043764
1660857794.1211343,LIDAR_ONLY,10.334284076160078,19.69877104803989,39.72093886888307,-0.07257742834822987,0.07733996909832426,0.265291955738849,0.9583168705049936,,,,148,28.38317607308985,-14.111090437279755,22.599561600598552
1660857794.211667,LIDAR_ONLY,10.334937871418319,19.696928843009626,39.72290267628344,-0.07049563206290549,0.0774413861292603,0.2651553400762617,0.9585018743870418,,,,148,28.381361821766784,-14.113386717129238,22.596548661243165
1660857794.3123271,LIDAR_ONLY,10.331145651329976,19.695061591498465,39.725816998858924,-0.07008374283805581,0.07795134773006807,0.2652648555239885,0.9584604388292263,,,,146,28.381361821766784,-14.113386717129238,22.596548661243165
1660857794.4140205,LIDAR_ONLY,10.329760628251226,19.694024100063906,39.7281194590773,-0.06846041568590905,0.07782269297688521,0.2653406275946296,0.9585672387942465,,,,148,28.381716320526202,-14.111887191614883,22.59875163992182
1660857794.5145621,LIDAR_ONLY,10.327780011402508,19.69383942352283,39.727041500715025,-0.06648955573180589,0.07851773713661468,0.26519732895029857,0.9586889384211961,,,,147,28.381716320526202,-14.111887191614883,22.59875163992182
1660857794.6161234,LIDAR_ONLY,10.327115470727499,19.692944745436456,39.72834933552816,-0.06529142237269954,0.07917226157271383,0.26520905743505363,0.9587142113353812,,,,150,28.38611219791313,-14.111870808001983,22.599326487101543
1660857794.726788,LIDAR_ONLY,10.326103414586086,19.692349731387075,39.72986168968696,-0.06257184602656922,0.07689014783936128,0.26445207509669916,0.9592902424329762,,,,149,28.388462075391818,-14.111583016584053,22.602756680642084
1660857794.8173194,LIDAR_ONLY,10.31695580656542,19.688440009476782,39.73219398886291,-0.06368319597560075,0.07322572762667977,0.2638672430584365,0.9596647963766394,,,,140,28.388462075391818,-14.111583016584053,22.602756680642084
1660857794.9179175,LIDAR_ONLY,10.316630398187188,19.689440150067092,39.734342823592726,-0.06439930964933052,0.07270323442413738,0.26368081231747637,0.9597079752906893,,,,138,28.387871841809662,-14.112235418245042,22.600536089241597
1660857795.0286314,LIDAR_ONLY,10.315984656539912,19.688702586458703,39.736074002109746,-0.06348608094739523,0.07346471560662578,0.26391898982521284,0.9596453615249841,,,,147,28.387871841809662,-14.112235418245042,22.600536089241597
1660857795.1193876,LIDAR_ONLY,10.31605613806654,19.688888619126026,39.736409555034996,-0.0638276080923854,0.0736475357949484,0.2642118926279875,0.9595280885469031,,,,144,28.398840256696822,-14.098845896750502,22.614918349842448
1660857795.220002,LIDAR_ONLY,10.314932425412357,19.68807667667258,39.73611150341206,-0.06523534316505766,0.07333767321257899,0.26411625630689994,0.9594834750241038,,,,148,28.38529871683053,-14.108892516739184,22.60770832628898
1660857795.3205686,LIDAR_ONLY,10.317375131872888,19.68921854286445,39.737668546708086,-0.0639583376026018,0.07331507257458894,0.2637054656079949,0.9596841452232944,,,,148,28.38529871683053,-14.108892516739184,22.60770832628898
1660857795.4218922,LIDAR_ONLY,10.317653264373318,19.68825363929895,39.7407897708113,-0.06433150593810477,0.07324158994911606,0.26373556561851974,0.9596565418280337,,,,148,28.386777760443245,-14.11195442778066,22.603015850256313
1660857795.5327587,LIDAR_ONLY,10.317512085108438,19.6872284880907,39.740094324852784,-0.065209491283366,0.07254746418105232,0.26357540341685043,0.959694010818609,,,,147,28.386777760443245,-14.11195442778066,22.603015850256313
1660857795.6246386,LIDAR_ONLY,10.317192535027893,19.684760844306876,39.74372141505959,-0.06451709280819878,0.0734117620864054,0.2633213791759186,0.9597448146209697,,,,149,28.386328495843998,-14.109687602921678,22.602101575358226
1660857795.7252119,LIDAR_ONLY,10.316739021967015,19.685050667723495,39.74511179638068,-0.06323778539910356,0.07303647059337756,0.2633663251612288,0.9598462560390333,,,,150,28.386328495843998,-14.109687602921678,22.602101575358226
1660857795.8258283,LIDAR_ONLY,10.314787904979818,19.68419198978692,39.74486707065863,-0.06428770488388759,0.07286492017052394,0.26339521321339954,0.9597816189454627,,,,149,28.38147688924471,-14.110015640642905,22.602058267872756
1660857795.9282556,LIDAR_ONLY,10.31196162330586,19.681070922928846,39.7484810645361,-0.0620476750540239,0.07275766889392135,0.2632343627348628,0.9599812903974138,,,,149,28.38147688924471,-14.110015640642905,22.602058267872756
1660857796.0293412,LIDAR_ONLY,10.309175048703331,19.678929441784906,39.74757983374816,-0.06258492038555713,0.07310883764956565,0.2632260025194105,0.9599220266227432,,,,149,28.382543845839525,-14.110860046574913,22.602501034205968
1660857796.1299357,LIDAR_ONLY,10.307046962879799,19.677243324902197,39.75039772578848,-0.06265242907722925,0.07366289492056942,0.2637243034734271,0.9597384762528279,,,,149,28.381871648768833,-14.108852378136815,22.602034286264825
1660857796.2406116,LIDAR_ONLY,10.308451082275951,19.677150276684063,39.75080825050126,-0.06358800384244397,0.0729736758678092,0.26363105874808035,0.9597552152820215,,,,149,28.381871648768833,-14.108852378136815,22.602034286264825
1660857796.3311465,LIDAR_ONLY,10.307459997279002,19.677286140637424,39.748882253848834,-0.06426610085544705,0.07354242733569359,0.2640530170787449,0.9595506155664869,,,,150,28.383497730928777,-14.109310247723302,22.60062723390617
1660857796.4418015,LIDAR_ONLY,10.306246322264016,19.676615759830796,39.750100451616674,-0.06388019737232327,0.07428719604229433,0.2637246820608116,0.9596093084999596,,,,150,28.383497730928777,-14.109310247723302,22.60062723390617
1660857796.532554,LIDAR_ONLY,10.306370360607387,19.676508520382978,39.753405422877826,-0.062018050243112285,0.07409741873754855,0.2634579153025311,0.9598193897004372,,,,150,28.380911873438166,-14.110421063010198,22.60220209852337
1660857796.6333292,LIDAR_ONLY,10.30804839386909,19.67690159607642,39.752836560189195,-0.06253895769960159,0.07375114444677452,0.26349973316568176,0.9598007804144842,,,,150,28.380911873438166,-14.110421063010198,22.60220209852337
1660857796.7339244,LIDAR_ONLY,10.308190945424581,19.677811106937675,39.75221076816486,-0.06331753716451172,0.0735270388568703,0.2637498115121974,0.9596982343276669,,,,150,28.3819968266173,-14.110428110056203,22.601293499681642
1660857796.8445694,LIDAR_ONLY,10.309758976488666,19.678657912468637,39.74901449115123,-0.06320647320163994,0.07361617223053026,0.26343603773660024,0.9597849003569372,,,,150,28.3819968266173,-14.110428110056203,22.601293499681642
1660857796.935102,LIDAR_ONLY,10.308183944106066,19.67807099679064,39.74860742286801,-0.06280752199572974,0.07329601897090035,0.26318876738835195,0.9599034230089887,,,,150,28.386015856886797,-14.109709449565027,22.60177185903137
1660857797.0681973,LIDAR_ONLY,10.30594528789116,19.67671951222523,39.748336759911346,-0.06324026592689391,0.07318693241596047,0.263230646904071,0.9598718498942981,,,,150,28.38358227412518,-14.10974251400431,22.60200807801076
1660857797.1285255,LIDAR_ONLY,10.308552922826575,19.676405081007214,39.75125062074348,-0.061670454415992684,0.07363330924177874,0.2630215013128637,0.9599971774278073,,,,150,28.38358227412518,-14.10974251400431,22.60200807801076
1660857797.2392123,LIDAR_ONLY,10.308149235268004,19.67646190824699,39.74871562792484,-0.06218485283113874,0.07348679041083211,0.2630997766224309,0.9599537714154317,,,,149,28.384265246883263,-14.109564594989774,22.599218773770467
1660857797.3398616,LIDAR_ONLY,10.308466609863592,19.677043162439123,39.74952654418074,-0.061866074145656834,0.07330932106472016,0.2627851411764555,0.9600741127078182,,,,150,28.384265246883263,-14.109564594989774,22.599218773770467
1660857797.440554,LIDAR_ONLY,10.307678973541071,19.674853939588196,39.7494935911625,-0.06152021027034729,0.07326668195942253,0.2630022742201624,0.9600401349933094,,,,150,28.38362284994112,-14.108373029395404,22.60367833358412
1660857797.532119,LIDAR_ONLY,10.308626433301587,19.67619247316377,39.74759424979112,-0.06231741460103164,0.073028659911605,0.26294383603623217,0.9600228610608758,,,,149,28.38362284994112,-14.108373029395404,22.60367833358412
1660857797.6528194,LIDAR_ONLY,10.304840885769801,19.67562592189817,39.74565133791295,-0.0635149502896908,0.07309331086419912,0.2630705897675276,0.9599047264161027,,,,150,28.386077126858794,-14.107725724813292,22.60446636784167
1660857797.7433875,LIDAR_ONLY,10.303156696859364,19.675629870422853,39.74342397725823,-0.0645670647609017,0.07279655594861888,0.26262023870894086,0.9599803986595977,,,,149,28.386077126858794,-14.107725724813292,22.60446636784167
1660857797.8439844,LIDAR_ONLY,10.300864793816505,19.672895059899588,39.74142738172324,-0.064689658839718,0.07246161724354554,0.26246745150157286,0.9600392694926184,,,,149,28.383704678119802,-14.107204080481889,22.60483294391248
1660857797.9446142,LIDAR_ONLY,10.302539937392643,19.67310078168189,39.74257817575142,-0.064805858184285,0.07226648731229804,0.26233567490206916,0.960082157541851,,,,148,28.383704678119802,-14.107204080481889,22.60483294391248
1660857798.0552838,LIDAR_ONLY,10.299631045777375,19.670454220997353,39.74291656342932,-0.06463218982051147,0.07212123203728604,0.2625363701081736,0.9600499269823698,,,,147,28.383206987723685,-14.108849275059448,22.60326190958315
1660857798.1659648,LIDAR_ONLY,10.300907204772178,19.668592490117312,39.74452757729831,-0.06405816231051803,0.07201785265910149,0.26224140286633163,0.96017676881003,,,,150,28.383206987723685,-14.108849275059448,22.60326190958315
1660857798.2665517,LIDAR_ONLY,10.296646315363892,19.665819889119167,39.74448591483437,-0.06304104972752272,0.07211974051744711,0.26217706235623334,0.960254006527025,,,,147,28.383388396427332,-14.10993885657658,22.60351637565814
1660857798.3478284,LIDAR_ONLY,10.295036394937107,19.664491928892495,39.74455424680062,-0.06098390799522718,0.07264126111221285,0.26188052689874053,0.9604284459452953,,,,147,28.383388396427332,-14.10993885657658,22.60351637565814
1660857798.4597714,LIDAR_ONLY,10.292583008426059,19.664366295898233,39.74190859019037,-0.061354079785781605,0.07230008381297964,0.2620040802043535,0.9603969162437721,,,,147,28.379221712891386,-14.110404887750832,22.605565942760332
1660857798.5603926,LIDAR_ONLY,10.288972282029652,19.66281924323265,39.74098409264932,-0.06187812232833194,0.07273871183991114,0.26218000201120056,0.9602821587025333,,,,147,28.379221712891386,-14.110404887750832,22.605565942760332
1660857798.6622741,LIDAR_ONLY,10.289789726925303,19.663498872729665,39.74128766188419,-0.06285238235908157,0.07233230983455649,0.2621792808632326,0.9602497798343012,,,,147,28.379221712891386,-14.110404887750832,22.605565942760332
1660857798.7628448,LIDAR_ONLY,10.290493474704071,19.663032700905923,39.74266549582428,-0.06234649387218873,0.07230578710143809,0.2617673360939209,0.9603971311951005,,,,147,28.380453397577124,-14.108739106765176,22.605859755723028
1660857798.863459,LIDAR_ONLY,10.291880216537164,19.659481232733462,39.74567247327933,-0.06104552377095475,0.07224459553750705,0.26153912646325483,0.9605474729402965,,,,147,28.380453397577124,-14.108739106765176,22.605859755723028
1660857798.9640691,LIDAR_ONLY,10.293106721829457,19.661168684852413,39.747708337747625,-0.06055731611996488,0.07194623814087771,0.26146351154773184,0.9606213522563674,,,,149,28.38196681324428,-14.108558657793283,22.607849946884542
1660857799.0646155,LIDAR_ONLY,10.293147587254714,19.66031162039038,39.74609919629625,-0.06037847323534242,0.0721390277417449,0.2611274658864102,0.9607095540307624,,,,147,28.38196681324428,-14.108558657793283,22.607849946884542
1660857799.165211,LIDAR_ONLY,10.294737417214597,19.66108359783937,39.74613981058647,-0.061723554047191154,0.07224202615218106,0.26125619547791445,0.9605813306834653,,,,150,28.37967630682924,-14.10706830199139,22.60253145669207
1660857799.2659073,LIDAR_ONLY,10.289455319834314,19.65926254301174,39.74502536805419,-0.06229939621978981,0.07257023583668692,0.26155797204626485,0.9604372823668929,,,,150,28.37967630682924,-14.10706830199139,22.60253145669207
1660857799.366537,LIDAR_ONLY,10.288701105075132,19.657729288517864,39.74422764246634,-0.06302115228187188,0.0717291164658176,0.26173477334929435,0.9604052148108588,,,,150,28.37967630682924,-14.10706830199139,22.60253145669207
1660857799.4672124,LIDAR_ONLY,10.289974497016617,19.659490241138503,39.73836323442425,-0.06374807291910167,0.07199017718058255,0.26123445851058036,0.9604739222255299,,,,150,28.381245289215382,-14.107151602526386,22.604554941276017
1660857799.5980098,LIDAR_ONLY,10.289924542920295,19.66042093712125,39.740052915479176,-0.06380042541716584,0.07168948934400755,0.26148113304387804,0.9604258117607387,,,,150,28.381245289215382,-14.107151602526386,22.604554941276017
1660857799.6784697,LIDAR_ONLY,10.292499253065435,19.65959645703625,39.737537963883675,-0.06289026841272134,0.07147400739453345,0.26105699187236847,0.9606172637426896,,,,150,28.3832996986042,-14.109973497136837,22.60274002307358
1660857799.7690027,LIDAR_ONLY,10.29191509481148,19.66047274776977,39.73734904724823,-0.06289024354351541,0.07178864619075348,0.2612792214221187,0.960533380991097,,,,150,28.3832996986042,-14.109973497136837,22.60274002307358
1660857799.8897057,LIDAR_ONLY,10.29460670964646,19.657709236250003,39.74048513097048,-0.06120459127136349,0.07203557179098148,0.2610108681852261,0.9606967269087816,,,,149,28.38297610924471,-14.109467897480554,22.60163501447742
1660857799.9702795,LIDAR_ONLY,10.289674665314246,19.655514211414616,39.74002479696792,-0.06300471172952941,0.0725054978106432,0.2613831136242642,0.9604437656621,,,,150,28.38297610924471,-14.109467897480554,22.60163501447742
1660857800.0730698,LIDAR_ONLY,10.290613841473089,19.656645346671226,39.739007602443735,-0.06366046880760352,0.07163705844197224,0.2611593390392557,0.9605265619448308,,,,150,28.38297610924471,-14.109467897480554,22.60163501447742
1660857800.1736343,LIDAR_ONLY,10.293463659336888,19.654347963116916,39.74020753669168,-0.06188512035892063,0.0721547031784557,0.26090579915468726,0.9606727302546092,,,,149,28.383196232132587,-14.10937794198951,22.59839791744907
1660857800.2747886,LIDAR_ONLY,10.292111752728783,19.652665158874953,39.74249743496246,-0.06135575245515391,0.07313625279271166,0.26139053221460845,0.9605006766456057,,,,148,28.383196232132587,-14.10937794198951,22.59839791744907
1660857800.375585,LIDAR_ONLY,10.29350625653465,19.651791153280872,39.74146239940464,-0.060591646612708445,0.07287772623103361,0.26115119442908763,0.9606339276896356,,,,149,28.38199066656101,-14.10950701987478,22.602971696505527
1660857800.476214,LIDAR_ONLY,10.291095964749028,19.651450195045882,39.740462837409424,-0.0606006895911478,0.0732201108395167,0.260796386905068,0.9607037089378746,,,,149,28.38199066656101,-14.10950701987478,22.602971696505527
1660857800.5769808,LIDAR_ONLY,10.293620739164783,19.651449594400205,39.74476116954072,-0.059441035838370584,0.07334150737222768,0.2610998759027466,0.9606844650343845,,,,150,28.381698709771165,-14.10675172779191,22.600813306797885
1660857800.6775222,LIDAR_ONLY,10.296598895545085,19.65231141173044,39.74398324423687,-0.058328613213529695,0.07374505296765213,0.26109952058657854,0.9607218538124568,,,,148,28.381698709771165,-14.10675172779191,22.600813306797885
1660857800.7784576,LIDAR_ONLY,10.297188263008033,19.652351950520437,39.74591770918785,-0.05782163573002046,0.07420635253654642,0.26107821378626084,0.9607227706112218,,,,148,28.381698709771165,-14.10675172779191,22.600813306797885
1660857800.8790967,LIDAR_ONLY,10.29611975817908,19.65195841253968,39.74886187221084,-0.05779400692758289,0.0744560500633481,0.2612918160083382,0.9606470404156168,,,,148,28.38444101671626,-14.107878789526959,22.60184074556526
1660857800.9804819,LIDAR_ONLY,10.296598732903478,19.651273637035082,39.748240360940684,-0.05752843454065565,0.07408376175119431,0.2611322252664888,0.9607351541353452,,,,149,28.38444101671626,-14.107878789526959,22.60184074556526
1660857801.0826042,LIDAR_ONLY,10.297669696870605,19.650172437766187,39.7499575211032,-0.05630233086873508,0.07406569721777774,0.26077323724888163,0.9609066753692216,,,,149,28.38397791346331,-14.107520999528576,22.60078592252803
1660857801.1832244,LIDAR_ONLY,10.297545836990375,19.650101444151908,39.7497672770071,-0.05668899555248386,0.07406521802302819,0.26078657270091943,0.9608803592338434,,,,149,28.38397791346331,-14.107520999528576,22.60078592252803
1660857801.2939541,LIDAR_ONLY,10.295670052580306,19.64848156653239,39.747376150133086,-0.05808621655134986,0.0735759232733739,0.2606928425313195,0.9608599361062781,,,,149,28.38397791346331,-14.107520999528576,22.60078592252803
1660857801.3946118,LIDAR_ONLY,10.296392845146297,19.649073295440004,39.74809144616515,-0.05936381714506814,0.07363185906951845,0.26108675956209954,0.9606705941816351,,,,149,28.38397791346331,-14.107520999528576,22.60078592252803
1660857801.4852197,LIDAR_ONLY,10.296124400668022,19.64751695368387,39.74753784104784,-0.05968872511187759,0.07367506529331375,0.26101044445985844,0.960667886801371,,,,149,28.384437598155525,-14.10760065631459,22.601633788866035
1660857801.5861454,LIDAR_ONLY,10.292416857141834,19.647650127383024,39.7417856305524,-0.061895488971340534,0.07293459579393147,0.26082387017374514,0.9606354157165787,,,,150,28.384437598155525,-14.10760065631459,22.601633788866035
1660857801.6882179,LIDAR_ONLY,10.292513548780098,19.646325400758407,39.74632692577339,-0.06219497431717378,0.07272134445744463,0.2614784876558965,0.9604542632125557,,,,149,28.384437598155525,-14.10760065631459,22.601633788866035
1660857801.8193393,LIDAR_ONLY,10.292471840137694,19.649336494426233,39.740610966038524,-0.06279403100994305,0.07253628576403952,0.261692240399194,0.9603710575771901,,,,149,28.382473295233403,-14.108945372933206,22.599717100501497
1660857801.9006479,LIDAR_ONLY,10.287674729721584,19.646560298882672,39.740045550595916,-0.06194203378638762,0.07233445593256911,0.26151921384748184,0.9604887358652054,,,,150,28.382473295233403,-14.108945372933206,22.599717100501497
1660857801.9927726,LIDAR_ONLY,10.290506812935366,19.646290658303677,39.7439957992418,-0.061274767931592804,0.07221293914534233,0.26136091039592607,0.9605837645681575,,,,150,28.382473295233403,-14.108945372933206,22.599717100501497
1660857802.0934327,LIDAR_ONLY,10.291520186344746,19.642902002454164,39.74832083143091,-0.06057182610505,0.07280710990424379,0.2612559357784284,0.9606120521054422,,,,150,28.382473295233403,-14.108945372933206,22.599717100501497
1660857802.204165,LIDAR_ONLY,10.292176465965486,19.64266889108897,39.74824112417297,-0.06321881037115847,0.07178636911937654,0.2616604139777058,0.9604082085139255,,,,150,28.381394116234645,-14.109725474350425,22.600559198846305
1660857802.2947562,LIDAR_ONLY,10.292494139239498,19.64388895042982,39.74672213785214,-0.06256048783125279,0.07196370305683755,0.2613589267897709,0.9605201310706415,,,,150,28.381394116234645,-14.109725474350425,22.600559198846305
1660857802.39541,LIDAR_ONLY,10.292978635891082,19.642494815741532,39.750576731689556,-0.06030458376909873,0.07175838679142726,0.26127475628935276,0.9607026557824575,,,,149,28.381394116234645,-14.109725474350425,22.600559198846305
1660857802.4961293,LIDAR_ONLY,10.290978276919589,19.641624549001214,39.750557053178206,-0.06050996441950047,0.07189085928122582,0.26108274503698947,0.9607320379802623,,,,150,28.380012202061685,-14.10932509748104,22.601230490517192
1660857802.5968542,LIDAR_ONLY,10.29294981724245,19.643192396605674,39.75119874588473,-0.05967215165047195,0.07215904732216764,0.2610884222047659,0.960762791742887,,,,150,28.380012202061685,-14.10932509748104,22.601230490517192
1660857802.699355,LIDAR_ONLY,10.29280406743788,19.64263614280338,39.752516651888314,-0.05873288489345581,0.07219826971282635,0.2606596411797274,0.9609341338211594,,,,150,28.380012202061685,-14.10932509748104,22.601230490517192
1660857802.80003,LIDAR_ONLY,10.29545241246097,19.64239574342265,39.751619019179905,-0.05882100976048669,0.0721990102821151,0.2607123644737016,0.9609143847063439,,,,150,28.380012202061685,-14.10932509748104,22.601230490517192
1660857802.9008515,LIDAR_ONLY,10.295006586572097,19.641395451699253,39.75502670083716,-0.058508595101298355,0.07226569123202478,0.2606611595903513,0.9609423364859326,,,,150,28.381808123383045,-14.110341919882233,22.59953630989559
1660857803.0117607,LIDAR_ONLY,10.2935817703035,19.640371917227814,39.755911034058975,-0.05772966057494779,0.07257811816130559,0.2608865077699903,0.9609047471615715,,,,150,28.381808123383045,-14.110341919882233,22.59953630989559
1660857803.0947526,LIDAR_ONLY,10.291996785002132,19.639440798125175,39.75498113592571,-0.0576767785553487,0.07235714203381242,0.2605685137285176,0.9610108651131304,,,,150,28.381808123383045,-14.110341919882233,22.59953630989559
1660857803.2166238,LIDAR_ONLY,10.291615442491343,19.639142022374333,39.75477789797973,-0.05701546892129621,0.07201673072169605,0.26050157218536146,0.9610940420628974,,,,150,28.38288574658981,-14.107818218065983,22.601689756915633
1660857803.2971098,LIDAR_ONLY,10.289658525502803,19.638150635732032,39.75317692275664,-0.05752185547385976,0.07206131707820815,0.26053904305339004,0.9610503679665402,,,,150,28.38288574658981,-14.107818218065983,22.601689756915633
1660857803.3983448,LIDAR_ONLY,10.290190550927326,19.637786367765894,39.75320611921564,-0.05825484297655457,0.07204745774193401,0.2602111098999561,0.9610961010155719,,,,150,28.38288574658981,-14.107818218065983,22.601689756915633
1660857803.4997194,LIDAR_ONLY,10.288099516591894,19.636006903690554,39.753843533681795,-0.05854481656374518,0.07204258034589321,0.2606044857609756,0.9609722540593357,,,,150,28.385866184801724,-14.108663574634356,22.603154052197556
1660857803.6003435,LIDAR_ONLY,10.283248125736677,19.633930067168073,39.753295825877,-0.05831320824120482,0.07211780310392979,0.2599966408074894,0.9611453266748491,,,,150,28.385866184801724,-14.108663574634356,22.603154052197556
1660857803.7020545,LIDAR_ONLY,10.281685573386627,19.633129380639478,39.75310388630365,-0.05968779893129468,0.07197733789464927,0.2604931220253422,0.9609370233609625,,,,150,28.38389147219864,-14.11058313285514,22.602880210088035
1660857803.8026493,LIDAR_ONLY,10.278070552560209,19.630411145154063,39.75203253440522,-0.05970475485364084,0.07196568720747848,0.26046176922285075,0.9609453412582448,,,,149,28.38389147219864,-14.11058313285514,22.602880210088035
1660857803.9037411,LIDAR_ONLY,10.277987976589486,19.630708658189352,39.751192892583234,-0.06003568315761706,0.07210793253567199,0.2601193181556235,0.9610068174240404,,,,150,28.383849150097454,-14.110910772046175,22.599969830120948
1660857804.0051253,LIDAR_ONLY,10.279083598922218,19.63015215138328,39.750479981969406,-0.060693852425719445,0.07244852596187006,0.2606075635486747,0.9608075588716509,,,,150,28.383849150097454,-14.110910772046175,22.599969830120948
1660857804.1057131,LIDAR_ONLY,10.279875645109339,19.630261263306345,39.751129735739376,-0.061672814010454886,0.07285317820408842,0.26067537533645674,0.960696220004426,,,,150,28.383849150097454,-14.110910772046175,22.599969830120948
1660857804.2062712,LIDAR_ONLY,10.278925112039424,19.63016462583377,39.749104454886805,-0.06204854728149909,0.07239311683721218,0.2607603976708481,0.9606837301741873,,,,150,28.38434807017599,-14.11029319321116,22.602291434623904
1660857804.3075204,LIDAR_ONLY,10.276941157758394,19.62800240723415,39.74829522910455,-0.06105253392901852,0.07282409287945489,0.26069133062287114,0.9607337142700924,,,,150,28.38434807017599,-14.11029319321116,22.602291434623904
1660857804.4081404,LIDAR_ONLY,10.276583836654645,19.628311679676244,39.74838916767115,-0.06135834751430939,0.07335779826593303,0.26111851981325074,0.9605576012058958,,,,150,28.38543203776231,-14.109564397603435,22.602441668867026
1660857804.508764,LIDAR_ONLY,10.278296835113148,19.62803479227111,39.75100300272006,-0.06131649206885173,0.07316756533629382,0.2611337765618186,0.960570635571217,,,,150,28.38543203776231,-14.109564397603435,22.602441668867026
1660857804.6396062,LIDAR_ONLY,10.28053206037485,19.62737269117166,39.75307848481747,-0.06305659981106404,0.07277134245321137,0.26106787068689696,0.9605059936475329,,,,149,28.38543203776231,-14.109564397603435,22.602441668867026
1660857804.7100475,LIDAR_ONLY,10.281766560686485,19.627381365358357,39.752917392431286,-0.06170239359113743,0.07274992257909195,0.26100051420504844,0.9606138636177186,,,,150,28.383453236524183,-14.11023630216788,22.604582400054536
1660857804.810725,LIDAR_ONLY,10.281217887321532,19.627439907682106,39.75555235802564,-0.060901676313897694,0.0733937570523626,0.26095471078222116,0.9606284303353007,,,,150,28.383453236524183,-14.11023630216788,22.604582400054536
1660857804.932341,LIDAR_ONLY,10.280378730736377,19.62561142169528,39.75819552317198,-0.06057854179398421,0.07351649426956075,0.26086105064040876,0.9606649143188328,,,,149,28.385178280400797,-14.108842086180937,22.60609730009345
1660857805.012828,LIDAR_ONLY,10.28099256582076,19.62476298035062,39.760900780554174,-0.05955130945045181,0.07360546775542309,0.260894418536618,0.9607132657748003,,,,150,28.385178280400797,-14.108842086180937,22.60609730009345
1660857805.1135173,LIDAR_ONLY,10.28144752472037,19.62416282207224,39.76313311755693,-0.05978070759484808,0.07408829510527802,0.26099685578357773,0.9606340785121767,,,,150,28.385178280400797,-14.108842086180937,22.60609730009345
1660857805.2145755,LIDAR_ONLY,10.283137563489335,19.62433613718112,39.75944352309869,-0.05928799332291933,0.0735105929278328,0.2610760919579429,0.96068746259286,,,,150,28.38465149704178,-14.108876919289298,22.602284663312822
1660857805.317351,LIDAR_ONLY,10.281851810615327,19.62317574115789,39.76239579412213,-0.05907197577601002,0.07389285781775588,0.26127269274505305,0.9606179923711572,,,,150,28.38465149704178,-14.108876919289298,22.602284663312822
1660857805.4179657,LIDAR_ONLY,10.280983994942236,19.621993180120587,39.7637680196637,-0.05897747510167333,0.07410591373256754,0.2612181989060859,0.9606222064582691,,,,150,28.386964180415408,-14.10957205948705,22.604355410042306
1660857805.518574,LIDAR_ONLY,10.278790149594164,19.62053140998546,39.763867133699165,-0.058041281059729694,0.0736517685721354,0.26078782677806495,0.9608310653197658,,,,150,28.386964180415408,-14.10957205948705,22.604355410042306
1660857805.6192114,LIDAR_ONLY,10.278544602658096,19.61958079509026,39.766763598923426,-0.05764291410954418,0.07371196591250337,0.2608576956574292,0.9608314644882159,,,,150,28.386964180415408,-14.10957205948705,22.604355410042306
1660857805.7198348,LIDAR_ONLY,10.277249566608491,19.617265899116667,39.76900257493539,-0.05637280107910325,0.07288167488704352,0.26042400721038134,0.9610877718671913,,,,150,28.388440001101323,-14.108817326867957,22.603481620781622
1660857805.8203962,LIDAR_ONLY,10.27459177641818,19.61512070359219,39.76988149562477,-0.05576781617167931,0.07331548971535118,0.26005121974675544,0.961191007425405,,,,150,28.388440001101323,-14.108817326867957,22.603481620781622
1660857805.9222872,LIDAR_ONLY,10.278320515126644,19.614251700870962,39.76894876507894,-0.05635135672705723,0.07352798453809667,0.2601131399080746,0.9611239849946249,,,,150,28.387816971252374,-14.108952134097729,22.60517500044658
1660857806.023738,LIDAR_ONLY,10.276772287230441,19.611334832263886,39.77130093557727,-0.056559686346158725,0.07396950398582283,0.26049729646660974,0.9609738148847256,,,,150,28.387816971252374,-14.108952134097729,22.60517500044658
1660857806.1142273,LIDAR_ONLY,10.276739742955435,19.610978381870744,39.77141118888976,-0.05558246332517706,0.07441612914415477,0.26020381316432584,0.9610758581447411,,,,150,28.386553910535728,-14.10774477936157,22.600476136072466
1660857806.2148168,LIDAR_ONLY,10.276849532094097,19.609941535334684,39.77190936986677,-0.05423909655251575,0.07452902600178284,0.26029545695301404,0.9611190455807304,,,,150,28.386553910535728,-14.10774477936157,22.600476136072466
1660857806.325513,LIDAR_ONLY,10.273246040289488,19.607650661552768,39.77402435516185,-0.05435177994765992,0.0747040635682757,0.26024991618329,0.9611114233165158,,,,150,28.385368650943388,-14.10693611401045,22.60226849967669
1660857806.4160159,LIDAR_ONLY,10.271747615645374,19.607204554888405,39.7726630024142,-0.05553590020542603,0.07454864998957753,0.26025172147802533,0.9610553074827842,,,,150,28.385368650943388,-14.10693611401045,22.60226849967669
1660857806.5175567,LIDAR_ONLY,10.273104078418681,19.6058809562543,39.77283216458627,-0.055557854273881414,0.07408225496501804,0.2601419081094058,0.9611198322649356,,,,150,28.383225004462613,-14.108359236691069,22.604166135372694
1660857806.6183314,LIDAR_ONLY,10.273956093384651,19.606460907548886,39.77284760914098,-0.05545793065084423,0.07399254106531858,0.2597078172499021,0.9612499006262185,,,,150,28.383225004462613,-14.108359236691069,22.604166135372694
1660857806.7189465,LIDAR_ONLY,10.273649789328422,19.606206532088343,39.773273279678115,-0.054890080252281905,0.07326090486886298,0.2591978228054103,0.9614761606824315,,,,150,28.384366832358307,-14.108562834711684,22.602206801762158
1660857806.8195326,LIDAR_ONLY,10.273536554261135,19.605293183081358,39.7737383302837,-0.055279090693656656,0.07292226674487347,0.259171295281291,0.9614867679001567,,,,150,28.383856725245924,-14.108477670522014,22.599764621506612
1660857806.9302669,LIDAR_ONLY,10.275222977065358,19.605980484555346,39.77440230046214,-0.05532523625482767,0.07280643651641207,0.2590741237021486,0.961519079094686,,,,150,28.383856725245924,-14.108477670522014,22.599764621506612
1660857807.021897,LIDAR_ONLY,10.2727211034969,19.604210476823877,39.7732910277528,-0.054937366440769395,0.07297494387531586,0.2586346263877779,0.961646854811163,,,,150,28.38345340823162,-14.109464757937623,22.59822129706492
1660857807.1224546,LIDAR_ONLY,10.275485972535305,19.6022097828065,39.77547567269709,-0.054059215126430006,0.07353872622358432,0.25907007058744586,0.9615364556433329,,,,150,28.38345340823162,-14.109464757937623,22.59822129706492
1660857807.2141573,LIDAR_ONLY,10.271129880905118,19.601908896928336,39.77507925877435,-0.05456991862074067,0.07367691076577551,0.25869292011362005,0.9615985700305643,,,,150,28.386448801946415,-14.107834211336488,22.60021252531284
1660857807.3248003,LIDAR_ONLY,10.272012862912906,19.601789844154634,39.771885093842336,-0.05573872134439554,0.07353135384176235,0.2591518112213543,0.9614190936765199,,,,150,28.386448801946415,-14.107834211336488,22.60021252531284
1660857807.4253857,LIDAR_ONLY,10.26866923884139,19.601990469853327,39.77191071127941,-0.057914930346888854,0.0734368726458249,0.2593050641308744,0.9612563499374135,,,,150,28.385433525629175,-14.107685729577074,22.601305425615376
1660857807.5272095,LIDAR_ONLY,10.266521205770045,19.601886323364923,39.76642243291908,-0.05906478461888933,0.07305554605501956,0.25953313620791013,0.9611538844631559,,,,150,28.385433525629175,-14.107685729577074,22.601305425615376
1660857807.6278982,LIDAR_ONLY,10.264991854494912,19.598433457810557,39.771375439541295,-0.056666130430545636,0.0733769695990976,0.25921697723308296,0.9613591049699509,,,,150,28.386912480816115,-14.109002330539836,22.603451946588905
1660857807.718406,LIDAR_ONLY,10.26960445542429,19.601239834438978,39.76899462080166,-0.055235456231038135,0.07333778237073252,0.2592893581825501,0.9614258384218585,,,,150,28.386912480816115,-14.109002330539836,22.603451946588905
1660857807.8296838,LIDAR_ONLY,10.26708452923574,19.600182283073583,39.76543528747248,-0.05560967273809053,0.07335021888493551,0.25911417064985365,0.9614505480033454,,,,150,28.383502476303384,-14.108116856797098,22.600929570281895
1660857807.921885,LIDAR_ONLY,10.26532979579963,19.5984058731152,39.764025850016985,-0.056195492187085444,0.07316350313154692,0.2591835221219262,0.9614120190261012,,,,150,28.38354372273938,-14.108547189384671,22.599671054315383
1660857808.0234318,LIDAR_ONLY,10.263339767598895,19.597778584981423,39.76235677708402,-0.05569907244823245,0.0732391741153584,0.2592650327666877,0.9614131679396717,,,,150,28.38354372273938,-14.108547189384671,22.599671054315383
1660857808.1342773,LIDAR_ONLY,10.263567602199274,19.596969756717648,39.7625027139122,-0.055796488137293,0.07379513988116354,0.25934407676680304,0.9613436841668223,,,,149,28.381115394563707,-14.107872626675913,22.60013863813688
1660857808.2449315,LIDAR_ONLY,10.262089203307017,19.596611918628636,39.761928719727564,-0.05576171666360928,0.07378096937515422,0.25952988136983074,0.9612966452604271,,,,150,28.381115394563707,-14.107872626675913,22.60013863813688
1660857808.3358612,LIDAR_ONLY,10.263250210197326,19.59535877820253,39.761098924532355,-0.05631445912572384,0.07353868442308538,0.2592765958131684,0.9613513355949707,,,,150,28.382216864453316,-14.108755536755853,22.600668634664586
1660857808.4263299,LIDAR_ONLY,10.261056446931578,19.59536983582446,39.760375860841314,-0.057720425841019225,0.07332737982609633,0.25947903825094987,0.9612294609077132,,,,150,28.382216864453316,-14.108755536755853,22.600668634664586
1660857808.5571127,LIDAR_ONLY,10.261197590306523,19.595120288876377,39.759186527537366,-0.05909992570486778,0.07266451388890785,0.25923828412003547,0.9612609319271578,,,,150,28.382407633977113,-14.109658530970213,22.6019557246166
1660857808.64759,LIDAR_ONLY,10.26238141629543,19.5944363779056,39.758898552603604,-0.057886250997770276,0.07272590793585147,0.25889343556019667,0.9614230667527004,,,,150,28.382407633977113,-14.109658530970213,22.6019557246166
1660857808.748182,LIDAR_ONLY,10.259005966860336,19.59439407695611,39.75642885039972,-0.05868893688260432,0.07274590602678634,0.25917666416678503,0.9612965716132088,,,,150,28.383923726170828,-14.110012487736904,22.598655930577834
1660857808.8487542,LIDAR_ONLY,10.262124121092542,19.594249431554154,39.75694271839527,-0.05793402574668089,0.07282721157994602,0.25917337268937424,0.9613370942614705,,,,150,28.386094173151946,-14.110576803691755,22.59957037347294
1660857808.9298472,LIDAR_ONLY,10.263770262827585,19.590323003501556,39.76146804717867,-0.05721687728934467,0.0731536708123797,0.25861961160459174,0.9615043764296761,,,,150,28.386094173151946,-14.110576803691755,22.59957037347294
1660857809.0305119,LIDAR_ONLY,10.264535505998671,19.591698779157987,39.76194886508272,-0.05686786849907185,0.07310837508258688,0.2587005141524415,0.9615067628479889,,,,150,28.38374049038543,-14.11190185527702,22.596210112798545
1660857809.1310914,LIDAR_ONLY,10.264264749498805,19.590761321715686,39.764896841755075,-0.05536619153697864,0.07352982463931285,0.2585298915244627,0.9616081555974616,,,,150,28.38374049038543,-14.11190185527702,22.596210112798545
1660857809.2319562,LIDAR_ONLY,10.264124767689394,19.591610787092144,39.759069179245344,-0.05674629127736901,0.07351355660159355,0.2588988913488905,0.9614296539426916,,,,150,28.384438938082436,-14.111495074191858,22.597674015011734
1660857809.3427267,LIDAR_ONLY,10.260867468660182,19.591468028996662,39.755594561054906,-0.05760344919555804,0.07296640054120125,0.2583983243100886,0.9615550182005054,,,,150,28.38466560273168,-14.110882230942105,22.599703707701206
1660857809.433207,LIDAR_ONLY,10.262818935439366,19.592042783138318,39.75614754786962,-0.0564492553337237,0.07284626511223757,0.2581436989811972,0.9617009586705063,,,,150,28.38466560273168,-14.110882230942105,22.599703707701206
1660857809.5438397,LIDAR_ONLY,10.261172671853709,19.590667610826515,39.75694481681345,-0.05617618768232866,0.07250109996788875,0.2579134586994963,0.9618048004988276,,,,150,28.387333477535787,-14.111553962140166,22.599760176813025
1660857809.6649978,LIDAR_ONLY,10.260968843381871,19.591676539218277,39.75365524673164,-0.05639453188140044,0.07231864313930911,0.2579776638558123,0.9617885399503702,,,,149,28.386279754970545,-14.109592022317521,22.597508811320534
1660857809.7454197,LIDAR_ONLY,10.26093407487932,19.590549745906312,39.75355543286534,-0.05564366679747222,0.07188633614505381,0.2578322801513985,0.9619036606297448,,,,150,28.386279754970545,-14.109592022317521,22.597508811320534
1660857809.8460562,LIDAR_ONLY,10.257733108386885,19.58742209175882,39.75473671590357,-0.05569809579220842,0.07219843666691314,0.2578101267613707,0.9618830731472832,,,,150,28.38296326509646,-14.109272309773205,22.596624006683268
1660857809.958528,LIDAR_ONLY,10.258253635190858,19.588014308512236,39.755945487066505,-0.05562096954286499,0.07240801406211185,0.25814111569972364,0.9617830065206989,,,,150,28.38296326509646,-14.109272309773205,22.596624006683268
